row,year,value,measure
A/C International,FY1997,5210,business_income_taxes
A/C International,FY1997,1472,employment_taxes
A/C International,FY1997,406,estate_tax
A/C International,FY1997,194,excise_taxes
A/C International,FY1997,13,gift_tax
A/C International,FY1997,81823,total_refunds
Aberdeen,FY1995,4390,business_income_taxes
Aberdeen,FY1996,3344,business_income_taxes
Aberdeen,FY1995,6866,employment_taxes
Aberdeen,FY1996,6345,employment_taxes
Aberdeen,FY1995,27,estate_tax
Aberdeen,FY1996,22,estate_tax
Aberdeen,FY1995,389,excise_taxes
Aberdeen,FY1996,440,excise_taxes
Aberdeen,FY1995,7,gift_tax
Aberdeen,FY1996,3,gift_tax
Aberdeen,FY1995,245564,total_refunds
Aberdeen,FY1996,226669,total_refunds
Advance earned income tax credit,FY1995,0,business_income_taxes
Advance earned income tax credit,FY1996,0,business_income_taxes
Advance earned income tax credit,FY1997,0,business_income_taxes
Advance earned income tax credit,FY1998,0,business_income_taxes
Advance earned income tax credit,FY1999,0,business_income_taxes
Advance earned income tax credit,FY2000,0,business_income_taxes
Advance earned income tax credit,FY2001,0,business_income_taxes
Advance earned income tax credit,FY1995,0,employment_taxes
Advance earned income tax credit,FY1996,0,employment_taxes
Advance earned income tax credit,FY1997,0,employment_taxes
Advance earned income tax credit,FY1998,0,employment_taxes
Advance earned income tax credit,FY1999,0,employment_taxes
Advance earned income tax credit,FY2000,0,employment_taxes
Advance earned income tax credit,FY2001,0,employment_taxes
Advance earned income tax credit,FY1995,0,estate_tax
Advance earned income tax credit,FY1996,0,estate_tax
Advance earned income tax credit,FY1997,0,estate_tax
Advance earned income tax credit,FY1998,0,estate_tax
Advance earned income tax credit,FY1999,0,estate_tax
Advance earned income tax credit,FY2000,0,estate_tax
Advance earned income tax credit,FY2001,0,estate_tax
Advance earned income tax credit,FY1995,0,excise_taxes
Advance earned income tax credit,FY1996,0,excise_taxes
Advance earned income tax credit,FY1997,0,excise_taxes
Advance earned income tax credit,FY1998,0,excise_taxes
Advance earned income tax credit,FY1999,0,excise_taxes
Advance earned income tax credit,FY2000,0,excise_taxes
Advance earned income tax credit,FY2001,0,excise_taxes
Advance earned income tax credit,FY1995,0,gift_tax
Advance earned income tax credit,FY1996,0,gift_tax
Advance earned income tax credit,FY1997,0,gift_tax
Advance earned income tax credit,FY1998,0,gift_tax
Advance earned income tax credit,FY1999,0,gift_tax
Advance earned income tax credit,FY2000,0,gift_tax
Advance earned income tax credit,FY2001,0,gift_tax
Advance earned income tax credit,FY1995,202952,total_refunds
Advance earned income tax credit,FY1996,181118,total_refunds
Advance earned income tax credit,FY1997,-27,total_refunds
Advance earned income tax credit,FY1998,0,total_refunds
Advance earned income tax credit,FY1999,133859,total_refunds
Alabama,FY1998,5257,business_income_taxes
Alabama,FY1999,4864,business_income_taxes
Alabama,FY2000,4698,business_income_taxes
Alabama,FY2001,4466,business_income_taxes
Alabama,FY2002,5006,business_income_taxes
Alabama,FY2003,5114,business_income_taxes
Alabama,FY2004,4248,business_income_taxes
Alabama,FY2005,4316,business_income_taxes
Alabama,FY2006,4652,business_income_taxes
Alabama,FY2007,8725,business_income_taxes
Alabama,FY2008,6313,business_income_taxes
Alabama,FY2009,5908,business_income_taxes
Alabama,FY2010,6294,business_income_taxes
Alabama,FY2011,5474,business_income_taxes
Alabama,FY2012,4651,business_income_taxes
Alabama,FY2013,3941,business_income_taxes
Alabama,FY2014,3758,business_income_taxes
Alabama,FY2015,3647,business_income_taxes
Alabama,FY2016,3439,business_income_taxes
Alabama,FY2017,3209,business_income_taxes
Alabama,FY2018,3191,business_income_taxes
Alabama,FY2019,2734,business_income_taxes
Alabama,FY2020,2296,business_income_taxes
Alabama,FY2021,3603,business_income_taxes
Alabama,FY2022,5580,business_income_taxes
Alabama,FY2023,3097,business_income_taxes
Alabama,FY2024,3012,business_income_taxes
Alabama,FY2025,3188,business_income_taxes
Alabama,FY1998,29362,employment_taxes
Alabama,FY1999,28412,employment_taxes
Alabama,FY2000,27531,employment_taxes
Alabama,FY2001,25429,employment_taxes
Alabama,FY2002,27239,employment_taxes
Alabama,FY2003,25931,employment_taxes
Alabama,FY2004,25513,employment_taxes
Alabama,FY2005,31330,employment_taxes
Alabama,FY2006,32722,employment_taxes
Alabama,FY2007,32886,employment_taxes
Alabama,FY2008,32435,employment_taxes
Alabama,FY2009,28851,employment_taxes
Alabama,FY2010,25424,employment_taxes
Alabama,FY2011,31100,employment_taxes
Alabama,FY2012,28309,employment_taxes
Alabama,FY2013,24909,employment_taxes
Alabama,FY2014,20275,employment_taxes
Alabama,FY2015,19215,employment_taxes
Alabama,FY2016,18258,employment_taxes
Alabama,FY2017,18080,employment_taxes
Alabama,FY2018,16941,employment_taxes
Alabama,FY2019,17310,employment_taxes
Alabama,FY2020,15376,employment_taxes
Alabama,FY2021,28069,employment_taxes
Alabama,FY2022,34368,employment_taxes
Alabama,FY2023,42260,employment_taxes
Alabama,FY2024,18178,employment_taxes
Alabama,FY2025,33796,employment_taxes
Alabama,FY2009,6622,estate_and_trust_income_tax
Alabama,FY2010,3163,estate_and_trust_income_tax
Alabama,FY2011,2102,estate_and_trust_income_tax
Alabama,FY2012,1981,estate_and_trust_income_tax
Alabama,FY2013,1900,estate_and_trust_income_tax
Alabama,FY2014,2469,estate_and_trust_income_tax
Alabama,FY2015,2630,estate_and_trust_income_tax
Alabama,FY2016,3211,estate_and_trust_income_tax
Alabama,FY2017,3353,estate_and_trust_income_tax
Alabama,FY2018,2076,estate_and_trust_income_tax
Alabama,FY2019,3702,estate_and_trust_income_tax
Alabama,FY2020,3357,estate_and_trust_income_tax
Alabama,FY2021,4670,estate_and_trust_income_tax
Alabama,FY2022,3467,estate_and_trust_income_tax
Alabama,FY2023,5390,estate_and_trust_income_tax
Alabama,FY2024,4021,estate_and_trust_income_tax
Alabama,FY2025,4330,estate_and_trust_income_tax
Alabama,FY1998,122,estate_tax
Alabama,FY1999,181,estate_tax
Alabama,FY2000,162,estate_tax
Alabama,FY2001,162,estate_tax
Alabama,FY2002,193,estate_tax
Alabama,FY2003,157,estate_tax
Alabama,FY2004,118,estate_tax
Alabama,FY2005,118,estate_tax
Alabama,FY2006,111,estate_tax
Alabama,FY2007,130,estate_tax
Alabama,FY2008,99,estate_tax
Alabama,FY2009,118,estate_tax
Alabama,FY2010,95,estate_tax
Alabama,FY2011,53,estate_tax
Alabama,FY2012,38,estate_tax
Alabama,FY2013,38,estate_tax
Alabama,FY2014,33,estate_tax
Alabama,FY2015,36,estate_tax
Alabama,FY2016,40,estate_tax
Alabama,FY2017,37,estate_tax
Alabama,FY2019,19,estate_tax
Alabama,FY2020,20,estate_tax
Alabama,FY2023,27,estate_tax
Alabama,FY2024,28,estate_tax
Alabama,FY2025,25,estate_tax
Alabama,FY1998,152,excise_taxes
Alabama,FY1999,839,excise_taxes
Alabama,FY2000,1041,excise_taxes
Alabama,FY2001,999,excise_taxes
Alabama,FY2002,1070,excise_taxes
Alabama,FY2003,961,excise_taxes
Alabama,FY2004,965,excise_taxes
Alabama,FY2005,1706,excise_taxes
Alabama,FY2006,1684,excise_taxes
Alabama,FY2007,1986,excise_taxes
Alabama,FY2008,1348,excise_taxes
Alabama,FY2009,1381,excise_taxes
Alabama,FY2010,1491,excise_taxes
Alabama,FY2011,1474,excise_taxes
Alabama,FY2012,1190,excise_taxes
Alabama,FY2013,1194,excise_taxes
Alabama,FY2014,1144,excise_taxes
Alabama,FY2015,1245,excise_taxes
Alabama,FY2016,1258,excise_taxes
Alabama,FY2017,1334,excise_taxes
Alabama,FY2018,1289,excise_taxes
Alabama,FY2019,1612,excise_taxes
Alabama,FY2020,1221,excise_taxes
Alabama,FY2021,1799,excise_taxes
Alabama,FY2022,1591,excise_taxes
Alabama,FY2023,1680,excise_taxes
Alabama,FY2024,1718,excise_taxes
Alabama,FY2025,1654,excise_taxes
Alabama,FY1998,42,gift_tax
Alabama,FY1999,35,gift_tax
Alabama,FY2000,46,gift_tax
Alabama,FY2001,34,gift_tax
Alabama,FY2002,37,gift_tax
Alabama,FY2003,16,gift_tax
Alabama,FY2004,29,gift_tax
Alabama,FY2005,22,gift_tax
Alabama,FY2006,24,gift_tax
Alabama,FY2007,19,gift_tax
Alabama,FY2008,55,gift_tax
Alabama,FY2009,43,gift_tax
Alabama,FY2010,46,gift_tax
Alabama,FY2011,35,gift_tax
Alabama,FY2012,27,gift_tax
Alabama,FY2013,17,gift_tax
Alabama,FY2014,25,gift_tax
Alabama,FY2015,28,gift_tax
Alabama,FY2016,14,gift_tax
Alabama,FY2017,13,gift_tax
Alabama,FY2019,14,gift_tax
Alabama,FY2020,3,gift_tax
Alabama,FY2023,12,gift_tax
Alabama,FY2024,12,gift_tax
Alabama,FY2025,15,gift_tax
Alabama,FY1998,1042776,total_refunds
Alabama,FY1999,1525672,total_refunds
Alabama,FY2000,1534006,total_refunds
Alabama,FY2001,2561119,total_refunds
Alabama,FY2002,1735029,total_refunds
Alabama,FY2003,1944146,total_refunds
Alabama,FY2004,1586943,total_refunds
Alabama,FY2005,1618834,total_refunds
Alabama,FY2006,1656941,total_refunds
Alabama,FY2007,1756237,total_refunds
Alabama,FY2008,3671822,total_refunds
Alabama,FY2009,1871289,total_refunds
Alabama,FY2010,1798923,total_refunds
Alabama,FY2011,1817334,total_refunds
Alabama,FY2012,1804690,total_refunds
Alabama,FY2013,1754192,total_refunds
Alabama,FY2014,1702744,total_refunds
Alabama,FY2015,1688888,total_refunds
Alabama,FY2016,1708165,total_refunds
Alabama,FY2017,1676151,total_refunds
Alabama,FY2018,1664884,total_refunds
Alabama,FY2019,1663883,total_refunds
Alabama,FY2020,4486177,total_refunds
Alabama,FY2021,9123785,total_refunds
Alabama,FY2022,3530233,total_refunds
Alabama,FY2023,1706757,total_refunds
Alabama,FY2024,1600323,total_refunds
Alabama,FY2025,1655615,total_refunds
Alaska,FY1998,1105,business_income_taxes
Alaska,FY1999,1060,business_income_taxes
Alaska,FY2000,1048,business_income_taxes
Alaska,FY2001,947,business_income_taxes
Alaska,FY2002,955,business_income_taxes
Alaska,FY2003,1093,business_income_taxes
Alaska,FY2004,1052,business_income_taxes
Alaska,FY2005,882,business_income_taxes
Alaska,FY2006,924,business_income_taxes
Alaska,FY2007,1529,business_income_taxes
Alaska,FY2008,1196,business_income_taxes
Alaska,FY2009,1104,business_income_taxes
Alaska,FY2010,1284,business_income_taxes
Alaska,FY2011,1141,business_income_taxes
Alaska,FY2012,1008,business_income_taxes
Alaska,FY2013,953,business_income_taxes
Alaska,FY2014,821,business_income_taxes
Alaska,FY2015,855,business_income_taxes
Alaska,FY2016,860,business_income_taxes
Alaska,FY2017,780,business_income_taxes
Alaska,FY2018,756,business_income_taxes
Alaska,FY2019,655,business_income_taxes
Alaska,FY2020,598,business_income_taxes
Alaska,FY2021,827,business_income_taxes
Alaska,FY2022,1479,business_income_taxes
Alaska,FY2023,779,business_income_taxes
Alaska,FY2024,763,business_income_taxes
Alaska,FY2025,795,business_income_taxes
Alaska,FY1998,6203,employment_taxes
Alaska,FY1999,6115,employment_taxes
Alaska,FY2000,5936,employment_taxes
Alaska,FY2001,6119,employment_taxes
Alaska,FY2002,6199,employment_taxes
Alaska,FY2003,6763,employment_taxes
Alaska,FY2004,6701,employment_taxes
Alaska,FY2005,8089,employment_taxes
Alaska,FY2006,8267,employment_taxes
Alaska,FY2007,8353,employment_taxes
Alaska,FY2008,8125,employment_taxes
Alaska,FY2009,7835,employment_taxes
Alaska,FY2010,6651,employment_taxes
Alaska,FY2011,8577,employment_taxes
Alaska,FY2012,7515,employment_taxes
Alaska,FY2013,6719,employment_taxes
Alaska,FY2014,5652,employment_taxes
Alaska,FY2015,5538,employment_taxes
Alaska,FY2016,5301,employment_taxes
Alaska,FY2017,5031,employment_taxes
Alaska,FY2018,4603,employment_taxes
Alaska,FY2019,4913,employment_taxes
Alaska,FY2020,4704,employment_taxes
Alaska,FY2021,8246,employment_taxes
Alaska,FY2022,9658,employment_taxes
Alaska,FY2023,9654,employment_taxes
Alaska,FY2024,5739,employment_taxes
Alaska,FY2025,7981,employment_taxes
Alaska,FY2009,567,estate_and_trust_income_tax
Alaska,FY2010,511,estate_and_trust_income_tax
Alaska,FY2011,459,estate_and_trust_income_tax
Alaska,FY2012,366,estate_and_trust_income_tax
Alaska,FY2013,378,estate_and_trust_income_tax
Alaska,FY2014,385,estate_and_trust_income_tax
Alaska,FY2015,416,estate_and_trust_income_tax
Alaska,FY2016,409,estate_and_trust_income_tax
Alaska,FY2018,384,estate_and_trust_income_tax
Alaska,FY2019,403,estate_and_trust_income_tax
Alaska,FY2020,360,estate_and_trust_income_tax
Alaska,FY2021,641,estate_and_trust_income_tax
Alaska,FY2022,636,estate_and_trust_income_tax
Alaska,FY2023,639,estate_and_trust_income_tax
Alaska,FY2024,662,estate_and_trust_income_tax
Alaska,FY2025,654,estate_and_trust_income_tax
Alaska,FY1998,13,estate_tax
Alaska,FY1999,31,estate_tax
Alaska,FY2000,28,estate_tax
Alaska,FY2001,25,estate_tax
Alaska,FY2002,30,estate_tax
Alaska,FY2003,32,estate_tax
Alaska,FY2004,21,estate_tax
Alaska,FY2005,23,estate_tax
Alaska,FY2008,23,estate_tax
Alaska,FY2010,12,estate_tax
Alaska,FY2011,7,estate_tax
Alaska,FY2014,6,estate_tax
Alaska,FY2015,6,estate_tax
Alaska,FY2016,14,estate_tax
Alaska,FY2020,3,estate_tax
Alaska,FY1998,114,excise_taxes
Alaska,FY1999,354,excise_taxes
Alaska,FY2000,292,excise_taxes
Alaska,FY2001,272,excise_taxes
Alaska,FY2002,270,excise_taxes
Alaska,FY2003,339,excise_taxes
Alaska,FY2004,465,excise_taxes
Alaska,FY2005,510,excise_taxes
Alaska,FY2006,431,excise_taxes
Alaska,FY2007,561,excise_taxes
Alaska,FY2008,403,excise_taxes
Alaska,FY2009,404,excise_taxes
Alaska,FY2010,395,excise_taxes
Alaska,FY2011,344,excise_taxes
Alaska,FY2012,426,excise_taxes
Alaska,FY2013,355,excise_taxes
Alaska,FY2014,302,excise_taxes
Alaska,FY2015,329,excise_taxes
Alaska,FY2016,348,excise_taxes
Alaska,FY2017,298,excise_taxes
Alaska,FY2018,320,excise_taxes
Alaska,FY2019,317,excise_taxes
Alaska,FY2020,284,excise_taxes
Alaska,FY2021,335,excise_taxes
Alaska,FY2024,428,excise_taxes
Alaska,FY1998,1,gift_tax
Alaska,FY1999,0,gift_tax
Alaska,FY2000,1,gift_tax
Alaska,FY2001,1,gift_tax
Alaska,FY2002,0,gift_tax
Alaska,FY2003,1,gift_tax
Alaska,FY2004,0,gift_tax
Alaska,FY2005,0,gift_tax
Alaska,FY2008,0,gift_tax
Alaska,FY2010,0,gift_tax
Alaska,FY2011,4,gift_tax
Alaska,FY2014,3,gift_tax
Alaska,FY2015,0,gift_tax
Alaska,FY2016,0,gift_tax
Alaska,FY2017,0,gift_tax
Alaska,FY2020,0,gift_tax
Alaska,FY2022,0,gift_tax
Alaska,FY2023,0,gift_tax
Alaska,FY2025,0,gift_tax
Alaska,FY1998,150879,total_refunds
Alaska,FY1999,203753,total_refunds
Alaska,FY2000,202078,total_refunds
Alaska,FY2001,394642,total_refunds
Alaska,FY2002,244855,total_refunds
Alaska,FY2003,294958,total_refunds
Alaska,FY2004,255416,total_refunds
Alaska,FY2005,265364,total_refunds
Alaska,FY2006,265482,total_refunds
Alaska,FY2007,271377,total_refunds
Alaska,FY2008,538758,total_refunds
Alaska,FY2009,277069,total_refunds
Alaska,FY2010,296362,total_refunds
Alaska,FY2011,308094,total_refunds
Alaska,FY2012,308862,total_refunds
Alaska,FY2013,301987,total_refunds
Alaska,FY2014,287182,total_refunds
Alaska,FY2015,279155,total_refunds
Alaska,FY2016,281523,total_refunds
Alaska,FY2017,283436,total_refunds
Alaska,FY2018,278359,total_refunds
Alaska,FY2019,278069,total_refunds
Alaska,FY2020,670931,total_refunds
Alaska,FY2021,1314564,total_refunds
Alaska,FY2022,549091,total_refunds
Alaska,FY2023,269512,total_refunds
Alaska,FY2024,267639,total_refunds
Alaska,FY2025,262462,total_refunds
Albany,FY1995,3783,business_income_taxes
Albany,FY1996,3760,business_income_taxes
Albany,FY1995,14877,employment_taxes
Albany,FY1996,14153,employment_taxes
Albany,FY1995,73,estate_tax
Albany,FY1996,88,estate_tax
Albany,FY1995,412,excise_taxes
Albany,FY1996,1254,excise_taxes
Albany,FY1995,4,gift_tax
Albany,FY1996,13,gift_tax
Albany,FY1995,773664,total_refunds
Albany,FY1996,735523,total_refunds
Albuquerque,FY1995,3364,business_income_taxes
Albuquerque,FY1996,3515,business_income_taxes
Albuquerque,FY1995,13596,employment_taxes
Albuquerque,FY1996,13489,employment_taxes
Albuquerque,FY1995,38,estate_tax
Albuquerque,FY1996,77,estate_tax
Albuquerque,FY1995,466,excise_taxes
Albuquerque,FY1996,595,excise_taxes
Albuquerque,FY1995,18,gift_tax
Albuquerque,FY1996,14,gift_tax
Albuquerque,FY1995,1397082,total_refunds
Albuquerque,FY1996,1248446,total_refunds
Anchorage,FY1995,1284,business_income_taxes
Anchorage,FY1996,1277,business_income_taxes
Anchorage,FY1995,6592,employment_taxes
Anchorage,FY1996,6596,employment_taxes
Anchorage,FY1995,16,estate_tax
Anchorage,FY1996,17,estate_tax
Anchorage,FY1995,338,excise_taxes
Anchorage,FY1996,383,excise_taxes
Anchorage,FY1995,4,gift_tax
Anchorage,FY1996,1,gift_tax
Anchorage,FY1995,187906,total_refunds
Anchorage,FY1996,199198,total_refunds
Arizona,FY1998,7155,business_income_taxes
Arizona,FY1999,7015,business_income_taxes
Arizona,FY2000,6577,business_income_taxes
Arizona,FY2001,6435,business_income_taxes
Arizona,FY2002,6736,business_income_taxes
Arizona,FY2003,7304,business_income_taxes
Arizona,FY2004,5855,business_income_taxes
Arizona,FY2005,5393,business_income_taxes
Arizona,FY2006,6271,business_income_taxes
Arizona,FY2007,11780,business_income_taxes
Arizona,FY2008,9835,business_income_taxes
Arizona,FY2009,8892,business_income_taxes
Arizona,FY2010,9561,business_income_taxes
Arizona,FY2011,7977,business_income_taxes
Arizona,FY2012,6508,business_income_taxes
Arizona,FY2013,5657,business_income_taxes
Arizona,FY2014,4949,business_income_taxes
Arizona,FY2015,4966,business_income_taxes
Arizona,FY2016,4848,business_income_taxes
Arizona,FY2017,4773,business_income_taxes
Arizona,FY2018,4726,business_income_taxes
Arizona,FY2019,4637,business_income_taxes
Arizona,FY2020,4524,business_income_taxes
Arizona,FY2021,6525,business_income_taxes
Arizona,FY2022,11436,business_income_taxes
Arizona,FY2023,6844,business_income_taxes
Arizona,FY2024,7751,business_income_taxes
Arizona,FY2025,8929,business_income_taxes
Arizona,FY1998,32457,employment_taxes
Arizona,FY1999,31967,employment_taxes
Arizona,FY2000,30933,employment_taxes
Arizona,FY2001,30710,employment_taxes
Arizona,FY2002,29576,employment_taxes
Arizona,FY2003,29559,employment_taxes
Arizona,FY2004,29036,employment_taxes
Arizona,FY2005,37160,employment_taxes
Arizona,FY2006,39661,employment_taxes
Arizona,FY2007,40953,employment_taxes
Arizona,FY2008,39672,employment_taxes
Arizona,FY2009,34425,employment_taxes
Arizona,FY2010,29230,employment_taxes
Arizona,FY2011,35737,employment_taxes
Arizona,FY2012,31038,employment_taxes
Arizona,FY2013,26821,employment_taxes
Arizona,FY2014,24171,employment_taxes
Arizona,FY2015,22846,employment_taxes
Arizona,FY2016,21931,employment_taxes
Arizona,FY2017,22299,employment_taxes
Arizona,FY2018,21494,employment_taxes
Arizona,FY2019,22064,employment_taxes
Arizona,FY2020,20462,employment_taxes
Arizona,FY2021,37042,employment_taxes
Arizona,FY2022,50829,employment_taxes
Arizona,FY2023,67090,employment_taxes
Arizona,FY2024,25491,employment_taxes
Arizona,FY2025,47456,employment_taxes
Arizona,FY2009,9247,estate_and_trust_income_tax
Arizona,FY2010,4019,estate_and_trust_income_tax
Arizona,FY2011,3274,estate_and_trust_income_tax
Arizona,FY2012,3188,estate_and_trust_income_tax
Arizona,FY2013,3167,estate_and_trust_income_tax
Arizona,FY2014,3782,estate_and_trust_income_tax
Arizona,FY2015,3543,estate_and_trust_income_tax
Arizona,FY2016,5235,estate_and_trust_income_tax
Arizona,FY2017,3999,estate_and_trust_income_tax
Arizona,FY2018,3097,estate_and_trust_income_tax
Arizona,FY2019,3673,estate_and_trust_income_tax
Arizona,FY2020,3767,estate_and_trust_income_tax
Arizona,FY2021,6280,estate_and_trust_income_tax
Arizona,FY2022,5170,estate_and_trust_income_tax
Arizona,FY2023,6234,estate_and_trust_income_tax
Arizona,FY2024,5557,estate_and_trust_income_tax
Arizona,FY2025,5552,estate_and_trust_income_tax
Arizona,FY1998,243,estate_tax
Arizona,FY1999,314,estate_tax
Arizona,FY2000,280,estate_tax
Arizona,FY2001,319,estate_tax
Arizona,FY2002,297,estate_tax
Arizona,FY2003,274,estate_tax
Arizona,FY2004,204,estate_tax
Arizona,FY2005,228,estate_tax
Arizona,FY2006,205,estate_tax
Arizona,FY2007,195,estate_tax
Arizona,FY2008,178,estate_tax
Arizona,FY2009,161,estate_tax
Arizona,FY2010,122,estate_tax
Arizona,FY2011,68,estate_tax
Arizona,FY2012,46,estate_tax
Arizona,FY2013,62,estate_tax
Arizona,FY2014,53,estate_tax
Arizona,FY2015,61,estate_tax
Arizona,FY2016,45,estate_tax
Arizona,FY2017,78,estate_tax
Arizona,FY2018,55,estate_tax
Arizona,FY2019,65,estate_tax
Arizona,FY2020,29,estate_tax
Arizona,FY2021,36,estate_tax
Arizona,FY2022,36,estate_tax
Arizona,FY2023,61,estate_tax
Arizona,FY2024,51,estate_tax
Arizona,FY2025,59,estate_tax
Arizona,FY1998,624,excise_taxes
Arizona,FY1999,808,excise_taxes
Arizona,FY2000,771,excise_taxes
Arizona,FY2001,783,excise_taxes
Arizona,FY2002,767,excise_taxes
Arizona,FY2003,821,excise_taxes
Arizona,FY2004,824,excise_taxes
Arizona,FY2005,1593,excise_taxes
Arizona,FY2006,1059,excise_taxes
Arizona,FY2007,1878,excise_taxes
Arizona,FY2008,1150,excise_taxes
Arizona,FY2009,1259,excise_taxes
Arizona,FY2010,1374,excise_taxes
Arizona,FY2011,1333,excise_taxes
Arizona,FY2012,1333,excise_taxes
Arizona,FY2013,1267,excise_taxes
Arizona,FY2014,1148,excise_taxes
Arizona,FY2015,1258,excise_taxes
Arizona,FY2016,1362,excise_taxes
Arizona,FY2017,1305,excise_taxes
Arizona,FY2018,1107,excise_taxes
Arizona,FY2019,1309,excise_taxes
Arizona,FY2020,1293,excise_taxes
Arizona,FY2021,1796,excise_taxes
Arizona,FY2022,1728,excise_taxes
Arizona,FY2023,1745,excise_taxes
Arizona,FY2024,2169,excise_taxes
Arizona,FY2025,2173,excise_taxes
Arizona,FY1998,40,gift_tax
Arizona,FY1999,55,gift_tax
Arizona,FY2000,55,gift_tax
Arizona,FY2001,61,gift_tax
Arizona,FY2002,46,gift_tax
Arizona,FY2003,32,gift_tax
Arizona,FY2004,21,gift_tax
Arizona,FY2005,28,gift_tax
Arizona,FY2006,37,gift_tax
Arizona,FY2007,62,gift_tax
Arizona,FY2008,46,gift_tax
Arizona,FY2009,44,gift_tax
Arizona,FY2010,35,gift_tax
Arizona,FY2011,41,gift_tax
Arizona,FY2012,42,gift_tax
Arizona,FY2013,19,gift_tax
Arizona,FY2014,35,gift_tax
Arizona,FY2015,31,gift_tax
Arizona,FY2016,25,gift_tax
Arizona,FY2017,28,gift_tax
Arizona,FY2018,12,gift_tax
Arizona,FY2019,19,gift_tax
Arizona,FY2020,8,gift_tax
Arizona,FY2021,18,gift_tax
Arizona,FY2022,18,gift_tax
Arizona,FY2023,16,gift_tax
Arizona,FY2024,20,gift_tax
Arizona,FY2025,33,gift_tax
Arizona,FY1998,1188872,total_refunds
Arizona,FY1999,1499052,total_refunds
Arizona,FY2000,1537335,total_refunds
Arizona,FY2001,2998467,total_refunds
Arizona,FY2002,1793182,total_refunds
Arizona,FY2003,2168775,total_refunds
Arizona,FY2004,1826666,total_refunds
Arizona,FY2005,1894115,total_refunds
Arizona,FY2006,1978455,total_refunds
Arizona,FY2007,2154316,total_refunds
Arizona,FY2008,4452333,total_refunds
Arizona,FY2009,2391161,total_refunds
Arizona,FY2010,2289569,total_refunds
Arizona,FY2011,2277012,total_refunds
Arizona,FY2012,2283380,total_refunds
Arizona,FY2013,2214980,total_refunds
Arizona,FY2014,2175590,total_refunds
Arizona,FY2015,2200207,total_refunds
Arizona,FY2016,2275224,total_refunds
Arizona,FY2017,2277407,total_refunds
Arizona,FY2018,2303811,total_refunds
Arizona,FY2019,2363508,total_refunds
Arizona,FY2020,6292616,total_refunds
Arizona,FY2021,12838665,total_refunds
Arizona,FY2022,5134304,total_refunds
Arizona,FY2023,2571597,total_refunds
Arizona,FY2024,2454891,total_refunds
Arizona,FY2025,2464426,total_refunds
Arkansas,FY1998,3593,business_income_taxes
Arkansas,FY1999,3819,business_income_taxes
Arkansas,FY2000,3726,business_income_taxes
Arkansas,FY2001,3659,business_income_taxes
Arkansas,FY2002,3746,business_income_taxes
Arkansas,FY2003,3974,business_income_taxes
Arkansas,FY2004,3540,business_income_taxes
Arkansas,FY2005,3154,business_income_taxes
Arkansas,FY2006,3753,business_income_taxes
Arkansas,FY2007,7284,business_income_taxes
Arkansas,FY2008,4886,business_income_taxes
Arkansas,FY2009,4213,business_income_taxes
Arkansas,FY2010,4284,business_income_taxes
Arkansas,FY2011,3904,business_income_taxes
Arkansas,FY2012,3398,business_income_taxes
Arkansas,FY2013,3018,business_income_taxes
Arkansas,FY2014,2897,business_income_taxes
Arkansas,FY2015,2918,business_income_taxes
Arkansas,FY2016,2553,business_income_taxes
Arkansas,FY2017,2555,business_income_taxes
Arkansas,FY2018,2275,business_income_taxes
Arkansas,FY2019,1862,business_income_taxes
Arkansas,FY2020,1741,business_income_taxes
Arkansas,FY2021,2646,business_income_taxes
Arkansas,FY2022,4335,business_income_taxes
Arkansas,FY2023,2160,business_income_taxes
Arkansas,FY2024,2228,business_income_taxes
Arkansas,FY2025,2227,business_income_taxes
Arkansas,FY1998,19850,employment_taxes
Arkansas,FY1999,19083,employment_taxes
Arkansas,FY2000,18364,employment_taxes
Arkansas,FY2001,17620,employment_taxes
Arkansas,FY2002,18289,employment_taxes
Arkansas,FY2003,18271,employment_taxes
Arkansas,FY2004,17784,employment_taxes
Arkansas,FY2005,21214,employment_taxes
Arkansas,FY2006,21507,employment_taxes
Arkansas,FY2007,21329,employment_taxes
Arkansas,FY2008,20946,employment_taxes
Arkansas,FY2009,19457,employment_taxes
Arkansas,FY2010,17738,employment_taxes
Arkansas,FY2011,21966,employment_taxes
Arkansas,FY2012,20251,employment_taxes
Arkansas,FY2013,17100,employment_taxes
Arkansas,FY2014,14153,employment_taxes
Arkansas,FY2015,16329,employment_taxes
Arkansas,FY2016,14397,employment_taxes
Arkansas,FY2017,13781,employment_taxes
Arkansas,FY2018,12479,employment_taxes
Arkansas,FY2019,12464,employment_taxes
Arkansas,FY2020,10949,employment_taxes
Arkansas,FY2021,19642,employment_taxes
Arkansas,FY2022,22507,employment_taxes
Arkansas,FY2023,26820,employment_taxes
Arkansas,FY2024,12503,employment_taxes
Arkansas,FY2025,20613,employment_taxes
Arkansas,FY2009,1998,estate_and_trust_income_tax
Arkansas,FY2010,1398,estate_and_trust_income_tax
Arkansas,FY2011,1085,estate_and_trust_income_tax
Arkansas,FY2012,1039,estate_and_trust_income_tax
Arkansas,FY2013,946,estate_and_trust_income_tax
Arkansas,FY2014,1146,estate_and_trust_income_tax
Arkansas,FY2015,1147,estate_and_trust_income_tax
Arkansas,FY2016,1447,estate_and_trust_income_tax
Arkansas,FY2017,1350,estate_and_trust_income_tax
Arkansas,FY2018,1096,estate_and_trust_income_tax
Arkansas,FY2019,1260,estate_and_trust_income_tax
Arkansas,FY2020,1334,estate_and_trust_income_tax
Arkansas,FY2021,2160,estate_and_trust_income_tax
Arkansas,FY2022,1786,estate_and_trust_income_tax
Arkansas,FY2023,2126,estate_and_trust_income_tax
Arkansas,FY2024,1903,estate_and_trust_income_tax
Arkansas,FY2025,1976,estate_and_trust_income_tax
Arkansas,FY1998,35,estate_tax
Arkansas,FY1999,74,estate_tax
Arkansas,FY2000,77,estate_tax
Arkansas,FY2001,78,estate_tax
Arkansas,FY2002,88,estate_tax
Arkansas,FY2003,88,estate_tax
Arkansas,FY2004,72,estate_tax
Arkansas,FY2005,69,estate_tax
Arkansas,FY2006,51,estate_tax
Arkansas,FY2007,56,estate_tax
Arkansas,FY2008,47,estate_tax
Arkansas,FY2009,60,estate_tax
Arkansas,FY2010,30,estate_tax
Arkansas,FY2011,42,estate_tax
Arkansas,FY2012,22,estate_tax
Arkansas,FY2013,19,estate_tax
Arkansas,FY2014,19,estate_tax
Arkansas,FY2015,27,estate_tax
Arkansas,FY2021,10,estate_tax
Arkansas,FY2023,22,estate_tax
Arkansas,FY2024,13,estate_tax
Arkansas,FY1998,50,excise_taxes
Arkansas,FY1999,731,excise_taxes
Arkansas,FY2000,711,excise_taxes
Arkansas,FY2001,655,excise_taxes
Arkansas,FY2002,665,excise_taxes
Arkansas,FY2003,694,excise_taxes
Arkansas,FY2004,711,excise_taxes
Arkansas,FY2005,1323,excise_taxes
Arkansas,FY2006,971,excise_taxes
Arkansas,FY2007,1271,excise_taxes
Arkansas,FY2008,932,excise_taxes
Arkansas,FY2009,825,excise_taxes
Arkansas,FY2010,909,excise_taxes
Arkansas,FY2011,857,excise_taxes
Arkansas,FY2012,833,excise_taxes
Arkansas,FY2013,795,excise_taxes
Arkansas,FY2014,747,excise_taxes
Arkansas,FY2015,748,excise_taxes
Arkansas,FY2016,746,excise_taxes
Arkansas,FY2017,784,excise_taxes
Arkansas,FY2018,827,excise_taxes
Arkansas,FY2019,914,excise_taxes
Arkansas,FY2020,813,excise_taxes
Arkansas,FY2021,1140,excise_taxes
Arkansas,FY2022,996,excise_taxes
Arkansas,FY2023,935,excise_taxes
Arkansas,FY2024,1080,excise_taxes
Arkansas,FY2025,1042,excise_taxes
Arkansas,FY1998,10,gift_tax
Arkansas,FY1999,23,gift_tax
Arkansas,FY2000,30,gift_tax
Arkansas,FY2001,2,gift_tax
Arkansas,FY2002,9,gift_tax
Arkansas,FY2003,18,gift_tax
Arkansas,FY2004,4,gift_tax
Arkansas,FY2005,7,gift_tax
Arkansas,FY2006,15,gift_tax
Arkansas,FY2007,11,gift_tax
Arkansas,FY2008,7,gift_tax
Arkansas,FY2009,10,gift_tax
Arkansas,FY2010,7,gift_tax
Arkansas,FY2011,21,gift_tax
Arkansas,FY2012,44,gift_tax
Arkansas,FY2013,11,gift_tax
Arkansas,FY2014,18,gift_tax
Arkansas,FY2015,8,gift_tax
Arkansas,FY2021,12,gift_tax
Arkansas,FY2023,13,gift_tax
Arkansas,FY2024,13,gift_tax
Arkansas,FY1998,563673,total_refunds
Arkansas,FY1999,869668,total_refunds
Arkansas,FY2000,876396,total_refunds
Arkansas,FY2001,1488699,total_refunds
Arkansas,FY2002,1018952,total_refunds
Arkansas,FY2003,1138413,total_refunds
Arkansas,FY2004,928499,total_refunds
Arkansas,FY2005,943417,total_refunds
Arkansas,FY2006,955126,total_refunds
Arkansas,FY2007,1010190,total_refunds
Arkansas,FY2008,2162356,total_refunds
Arkansas,FY2009,1092004,total_refunds
Arkansas,FY2010,1055011,total_refunds
Arkansas,FY2011,1058161,total_refunds
Arkansas,FY2012,1049181,total_refunds
Arkansas,FY2013,1028055,total_refunds
Arkansas,FY2014,1003190,total_refunds
Arkansas,FY2015,1004632,total_refunds
Arkansas,FY2016,1019783,total_refunds
Arkansas,FY2017,1007785,total_refunds
Arkansas,FY2018,1005911,total_refunds
Arkansas,FY2019,1008195,total_refunds
Arkansas,FY2020,2719683,total_refunds
Arkansas,FY2021,5601051,total_refunds
Arkansas,FY2022,2183550,total_refunds
Arkansas,FY2023,1046804,total_refunds
Arkansas,FY2024,987686,total_refunds
Arkansas,FY2025,982125,total_refunds
Arkansas-Oklahoma,FY1997,10919,business_income_taxes
Arkansas-Oklahoma,FY1997,47851,employment_taxes
Arkansas-Oklahoma,FY1997,192,estate_tax
Arkansas-Oklahoma,FY1997,934,excise_taxes
Arkansas-Oklahoma,FY1997,30,gift_tax
Arkansas-Oklahoma,FY1997,1873221,total_refunds
Atlanta,FY1995,14320,business_income_taxes
Atlanta,FY1996,14243,business_income_taxes
Atlanta,FY1995,59328,employment_taxes
Atlanta,FY1996,57317,employment_taxes
Atlanta,FY1995,198,estate_tax
Atlanta,FY1996,168,estate_tax
Atlanta,FY1995,2298,excise_taxes
Atlanta,FY1996,2661,excise_taxes
Atlanta,FY1995,34,gift_tax
Atlanta,FY1996,32,gift_tax
Atlanta,FY1995,2291910,total_refunds
Atlanta,FY1996,2308313,total_refunds
Augusta,FY1995,3018,business_income_taxes
Augusta,FY1996,3069,business_income_taxes
Augusta,FY1995,9294,employment_taxes
Augusta,FY1996,8841,employment_taxes
Augusta,FY1995,58,estate_tax
Augusta,FY1996,66,estate_tax
Augusta,FY1995,351,excise_taxes
Augusta,FY1996,955,excise_taxes
Augusta,FY1995,8,gift_tax
Augusta,FY1996,8,gift_tax
Augusta,FY1995,430200,total_refunds
Augusta,FY1996,414556,total_refunds
Austin,FY1995,12813,business_income_taxes
Austin,FY1996,13809,business_income_taxes
Austin,FY1995,126937,employment_taxes
Austin,FY1996,49424,employment_taxes
Austin,FY1995,292,estate_tax
Austin,FY1996,333,estate_tax
Austin,FY1995,2392,excise_taxes
Austin,FY1996,2753,excise_taxes
Austin,FY1995,56,gift_tax
Austin,FY1996,42,gift_tax
Austin,FY1995,2250732,total_refunds
Austin,FY1996,2128814,total_refunds
Baltimore,FY1995,11766,business_income_taxes
Baltimore,FY1996,12530,business_income_taxes
Baltimore,FY1995,55282,employment_taxes
Baltimore,FY1996,47815,employment_taxes
Baltimore,FY1995,501,estate_tax
Baltimore,FY1996,515,estate_tax
Baltimore,FY1995,1685,excise_taxes
Baltimore,FY1996,7663,excise_taxes
Baltimore,FY1995,38,gift_tax
Baltimore,FY1996,49,gift_tax
Baltimore,FY1995,2078172,total_refunds
Baltimore,FY1996,2013746,total_refunds
Birmingham,FY1995,6793,business_income_taxes
Birmingham,FY1996,6547,business_income_taxes
Birmingham,FY1995,32493,employment_taxes
Birmingham,FY1996,28826,employment_taxes
Birmingham,FY1995,80,estate_tax
Birmingham,FY1996,79,estate_tax
Birmingham,FY1995,1545,excise_taxes
Birmingham,FY1996,1151,excise_taxes
Birmingham,FY1995,14,gift_tax
Birmingham,FY1996,5,gift_tax
Birmingham,FY1995,1507932,total_refunds
Birmingham,FY1996,1408190,total_refunds
Boise,FY1995,3867,business_income_taxes
Boise,FY1996,3812,business_income_taxes
Boise,FY1995,10893,employment_taxes
Boise,FY1996,10847,employment_taxes
Boise,FY1995,39,estate_tax
Boise,FY1996,37,estate_tax
Boise,FY1995,397,excise_taxes
Boise,FY1996,474,excise_taxes
Boise,FY1995,2,gift_tax
Boise,FY1996,1,gift_tax
Boise,FY1995,338002,total_refunds
Boise,FY1996,335387,total_refunds
Boston,FY1995,11710,business_income_taxes
Boston,FY1996,11628,business_income_taxes
Boston,FY1995,41919,employment_taxes
Boston,FY1996,39504,employment_taxes
Boston,FY1995,383,estate_tax
Boston,FY1996,395,estate_tax
Boston,FY1995,856,excise_taxes
Boston,FY1996,4518,excise_taxes
Boston,FY1995,60,gift_tax
Boston,FY1996,77,gift_tax
Boston,FY1995,2102609,total_refunds
Boston,FY1996,1930302,total_refunds
Brooklyn,FY1995,6472,business_income_taxes
Brooklyn,FY1996,6882,business_income_taxes
Brooklyn,FY1997,6980,business_income_taxes
Brooklyn,FY1995,46922,employment_taxes
Brooklyn,FY1996,47970,employment_taxes
Brooklyn,FY1997,47391,employment_taxes
Brooklyn,FY1995,310,estate_tax
Brooklyn,FY1996,372,estate_tax
Brooklyn,FY1997,401,estate_tax
Brooklyn,FY1995,1077,excise_taxes
Brooklyn,FY1996,4486,excise_taxes
Brooklyn,FY1997,927,excise_taxes
Brooklyn,FY1995,44,gift_tax
Brooklyn,FY1996,47,gift_tax
Brooklyn,FY1997,59,gift_tax
Brooklyn,FY1995,2193456,total_refunds
Brooklyn,FY1996,2160403,total_refunds
Brooklyn,FY1997,2253672,total_refunds
Buffalo,FY1995,7560,business_income_taxes
Buffalo,FY1996,7493,business_income_taxes
Buffalo,FY1995,22462,employment_taxes
Buffalo,FY1996,21085,employment_taxes
Buffalo,FY1995,182,estate_tax
Buffalo,FY1996,148,estate_tax
Buffalo,FY1995,651,excise_taxes
Buffalo,FY1996,2975,excise_taxes
Buffalo,FY1995,10,gift_tax
Buffalo,FY1996,13,gift_tax
Buffalo,FY1995,2480609,total_refunds
Buffalo,FY1996,2212113,total_refunds
Burlington,FY1995,1649,business_income_taxes
Burlington,FY1996,1649,business_income_taxes
Burlington,FY1995,6589,employment_taxes
Burlington,FY1996,6145,employment_taxes
Burlington,FY1995,22,estate_tax
Burlington,FY1996,23,estate_tax
Burlington,FY1995,201,excise_taxes
Burlington,FY1996,560,excise_taxes
Burlington,FY1995,-1,gift_tax
Burlington,FY1996,4,gift_tax
Burlington,FY1995,202137,total_refunds
Burlington,FY1996,197368,total_refunds
California,FY1995,60864,business_income_taxes
California,FY1996,58081,business_income_taxes
California,FY1998,50766,business_income_taxes
California,FY1999,55508,business_income_taxes
California,FY2000,49233,business_income_taxes
California,FY2001,49016,business_income_taxes
California,FY2002,54714,business_income_taxes
California,FY2003,62791,business_income_taxes
California,FY2004,52168,business_income_taxes
California,FY2005,51664,business_income_taxes
California,FY2006,55189,business_income_taxes
California,FY2007,93630,business_income_taxes
California,FY2008,82871,business_income_taxes
California,FY2009,71126,business_income_taxes
California,FY2010,74337,business_income_taxes
California,FY2011,64003,business_income_taxes
California,FY2012,57914,business_income_taxes
California,FY2013,48847,business_income_taxes
California,FY2014,43546,business_income_taxes
California,FY2015,45337,business_income_taxes
California,FY2016,44088,business_income_taxes
California,FY2017,45013,business_income_taxes
California,FY2018,44361,business_income_taxes
California,FY2019,43504,business_income_taxes
California,FY2020,42013,business_income_taxes
California,FY2021,65257,business_income_taxes
California,FY2022,104849,business_income_taxes
California,FY2023,56195,business_income_taxes
California,FY2024,65045,business_income_taxes
California,FY2025,63901,business_income_taxes
California,FY1995,274941,employment_taxes
California,FY1996,265358,employment_taxes
California,FY1998,257796,employment_taxes
California,FY1999,219358,employment_taxes
California,FY2000,214657,employment_taxes
California,FY2001,218078,employment_taxes
California,FY2002,209527,employment_taxes
California,FY2003,204212,employment_taxes
California,FY2004,200610,employment_taxes
California,FY2005,247666,employment_taxes
California,FY2006,252783,employment_taxes
California,FY2007,255979,employment_taxes
California,FY2008,246224,employment_taxes
California,FY2009,216157,employment_taxes
California,FY2010,178905,employment_taxes
California,FY2011,219464,employment_taxes
California,FY2012,196569,employment_taxes
California,FY2013,174529,employment_taxes
California,FY2014,153153,employment_taxes
California,FY2015,159832,employment_taxes
California,FY2016,163343,employment_taxes
California,FY2017,167350,employment_taxes
California,FY2018,161740,employment_taxes
California,FY2019,187108,employment_taxes
California,FY2020,161307,employment_taxes
California,FY2021,290502,employment_taxes
California,FY2022,436492,employment_taxes
California,FY2023,553329,employment_taxes
California,FY2024,206121,employment_taxes
California,FY2025,392970,employment_taxes
California,FY2009,50902,estate_and_trust_income_tax
California,FY2010,32456,estate_and_trust_income_tax
California,FY2011,24144,estate_and_trust_income_tax
California,FY2012,22665,estate_and_trust_income_tax
California,FY2013,21612,estate_and_trust_income_tax
California,FY2014,24677,estate_and_trust_income_tax
California,FY2015,25836,estate_and_trust_income_tax
California,FY2016,30486,estate_and_trust_income_tax
California,FY2017,29582,estate_and_trust_income_tax
California,FY2018,25119,estate_and_trust_income_tax
California,FY2019,28989,estate_and_trust_income_tax
California,FY2020,28404,estate_and_trust_income_tax
California,FY2021,47704,estate_and_trust_income_tax
California,FY2022,39134,estate_and_trust_income_tax
California,FY2023,39331,estate_and_trust_income_tax
California,FY2024,40796,estate_and_trust_income_tax
California,FY2025,39212,estate_and_trust_income_tax
California,FY1995,2261,estate_tax
California,FY1996,2499,estate_tax
California,FY1998,2940,estate_tax
California,FY1999,3474,estate_tax
California,FY2000,3478,estate_tax
California,FY2001,3575,estate_tax
California,FY2002,3591,estate_tax
California,FY2003,3562,estate_tax
California,FY2004,2776,estate_tax
California,FY2005,2888,estate_tax
California,FY2006,2622,estate_tax
California,FY2007,2790,estate_tax
California,FY2008,2668,estate_tax
California,FY2009,2349,estate_tax
California,FY2010,1728,estate_tax
California,FY2011,962,estate_tax
California,FY2012,866,estate_tax
California,FY2013,883,estate_tax
California,FY2014,862,estate_tax
California,FY2015,910,estate_tax
California,FY2016,947,estate_tax
California,FY2017,1042,estate_tax
California,FY2018,1066,estate_tax
California,FY2019,879,estate_tax
California,FY2020,440,estate_tax
California,FY2021,609,estate_tax
California,FY2022,538,estate_tax
California,FY2023,773,estate_tax
California,FY2024,673,estate_tax
California,FY2025,635,estate_tax
California,FY1995,6428,excise_taxes
California,FY1996,8451,excise_taxes
California,FY1998,2804,excise_taxes
California,FY1999,6052,excise_taxes
California,FY2000,6236,excise_taxes
California,FY2001,5400,excise_taxes
California,FY2002,7248,excise_taxes
California,FY2003,7424,excise_taxes
California,FY2004,7412,excise_taxes
California,FY2005,12283,excise_taxes
California,FY2006,8945,excise_taxes
California,FY2007,14131,excise_taxes
California,FY2008,10232,excise_taxes
California,FY2009,9986,excise_taxes
California,FY2010,10185,excise_taxes
California,FY2011,9585,excise_taxes
California,FY2012,9572,excise_taxes
California,FY2013,8570,excise_taxes
California,FY2014,8207,excise_taxes
California,FY2015,8756,excise_taxes
California,FY2016,8864,excise_taxes
California,FY2017,8622,excise_taxes
California,FY2018,8138,excise_taxes
California,FY2019,9335,excise_taxes
California,FY2020,8557,excise_taxes
California,FY2021,12353,excise_taxes
California,FY2022,11755,excise_taxes
California,FY2023,11118,excise_taxes
California,FY2024,13411,excise_taxes
California,FY2025,12211,excise_taxes
California,FY1995,261,gift_tax
California,FY1996,293,gift_tax
California,FY1998,442,gift_tax
California,FY1999,477,gift_tax
California,FY2000,487,gift_tax
California,FY2001,603,gift_tax
California,FY2002,443,gift_tax
California,FY2003,435,gift_tax
California,FY2004,273,gift_tax
California,FY2005,335,gift_tax
California,FY2006,398,gift_tax
California,FY2007,468,gift_tax
California,FY2008,443,gift_tax
California,FY2009,536,gift_tax
California,FY2010,459,gift_tax
California,FY2011,499,gift_tax
California,FY2012,624,gift_tax
California,FY2013,350,gift_tax
California,FY2014,463,gift_tax
California,FY2015,222,gift_tax
California,FY2016,172,gift_tax
California,FY2017,176,gift_tax
California,FY2018,220,gift_tax
California,FY2019,175,gift_tax
California,FY2020,101,gift_tax
California,FY2021,105,gift_tax
California,FY2022,184,gift_tax
California,FY2023,220,gift_tax
California,FY2024,145,gift_tax
California,FY2025,138,gift_tax
California,FY1995,9398088,total_refunds
California,FY1996,9488166,total_refunds
California,FY1998,8318044,total_refunds
California,FY1999,10663299,total_refunds
California,FY2000,10619361,total_refunds
California,FY2001,20317892,total_refunds
California,FY2002,12313408,total_refunds
California,FY2003,14617287,total_refunds
California,FY2004,12085278,total_refunds
California,FY2005,12280019,total_refunds
California,FY2006,12392511,total_refunds
California,FY2007,13138620,total_refunds
California,FY2008,26069119,total_refunds
California,FY2009,14302483,total_refunds
California,FY2010,13801859,total_refunds
California,FY2011,13859009,total_refunds
California,FY2012,13862370,total_refunds
California,FY2013,13432270,total_refunds
California,FY2014,13283040,total_refunds
California,FY2015,13499823,total_refunds
California,FY2016,13899411,total_refunds
California,FY2017,13846488,total_refunds
California,FY2018,13936286,total_refunds
California,FY2019,13677730,total_refunds
California,FY2020,33888281,total_refunds
California,FY2021,67835322,total_refunds
California,FY2022,27808366,total_refunds
California,FY2023,13778767,total_refunds
California,FY2024,13737534,total_refunds
California,FY2025,13022177,total_refunds
Central California,FY1997,10723,business_income_taxes
Central California,FY1997,43512,employment_taxes
Central California,FY1997,436,estate_tax
Central California,FY1997,738,excise_taxes
Central California,FY1997,63,gift_tax
Central California,FY1997,1873710,total_refunds
Central Region,FY1995,64240,business_income_taxes
Central Region,FY1995,219434,employment_taxes
Central Region,FY1995,1248,estate_tax
Central Region,FY1995,7004,excise_taxes
Central Region,FY1995,147,gift_tax
Central Region,FY1995,12629124,total_refunds
Cheyenne,FY1995,2971,business_income_taxes
Cheyenne,FY1996,2860,business_income_taxes
Cheyenne,FY1995,5178,employment_taxes
Cheyenne,FY1996,5053,employment_taxes
Cheyenne,FY1995,26,estate_tax
Cheyenne,FY1996,31,estate_tax
Cheyenne,FY1995,148,excise_taxes
Cheyenne,FY1996,204,excise_taxes
Cheyenne,FY1995,9,gift_tax
Cheyenne,FY1996,4,gift_tax
Cheyenne,FY1995,165370,total_refunds
Cheyenne,FY1996,159706,total_refunds
Chicago,FY1995,18631,business_income_taxes
Chicago,FY1996,18744,business_income_taxes
Chicago,FY1995,68883,employment_taxes
Chicago,FY1996,69000,employment_taxes
Chicago,FY1995,500,estate_tax
Chicago,FY1996,607,estate_tax
Chicago,FY1995,2717,excise_taxes
Chicago,FY1996,4062,excise_taxes
Chicago,FY1995,103,gift_tax
Chicago,FY1996,132,gift_tax
Chicago,FY1995,2928103,total_refunds
Chicago,FY1996,2904768,total_refunds
Child tax credit,FY2005,15753225,total_refunds
Child tax credit,FY2006,16326822,total_refunds
Child tax credit,FY2007,16220651,total_refunds
Child tax credit,FY2008,16945060,total_refunds
Child tax credit,FY2009,19706956,total_refunds
Child tax credit,FY2010,17846375,total_refunds
Child tax credit,FY2011,17633203,total_refunds
Child tax credit,FY2012,16960763,total_refunds
Child tax credit,FY2013,16983152,total_refunds
Child tax credit,FY2014,16799897,total_refunds
Child tax credit,FY2015,16261110,total_refunds
Child tax credit,FY2016,15964320,total_refunds
Child tax credit,FY2017,15535213,total_refunds
Child tax credit,FY2018,14854934,total_refunds
Child tax credit,FY2019,17263664,total_refunds
Child tax credit,FY2020,16288859,total_refunds
Child tax credit,FY2021,18276724,total_refunds
Child tax credit,FY2022,29013362,total_refunds
Child tax credit,FY2023,15705812,total_refunds
Child tax credit,FY2024,14262057,total_refunds
Child tax credit,FY2025,14044334,total_refunds
Cincinnati,FY1995,9946,business_income_taxes
Cincinnati,FY1996,10351,business_income_taxes
Cincinnati,FY1995,34298,employment_taxes
Cincinnati,FY1996,32827,employment_taxes
Cincinnati,FY1995,289,estate_tax
Cincinnati,FY1996,285,estate_tax
Cincinnati,FY1995,1133,excise_taxes
Cincinnati,FY1996,3439,excise_taxes
Cincinnati,FY1995,35,gift_tax
Cincinnati,FY1996,42,gift_tax
Cincinnati,FY1995,1895206,total_refunds
Cincinnati,FY1996,1892524,total_refunds
Cleveland,FY1995,12968,business_income_taxes
Cleveland,FY1996,13773,business_income_taxes
Cleveland,FY1995,41231,employment_taxes
Cleveland,FY1996,39547,employment_taxes
Cleveland,FY1995,267,estate_tax
Cleveland,FY1996,244,estate_tax
Cleveland,FY1995,1337,excise_taxes
Cleveland,FY1996,3822,excise_taxes
Cleveland,FY1995,32,gift_tax
Cleveland,FY1996,35,gift_tax
Cleveland,FY1995,2298089,total_refunds
Cleveland,FY1996,2281779,total_refunds
Colorado,FY1998,8771,business_income_taxes
Colorado,FY1999,8728,business_income_taxes
Colorado,FY2000,8091,business_income_taxes
Colorado,FY2001,8017,business_income_taxes
Colorado,FY2002,8734,business_income_taxes
Colorado,FY2003,9583,business_income_taxes
Colorado,FY2004,8124,business_income_taxes
Colorado,FY2005,7394,business_income_taxes
Colorado,FY2006,7355,business_income_taxes
Colorado,FY2007,17674,business_income_taxes
Colorado,FY2008,11388,business_income_taxes
Colorado,FY2009,9511,business_income_taxes
Colorado,FY2010,10604,business_income_taxes
Colorado,FY2011,9219,business_income_taxes
Colorado,FY2012,7689,business_income_taxes
Colorado,FY2013,6540,business_income_taxes
Colorado,FY2014,6094,business_income_taxes
Colorado,FY2015,6006,business_income_taxes
Colorado,FY2016,5672,business_income_taxes
Colorado,FY2017,5685,business_income_taxes
Colorado,FY2018,5339,business_income_taxes
Colorado,FY2019,5102,business_income_taxes
Colorado,FY2020,4848,business_income_taxes
Colorado,FY2021,6928,business_income_taxes
Colorado,FY2022,12784,business_income_taxes
Colorado,FY2023,6115,business_income_taxes
Colorado,FY2024,6540,business_income_taxes
Colorado,FY2025,6391,business_income_taxes
Colorado,FY1998,36110,employment_taxes
Colorado,FY1999,37316,employment_taxes
Colorado,FY2000,36921,employment_taxes
Colorado,FY2001,37215,employment_taxes
Colorado,FY2002,35998,employment_taxes
Colorado,FY2003,35168,employment_taxes
Colorado,FY2004,33773,employment_taxes
Colorado,FY2005,40520,employment_taxes
Colorado,FY2006,40716,employment_taxes
Colorado,FY2007,41365,employment_taxes
Colorado,FY2008,41214,employment_taxes
Colorado,FY2009,37054,employment_taxes
Colorado,FY2010,32254,employment_taxes
Colorado,FY2011,39258,employment_taxes
Colorado,FY2012,36486,employment_taxes
Colorado,FY2013,32191,employment_taxes
Colorado,FY2014,26506,employment_taxes
Colorado,FY2015,26364,employment_taxes
Colorado,FY2016,26251,employment_taxes
Colorado,FY2017,25963,employment_taxes
Colorado,FY2018,24874,employment_taxes
Colorado,FY2019,25478,employment_taxes
Colorado,FY2020,23747,employment_taxes
Colorado,FY2021,44984,employment_taxes
Colorado,FY2022,63879,employment_taxes
Colorado,FY2023,72413,employment_taxes
Colorado,FY2024,29228,employment_taxes
Colorado,FY2025,53659,employment_taxes
Colorado,FY2009,6928,estate_and_trust_income_tax
Colorado,FY2010,4664,estate_and_trust_income_tax
Colorado,FY2011,3360,estate_and_trust_income_tax
Colorado,FY2012,3292,estate_and_trust_income_tax
Colorado,FY2013,3133,estate_and_trust_income_tax
Colorado,FY2014,3704,estate_and_trust_income_tax
Colorado,FY2015,3674,estate_and_trust_income_tax
Colorado,FY2016,4738,estate_and_trust_income_tax
Colorado,FY2017,4604,estate_and_trust_income_tax
Colorado,FY2018,3807,estate_and_trust_income_tax
Colorado,FY2019,4388,estate_and_trust_income_tax
Colorado,FY2020,4578,estate_and_trust_income_tax
Colorado,FY2021,7794,estate_and_trust_income_tax
Colorado,FY2022,6660,estate_and_trust_income_tax
Colorado,FY2023,7849,estate_and_trust_income_tax
Colorado,FY2024,6853,estate_and_trust_income_tax
Colorado,FY2025,6828,estate_and_trust_income_tax
Colorado,FY1998,203,estate_tax
Colorado,FY1999,296,estate_tax
Colorado,FY2000,295,estate_tax
Colorado,FY2001,288,estate_tax
Colorado,FY2002,306,estate_tax
Colorado,FY2003,318,estate_tax
Colorado,FY2004,267,estate_tax
Colorado,FY2005,274,estate_tax
Colorado,FY2006,209,estate_tax
Colorado,FY2007,195,estate_tax
Colorado,FY2008,194,estate_tax
Colorado,FY2009,179,estate_tax
Colorado,FY2010,155,estate_tax
Colorado,FY2011,86,estate_tax
Colorado,FY2012,68,estate_tax
Colorado,FY2013,85,estate_tax
Colorado,FY2014,71,estate_tax
Colorado,FY2015,78,estate_tax
Colorado,FY2016,76,estate_tax
Colorado,FY2017,101,estate_tax
Colorado,FY2018,98,estate_tax
Colorado,FY2019,70,estate_tax
Colorado,FY2020,37,estate_tax
Colorado,FY2021,67,estate_tax
Colorado,FY2022,42,estate_tax
Colorado,FY2023,80,estate_tax
Colorado,FY2024,60,estate_tax
Colorado,FY2025,60,estate_tax
Colorado,FY1998,744,excise_taxes
Colorado,FY1999,1060,excise_taxes
Colorado,FY2000,1065,excise_taxes
Colorado,FY2001,1070,excise_taxes
Colorado,FY2002,1218,excise_taxes
Colorado,FY2003,1119,excise_taxes
Colorado,FY2004,1102,excise_taxes
Colorado,FY2005,2062,excise_taxes
Colorado,FY2006,1133,excise_taxes
Colorado,FY2007,2123,excise_taxes
Colorado,FY2008,1400,excise_taxes
Colorado,FY2009,1442,excise_taxes
Colorado,FY2010,1553,excise_taxes
Colorado,FY2011,1252,excise_taxes
Colorado,FY2012,1317,excise_taxes
Colorado,FY2013,1327,excise_taxes
Colorado,FY2014,1349,excise_taxes
Colorado,FY2015,1391,excise_taxes
Colorado,FY2016,1498,excise_taxes
Colorado,FY2017,1263,excise_taxes
Colorado,FY2018,1215,excise_taxes
Colorado,FY2019,1421,excise_taxes
Colorado,FY2020,1262,excise_taxes
Colorado,FY2021,1935,excise_taxes
Colorado,FY2022,2013,excise_taxes
Colorado,FY2023,1903,excise_taxes
Colorado,FY2024,2346,excise_taxes
Colorado,FY2025,2668,excise_taxes
Colorado,FY1998,38,gift_tax
Colorado,FY1999,55,gift_tax
Colorado,FY2000,46,gift_tax
Colorado,FY2001,54,gift_tax
Colorado,FY2002,54,gift_tax
Colorado,FY2003,36,gift_tax
Colorado,FY2004,30,gift_tax
Colorado,FY2005,25,gift_tax
Colorado,FY2006,34,gift_tax
Colorado,FY2007,36,gift_tax
Colorado,FY2008,43,gift_tax
Colorado,FY2009,59,gift_tax
Colorado,FY2010,55,gift_tax
Colorado,FY2011,50,gift_tax
Colorado,FY2012,78,gift_tax
Colorado,FY2013,30,gift_tax
Colorado,FY2014,44,gift_tax
Colorado,FY2015,35,gift_tax
Colorado,FY2016,28,gift_tax
Colorado,FY2017,28,gift_tax
Colorado,FY2018,28,gift_tax
Colorado,FY2019,16,gift_tax
Colorado,FY2020,19,gift_tax
Colorado,FY2021,13,gift_tax
Colorado,FY2022,36,gift_tax
Colorado,FY2023,34,gift_tax
Colorado,FY2024,34,gift_tax
Colorado,FY2025,27,gift_tax
Colorado,FY1998,1153643,total_refunds
Colorado,FY1999,1423150,total_refunds
Colorado,FY2000,1453485,total_refunds
Colorado,FY2001,2906840,total_refunds
Colorado,FY2002,1701307,total_refunds
Colorado,FY2003,2004396,total_refunds
Colorado,FY2004,1665759,total_refunds
Colorado,FY2005,1673061,total_refunds
Colorado,FY2006,1699853,total_refunds
Colorado,FY2007,1802980,total_refunds
Colorado,FY2008,3673310,total_refunds
Colorado,FY2009,2023808,total_refunds
Colorado,FY2010,1963293,total_refunds
Colorado,FY2011,1953963,total_refunds
Colorado,FY2012,1962632,total_refunds
Colorado,FY2013,1940227,total_refunds
Colorado,FY2014,1932768,total_refunds
Colorado,FY2015,1963407,total_refunds
Colorado,FY2016,2034716,total_refunds
Colorado,FY2017,2051877,total_refunds
Colorado,FY2018,2074066,total_refunds
Colorado,FY2019,2102130,total_refunds
Colorado,FY2020,5241277,total_refunds
Colorado,FY2021,10033294,total_refunds
Colorado,FY2022,4161375,total_refunds
Colorado,FY2023,2224664,total_refunds
Colorado,FY2024,2138135,total_refunds
Colorado,FY2025,2105868,total_refunds
Columbia,FY1995,5850,business_income_taxes
Columbia,FY1996,5837,business_income_taxes
Columbia,FY1995,28971,employment_taxes
Columbia,FY1996,25510,employment_taxes
Columbia,FY1995,70,estate_tax
Columbia,FY1996,56,estate_tax
Columbia,FY1995,1072,excise_taxes
Columbia,FY1996,1176,excise_taxes
Columbia,FY1995,6,gift_tax
Columbia,FY1996,20,gift_tax
Columbia,FY1995,1154967,total_refunds
Columbia,FY1996,1173073,total_refunds
Connecticut,FY1998,5967,business_income_taxes
Connecticut,FY1999,5668,business_income_taxes
Connecticut,FY2000,5640,business_income_taxes
Connecticut,FY2001,5532,business_income_taxes
Connecticut,FY2002,6318,business_income_taxes
Connecticut,FY2003,6668,business_income_taxes
Connecticut,FY2004,5262,business_income_taxes
Connecticut,FY2005,5234,business_income_taxes
Connecticut,FY2006,5024,business_income_taxes
Connecticut,FY2007,9784,business_income_taxes
Connecticut,FY2008,7029,business_income_taxes
Connecticut,FY2009,5940,business_income_taxes
Connecticut,FY2010,6539,business_income_taxes
Connecticut,FY2011,5278,business_income_taxes
Connecticut,FY2012,4742,business_income_taxes
Connecticut,FY2013,4406,business_income_taxes
Connecticut,FY2014,3987,business_income_taxes
Connecticut,FY2015,3995,business_income_taxes
Connecticut,FY2016,3641,business_income_taxes
Connecticut,FY2017,3515,business_income_taxes
Connecticut,FY2018,3290,business_income_taxes
Connecticut,FY2019,2906,business_income_taxes
Connecticut,FY2020,2844,business_income_taxes
Connecticut,FY2021,3991,business_income_taxes
Connecticut,FY2022,5008,business_income_taxes
Connecticut,FY2023,3286,business_income_taxes
Connecticut,FY2024,3690,business_income_taxes
Connecticut,FY2025,3726,business_income_taxes
Connecticut,FY1998,28082,employment_taxes
Connecticut,FY1999,26996,employment_taxes
Connecticut,FY2000,26758,employment_taxes
Connecticut,FY2001,24204,employment_taxes
Connecticut,FY2002,23914,employment_taxes
Connecticut,FY2003,23598,employment_taxes
Connecticut,FY2004,22206,employment_taxes
Connecticut,FY2005,26316,employment_taxes
Connecticut,FY2006,26228,employment_taxes
Connecticut,FY2007,26500,employment_taxes
Connecticut,FY2008,24279,employment_taxes
Connecticut,FY2009,22735,employment_taxes
Connecticut,FY2010,20801,employment_taxes
Connecticut,FY2011,25242,employment_taxes
Connecticut,FY2012,22048,employment_taxes
Connecticut,FY2013,18300,employment_taxes
Connecticut,FY2014,16182,employment_taxes
Connecticut,FY2015,16271,employment_taxes
Connecticut,FY2016,15302,employment_taxes
Connecticut,FY2017,15927,employment_taxes
Connecticut,FY2018,13833,employment_taxes
Connecticut,FY2019,13998,employment_taxes
Connecticut,FY2020,12870,employment_taxes
Connecticut,FY2021,22162,employment_taxes
Connecticut,FY2022,33871,employment_taxes
Connecticut,FY2023,39527,employment_taxes
Connecticut,FY2024,17018,employment_taxes
Connecticut,FY2025,29984,employment_taxes
Connecticut,FY2009,8471,estate_and_trust_income_tax
Connecticut,FY2010,5788,estate_and_trust_income_tax
Connecticut,FY2011,4388,estate_and_trust_income_tax
Connecticut,FY2012,3955,estate_and_trust_income_tax
Connecticut,FY2013,3696,estate_and_trust_income_tax
Connecticut,FY2014,4288,estate_and_trust_income_tax
Connecticut,FY2015,4413,estate_and_trust_income_tax
Connecticut,FY2016,5308,estate_and_trust_income_tax
Connecticut,FY2017,5086,estate_and_trust_income_tax
Connecticut,FY2018,4300,estate_and_trust_income_tax
Connecticut,FY2019,5379,estate_and_trust_income_tax
Connecticut,FY2020,5442,estate_and_trust_income_tax
Connecticut,FY2021,7867,estate_and_trust_income_tax
Connecticut,FY2022,6725,estate_and_trust_income_tax
Connecticut,FY2023,7809,estate_and_trust_income_tax
Connecticut,FY2024,7476,estate_and_trust_income_tax
Connecticut,FY2025,6683,estate_and_trust_income_tax
Connecticut,FY1998,578,estate_tax
Connecticut,FY1999,499,estate_tax
Connecticut,FY2000,523,estate_tax
Connecticut,FY2001,534,estate_tax
Connecticut,FY2002,528,estate_tax
Connecticut,FY2003,476,estate_tax
Connecticut,FY2004,376,estate_tax
Connecticut,FY2005,413,estate_tax
Connecticut,FY2006,364,estate_tax
Connecticut,FY2007,400,estate_tax
Connecticut,FY2008,285,estate_tax
Connecticut,FY2009,246,estate_tax
Connecticut,FY2010,176,estate_tax
Connecticut,FY2011,95,estate_tax
Connecticut,FY2012,92,estate_tax
Connecticut,FY2013,98,estate_tax
Connecticut,FY2014,93,estate_tax
Connecticut,FY2015,118,estate_tax
Connecticut,FY2016,112,estate_tax
Connecticut,FY2017,127,estate_tax
Connecticut,FY2018,90,estate_tax
Connecticut,FY2019,94,estate_tax
Connecticut,FY2020,48,estate_tax
Connecticut,FY2021,55,estate_tax
Connecticut,FY2022,41,estate_tax
Connecticut,FY2023,66,estate_tax
Connecticut,FY2024,58,estate_tax
Connecticut,FY2025,76,estate_tax
Connecticut,FY1998,859,excise_taxes
Connecticut,FY1999,755,excise_taxes
Connecticut,FY2000,745,excise_taxes
Connecticut,FY2001,717,excise_taxes
Connecticut,FY2002,738,excise_taxes
Connecticut,FY2003,778,excise_taxes
Connecticut,FY2004,781,excise_taxes
Connecticut,FY2005,1265,excise_taxes
Connecticut,FY2006,954,excise_taxes
Connecticut,FY2007,1499,excise_taxes
Connecticut,FY2008,980,excise_taxes
Connecticut,FY2009,1043,excise_taxes
Connecticut,FY2010,1078,excise_taxes
Connecticut,FY2011,949,excise_taxes
Connecticut,FY2012,1056,excise_taxes
Connecticut,FY2013,982,excise_taxes
Connecticut,FY2014,954,excise_taxes
Connecticut,FY2015,1053,excise_taxes
Connecticut,FY2016,1074,excise_taxes
Connecticut,FY2017,1122,excise_taxes
Connecticut,FY2018,941,excise_taxes
Connecticut,FY2019,1103,excise_taxes
Connecticut,FY2020,974,excise_taxes
Connecticut,FY2021,1330,excise_taxes
Connecticut,FY2022,1247,excise_taxes
Connecticut,FY2023,1254,excise_taxes
Connecticut,FY2024,1570,excise_taxes
Connecticut,FY2025,1420,excise_taxes
Connecticut,FY1998,94,gift_tax
Connecticut,FY1999,92,gift_tax
Connecticut,FY2000,104,gift_tax
Connecticut,FY2001,116,gift_tax
Connecticut,FY2002,118,gift_tax
Connecticut,FY2003,138,gift_tax
Connecticut,FY2004,89,gift_tax
Connecticut,FY2005,97,gift_tax
Connecticut,FY2006,71,gift_tax
Connecticut,FY2007,90,gift_tax
Connecticut,FY2008,83,gift_tax
Connecticut,FY2009,72,gift_tax
Connecticut,FY2010,75,gift_tax
Connecticut,FY2011,99,gift_tax
Connecticut,FY2012,98,gift_tax
Connecticut,FY2013,45,gift_tax
Connecticut,FY2014,69,gift_tax
Connecticut,FY2015,36,gift_tax
Connecticut,FY2016,34,gift_tax
Connecticut,FY2017,24,gift_tax
Connecticut,FY2018,20,gift_tax
Connecticut,FY2019,20,gift_tax
Connecticut,FY2020,20,gift_tax
Connecticut,FY2021,10,gift_tax
Connecticut,FY2022,16,gift_tax
Connecticut,FY2023,17,gift_tax
Connecticut,FY2024,18,gift_tax
Connecticut,FY2025,17,gift_tax
Connecticut,FY1998,1081159,total_refunds
Connecticut,FY1999,1193030,total_refunds
Connecticut,FY2000,1205768,total_refunds
Connecticut,FY2001,2389229,total_refunds
Connecticut,FY2002,1380829,total_refunds
Connecticut,FY2003,1601204,total_refunds
Connecticut,FY2004,1353261,total_refunds
Connecticut,FY2005,1333382,total_refunds
Connecticut,FY2006,1336231,total_refunds
Connecticut,FY2007,1411364,total_refunds
Connecticut,FY2008,2752065,total_refunds
Connecticut,FY2009,1514719,total_refunds
Connecticut,FY2010,1458031,total_refunds
Connecticut,FY2011,1455338,total_refunds
Connecticut,FY2012,1464462,total_refunds
Connecticut,FY2013,1439951,total_refunds
Connecticut,FY2014,1405931,total_refunds
Connecticut,FY2015,1376855,total_refunds
Connecticut,FY2016,1423779,total_refunds
Connecticut,FY2017,1422410,total_refunds
Connecticut,FY2018,1414083,total_refunds
Connecticut,FY2019,1382423,total_refunds
Connecticut,FY2020,3283302,total_refunds
Connecticut,FY2021,6274017,total_refunds
Connecticut,FY2022,2583143,total_refunds
Connecticut,FY2023,1428084,total_refunds
Connecticut,FY2024,1342254,total_refunds
Connecticut,FY2025,1336011,total_refunds
Connecticut-Rhode Island,FY1997,8166,business_income_taxes
Connecticut-Rhode Island,FY1997,36243,employment_taxes
Connecticut-Rhode Island,FY1997,636,estate_tax
Connecticut-Rhode Island,FY1997,1087,excise_taxes
Connecticut-Rhode Island,FY1997,88,gift_tax
Connecticut-Rhode Island,FY1997,1569190,total_refunds
Dallas,FY1995,18024,business_income_taxes
Dallas,FY1996,18847,business_income_taxes
Dallas,FY1995,70332,employment_taxes
Dallas,FY1996,68123,employment_taxes
Dallas,FY1995,244,estate_tax
Dallas,FY1996,330,estate_tax
Dallas,FY1995,2127,excise_taxes
Dallas,FY1996,2703,excise_taxes
Dallas,FY1995,53,gift_tax
Dallas,FY1996,96,gift_tax
Dallas,FY1995,2556165,total_refunds
Dallas,FY1996,2461855,total_refunds
Delaware,FY1998,1443,business_income_taxes
Delaware,FY1999,1412,business_income_taxes
Delaware,FY2000,1424,business_income_taxes
Delaware,FY2001,1430,business_income_taxes
Delaware,FY2002,1643,business_income_taxes
Delaware,FY2003,1912,business_income_taxes
Delaware,FY2004,1574,business_income_taxes
Delaware,FY2005,1649,business_income_taxes
Delaware,FY2006,1735,business_income_taxes
Delaware,FY2007,3212,business_income_taxes
Delaware,FY2008,2427,business_income_taxes
Delaware,FY2009,2198,business_income_taxes
Delaware,FY2010,2326,business_income_taxes
Delaware,FY2011,2061,business_income_taxes
Delaware,FY2012,1815,business_income_taxes
Delaware,FY2013,1703,business_income_taxes
Delaware,FY2014,1451,business_income_taxes
Delaware,FY2015,1632,business_income_taxes
Delaware,FY2016,1663,business_income_taxes
Delaware,FY2017,1562,business_income_taxes
Delaware,FY2018,1669,business_income_taxes
Delaware,FY2019,1696,business_income_taxes
Delaware,FY2020,1563,business_income_taxes
Delaware,FY2021,2233,business_income_taxes
Delaware,FY2022,3497,business_income_taxes
Delaware,FY2023,2572,business_income_taxes
Delaware,FY2024,3533,business_income_taxes
Delaware,FY2025,3965,business_income_taxes
Delaware,FY1998,5366,employment_taxes
Delaware,FY1999,5441,employment_taxes
Delaware,FY2000,5043,employment_taxes
Delaware,FY2001,5079,employment_taxes
Delaware,FY2002,5244,employment_taxes
Delaware,FY2003,5162,employment_taxes
Delaware,FY2004,4926,employment_taxes
Delaware,FY2005,6920,employment_taxes
Delaware,FY2006,6438,employment_taxes
Delaware,FY2007,6532,employment_taxes
Delaware,FY2008,6034,employment_taxes
Delaware,FY2009,5460,employment_taxes
Delaware,FY2010,4888,employment_taxes
Delaware,FY2011,5945,employment_taxes
Delaware,FY2012,5758,employment_taxes
Delaware,FY2013,4697,employment_taxes
Delaware,FY2014,3775,employment_taxes
Delaware,FY2015,4264,employment_taxes
Delaware,FY2016,3802,employment_taxes
Delaware,FY2017,3495,employment_taxes
Delaware,FY2018,3543,employment_taxes
Delaware,FY2019,3624,employment_taxes
Delaware,FY2020,3419,employment_taxes
Delaware,FY2021,6664,employment_taxes
Delaware,FY2022,10818,employment_taxes
Delaware,FY2023,12388,employment_taxes
Delaware,FY2024,7154,employment_taxes
Delaware,FY2025,13808,employment_taxes
Delaware,FY2009,7514,estate_and_trust_income_tax
Delaware,FY2010,4217,estate_and_trust_income_tax
Delaware,FY2011,2711,estate_and_trust_income_tax
Delaware,FY2012,2788,estate_and_trust_income_tax
Delaware,FY2013,2065,estate_and_trust_income_tax
Delaware,FY2014,2566,estate_and_trust_income_tax
Delaware,FY2015,3102,estate_and_trust_income_tax
Delaware,FY2016,4752,estate_and_trust_income_tax
Delaware,FY2017,4079,estate_and_trust_income_tax
Delaware,FY2018,4410,estate_and_trust_income_tax
Delaware,FY2019,4563,estate_and_trust_income_tax
Delaware,FY2020,3578,estate_and_trust_income_tax
Delaware,FY2021,4985,estate_and_trust_income_tax
Delaware,FY2022,4297,estate_and_trust_income_tax
Delaware,FY2023,6657,estate_and_trust_income_tax
Delaware,FY2024,6207,estate_and_trust_income_tax
Delaware,FY2025,6033,estate_and_trust_income_tax
Delaware,FY1998,36,estate_tax
Delaware,FY1999,53,estate_tax
Delaware,FY2000,61,estate_tax
Delaware,FY2001,60,estate_tax
Delaware,FY2002,63,estate_tax
Delaware,FY2003,58,estate_tax
Delaware,FY2004,48,estate_tax
Delaware,FY2005,54,estate_tax
Delaware,FY2006,59,estate_tax
Delaware,FY2007,47,estate_tax
Delaware,FY2008,44,estate_tax
Delaware,FY2009,51,estate_tax
Delaware,FY2010,26,estate_tax
Delaware,FY2011,13,estate_tax
Delaware,FY2012,11,estate_tax
Delaware,FY2014,12,estate_tax
Delaware,FY2015,20,estate_tax
Delaware,FY1998,85,excise_taxes
Delaware,FY1999,209,excise_taxes
Delaware,FY2000,217,excise_taxes
Delaware,FY2001,176,excise_taxes
Delaware,FY2002,235,excise_taxes
Delaware,FY2003,197,excise_taxes
Delaware,FY2004,302,excise_taxes
Delaware,FY2005,533,excise_taxes
Delaware,FY2006,386,excise_taxes
Delaware,FY2007,518,excise_taxes
Delaware,FY2008,409,excise_taxes
Delaware,FY2009,598,excise_taxes
Delaware,FY2010,579,excise_taxes
Delaware,FY2011,505,excise_taxes
Delaware,FY2012,395,excise_taxes
Delaware,FY2013,487,excise_taxes
Delaware,FY2014,369,excise_taxes
Delaware,FY2015,547,excise_taxes
Delaware,FY2016,537,excise_taxes
Delaware,FY2017,518,excise_taxes
Delaware,FY2018,436,excise_taxes
Delaware,FY2019,496,excise_taxes
Delaware,FY2020,420,excise_taxes
Delaware,FY2021,664,excise_taxes
Delaware,FY2022,644,excise_taxes
Delaware,FY2023,758,excise_taxes
Delaware,FY2024,799,excise_taxes
Delaware,FY2025,681,excise_taxes
Delaware,FY1998,6,gift_tax
Delaware,FY1999,7,gift_tax
Delaware,FY2000,12,gift_tax
Delaware,FY2001,8,gift_tax
Delaware,FY2002,16,gift_tax
Delaware,FY2003,13,gift_tax
Delaware,FY2004,8,gift_tax
Delaware,FY2005,8,gift_tax
Delaware,FY2006,7,gift_tax
Delaware,FY2007,11,gift_tax
Delaware,FY2008,31,gift_tax
Delaware,FY2009,11,gift_tax
Delaware,FY2010,31,gift_tax
Delaware,FY2011,23,gift_tax
Delaware,FY2012,18,gift_tax
Delaware,FY2014,10,gift_tax
Delaware,FY2015,4,gift_tax
Delaware,FY1998,179539,total_refunds
Delaware,FY1999,283587,total_refunds
Delaware,FY2000,287272,total_refunds
Delaware,FY2001,548533,total_refunds
Delaware,FY2002,324368,total_refunds
Delaware,FY2003,384666,total_refunds
Delaware,FY2004,328021,total_refunds
Delaware,FY2005,326013,total_refunds
Delaware,FY2006,334993,total_refunds
Delaware,FY2007,350505,total_refunds
Delaware,FY2008,708142,total_refunds
Delaware,FY2009,386238,total_refunds
Delaware,FY2010,373817,total_refunds
Delaware,FY2011,370905,total_refunds
Delaware,FY2012,374282,total_refunds
Delaware,FY2013,366940,total_refunds
Delaware,FY2014,360809,total_refunds
Delaware,FY2015,357104,total_refunds
Delaware,FY2016,375169,total_refunds
Delaware,FY2017,375420,total_refunds
Delaware,FY2018,375728,total_refunds
Delaware,FY2019,377869,total_refunds
Delaware,FY2020,924315,total_refunds
Delaware,FY2021,1791606,total_refunds
Delaware,FY2022,744833,total_refunds
Delaware,FY2023,403156,total_refunds
Delaware,FY2024,384566,total_refunds
Delaware,FY2025,388519,total_refunds
Delaware-Maryland,FY1997,14132,business_income_taxes
Delaware-Maryland,FY1997,54075,employment_taxes
Delaware-Maryland,FY1997,651,estate_tax
Delaware-Maryland,FY1997,1758,excise_taxes
Delaware-Maryland,FY1997,87,gift_tax
Delaware-Maryland,FY1997,2493649,total_refunds
Denver,FY1995,10228,business_income_taxes
Denver,FY1996,11060,business_income_taxes
Denver,FY1995,34971,employment_taxes
Denver,FY1996,34353,employment_taxes
Denver,FY1995,136,estate_tax
Denver,FY1996,139,estate_tax
Denver,FY1995,816,excise_taxes
Denver,FY1996,1292,excise_taxes
Denver,FY1995,27,gift_tax
Denver,FY1996,21,gift_tax
Denver,FY1995,1194607,total_refunds
Denver,FY1996,1217889,total_refunds
Des Moines,FY1995,14712,business_income_taxes
Des Moines,FY1996,11410,business_income_taxes
Des Moines,FY1995,20688,employment_taxes
Des Moines,FY1996,19336,employment_taxes
Des Moines,FY1995,92,estate_tax
Des Moines,FY1996,109,estate_tax
Des Moines,FY1995,927,excise_taxes
Des Moines,FY1996,1636,excise_taxes
Des Moines,FY1995,8,gift_tax
Des Moines,FY1996,11,gift_tax
Des Moines,FY1995,883170,total_refunds
Des Moines,FY1996,852465,total_refunds
Detroit,FY1995,22676,business_income_taxes
Detroit,FY1996,24441,business_income_taxes
Detroit,FY1995,66435,employment_taxes
Detroit,FY1996,63245,employment_taxes
Detroit,FY1995,357,estate_tax
Detroit,FY1996,300,estate_tax
Detroit,FY1995,1830,excise_taxes
Detroit,FY1996,3413,excise_taxes
Detroit,FY1995,49,gift_tax
Detroit,FY1996,69,gift_tax
Detroit,FY1995,3335798,total_refunds
Detroit,FY1996,3349207,total_refunds
District of Columbia,FY2002,725,business_income_taxes
District of Columbia,FY2003,1230,business_income_taxes
District of Columbia,FY2004,1003,business_income_taxes
District of Columbia,FY2005,1074,business_income_taxes
District of Columbia,FY2006,1143,business_income_taxes
District of Columbia,FY2007,1701,business_income_taxes
District of Columbia,FY2008,1761,business_income_taxes
District of Columbia,FY2009,1351,business_income_taxes
District of Columbia,FY2010,1498,business_income_taxes
District of Columbia,FY2011,1371,business_income_taxes
District of Columbia,FY2012,1248,business_income_taxes
District of Columbia,FY2013,1220,business_income_taxes
District of Columbia,FY2014,1044,business_income_taxes
District of Columbia,FY2015,1047,business_income_taxes
District of Columbia,FY2016,1038,business_income_taxes
District of Columbia,FY2017,1057,business_income_taxes
District of Columbia,FY2018,1080,business_income_taxes
District of Columbia,FY2019,1180,business_income_taxes
District of Columbia,FY2020,1313,business_income_taxes
District of Columbia,FY2021,2018,business_income_taxes
District of Columbia,FY2022,2239,business_income_taxes
District of Columbia,FY2023,1217,business_income_taxes
District of Columbia,FY2024,1413,business_income_taxes
District of Columbia,FY2025,1344,business_income_taxes
District of Columbia,FY2002,3484,employment_taxes
District of Columbia,FY2003,4288,employment_taxes
District of Columbia,FY2004,3942,employment_taxes
District of Columbia,FY2005,5337,employment_taxes
District of Columbia,FY2006,5477,employment_taxes
District of Columbia,FY2007,5479,employment_taxes
District of Columbia,FY2008,5011,employment_taxes
District of Columbia,FY2009,4715,employment_taxes
District of Columbia,FY2010,4334,employment_taxes
District of Columbia,FY2011,5346,employment_taxes
District of Columbia,FY2012,4945,employment_taxes
District of Columbia,FY2013,4395,employment_taxes
District of Columbia,FY2014,3587,employment_taxes
District of Columbia,FY2015,3762,employment_taxes
District of Columbia,FY2016,3557,employment_taxes
District of Columbia,FY2017,3602,employment_taxes
District of Columbia,FY2018,3538,employment_taxes
District of Columbia,FY2019,3522,employment_taxes
District of Columbia,FY2020,3256,employment_taxes
District of Columbia,FY2021,5479,employment_taxes
District of Columbia,FY2022,9102,employment_taxes
District of Columbia,FY2023,8992,employment_taxes
District of Columbia,FY2024,4312,employment_taxes
District of Columbia,FY2025,7528,employment_taxes
District of Columbia,FY2009,1492,estate_and_trust_income_tax
District of Columbia,FY2010,1156,estate_and_trust_income_tax
District of Columbia,FY2011,771,estate_and_trust_income_tax
District of Columbia,FY2012,616,estate_and_trust_income_tax
District of Columbia,FY2013,586,estate_and_trust_income_tax
District of Columbia,FY2014,721,estate_and_trust_income_tax
District of Columbia,FY2015,761,estate_and_trust_income_tax
District of Columbia,FY2016,899,estate_and_trust_income_tax
District of Columbia,FY2017,873,estate_and_trust_income_tax
District of Columbia,FY2018,750,estate_and_trust_income_tax
District of Columbia,FY2019,878,estate_and_trust_income_tax
District of Columbia,FY2020,851,estate_and_trust_income_tax
District of Columbia,FY2021,1400,estate_and_trust_income_tax
District of Columbia,FY2022,1128,estate_and_trust_income_tax
District of Columbia,FY2023,1301,estate_and_trust_income_tax
District of Columbia,FY2024,1217,estate_and_trust_income_tax
District of Columbia,FY2025,1017,estate_and_trust_income_tax
District of Columbia,FY2002,63,estate_tax
District of Columbia,FY2003,73,estate_tax
District of Columbia,FY2004,57,estate_tax
District of Columbia,FY2005,54,estate_tax
District of Columbia,FY2006,61,estate_tax
District of Columbia,FY2007,72,estate_tax
District of Columbia,FY2008,53,estate_tax
District of Columbia,FY2009,76,estate_tax
District of Columbia,FY2010,57,estate_tax
District of Columbia,FY2011,35,estate_tax
District of Columbia,FY2012,20,estate_tax
District of Columbia,FY2013,21,estate_tax
District of Columbia,FY2014,26,estate_tax
District of Columbia,FY2015,24,estate_tax
District of Columbia,FY2016,19,estate_tax
District of Columbia,FY2018,31,estate_tax
District of Columbia,FY2019,24,estate_tax
District of Columbia,FY2020,7,estate_tax
District of Columbia,FY2025,11,estate_tax
District of Columbia,FY2002,199,excise_taxes
District of Columbia,FY2003,279,excise_taxes
District of Columbia,FY2004,221,excise_taxes
District of Columbia,FY2005,406,excise_taxes
District of Columbia,FY2006,248,excise_taxes
District of Columbia,FY2007,403,excise_taxes
District of Columbia,FY2008,302,excise_taxes
District of Columbia,FY2009,341,excise_taxes
District of Columbia,FY2010,268,excise_taxes
District of Columbia,FY2011,255,excise_taxes
District of Columbia,FY2012,271,excise_taxes
District of Columbia,FY2013,255,excise_taxes
District of Columbia,FY2014,219,excise_taxes
District of Columbia,FY2015,253,excise_taxes
District of Columbia,FY2016,227,excise_taxes
District of Columbia,FY2017,221,excise_taxes
District of Columbia,FY2018,273,excise_taxes
District of Columbia,FY2019,257,excise_taxes
District of Columbia,FY2020,238,excise_taxes
District of Columbia,FY2021,305,excise_taxes
District of Columbia,FY2022,336,excise_taxes
District of Columbia,FY2023,366,excise_taxes
District of Columbia,FY2024,433,excise_taxes
District of Columbia,FY2025,373,excise_taxes
District of Columbia,FY2002,10,gift_tax
District of Columbia,FY2003,17,gift_tax
District of Columbia,FY2004,7,gift_tax
District of Columbia,FY2005,19,gift_tax
District of Columbia,FY2006,4,gift_tax
District of Columbia,FY2007,17,gift_tax
District of Columbia,FY2008,18,gift_tax
District of Columbia,FY2009,22,gift_tax
District of Columbia,FY2010,13,gift_tax
District of Columbia,FY2011,8,gift_tax
District of Columbia,FY2012,8,gift_tax
District of Columbia,FY2013,14,gift_tax
District of Columbia,FY2014,14,gift_tax
District of Columbia,FY2015,12,gift_tax
District of Columbia,FY2016,7,gift_tax
District of Columbia,FY2018,12,gift_tax
District of Columbia,FY2019,14,gift_tax
District of Columbia,FY2020,9,gift_tax
District of Columbia,FY2025,0,gift_tax
District of Columbia,FY2002,226495,total_refunds
District of Columbia,FY2003,258296,total_refunds
District of Columbia,FY2004,224750,total_refunds
District of Columbia,FY2005,232332,total_refunds
District of Columbia,FY2006,232695,total_refunds
District of Columbia,FY2007,241142,total_refunds
District of Columbia,FY2008,464327,total_refunds
District of Columbia,FY2009,269071,total_refunds
District of Columbia,FY2010,268703,total_refunds
District of Columbia,FY2011,276552,total_refunds
District of Columbia,FY2012,278935,total_refunds
District of Columbia,FY2013,273072,total_refunds
District of Columbia,FY2014,265764,total_refunds
District of Columbia,FY2015,266006,total_refunds
District of Columbia,FY2016,280455,total_refunds
District of Columbia,FY2017,283179,total_refunds
District of Columbia,FY2018,281791,total_refunds
District of Columbia,FY2019,275098,total_refunds
District of Columbia,FY2020,654061,total_refunds
District of Columbia,FY2021,1152914,total_refunds
District of Columbia,FY2022,472631,total_refunds
District of Columbia,FY2023,276926,total_refunds
District of Columbia,FY2024,256854,total_refunds
District of Columbia,FY2025,252376,total_refunds
Earned income tax credits,FY1995,0,business_income_taxes
Earned income tax credits,FY1996,0,business_income_taxes
Earned income tax credits,FY1997,0,business_income_taxes
Earned income tax credits,FY1998,0,business_income_taxes
Earned income tax credits,FY1999,0,business_income_taxes
Earned income tax credits,FY2000,0,business_income_taxes
Earned income tax credits,FY2001,0,business_income_taxes
Earned income tax credits,FY1995,0,employment_taxes
Earned income tax credits,FY1996,0,employment_taxes
Earned income tax credits,FY1997,0,employment_taxes
Earned income tax credits,FY1998,0,employment_taxes
Earned income tax credits,FY1999,0,employment_taxes
Earned income tax credits,FY2000,0,employment_taxes
Earned income tax credits,FY2001,0,employment_taxes
Earned income tax credits,FY1995,0,estate_tax
Earned income tax credits,FY1996,0,estate_tax
Earned income tax credits,FY1997,0,estate_tax
Earned income tax credits,FY1998,0,estate_tax
Earned income tax credits,FY1999,0,estate_tax
Earned income tax credits,FY2000,0,estate_tax
Earned income tax credits,FY2001,0,estate_tax
Earned income tax credits,FY1995,0,excise_taxes
Earned income tax credits,FY1996,0,excise_taxes
Earned income tax credits,FY1997,0,excise_taxes
Earned income tax credits,FY1998,0,excise_taxes
Earned income tax credits,FY1999,0,excise_taxes
Earned income tax credits,FY2000,0,excise_taxes
Earned income tax credits,FY2001,0,excise_taxes
Earned income tax credits,FY1995,0,gift_tax
Earned income tax credits,FY1996,0,gift_tax
Earned income tax credits,FY1997,0,gift_tax
Earned income tax credits,FY1998,0,gift_tax
Earned income tax credits,FY1999,0,gift_tax
Earned income tax credits,FY2000,0,gift_tax
Earned income tax credits,FY2001,0,gift_tax
Earned income tax credits,FY1995,13026111,total_refunds
Earned income tax credits,FY1996,13937394,total_refunds
Earned income tax credits,FY1997,-27,total_refunds
Earned income tax credits,FY1998,-10,total_refunds
Earned income tax credits,FY1999,15509712,total_refunds
Earned income tax credits,FY2000,15550759,total_refunds
Earned income tax credits,FY2001,15401380,total_refunds
Earned income tax credits,FY2002,16079095,total_refunds
Earned income tax credits,FY2003,18028208,total_refunds
Earned income tax credits,FY2004,18636127,total_refunds
Earned income tax credits,FY2005,18954695,total_refunds
Earned income tax credits,FY2006,19596322,total_refunds
Earned income tax credits,FY2007,19911144,total_refunds
Earned income tax credits,FY2008,19747501,total_refunds
Earned income tax credits,FY2009,20216910,total_refunds
Earned income tax credits,FY2010,24640794,total_refunds
Earned income tax credits,FY2011,24868122,total_refunds
Earned income tax credits,FY2012,23459531,total_refunds
Earned income tax credits,FY2013,23998517,total_refunds
Earned income tax credits,FY2014,24442662,total_refunds
Earned income tax credits,FY2015,24075483,total_refunds
Earned income tax credits,FY2016,23895650,total_refunds
Earned income tax credits,FY2017,23306886,total_refunds
Earned income tax credits,FY2018,24436981,total_refunds
Earned income tax credits,FY2019,24567769,total_refunds
Earned income tax credits,FY2020,23427302,total_refunds
Earned income tax credits,FY2021,26414760,total_refunds
Earned income tax credits,FY2022,32449212,total_refunds
Earned income tax credits,FY2023,22395922,total_refunds
Earned income tax credits,FY2024,21417488,total_refunds
Earned income tax credits,FY2025,22192490,total_refunds
Excess FICA credits,FY1997,0,business_income_taxes
Excess FICA credits,FY1998,0,business_income_taxes
Excess FICA credits,FY1999,0,business_income_taxes
Excess FICA credits,FY2000,0,business_income_taxes
Excess FICA credits,FY2001,0,business_income_taxes
Excess FICA credits,FY1997,1,employment_taxes
Excess FICA credits,FY1998,1,employment_taxes
Excess FICA credits,FY1997,0,estate_tax
Excess FICA credits,FY1998,0,estate_tax
Excess FICA credits,FY1999,0,estate_tax
Excess FICA credits,FY2000,0,estate_tax
Excess FICA credits,FY2001,0,estate_tax
Excess FICA credits,FY1997,0,excise_taxes
Excess FICA credits,FY1998,0,excise_taxes
Excess FICA credits,FY1999,0,excise_taxes
Excess FICA credits,FY2000,0,excise_taxes
Excess FICA credits,FY2001,0,excise_taxes
Excess FICA credits,FY1997,0,gift_tax
Excess FICA credits,FY1998,0,gift_tax
Excess FICA credits,FY1999,0,gift_tax
Excess FICA credits,FY2000,0,gift_tax
Excess FICA credits,FY2001,0,gift_tax
Excess FICA credits,FY1997,1,total_refunds
Excess FICA credits,FY1998,1,total_refunds
Fargo,FY1995,4738,business_income_taxes
Fargo,FY1996,3817,business_income_taxes
Fargo,FY1995,6255,employment_taxes
Fargo,FY1996,5740,employment_taxes
Fargo,FY1995,30,estate_tax
Fargo,FY1996,40,estate_tax
Fargo,FY1995,404,excise_taxes
Fargo,FY1996,509,excise_taxes
Fargo,FY1995,1,gift_tax
Fargo,FY1996,4,gift_tax
Fargo,FY1995,215347,total_refunds
Fargo,FY1996,198327,total_refunds
Florida,FY1995,25582,business_income_taxes
Florida,FY1996,26096,business_income_taxes
Florida,FY1998,22231,business_income_taxes
Florida,FY1999,21622,business_income_taxes
Florida,FY2000,21158,business_income_taxes
Florida,FY2001,21156,business_income_taxes
Florida,FY2002,22705,business_income_taxes
Florida,FY2003,23498,business_income_taxes
Florida,FY2004,20258,business_income_taxes
Florida,FY2005,22082,business_income_taxes
Florida,FY2006,25807,business_income_taxes
Florida,FY2007,61192,business_income_taxes
Florida,FY2008,41505,business_income_taxes
Florida,FY2009,36366,business_income_taxes
Florida,FY2010,39510,business_income_taxes
Florida,FY2011,34697,business_income_taxes
Florida,FY2012,28424,business_income_taxes
Florida,FY2013,24367,business_income_taxes
Florida,FY2014,21455,business_income_taxes
Florida,FY2015,22741,business_income_taxes
Florida,FY2016,22806,business_income_taxes
Florida,FY2017,23698,business_income_taxes
Florida,FY2018,22891,business_income_taxes
Florida,FY2019,23888,business_income_taxes
Florida,FY2020,22525,business_income_taxes
Florida,FY2021,33178,business_income_taxes
Florida,FY2022,68609,business_income_taxes
Florida,FY2023,33477,business_income_taxes
Florida,FY2024,43462,business_income_taxes
Florida,FY2025,46214,business_income_taxes
Florida,FY1995,148583,employment_taxes
Florida,FY1996,145414,employment_taxes
Florida,FY1998,136984,employment_taxes
Florida,FY1999,141278,employment_taxes
Florida,FY2000,140754,employment_taxes
Florida,FY2001,138791,employment_taxes
Florida,FY2002,135731,employment_taxes
Florida,FY2003,135560,employment_taxes
Florida,FY2004,133182,employment_taxes
Florida,FY2005,176742,employment_taxes
Florida,FY2006,185221,employment_taxes
Florida,FY2007,183954,employment_taxes
Florida,FY2008,172061,employment_taxes
Florida,FY2009,147379,employment_taxes
Florida,FY2010,123132,employment_taxes
Florida,FY2011,146339,employment_taxes
Florida,FY2012,131371,employment_taxes
Florida,FY2013,115649,employment_taxes
Florida,FY2014,109629,employment_taxes
Florida,FY2015,106585,employment_taxes
Florida,FY2016,101902,employment_taxes
Florida,FY2017,97855,employment_taxes
Florida,FY2018,90633,employment_taxes
Florida,FY2019,96194,employment_taxes
Florida,FY2020,84265,employment_taxes
Florida,FY2021,145007,employment_taxes
Florida,FY2022,183307,employment_taxes
Florida,FY2023,250470,employment_taxes
Florida,FY2024,111596,employment_taxes
Florida,FY2025,189661,employment_taxes
Florida,FY2009,36910,estate_and_trust_income_tax
Florida,FY2010,19935,estate_and_trust_income_tax
Florida,FY2011,12920,estate_and_trust_income_tax
Florida,FY2012,12318,estate_and_trust_income_tax
Florida,FY2013,11702,estate_and_trust_income_tax
Florida,FY2014,13954,estate_and_trust_income_tax
Florida,FY2015,15259,estate_and_trust_income_tax
Florida,FY2016,19282,estate_and_trust_income_tax
Florida,FY2017,19522,estate_and_trust_income_tax
Florida,FY2018,14936,estate_and_trust_income_tax
Florida,FY2019,18183,estate_and_trust_income_tax
Florida,FY2020,18301,estate_and_trust_income_tax
Florida,FY2021,29704,estate_and_trust_income_tax
Florida,FY2022,24795,estate_and_trust_income_tax
Florida,FY2023,32949,estate_and_trust_income_tax
Florida,FY2024,31189,estate_and_trust_income_tax
Florida,FY2025,32079,estate_and_trust_income_tax
Florida,FY1995,1157,estate_tax
Florida,FY1996,1043,estate_tax
Florida,FY1998,1336,estate_tax
Florida,FY1999,1104,estate_tax
Florida,FY2000,1149,estate_tax
Florida,FY2001,1192,estate_tax
Florida,FY2002,1327,estate_tax
Florida,FY2003,1267,estate_tax
Florida,FY2004,889,estate_tax
Florida,FY2005,961,estate_tax
Florida,FY2006,942,estate_tax
Florida,FY2007,1037,estate_tax
Florida,FY2008,960,estate_tax
Florida,FY2009,894,estate_tax
Florida,FY2010,642,estate_tax
Florida,FY2011,416,estate_tax
Florida,FY2012,338,estate_tax
Florida,FY2013,404,estate_tax
Florida,FY2014,373,estate_tax
Florida,FY2015,380,estate_tax
Florida,FY2016,470,estate_tax
Florida,FY2017,475,estate_tax
Florida,FY2018,511,estate_tax
Florida,FY2019,377,estate_tax
Florida,FY2020,267,estate_tax
Florida,FY2021,325,estate_tax
Florida,FY2022,292,estate_tax
Florida,FY2023,426,estate_tax
Florida,FY2024,388,estate_tax
Florida,FY2025,406,estate_tax
Florida,FY1995,4612,excise_taxes
Florida,FY1996,7525,excise_taxes
Florida,FY1998,1697,excise_taxes
Florida,FY1999,3326,excise_taxes
Florida,FY2000,3488,excise_taxes
Florida,FY2001,3523,excise_taxes
Florida,FY2002,3658,excise_taxes
Florida,FY2003,3527,excise_taxes
Florida,FY2004,3459,excise_taxes
Florida,FY2005,6338,excise_taxes
Florida,FY2006,5160,excise_taxes
Florida,FY2007,8286,excise_taxes
Florida,FY2008,5756,excise_taxes
Florida,FY2009,6469,excise_taxes
Florida,FY2010,5645,excise_taxes
Florida,FY2011,5275,excise_taxes
Florida,FY2012,4800,excise_taxes
Florida,FY2013,4650,excise_taxes
Florida,FY2014,4237,excise_taxes
Florida,FY2015,4810,excise_taxes
Florida,FY2016,4939,excise_taxes
Florida,FY2017,5036,excise_taxes
Florida,FY2018,4451,excise_taxes
Florida,FY2019,5432,excise_taxes
Florida,FY2020,4983,excise_taxes
Florida,FY2021,7021,excise_taxes
Florida,FY2022,6811,excise_taxes
Florida,FY2023,6760,excise_taxes
Florida,FY2024,7949,excise_taxes
Florida,FY2025,7571,excise_taxes
Florida,FY1995,229,gift_tax
Florida,FY1996,239,gift_tax
Florida,FY1998,386,gift_tax
Florida,FY1999,377,gift_tax
Florida,FY2000,442,gift_tax
Florida,FY2001,402,gift_tax
Florida,FY2002,418,gift_tax
Florida,FY2003,363,gift_tax
Florida,FY2004,219,gift_tax
Florida,FY2005,276,gift_tax
Florida,FY2006,324,gift_tax
Florida,FY2007,358,gift_tax
Florida,FY2008,364,gift_tax
Florida,FY2009,385,gift_tax
Florida,FY2010,398,gift_tax
Florida,FY2011,415,gift_tax
Florida,FY2012,455,gift_tax
Florida,FY2013,268,gift_tax
Florida,FY2014,329,gift_tax
Florida,FY2015,199,gift_tax
Florida,FY2016,207,gift_tax
Florida,FY2017,171,gift_tax
Florida,FY2018,152,gift_tax
Florida,FY2019,131,gift_tax
Florida,FY2020,81,gift_tax
Florida,FY2021,78,gift_tax
Florida,FY2022,160,gift_tax
Florida,FY2023,210,gift_tax
Florida,FY2024,159,gift_tax
Florida,FY2025,134,gift_tax
Florida,FY1995,4328922,total_refunds
Florida,FY1996,4443857,total_refunds
Florida,FY1998,3647526,total_refunds
Florida,FY1999,5352039,total_refunds
Florida,FY2000,4960821,total_refunds
Florida,FY2001,10460156,total_refunds
Florida,FY2002,6428853,total_refunds
Florida,FY2003,7215550,total_refunds
Florida,FY2004,6505752,total_refunds
Florida,FY2005,6801046,total_refunds
Florida,FY2006,6944596,total_refunds
Florida,FY2007,7464372,total_refunds
Florida,FY2008,15135693,total_refunds
Florida,FY2009,8087177,total_refunds
Florida,FY2010,7817986,total_refunds
Florida,FY2011,8485549,total_refunds
Florida,FY2012,8389372,total_refunds
Florida,FY2013,7872556,total_refunds
Florida,FY2014,7606995,total_refunds
Florida,FY2015,7679598,total_refunds
Florida,FY2016,7943801,total_refunds
Florida,FY2017,8001295,total_refunds
Florida,FY2018,8104382,total_refunds
Florida,FY2019,8199811,total_refunds
Florida,FY2020,20865834,total_refunds
Florida,FY2021,41382504,total_refunds
Florida,FY2022,16121074,total_refunds
Florida,FY2023,8854152,total_refunds
Florida,FY2024,8615001,total_refunds
Florida,FY2025,8980657,total_refunds
Ft. Lauderdale,FY1995,12055,business_income_taxes
Ft. Lauderdale,FY1996,12102,business_income_taxes
Ft. Lauderdale,FY1995,75551,employment_taxes
Ft. Lauderdale,FY1996,73916,employment_taxes
Ft. Lauderdale,FY1995,457,estate_tax
Ft. Lauderdale,FY1996,376,estate_tax
Ft. Lauderdale,FY1995,1588,excise_taxes
Ft. Lauderdale,FY1996,3577,excise_taxes
Ft. Lauderdale,FY1995,173,gift_tax
Ft. Lauderdale,FY1996,180,gift_tax
Ft. Lauderdale,FY1995,1883106,total_refunds
Ft. Lauderdale,FY1996,1922997,total_refunds
Georgia,FY1997,13520,business_income_taxes
Georgia,FY1998,12383,business_income_taxes
Georgia,FY1999,12398,business_income_taxes
Georgia,FY2000,11038,business_income_taxes
Georgia,FY2001,11490,business_income_taxes
Georgia,FY2002,12425,business_income_taxes
Georgia,FY2003,12721,business_income_taxes
Georgia,FY2004,10732,business_income_taxes
Georgia,FY2005,11142,business_income_taxes
Georgia,FY2006,11801,business_income_taxes
Georgia,FY2007,22793,business_income_taxes
Georgia,FY2008,16597,business_income_taxes
Georgia,FY2009,15002,business_income_taxes
Georgia,FY2010,16781,business_income_taxes
Georgia,FY2011,15221,business_income_taxes
Georgia,FY2012,11485,business_income_taxes
Georgia,FY2013,9992,business_income_taxes
Georgia,FY2014,8704,business_income_taxes
Georgia,FY2015,8908,business_income_taxes
Georgia,FY2016,8646,business_income_taxes
Georgia,FY2017,8607,business_income_taxes
Georgia,FY2018,8113,business_income_taxes
Georgia,FY2019,7692,business_income_taxes
Georgia,FY2020,7056,business_income_taxes
Georgia,FY2021,10535,business_income_taxes
Georgia,FY2022,20516,business_income_taxes
Georgia,FY2023,9530,business_income_taxes
Georgia,FY2024,10719,business_income_taxes
Georgia,FY2025,10888,business_income_taxes
Georgia,FY1997,59242,employment_taxes
Georgia,FY1998,56160,employment_taxes
Georgia,FY1999,58457,employment_taxes
Georgia,FY2000,56772,employment_taxes
Georgia,FY2001,55828,employment_taxes
Georgia,FY2002,54669,employment_taxes
Georgia,FY2003,53472,employment_taxes
Georgia,FY2004,51062,employment_taxes
Georgia,FY2005,66019,employment_taxes
Georgia,FY2006,68294,employment_taxes
Georgia,FY2007,68205,employment_taxes
Georgia,FY2008,66167,employment_taxes
Georgia,FY2009,58343,employment_taxes
Georgia,FY2010,48739,employment_taxes
Georgia,FY2011,59269,employment_taxes
Georgia,FY2012,51975,employment_taxes
Georgia,FY2013,45480,employment_taxes
Georgia,FY2014,37367,employment_taxes
Georgia,FY2015,43775,employment_taxes
Georgia,FY2016,39220,employment_taxes
Georgia,FY2017,37881,employment_taxes
Georgia,FY2018,36673,employment_taxes
Georgia,FY2019,36370,employment_taxes
Georgia,FY2020,33398,employment_taxes
Georgia,FY2021,58731,employment_taxes
Georgia,FY2022,80365,employment_taxes
Georgia,FY2023,106416,employment_taxes
Georgia,FY2024,43416,employment_taxes
Georgia,FY2025,75115,employment_taxes
Georgia,FY2009,7642,estate_and_trust_income_tax
Georgia,FY2010,5175,estate_and_trust_income_tax
Georgia,FY2011,3831,estate_and_trust_income_tax
Georgia,FY2012,3592,estate_and_trust_income_tax
Georgia,FY2013,3569,estate_and_trust_income_tax
Georgia,FY2014,4027,estate_and_trust_income_tax
Georgia,FY2015,4135,estate_and_trust_income_tax
Georgia,FY2016,4881,estate_and_trust_income_tax
Georgia,FY2017,4605,estate_and_trust_income_tax
Georgia,FY2018,4069,estate_and_trust_income_tax
Georgia,FY2019,4575,estate_and_trust_income_tax
Georgia,FY2020,4685,estate_and_trust_income_tax
Georgia,FY2021,7551,estate_and_trust_income_tax
Georgia,FY2022,6937,estate_and_trust_income_tax
Georgia,FY2023,7377,estate_and_trust_income_tax
Georgia,FY2024,7182,estate_and_trust_income_tax
Georgia,FY2025,8054,estate_and_trust_income_tax
Georgia,FY1997,180,estate_tax
Georgia,FY1998,243,estate_tax
Georgia,FY1999,300,estate_tax
Georgia,FY2000,327,estate_tax
Georgia,FY2001,349,estate_tax
Georgia,FY2002,434,estate_tax
Georgia,FY2003,389,estate_tax
Georgia,FY2004,285,estate_tax
Georgia,FY2005,307,estate_tax
Georgia,FY2006,302,estate_tax
Georgia,FY2007,259,estate_tax
Georgia,FY2008,248,estate_tax
Georgia,FY2009,224,estate_tax
Georgia,FY2010,195,estate_tax
Georgia,FY2011,135,estate_tax
Georgia,FY2012,95,estate_tax
Georgia,FY2013,112,estate_tax
Georgia,FY2014,95,estate_tax
Georgia,FY2015,123,estate_tax
Georgia,FY2016,100,estate_tax
Georgia,FY2017,109,estate_tax
Georgia,FY2018,102,estate_tax
Georgia,FY2019,88,estate_tax
Georgia,FY2020,43,estate_tax
Georgia,FY2021,57,estate_tax
Georgia,FY2022,46,estate_tax
Georgia,FY2023,83,estate_tax
Georgia,FY2024,90,estate_tax
Georgia,FY2025,82,estate_tax
Georgia,FY1997,1738,excise_taxes
Georgia,FY1998,939,excise_taxes
Georgia,FY1999,1886,excise_taxes
Georgia,FY2000,1799,excise_taxes
Georgia,FY2001,1774,excise_taxes
Georgia,FY2002,1747,excise_taxes
Georgia,FY2003,1673,excise_taxes
Georgia,FY2004,1720,excise_taxes
Georgia,FY2005,3297,excise_taxes
Georgia,FY2006,2343,excise_taxes
Georgia,FY2007,3780,excise_taxes
Georgia,FY2008,2531,excise_taxes
Georgia,FY2009,2341,excise_taxes
Georgia,FY2010,2605,excise_taxes
Georgia,FY2011,2316,excise_taxes
Georgia,FY2012,2271,excise_taxes
Georgia,FY2013,2117,excise_taxes
Georgia,FY2014,1969,excise_taxes
Georgia,FY2015,2265,excise_taxes
Georgia,FY2016,2435,excise_taxes
Georgia,FY2017,2319,excise_taxes
Georgia,FY2018,2365,excise_taxes
Georgia,FY2019,2988,excise_taxes
Georgia,FY2020,2594,excise_taxes
Georgia,FY2021,3588,excise_taxes
Georgia,FY2022,3381,excise_taxes
Georgia,FY2023,3377,excise_taxes
Georgia,FY2024,4138,excise_taxes
Georgia,FY2025,3886,excise_taxes
Georgia,FY1997,35,gift_tax
Georgia,FY1998,62,gift_tax
Georgia,FY1999,67,gift_tax
Georgia,FY2000,68,gift_tax
Georgia,FY2001,73,gift_tax
Georgia,FY2002,57,gift_tax
Georgia,FY2003,79,gift_tax
Georgia,FY2004,26,gift_tax
Georgia,FY2005,23,gift_tax
Georgia,FY2006,38,gift_tax
Georgia,FY2007,66,gift_tax
Georgia,FY2008,61,gift_tax
Georgia,FY2009,66,gift_tax
Georgia,FY2010,82,gift_tax
Georgia,FY2011,58,gift_tax
Georgia,FY2012,68,gift_tax
Georgia,FY2013,29,gift_tax
Georgia,FY2014,35,gift_tax
Georgia,FY2015,20,gift_tax
Georgia,FY2016,27,gift_tax
Georgia,FY2017,14,gift_tax
Georgia,FY2018,26,gift_tax
Georgia,FY2019,28,gift_tax
Georgia,FY2020,7,gift_tax
Georgia,FY2021,18,gift_tax
Georgia,FY2022,24,gift_tax
Georgia,FY2023,34,gift_tax
Georgia,FY2024,35,gift_tax
Georgia,FY2025,10,gift_tax
Georgia,FY1997,2475952,total_refunds
Georgia,FY1998,1678197,total_refunds
Georgia,FY1999,2765872,total_refunds
Georgia,FY2000,2783408,total_refunds
Georgia,FY2001,5012078,total_refunds
Georgia,FY2002,3160299,total_refunds
Georgia,FY2003,3715485,total_refunds
Georgia,FY2004,3045431,total_refunds
Georgia,FY2005,3189386,total_refunds
Georgia,FY2006,3314315,total_refunds
Georgia,FY2007,3553883,total_refunds
Georgia,FY2008,7092550,total_refunds
Georgia,FY2009,3848604,total_refunds
Georgia,FY2010,3807216,total_refunds
Georgia,FY2011,3890871,total_refunds
Georgia,FY2012,3908253,total_refunds
Georgia,FY2013,3730435,total_refunds
Georgia,FY2014,3618237,total_refunds
Georgia,FY2015,3606432,total_refunds
Georgia,FY2016,3703399,total_refunds
Georgia,FY2017,3660309,total_refunds
Georgia,FY2018,3686183,total_refunds
Georgia,FY2019,3627968,total_refunds
Georgia,FY2020,9414855,total_refunds
Georgia,FY2021,19491282,total_refunds
Georgia,FY2022,7995047,total_refunds
Georgia,FY2023,3845847,total_refunds
Georgia,FY2024,3632460,total_refunds
Georgia,FY2025,3765118,total_refunds
Greensboro,FY1995,12787,business_income_taxes
Greensboro,FY1996,13632,business_income_taxes
Greensboro,FY1995,55315,employment_taxes
Greensboro,FY1996,50173,employment_taxes
Greensboro,FY1995,207,estate_tax
Greensboro,FY1996,244,estate_tax
Greensboro,FY1995,1334,excise_taxes
Greensboro,FY1996,2136,excise_taxes
Greensboro,FY1995,35,gift_tax
Greensboro,FY1996,9,gift_tax
Greensboro,FY1995,2596273,total_refunds
Greensboro,FY1996,2469314,total_refunds
Gulf Coast,FY1997,18716,business_income_taxes
Gulf Coast,FY1997,94939,employment_taxes
Gulf Coast,FY1997,357,estate_tax
Gulf Coast,FY1997,1437,excise_taxes
Gulf Coast,FY1997,75,gift_tax
Gulf Coast,FY1997,4878510,total_refunds
Hartford,FY1995,6751,business_income_taxes
Hartford,FY1996,6971,business_income_taxes
Hartford,FY1995,30803,employment_taxes
Hartford,FY1996,28926,employment_taxes
Hartford,FY1995,461,estate_tax
Hartford,FY1996,389,estate_tax
Hartford,FY1995,1319,excise_taxes
Hartford,FY1996,2540,excise_taxes
Hartford,FY1995,48,gift_tax
Hartford,FY1996,48,gift_tax
Hartford,FY1995,1221685,total_refunds
Hartford,FY1996,1167263,total_refunds
Hawaii,FY1998,3039,business_income_taxes
Hawaii,FY1999,2882,business_income_taxes
Hawaii,FY2000,2577,business_income_taxes
Hawaii,FY2001,2386,business_income_taxes
Hawaii,FY2002,2691,business_income_taxes
Hawaii,FY2003,3100,business_income_taxes
Hawaii,FY2004,2461,business_income_taxes
Hawaii,FY2005,2669,business_income_taxes
Hawaii,FY2006,2872,business_income_taxes
Hawaii,FY2007,3537,business_income_taxes
Hawaii,FY2008,3461,business_income_taxes
Hawaii,FY2009,3540,business_income_taxes
Hawaii,FY2010,3874,business_income_taxes
Hawaii,FY2011,3266,business_income_taxes
Hawaii,FY2012,2851,business_income_taxes
Hawaii,FY2013,2502,business_income_taxes
Hawaii,FY2014,2097,business_income_taxes
Hawaii,FY2015,2182,business_income_taxes
Hawaii,FY2016,1952,business_income_taxes
Hawaii,FY2017,1931,business_income_taxes
Hawaii,FY2018,1970,business_income_taxes
Hawaii,FY2019,1924,business_income_taxes
Hawaii,FY2020,1699,business_income_taxes
Hawaii,FY2021,2613,business_income_taxes
Hawaii,FY2022,4049,business_income_taxes
Hawaii,FY2023,2023,business_income_taxes
Hawaii,FY2024,2119,business_income_taxes
Hawaii,FY2025,2060,business_income_taxes
Hawaii,FY1998,7489,employment_taxes
Hawaii,FY1999,7649,employment_taxes
Hawaii,FY2000,7209,employment_taxes
Hawaii,FY2001,7071,employment_taxes
Hawaii,FY2002,6998,employment_taxes
Hawaii,FY2003,7366,employment_taxes
Hawaii,FY2004,7120,employment_taxes
Hawaii,FY2005,9017,employment_taxes
Hawaii,FY2006,9784,employment_taxes
Hawaii,FY2007,10266,employment_taxes
Hawaii,FY2008,10148,employment_taxes
Hawaii,FY2009,8520,employment_taxes
Hawaii,FY2010,7489,employment_taxes
Hawaii,FY2011,9847,employment_taxes
Hawaii,FY2012,9378,employment_taxes
Hawaii,FY2013,7605,employment_taxes
Hawaii,FY2014,5798,employment_taxes
Hawaii,FY2015,6016,employment_taxes
Hawaii,FY2016,5878,employment_taxes
Hawaii,FY2017,5743,employment_taxes
Hawaii,FY2018,5295,employment_taxes
Hawaii,FY2019,5314,employment_taxes
Hawaii,FY2020,4671,employment_taxes
Hawaii,FY2021,8823,employment_taxes
Hawaii,FY2022,11803,employment_taxes
Hawaii,FY2023,12663,employment_taxes
Hawaii,FY2024,5471,employment_taxes
Hawaii,FY2025,9074,employment_taxes
Hawaii,FY2009,2352,estate_and_trust_income_tax
Hawaii,FY2010,1592,estate_and_trust_income_tax
Hawaii,FY2011,1207,estate_and_trust_income_tax
Hawaii,FY2012,1273,estate_and_trust_income_tax
Hawaii,FY2013,1264,estate_and_trust_income_tax
Hawaii,FY2014,1388,estate_and_trust_income_tax
Hawaii,FY2015,1366,estate_and_trust_income_tax
Hawaii,FY2016,1488,estate_and_trust_income_tax
Hawaii,FY2017,1510,estate_and_trust_income_tax
Hawaii,FY2018,1424,estate_and_trust_income_tax
Hawaii,FY2019,1532,estate_and_trust_income_tax
Hawaii,FY2020,1527,estate_and_trust_income_tax
Hawaii,FY2021,2420,estate_and_trust_income_tax
Hawaii,FY2022,1940,estate_and_trust_income_tax
Hawaii,FY2023,2277,estate_and_trust_income_tax
Hawaii,FY2024,2027,estate_and_trust_income_tax
Hawaii,FY2025,2046,estate_and_trust_income_tax
Hawaii,FY1998,82,estate_tax
Hawaii,FY1999,114,estate_tax
Hawaii,FY2000,114,estate_tax
Hawaii,FY2001,124,estate_tax
Hawaii,FY2002,84,estate_tax
Hawaii,FY2003,94,estate_tax
Hawaii,FY2004,80,estate_tax
Hawaii,FY2005,101,estate_tax
Hawaii,FY2006,89,estate_tax
Hawaii,FY2007,85,estate_tax
Hawaii,FY2008,97,estate_tax
Hawaii,FY2009,92,estate_tax
Hawaii,FY2010,71,estate_tax
Hawaii,FY2011,32,estate_tax
Hawaii,FY2012,20,estate_tax
Hawaii,FY2014,18,estate_tax
Hawaii,FY2015,25,estate_tax
Hawaii,FY2022,13,estate_tax
Hawaii,FY2024,15,estate_tax
Hawaii,FY2025,17,estate_tax
Hawaii,FY1998,19,excise_taxes
Hawaii,FY1999,138,excise_taxes
Hawaii,FY2000,155,excise_taxes
Hawaii,FY2001,156,excise_taxes
Hawaii,FY2002,267,excise_taxes
Hawaii,FY2003,271,excise_taxes
Hawaii,FY2004,235,excise_taxes
Hawaii,FY2005,455,excise_taxes
Hawaii,FY2006,285,excise_taxes
Hawaii,FY2007,385,excise_taxes
Hawaii,FY2008,317,excise_taxes
Hawaii,FY2009,342,excise_taxes
Hawaii,FY2010,414,excise_taxes
Hawaii,FY2011,294,excise_taxes
Hawaii,FY2012,346,excise_taxes
Hawaii,FY2013,293,excise_taxes
Hawaii,FY2014,230,excise_taxes
Hawaii,FY2015,276,excise_taxes
Hawaii,FY2016,283,excise_taxes
Hawaii,FY2017,229,excise_taxes
Hawaii,FY2018,246,excise_taxes
Hawaii,FY2019,320,excise_taxes
Hawaii,FY2020,294,excise_taxes
Hawaii,FY2021,411,excise_taxes
Hawaii,FY2022,356,excise_taxes
Hawaii,FY2023,328,excise_taxes
Hawaii,FY2024,425,excise_taxes
Hawaii,FY2025,365,excise_taxes
Hawaii,FY1998,14,gift_tax
Hawaii,FY1999,15,gift_tax
Hawaii,FY2000,5,gift_tax
Hawaii,FY2001,20,gift_tax
Hawaii,FY2002,13,gift_tax
Hawaii,FY2003,10,gift_tax
Hawaii,FY2004,9,gift_tax
Hawaii,FY2005,14,gift_tax
Hawaii,FY2006,13,gift_tax
Hawaii,FY2007,21,gift_tax
Hawaii,FY2008,15,gift_tax
Hawaii,FY2009,18,gift_tax
Hawaii,FY2010,16,gift_tax
Hawaii,FY2011,15,gift_tax
Hawaii,FY2012,19,gift_tax
Hawaii,FY2014,8,gift_tax
Hawaii,FY2015,9,gift_tax
Hawaii,FY2022,10,gift_tax
Hawaii,FY2024,10,gift_tax
Hawaii,FY2025,11,gift_tax
Hawaii,FY1998,306583,total_refunds
Hawaii,FY1999,421463,total_refunds
Hawaii,FY2000,423032,total_refunds
Hawaii,FY2001,804860,total_refunds
Hawaii,FY2002,478401,total_refunds
Hawaii,FY2003,562895,total_refunds
Hawaii,FY2004,477749,total_refunds
Hawaii,FY2005,490187,total_refunds
Hawaii,FY2006,500775,total_refunds
Hawaii,FY2007,528506,total_refunds
Hawaii,FY2008,1081714,total_refunds
Hawaii,FY2009,576105,total_refunds
Hawaii,FY2010,544826,total_refunds
Hawaii,FY2011,543583,total_refunds
Hawaii,FY2012,550994,total_refunds
Hawaii,FY2013,549605,total_refunds
Hawaii,FY2014,536883,total_refunds
Hawaii,FY2015,541056,total_refunds
Hawaii,FY2016,546574,total_refunds
Hawaii,FY2017,545207,total_refunds
Hawaii,FY2018,547216,total_refunds
Hawaii,FY2019,542738,total_refunds
Hawaii,FY2020,1351630,total_refunds
Hawaii,FY2021,2561828,total_refunds
Hawaii,FY2022,1000792,total_refunds
Hawaii,FY2023,523542,total_refunds
Hawaii,FY2024,504116,total_refunds
Hawaii,FY2025,498351,total_refunds
Helena,FY1995,4712,business_income_taxes
Helena,FY1996,4461,business_income_taxes
Helena,FY1995,9019,employment_taxes
Helena,FY1996,8649,employment_taxes
Helena,FY1995,52,estate_tax
Helena,FY1996,53,estate_tax
Helena,FY1995,344,excise_taxes
Helena,FY1996,396,excise_taxes
Helena,FY1995,4,gift_tax
Helena,FY1996,4,gift_tax
Helena,FY1995,272299,total_refunds
Helena,FY1996,266935,total_refunds
Highway and airport trust funds,FY1997,-4,business_income_taxes
Highway and airport trust funds,FY1998,0,business_income_taxes
Highway and airport trust funds,FY2000,-4,business_income_taxes
Highway and airport trust funds,FY2001,-4,business_income_taxes
Highway and airport trust funds,FY1997,0,employment_taxes
Highway and airport trust funds,FY1998,0,employment_taxes
Highway and airport trust funds,FY1999,0,employment_taxes
Highway and airport trust funds,FY2000,0,employment_taxes
Highway and airport trust funds,FY2001,0,employment_taxes
Highway and airport trust funds,FY1997,0,estate_tax
Highway and airport trust funds,FY1998,0,estate_tax
Highway and airport trust funds,FY1999,0,estate_tax
Highway and airport trust funds,FY2000,0,estate_tax
Highway and airport trust funds,FY2001,0,estate_tax
Highway and airport trust funds,FY1997,69,excise_taxes
Highway and airport trust funds,FY1998,44,excise_taxes
Highway and airport trust funds,FY1999,89,excise_taxes
Highway and airport trust funds,FY2000,86,excise_taxes
Highway and airport trust funds,FY2001,94,excise_taxes
Highway and airport trust funds,FY1997,0,gift_tax
Highway and airport trust funds,FY1998,0,gift_tax
Highway and airport trust funds,FY1999,0,gift_tax
Highway and airport trust funds,FY2000,0,gift_tax
Highway and airport trust funds,FY2001,0,gift_tax
Highway and airport trust funds,FY1997,69,total_refunds
Highway and airport trust funds,FY1998,44,total_refunds
Highway and airport trust funds,FY1999,89,total_refunds
Highway and airport trust funds,FY2000,86,total_refunds
Highway and airport trust funds,FY2001,92,total_refunds
Honolulu,FY1995,4351,business_income_taxes
Honolulu,FY1996,4298,business_income_taxes
Honolulu,FY1995,8652,employment_taxes
Honolulu,FY1996,8227,employment_taxes
Honolulu,FY1995,79,estate_tax
Honolulu,FY1996,102,estate_tax
Honolulu,FY1995,213,excise_taxes
Honolulu,FY1996,335,excise_taxes
Honolulu,FY1995,11,gift_tax
Honolulu,FY1996,6,gift_tax
Honolulu,FY1995,387617,total_refunds
Honolulu,FY1996,376845,total_refunds
Houston,FY1995,9999,business_income_taxes
Houston,FY1996,9842,business_income_taxes
Houston,FY1997,10030,business_income_taxes
Houston,FY1995,39442,employment_taxes
Houston,FY1996,38490,employment_taxes
Houston,FY1997,41008,employment_taxes
Houston,FY1995,162,estate_tax
Houston,FY1996,181,estate_tax
Houston,FY1997,215,estate_tax
Houston,FY1995,1056,excise_taxes
Houston,FY1996,1993,excise_taxes
Houston,FY1997,730,excise_taxes
Houston,FY1995,54,gift_tax
Houston,FY1996,50,gift_tax
Houston,FY1997,70,gift_tax
Houston,FY1995,1541219,total_refunds
Houston,FY1996,1508169,total_refunds
Houston,FY1997,2722272,total_refunds
Idaho,FY1998,2435,business_income_taxes
Idaho,FY1999,2540,business_income_taxes
Idaho,FY2000,2291,business_income_taxes
Idaho,FY2001,2289,business_income_taxes
Idaho,FY2002,2434,business_income_taxes
Idaho,FY2003,2489,business_income_taxes
Idaho,FY2004,2287,business_income_taxes
Idaho,FY2005,2279,business_income_taxes
Idaho,FY2006,2339,business_income_taxes
Idaho,FY2007,5285,business_income_taxes
Idaho,FY2008,3592,business_income_taxes
Idaho,FY2009,3285,business_income_taxes
Idaho,FY2010,3071,business_income_taxes
Idaho,FY2011,2495,business_income_taxes
Idaho,FY2012,2174,business_income_taxes
Idaho,FY2013,2003,business_income_taxes
Idaho,FY2014,1916,business_income_taxes
Idaho,FY2015,1758,business_income_taxes
Idaho,FY2016,1611,business_income_taxes
Idaho,FY2017,1628,business_income_taxes
Idaho,FY2018,1538,business_income_taxes
Idaho,FY2019,1340,business_income_taxes
Idaho,FY2020,1227,business_income_taxes
Idaho,FY2021,1786,business_income_taxes
Idaho,FY2022,3060,business_income_taxes
Idaho,FY2023,1604,business_income_taxes
Idaho,FY2024,1717,business_income_taxes
Idaho,FY2025,1760,business_income_taxes
Idaho,FY1998,11073,employment_taxes
Idaho,FY1999,10827,employment_taxes
Idaho,FY2000,10827,employment_taxes
Idaho,FY2001,10684,employment_taxes
Idaho,FY2002,10543,employment_taxes
Idaho,FY2003,10544,employment_taxes
Idaho,FY2004,10981,employment_taxes
Idaho,FY2005,13141,employment_taxes
Idaho,FY2006,14063,employment_taxes
Idaho,FY2007,15586,employment_taxes
Idaho,FY2008,15236,employment_taxes
Idaho,FY2009,13389,employment_taxes
Idaho,FY2010,11799,employment_taxes
Idaho,FY2011,14389,employment_taxes
Idaho,FY2012,13397,employment_taxes
Idaho,FY2013,12558,employment_taxes
Idaho,FY2014,10145,employment_taxes
Idaho,FY2015,9817,employment_taxes
Idaho,FY2016,9835,employment_taxes
Idaho,FY2017,9708,employment_taxes
Idaho,FY2018,9193,employment_taxes
Idaho,FY2019,10064,employment_taxes
Idaho,FY2020,9087,employment_taxes
Idaho,FY2021,16486,employment_taxes
Idaho,FY2022,19165,employment_taxes
Idaho,FY2023,23965,employment_taxes
Idaho,FY2024,11644,employment_taxes
Idaho,FY2025,18291,employment_taxes
Idaho,FY2009,1052,estate_and_trust_income_tax
Idaho,FY2010,733,estate_and_trust_income_tax
Idaho,FY2011,552,estate_and_trust_income_tax
Idaho,FY2012,532,estate_and_trust_income_tax
Idaho,FY2013,534,estate_and_trust_income_tax
Idaho,FY2014,579,estate_and_trust_income_tax
Idaho,FY2015,653,estate_and_trust_income_tax
Idaho,FY2016,767,estate_and_trust_income_tax
Idaho,FY2017,695,estate_and_trust_income_tax
Idaho,FY2018,573,estate_and_trust_income_tax
Idaho,FY2019,717,estate_and_trust_income_tax
Idaho,FY2020,775,estate_and_trust_income_tax
Idaho,FY2021,1349,estate_and_trust_income_tax
Idaho,FY2022,17668,estate_and_trust_income_tax
Idaho,FY2023,1374,estate_and_trust_income_tax
Idaho,FY2024,1310,estate_and_trust_income_tax
Idaho,FY2025,1344,estate_and_trust_income_tax
Idaho,FY1998,35,estate_tax
Idaho,FY1999,59,estate_tax
Idaho,FY2000,50,estate_tax
Idaho,FY2001,54,estate_tax
Idaho,FY2002,47,estate_tax
Idaho,FY2003,40,estate_tax
Idaho,FY2004,30,estate_tax
Idaho,FY2005,39,estate_tax
Idaho,FY2006,34,estate_tax
Idaho,FY2007,45,estate_tax
Idaho,FY2008,38,estate_tax
Idaho,FY2009,32,estate_tax
Idaho,FY2010,30,estate_tax
Idaho,FY2011,10,estate_tax
Idaho,FY2012,10,estate_tax
Idaho,FY2013,15,estate_tax
Idaho,FY2014,13,estate_tax
Idaho,FY1998,140,excise_taxes
Idaho,FY1999,360,excise_taxes
Idaho,FY2000,365,excise_taxes
Idaho,FY2001,337,excise_taxes
Idaho,FY2002,332,excise_taxes
Idaho,FY2003,324,excise_taxes
Idaho,FY2004,425,excise_taxes
Idaho,FY2005,758,excise_taxes
Idaho,FY2006,450,excise_taxes
Idaho,FY2007,827,excise_taxes
Idaho,FY2008,550,excise_taxes
Idaho,FY2009,495,excise_taxes
Idaho,FY2010,607,excise_taxes
Idaho,FY2011,537,excise_taxes
Idaho,FY2012,548,excise_taxes
Idaho,FY2013,572,excise_taxes
Idaho,FY2015,553,excise_taxes
Idaho,FY2016,502,excise_taxes
Idaho,FY2017,560,excise_taxes
Idaho,FY2018,472,excise_taxes
Idaho,FY2019,626,excise_taxes
Idaho,FY2020,610,excise_taxes
Idaho,FY2021,875,excise_taxes
Idaho,FY2022,733,excise_taxes
Idaho,FY2023,848,excise_taxes
Idaho,FY2024,923,excise_taxes
Idaho,FY2025,905,excise_taxes
Idaho,FY1998,11,gift_tax
Idaho,FY1999,11,gift_tax
Idaho,FY2000,8,gift_tax
Idaho,FY2001,9,gift_tax
Idaho,FY2002,3,gift_tax
Idaho,FY2003,3,gift_tax
Idaho,FY2004,0,gift_tax
Idaho,FY2005,10,gift_tax
Idaho,FY2006,11,gift_tax
Idaho,FY2007,12,gift_tax
Idaho,FY2008,9,gift_tax
Idaho,FY2009,3,gift_tax
Idaho,FY2010,3,gift_tax
Idaho,FY2011,12,gift_tax
Idaho,FY2012,12,gift_tax
Idaho,FY2013,13,gift_tax
Idaho,FY1998,301137,total_refunds
Idaho,FY1999,397616,total_refunds
Idaho,FY2000,406783,total_refunds
Idaho,FY2001,768234,total_refunds
Idaho,FY2002,459266,total_refunds
Idaho,FY2003,566752,total_refunds
Idaho,FY2004,466228,total_refunds
Idaho,FY2005,474070,total_refunds
Idaho,FY2006,491764,total_refunds
Idaho,FY2007,534149,total_refunds
Idaho,FY2008,1123876,total_refunds
Idaho,FY2009,587008,total_refunds
Idaho,FY2010,569456,total_refunds
Idaho,FY2011,561931,total_refunds
Idaho,FY2012,554643,total_refunds
Idaho,FY2013,552207,total_refunds
Idaho,FY2014,546456,total_refunds
Idaho,FY2015,550280,total_refunds
Idaho,FY2016,567403,total_refunds
Idaho,FY2017,573741,total_refunds
Idaho,FY2018,582253,total_refunds
Idaho,FY2019,598538,total_refunds
Idaho,FY2020,1565270,total_refunds
Idaho,FY2021,3206490,total_refunds
Idaho,FY2022,1327258,total_refunds
Idaho,FY2023,666126,total_refunds
Idaho,FY2024,638915,total_refunds
Idaho,FY2025,642398,total_refunds
Illinois,FY1995,26154,business_income_taxes
Illinois,FY1996,26059,business_income_taxes
Illinois,FY1997,24029,business_income_taxes
Illinois,FY1998,20835,business_income_taxes
Illinois,FY1999,20386,business_income_taxes
Illinois,FY2000,19615,business_income_taxes
Illinois,FY2001,19802,business_income_taxes
Illinois,FY2002,20930,business_income_taxes
Illinois,FY2003,22071,business_income_taxes
Illinois,FY2004,18037,business_income_taxes
Illinois,FY2005,18545,business_income_taxes
Illinois,FY2006,18342,business_income_taxes
Illinois,FY2007,44195,business_income_taxes
Illinois,FY2008,26904,business_income_taxes
Illinois,FY2009,22786,business_income_taxes
Illinois,FY2010,24013,business_income_taxes
Illinois,FY2011,21972,business_income_taxes
Illinois,FY2012,18822,business_income_taxes
Illinois,FY2013,16870,business_income_taxes
Illinois,FY2014,15440,business_income_taxes
Illinois,FY2015,14845,business_income_taxes
Illinois,FY2016,14575,business_income_taxes
Illinois,FY2017,13916,business_income_taxes
Illinois,FY2018,13378,business_income_taxes
Illinois,FY2019,12947,business_income_taxes
Illinois,FY2020,11794,business_income_taxes
Illinois,FY2021,17098,business_income_taxes
Illinois,FY2022,29291,business_income_taxes
Illinois,FY2023,13725,business_income_taxes
Illinois,FY2024,15751,business_income_taxes
Illinois,FY2025,16003,business_income_taxes
Illinois,FY1995,89167,employment_taxes
Illinois,FY1996,87597,employment_taxes
Illinois,FY1997,88559,employment_taxes
Illinois,FY1998,84533,employment_taxes
Illinois,FY1999,83601,employment_taxes
Illinois,FY2000,82766,employment_taxes
Illinois,FY2001,79515,employment_taxes
Illinois,FY2002,75764,employment_taxes
Illinois,FY2003,76773,employment_taxes
Illinois,FY2004,71699,employment_taxes
Illinois,FY2005,86810,employment_taxes
Illinois,FY2006,89102,employment_taxes
Illinois,FY2007,87085,employment_taxes
Illinois,FY2008,84933,employment_taxes
Illinois,FY2009,77682,employment_taxes
Illinois,FY2010,72764,employment_taxes
Illinois,FY2011,88068,employment_taxes
Illinois,FY2012,74326,employment_taxes
Illinois,FY2013,70365,employment_taxes
Illinois,FY2014,57440,employment_taxes
Illinois,FY2015,58791,employment_taxes
Illinois,FY2016,53734,employment_taxes
Illinois,FY2017,51289,employment_taxes
Illinois,FY2018,50046,employment_taxes
Illinois,FY2019,49402,employment_taxes
Illinois,FY2020,45036,employment_taxes
Illinois,FY2021,90190,employment_taxes
Illinois,FY2022,124199,employment_taxes
Illinois,FY2023,129385,employment_taxes
Illinois,FY2024,59191,employment_taxes
Illinois,FY2025,100402,employment_taxes
Illinois,FY2009,39242,estate_and_trust_income_tax
Illinois,FY2010,19918,estate_and_trust_income_tax
Illinois,FY2011,15008,estate_and_trust_income_tax
Illinois,FY2012,13888,estate_and_trust_income_tax
Illinois,FY2013,15381,estate_and_trust_income_tax
Illinois,FY2014,14729,estate_and_trust_income_tax
Illinois,FY2015,16884,estate_and_trust_income_tax
Illinois,FY2016,22263,estate_and_trust_income_tax
Illinois,FY2017,23581,estate_and_trust_income_tax
Illinois,FY2018,15034,estate_and_trust_income_tax
Illinois,FY2019,18173,estate_and_trust_income_tax
Illinois,FY2020,18762,estate_and_trust_income_tax
Illinois,FY2021,24278,estate_and_trust_income_tax
Illinois,FY2022,4290,estate_and_trust_income_tax
Illinois,FY2023,28353,estate_and_trust_income_tax
Illinois,FY2024,21384,estate_and_trust_income_tax
Illinois,FY2025,20186,estate_and_trust_income_tax
Illinois,FY1995,601,estate_tax
Illinois,FY1996,716,estate_tax
Illinois,FY1997,743,estate_tax
Illinois,FY1998,884,estate_tax
Illinois,FY1999,822,estate_tax
Illinois,FY2000,871,estate_tax
Illinois,FY2001,846,estate_tax
Illinois,FY2002,881,estate_tax
Illinois,FY2003,790,estate_tax
Illinois,FY2004,591,estate_tax
Illinois,FY2005,634,estate_tax
Illinois,FY2006,648,estate_tax
Illinois,FY2007,636,estate_tax
Illinois,FY2008,511,estate_tax
Illinois,FY2009,500,estate_tax
Illinois,FY2010,380,estate_tax
Illinois,FY2011,260,estate_tax
Illinois,FY2012,178,estate_tax
Illinois,FY2013,205,estate_tax
Illinois,FY2014,180,estate_tax
Illinois,FY2015,205,estate_tax
Illinois,FY2016,223,estate_tax
Illinois,FY2017,203,estate_tax
Illinois,FY2018,221,estate_tax
Illinois,FY2019,173,estate_tax
Illinois,FY2020,78,estate_tax
Illinois,FY2021,112,estate_tax
Illinois,FY2022,117,estate_tax
Illinois,FY2023,170,estate_tax
Illinois,FY2024,140,estate_tax
Illinois,FY2025,163,estate_tax
Illinois,FY1995,3435,excise_taxes
Illinois,FY1996,5417,excise_taxes
Illinois,FY1997,2292,excise_taxes
Illinois,FY1998,1043,excise_taxes
Illinois,FY1999,2786,excise_taxes
Illinois,FY2000,2930,excise_taxes
Illinois,FY2001,2688,excise_taxes
Illinois,FY2002,2911,excise_taxes
Illinois,FY2003,3064,excise_taxes
Illinois,FY2004,2963,excise_taxes
Illinois,FY2005,5411,excise_taxes
Illinois,FY2006,3973,excise_taxes
Illinois,FY2007,6856,excise_taxes
Illinois,FY2008,4709,excise_taxes
Illinois,FY2009,4532,excise_taxes
Illinois,FY2010,4480,excise_taxes
Illinois,FY2011,4312,excise_taxes
Illinois,FY2012,4351,excise_taxes
Illinois,FY2013,4668,excise_taxes
Illinois,FY2014,4490,excise_taxes
Illinois,FY2015,4689,excise_taxes
Illinois,FY2016,4780,excise_taxes
Illinois,FY2017,4693,excise_taxes
Illinois,FY2018,4051,excise_taxes
Illinois,FY2019,4612,excise_taxes
Illinois,FY2020,4304,excise_taxes
Illinois,FY2021,5927,excise_taxes
Illinois,FY2022,5227,excise_taxes
Illinois,FY2023,5910,excise_taxes
Illinois,FY2024,5969,excise_taxes
Illinois,FY2025,6529,excise_taxes
Illinois,FY1995,114,gift_tax
Illinois,FY1996,160,gift_tax
Illinois,FY1997,169,gift_tax
Illinois,FY1998,179,gift_tax
Illinois,FY1999,181,gift_tax
Illinois,FY2000,199,gift_tax
Illinois,FY2001,164,gift_tax
Illinois,FY2002,137,gift_tax
Illinois,FY2003,117,gift_tax
Illinois,FY2004,90,gift_tax
Illinois,FY2005,119,gift_tax
Illinois,FY2006,91,gift_tax
Illinois,FY2007,106,gift_tax
Illinois,FY2008,97,gift_tax
Illinois,FY2009,108,gift_tax
Illinois,FY2010,103,gift_tax
Illinois,FY2011,118,gift_tax
Illinois,FY2012,135,gift_tax
Illinois,FY2013,81,gift_tax
Illinois,FY2014,124,gift_tax
Illinois,FY2015,64,gift_tax
Illinois,FY2016,37,gift_tax
Illinois,FY2017,37,gift_tax
Illinois,FY2018,52,gift_tax
Illinois,FY2019,37,gift_tax
Illinois,FY2020,10,gift_tax
Illinois,FY2021,23,gift_tax
Illinois,FY2022,55,gift_tax
Illinois,FY2023,49,gift_tax
Illinois,FY2024,42,gift_tax
Illinois,FY2025,37,gift_tax
Illinois,FY1995,3881777,total_refunds
Illinois,FY1996,3837919,total_refunds
Illinois,FY1997,4031827,total_refunds
Illinois,FY1998,2922094,total_refunds
Illinois,FY1999,4362488,total_refunds
Illinois,FY2000,4299556,total_refunds
Illinois,FY2001,8350235,total_refunds
Illinois,FY2002,4706299,total_refunds
Illinois,FY2003,5795776,total_refunds
Illinois,FY2004,4813917,total_refunds
Illinois,FY2005,4778626,total_refunds
Illinois,FY2006,4837057,total_refunds
Illinois,FY2007,5099002,total_refunds
Illinois,FY2008,10048102,total_refunds
Illinois,FY2009,5462754,total_refunds
Illinois,FY2010,5290977,total_refunds
Illinois,FY2011,5257813,total_refunds
Illinois,FY2012,5295743,total_refunds
Illinois,FY2013,5201603,total_refunds
Illinois,FY2014,5096556,total_refunds
Illinois,FY2015,5090973,total_refunds
Illinois,FY2016,5119125,total_refunds
Illinois,FY2017,5067372,total_refunds
Illinois,FY2018,5043802,total_refunds
Illinois,FY2019,4957873,total_refunds
Illinois,FY2020,11699465,total_refunds
Illinois,FY2021,22385882,total_refunds
Illinois,FY2022,9222523,total_refunds
Illinois,FY2023,4872396,total_refunds
Illinois,FY2024,4621783,total_refunds
Illinois,FY2025,4635447,total_refunds
Indiana,FY1997,8941,business_income_taxes
Indiana,FY1998,8179,business_income_taxes
Indiana,FY1999,7200,business_income_taxes
Indiana,FY2000,6855,business_income_taxes
Indiana,FY2001,6798,business_income_taxes
Indiana,FY2002,7329,business_income_taxes
Indiana,FY2003,7792,business_income_taxes
Indiana,FY2004,6709,business_income_taxes
Indiana,FY2005,6441,business_income_taxes
Indiana,FY2006,6638,business_income_taxes
Indiana,FY2007,18814,business_income_taxes
Indiana,FY2008,10218,business_income_taxes
Indiana,FY2009,8138,business_income_taxes
Indiana,FY2010,8271,business_income_taxes
Indiana,FY2011,7580,business_income_taxes
Indiana,FY2012,6816,business_income_taxes
Indiana,FY2013,6261,business_income_taxes
Indiana,FY2014,6005,business_income_taxes
Indiana,FY2015,5745,business_income_taxes
Indiana,FY2016,5390,business_income_taxes
Indiana,FY2017,5141,business_income_taxes
Indiana,FY2018,5053,business_income_taxes
Indiana,FY2019,4136,business_income_taxes
Indiana,FY2020,3871,business_income_taxes
Indiana,FY2021,5460,business_income_taxes
Indiana,FY2022,8178,business_income_taxes
Indiana,FY2023,4558,business_income_taxes
Indiana,FY2024,5070,business_income_taxes
Indiana,FY2025,4746,business_income_taxes
Indiana,FY1997,37144,employment_taxes
Indiana,FY1998,35551,employment_taxes
Indiana,FY1999,37484,employment_taxes
Indiana,FY2000,36869,employment_taxes
Indiana,FY2001,35281,employment_taxes
Indiana,FY2002,33128,employment_taxes
Indiana,FY2003,34596,employment_taxes
Indiana,FY2004,32402,employment_taxes
Indiana,FY2005,38327,employment_taxes
Indiana,FY2006,38664,employment_taxes
Indiana,FY2007,38025,employment_taxes
Indiana,FY2008,36581,employment_taxes
Indiana,FY2009,33045,employment_taxes
Indiana,FY2010,30964,employment_taxes
Indiana,FY2011,40153,employment_taxes
Indiana,FY2012,34292,employment_taxes
Indiana,FY2013,28788,employment_taxes
Indiana,FY2014,24069,employment_taxes
Indiana,FY2015,24168,employment_taxes
Indiana,FY2016,32139,employment_taxes
Indiana,FY2017,23375,employment_taxes
Indiana,FY2018,21493,employment_taxes
Indiana,FY2019,21696,employment_taxes
Indiana,FY2020,19940,employment_taxes
Indiana,FY2021,37433,employment_taxes
Indiana,FY2022,47075,employment_taxes
Indiana,FY2023,52501,employment_taxes
Indiana,FY2024,22883,employment_taxes
Indiana,FY2025,39337,employment_taxes
Indiana,FY2009,7293,estate_and_trust_income_tax
Indiana,FY2010,3290,estate_and_trust_income_tax
Indiana,FY2011,2436,estate_and_trust_income_tax
Indiana,FY2012,2457,estate_and_trust_income_tax
Indiana,FY2013,2395,estate_and_trust_income_tax
Indiana,FY2014,2651,estate_and_trust_income_tax
Indiana,FY2015,3115,estate_and_trust_income_tax
Indiana,FY2016,3940,estate_and_trust_income_tax
Indiana,FY2017,4038,estate_and_trust_income_tax
Indiana,FY2018,3225,estate_and_trust_income_tax
Indiana,FY2019,3669,estate_and_trust_income_tax
Indiana,FY2020,3787,estate_and_trust_income_tax
Indiana,FY2021,4886,estate_and_trust_income_tax
Indiana,FY2022,2655,estate_and_trust_income_tax
Indiana,FY2023,6805,estate_and_trust_income_tax
Indiana,FY2024,4879,estate_and_trust_income_tax
Indiana,FY2025,4391,estate_and_trust_income_tax
Indiana,FY1997,207,estate_tax
Indiana,FY1998,227,estate_tax
Indiana,FY1999,285,estate_tax
Indiana,FY2000,328,estate_tax
Indiana,FY2001,321,estate_tax
Indiana,FY2002,280,estate_tax
Indiana,FY2003,273,estate_tax
Indiana,FY2004,177,estate_tax
Indiana,FY2005,185,estate_tax
Indiana,FY2006,166,estate_tax
Indiana,FY2007,162,estate_tax
Indiana,FY2008,128,estate_tax
Indiana,FY2009,125,estate_tax
Indiana,FY2010,95,estate_tax
Indiana,FY2011,63,estate_tax
Indiana,FY2012,31,estate_tax
Indiana,FY2013,42,estate_tax
Indiana,FY2014,39,estate_tax
Indiana,FY2015,45,estate_tax
Indiana,FY2016,52,estate_tax
Indiana,FY2017,42,estate_tax
Indiana,FY2018,44,estate_tax
Indiana,FY2019,28,estate_tax
Indiana,FY2020,10,estate_tax
Indiana,FY2021,20,estate_tax
Indiana,FY2022,20,estate_tax
Indiana,FY2023,22,estate_tax
Indiana,FY2024,19,estate_tax
Indiana,FY2025,24,estate_tax
Indiana,FY1997,1586,excise_taxes
Indiana,FY1998,1488,excise_taxes
Indiana,FY1999,1301,excise_taxes
Indiana,FY2000,1342,excise_taxes
Indiana,FY2001,1167,excise_taxes
Indiana,FY2002,1280,excise_taxes
Indiana,FY2003,1414,excise_taxes
Indiana,FY2004,1382,excise_taxes
Indiana,FY2005,2521,excise_taxes
Indiana,FY2006,1720,excise_taxes
Indiana,FY2007,2739,excise_taxes
Indiana,FY2008,1912,excise_taxes
Indiana,FY2009,1637,excise_taxes
Indiana,FY2010,1800,excise_taxes
Indiana,FY2011,1766,excise_taxes
Indiana,FY2012,1714,excise_taxes
Indiana,FY2013,1768,excise_taxes
Indiana,FY2014,1715,excise_taxes
Indiana,FY2015,1697,excise_taxes
Indiana,FY2016,1658,excise_taxes
Indiana,FY2017,1813,excise_taxes
Indiana,FY2018,1590,excise_taxes
Indiana,FY2019,1987,excise_taxes
Indiana,FY2020,1832,excise_taxes
Indiana,FY2021,2702,excise_taxes
Indiana,FY2022,2267,excise_taxes
Indiana,FY2023,2515,excise_taxes
Indiana,FY2024,2802,excise_taxes
Indiana,FY2025,2599,excise_taxes
Indiana,FY1997,35,gift_tax
Indiana,FY1998,52,gift_tax
Indiana,FY1999,77,gift_tax
Indiana,FY2000,56,gift_tax
Indiana,FY2001,57,gift_tax
Indiana,FY2002,70,gift_tax
Indiana,FY2003,59,gift_tax
Indiana,FY2004,35,gift_tax
Indiana,FY2005,65,gift_tax
Indiana,FY2006,26,gift_tax
Indiana,FY2007,50,gift_tax
Indiana,FY2008,49,gift_tax
Indiana,FY2009,36,gift_tax
Indiana,FY2010,37,gift_tax
Indiana,FY2011,34,gift_tax
Indiana,FY2012,39,gift_tax
Indiana,FY2013,28,gift_tax
Indiana,FY2014,27,gift_tax
Indiana,FY2015,13,gift_tax
Indiana,FY2016,13,gift_tax
Indiana,FY2017,10,gift_tax
Indiana,FY2018,12,gift_tax
Indiana,FY2019,10,gift_tax
Indiana,FY2020,15,gift_tax
Indiana,FY2021,13,gift_tax
Indiana,FY2022,19,gift_tax
Indiana,FY2023,22,gift_tax
Indiana,FY2024,11,gift_tax
Indiana,FY2025,13,gift_tax
Indiana,FY1997,2155385,total_refunds
Indiana,FY1998,1545694,total_refunds
Indiana,FY1999,2238101,total_refunds
Indiana,FY2000,1956104,total_refunds
Indiana,FY2001,4196397,total_refunds
Indiana,FY2002,2434403,total_refunds
Indiana,FY2003,2814554,total_refunds
Indiana,FY2004,2425949,total_refunds
Indiana,FY2005,2398718,total_refunds
Indiana,FY2006,2457422,total_refunds
Indiana,FY2007,2606998,total_refunds
Indiana,FY2008,5173312,total_refunds
Indiana,FY2009,2712863,total_refunds
Indiana,FY2010,2615831,total_refunds
Indiana,FY2011,2608201,total_refunds
Indiana,FY2012,2626268,total_refunds
Indiana,FY2013,2608916,total_refunds
Indiana,FY2014,2565469,total_refunds
Indiana,FY2015,2579102,total_refunds
Indiana,FY2016,2631591,total_refunds
Indiana,FY2017,2612413,total_refunds
Indiana,FY2018,2617287,total_refunds
Indiana,FY2019,2647277,total_refunds
Indiana,FY2020,6361193,total_refunds
Indiana,FY2021,12487567,total_refunds
Indiana,FY2022,5079228,total_refunds
Indiana,FY2023,2650257,total_refunds
Indiana,FY2024,2522873,total_refunds
Indiana,FY2025,2539936,total_refunds
Indianapolis,FY1995,9731,business_income_taxes
Indianapolis,FY1996,9913,business_income_taxes
Indianapolis,FY1995,38722,employment_taxes
Indianapolis,FY1996,37772,employment_taxes
Indianapolis,FY1995,170,estate_tax
Indianapolis,FY1996,151,estate_tax
Indianapolis,FY1995,1336,excise_taxes
Indianapolis,FY1996,2398,excise_taxes
Indianapolis,FY1995,16,gift_tax
Indianapolis,FY1996,36,gift_tax
Indianapolis,FY1995,2123092,total_refunds
Indianapolis,FY1996,2103935,total_refunds
International,FY1995,4494,business_income_taxes
International,FY1996,4635,business_income_taxes
International,FY1997,5300,business_income_taxes
International,FY1998,5704,business_income_taxes
International,FY1999,5278,business_income_taxes
International,FY2000,5117,business_income_taxes
International,FY2001,5775,business_income_taxes
International,FY2002,5821,business_income_taxes
International,FY2003,5733,business_income_taxes
International,FY2004,4773,business_income_taxes
International,FY2005,4221,business_income_taxes
International,FY2006,4160,business_income_taxes
International,FY2007,5994,business_income_taxes
International,FY2008,6318,business_income_taxes
International,FY2009,6267,business_income_taxes
International,FY2010,6111,business_income_taxes
International,FY2011,5721,business_income_taxes
International,FY2012,5475,business_income_taxes
International,FY2013,5859,business_income_taxes
International,FY2014,5456,business_income_taxes
International,FY2015,6795,business_income_taxes
International,FY2016,7129,business_income_taxes
International,FY2017,8029,business_income_taxes
International,FY2018,8417,business_income_taxes
International,FY2019,9577,business_income_taxes
International,FY2020,7535,business_income_taxes
International,FY2021,8567,business_income_taxes
International,FY2022,9256,business_income_taxes
International,FY2023,9528,business_income_taxes
International,FY2024,9618,business_income_taxes
International,FY2025,10765,business_income_taxes
International,FY1995,19014,employment_taxes
International,FY1996,19550,employment_taxes
International,FY1997,20135,employment_taxes
International,FY1998,20442,employment_taxes
International,FY1999,18536,employment_taxes
International,FY2000,18499,employment_taxes
International,FY2001,18835,employment_taxes
International,FY2002,17476,employment_taxes
International,FY2003,18336,employment_taxes
International,FY2004,18162,employment_taxes
International,FY2005,23534,employment_taxes
International,FY2006,1702,employment_taxes
International,FY2007,2410,employment_taxes
International,FY2008,2525,employment_taxes
International,FY2009,2534,employment_taxes
International,FY2010,2372,employment_taxes
International,FY2011,2536,employment_taxes
International,FY2012,2376,employment_taxes
International,FY2013,2407,employment_taxes
International,FY2014,1999,employment_taxes
International,FY2015,2955,employment_taxes
International,FY2016,2887,employment_taxes
International,FY2017,3117,employment_taxes
International,FY2018,3139,employment_taxes
International,FY2019,3330,employment_taxes
International,FY2020,3120,employment_taxes
International,FY2021,3980,employment_taxes
International,FY2022,4436,employment_taxes
International,FY2023,4907,employment_taxes
International,FY2024,4312,employment_taxes
International,FY2025,4994,employment_taxes
International,FY2009,660,estate_and_trust_income_tax
International,FY2010,519,estate_and_trust_income_tax
International,FY2011,453,estate_and_trust_income_tax
International,FY2012,401,estate_and_trust_income_tax
International,FY2013,400,estate_and_trust_income_tax
International,FY2014,498,estate_and_trust_income_tax
International,FY2015,551,estate_and_trust_income_tax
International,FY2016,553,estate_and_trust_income_tax
International,FY2017,484,estate_and_trust_income_tax
International,FY2018,444,estate_and_trust_income_tax
International,FY2019,504,estate_and_trust_income_tax
International,FY2020,431,estate_and_trust_income_tax
International,FY2021,573,estate_and_trust_income_tax
International,FY2022,659,estate_and_trust_income_tax
International,FY2023,617,estate_and_trust_income_tax
International,FY2024,705,estate_and_trust_income_tax
International,FY2025,676,estate_and_trust_income_tax
International,FY1995,173,estate_tax
International,FY1996,233,estate_tax
International,FY1997,407,estate_tax
International,FY1998,186,estate_tax
International,FY1999,145,estate_tax
International,FY2000,166,estate_tax
International,FY2001,187,estate_tax
International,FY2002,168,estate_tax
International,FY2003,167,estate_tax
International,FY2004,159,estate_tax
International,FY2005,142,estate_tax
International,FY2006,141,estate_tax
International,FY2007,163,estate_tax
International,FY2008,211,estate_tax
International,FY2009,225,estate_tax
International,FY2010,222,estate_tax
International,FY2011,200,estate_tax
International,FY2012,128,estate_tax
International,FY2013,173,estate_tax
International,FY2014,126,estate_tax
International,FY2015,226,estate_tax
International,FY2016,247,estate_tax
International,FY2017,213,estate_tax
International,FY2018,194,estate_tax
International,FY2019,170,estate_tax
International,FY2020,154,estate_tax
International,FY2021,150,estate_tax
International,FY2022,151,estate_tax
International,FY2023,210,estate_tax
International,FY2024,230,estate_tax
International,FY2025,279,estate_tax
International,FY1995,702,excise_taxes
International,FY1996,904,excise_taxes
International,FY1997,282,excise_taxes
International,FY1998,152,excise_taxes
International,FY1999,52,excise_taxes
International,FY2000,53,excise_taxes
International,FY2001,136,excise_taxes
International,FY2002,242,excise_taxes
International,FY2003,292,excise_taxes
International,FY2004,213,excise_taxes
International,FY2005,1393,excise_taxes
International,FY2006,666,excise_taxes
International,FY2007,1301,excise_taxes
International,FY2008,820,excise_taxes
International,FY2009,682,excise_taxes
International,FY2010,818,excise_taxes
International,FY2011,914,excise_taxes
International,FY2012,946,excise_taxes
International,FY2013,872,excise_taxes
International,FY2014,822,excise_taxes
International,FY2015,1051,excise_taxes
International,FY2016,2143,excise_taxes
International,FY2017,1313,excise_taxes
International,FY2018,935,excise_taxes
International,FY2019,853,excise_taxes
International,FY2020,990,excise_taxes
International,FY2021,1049,excise_taxes
International,FY2022,1058,excise_taxes
International,FY2023,1186,excise_taxes
International,FY2024,1332,excise_taxes
International,FY2025,1407,excise_taxes
International,FY1995,3,gift_tax
International,FY1996,14,gift_tax
International,FY1997,16,gift_tax
International,FY1998,24,gift_tax
International,FY1999,5,gift_tax
International,FY2000,8,gift_tax
International,FY2001,9,gift_tax
International,FY2002,13,gift_tax
International,FY2003,9,gift_tax
International,FY2004,5,gift_tax
International,FY2005,16,gift_tax
International,FY2006,13,gift_tax
International,FY2007,15,gift_tax
International,FY2008,20,gift_tax
International,FY2009,24,gift_tax
International,FY2010,24,gift_tax
International,FY2011,28,gift_tax
International,FY2012,40,gift_tax
International,FY2013,34,gift_tax
International,FY2014,19,gift_tax
International,FY2015,35,gift_tax
International,FY2016,28,gift_tax
International,FY2017,26,gift_tax
International,FY2018,19,gift_tax
International,FY2019,24,gift_tax
International,FY2020,13,gift_tax
International,FY2021,22,gift_tax
International,FY2022,32,gift_tax
International,FY2023,40,gift_tax
International,FY2024,29,gift_tax
International,FY2025,35,gift_tax
International,FY1995,627308,total_refunds
International,FY1996,687339,total_refunds
International,FY1997,834959,total_refunds
International,FY1998,703162,total_refunds
International,FY1999,742990,total_refunds
International,FY2000,856111,total_refunds
International,FY2001,1343261,total_refunds
International,FY2002,1078785,total_refunds
International,FY2003,1178357,total_refunds
International,FY2004,1132604,total_refunds
International,FY2005,923382,total_refunds
International,FY2006,309894,total_refunds
International,FY2007,339753,total_refunds
International,FY2008,579277,total_refunds
International,FY2009,421372,total_refunds
International,FY2010,358731,total_refunds
International,FY2011,330161,total_refunds
International,FY2012,341738,total_refunds
International,FY2013,335742,total_refunds
International,FY2014,336342,total_refunds
International,FY2015,345367,total_refunds
International,FY2016,441520,total_refunds
International,FY2017,427663,total_refunds
International,FY2018,429959,total_refunds
International,FY2019,406177,total_refunds
International,FY2020,1383667,total_refunds
International,FY2021,2760570,total_refunds
International,FY2022,727070,total_refunds
International,FY2023,543870,total_refunds
International,FY2024,525171,total_refunds
International,FY2025,533311,total_refunds
Iowa,FY1998,7206,business_income_taxes
Iowa,FY1999,8749,business_income_taxes
Iowa,FY2000,8511,business_income_taxes
Iowa,FY2001,8589,business_income_taxes
Iowa,FY2002,9004,business_income_taxes
Iowa,FY2003,9817,business_income_taxes
Iowa,FY2004,8394,business_income_taxes
Iowa,FY2005,7547,business_income_taxes
Iowa,FY2006,7898,business_income_taxes
Iowa,FY2007,14725,business_income_taxes
Iowa,FY2008,9430,business_income_taxes
Iowa,FY2009,8302,business_income_taxes
Iowa,FY2010,8262,business_income_taxes
Iowa,FY2011,7467,business_income_taxes
Iowa,FY2012,6783,business_income_taxes
Iowa,FY2013,6565,business_income_taxes
Iowa,FY2014,6382,business_income_taxes
Iowa,FY2015,6085,business_income_taxes
Iowa,FY2016,6265,business_income_taxes
Iowa,FY2017,5886,business_income_taxes
Iowa,FY2018,5471,business_income_taxes
Iowa,FY2019,4499,business_income_taxes
Iowa,FY2020,4318,business_income_taxes
Iowa,FY2021,5161,business_income_taxes
Iowa,FY2022,6217,business_income_taxes
Iowa,FY2023,4273,business_income_taxes
Iowa,FY2024,4376,business_income_taxes
Iowa,FY2025,4526,business_income_taxes
Iowa,FY1998,17938,employment_taxes
Iowa,FY1999,18436,employment_taxes
Iowa,FY2000,18176,employment_taxes
Iowa,FY2001,17176,employment_taxes
Iowa,FY2002,16966,employment_taxes
Iowa,FY2003,17168,employment_taxes
Iowa,FY2004,16446,employment_taxes
Iowa,FY2005,19333,employment_taxes
Iowa,FY2006,19607,employment_taxes
Iowa,FY2007,19371,employment_taxes
Iowa,FY2008,18928,employment_taxes
Iowa,FY2009,17706,employment_taxes
Iowa,FY2010,17417,employment_taxes
Iowa,FY2011,22476,employment_taxes
Iowa,FY2012,20547,employment_taxes
Iowa,FY2013,18131,employment_taxes
Iowa,FY2014,14558,employment_taxes
Iowa,FY2015,13702,employment_taxes
Iowa,FY2016,13400,employment_taxes
Iowa,FY2017,12640,employment_taxes
Iowa,FY2018,12074,employment_taxes
Iowa,FY2019,12183,employment_taxes
Iowa,FY2020,10992,employment_taxes
Iowa,FY2021,22672,employment_taxes
Iowa,FY2022,27047,employment_taxes
Iowa,FY2023,25633,employment_taxes
Iowa,FY2024,12658,employment_taxes
Iowa,FY2025,20344,employment_taxes
Iowa,FY2009,2732,estate_and_trust_income_tax
Iowa,FY2010,1519,estate_and_trust_income_tax
Iowa,FY2011,1096,estate_and_trust_income_tax
Iowa,FY2012,1087,estate_and_trust_income_tax
Iowa,FY2013,1156,estate_and_trust_income_tax
Iowa,FY2014,1237,estate_and_trust_income_tax
Iowa,FY2015,1313,estate_and_trust_income_tax
Iowa,FY2016,1813,estate_and_trust_income_tax
Iowa,FY2017,1794,estate_and_trust_income_tax
Iowa,FY2018,1250,estate_and_trust_income_tax
Iowa,FY2019,1507,estate_and_trust_income_tax
Iowa,FY2020,1536,estate_and_trust_income_tax
Iowa,FY2021,2324,estate_and_trust_income_tax
Iowa,FY2022,1219,estate_and_trust_income_tax
Iowa,FY2023,2758,estate_and_trust_income_tax
Iowa,FY2024,1972,estate_and_trust_income_tax
Iowa,FY2025,1993,estate_and_trust_income_tax
Iowa,FY1998,120,estate_tax
Iowa,FY1999,164,estate_tax
Iowa,FY2000,181,estate_tax
Iowa,FY2001,136,estate_tax
Iowa,FY2002,125,estate_tax
Iowa,FY2003,117,estate_tax
Iowa,FY2004,118,estate_tax
Iowa,FY2005,99,estate_tax
Iowa,FY2006,85,estate_tax
Iowa,FY2007,76,estate_tax
Iowa,FY2008,65,estate_tax
Iowa,FY2009,53,estate_tax
Iowa,FY2010,48,estate_tax
Iowa,FY2011,28,estate_tax
Iowa,FY2012,21,estate_tax
Iowa,FY2013,29,estate_tax
Iowa,FY2014,28,estate_tax
Iowa,FY2015,39,estate_tax
Iowa,FY2017,33,estate_tax
Iowa,FY2020,18,estate_tax
Iowa,FY2021,17,estate_tax
Iowa,FY2022,10,estate_tax
Iowa,FY2023,12,estate_tax
Iowa,FY1998,242,excise_taxes
Iowa,FY1999,933,excise_taxes
Iowa,FY2000,904,excise_taxes
Iowa,FY2001,834,excise_taxes
Iowa,FY2002,861,excise_taxes
Iowa,FY2003,903,excise_taxes
Iowa,FY2004,1140,excise_taxes
Iowa,FY2005,2051,excise_taxes
Iowa,FY2006,1335,excise_taxes
Iowa,FY2007,2351,excise_taxes
Iowa,FY2008,1310,excise_taxes
Iowa,FY2009,1328,excise_taxes
Iowa,FY2010,1719,excise_taxes
Iowa,FY2011,1641,excise_taxes
Iowa,FY2012,1557,excise_taxes
Iowa,FY2013,1582,excise_taxes
Iowa,FY2014,1555,excise_taxes
Iowa,FY2015,1531,excise_taxes
Iowa,FY2016,1463,excise_taxes
Iowa,FY2017,1362,excise_taxes
Iowa,FY2018,1375,excise_taxes
Iowa,FY2019,1550,excise_taxes
Iowa,FY2020,1497,excise_taxes
Iowa,FY2021,1880,excise_taxes
Iowa,FY2022,1699,excise_taxes
Iowa,FY2023,1710,excise_taxes
Iowa,FY2024,1875,excise_taxes
Iowa,FY2025,1797,excise_taxes
Iowa,FY1998,10,gift_tax
Iowa,FY1999,17,gift_tax
Iowa,FY2000,17,gift_tax
Iowa,FY2001,23,gift_tax
Iowa,FY2002,7,gift_tax
Iowa,FY2003,7,gift_tax
Iowa,FY2004,11,gift_tax
Iowa,FY2005,7,gift_tax
Iowa,FY2006,14,gift_tax
Iowa,FY2007,8,gift_tax
Iowa,FY2008,16,gift_tax
Iowa,FY2009,9,gift_tax
Iowa,FY2010,12,gift_tax
Iowa,FY2011,17,gift_tax
Iowa,FY2012,30,gift_tax
Iowa,FY2013,18,gift_tax
Iowa,FY2014,12,gift_tax
Iowa,FY2015,5,gift_tax
Iowa,FY2017,16,gift_tax
Iowa,FY2020,4,gift_tax
Iowa,FY2021,0,gift_tax
Iowa,FY2022,12,gift_tax
Iowa,FY2023,11,gift_tax
Iowa,FY1998,594904,total_refunds
Iowa,FY1999,987735,total_refunds
Iowa,FY2000,960918,total_refunds
Iowa,FY2001,1928495,total_refunds
Iowa,FY2002,1046154,total_refunds
Iowa,FY2003,1313141,total_refunds
Iowa,FY2004,1072000,total_refunds
Iowa,FY2005,1053901,total_refunds
Iowa,FY2006,1064276,total_refunds
Iowa,FY2007,1130901,total_refunds
Iowa,FY2008,2384885,total_refunds
Iowa,FY2009,1214777,total_refunds
Iowa,FY2010,1176114,total_refunds
Iowa,FY2011,1167935,total_refunds
Iowa,FY2012,1171417,total_refunds
Iowa,FY2013,1163420,total_refunds
Iowa,FY2014,1149923,total_refunds
Iowa,FY2015,1149875,total_refunds
Iowa,FY2016,1166709,total_refunds
Iowa,FY2017,1162882,total_refunds
Iowa,FY2018,1160047,total_refunds
Iowa,FY2019,1165983,total_refunds
Iowa,FY2020,2875415,total_refunds
Iowa,FY2021,5676125,total_refunds
Iowa,FY2022,2257974,total_refunds
Iowa,FY2023,1156209,total_refunds
Iowa,FY2024,1098338,total_refunds
Iowa,FY2025,1107183,total_refunds
Jackson,FY1995,5578,business_income_taxes
Jackson,FY1996,5689,business_income_taxes
Jackson,FY1995,20353,employment_taxes
Jackson,FY1996,18190,employment_taxes
Jackson,FY1995,52,estate_tax
Jackson,FY1996,58,estate_tax
Jackson,FY1995,662,excise_taxes
Jackson,FY1996,811,excise_taxes
Jackson,FY1995,11,gift_tax
Jackson,FY1996,11,gift_tax
Jackson,FY1995,945047,total_refunds
Jackson,FY1996,857435,total_refunds
Jacksonville,FY1995,13527,business_income_taxes
Jacksonville,FY1996,13994,business_income_taxes
Jacksonville,FY1995,73032,employment_taxes
Jacksonville,FY1996,71498,employment_taxes
Jacksonville,FY1995,700,estate_tax
Jacksonville,FY1996,667,estate_tax
Jacksonville,FY1995,3024,excise_taxes
Jacksonville,FY1996,3948,excise_taxes
Jacksonville,FY1995,56,gift_tax
Jacksonville,FY1996,59,gift_tax
Jacksonville,FY1995,2445816,total_refunds
Jacksonville,FY1996,2520860,total_refunds
Kansas,FY1998,5282,business_income_taxes
Kansas,FY1999,5652,business_income_taxes
Kansas,FY2000,5562,business_income_taxes
Kansas,FY2001,5672,business_income_taxes
Kansas,FY2002,6534,business_income_taxes
Kansas,FY2003,7064,business_income_taxes
Kansas,FY2004,6302,business_income_taxes
Kansas,FY2005,6112,business_income_taxes
Kansas,FY2006,5958,business_income_taxes
Kansas,FY2007,10307,business_income_taxes
Kansas,FY2008,7126,business_income_taxes
Kansas,FY2009,6788,business_income_taxes
Kansas,FY2010,6924,business_income_taxes
Kansas,FY2011,6233,business_income_taxes
Kansas,FY2012,5588,business_income_taxes
Kansas,FY2013,5280,business_income_taxes
Kansas,FY2014,4826,business_income_taxes
Kansas,FY2015,4666,business_income_taxes
Kansas,FY2016,4595,business_income_taxes
Kansas,FY2017,4339,business_income_taxes
Kansas,FY2018,3959,business_income_taxes
Kansas,FY2019,2971,business_income_taxes
Kansas,FY2020,2661,business_income_taxes
Kansas,FY2021,3796,business_income_taxes
Kansas,FY2022,5025,business_income_taxes
Kansas,FY2023,3008,business_income_taxes
Kansas,FY2024,3202,business_income_taxes
Kansas,FY2025,2993,business_income_taxes
Kansas,FY1998,18564,employment_taxes
Kansas,FY1999,19225,employment_taxes
Kansas,FY2000,18940,employment_taxes
Kansas,FY2001,18558,employment_taxes
Kansas,FY2002,17929,employment_taxes
Kansas,FY2003,18069,employment_taxes
Kansas,FY2004,16780,employment_taxes
Kansas,FY2005,20266,employment_taxes
Kansas,FY2006,20387,employment_taxes
Kansas,FY2007,20668,employment_taxes
Kansas,FY2008,20809,employment_taxes
Kansas,FY2009,19017,employment_taxes
Kansas,FY2010,17725,employment_taxes
Kansas,FY2011,21644,employment_taxes
Kansas,FY2012,20423,employment_taxes
Kansas,FY2013,17813,employment_taxes
Kansas,FY2014,14440,employment_taxes
Kansas,FY2015,14205,employment_taxes
Kansas,FY2016,13799,employment_taxes
Kansas,FY2017,13101,employment_taxes
Kansas,FY2018,12029,employment_taxes
Kansas,FY2019,12365,employment_taxes
Kansas,FY2020,10991,employment_taxes
Kansas,FY2021,20938,employment_taxes
Kansas,FY2022,26079,employment_taxes
Kansas,FY2023,26536,employment_taxes
Kansas,FY2024,12527,employment_taxes
Kansas,FY2025,21303,employment_taxes
Kansas,FY2009,4007,estate_and_trust_income_tax
Kansas,FY2010,2293,estate_and_trust_income_tax
Kansas,FY2011,1743,estate_and_trust_income_tax
Kansas,FY2012,1698,estate_and_trust_income_tax
Kansas,FY2013,1637,estate_and_trust_income_tax
Kansas,FY2014,2012,estate_and_trust_income_tax
Kansas,FY2015,1965,estate_and_trust_income_tax
Kansas,FY2016,2643,estate_and_trust_income_tax
Kansas,FY2017,2614,estate_and_trust_income_tax
Kansas,FY2018,1935,estate_and_trust_income_tax
Kansas,FY2019,2344,estate_and_trust_income_tax
Kansas,FY2020,2349,estate_and_trust_income_tax
Kansas,FY2021,3420,estate_and_trust_income_tax
Kansas,FY2022,2853,estate_and_trust_income_tax
Kansas,FY2023,4276,estate_and_trust_income_tax
Kansas,FY2024,3139,estate_and_trust_income_tax
Kansas,FY2025,2804,estate_and_trust_income_tax
Kansas,FY1998,48,estate_tax
Kansas,FY1999,163,estate_tax
Kansas,FY2000,137,estate_tax
Kansas,FY2001,137,estate_tax
Kansas,FY2002,152,estate_tax
Kansas,FY2003,138,estate_tax
Kansas,FY2004,117,estate_tax
Kansas,FY2005,97,estate_tax
Kansas,FY2006,96,estate_tax
Kansas,FY2007,66,estate_tax
Kansas,FY2008,79,estate_tax
Kansas,FY2009,89,estate_tax
Kansas,FY2010,51,estate_tax
Kansas,FY2011,30,estate_tax
Kansas,FY2012,25,estate_tax
Kansas,FY2013,33,estate_tax
Kansas,FY2014,36,estate_tax
Kansas,FY2015,32,estate_tax
Kansas,FY2016,30,estate_tax
Kansas,FY2019,33,estate_tax
Kansas,FY2020,13,estate_tax
Kansas,FY2021,20,estate_tax
Kansas,FY2025,26,estate_tax
Kansas,FY1998,52,excise_taxes
Kansas,FY1999,714,excise_taxes
Kansas,FY2000,709,excise_taxes
Kansas,FY2001,633,excise_taxes
Kansas,FY2002,660,excise_taxes
Kansas,FY2003,716,excise_taxes
Kansas,FY2004,714,excise_taxes
Kansas,FY2005,1662,excise_taxes
Kansas,FY2006,910,excise_taxes
Kansas,FY2007,1555,excise_taxes
Kansas,FY2008,1002,excise_taxes
Kansas,FY2009,1072,excise_taxes
Kansas,FY2010,1234,excise_taxes
Kansas,FY2011,1045,excise_taxes
Kansas,FY2012,1103,excise_taxes
Kansas,FY2013,970,excise_taxes
Kansas,FY2014,984,excise_taxes
Kansas,FY2015,899,excise_taxes
Kansas,FY2016,971,excise_taxes
Kansas,FY2017,945,excise_taxes
Kansas,FY2018,844,excise_taxes
Kansas,FY2019,1432,excise_taxes
Kansas,FY2020,1240,excise_taxes
Kansas,FY2021,1740,excise_taxes
Kansas,FY2022,1292,excise_taxes
Kansas,FY2023,1525,excise_taxes
Kansas,FY2024,1609,excise_taxes
Kansas,FY2025,1552,excise_taxes
Kansas,FY1998,18,gift_tax
Kansas,FY1999,24,gift_tax
Kansas,FY2000,32,gift_tax
Kansas,FY2001,30,gift_tax
Kansas,FY2002,22,gift_tax
Kansas,FY2003,36,gift_tax
Kansas,FY2004,13,gift_tax
Kansas,FY2005,22,gift_tax
Kansas,FY2006,18,gift_tax
Kansas,FY2007,21,gift_tax
Kansas,FY2008,13,gift_tax
Kansas,FY2009,28,gift_tax
Kansas,FY2010,33,gift_tax
Kansas,FY2011,42,gift_tax
Kansas,FY2012,22,gift_tax
Kansas,FY2013,11,gift_tax
Kansas,FY2014,12,gift_tax
Kansas,FY2015,14,gift_tax
Kansas,FY2016,19,gift_tax
Kansas,FY2019,0,gift_tax
Kansas,FY2020,10,gift_tax
Kansas,FY2021,14,gift_tax
Kansas,FY2025,3,gift_tax
Kansas,FY1998,632907,total_refunds
Kansas,FY1999,894526,total_refunds
Kansas,FY2000,871292,total_refunds
Kansas,FY2001,1719864,total_refunds
Kansas,FY2002,985523,total_refunds
Kansas,FY2003,1215425,total_refunds
Kansas,FY2004,996414,total_refunds
Kansas,FY2005,989660,total_refunds
Kansas,FY2006,989376,total_refunds
Kansas,FY2007,1067695,total_refunds
Kansas,FY2008,2148751,total_refunds
Kansas,FY2009,1135797,total_refunds
Kansas,FY2010,1096869,total_refunds
Kansas,FY2011,1083258,total_refunds
Kansas,FY2012,1089736,total_refunds
Kansas,FY2013,1073979,total_refunds
Kansas,FY2014,1052716,total_refunds
Kansas,FY2015,1056793,total_refunds
Kansas,FY2016,1073416,total_refunds
Kansas,FY2017,1065305,total_refunds
Kansas,FY2018,1058432,total_refunds
Kansas,FY2019,1062502,total_refunds
Kansas,FY2020,2595526,total_refunds
Kansas,FY2021,5064470,total_refunds
Kansas,FY2022,2089967,total_refunds
Kansas,FY2023,1055397,total_refunds
Kansas,FY2024,1004237,total_refunds
Kansas,FY2025,1003511,total_refunds
Kansas-Missouri,FY1997,18506,business_income_taxes
Kansas-Missouri,FY1997,58836,employment_taxes
Kansas-Missouri,FY1997,380,estate_tax
Kansas-Missouri,FY1997,1153,excise_taxes
Kansas-Missouri,FY1997,80,gift_tax
Kansas-Missouri,FY1997,2550800,total_refunds
Kentucky,FY1998,4332,business_income_taxes
Kentucky,FY1999,4313,business_income_taxes
Kentucky,FY2000,4041,business_income_taxes
Kentucky,FY2001,3932,business_income_taxes
Kentucky,FY2002,4497,business_income_taxes
Kentucky,FY2003,4588,business_income_taxes
Kentucky,FY2004,4022,business_income_taxes
Kentucky,FY2005,4161,business_income_taxes
Kentucky,FY2006,4199,business_income_taxes
Kentucky,FY2007,9123,business_income_taxes
Kentucky,FY2008,5725,business_income_taxes
Kentucky,FY2009,4936,business_income_taxes
Kentucky,FY2010,5005,business_income_taxes
Kentucky,FY2011,4657,business_income_taxes
Kentucky,FY2012,4178,business_income_taxes
Kentucky,FY2013,3789,business_income_taxes
Kentucky,FY2014,3360,business_income_taxes
Kentucky,FY2015,3034,business_income_taxes
Kentucky,FY2016,2970,business_income_taxes
Kentucky,FY2017,2806,business_income_taxes
Kentucky,FY2018,2684,business_income_taxes
Kentucky,FY2019,2309,business_income_taxes
Kentucky,FY2020,2123,business_income_taxes
Kentucky,FY2021,3314,business_income_taxes
Kentucky,FY2022,4925,business_income_taxes
Kentucky,FY2023,2454,business_income_taxes
Kentucky,FY2024,2713,business_income_taxes
Kentucky,FY2025,2603,business_income_taxes
Kentucky,FY1998,24036,employment_taxes
Kentucky,FY1999,23915,employment_taxes
Kentucky,FY2000,23315,employment_taxes
Kentucky,FY2001,22432,employment_taxes
Kentucky,FY2002,21337,employment_taxes
Kentucky,FY2003,21965,employment_taxes
Kentucky,FY2004,20915,employment_taxes
Kentucky,FY2005,25212,employment_taxes
Kentucky,FY2006,25165,employment_taxes
Kentucky,FY2007,24773,employment_taxes
Kentucky,FY2008,24038,employment_taxes
Kentucky,FY2009,22507,employment_taxes
Kentucky,FY2010,19854,employment_taxes
Kentucky,FY2011,25222,employment_taxes
Kentucky,FY2012,22859,employment_taxes
Kentucky,FY2013,19559,employment_taxes
Kentucky,FY2014,15854,employment_taxes
Kentucky,FY2015,16166,employment_taxes
Kentucky,FY2016,18303,employment_taxes
Kentucky,FY2017,15634,employment_taxes
Kentucky,FY2018,14535,employment_taxes
Kentucky,FY2019,13922,employment_taxes
Kentucky,FY2020,12210,employment_taxes
Kentucky,FY2021,23090,employment_taxes
Kentucky,FY2022,32565,employment_taxes
Kentucky,FY2023,36966,employment_taxes
Kentucky,FY2024,15477,employment_taxes
Kentucky,FY2025,27064,employment_taxes
Kentucky,FY2009,3560,estate_and_trust_income_tax
Kentucky,FY2010,2238,estate_and_trust_income_tax
Kentucky,FY2011,1754,estate_and_trust_income_tax
Kentucky,FY2012,1753,estate_and_trust_income_tax
Kentucky,FY2013,1561,estate_and_trust_income_tax
Kentucky,FY2014,1950,estate_and_trust_income_tax
Kentucky,FY2015,2107,estate_and_trust_income_tax
Kentucky,FY2016,2614,estate_and_trust_income_tax
Kentucky,FY2017,2613,estate_and_trust_income_tax
Kentucky,FY2018,2053,estate_and_trust_income_tax
Kentucky,FY2019,2376,estate_and_trust_income_tax
Kentucky,FY2020,2425,estate_and_trust_income_tax
Kentucky,FY2021,3691,estate_and_trust_income_tax
Kentucky,FY2022,2423,estate_and_trust_income_tax
Kentucky,FY2023,4325,estate_and_trust_income_tax
Kentucky,FY2024,3527,estate_and_trust_income_tax
Kentucky,FY2025,3367,estate_and_trust_income_tax
Kentucky,FY1998,62,estate_tax
Kentucky,FY1999,169,estate_tax
Kentucky,FY2000,186,estate_tax
Kentucky,FY2001,176,estate_tax
Kentucky,FY2002,171,estate_tax
Kentucky,FY2003,169,estate_tax
Kentucky,FY2004,145,estate_tax
Kentucky,FY2005,101,estate_tax
Kentucky,FY2006,89,estate_tax
Kentucky,FY2007,90,estate_tax
Kentucky,FY2008,96,estate_tax
Kentucky,FY2009,77,estate_tax
Kentucky,FY2010,65,estate_tax
Kentucky,FY2011,50,estate_tax
Kentucky,FY2012,28,estate_tax
Kentucky,FY2013,38,estate_tax
Kentucky,FY2014,27,estate_tax
Kentucky,FY2015,35,estate_tax
Kentucky,FY2016,40,estate_tax
Kentucky,FY2017,46,estate_tax
Kentucky,FY2018,46,estate_tax
Kentucky,FY2019,31,estate_tax
Kentucky,FY2020,23,estate_tax
Kentucky,FY2021,17,estate_tax
Kentucky,FY2022,18,estate_tax
Kentucky,FY2023,17,estate_tax
Kentucky,FY2024,14,estate_tax
Kentucky,FY2025,15,estate_tax
Kentucky,FY1998,1106,excise_taxes
Kentucky,FY1999,956,excise_taxes
Kentucky,FY2000,865,excise_taxes
Kentucky,FY2001,812,excise_taxes
Kentucky,FY2002,896,excise_taxes
Kentucky,FY2003,889,excise_taxes
Kentucky,FY2004,1021,excise_taxes
Kentucky,FY2005,1745,excise_taxes
Kentucky,FY2006,1440,excise_taxes
Kentucky,FY2007,1963,excise_taxes
Kentucky,FY2008,1414,excise_taxes
Kentucky,FY2009,1434,excise_taxes
Kentucky,FY2010,1302,excise_taxes
Kentucky,FY2011,1289,excise_taxes
Kentucky,FY2012,1099,excise_taxes
Kentucky,FY2013,1018,excise_taxes
Kentucky,FY2014,891,excise_taxes
Kentucky,FY2015,940,excise_taxes
Kentucky,FY2016,1000,excise_taxes
Kentucky,FY2017,972,excise_taxes
Kentucky,FY2018,952,excise_taxes
Kentucky,FY2019,1200,excise_taxes
Kentucky,FY2020,1082,excise_taxes
Kentucky,FY2021,1510,excise_taxes
Kentucky,FY2022,1168,excise_taxes
Kentucky,FY2023,1341,excise_taxes
Kentucky,FY2024,1574,excise_taxes
Kentucky,FY2025,1374,excise_taxes
Kentucky,FY1998,10,gift_tax
Kentucky,FY1999,28,gift_tax
Kentucky,FY2000,23,gift_tax
Kentucky,FY2001,26,gift_tax
Kentucky,FY2002,20,gift_tax
Kentucky,FY2003,13,gift_tax
Kentucky,FY2004,19,gift_tax
Kentucky,FY2005,9,gift_tax
Kentucky,FY2006,12,gift_tax
Kentucky,FY2007,13,gift_tax
Kentucky,FY2008,17,gift_tax
Kentucky,FY2009,16,gift_tax
Kentucky,FY2010,18,gift_tax
Kentucky,FY2011,21,gift_tax
Kentucky,FY2012,29,gift_tax
Kentucky,FY2013,22,gift_tax
Kentucky,FY2014,23,gift_tax
Kentucky,FY2015,27,gift_tax
Kentucky,FY2016,13,gift_tax
Kentucky,FY2017,28,gift_tax
Kentucky,FY2018,35,gift_tax
Kentucky,FY2019,32,gift_tax
Kentucky,FY2020,13,gift_tax
Kentucky,FY2021,28,gift_tax
Kentucky,FY2022,41,gift_tax
Kentucky,FY2023,42,gift_tax
Kentucky,FY2024,51,gift_tax
Kentucky,FY2025,20,gift_tax
Kentucky,FY1998,925083,total_refunds
Kentucky,FY1999,1355567,total_refunds
Kentucky,FY2000,1196542,total_refunds
Kentucky,FY2001,2440330,total_refunds
Kentucky,FY2002,1586721,total_refunds
Kentucky,FY2003,1714417,total_refunds
Kentucky,FY2004,1478589,total_refunds
Kentucky,FY2005,1461354,total_refunds
Kentucky,FY2006,1495484,total_refunds
Kentucky,FY2007,1578598,total_refunds
Kentucky,FY2008,3355000,total_refunds
Kentucky,FY2009,1682571,total_refunds
Kentucky,FY2010,1622532,total_refunds
Kentucky,FY2011,1630410,total_refunds
Kentucky,FY2012,1634618,total_refunds
Kentucky,FY2013,1622983,total_refunds
Kentucky,FY2014,1594872,total_refunds
Kentucky,FY2015,1596153,total_refunds
Kentucky,FY2016,1623585,total_refunds
Kentucky,FY2017,1612373,total_refunds
Kentucky,FY2018,1606711,total_refunds
Kentucky,FY2019,1601545,total_refunds
Kentucky,FY2020,4208026,total_refunds
Kentucky,FY2021,8489997,total_refunds
Kentucky,FY2022,3250068,total_refunds
Kentucky,FY2023,1619483,total_refunds
Kentucky,FY2024,1543555,total_refunds
Kentucky,FY2025,1551178,total_refunds
Kentucky-Tennessee,FY1997,14325,business_income_taxes
Kentucky-Tennessee,FY1997,70622,employment_taxes
Kentucky-Tennessee,FY1997,469,estate_tax
Kentucky-Tennessee,FY1997,2224,excise_taxes
Kentucky-Tennessee,FY1997,62,gift_tax
Kentucky-Tennessee,FY1997,3295542,total_refunds
Laguna Niguel,FY1995,15627,business_income_taxes
Laguna Niguel,FY1996,14829,business_income_taxes
Laguna Niguel,FY1995,64096,employment_taxes
Laguna Niguel,FY1996,60876,employment_taxes
Laguna Niguel,FY1995,483,estate_tax
Laguna Niguel,FY1996,525,estate_tax
Laguna Niguel,FY1995,1487,excise_taxes
Laguna Niguel,FY1996,2066,excise_taxes
Laguna Niguel,FY1995,61,gift_tax
Laguna Niguel,FY1996,60,gift_tax
Laguna Niguel,FY1995,2771115,total_refunds
Laguna Niguel,FY1996,2812164,total_refunds
Las Vegas,FY1995,3045,business_income_taxes
Las Vegas,FY1996,3241,business_income_taxes
Las Vegas,FY1995,12873,employment_taxes
Las Vegas,FY1996,13015,employment_taxes
Las Vegas,FY1995,57,estate_tax
Las Vegas,FY1996,68,estate_tax
Las Vegas,FY1995,369,excise_taxes
Las Vegas,FY1996,539,excise_taxes
Las Vegas,FY1995,20,gift_tax
Las Vegas,FY1996,26,gift_tax
Las Vegas,FY1995,513039,total_refunds
Las Vegas,FY1996,524619,total_refunds
Little Rock,FY1995,5210,business_income_taxes
Little Rock,FY1996,4960,business_income_taxes
Little Rock,FY1995,21909,employment_taxes
Little Rock,FY1996,27205,employment_taxes
Little Rock,FY1995,34,estate_tax
Little Rock,FY1996,35,estate_tax
Little Rock,FY1995,573,excise_taxes
Little Rock,FY1996,676,excise_taxes
Little Rock,FY1995,13,gift_tax
Little Rock,FY1996,15,gift_tax
Little Rock,FY1995,1028238,total_refunds
Little Rock,FY1996,716567,total_refunds
Los Angeles,FY1995,13839,business_income_taxes
Los Angeles,FY1996,13438,business_income_taxes
Los Angeles,FY1997,13957,business_income_taxes
Los Angeles,FY1995,74053,employment_taxes
Los Angeles,FY1996,74222,employment_taxes
Los Angeles,FY1997,73583,employment_taxes
Los Angeles,FY1995,525,estate_tax
Los Angeles,FY1996,603,estate_tax
Los Angeles,FY1997,593,estate_tax
Los Angeles,FY1995,1507,excise_taxes
Los Angeles,FY1996,1892,excise_taxes
Los Angeles,FY1997,960,excise_taxes
Los Angeles,FY1995,79,gift_tax
Los Angeles,FY1996,95,gift_tax
Los Angeles,FY1997,139,gift_tax
Los Angeles,FY1995,2316714,total_refunds
Los Angeles,FY1996,2337736,total_refunds
Los Angeles,FY1997,2381057,total_refunds
Louisiana,FY1998,7832,business_income_taxes
Louisiana,FY1999,7306,business_income_taxes
Louisiana,FY2000,7703,business_income_taxes
Louisiana,FY2001,7153,business_income_taxes
Louisiana,FY2002,7036,business_income_taxes
Louisiana,FY2003,7475,business_income_taxes
Louisiana,FY2004,6234,business_income_taxes
Louisiana,FY2005,5888,business_income_taxes
Louisiana,FY2006,5614,business_income_taxes
Louisiana,FY2007,11134,business_income_taxes
Louisiana,FY2008,8866,business_income_taxes
Louisiana,FY2009,7743,business_income_taxes
Louisiana,FY2010,8023,business_income_taxes
Louisiana,FY2011,7277,business_income_taxes
Louisiana,FY2012,6151,business_income_taxes
Louisiana,FY2013,5313,business_income_taxes
Louisiana,FY2014,4989,business_income_taxes
Louisiana,FY2015,4690,business_income_taxes
Louisiana,FY2016,4474,business_income_taxes
Louisiana,FY2017,4337,business_income_taxes
Louisiana,FY2018,3999,business_income_taxes
Louisiana,FY2019,3367,business_income_taxes
Louisiana,FY2020,3103,business_income_taxes
Louisiana,FY2021,4656,business_income_taxes
Louisiana,FY2022,6018,business_income_taxes
Louisiana,FY2023,3693,business_income_taxes
Louisiana,FY2024,3736,business_income_taxes
Louisiana,FY2025,4121,business_income_taxes
Louisiana,FY1998,67415,employment_taxes
Louisiana,FY1999,34274,employment_taxes
Louisiana,FY2000,34019,employment_taxes
Louisiana,FY2001,33063,employment_taxes
Louisiana,FY2002,32470,employment_taxes
Louisiana,FY2003,31691,employment_taxes
Louisiana,FY2004,31451,employment_taxes
Louisiana,FY2005,37119,employment_taxes
Louisiana,FY2006,36804,employment_taxes
Louisiana,FY2007,39111,employment_taxes
Louisiana,FY2008,38448,employment_taxes
Louisiana,FY2009,35101,employment_taxes
Louisiana,FY2010,31424,employment_taxes
Louisiana,FY2011,39374,employment_taxes
Louisiana,FY2012,35162,employment_taxes
Louisiana,FY2013,30575,employment_taxes
Louisiana,FY2014,25545,employment_taxes
Louisiana,FY2015,24492,employment_taxes
Louisiana,FY2016,22743,employment_taxes
Louisiana,FY2017,21913,employment_taxes
Louisiana,FY2018,20579,employment_taxes
Louisiana,FY2019,20431,employment_taxes
Louisiana,FY2020,18341,employment_taxes
Louisiana,FY2021,33760,employment_taxes
Louisiana,FY2022,45669,employment_taxes
Louisiana,FY2023,51484,employment_taxes
Louisiana,FY2024,21164,employment_taxes
Louisiana,FY2025,38383,employment_taxes
Louisiana,FY2009,3214,estate_and_trust_income_tax
Louisiana,FY2010,2531,estate_and_trust_income_tax
Louisiana,FY2011,1892,estate_and_trust_income_tax
Louisiana,FY2012,1544,estate_and_trust_income_tax
Louisiana,FY2013,1577,estate_and_trust_income_tax
Louisiana,FY2014,1734,estate_and_trust_income_tax
Louisiana,FY2015,1774,estate_and_trust_income_tax
Louisiana,FY2016,2177,estate_and_trust_income_tax
Louisiana,FY2017,2174,estate_and_trust_income_tax
Louisiana,FY2018,1593,estate_and_trust_income_tax
Louisiana,FY2019,1824,estate_and_trust_income_tax
Louisiana,FY2020,1720,estate_and_trust_income_tax
Louisiana,FY2021,3119,estate_and_trust_income_tax
Louisiana,FY2022,14038,estate_and_trust_income_tax
Louisiana,FY2023,2937,estate_and_trust_income_tax
Louisiana,FY2024,2861,estate_and_trust_income_tax
Louisiana,FY2025,2878,estate_and_trust_income_tax
Louisiana,FY1998,211,estate_tax
Louisiana,FY1999,193,estate_tax
Louisiana,FY2000,237,estate_tax
Louisiana,FY2001,204,estate_tax
Louisiana,FY2002,242,estate_tax
Louisiana,FY2003,189,estate_tax
Louisiana,FY2004,160,estate_tax
Louisiana,FY2005,153,estate_tax
Louisiana,FY2006,106,estate_tax
Louisiana,FY2007,142,estate_tax
Louisiana,FY2008,126,estate_tax
Louisiana,FY2009,136,estate_tax
Louisiana,FY2010,108,estate_tax
Louisiana,FY2011,69,estate_tax
Louisiana,FY2012,45,estate_tax
Louisiana,FY2013,69,estate_tax
Louisiana,FY2014,49,estate_tax
Louisiana,FY2015,56,estate_tax
Louisiana,FY2016,54,estate_tax
Louisiana,FY2017,51,estate_tax
Louisiana,FY2018,56,estate_tax
Louisiana,FY2019,43,estate_tax
Louisiana,FY2020,17,estate_tax
Louisiana,FY2022,23,estate_tax
Louisiana,FY2024,34,estate_tax
Louisiana,FY1998,439,excise_taxes
Louisiana,FY1999,1117,excise_taxes
Louisiana,FY2000,1222,excise_taxes
Louisiana,FY2001,1221,excise_taxes
Louisiana,FY2002,1013,excise_taxes
Louisiana,FY2003,928,excise_taxes
Louisiana,FY2004,949,excise_taxes
Louisiana,FY2005,1741,excise_taxes
Louisiana,FY2006,1535,excise_taxes
Louisiana,FY2007,1789,excise_taxes
Louisiana,FY2008,1431,excise_taxes
Louisiana,FY2009,1414,excise_taxes
Louisiana,FY2010,1531,excise_taxes
Louisiana,FY2011,1382,excise_taxes
Louisiana,FY2012,1300,excise_taxes
Louisiana,FY2013,1310,excise_taxes
Louisiana,FY2014,1070,excise_taxes
Louisiana,FY2015,1052,excise_taxes
Louisiana,FY2016,1013,excise_taxes
Louisiana,FY2017,1038,excise_taxes
Louisiana,FY2018,1009,excise_taxes
Louisiana,FY2019,1202,excise_taxes
Louisiana,FY2020,1121,excise_taxes
Louisiana,FY2021,1518,excise_taxes
Louisiana,FY2023,1202,excise_taxes
Louisiana,FY2024,1392,excise_taxes
Louisiana,FY2025,1366,excise_taxes
Louisiana,FY1998,27,gift_tax
Louisiana,FY1999,38,gift_tax
Louisiana,FY2000,38,gift_tax
Louisiana,FY2001,32,gift_tax
Louisiana,FY2002,27,gift_tax
Louisiana,FY2003,26,gift_tax
Louisiana,FY2004,33,gift_tax
Louisiana,FY2005,24,gift_tax
Louisiana,FY2006,13,gift_tax
Louisiana,FY2007,45,gift_tax
Louisiana,FY2008,38,gift_tax
Louisiana,FY2009,24,gift_tax
Louisiana,FY2010,23,gift_tax
Louisiana,FY2011,26,gift_tax
Louisiana,FY2012,28,gift_tax
Louisiana,FY2013,26,gift_tax
Louisiana,FY2014,34,gift_tax
Louisiana,FY2015,15,gift_tax
Louisiana,FY2016,11,gift_tax
Louisiana,FY2017,10,gift_tax
Louisiana,FY2018,12,gift_tax
Louisiana,FY2019,12,gift_tax
Louisiana,FY2020,3,gift_tax
Louisiana,FY2024,11,gift_tax
Louisiana,FY1998,4569060,total_refunds
Louisiana,FY1999,1483227,total_refunds
Louisiana,FY2000,1498792,total_refunds
Louisiana,FY2001,2479776,total_refunds
Louisiana,FY2002,1744603,total_refunds
Louisiana,FY2003,1955626,total_refunds
Louisiana,FY2004,1608350,total_refunds
Louisiana,FY2005,1640583,total_refunds
Louisiana,FY2006,1500608,total_refunds
Louisiana,FY2007,1701527,total_refunds
Louisiana,FY2008,3407363,total_refunds
Louisiana,FY2009,1773460,total_refunds
Louisiana,FY2010,1733046,total_refunds
Louisiana,FY2011,1736177,total_refunds
Louisiana,FY2012,1753536,total_refunds
Louisiana,FY2013,1737988,total_refunds
Louisiana,FY2014,1672605,total_refunds
Louisiana,FY2015,1664436,total_refunds
Louisiana,FY2016,1681679,total_refunds
Louisiana,FY2017,1640935,total_refunds
Louisiana,FY2018,1624138,total_refunds
Louisiana,FY2019,1614998,total_refunds
Louisiana,FY2020,4284428,total_refunds
Louisiana,FY2021,8787821,total_refunds
Louisiana,FY2022,3401690,total_refunds
Louisiana,FY2023,1623076,total_refunds
Louisiana,FY2024,1526914,total_refunds
Louisiana,FY2025,1565380,total_refunds
Louisville,FY1995,5924,business_income_taxes
Louisville,FY1996,6028,business_income_taxes
Louisville,FY1995,25902,employment_taxes
Louisville,FY1996,23603,employment_taxes
Louisville,FY1995,121,estate_tax
Louisville,FY1996,93,estate_tax
Louisville,FY1995,899,excise_taxes
Louisville,FY1996,1375,excise_taxes
Louisville,FY1995,12,gift_tax
Louisville,FY1996,9,gift_tax
Louisville,FY1995,1262518,total_refunds
Louisville,FY1996,1247106,total_refunds
Maine,FY1998,2316,business_income_taxes
Maine,FY1999,2394,business_income_taxes
Maine,FY2000,2312,business_income_taxes
Maine,FY2001,2350,business_income_taxes
Maine,FY2002,2468,business_income_taxes
Maine,FY2003,2707,business_income_taxes
Maine,FY2004,2417,business_income_taxes
Maine,FY2005,2364,business_income_taxes
Maine,FY2006,2420,business_income_taxes
Maine,FY2007,4899,business_income_taxes
Maine,FY2008,3235,business_income_taxes
Maine,FY2009,2838,business_income_taxes
Maine,FY2010,2716,business_income_taxes
Maine,FY2011,2429,business_income_taxes
Maine,FY2012,2301,business_income_taxes
Maine,FY2013,2137,business_income_taxes
Maine,FY2014,2000,business_income_taxes
Maine,FY2015,1976,business_income_taxes
Maine,FY2016,1847,business_income_taxes
Maine,FY2017,1852,business_income_taxes
Maine,FY2018,1808,business_income_taxes
Maine,FY2019,1566,business_income_taxes
Maine,FY2020,1461,business_income_taxes
Maine,FY2021,2089,business_income_taxes
Maine,FY2022,3101,business_income_taxes
Maine,FY2023,1634,business_income_taxes
Maine,FY2024,1697,business_income_taxes
Maine,FY2025,1762,business_income_taxes
Maine,FY1998,7996,employment_taxes
Maine,FY1999,8484,employment_taxes
Maine,FY2000,8061,employment_taxes
Maine,FY2001,8442,employment_taxes
Maine,FY2002,8226,employment_taxes
Maine,FY2003,8522,employment_taxes
Maine,FY2004,7947,employment_taxes
Maine,FY2005,9093,employment_taxes
Maine,FY2006,9189,employment_taxes
Maine,FY2007,9355,employment_taxes
Maine,FY2008,8709,employment_taxes
Maine,FY2009,7792,employment_taxes
Maine,FY2010,7348,employment_taxes
Maine,FY2011,9198,employment_taxes
Maine,FY2012,8155,employment_taxes
Maine,FY2013,6932,employment_taxes
Maine,FY2014,5629,employment_taxes
Maine,FY2015,5416,employment_taxes
Maine,FY2016,5299,employment_taxes
Maine,FY2017,5201,employment_taxes
Maine,FY2018,4858,employment_taxes
Maine,FY2019,5314,employment_taxes
Maine,FY2020,4672,employment_taxes
Maine,FY2021,8427,employment_taxes
Maine,FY2022,11253,employment_taxes
Maine,FY2023,14162,employment_taxes
Maine,FY2024,5819,employment_taxes
Maine,FY2025,12169,employment_taxes
Maine,FY2009,2368,estate_and_trust_income_tax
Maine,FY2010,1266,estate_and_trust_income_tax
Maine,FY2011,855,estate_and_trust_income_tax
Maine,FY2012,880,estate_and_trust_income_tax
Maine,FY2013,827,estate_and_trust_income_tax
Maine,FY2014,974,estate_and_trust_income_tax
Maine,FY2015,1102,estate_and_trust_income_tax
Maine,FY2016,1487,estate_and_trust_income_tax
Maine,FY2017,1350,estate_and_trust_income_tax
Maine,FY2018,969,estate_and_trust_income_tax
Maine,FY2019,1249,estate_and_trust_income_tax
Maine,FY2020,1302,estate_and_trust_income_tax
Maine,FY2021,2019,estate_and_trust_income_tax
Maine,FY2022,10902,estate_and_trust_income_tax
Maine,FY2023,2363,estate_and_trust_income_tax
Maine,FY2024,1860,estate_and_trust_income_tax
Maine,FY2025,1676,estate_and_trust_income_tax
Maine,FY1998,63,estate_tax
Maine,FY1999,63,estate_tax
Maine,FY2000,80,estate_tax
Maine,FY2001,91,estate_tax
Maine,FY2002,88,estate_tax
Maine,FY2003,106,estate_tax
Maine,FY2004,81,estate_tax
Maine,FY2005,91,estate_tax
Maine,FY2006,59,estate_tax
Maine,FY2007,78,estate_tax
Maine,FY2008,64,estate_tax
Maine,FY2009,68,estate_tax
Maine,FY2010,34,estate_tax
Maine,FY2011,10,estate_tax
Maine,FY2012,25,estate_tax
Maine,FY2013,18,estate_tax
Maine,FY2014,20,estate_tax
Maine,FY2015,19,estate_tax
Maine,FY1998,89,excise_taxes
Maine,FY1999,288,excise_taxes
Maine,FY2000,347,excise_taxes
Maine,FY2001,294,excise_taxes
Maine,FY2002,272,excise_taxes
Maine,FY2003,387,excise_taxes
Maine,FY2004,365,excise_taxes
Maine,FY2005,686,excise_taxes
Maine,FY2006,497,excise_taxes
Maine,FY2007,547,excise_taxes
Maine,FY2008,424,excise_taxes
Maine,FY2009,415,excise_taxes
Maine,FY2010,541,excise_taxes
Maine,FY2011,460,excise_taxes
Maine,FY2012,515,excise_taxes
Maine,FY2013,668,excise_taxes
Maine,FY2014,542,excise_taxes
Maine,FY2015,565,excise_taxes
Maine,FY2016,554,excise_taxes
Maine,FY2017,599,excise_taxes
Maine,FY2018,555,excise_taxes
Maine,FY2019,647,excise_taxes
Maine,FY2020,614,excise_taxes
Maine,FY2021,791,excise_taxes
Maine,FY2022,727,excise_taxes
Maine,FY2023,754,excise_taxes
Maine,FY2024,870,excise_taxes
Maine,FY2025,844,excise_taxes
Maine,FY1998,7,gift_tax
Maine,FY1999,10,gift_tax
Maine,FY2000,9,gift_tax
Maine,FY2001,9,gift_tax
Maine,FY2002,26,gift_tax
Maine,FY2003,6,gift_tax
Maine,FY2004,5,gift_tax
Maine,FY2005,13,gift_tax
Maine,FY2006,15,gift_tax
Maine,FY2007,19,gift_tax
Maine,FY2008,10,gift_tax
Maine,FY2009,7,gift_tax
Maine,FY2010,4,gift_tax
Maine,FY2011,8,gift_tax
Maine,FY2012,14,gift_tax
Maine,FY2013,11,gift_tax
Maine,FY2014,7,gift_tax
Maine,FY2015,8,gift_tax
Maine,FY1998,334448,total_refunds
Maine,FY1999,455070,total_refunds
Maine,FY2000,460892,total_refunds
Maine,FY2001,874214,total_refunds
Maine,FY2002,515729,total_refunds
Maine,FY2003,604438,total_refunds
Maine,FY2004,509721,total_refunds
Maine,FY2005,496539,total_refunds
Maine,FY2006,505406,total_refunds
Maine,FY2007,534594,total_refunds
Maine,FY2008,1119558,total_refunds
Maine,FY2009,564635,total_refunds
Maine,FY2010,536665,total_refunds
Maine,FY2011,530450,total_refunds
Maine,FY2012,531900,total_refunds
Maine,FY2013,523454,total_refunds
Maine,FY2014,514012,total_refunds
Maine,FY2015,496084,total_refunds
Maine,FY2016,520104,total_refunds
Maine,FY2017,518916,total_refunds
Maine,FY2018,520986,total_refunds
Maine,FY2019,526125,total_refunds
Maine,FY2020,1341073,total_refunds
Maine,FY2021,2562070,total_refunds
Maine,FY2022,970368,total_refunds
Maine,FY2023,546664,total_refunds
Maine,FY2024,524800,total_refunds
Maine,FY2025,516453,total_refunds
Manhattan,FY1995,8811,business_income_taxes
Manhattan,FY1996,10447,business_income_taxes
Manhattan,FY1997,9505,business_income_taxes
Manhattan,FY1995,48553,employment_taxes
Manhattan,FY1996,46134,employment_taxes
Manhattan,FY1997,45844,employment_taxes
Manhattan,FY1995,577,estate_tax
Manhattan,FY1996,563,estate_tax
Manhattan,FY1997,643,estate_tax
Manhattan,FY1995,1578,excise_taxes
Manhattan,FY1996,3552,excise_taxes
Manhattan,FY1997,1111,excise_taxes
Manhattan,FY1995,150,gift_tax
Manhattan,FY1996,148,gift_tax
Manhattan,FY1997,173,gift_tax
Manhattan,FY1995,1336274,total_refunds
Manhattan,FY1996,1316251,total_refunds
Manhattan,FY1997,1380000,total_refunds
Maryland,FY2002,8721,business_income_taxes
Maryland,FY2003,9495,business_income_taxes
Maryland,FY2004,7953,business_income_taxes
Maryland,FY2005,7957,business_income_taxes
Maryland,FY2006,8236,business_income_taxes
Maryland,FY2007,15583,business_income_taxes
Maryland,FY2008,11832,business_income_taxes
Maryland,FY2009,10070,business_income_taxes
Maryland,FY2010,10611,business_income_taxes
Maryland,FY2011,9107,business_income_taxes
Maryland,FY2012,7904,business_income_taxes
Maryland,FY2013,7026,business_income_taxes
Maryland,FY2014,6210,business_income_taxes
Maryland,FY2015,6102,business_income_taxes
Maryland,FY2016,5661,business_income_taxes
Maryland,FY2017,5577,business_income_taxes
Maryland,FY2018,5688,business_income_taxes
Maryland,FY2019,5327,business_income_taxes
Maryland,FY2020,4967,business_income_taxes
Maryland,FY2021,7146,business_income_taxes
Maryland,FY2022,12306,business_income_taxes
Maryland,FY2023,6278,business_income_taxes
Maryland,FY2024,6809,business_income_taxes
Maryland,FY2025,6484,business_income_taxes
Maryland,FY2002,32500,employment_taxes
Maryland,FY2003,32485,employment_taxes
Maryland,FY2004,31042,employment_taxes
Maryland,FY2005,38775,employment_taxes
Maryland,FY2006,39797,employment_taxes
Maryland,FY2007,39435,employment_taxes
Maryland,FY2008,37325,employment_taxes
Maryland,FY2009,33471,employment_taxes
Maryland,FY2010,30259,employment_taxes
Maryland,FY2011,36961,employment_taxes
Maryland,FY2012,33873,employment_taxes
Maryland,FY2013,29672,employment_taxes
Maryland,FY2014,23471,employment_taxes
Maryland,FY2015,22611,employment_taxes
Maryland,FY2016,21441,employment_taxes
Maryland,FY2017,20737,employment_taxes
Maryland,FY2018,20272,employment_taxes
Maryland,FY2019,20736,employment_taxes
Maryland,FY2020,18277,employment_taxes
Maryland,FY2021,34821,employment_taxes
Maryland,FY2022,49720,employment_taxes
Maryland,FY2023,57878,employment_taxes
Maryland,FY2024,24517,employment_taxes
Maryland,FY2025,45351,employment_taxes
Maryland,FY2009,10219,estate_and_trust_income_tax
Maryland,FY2010,6688,estate_and_trust_income_tax
Maryland,FY2011,4807,estate_and_trust_income_tax
Maryland,FY2012,4477,estate_and_trust_income_tax
Maryland,FY2013,4329,estate_and_trust_income_tax
Maryland,FY2014,4846,estate_and_trust_income_tax
Maryland,FY2015,4909,estate_and_trust_income_tax
Maryland,FY2016,6303,estate_and_trust_income_tax
Maryland,FY2017,6132,estate_and_trust_income_tax
Maryland,FY2018,5210,estate_and_trust_income_tax
Maryland,FY2019,5711,estate_and_trust_income_tax
Maryland,FY2020,5530,estate_and_trust_income_tax
Maryland,FY2021,8541,estate_and_trust_income_tax
Maryland,FY2022,1659,estate_and_trust_income_tax
Maryland,FY2023,9409,estate_and_trust_income_tax
Maryland,FY2024,8183,estate_and_trust_income_tax
Maryland,FY2025,6905,estate_and_trust_income_tax
Maryland,FY2002,562,estate_tax
Maryland,FY2003,456,estate_tax
Maryland,FY2004,332,estate_tax
Maryland,FY2005,322,estate_tax
Maryland,FY2006,284,estate_tax
Maryland,FY2007,296,estate_tax
Maryland,FY2008,286,estate_tax
Maryland,FY2009,274,estate_tax
Maryland,FY2010,229,estate_tax
Maryland,FY2011,121,estate_tax
Maryland,FY2012,81,estate_tax
Maryland,FY2013,89,estate_tax
Maryland,FY2014,74,estate_tax
Maryland,FY2015,83,estate_tax
Maryland,FY2016,132,estate_tax
Maryland,FY2017,104,estate_tax
Maryland,FY2018,105,estate_tax
Maryland,FY2019,79,estate_tax
Maryland,FY2020,56,estate_tax
Maryland,FY2021,68,estate_tax
Maryland,FY2022,42,estate_tax
Maryland,FY2023,65,estate_tax
Maryland,FY2024,67,estate_tax
Maryland,FY2025,50,estate_tax
Maryland,FY2002,1197,excise_taxes
Maryland,FY2003,1260,excise_taxes
Maryland,FY2004,1119,excise_taxes
Maryland,FY2005,1965,excise_taxes
Maryland,FY2006,1380,excise_taxes
Maryland,FY2007,2036,excise_taxes
Maryland,FY2008,1447,excise_taxes
Maryland,FY2009,1377,excise_taxes
Maryland,FY2010,1507,excise_taxes
Maryland,FY2011,1305,excise_taxes
Maryland,FY2012,1442,excise_taxes
Maryland,FY2013,1166,excise_taxes
Maryland,FY2014,1161,excise_taxes
Maryland,FY2015,1299,excise_taxes
Maryland,FY2016,1337,excise_taxes
Maryland,FY2017,1281,excise_taxes
Maryland,FY2018,1211,excise_taxes
Maryland,FY2019,1359,excise_taxes
Maryland,FY2020,1260,excise_taxes
Maryland,FY2021,1726,excise_taxes
Maryland,FY2022,1779,excise_taxes
Maryland,FY2023,1708,excise_taxes
Maryland,FY2024,1918,excise_taxes
Maryland,FY2025,1935,excise_taxes
Maryland,FY2002,86,gift_tax
Maryland,FY2003,58,gift_tax
Maryland,FY2004,28,gift_tax
Maryland,FY2005,47,gift_tax
Maryland,FY2006,62,gift_tax
Maryland,FY2007,75,gift_tax
Maryland,FY2008,62,gift_tax
Maryland,FY2009,63,gift_tax
Maryland,FY2010,65,gift_tax
Maryland,FY2011,77,gift_tax
Maryland,FY2012,66,gift_tax
Maryland,FY2013,35,gift_tax
Maryland,FY2014,58,gift_tax
Maryland,FY2015,42,gift_tax
Maryland,FY2016,18,gift_tax
Maryland,FY2017,32,gift_tax
Maryland,FY2018,13,gift_tax
Maryland,FY2019,19,gift_tax
Maryland,FY2020,12,gift_tax
Maryland,FY2021,13,gift_tax
Maryland,FY2022,19,gift_tax
Maryland,FY2023,40,gift_tax
Maryland,FY2024,24,gift_tax
Maryland,FY2025,16,gift_tax
Maryland,FY2002,2189621,total_refunds
Maryland,FY2003,2580284,total_refunds
Maryland,FY2004,2164094,total_refunds
Maryland,FY2005,2153025,total_refunds
Maryland,FY2006,2183810,total_refunds
Maryland,FY2007,2269208,total_refunds
Maryland,FY2008,4454613,total_refunds
Maryland,FY2009,2448450,total_refunds
Maryland,FY2010,2367693,total_refunds
Maryland,FY2011,2365658,total_refunds
Maryland,FY2012,2386855,total_refunds
Maryland,FY2013,2351212,total_refunds
Maryland,FY2014,2313936,total_refunds
Maryland,FY2015,2284469,total_refunds
Maryland,FY2016,2371294,total_refunds
Maryland,FY2017,2363151,total_refunds
Maryland,FY2018,2350149,total_refunds
Maryland,FY2019,2260525,total_refunds
Maryland,FY2020,5466280,total_refunds
Maryland,FY2021,10542803,total_refunds
Maryland,FY2022,4540789,total_refunds
Maryland,FY2023,2349793,total_refunds
Maryland,FY2024,2221515,total_refunds
Maryland,FY2025,2220995,total_refunds
Maryland and District of Columbia,FY1998,10923,business_income_taxes
Maryland and District of Columbia,FY1999,9328,business_income_taxes
Maryland and District of Columbia,FY2000,9226,business_income_taxes
Maryland and District of Columbia,FY2001,9306,business_income_taxes
Maryland and District of Columbia,FY1998,43896,employment_taxes
Maryland and District of Columbia,FY1999,39423,employment_taxes
Maryland and District of Columbia,FY2000,38232,employment_taxes
Maryland and District of Columbia,FY2001,38027,employment_taxes
Maryland and District of Columbia,FY1998,630,estate_tax
Maryland and District of Columbia,FY1999,520,estate_tax
Maryland and District of Columbia,FY2000,547,estate_tax
Maryland and District of Columbia,FY2001,615,estate_tax
Maryland and District of Columbia,FY1998,564,excise_taxes
Maryland and District of Columbia,FY1999,1153,excise_taxes
Maryland and District of Columbia,FY2000,1190,excise_taxes
Maryland and District of Columbia,FY2001,1237,excise_taxes
Maryland and District of Columbia,FY1998,83,gift_tax
Maryland and District of Columbia,FY1999,76,gift_tax
Maryland and District of Columbia,FY2000,87,gift_tax
Maryland and District of Columbia,FY2001,106,gift_tax
Maryland and District of Columbia,FY1998,1663217,total_refunds
Maryland and District of Columbia,FY1999,2094249,total_refunds
Maryland and District of Columbia,FY2000,2122864,total_refunds
Maryland and District of Columbia,FY2001,4094780,total_refunds
Massachusetts,FY1998,11339,business_income_taxes
Massachusetts,FY1999,11166,business_income_taxes
Massachusetts,FY2000,10935,business_income_taxes
Massachusetts,FY2001,10725,business_income_taxes
Massachusetts,FY2002,11630,business_income_taxes
Massachusetts,FY2003,13168,business_income_taxes
Massachusetts,FY2004,10407,business_income_taxes
Massachusetts,FY2005,9779,business_income_taxes
Massachusetts,FY2006,9761,business_income_taxes
Massachusetts,FY2007,20442,business_income_taxes
Massachusetts,FY2008,13208,business_income_taxes
Massachusetts,FY2009,10597,business_income_taxes
Massachusetts,FY2010,11254,business_income_taxes
Massachusetts,FY2011,10069,business_income_taxes
Massachusetts,FY2012,8937,business_income_taxes
Massachusetts,FY2013,8064,business_income_taxes
Massachusetts,FY2014,7324,business_income_taxes
Massachusetts,FY2015,7367,business_income_taxes
Massachusetts,FY2016,7115,business_income_taxes
Massachusetts,FY2017,7045,business_income_taxes
Massachusetts,FY2018,6737,business_income_taxes
Massachusetts,FY2019,6448,business_income_taxes
Massachusetts,FY2020,6349,business_income_taxes
Massachusetts,FY2021,9131,business_income_taxes
Massachusetts,FY2022,14469,business_income_taxes
Massachusetts,FY2023,7425,business_income_taxes
Massachusetts,FY2024,8931,business_income_taxes
Massachusetts,FY2025,9426,business_income_taxes
Massachusetts,FY1998,36904,employment_taxes
Massachusetts,FY1999,40243,employment_taxes
Massachusetts,FY2000,38934,employment_taxes
Massachusetts,FY2001,37747,employment_taxes
Massachusetts,FY2002,36129,employment_taxes
Massachusetts,FY2003,36518,employment_taxes
Massachusetts,FY2004,33929,employment_taxes
Massachusetts,FY2005,41006,employment_taxes
Massachusetts,FY2006,40240,employment_taxes
Massachusetts,FY2007,39067,employment_taxes
Massachusetts,FY2008,38105,employment_taxes
Massachusetts,FY2009,34770,employment_taxes
Massachusetts,FY2010,33218,employment_taxes
Massachusetts,FY2011,40039,employment_taxes
Massachusetts,FY2012,35299,employment_taxes
Massachusetts,FY2013,31409,employment_taxes
Massachusetts,FY2014,25488,employment_taxes
Massachusetts,FY2015,26182,employment_taxes
Massachusetts,FY2016,24509,employment_taxes
Massachusetts,FY2017,23836,employment_taxes
Massachusetts,FY2018,23863,employment_taxes
Massachusetts,FY2019,23858,employment_taxes
Massachusetts,FY2020,23649,employment_taxes
Massachusetts,FY2021,40015,employment_taxes
Massachusetts,FY2022,68269,employment_taxes
Massachusetts,FY2023,73707,employment_taxes
Massachusetts,FY2024,29728,employment_taxes
Massachusetts,FY2025,56951,employment_taxes
Massachusetts,FY2009,30456,estate_and_trust_income_tax
Massachusetts,FY2010,14146,estate_and_trust_income_tax
Massachusetts,FY2011,10262,estate_and_trust_income_tax
Massachusetts,FY2012,10281,estate_and_trust_income_tax
Massachusetts,FY2013,9309,estate_and_trust_income_tax
Massachusetts,FY2014,9915,estate_and_trust_income_tax
Massachusetts,FY2015,12270,estate_and_trust_income_tax
Massachusetts,FY2016,14354,estate_and_trust_income_tax
Massachusetts,FY2017,13662,estate_and_trust_income_tax
Massachusetts,FY2018,9978,estate_and_trust_income_tax
Massachusetts,FY2019,11940,estate_and_trust_income_tax
Massachusetts,FY2020,12206,estate_and_trust_income_tax
Massachusetts,FY2021,17223,estate_and_trust_income_tax
Massachusetts,FY2022,7642,estate_and_trust_income_tax
Massachusetts,FY2023,18481,estate_and_trust_income_tax
Massachusetts,FY2024,15692,estate_and_trust_income_tax
Massachusetts,FY2025,14405,estate_and_trust_income_tax
Massachusetts,FY1998,443,estate_tax
Massachusetts,FY1999,655,estate_tax
Massachusetts,FY2000,657,estate_tax
Massachusetts,FY2001,726,estate_tax
Massachusetts,FY2002,780,estate_tax
Massachusetts,FY2003,781,estate_tax
Massachusetts,FY2004,581,estate_tax
Massachusetts,FY2005,631,estate_tax
Massachusetts,FY2006,539,estate_tax
Massachusetts,FY2007,512,estate_tax
Massachusetts,FY2008,396,estate_tax
Massachusetts,FY2009,449,estate_tax
Massachusetts,FY2010,275,estate_tax
Massachusetts,FY2011,168,estate_tax
Massachusetts,FY2012,143,estate_tax
Massachusetts,FY2013,156,estate_tax
Massachusetts,FY2014,147,estate_tax
Massachusetts,FY2015,171,estate_tax
Massachusetts,FY2016,173,estate_tax
Massachusetts,FY2017,159,estate_tax
Massachusetts,FY2018,135,estate_tax
Massachusetts,FY2019,115,estate_tax
Massachusetts,FY2020,79,estate_tax
Massachusetts,FY2021,87,estate_tax
Massachusetts,FY2022,87,estate_tax
Massachusetts,FY2023,117,estate_tax
Massachusetts,FY2024,126,estate_tax
Massachusetts,FY2025,115,estate_tax
Massachusetts,FY1998,467,excise_taxes
Massachusetts,FY1999,1419,excise_taxes
Massachusetts,FY2000,1546,excise_taxes
Massachusetts,FY2001,1464,excise_taxes
Massachusetts,FY2002,1674,excise_taxes
Massachusetts,FY2003,1708,excise_taxes
Massachusetts,FY2004,1611,excise_taxes
Massachusetts,FY2005,2409,excise_taxes
Massachusetts,FY2006,2034,excise_taxes
Massachusetts,FY2007,2751,excise_taxes
Massachusetts,FY2008,1942,excise_taxes
Massachusetts,FY2009,2013,excise_taxes
Massachusetts,FY2010,2139,excise_taxes
Massachusetts,FY2011,1960,excise_taxes
Massachusetts,FY2012,2149,excise_taxes
Massachusetts,FY2013,1900,excise_taxes
Massachusetts,FY2014,1918,excise_taxes
Massachusetts,FY2015,2096,excise_taxes
Massachusetts,FY2016,2046,excise_taxes
Massachusetts,FY2017,2123,excise_taxes
Massachusetts,FY2018,1922,excise_taxes
Massachusetts,FY2019,1959,excise_taxes
Massachusetts,FY2020,1772,excise_taxes
Massachusetts,FY2021,2508,excise_taxes
Massachusetts,FY2022,2678,excise_taxes
Massachusetts,FY2023,2583,excise_taxes
Massachusetts,FY2024,2982,excise_taxes
Massachusetts,FY2025,2882,excise_taxes
Massachusetts,FY1998,107,gift_tax
Massachusetts,FY1999,146,gift_tax
Massachusetts,FY2000,153,gift_tax
Massachusetts,FY2001,124,gift_tax
Massachusetts,FY2002,156,gift_tax
Massachusetts,FY2003,127,gift_tax
Massachusetts,FY2004,83,gift_tax
Massachusetts,FY2005,108,gift_tax
Massachusetts,FY2006,94,gift_tax
Massachusetts,FY2007,98,gift_tax
Massachusetts,FY2008,124,gift_tax
Massachusetts,FY2009,143,gift_tax
Massachusetts,FY2010,114,gift_tax
Massachusetts,FY2011,116,gift_tax
Massachusetts,FY2012,150,gift_tax
Massachusetts,FY2013,81,gift_tax
Massachusetts,FY2014,95,gift_tax
Massachusetts,FY2015,42,gift_tax
Massachusetts,FY2016,54,gift_tax
Massachusetts,FY2017,55,gift_tax
Massachusetts,FY2018,37,gift_tax
Massachusetts,FY2019,28,gift_tax
Massachusetts,FY2020,34,gift_tax
Massachusetts,FY2021,25,gift_tax
Massachusetts,FY2022,41,gift_tax
Massachusetts,FY2023,61,gift_tax
Massachusetts,FY2024,46,gift_tax
Massachusetts,FY2025,41,gift_tax
Massachusetts,FY1998,1851246,total_refunds
Massachusetts,FY1999,2248541,total_refunds
Massachusetts,FY2000,2256726,total_refunds
Massachusetts,FY2001,4487680,total_refunds
Massachusetts,FY2002,2572773,total_refunds
Massachusetts,FY2003,2950362,total_refunds
Massachusetts,FY2004,2496584,total_refunds
Massachusetts,FY2005,2446146,total_refunds
Massachusetts,FY2006,2474654,total_refunds
Massachusetts,FY2007,2590783,total_refunds
Massachusetts,FY2008,5145949,total_refunds
Massachusetts,FY2009,2800235,total_refunds
Massachusetts,FY2010,2682914,total_refunds
Massachusetts,FY2011,2655171,total_refunds
Massachusetts,FY2012,2693489,total_refunds
Massachusetts,FY2013,2676806,total_refunds
Massachusetts,FY2014,2636735,total_refunds
Massachusetts,FY2015,2642535,total_refunds
Massachusetts,FY2016,2740859,total_refunds
Massachusetts,FY2017,2751130,total_refunds
Massachusetts,FY2018,2751647,total_refunds
Massachusetts,FY2019,2740742,total_refunds
Massachusetts,FY2020,6441198,total_refunds
Massachusetts,FY2021,11894472,total_refunds
Massachusetts,FY2022,4904027,total_refunds
Massachusetts,FY2023,2767788,total_refunds
Massachusetts,FY2024,2689578,total_refunds
Massachusetts,FY2025,2626719,total_refunds
Michigan,FY1997,24251,business_income_taxes
Michigan,FY1998,22369,business_income_taxes
Michigan,FY1999,20683,business_income_taxes
Michigan,FY2000,20160,business_income_taxes
Michigan,FY2001,21154,business_income_taxes
Michigan,FY2002,23799,business_income_taxes
Michigan,FY2003,26072,business_income_taxes
Michigan,FY2004,19281,business_income_taxes
Michigan,FY2005,18245,business_income_taxes
Michigan,FY2006,17404,business_income_taxes
Michigan,FY2007,34819,business_income_taxes
Michigan,FY2008,22064,business_income_taxes
Michigan,FY2009,19270,business_income_taxes
Michigan,FY2010,19669,business_income_taxes
Michigan,FY2011,16826,business_income_taxes
Michigan,FY2012,14995,business_income_taxes
Michigan,FY2013,13273,business_income_taxes
Michigan,FY2014,12375,business_income_taxes
Michigan,FY2015,12230,business_income_taxes
Michigan,FY2016,11496,business_income_taxes
Michigan,FY2017,10886,business_income_taxes
Michigan,FY2018,10851,business_income_taxes
Michigan,FY2019,9352,business_income_taxes
Michigan,FY2020,8887,business_income_taxes
Michigan,FY2021,12812,business_income_taxes
Michigan,FY2022,17599,business_income_taxes
Michigan,FY2023,9632,business_income_taxes
Michigan,FY2024,11364,business_income_taxes
Michigan,FY2025,10650,business_income_taxes
Michigan,FY1997,63845,employment_taxes
Michigan,FY1998,61550,employment_taxes
Michigan,FY1999,62697,employment_taxes
Michigan,FY2000,60457,employment_taxes
Michigan,FY2001,59135,employment_taxes
Michigan,FY2002,56574,employment_taxes
Michigan,FY2003,57104,employment_taxes
Michigan,FY2004,53268,employment_taxes
Michigan,FY2005,62319,employment_taxes
Michigan,FY2006,62229,employment_taxes
Michigan,FY2007,61087,employment_taxes
Michigan,FY2008,57541,employment_taxes
Michigan,FY2009,53299,employment_taxes
Michigan,FY2010,51278,employment_taxes
Michigan,FY2011,68288,employment_taxes
Michigan,FY2012,55801,employment_taxes
Michigan,FY2013,56549,employment_taxes
Michigan,FY2014,43698,employment_taxes
Michigan,FY2015,41918,employment_taxes
Michigan,FY2016,39760,employment_taxes
Michigan,FY2017,40110,employment_taxes
Michigan,FY2018,39221,employment_taxes
Michigan,FY2019,37972,employment_taxes
Michigan,FY2020,33602,employment_taxes
Michigan,FY2021,65328,employment_taxes
Michigan,FY2022,98995,employment_taxes
Michigan,FY2023,96618,employment_taxes
Michigan,FY2024,43286,employment_taxes
Michigan,FY2025,70149,employment_taxes
Michigan,FY2009,14870,estate_and_trust_income_tax
Michigan,FY2010,7805,estate_and_trust_income_tax
Michigan,FY2011,5814,estate_and_trust_income_tax
Michigan,FY2012,5917,estate_and_trust_income_tax
Michigan,FY2013,6015,estate_and_trust_income_tax
Michigan,FY2014,6588,estate_and_trust_income_tax
Michigan,FY2015,7054,estate_and_trust_income_tax
Michigan,FY2016,9495,estate_and_trust_income_tax
Michigan,FY2017,9227,estate_and_trust_income_tax
Michigan,FY2018,6897,estate_and_trust_income_tax
Michigan,FY2019,8421,estate_and_trust_income_tax
Michigan,FY2020,8469,estate_and_trust_income_tax
Michigan,FY2021,13333,estate_and_trust_income_tax
Michigan,FY2022,4490,estate_and_trust_income_tax
Michigan,FY2023,14453,estate_and_trust_income_tax
Michigan,FY2024,12088,estate_and_trust_income_tax
Michigan,FY2025,11436,estate_and_trust_income_tax
Michigan,FY1997,379,estate_tax
Michigan,FY1998,410,estate_tax
Michigan,FY1999,597,estate_tax
Michigan,FY2000,596,estate_tax
Michigan,FY2001,633,estate_tax
Michigan,FY2002,582,estate_tax
Michigan,FY2003,582,estate_tax
Michigan,FY2004,400,estate_tax
Michigan,FY2005,432,estate_tax
Michigan,FY2006,366,estate_tax
Michigan,FY2007,340,estate_tax
Michigan,FY2008,276,estate_tax
Michigan,FY2009,251,estate_tax
Michigan,FY2010,191,estate_tax
Michigan,FY2011,92,estate_tax
Michigan,FY2012,80,estate_tax
Michigan,FY2013,92,estate_tax
Michigan,FY2014,93,estate_tax
Michigan,FY2015,92,estate_tax
Michigan,FY2016,112,estate_tax
Michigan,FY2017,91,estate_tax
Michigan,FY2018,105,estate_tax
Michigan,FY2019,84,estate_tax
Michigan,FY2020,47,estate_tax
Michigan,FY2021,60,estate_tax
Michigan,FY2022,53,estate_tax
Michigan,FY2023,72,estate_tax
Michigan,FY2024,64,estate_tax
Michigan,FY2025,61,estate_tax
Michigan,FY1997,1945,excise_taxes
Michigan,FY1998,1646,excise_taxes
Michigan,FY1999,1719,excise_taxes
Michigan,FY2000,1670,excise_taxes
Michigan,FY2001,1623,excise_taxes
Michigan,FY2002,1968,excise_taxes
Michigan,FY2003,1940,excise_taxes
Michigan,FY2004,1937,excise_taxes
Michigan,FY2005,3510,excise_taxes
Michigan,FY2006,2100,excise_taxes
Michigan,FY2007,4246,excise_taxes
Michigan,FY2008,2614,excise_taxes
Michigan,FY2009,2314,excise_taxes
Michigan,FY2010,2652,excise_taxes
Michigan,FY2011,2556,excise_taxes
Michigan,FY2012,2550,excise_taxes
Michigan,FY2013,2483,excise_taxes
Michigan,FY2014,2335,excise_taxes
Michigan,FY2015,2386,excise_taxes
Michigan,FY2016,2453,excise_taxes
Michigan,FY2017,2355,excise_taxes
Michigan,FY2018,2172,excise_taxes
Michigan,FY2019,2765,excise_taxes
Michigan,FY2020,2477,excise_taxes
Michigan,FY2021,3465,excise_taxes
Michigan,FY2022,3166,excise_taxes
Michigan,FY2023,3132,excise_taxes
Michigan,FY2024,4423,excise_taxes
Michigan,FY2025,3482,excise_taxes
Michigan,FY1997,61,gift_tax
Michigan,FY1998,78,gift_tax
Michigan,FY1999,101,gift_tax
Michigan,FY2000,74,gift_tax
Michigan,FY2001,101,gift_tax
Michigan,FY2002,87,gift_tax
Michigan,FY2003,75,gift_tax
Michigan,FY2004,66,gift_tax
Michigan,FY2005,74,gift_tax
Michigan,FY2006,74,gift_tax
Michigan,FY2007,77,gift_tax
Michigan,FY2008,87,gift_tax
Michigan,FY2009,86,gift_tax
Michigan,FY2010,80,gift_tax
Michigan,FY2011,71,gift_tax
Michigan,FY2012,97,gift_tax
Michigan,FY2013,53,gift_tax
Michigan,FY2014,43,gift_tax
Michigan,FY2015,41,gift_tax
Michigan,FY2016,73,gift_tax
Michigan,FY2017,47,gift_tax
Michigan,FY2018,31,gift_tax
Michigan,FY2019,23,gift_tax
Michigan,FY2020,13,gift_tax
Michigan,FY2021,16,gift_tax
Michigan,FY2022,31,gift_tax
Michigan,FY2023,21,gift_tax
Michigan,FY2024,29,gift_tax
Michigan,FY2025,20,gift_tax
Michigan,FY1997,3874883,total_refunds
Michigan,FY1998,4733180,total_refunds
Michigan,FY1999,3584000,total_refunds
Michigan,FY2000,3273099,total_refunds
Michigan,FY2001,6776219,total_refunds
Michigan,FY2002,3925279,total_refunds
Michigan,FY2003,4501542,total_refunds
Michigan,FY2004,3856520,total_refunds
Michigan,FY2005,3802612,total_refunds
Michigan,FY2006,3787822,total_refunds
Michigan,FY2007,4033217,total_refunds
Michigan,FY2008,7817818,total_refunds
Michigan,FY2009,4072829,total_refunds
Michigan,FY2010,3928051,total_refunds
Michigan,FY2011,3904456,total_refunds
Michigan,FY2012,3925143,total_refunds
Michigan,FY2013,3862243,total_refunds
Michigan,FY2014,3789560,total_refunds
Michigan,FY2015,3790616,total_refunds
Michigan,FY2016,3845391,total_refunds
Michigan,FY2017,3839384,total_refunds
Michigan,FY2018,3831167,total_refunds
Michigan,FY2019,3850472,total_refunds
Michigan,FY2020,9468772,total_refunds
Michigan,FY2021,18506270,total_refunds
Michigan,FY2022,7200017,total_refunds
Michigan,FY2023,3834395,total_refunds
Michigan,FY2024,3670935,total_refunds
Michigan,FY2025,3622604,total_refunds
Mid-Atlantic Region,FY1995,58726,business_income_taxes
Mid-Atlantic Region,FY1995,279074,employment_taxes
Mid-Atlantic Region,FY1995,1996,estate_tax
Mid-Atlantic Region,FY1995,10102,excise_taxes
Mid-Atlantic Region,FY1995,203,gift_tax
Mid-Atlantic Region,FY1995,11365067,total_refunds
Midstates Region,FY1996,161861,business_income_taxes
Midstates Region,FY1997,134415,business_income_taxes
Midstates Region,FY1996,463033,employment_taxes
Midstates Region,FY1997,473846,employment_taxes
Midstates Region,FY1996,2680,estate_tax
Midstates Region,FY1997,2924,estate_tax
Midstates Region,FY1996,32812,excise_taxes
Midstates Region,FY1997,11426,excise_taxes
Midstates Region,FY1996,565,gift_tax
Midstates Region,FY1997,682,gift_tax
Midstates Region,FY1996,18888300,total_refunds
Midstates Region,FY1997,21141313,total_refunds
Midwest,FY1997,27987,business_income_taxes
Midwest,FY1997,69316,employment_taxes
Midwest,FY1997,401,estate_tax
Midwest,FY1997,1763,excise_taxes
Midwest,FY1997,96,gift_tax
Midwest,FY1997,3069118,total_refunds
Midwest Region,FY1995,109896,business_income_taxes
Midwest Region,FY1995,257299,employment_taxes
Midwest Region,FY1995,1434,estate_tax
Midwest Region,FY1995,10777,excise_taxes
Midwest Region,FY1995,251,gift_tax
Midwest Region,FY1995,10760765,total_refunds
Milwaukee,FY1995,16574,business_income_taxes
Milwaukee,FY1996,16840,business_income_taxes
Milwaukee,FY1995,37717,employment_taxes
Milwaukee,FY1996,36234,employment_taxes
Milwaukee,FY1995,186,estate_tax
Milwaukee,FY1996,217,estate_tax
Milwaukee,FY1995,1368,excise_taxes
Milwaukee,FY1996,3192,excise_taxes
Milwaukee,FY1995,39,gift_tax
Milwaukee,FY1996,54,gift_tax
Milwaukee,FY1995,1656961,total_refunds
Milwaukee,FY1996,1603001,total_refunds
Minnesota,FY1998,9123,business_income_taxes
Minnesota,FY1999,9571,business_income_taxes
Minnesota,FY2000,9477,business_income_taxes
Minnesota,FY2001,9604,business_income_taxes
Minnesota,FY2002,10670,business_income_taxes
Minnesota,FY2003,10904,business_income_taxes
Minnesota,FY2004,9736,business_income_taxes
Minnesota,FY2005,8887,business_income_taxes
Minnesota,FY2006,9146,business_income_taxes
Minnesota,FY2007,24212,business_income_taxes
Minnesota,FY2008,13425,business_income_taxes
Minnesota,FY2009,11147,business_income_taxes
Minnesota,FY2010,11348,business_income_taxes
Minnesota,FY2011,10639,business_income_taxes
Minnesota,FY2012,10068,business_income_taxes
Minnesota,FY2013,9386,business_income_taxes
Minnesota,FY2014,8831,business_income_taxes
Minnesota,FY2015,8528,business_income_taxes
Minnesota,FY2016,8045,business_income_taxes
Minnesota,FY2017,8044,business_income_taxes
Minnesota,FY2018,7632,business_income_taxes
Minnesota,FY2019,6400,business_income_taxes
Minnesota,FY2020,6144,business_income_taxes
Minnesota,FY2021,8094,business_income_taxes
Minnesota,FY2022,10765,business_income_taxes
Minnesota,FY2023,5968,business_income_taxes
Minnesota,FY2024,6320,business_income_taxes
Minnesota,FY2025,6144,business_income_taxes
Minnesota,FY1998,30523,employment_taxes
Minnesota,FY1999,31747,employment_taxes
Minnesota,FY2000,32500,employment_taxes
Minnesota,FY2001,31039,employment_taxes
Minnesota,FY2002,30841,employment_taxes
Minnesota,FY2003,30884,employment_taxes
Minnesota,FY2004,29194,employment_taxes
Minnesota,FY2005,36021,employment_taxes
Minnesota,FY2006,37134,employment_taxes
Minnesota,FY2007,34876,employment_taxes
Minnesota,FY2008,34358,employment_taxes
Minnesota,FY2009,31527,employment_taxes
Minnesota,FY2010,30549,employment_taxes
Minnesota,FY2011,39796,employment_taxes
Minnesota,FY2012,32300,employment_taxes
Minnesota,FY2013,30021,employment_taxes
Minnesota,FY2014,24578,employment_taxes
Minnesota,FY2015,24256,employment_taxes
Minnesota,FY2016,23679,employment_taxes
Minnesota,FY2017,23091,employment_taxes
Minnesota,FY2018,21784,employment_taxes
Minnesota,FY2019,22281,employment_taxes
Minnesota,FY2020,20851,employment_taxes
Minnesota,FY2021,41964,employment_taxes
Minnesota,FY2022,57281,employment_taxes
Minnesota,FY2023,56525,employment_taxes
Minnesota,FY2024,24848,employment_taxes
Minnesota,FY2025,44900,employment_taxes
Minnesota,FY2009,9844,estate_and_trust_income_tax
Minnesota,FY2010,4574,estate_and_trust_income_tax
Minnesota,FY2011,3083,estate_and_trust_income_tax
Minnesota,FY2012,3243,estate_and_trust_income_tax
Minnesota,FY2013,2834,estate_and_trust_income_tax
Minnesota,FY2014,3588,estate_and_trust_income_tax
Minnesota,FY2015,3105,estate_and_trust_income_tax
Minnesota,FY2016,3558,estate_and_trust_income_tax
Minnesota,FY2017,3497,estate_and_trust_income_tax
Minnesota,FY2018,2851,estate_and_trust_income_tax
Minnesota,FY2019,3450,estate_and_trust_income_tax
Minnesota,FY2020,3423,estate_and_trust_income_tax
Minnesota,FY2021,5505,estate_and_trust_income_tax
Minnesota,FY2022,6607,estate_and_trust_income_tax
Minnesota,FY2023,5743,estate_and_trust_income_tax
Minnesota,FY2024,4826,estate_and_trust_income_tax
Minnesota,FY2025,4523,estate_and_trust_income_tax
Minnesota,FY1998,245,estate_tax
Minnesota,FY1999,257,estate_tax
Minnesota,FY2000,252,estate_tax
Minnesota,FY2001,259,estate_tax
Minnesota,FY2002,272,estate_tax
Minnesota,FY2003,246,estate_tax
Minnesota,FY2004,177,estate_tax
Minnesota,FY2005,207,estate_tax
Minnesota,FY2006,178,estate_tax
Minnesota,FY2007,197,estate_tax
Minnesota,FY2008,157,estate_tax
Minnesota,FY2009,160,estate_tax
Minnesota,FY2010,120,estate_tax
Minnesota,FY2011,70,estate_tax
Minnesota,FY2012,54,estate_tax
Minnesota,FY2013,53,estate_tax
Minnesota,FY2014,80,estate_tax
Minnesota,FY2015,80,estate_tax
Minnesota,FY2016,63,estate_tax
Minnesota,FY2017,68,estate_tax
Minnesota,FY2018,45,estate_tax
Minnesota,FY2019,61,estate_tax
Minnesota,FY2020,39,estate_tax
Minnesota,FY2021,39,estate_tax
Minnesota,FY2022,35,estate_tax
Minnesota,FY2023,40,estate_tax
Minnesota,FY2024,30,estate_tax
Minnesota,FY2025,41,estate_tax
Minnesota,FY1998,662,excise_taxes
Minnesota,FY1999,2048,excise_taxes
Minnesota,FY2000,1794,excise_taxes
Minnesota,FY2001,1569,excise_taxes
Minnesota,FY2002,1671,excise_taxes
Minnesota,FY2003,1704,excise_taxes
Minnesota,FY2004,1668,excise_taxes
Minnesota,FY2005,2961,excise_taxes
Minnesota,FY2006,2099,excise_taxes
Minnesota,FY2007,3732,excise_taxes
Minnesota,FY2008,2523,excise_taxes
Minnesota,FY2009,2343,excise_taxes
Minnesota,FY2010,2818,excise_taxes
Minnesota,FY2011,2573,excise_taxes
Minnesota,FY2012,2635,excise_taxes
Minnesota,FY2013,2558,excise_taxes
Minnesota,FY2014,2347,excise_taxes
Minnesota,FY2015,2339,excise_taxes
Minnesota,FY2016,2302,excise_taxes
Minnesota,FY2017,2233,excise_taxes
Minnesota,FY2018,2053,excise_taxes
Minnesota,FY2019,2370,excise_taxes
Minnesota,FY2020,2098,excise_taxes
Minnesota,FY2021,3048,excise_taxes
Minnesota,FY2022,2616,excise_taxes
Minnesota,FY2023,2677,excise_taxes
Minnesota,FY2024,3085,excise_taxes
Minnesota,FY2025,3009,excise_taxes
Minnesota,FY1998,80,gift_tax
Minnesota,FY1999,58,gift_tax
Minnesota,FY2000,78,gift_tax
Minnesota,FY2001,55,gift_tax
Minnesota,FY2002,50,gift_tax
Minnesota,FY2003,45,gift_tax
Minnesota,FY2004,39,gift_tax
Minnesota,FY2005,96,gift_tax
Minnesota,FY2006,61,gift_tax
Minnesota,FY2007,92,gift_tax
Minnesota,FY2008,69,gift_tax
Minnesota,FY2009,64,gift_tax
Minnesota,FY2010,63,gift_tax
Minnesota,FY2011,65,gift_tax
Minnesota,FY2012,80,gift_tax
Minnesota,FY2013,43,gift_tax
Minnesota,FY2014,47,gift_tax
Minnesota,FY2015,36,gift_tax
Minnesota,FY2016,46,gift_tax
Minnesota,FY2017,37,gift_tax
Minnesota,FY2018,24,gift_tax
Minnesota,FY2019,13,gift_tax
Minnesota,FY2020,8,gift_tax
Minnesota,FY2021,21,gift_tax
Minnesota,FY2022,19,gift_tax
Minnesota,FY2023,25,gift_tax
Minnesota,FY2024,20,gift_tax
Minnesota,FY2025,15,gift_tax
Minnesota,FY1998,1130566,total_refunds
Minnesota,FY1999,1670875,total_refunds
Minnesota,FY2000,1657312,total_refunds
Minnesota,FY2001,3376346,total_refunds
Minnesota,FY2002,1892434,total_refunds
Minnesota,FY2003,2293600,total_refunds
Minnesota,FY2004,1929045,total_refunds
Minnesota,FY2005,1887662,total_refunds
Minnesota,FY2006,1932659,total_refunds
Minnesota,FY2007,2101969,total_refunds
Minnesota,FY2008,4150056,total_refunds
Minnesota,FY2009,2183186,total_refunds
Minnesota,FY2010,2114465,total_refunds
Minnesota,FY2011,2107160,total_refunds
Minnesota,FY2012,2118566,total_refunds
Minnesota,FY2013,2099864,total_refunds
Minnesota,FY2014,2067438,total_refunds
Minnesota,FY2015,2085879,total_refunds
Minnesota,FY2016,2125229,total_refunds
Minnesota,FY2017,2149182,total_refunds
Minnesota,FY2018,2148192,total_refunds
Minnesota,FY2019,2146734,total_refunds
Minnesota,FY2020,5194591,total_refunds
Minnesota,FY2021,9902738,total_refunds
Minnesota,FY2022,4048258,total_refunds
Minnesota,FY2023,2165400,total_refunds
Minnesota,FY2024,2043665,total_refunds
Minnesota,FY2025,2080136,total_refunds
Mississippi,FY1998,3992,business_income_taxes
Mississippi,FY1999,3749,business_income_taxes
Mississippi,FY2000,3684,business_income_taxes
Mississippi,FY2001,3638,business_income_taxes
Mississippi,FY2002,4021,business_income_taxes
Mississippi,FY2003,3847,business_income_taxes
Mississippi,FY2004,3318,business_income_taxes
Mississippi,FY2005,3564,business_income_taxes
Mississippi,FY2006,3698,business_income_taxes
Mississippi,FY2007,6621,business_income_taxes
Mississippi,FY2008,5090,business_income_taxes
Mississippi,FY2009,4394,business_income_taxes
Mississippi,FY2010,4471,business_income_taxes
Mississippi,FY2011,3927,business_income_taxes
Mississippi,FY2012,3528,business_income_taxes
Mississippi,FY2013,3188,business_income_taxes
Mississippi,FY2014,2901,business_income_taxes
Mississippi,FY2015,2789,business_income_taxes
Mississippi,FY2016,2549,business_income_taxes
Mississippi,FY2017,2484,business_income_taxes
Mississippi,FY2018,2336,business_income_taxes
Mississippi,FY2019,1851,business_income_taxes
Mississippi,FY2020,1738,business_income_taxes
Mississippi,FY2021,2285,business_income_taxes
Mississippi,FY2022,3425,business_income_taxes
Mississippi,FY2023,1955,business_income_taxes
Mississippi,FY2024,2110,business_income_taxes
Mississippi,FY2025,2057,business_income_taxes
Mississippi,FY1998,18036,employment_taxes
Mississippi,FY1999,17211,employment_taxes
Mississippi,FY2000,17229,employment_taxes
Mississippi,FY2001,16272,employment_taxes
Mississippi,FY2002,16931,employment_taxes
Mississippi,FY2003,17167,employment_taxes
Mississippi,FY2004,17143,employment_taxes
Mississippi,FY2005,20354,employment_taxes
Mississippi,FY2006,20051,employment_taxes
Mississippi,FY2007,21372,employment_taxes
Mississippi,FY2008,20729,employment_taxes
Mississippi,FY2009,18669,employment_taxes
Mississippi,FY2010,16735,employment_taxes
Mississippi,FY2011,20733,employment_taxes
Mississippi,FY2012,20377,employment_taxes
Mississippi,FY2013,17895,employment_taxes
Mississippi,FY2014,14398,employment_taxes
Mississippi,FY2015,13960,employment_taxes
Mississippi,FY2016,13109,employment_taxes
Mississippi,FY2017,12686,employment_taxes
Mississippi,FY2018,12090,employment_taxes
Mississippi,FY2019,11972,employment_taxes
Mississippi,FY2020,10253,employment_taxes
Mississippi,FY2021,17158,employment_taxes
Mississippi,FY2022,24750,employment_taxes
Mississippi,FY2023,34897,employment_taxes
Mississippi,FY2024,12108,employment_taxes
Mississippi,FY2025,22591,employment_taxes
Mississippi,FY2009,1612,estate_and_trust_income_tax
Mississippi,FY2010,1043,estate_and_trust_income_tax
Mississippi,FY2011,761,estate_and_trust_income_tax
Mississippi,FY2012,640,estate_and_trust_income_tax
Mississippi,FY2013,684,estate_and_trust_income_tax
Mississippi,FY2014,959,estate_and_trust_income_tax
Mississippi,FY2015,1178,estate_and_trust_income_tax
Mississippi,FY2016,1125,estate_and_trust_income_tax
Mississippi,FY2017,1117,estate_and_trust_income_tax
Mississippi,FY2018,785,estate_and_trust_income_tax
Mississippi,FY2019,955,estate_and_trust_income_tax
Mississippi,FY2020,960,estate_and_trust_income_tax
Mississippi,FY2021,1583,estate_and_trust_income_tax
Mississippi,FY2022,878,estate_and_trust_income_tax
Mississippi,FY2023,1542,estate_and_trust_income_tax
Mississippi,FY2024,1400,estate_and_trust_income_tax
Mississippi,FY2025,1350,estate_and_trust_income_tax
Mississippi,FY1998,91,estate_tax
Mississippi,FY1999,89,estate_tax
Mississippi,FY2000,92,estate_tax
Mississippi,FY2001,97,estate_tax
Mississippi,FY2002,88,estate_tax
Mississippi,FY2003,63,estate_tax
Mississippi,FY2004,60,estate_tax
Mississippi,FY2005,69,estate_tax
Mississippi,FY2006,61,estate_tax
Mississippi,FY2007,45,estate_tax
Mississippi,FY2008,45,estate_tax
Mississippi,FY2009,43,estate_tax
Mississippi,FY2010,48,estate_tax
Mississippi,FY2011,24,estate_tax
Mississippi,FY2012,14,estate_tax
Mississippi,FY2013,23,estate_tax
Mississippi,FY2014,22,estate_tax
Mississippi,FY2015,26,estate_tax
Mississippi,FY2020,4,estate_tax
Mississippi,FY1998,105,excise_taxes
Mississippi,FY1999,714,excise_taxes
Mississippi,FY2000,663,excise_taxes
Mississippi,FY2001,665,excise_taxes
Mississippi,FY2002,675,excise_taxes
Mississippi,FY2003,624,excise_taxes
Mississippi,FY2004,733,excise_taxes
Mississippi,FY2005,1316,excise_taxes
Mississippi,FY2006,1412,excise_taxes
Mississippi,FY2007,1273,excise_taxes
Mississippi,FY2008,942,excise_taxes
Mississippi,FY2009,873,excise_taxes
Mississippi,FY2010,836,excise_taxes
Mississippi,FY2011,1054,excise_taxes
Mississippi,FY2012,886,excise_taxes
Mississippi,FY2013,857,excise_taxes
Mississippi,FY2014,697,excise_taxes
Mississippi,FY2015,793,excise_taxes
Mississippi,FY2016,748,excise_taxes
Mississippi,FY2017,750,excise_taxes
Mississippi,FY2018,703,excise_taxes
Mississippi,FY2019,1000,excise_taxes
Mississippi,FY2020,866,excise_taxes
Mississippi,FY2021,1281,excise_taxes
Mississippi,FY2022,1324,excise_taxes
Mississippi,FY2023,1133,excise_taxes
Mississippi,FY2024,1153,excise_taxes
Mississippi,FY2025,1099,excise_taxes
Mississippi,FY1998,18,gift_tax
Mississippi,FY1999,21,gift_tax
Mississippi,FY2000,22,gift_tax
Mississippi,FY2001,20,gift_tax
Mississippi,FY2002,18,gift_tax
Mississippi,FY2003,26,gift_tax
Mississippi,FY2004,15,gift_tax
Mississippi,FY2005,7,gift_tax
Mississippi,FY2006,14,gift_tax
Mississippi,FY2007,15,gift_tax
Mississippi,FY2008,10,gift_tax
Mississippi,FY2009,9,gift_tax
Mississippi,FY2010,21,gift_tax
Mississippi,FY2011,15,gift_tax
Mississippi,FY2012,29,gift_tax
Mississippi,FY2013,10,gift_tax
Mississippi,FY2014,0,gift_tax
Mississippi,FY2015,9,gift_tax
Mississippi,FY2020,4,gift_tax
Mississippi,FY1998,577937,total_refunds
Mississippi,FY1999,931720,total_refunds
Mississippi,FY2000,942902,total_refunds
Mississippi,FY2001,1525179,total_refunds
Mississippi,FY2002,1062246,total_refunds
Mississippi,FY2003,1203776,total_refunds
Mississippi,FY2004,981972,total_refunds
Mississippi,FY2005,999757,total_refunds
Mississippi,FY2006,999402,total_refunds
Mississippi,FY2007,1079048,total_refunds
Mississippi,FY2008,2260049,total_refunds
Mississippi,FY2009,1124657,total_refunds
Mississippi,FY2010,1089133,total_refunds
Mississippi,FY2011,1117279,total_refunds
Mississippi,FY2012,1119145,total_refunds
Mississippi,FY2013,1100596,total_refunds
Mississippi,FY2014,1055448,total_refunds
Mississippi,FY2015,1048820,total_refunds
Mississippi,FY2016,1056702,total_refunds
Mississippi,FY2017,1035489,total_refunds
Mississippi,FY2018,1027917,total_refunds
Mississippi,FY2019,1021340,total_refunds
Mississippi,FY2020,2759027,total_refunds
Mississippi,FY2021,5754378,total_refunds
Mississippi,FY2022,2227762,total_refunds
Mississippi,FY2023,1036076,total_refunds
Mississippi,FY2024,971397,total_refunds
Mississippi,FY2025,982239,total_refunds
Missouri,FY1998,10923,business_income_taxes
Missouri,FY1999,10378,business_income_taxes
Missouri,FY2000,10187,business_income_taxes
Missouri,FY2001,10016,business_income_taxes
Missouri,FY2002,10658,business_income_taxes
Missouri,FY2003,11032,business_income_taxes
Missouri,FY2004,9411,business_income_taxes
Missouri,FY2005,9245,business_income_taxes
Missouri,FY2006,9268,business_income_taxes
Missouri,FY2007,18676,business_income_taxes
Missouri,FY2008,12491,business_income_taxes
Missouri,FY2009,11012,business_income_taxes
Missouri,FY2010,10963,business_income_taxes
Missouri,FY2011,9831,business_income_taxes
Missouri,FY2012,8896,business_income_taxes
Missouri,FY2013,8138,business_income_taxes
Missouri,FY2014,7492,business_income_taxes
Missouri,FY2015,6879,business_income_taxes
Missouri,FY2016,6657,business_income_taxes
Missouri,FY2017,9407,business_income_taxes
Missouri,FY2018,7523,business_income_taxes
Missouri,FY2019,6987,business_income_taxes
Missouri,FY2020,9061,business_income_taxes
Missouri,FY2021,7440,business_income_taxes
Missouri,FY2022,10858,business_income_taxes
Missouri,FY2023,6125,business_income_taxes
Missouri,FY2024,10025,business_income_taxes
Missouri,FY2025,10537,business_income_taxes
Missouri,FY1998,38888,employment_taxes
Missouri,FY1999,37376,employment_taxes
Missouri,FY2000,37586,employment_taxes
Missouri,FY2001,35880,employment_taxes
Missouri,FY2002,34033,employment_taxes
Missouri,FY2003,34322,employment_taxes
Missouri,FY2004,33378,employment_taxes
Missouri,FY2005,41331,employment_taxes
Missouri,FY2006,41979,employment_taxes
Missouri,FY2007,42439,employment_taxes
Missouri,FY2008,40330,employment_taxes
Missouri,FY2009,37740,employment_taxes
Missouri,FY2010,34929,employment_taxes
Missouri,FY2011,42871,employment_taxes
Missouri,FY2012,37088,employment_taxes
Missouri,FY2013,31416,employment_taxes
Missouri,FY2014,26469,employment_taxes
Missouri,FY2015,30407,employment_taxes
Missouri,FY2016,28023,employment_taxes
Missouri,FY2017,29007,employment_taxes
Missouri,FY2018,27880,employment_taxes
Missouri,FY2019,29868,employment_taxes
Missouri,FY2020,26629,employment_taxes
Missouri,FY2021,47676,employment_taxes
Missouri,FY2022,57440,employment_taxes
Missouri,FY2023,66725,employment_taxes
Missouri,FY2024,33538,employment_taxes
Missouri,FY2025,52143,employment_taxes
Missouri,FY2009,12039,estate_and_trust_income_tax
Missouri,FY2010,5818,estate_and_trust_income_tax
Missouri,FY2011,4043,estate_and_trust_income_tax
Missouri,FY2012,4198,estate_and_trust_income_tax
Missouri,FY2013,3854,estate_and_trust_income_tax
Missouri,FY2014,4566,estate_and_trust_income_tax
Missouri,FY2015,4305,estate_and_trust_income_tax
Missouri,FY2016,5904,estate_and_trust_income_tax
Missouri,FY2017,5622,estate_and_trust_income_tax
Missouri,FY2018,4557,estate_and_trust_income_tax
Missouri,FY2019,5594,estate_and_trust_income_tax
Missouri,FY2020,5646,estate_and_trust_income_tax
Missouri,FY2021,8913,estate_and_trust_income_tax
Missouri,FY2022,1169,estate_and_trust_income_tax
Missouri,FY2023,10738,estate_and_trust_income_tax
Missouri,FY2024,7485,estate_and_trust_income_tax
Missouri,FY2025,8534,estate_and_trust_income_tax
Missouri,FY1998,305,estate_tax
Missouri,FY1999,336,estate_tax
Missouri,FY2000,323,estate_tax
Missouri,FY2001,340,estate_tax
Missouri,FY2002,334,estate_tax
Missouri,FY2003,327,estate_tax
Missouri,FY2004,244,estate_tax
Missouri,FY2005,202,estate_tax
Missouri,FY2006,204,estate_tax
Missouri,FY2007,204,estate_tax
Missouri,FY2008,179,estate_tax
Missouri,FY2009,170,estate_tax
Missouri,FY2010,134,estate_tax
Missouri,FY2011,73,estate_tax
Missouri,FY2012,60,estate_tax
Missouri,FY2013,70,estate_tax
Missouri,FY2014,57,estate_tax
Missouri,FY2015,53,estate_tax
Missouri,FY2016,59,estate_tax
Missouri,FY2018,74,estate_tax
Missouri,FY2020,30,estate_tax
Missouri,FY2022,34,estate_tax
Missouri,FY2024,44,estate_tax
Missouri,FY1998,570,excise_taxes
Missouri,FY1999,1213,excise_taxes
Missouri,FY2000,1466,excise_taxes
Missouri,FY2001,1195,excise_taxes
Missouri,FY2002,1179,excise_taxes
Missouri,FY2003,1270,excise_taxes
Missouri,FY2004,1353,excise_taxes
Missouri,FY2005,2604,excise_taxes
Missouri,FY2006,1679,excise_taxes
Missouri,FY2007,3532,excise_taxes
Missouri,FY2008,2011,excise_taxes
Missouri,FY2009,2592,excise_taxes
Missouri,FY2010,2311,excise_taxes
Missouri,FY2011,2399,excise_taxes
Missouri,FY2012,2178,excise_taxes
Missouri,FY2013,1992,excise_taxes
Missouri,FY2014,1878,excise_taxes
Missouri,FY2015,1818,excise_taxes
Missouri,FY2016,1690,excise_taxes
Missouri,FY2017,1750,excise_taxes
Missouri,FY2018,1643,excise_taxes
Missouri,FY2019,2021,excise_taxes
Missouri,FY2020,1820,excise_taxes
Missouri,FY2021,2618,excise_taxes
Missouri,FY2022,2173,excise_taxes
Missouri,FY2023,2324,excise_taxes
Missouri,FY2024,2732,excise_taxes
Missouri,FY2025,2863,excise_taxes
Missouri,FY1998,73,gift_tax
Missouri,FY1999,66,gift_tax
Missouri,FY2000,70,gift_tax
Missouri,FY2001,58,gift_tax
Missouri,FY2002,37,gift_tax
Missouri,FY2003,55,gift_tax
Missouri,FY2004,42,gift_tax
Missouri,FY2005,26,gift_tax
Missouri,FY2006,44,gift_tax
Missouri,FY2007,45,gift_tax
Missouri,FY2008,65,gift_tax
Missouri,FY2009,39,gift_tax
Missouri,FY2010,40,gift_tax
Missouri,FY2011,22,gift_tax
Missouri,FY2012,52,gift_tax
Missouri,FY2013,24,gift_tax
Missouri,FY2014,28,gift_tax
Missouri,FY2015,14,gift_tax
Missouri,FY2016,13,gift_tax
Missouri,FY2018,14,gift_tax
Missouri,FY2020,3,gift_tax
Missouri,FY2022,14,gift_tax
Missouri,FY2024,11,gift_tax
Missouri,FY1998,1256369,total_refunds
Missouri,FY1999,1926119,total_refunds
Missouri,FY2000,1905835,total_refunds
Missouri,FY2001,3673315,total_refunds
Missouri,FY2002,2071490,total_refunds
Missouri,FY2003,2564620,total_refunds
Missouri,FY2004,2134790,total_refunds
Missouri,FY2005,2122608,total_refunds
Missouri,FY2006,2140738,total_refunds
Missouri,FY2007,2314625,total_refunds
Missouri,FY2008,4683883,total_refunds
Missouri,FY2009,2412633,total_refunds
Missouri,FY2010,2311260,total_refunds
Missouri,FY2011,2289926,total_refunds
Missouri,FY2012,2300059,total_refunds
Missouri,FY2013,2266558,total_refunds
Missouri,FY2014,2227989,total_refunds
Missouri,FY2015,2246258,total_refunds
Missouri,FY2016,2277259,total_refunds
Missouri,FY2017,2265900,total_refunds
Missouri,FY2018,2261721,total_refunds
Missouri,FY2019,2262376,total_refunds
Missouri,FY2020,5714870,total_refunds
Missouri,FY2021,11229861,total_refunds
Missouri,FY2022,4439568,total_refunds
Missouri,FY2023,2301365,total_refunds
Missouri,FY2024,2157912,total_refunds
Missouri,FY2025,2161902,total_refunds
Montana,FY1998,3843,business_income_taxes
Montana,FY1999,3882,business_income_taxes
Montana,FY2000,3539,business_income_taxes
Montana,FY2001,3268,business_income_taxes
Montana,FY2002,3516,business_income_taxes
Montana,FY2003,3847,business_income_taxes
Montana,FY2004,3705,business_income_taxes
Montana,FY2005,3386,business_income_taxes
Montana,FY2006,3490,business_income_taxes
Montana,FY2007,6381,business_income_taxes
Montana,FY2008,4461,business_income_taxes
Montana,FY2009,3783,business_income_taxes
Montana,FY2010,4002,business_income_taxes
Montana,FY2011,3548,business_income_taxes
Montana,FY2012,3340,business_income_taxes
Montana,FY2013,3108,business_income_taxes
Montana,FY2014,3004,business_income_taxes
Montana,FY2015,2864,business_income_taxes
Montana,FY2016,2946,business_income_taxes
Montana,FY2017,2930,business_income_taxes
Montana,FY2018,2695,business_income_taxes
Montana,FY2019,2507,business_income_taxes
Montana,FY2020,2475,business_income_taxes
Montana,FY2021,3005,business_income_taxes
Montana,FY2022,4231,business_income_taxes
Montana,FY2023,2611,business_income_taxes
Montana,FY2024,2687,business_income_taxes
Montana,FY2025,2673,business_income_taxes
Montana,FY1998,8473,employment_taxes
Montana,FY1999,8490,employment_taxes
Montana,FY2000,8439,employment_taxes
Montana,FY2001,8339,employment_taxes
Montana,FY2002,8351,employment_taxes
Montana,FY2003,8588,employment_taxes
Montana,FY2004,8601,employment_taxes
Montana,FY2005,10031,employment_taxes
Montana,FY2006,10439,employment_taxes
Montana,FY2007,10836,employment_taxes
Montana,FY2008,11120,employment_taxes
Montana,FY2009,9922,employment_taxes
Montana,FY2010,8583,employment_taxes
Montana,FY2011,11904,employment_taxes
Montana,FY2012,10599,employment_taxes
Montana,FY2013,9271,employment_taxes
Montana,FY2014,7557,employment_taxes
Montana,FY2015,7368,employment_taxes
Montana,FY2016,7084,employment_taxes
Montana,FY2017,6855,employment_taxes
Montana,FY2018,6579,employment_taxes
Montana,FY2019,7018,employment_taxes
Montana,FY2020,6286,employment_taxes
Montana,FY2021,12729,employment_taxes
Montana,FY2022,12943,employment_taxes
Montana,FY2023,13683,employment_taxes
Montana,FY2024,7496,employment_taxes
Montana,FY2025,12157,employment_taxes
Montana,FY2009,1085,estate_and_trust_income_tax
Montana,FY2010,642,estate_and_trust_income_tax
Montana,FY2011,488,estate_and_trust_income_tax
Montana,FY2012,502,estate_and_trust_income_tax
Montana,FY2013,496,estate_and_trust_income_tax
Montana,FY2014,502,estate_and_trust_income_tax
Montana,FY2015,570,estate_and_trust_income_tax
Montana,FY2016,613,estate_and_trust_income_tax
Montana,FY2017,817,estate_and_trust_income_tax
Montana,FY2018,512,estate_and_trust_income_tax
Montana,FY2019,631,estate_and_trust_income_tax
Montana,FY2020,655,estate_and_trust_income_tax
Montana,FY2021,1132,estate_and_trust_income_tax
Montana,FY2022,7739,estate_and_trust_income_tax
Montana,FY2023,1166,estate_and_trust_income_tax
Montana,FY2024,1060,estate_and_trust_income_tax
Montana,FY2025,1135,estate_and_trust_income_tax
Montana,FY1998,68,estate_tax
Montana,FY1999,62,estate_tax
Montana,FY2000,67,estate_tax
Montana,FY2001,60,estate_tax
Montana,FY2002,69,estate_tax
Montana,FY2003,55,estate_tax
Montana,FY2004,56,estate_tax
Montana,FY2005,40,estate_tax
Montana,FY2006,40,estate_tax
Montana,FY2007,52,estate_tax
Montana,FY2008,47,estate_tax
Montana,FY2009,42,estate_tax
Montana,FY2011,16,estate_tax
Montana,FY2012,12,estate_tax
Montana,FY2013,7,estate_tax
Montana,FY2014,14,estate_tax
Montana,FY2015,10,estate_tax
Montana,FY2017,13,estate_tax
Montana,FY2020,7,estate_tax
Montana,FY1998,93,excise_taxes
Montana,FY1999,352,excise_taxes
Montana,FY2000,285,excise_taxes
Montana,FY2001,295,excise_taxes
Montana,FY2002,305,excise_taxes
Montana,FY2003,300,excise_taxes
Montana,FY2004,332,excise_taxes
Montana,FY2005,751,excise_taxes
Montana,FY2006,416,excise_taxes
Montana,FY2007,653,excise_taxes
Montana,FY2008,405,excise_taxes
Montana,FY2009,429,excise_taxes
Montana,FY2010,609,excise_taxes
Montana,FY2011,608,excise_taxes
Montana,FY2012,599,excise_taxes
Montana,FY2013,570,excise_taxes
Montana,FY2014,513,excise_taxes
Montana,FY2015,504,excise_taxes
Montana,FY2016,495,excise_taxes
Montana,FY2017,524,excise_taxes
Montana,FY2018,389,excise_taxes
Montana,FY2019,555,excise_taxes
Montana,FY2020,511,excise_taxes
Montana,FY2021,657,excise_taxes
Montana,FY2022,558,excise_taxes
Montana,FY2023,645,excise_taxes
Montana,FY2024,694,excise_taxes
Montana,FY2025,684,excise_taxes
Montana,FY1998,15,gift_tax
Montana,FY1999,8,gift_tax
Montana,FY2000,6,gift_tax
Montana,FY2001,9,gift_tax
Montana,FY2002,3,gift_tax
Montana,FY2003,6,gift_tax
Montana,FY2004,3,gift_tax
Montana,FY2005,6,gift_tax
Montana,FY2006,10,gift_tax
Montana,FY2007,6,gift_tax
Montana,FY2008,10,gift_tax
Montana,FY2009,4,gift_tax
Montana,FY2011,6,gift_tax
Montana,FY2012,9,gift_tax
Montana,FY2013,7,gift_tax
Montana,FY2014,10,gift_tax
Montana,FY2015,7,gift_tax
Montana,FY2017,10,gift_tax
Montana,FY2020,4,gift_tax
Montana,FY1998,224556,total_refunds
Montana,FY1999,299649,total_refunds
Montana,FY2000,301706,total_refunds
Montana,FY2001,560546,total_refunds
Montana,FY2002,339822,total_refunds
Montana,FY2003,401730,total_refunds
Montana,FY2004,341809,total_refunds
Montana,FY2005,339248,total_refunds
Montana,FY2006,345907,total_refunds
Montana,FY2007,377653,total_refunds
Montana,FY2008,778759,total_refunds
Montana,FY2009,405910,total_refunds
Montana,FY2010,388678,total_refunds
Montana,FY2011,387598,total_refunds
Montana,FY2012,384348,total_refunds
Montana,FY2013,381165,total_refunds
Montana,FY2014,372925,total_refunds
Montana,FY2015,373971,total_refunds
Montana,FY2016,381873,total_refunds
Montana,FY2017,383966,total_refunds
Montana,FY2018,383357,total_refunds
Montana,FY2019,386632,total_refunds
Montana,FY2020,1008528,total_refunds
Montana,FY2021,1973029,total_refunds
Montana,FY2022,767984,total_refunds
Montana,FY2023,413463,total_refunds
Montana,FY2024,393834,total_refunds
Montana,FY2025,395992,total_refunds
Nashville,FY1995,9188,business_income_taxes
Nashville,FY1996,9732,business_income_taxes
Nashville,FY1995,46842,employment_taxes
Nashville,FY1996,43341,employment_taxes
Nashville,FY1995,298,estate_tax
Nashville,FY1996,330,estate_tax
Nashville,FY1995,1655,excise_taxes
Nashville,FY1996,2417,excise_taxes
Nashville,FY1995,27,gift_tax
Nashville,FY1996,9,gift_tax
Nashville,FY1995,1963500,total_refunds
Nashville,FY1996,1870215,total_refunds
Nebraska,FY1998,4273,business_income_taxes
Nebraska,FY1999,5043,business_income_taxes
Nebraska,FY2000,4719,business_income_taxes
Nebraska,FY2001,4670,business_income_taxes
Nebraska,FY2002,5145,business_income_taxes
Nebraska,FY2003,5584,business_income_taxes
Nebraska,FY2004,4635,business_income_taxes
Nebraska,FY2005,4417,business_income_taxes
Nebraska,FY2006,4652,business_income_taxes
Nebraska,FY2007,9162,business_income_taxes
Nebraska,FY2008,5821,business_income_taxes
Nebraska,FY2009,4855,business_income_taxes
Nebraska,FY2010,4622,business_income_taxes
Nebraska,FY2011,4303,business_income_taxes
Nebraska,FY2012,3718,business_income_taxes
Nebraska,FY2013,3724,business_income_taxes
Nebraska,FY2014,3392,business_income_taxes
Nebraska,FY2015,3343,business_income_taxes
Nebraska,FY2016,3253,business_income_taxes
Nebraska,FY2017,3268,business_income_taxes
Nebraska,FY2018,3058,business_income_taxes
Nebraska,FY2019,2385,business_income_taxes
Nebraska,FY2020,5184,business_income_taxes
Nebraska,FY2021,4058,business_income_taxes
Nebraska,FY2022,6948,business_income_taxes
Nebraska,FY2023,3634,business_income_taxes
Nebraska,FY2024,3390,business_income_taxes
Nebraska,FY2025,2722,business_income_taxes
Nebraska,FY1998,13406,employment_taxes
Nebraska,FY1999,13131,employment_taxes
Nebraska,FY2000,13040,employment_taxes
Nebraska,FY2001,13023,employment_taxes
Nebraska,FY2002,12236,employment_taxes
Nebraska,FY2003,12574,employment_taxes
Nebraska,FY2004,12077,employment_taxes
Nebraska,FY2005,14373,employment_taxes
Nebraska,FY2006,14497,employment_taxes
Nebraska,FY2007,14414,employment_taxes
Nebraska,FY2008,14165,employment_taxes
Nebraska,FY2009,13276,employment_taxes
Nebraska,FY2010,12328,employment_taxes
Nebraska,FY2011,15467,employment_taxes
Nebraska,FY2012,15031,employment_taxes
Nebraska,FY2013,12935,employment_taxes
Nebraska,FY2014,10262,employment_taxes
Nebraska,FY2015,10459,employment_taxes
Nebraska,FY2016,9939,employment_taxes
Nebraska,FY2017,9400,employment_taxes
Nebraska,FY2018,8758,employment_taxes
Nebraska,FY2019,8971,employment_taxes
Nebraska,FY2020,8012,employment_taxes
Nebraska,FY2021,15719,employment_taxes
Nebraska,FY2022,17556,employment_taxes
Nebraska,FY2023,17632,employment_taxes
Nebraska,FY2024,9890,employment_taxes
Nebraska,FY2025,14703,employment_taxes
Nebraska,FY2009,3283,estate_and_trust_income_tax
Nebraska,FY2010,1341,estate_and_trust_income_tax
Nebraska,FY2011,913,estate_and_trust_income_tax
Nebraska,FY2012,995,estate_and_trust_income_tax
Nebraska,FY2013,949,estate_and_trust_income_tax
Nebraska,FY2014,1376,estate_and_trust_income_tax
Nebraska,FY2015,1318,estate_and_trust_income_tax
Nebraska,FY2016,2234,estate_and_trust_income_tax
Nebraska,FY2017,1682,estate_and_trust_income_tax
Nebraska,FY2018,937,estate_and_trust_income_tax
Nebraska,FY2019,967,estate_and_trust_income_tax
Nebraska,FY2020,1419,estate_and_trust_income_tax
Nebraska,FY2021,1802,estate_and_trust_income_tax
Nebraska,FY2022,2417,estate_and_trust_income_tax
Nebraska,FY2023,1880,estate_and_trust_income_tax
Nebraska,FY2024,1613,estate_and_trust_income_tax
Nebraska,FY2025,1362,estate_and_trust_income_tax
Nebraska,FY1998,37,estate_tax
Nebraska,FY1999,103,estate_tax
Nebraska,FY2000,107,estate_tax
Nebraska,FY2001,106,estate_tax
Nebraska,FY2002,93,estate_tax
Nebraska,FY2003,94,estate_tax
Nebraska,FY2004,71,estate_tax
Nebraska,FY2005,58,estate_tax
Nebraska,FY2006,61,estate_tax
Nebraska,FY2007,45,estate_tax
Nebraska,FY2008,36,estate_tax
Nebraska,FY2009,44,estate_tax
Nebraska,FY2010,33,estate_tax
Nebraska,FY2011,22,estate_tax
Nebraska,FY2012,18,estate_tax
Nebraska,FY2013,18,estate_tax
Nebraska,FY2014,16,estate_tax
Nebraska,FY2015,21,estate_tax
Nebraska,FY2017,23,estate_tax
Nebraska,FY2019,28,estate_tax
Nebraska,FY2021,12,estate_tax
Nebraska,FY2022,15,estate_tax
Nebraska,FY2023,18,estate_tax
Nebraska,FY1998,140,excise_taxes
Nebraska,FY1999,589,excise_taxes
Nebraska,FY2000,632,excise_taxes
Nebraska,FY2001,548,excise_taxes
Nebraska,FY2002,512,excise_taxes
Nebraska,FY2003,699,excise_taxes
Nebraska,FY2004,664,excise_taxes
Nebraska,FY2005,1317,excise_taxes
Nebraska,FY2006,917,excise_taxes
Nebraska,FY2007,1626,excise_taxes
Nebraska,FY2008,1034,excise_taxes
Nebraska,FY2009,953,excise_taxes
Nebraska,FY2010,1093,excise_taxes
Nebraska,FY2011,1144,excise_taxes
Nebraska,FY2012,1065,excise_taxes
Nebraska,FY2013,1041,excise_taxes
Nebraska,FY2014,950,excise_taxes
Nebraska,FY2015,953,excise_taxes
Nebraska,FY2016,1020,excise_taxes
Nebraska,FY2017,956,excise_taxes
Nebraska,FY2018,897,excise_taxes
Nebraska,FY2019,1152,excise_taxes
Nebraska,FY2020,1134,excise_taxes
Nebraska,FY2021,1515,excise_taxes
Nebraska,FY2022,1188,excise_taxes
Nebraska,FY2023,1207,excise_taxes
Nebraska,FY2024,1450,excise_taxes
Nebraska,FY2025,1857,excise_taxes
Nebraska,FY1998,7,gift_tax
Nebraska,FY1999,15,gift_tax
Nebraska,FY2000,14,gift_tax
Nebraska,FY2001,24,gift_tax
Nebraska,FY2002,10,gift_tax
Nebraska,FY2003,22,gift_tax
Nebraska,FY2004,9,gift_tax
Nebraska,FY2005,14,gift_tax
Nebraska,FY2006,10,gift_tax
Nebraska,FY2007,37,gift_tax
Nebraska,FY2008,17,gift_tax
Nebraska,FY2009,22,gift_tax
Nebraska,FY2010,13,gift_tax
Nebraska,FY2011,6,gift_tax
Nebraska,FY2012,10,gift_tax
Nebraska,FY2013,6,gift_tax
Nebraska,FY2014,11,gift_tax
Nebraska,FY2015,6,gift_tax
Nebraska,FY2017,10,gift_tax
Nebraska,FY2019,0,gift_tax
Nebraska,FY2021,0,gift_tax
Nebraska,FY2022,0,gift_tax
Nebraska,FY2023,10,gift_tax
Nebraska,FY1998,430639,total_refunds
Nebraska,FY1999,593680,total_refunds
Nebraska,FY2000,594708,total_refunds
Nebraska,FY2001,1099156,total_refunds
Nebraska,FY2002,697922,total_refunds
Nebraska,FY2003,800948,total_refunds
Nebraska,FY2004,654338,total_refunds
Nebraska,FY2005,639653,total_refunds
Nebraska,FY2006,651887,total_refunds
Nebraska,FY2007,694500,total_refunds
Nebraska,FY2008,1415589,total_refunds
Nebraska,FY2009,738394,total_refunds
Nebraska,FY2010,717287,total_refunds
Nebraska,FY2011,715777,total_refunds
Nebraska,FY2012,723006,total_refunds
Nebraska,FY2013,716946,total_refunds
Nebraska,FY2014,708888,total_refunds
Nebraska,FY2015,711693,total_refunds
Nebraska,FY2016,726691,total_refunds
Nebraska,FY2017,726442,total_refunds
Nebraska,FY2018,726066,total_refunds
Nebraska,FY2019,729199,total_refunds
Nebraska,FY2020,1757439,total_refunds
Nebraska,FY2021,3441495,total_refunds
Nebraska,FY2022,1432142,total_refunds
Nebraska,FY2023,718922,total_refunds
Nebraska,FY2024,695108,total_refunds
Nebraska,FY2025,699682,total_refunds
Nevada,FY1998,3204,business_income_taxes
Nevada,FY1999,3458,business_income_taxes
Nevada,FY2000,3455,business_income_taxes
Nevada,FY2001,3556,business_income_taxes
Nevada,FY2002,4004,business_income_taxes
Nevada,FY2003,4588,business_income_taxes
Nevada,FY2004,3955,business_income_taxes
Nevada,FY2005,4496,business_income_taxes
Nevada,FY2006,5035,business_income_taxes
Nevada,FY2007,8364,business_income_taxes
Nevada,FY2008,7104,business_income_taxes
Nevada,FY2009,6383,business_income_taxes
Nevada,FY2010,6439,business_income_taxes
Nevada,FY2011,5300,business_income_taxes
Nevada,FY2012,4292,business_income_taxes
Nevada,FY2013,3796,business_income_taxes
Nevada,FY2014,3201,business_income_taxes
Nevada,FY2015,3483,business_income_taxes
Nevada,FY2016,3299,business_income_taxes
Nevada,FY2017,3265,business_income_taxes
Nevada,FY2018,3287,business_income_taxes
Nevada,FY2019,3199,business_income_taxes
Nevada,FY2020,2882,business_income_taxes
Nevada,FY2021,4313,business_income_taxes
Nevada,FY2022,7517,business_income_taxes
Nevada,FY2023,4105,business_income_taxes
Nevada,FY2024,4864,business_income_taxes
Nevada,FY2025,5013,business_income_taxes
Nevada,FY1998,13452,employment_taxes
Nevada,FY1999,14219,employment_taxes
Nevada,FY2000,13524,employment_taxes
Nevada,FY2001,13637,employment_taxes
Nevada,FY2002,13556,employment_taxes
Nevada,FY2003,14026,employment_taxes
Nevada,FY2004,14652,employment_taxes
Nevada,FY2005,19640,employment_taxes
Nevada,FY2006,20194,employment_taxes
Nevada,FY2007,20595,employment_taxes
Nevada,FY2008,20121,employment_taxes
Nevada,FY2009,17411,employment_taxes
Nevada,FY2010,14698,employment_taxes
Nevada,FY2011,17278,employment_taxes
Nevada,FY2012,14852,employment_taxes
Nevada,FY2013,13151,employment_taxes
Nevada,FY2014,11847,employment_taxes
Nevada,FY2015,11751,employment_taxes
Nevada,FY2016,11307,employment_taxes
Nevada,FY2017,11387,employment_taxes
Nevada,FY2018,10868,employment_taxes
Nevada,FY2019,11184,employment_taxes
Nevada,FY2020,10449,employment_taxes
Nevada,FY2021,19179,employment_taxes
Nevada,FY2022,28125,employment_taxes
Nevada,FY2023,36228,employment_taxes
Nevada,FY2024,13839,employment_taxes
Nevada,FY2025,26083,employment_taxes
Nevada,FY2009,2530,estate_and_trust_income_tax
Nevada,FY2010,2057,estate_and_trust_income_tax
Nevada,FY2011,1581,estate_and_trust_income_tax
Nevada,FY2012,1368,estate_and_trust_income_tax
Nevada,FY2013,1415,estate_and_trust_income_tax
Nevada,FY2014,1589,estate_and_trust_income_tax
Nevada,FY2015,1609,estate_and_trust_income_tax
Nevada,FY2016,1848,estate_and_trust_income_tax
Nevada,FY2017,1977,estate_and_trust_income_tax
Nevada,FY2018,3606,estate_and_trust_income_tax
Nevada,FY2019,5811,estate_and_trust_income_tax
Nevada,FY2020,5528,estate_and_trust_income_tax
Nevada,FY2021,5577,estate_and_trust_income_tax
Nevada,FY2022,23101,estate_and_trust_income_tax
Nevada,FY2023,12279,estate_and_trust_income_tax
Nevada,FY2024,6978,estate_and_trust_income_tax
Nevada,FY2025,4884,estate_and_trust_income_tax
Nevada,FY1998,82,estate_tax
Nevada,FY1999,90,estate_tax
Nevada,FY2000,109,estate_tax
Nevada,FY2001,126,estate_tax
Nevada,FY2002,145,estate_tax
Nevada,FY2003,126,estate_tax
Nevada,FY2004,117,estate_tax
Nevada,FY2005,127,estate_tax
Nevada,FY2006,96,estate_tax
Nevada,FY2007,110,estate_tax
Nevada,FY2008,100,estate_tax
Nevada,FY2009,70,estate_tax
Nevada,FY2010,66,estate_tax
Nevada,FY2011,35,estate_tax
Nevada,FY2012,25,estate_tax
Nevada,FY2013,38,estate_tax
Nevada,FY2014,31,estate_tax
Nevada,FY2015,33,estate_tax
Nevada,FY2016,44,estate_tax
Nevada,FY2017,50,estate_tax
Nevada,FY2018,49,estate_tax
Nevada,FY2019,44,estate_tax
Nevada,FY2020,16,estate_tax
Nevada,FY2022,48,estate_tax
Nevada,FY2023,47,estate_tax
Nevada,FY2024,44,estate_tax
Nevada,FY2025,41,estate_tax
Nevada,FY1998,174,excise_taxes
Nevada,FY1999,424,excise_taxes
Nevada,FY2000,443,excise_taxes
Nevada,FY2001,443,excise_taxes
Nevada,FY2002,543,excise_taxes
Nevada,FY2003,590,excise_taxes
Nevada,FY2004,608,excise_taxes
Nevada,FY2005,1046,excise_taxes
Nevada,FY2006,772,excise_taxes
Nevada,FY2007,1017,excise_taxes
Nevada,FY2008,874,excise_taxes
Nevada,FY2009,865,excise_taxes
Nevada,FY2010,828,excise_taxes
Nevada,FY2011,761,excise_taxes
Nevada,FY2012,775,excise_taxes
Nevada,FY2013,633,excise_taxes
Nevada,FY2014,589,excise_taxes
Nevada,FY2015,674,excise_taxes
Nevada,FY2016,787,excise_taxes
Nevada,FY2017,607,excise_taxes
Nevada,FY2018,814,excise_taxes
Nevada,FY2019,1262,excise_taxes
Nevada,FY2020,1134,excise_taxes
Nevada,FY2021,1619,excise_taxes
Nevada,FY2022,1437,excise_taxes
Nevada,FY2023,2847,excise_taxes
Nevada,FY2024,1822,excise_taxes
Nevada,FY2025,988,excise_taxes
Nevada,FY1998,19,gift_tax
Nevada,FY1999,25,gift_tax
Nevada,FY2000,20,gift_tax
Nevada,FY2001,40,gift_tax
Nevada,FY2002,23,gift_tax
Nevada,FY2003,28,gift_tax
Nevada,FY2004,15,gift_tax
Nevada,FY2005,21,gift_tax
Nevada,FY2006,26,gift_tax
Nevada,FY2007,28,gift_tax
Nevada,FY2008,35,gift_tax
Nevada,FY2009,23,gift_tax
Nevada,FY2010,24,gift_tax
Nevada,FY2011,37,gift_tax
Nevada,FY2012,19,gift_tax
Nevada,FY2013,16,gift_tax
Nevada,FY2014,36,gift_tax
Nevada,FY2015,16,gift_tax
Nevada,FY2016,15,gift_tax
Nevada,FY2017,22,gift_tax
Nevada,FY2018,12,gift_tax
Nevada,FY2019,12,gift_tax
Nevada,FY2020,10,gift_tax
Nevada,FY2022,23,gift_tax
Nevada,FY2023,23,gift_tax
Nevada,FY2024,17,gift_tax
Nevada,FY2025,14,gift_tax
Nevada,FY1998,473307,total_refunds
Nevada,FY1999,660559,total_refunds
Nevada,FY2000,694649,total_refunds
Nevada,FY2001,1352455,total_refunds
Nevada,FY2002,809253,total_refunds
Nevada,FY2003,984746,total_refunds
Nevada,FY2004,848595,total_refunds
Nevada,FY2005,907495,total_refunds
Nevada,FY2006,961170,total_refunds
Nevada,FY2007,1046295,total_refunds
Nevada,FY2008,2102942,total_refunds
Nevada,FY2009,1153046,total_refunds
Nevada,FY2010,1117478,total_refunds
Nevada,FY2011,1108057,total_refunds
Nevada,FY2012,1111970,total_refunds
Nevada,FY2013,1088224,total_refunds
Nevada,FY2014,1068420,total_refunds
Nevada,FY2015,1089035,total_refunds
Nevada,FY2016,1123309,total_refunds
Nevada,FY2017,1129260,total_refunds
Nevada,FY2018,1149506,total_refunds
Nevada,FY2019,1174020,total_refunds
Nevada,FY2020,2990054,total_refunds
Nevada,FY2021,6075900,total_refunds
Nevada,FY2022,2403725,total_refunds
Nevada,FY2023,1259097,total_refunds
Nevada,FY2024,1204281,total_refunds
Nevada,FY2025,1218719,total_refunds
New England,FY1997,18151,business_income_taxes
New England,FY1997,66179,employment_taxes
New England,FY1997,676,estate_tax
New England,FY1997,1436,excise_taxes
New England,FY1997,122,gift_tax
New England,FY1997,3103336,total_refunds
New Hampshire,FY1998,2362,business_income_taxes
New Hampshire,FY1999,2439,business_income_taxes
New Hampshire,FY2000,2533,business_income_taxes
New Hampshire,FY2001,2575,business_income_taxes
New Hampshire,FY2002,2743,business_income_taxes
New Hampshire,FY2003,3370,business_income_taxes
New Hampshire,FY2004,2639,business_income_taxes
New Hampshire,FY2005,2627,business_income_taxes
New Hampshire,FY2006,2521,business_income_taxes
New Hampshire,FY2007,4839,business_income_taxes
New Hampshire,FY2008,3575,business_income_taxes
New Hampshire,FY2009,2890,business_income_taxes
New Hampshire,FY2010,2847,business_income_taxes
New Hampshire,FY2011,2392,business_income_taxes
New Hampshire,FY2012,2130,business_income_taxes
New Hampshire,FY2013,1955,business_income_taxes
New Hampshire,FY2014,1819,business_income_taxes
New Hampshire,FY2015,1766,business_income_taxes
New Hampshire,FY2016,1652,business_income_taxes
New Hampshire,FY2017,1536,business_income_taxes
New Hampshire,FY2018,1518,business_income_taxes
New Hampshire,FY2019,1322,business_income_taxes
New Hampshire,FY2020,1313,business_income_taxes
New Hampshire,FY2021,1956,business_income_taxes
New Hampshire,FY2022,2432,business_income_taxes
New Hampshire,FY2023,1518,business_income_taxes
New Hampshire,FY2024,1623,business_income_taxes
New Hampshire,FY2025,1671,business_income_taxes
New Hampshire,FY1998,9499,employment_taxes
New Hampshire,FY1999,10319,employment_taxes
New Hampshire,FY2000,10273,employment_taxes
New Hampshire,FY2001,9795,employment_taxes
New Hampshire,FY2002,9781,employment_taxes
New Hampshire,FY2003,9997,employment_taxes
New Hampshire,FY2004,9388,employment_taxes
New Hampshire,FY2005,11069,employment_taxes
New Hampshire,FY2006,11565,employment_taxes
New Hampshire,FY2007,10741,employment_taxes
New Hampshire,FY2008,10112,employment_taxes
New Hampshire,FY2009,9196,employment_taxes
New Hampshire,FY2010,9005,employment_taxes
New Hampshire,FY2011,10725,employment_taxes
New Hampshire,FY2012,9259,employment_taxes
New Hampshire,FY2013,7978,employment_taxes
New Hampshire,FY2014,6663,employment_taxes
New Hampshire,FY2015,6709,employment_taxes
New Hampshire,FY2016,6574,employment_taxes
New Hampshire,FY2017,5933,employment_taxes
New Hampshire,FY2018,5605,employment_taxes
New Hampshire,FY2019,5633,employment_taxes
New Hampshire,FY2020,5142,employment_taxes
New Hampshire,FY2021,9560,employment_taxes
New Hampshire,FY2022,12859,employment_taxes
New Hampshire,FY2023,15191,employment_taxes
New Hampshire,FY2024,6431,employment_taxes
New Hampshire,FY2025,11749,employment_taxes
New Hampshire,FY2009,2723,estate_and_trust_income_tax
New Hampshire,FY2010,1706,estate_and_trust_income_tax
New Hampshire,FY2011,1234,estate_and_trust_income_tax
New Hampshire,FY2012,1382,estate_and_trust_income_tax
New Hampshire,FY2013,1343,estate_and_trust_income_tax
New Hampshire,FY2014,1433,estate_and_trust_income_tax
New Hampshire,FY2015,1476,estate_and_trust_income_tax
New Hampshire,FY2016,1844,estate_and_trust_income_tax
New Hampshire,FY2017,2027,estate_and_trust_income_tax
New Hampshire,FY2018,1493,estate_and_trust_income_tax
New Hampshire,FY2019,1934,estate_and_trust_income_tax
New Hampshire,FY2020,1947,estate_and_trust_income_tax
New Hampshire,FY2021,2876,estate_and_trust_income_tax
New Hampshire,FY2022,12030,estate_and_trust_income_tax
New Hampshire,FY2023,3830,estate_and_trust_income_tax
New Hampshire,FY2024,3502,estate_and_trust_income_tax
New Hampshire,FY2025,2988,estate_and_trust_income_tax
New Hampshire,FY1998,71,estate_tax
New Hampshire,FY1999,95,estate_tax
New Hampshire,FY2000,107,estate_tax
New Hampshire,FY2001,99,estate_tax
New Hampshire,FY2002,109,estate_tax
New Hampshire,FY2003,95,estate_tax
New Hampshire,FY2004,83,estate_tax
New Hampshire,FY2005,74,estate_tax
New Hampshire,FY2006,97,estate_tax
New Hampshire,FY2007,71,estate_tax
New Hampshire,FY2008,63,estate_tax
New Hampshire,FY2009,61,estate_tax
New Hampshire,FY2010,40,estate_tax
New Hampshire,FY2011,25,estate_tax
New Hampshire,FY2012,19,estate_tax
New Hampshire,FY2013,14,estate_tax
New Hampshire,FY2014,24,estate_tax
New Hampshire,FY2015,25,estate_tax
New Hampshire,FY2016,21,estate_tax
New Hampshire,FY2023,15,estate_tax
New Hampshire,FY1998,47,excise_taxes
New Hampshire,FY1999,230,excise_taxes
New Hampshire,FY2000,270,excise_taxes
New Hampshire,FY2001,253,excise_taxes
New Hampshire,FY2002,319,excise_taxes
New Hampshire,FY2003,321,excise_taxes
New Hampshire,FY2004,303,excise_taxes
New Hampshire,FY2005,484,excise_taxes
New Hampshire,FY2006,456,excise_taxes
New Hampshire,FY2007,514,excise_taxes
New Hampshire,FY2008,458,excise_taxes
New Hampshire,FY2009,405,excise_taxes
New Hampshire,FY2010,418,excise_taxes
New Hampshire,FY2011,455,excise_taxes
New Hampshire,FY2012,505,excise_taxes
New Hampshire,FY2013,501,excise_taxes
New Hampshire,FY2014,423,excise_taxes
New Hampshire,FY2015,492,excise_taxes
New Hampshire,FY2016,480,excise_taxes
New Hampshire,FY2017,515,excise_taxes
New Hampshire,FY2018,403,excise_taxes
New Hampshire,FY2019,538,excise_taxes
New Hampshire,FY2020,437,excise_taxes
New Hampshire,FY2021,635,excise_taxes
New Hampshire,FY2022,546,excise_taxes
New Hampshire,FY2023,713,excise_taxes
New Hampshire,FY2024,760,excise_taxes
New Hampshire,FY2025,617,excise_taxes
New Hampshire,FY1998,16,gift_tax
New Hampshire,FY1999,12,gift_tax
New Hampshire,FY2000,12,gift_tax
New Hampshire,FY2001,10,gift_tax
New Hampshire,FY2002,17,gift_tax
New Hampshire,FY2003,13,gift_tax
New Hampshire,FY2004,14,gift_tax
New Hampshire,FY2005,11,gift_tax
New Hampshire,FY2006,17,gift_tax
New Hampshire,FY2007,22,gift_tax
New Hampshire,FY2008,14,gift_tax
New Hampshire,FY2009,11,gift_tax
New Hampshire,FY2010,11,gift_tax
New Hampshire,FY2011,19,gift_tax
New Hampshire,FY2012,24,gift_tax
New Hampshire,FY2013,13,gift_tax
New Hampshire,FY2014,17,gift_tax
New Hampshire,FY2015,10,gift_tax
New Hampshire,FY2016,14,gift_tax
New Hampshire,FY2023,17,gift_tax
New Hampshire,FY1998,324466,total_refunds
New Hampshire,FY1999,461914,total_refunds
New Hampshire,FY2000,467224,total_refunds
New Hampshire,FY2001,919231,total_refunds
New Hampshire,FY2002,534462,total_refunds
New Hampshire,FY2003,634266,total_refunds
New Hampshire,FY2004,531343,total_refunds
New Hampshire,FY2005,519977,total_refunds
New Hampshire,FY2006,533776,total_refunds
New Hampshire,FY2007,524223,total_refunds
New Hampshire,FY2008,1115443,total_refunds
New Hampshire,FY2009,596465,total_refunds
New Hampshire,FY2010,569740,total_refunds
New Hampshire,FY2011,564802,total_refunds
New Hampshire,FY2012,574120,total_refunds
New Hampshire,FY2013,569225,total_refunds
New Hampshire,FY2014,554811,total_refunds
New Hampshire,FY2015,541341,total_refunds
New Hampshire,FY2016,565609,total_refunds
New Hampshire,FY2017,568397,total_refunds
New Hampshire,FY2018,568291,total_refunds
New Hampshire,FY2019,570781,total_refunds
New Hampshire,FY2020,1349955,total_refunds
New Hampshire,FY2021,2479185,total_refunds
New Hampshire,FY2022,996311,total_refunds
New Hampshire,FY2023,579369,total_refunds
New Hampshire,FY2024,546291,total_refunds
New Hampshire,FY2025,541985,total_refunds
New Jersey,FY1997,16521,business_income_taxes
New Jersey,FY1998,13532,business_income_taxes
New Jersey,FY1999,12264,business_income_taxes
New Jersey,FY2000,13903,business_income_taxes
New Jersey,FY2001,12118,business_income_taxes
New Jersey,FY2002,13131,business_income_taxes
New Jersey,FY2003,14562,business_income_taxes
New Jersey,FY2004,14796,business_income_taxes
New Jersey,FY2005,15504,business_income_taxes
New Jersey,FY2006,17884,business_income_taxes
New Jersey,FY2007,26681,business_income_taxes
New Jersey,FY2008,18770,business_income_taxes
New Jersey,FY2009,15043,business_income_taxes
New Jersey,FY2010,15353,business_income_taxes
New Jersey,FY2011,14138,business_income_taxes
New Jersey,FY2012,12363,business_income_taxes
New Jersey,FY2013,10912,business_income_taxes
New Jersey,FY2014,9794,business_income_taxes
New Jersey,FY2015,9789,business_income_taxes
New Jersey,FY2016,12329,business_income_taxes
New Jersey,FY2017,9190,business_income_taxes
New Jersey,FY2018,9014,business_income_taxes
New Jersey,FY2019,8468,business_income_taxes
New Jersey,FY2020,8310,business_income_taxes
New Jersey,FY2021,11029,business_income_taxes
New Jersey,FY2022,15967,business_income_taxes
New Jersey,FY2023,10162,business_income_taxes
New Jersey,FY2024,12172,business_income_taxes
New Jersey,FY2025,11831,business_income_taxes
New Jersey,FY1997,87139,employment_taxes
New Jersey,FY1998,85038,employment_taxes
New Jersey,FY1999,62827,employment_taxes
New Jersey,FY2000,62490,employment_taxes
New Jersey,FY2001,60738,employment_taxes
New Jersey,FY2002,59517,employment_taxes
New Jersey,FY2003,59982,employment_taxes
New Jersey,FY2004,56238,employment_taxes
New Jersey,FY2005,70973,employment_taxes
New Jersey,FY2006,69121,employment_taxes
New Jersey,FY2007,68733,employment_taxes
New Jersey,FY2008,65092,employment_taxes
New Jersey,FY2009,58411,employment_taxes
New Jersey,FY2010,52295,employment_taxes
New Jersey,FY2011,61905,employment_taxes
New Jersey,FY2012,53039,employment_taxes
New Jersey,FY2013,46570,employment_taxes
New Jersey,FY2014,43907,employment_taxes
New Jersey,FY2015,44172,employment_taxes
New Jersey,FY2016,40443,employment_taxes
New Jersey,FY2017,38155,employment_taxes
New Jersey,FY2018,36983,employment_taxes
New Jersey,FY2019,36935,employment_taxes
New Jersey,FY2020,34323,employment_taxes
New Jersey,FY2021,60267,employment_taxes
New Jersey,FY2022,96541,employment_taxes
New Jersey,FY2023,109444,employment_taxes
New Jersey,FY2024,45445,employment_taxes
New Jersey,FY2025,85347,employment_taxes
New Jersey,FY2009,16786,estate_and_trust_income_tax
New Jersey,FY2010,10718,estate_and_trust_income_tax
New Jersey,FY2011,8455,estate_and_trust_income_tax
New Jersey,FY2012,7839,estate_and_trust_income_tax
New Jersey,FY2013,7317,estate_and_trust_income_tax
New Jersey,FY2014,8344,estate_and_trust_income_tax
New Jersey,FY2015,8295,estate_and_trust_income_tax
New Jersey,FY2016,11043,estate_and_trust_income_tax
New Jersey,FY2017,10158,estate_and_trust_income_tax
New Jersey,FY2018,8033,estate_and_trust_income_tax
New Jersey,FY2019,9938,estate_and_trust_income_tax
New Jersey,FY2020,7998,estate_and_trust_income_tax
New Jersey,FY2021,12887,estate_and_trust_income_tax
New Jersey,FY2022,1448,estate_and_trust_income_tax
New Jersey,FY2023,16288,estate_and_trust_income_tax
New Jersey,FY2024,14733,estate_and_trust_income_tax
New Jersey,FY2025,12648,estate_and_trust_income_tax
New Jersey,FY1997,871,estate_tax
New Jersey,FY1998,940,estate_tax
New Jersey,FY1999,861,estate_tax
New Jersey,FY2000,944,estate_tax
New Jersey,FY2001,941,estate_tax
New Jersey,FY2002,938,estate_tax
New Jersey,FY2003,850,estate_tax
New Jersey,FY2004,616,estate_tax
New Jersey,FY2005,595,estate_tax
New Jersey,FY2006,607,estate_tax
New Jersey,FY2007,613,estate_tax
New Jersey,FY2008,560,estate_tax
New Jersey,FY2009,459,estate_tax
New Jersey,FY2010,338,estate_tax
New Jersey,FY2011,208,estate_tax
New Jersey,FY2012,164,estate_tax
New Jersey,FY2013,146,estate_tax
New Jersey,FY2014,140,estate_tax
New Jersey,FY2015,148,estate_tax
New Jersey,FY2016,177,estate_tax
New Jersey,FY2017,175,estate_tax
New Jersey,FY2018,144,estate_tax
New Jersey,FY2019,132,estate_tax
New Jersey,FY2020,67,estate_tax
New Jersey,FY2021,88,estate_tax
New Jersey,FY2022,72,estate_tax
New Jersey,FY2023,127,estate_tax
New Jersey,FY2024,96,estate_tax
New Jersey,FY2025,114,estate_tax
New Jersey,FY1997,2708,excise_taxes
New Jersey,FY1998,1065,excise_taxes
New Jersey,FY1999,2157,excise_taxes
New Jersey,FY2000,2022,excise_taxes
New Jersey,FY2001,1811,excise_taxes
New Jersey,FY2002,1702,excise_taxes
New Jersey,FY2003,1764,excise_taxes
New Jersey,FY2004,1748,excise_taxes
New Jersey,FY2005,3034,excise_taxes
New Jersey,FY2006,2502,excise_taxes
New Jersey,FY2007,3966,excise_taxes
New Jersey,FY2008,2665,excise_taxes
New Jersey,FY2009,2626,excise_taxes
New Jersey,FY2010,2617,excise_taxes
New Jersey,FY2011,2396,excise_taxes
New Jersey,FY2012,2444,excise_taxes
New Jersey,FY2013,2335,excise_taxes
New Jersey,FY2014,2213,excise_taxes
New Jersey,FY2015,2659,excise_taxes
New Jersey,FY2016,2649,excise_taxes
New Jersey,FY2017,2736,excise_taxes
New Jersey,FY2018,2787,excise_taxes
New Jersey,FY2019,2898,excise_taxes
New Jersey,FY2020,2425,excise_taxes
New Jersey,FY2021,3101,excise_taxes
New Jersey,FY2022,3083,excise_taxes
New Jersey,FY2023,3362,excise_taxes
New Jersey,FY2024,3603,excise_taxes
New Jersey,FY2025,3459,excise_taxes
New Jersey,FY1997,117,gift_tax
New Jersey,FY1998,106,gift_tax
New Jersey,FY1999,149,gift_tax
New Jersey,FY2000,140,gift_tax
New Jersey,FY2001,150,gift_tax
New Jersey,FY2002,177,gift_tax
New Jersey,FY2003,144,gift_tax
New Jersey,FY2004,62,gift_tax
New Jersey,FY2005,99,gift_tax
New Jersey,FY2006,101,gift_tax
New Jersey,FY2007,122,gift_tax
New Jersey,FY2008,119,gift_tax
New Jersey,FY2009,100,gift_tax
New Jersey,FY2010,98,gift_tax
New Jersey,FY2011,112,gift_tax
New Jersey,FY2012,129,gift_tax
New Jersey,FY2013,81,gift_tax
New Jersey,FY2014,81,gift_tax
New Jersey,FY2015,61,gift_tax
New Jersey,FY2016,72,gift_tax
New Jersey,FY2017,36,gift_tax
New Jersey,FY2018,52,gift_tax
New Jersey,FY2019,43,gift_tax
New Jersey,FY2020,13,gift_tax
New Jersey,FY2021,20,gift_tax
New Jersey,FY2022,35,gift_tax
New Jersey,FY2023,36,gift_tax
New Jersey,FY2024,36,gift_tax
New Jersey,FY2025,28,gift_tax
New Jersey,FY1997,2816614,total_refunds
New Jersey,FY1998,2296507,total_refunds
New Jersey,FY1999,2923798,total_refunds
New Jersey,FY2000,2965241,total_refunds
New Jersey,FY2001,5786434,total_refunds
New Jersey,FY2002,3379245,total_refunds
New Jersey,FY2003,3969335,total_refunds
New Jersey,FY2004,3353386,total_refunds
New Jersey,FY2005,3349161,total_refunds
New Jersey,FY2006,3349874,total_refunds
New Jersey,FY2007,3303648,total_refunds
New Jersey,FY2008,6783396,total_refunds
New Jersey,FY2009,3739852,total_refunds
New Jersey,FY2010,3599491,total_refunds
New Jersey,FY2011,3613474,total_refunds
New Jersey,FY2012,3631643,total_refunds
New Jersey,FY2013,3553819,total_refunds
New Jersey,FY2014,3482558,total_refunds
New Jersey,FY2015,3445981,total_refunds
New Jersey,FY2016,3552086,total_refunds
New Jersey,FY2017,3539771,total_refunds
New Jersey,FY2018,3542268,total_refunds
New Jersey,FY2019,3451433,total_refunds
New Jersey,FY2020,8194591,total_refunds
New Jersey,FY2021,15554404,total_refunds
New Jersey,FY2022,6658675,total_refunds
New Jersey,FY2023,3555441,total_refunds
New Jersey,FY2024,3355952,total_refunds
New Jersey,FY2025,3370554,total_refunds
New Mexico,FY1998,2459,business_income_taxes
New Mexico,FY1999,2597,business_income_taxes
New Mexico,FY2000,2298,business_income_taxes
New Mexico,FY2001,2259,business_income_taxes
New Mexico,FY2002,2460,business_income_taxes
New Mexico,FY2003,2642,business_income_taxes
New Mexico,FY2004,2254,business_income_taxes
New Mexico,FY2005,2229,business_income_taxes
New Mexico,FY2006,2389,business_income_taxes
New Mexico,FY2007,3830,business_income_taxes
New Mexico,FY2008,3427,business_income_taxes
New Mexico,FY2009,2964,business_income_taxes
New Mexico,FY2010,3178,business_income_taxes
New Mexico,FY2011,2728,business_income_taxes
New Mexico,FY2012,2362,business_income_taxes
New Mexico,FY2013,2127,business_income_taxes
New Mexico,FY2014,1867,business_income_taxes
New Mexico,FY2015,1959,business_income_taxes
New Mexico,FY2016,1720,business_income_taxes
New Mexico,FY2017,1727,business_income_taxes
New Mexico,FY2018,1532,business_income_taxes
New Mexico,FY2019,1401,business_income_taxes
New Mexico,FY2020,1209,business_income_taxes
New Mexico,FY2021,1916,business_income_taxes
New Mexico,FY2022,3297,business_income_taxes
New Mexico,FY2023,1911,business_income_taxes
New Mexico,FY2024,1935,business_income_taxes
New Mexico,FY2025,2358,business_income_taxes
New Mexico,FY1998,12849,employment_taxes
New Mexico,FY1999,12385,employment_taxes
New Mexico,FY2000,12011,employment_taxes
New Mexico,FY2001,11825,employment_taxes
New Mexico,FY2002,11487,employment_taxes
New Mexico,FY2003,11990,employment_taxes
New Mexico,FY2004,12193,employment_taxes
New Mexico,FY2005,14528,employment_taxes
New Mexico,FY2006,14759,employment_taxes
New Mexico,FY2007,15287,employment_taxes
New Mexico,FY2008,15605,employment_taxes
New Mexico,FY2009,13932,employment_taxes
New Mexico,FY2010,11272,employment_taxes
New Mexico,FY2011,14350,employment_taxes
New Mexico,FY2012,13620,employment_taxes
New Mexico,FY2013,11830,employment_taxes
New Mexico,FY2014,9827,employment_taxes
New Mexico,FY2015,9521,employment_taxes
New Mexico,FY2016,8999,employment_taxes
New Mexico,FY2017,8576,employment_taxes
New Mexico,FY2018,8096,employment_taxes
New Mexico,FY2019,8322,employment_taxes
New Mexico,FY2020,7650,employment_taxes
New Mexico,FY2021,14361,employment_taxes
New Mexico,FY2022,16803,employment_taxes
New Mexico,FY2023,20414,employment_taxes
New Mexico,FY2024,8971,employment_taxes
New Mexico,FY2025,16113,employment_taxes
New Mexico,FY2009,1833,estate_and_trust_income_tax
New Mexico,FY2010,1244,estate_and_trust_income_tax
New Mexico,FY2011,817,estate_and_trust_income_tax
New Mexico,FY2012,809,estate_and_trust_income_tax
New Mexico,FY2013,815,estate_and_trust_income_tax
New Mexico,FY2014,956,estate_and_trust_income_tax
New Mexico,FY2015,970,estate_and_trust_income_tax
New Mexico,FY2016,1129,estate_and_trust_income_tax
New Mexico,FY2017,1173,estate_and_trust_income_tax
New Mexico,FY2018,963,estate_and_trust_income_tax
New Mexico,FY2019,1054,estate_and_trust_income_tax
New Mexico,FY2020,977,estate_and_trust_income_tax
New Mexico,FY2021,1609,estate_and_trust_income_tax
New Mexico,FY2022,8480,estate_and_trust_income_tax
New Mexico,FY2023,1650,estate_and_trust_income_tax
New Mexico,FY2024,1509,estate_and_trust_income_tax
New Mexico,FY2025,1443,estate_and_trust_income_tax
New Mexico,FY1998,42,estate_tax
New Mexico,FY1999,72,estate_tax
New Mexico,FY2000,90,estate_tax
New Mexico,FY2001,105,estate_tax
New Mexico,FY2002,99,estate_tax
New Mexico,FY2003,83,estate_tax
New Mexico,FY2004,61,estate_tax
New Mexico,FY2005,66,estate_tax
New Mexico,FY2006,45,estate_tax
New Mexico,FY2007,57,estate_tax
New Mexico,FY2008,53,estate_tax
New Mexico,FY2009,61,estate_tax
New Mexico,FY2010,38,estate_tax
New Mexico,FY2011,27,estate_tax
New Mexico,FY2012,22,estate_tax
New Mexico,FY2013,25,estate_tax
New Mexico,FY2014,23,estate_tax
New Mexico,FY2015,20,estate_tax
New Mexico,FY1998,18,excise_taxes
New Mexico,FY1999,379,excise_taxes
New Mexico,FY2000,334,excise_taxes
New Mexico,FY2001,299,excise_taxes
New Mexico,FY2002,325,excise_taxes
New Mexico,FY2003,425,excise_taxes
New Mexico,FY2004,427,excise_taxes
New Mexico,FY2005,691,excise_taxes
New Mexico,FY2006,469,excise_taxes
New Mexico,FY2007,690,excise_taxes
New Mexico,FY2008,522,excise_taxes
New Mexico,FY2009,505,excise_taxes
New Mexico,FY2010,428,excise_taxes
New Mexico,FY2011,433,excise_taxes
New Mexico,FY2012,456,excise_taxes
New Mexico,FY2013,437,excise_taxes
New Mexico,FY2014,404,excise_taxes
New Mexico,FY2015,381,excise_taxes
New Mexico,FY2016,425,excise_taxes
New Mexico,FY2017,369,excise_taxes
New Mexico,FY2018,346,excise_taxes
New Mexico,FY2019,465,excise_taxes
New Mexico,FY2020,404,excise_taxes
New Mexico,FY2021,578,excise_taxes
New Mexico,FY2022,507,excise_taxes
New Mexico,FY2023,460,excise_taxes
New Mexico,FY2024,590,excise_taxes
New Mexico,FY2025,551,excise_taxes
New Mexico,FY1998,13,gift_tax
New Mexico,FY1999,18,gift_tax
New Mexico,FY2000,16,gift_tax
New Mexico,FY2001,11,gift_tax
New Mexico,FY2002,8,gift_tax
New Mexico,FY2003,8,gift_tax
New Mexico,FY2004,7,gift_tax
New Mexico,FY2005,10,gift_tax
New Mexico,FY2006,11,gift_tax
New Mexico,FY2007,17,gift_tax
New Mexico,FY2008,16,gift_tax
New Mexico,FY2009,16,gift_tax
New Mexico,FY2010,15,gift_tax
New Mexico,FY2011,19,gift_tax
New Mexico,FY2012,7,gift_tax
New Mexico,FY2013,6,gift_tax
New Mexico,FY2014,10,gift_tax
New Mexico,FY2015,8,gift_tax
New Mexico,FY1998,435149,total_refunds
New Mexico,FY1999,603126,total_refunds
New Mexico,FY2000,587780,total_refunds
New Mexico,FY2001,1024822,total_refunds
New Mexico,FY2002,670426,total_refunds
New Mexico,FY2003,805747,total_refunds
New Mexico,FY2004,678571,total_refunds
New Mexico,FY2005,687103,total_refunds
New Mexico,FY2006,697278,total_refunds
New Mexico,FY2007,751231,total_refunds
New Mexico,FY2008,1525222,total_refunds
New Mexico,FY2009,811783,total_refunds
New Mexico,FY2010,781972,total_refunds
New Mexico,FY2011,774687,total_refunds
New Mexico,FY2012,771191,total_refunds
New Mexico,FY2013,755686,total_refunds
New Mexico,FY2014,738963,total_refunds
New Mexico,FY2015,736790,total_refunds
New Mexico,FY2016,747683,total_refunds
New Mexico,FY2017,736423,total_refunds
New Mexico,FY2018,732976,total_refunds
New Mexico,FY2019,737042,total_refunds
New Mexico,FY2020,1930169,total_refunds
New Mexico,FY2021,3859596,total_refunds
New Mexico,FY2022,1528821,total_refunds
New Mexico,FY2023,766028,total_refunds
New Mexico,FY2024,723359,total_refunds
New Mexico,FY2025,724945,total_refunds
New Orleans,FY1995,8444,business_income_taxes
New Orleans,FY1996,8171,business_income_taxes
New Orleans,FY1995,36011,employment_taxes
New Orleans,FY1996,34435,employment_taxes
New Orleans,FY1995,150,estate_tax
New Orleans,FY1996,149,estate_tax
New Orleans,FY1995,1057,excise_taxes
New Orleans,FY1996,1067,excise_taxes
New Orleans,FY1995,9,gift_tax
New Orleans,FY1996,22,gift_tax
New Orleans,FY1995,1449773,total_refunds
New Orleans,FY1996,1351317,total_refunds
New York,FY1995,26626,business_income_taxes
New York,FY1996,28582,business_income_taxes
New York,FY1998,25147,business_income_taxes
New York,FY1999,24411,business_income_taxes
New York,FY2000,24313,business_income_taxes
New York,FY2001,24527,business_income_taxes
New York,FY2002,26653,business_income_taxes
New York,FY2003,28887,business_income_taxes
New York,FY2004,23769,business_income_taxes
New York,FY2005,25586,business_income_taxes
New York,FY2006,27587,business_income_taxes
New York,FY2007,56762,business_income_taxes
New York,FY2008,40399,business_income_taxes
New York,FY2009,33088,business_income_taxes
New York,FY2010,34488,business_income_taxes
New York,FY2011,33288,business_income_taxes
New York,FY2012,28869,business_income_taxes
New York,FY2013,25860,business_income_taxes
New York,FY2014,23752,business_income_taxes
New York,FY2015,25214,business_income_taxes
New York,FY2016,24166,business_income_taxes
New York,FY2017,24149,business_income_taxes
New York,FY2018,24212,business_income_taxes
New York,FY2019,24510,business_income_taxes
New York,FY2020,24585,business_income_taxes
New York,FY2021,32874,business_income_taxes
New York,FY2022,46710,business_income_taxes
New York,FY2023,29631,business_income_taxes
New York,FY2024,36958,business_income_taxes
New York,FY2025,41627,business_income_taxes
New York,FY1995,132814,employment_taxes
New York,FY1996,129342,employment_taxes
New York,FY1998,119098,employment_taxes
New York,FY1999,128052,employment_taxes
New York,FY2000,133307,employment_taxes
New York,FY2001,125612,employment_taxes
New York,FY2002,118345,employment_taxes
New York,FY2003,125539,employment_taxes
New York,FY2004,118084,employment_taxes
New York,FY2005,149806,employment_taxes
New York,FY2006,153479,employment_taxes
New York,FY2007,160949,employment_taxes
New York,FY2008,149007,employment_taxes
New York,FY2009,135494,employment_taxes
New York,FY2010,121449,employment_taxes
New York,FY2011,145119,employment_taxes
New York,FY2012,126804,employment_taxes
New York,FY2013,113731,employment_taxes
New York,FY2014,98472,employment_taxes
New York,FY2015,106952,employment_taxes
New York,FY2016,108384,employment_taxes
New York,FY2017,100501,employment_taxes
New York,FY2018,97248,employment_taxes
New York,FY2019,98332,employment_taxes
New York,FY2020,87255,employment_taxes
New York,FY2021,158373,employment_taxes
New York,FY2022,248231,employment_taxes
New York,FY2023,272143,employment_taxes
New York,FY2024,126127,employment_taxes
New York,FY2025,215663,employment_taxes
New York,FY2009,33017,estate_and_trust_income_tax
New York,FY2010,23047,estate_and_trust_income_tax
New York,FY2011,17438,estate_and_trust_income_tax
New York,FY2012,15090,estate_and_trust_income_tax
New York,FY2013,13506,estate_and_trust_income_tax
New York,FY2014,15658,estate_and_trust_income_tax
New York,FY2015,15996,estate_and_trust_income_tax
New York,FY2016,18111,estate_and_trust_income_tax
New York,FY2017,18163,estate_and_trust_income_tax
New York,FY2018,15369,estate_and_trust_income_tax
New York,FY2019,16848,estate_and_trust_income_tax
New York,FY2020,17553,estate_and_trust_income_tax
New York,FY2021,27231,estate_and_trust_income_tax
New York,FY2022,10597,estate_and_trust_income_tax
New York,FY2023,27023,estate_and_trust_income_tax
New York,FY2024,26046,estate_and_trust_income_tax
New York,FY2025,24913,estate_and_trust_income_tax
New York,FY1995,1142,estate_tax
New York,FY1996,1171,estate_tax
New York,FY1998,1349,estate_tax
New York,FY1999,1747,estate_tax
New York,FY2000,1850,estate_tax
New York,FY2001,1821,estate_tax
New York,FY2002,1809,estate_tax
New York,FY2003,1865,estate_tax
New York,FY2004,1420,estate_tax
New York,FY2005,1670,estate_tax
New York,FY2006,1529,estate_tax
New York,FY2007,1488,estate_tax
New York,FY2008,1278,estate_tax
New York,FY2009,1199,estate_tax
New York,FY2010,980,estate_tax
New York,FY2011,513,estate_tax
New York,FY2012,478,estate_tax
New York,FY2013,498,estate_tax
New York,FY2014,526,estate_tax
New York,FY2015,516,estate_tax
New York,FY2016,582,estate_tax
New York,FY2017,524,estate_tax
New York,FY2018,539,estate_tax
New York,FY2019,485,estate_tax
New York,FY2020,230,estate_tax
New York,FY2021,346,estate_tax
New York,FY2022,292,estate_tax
New York,FY2023,393,estate_tax
New York,FY2024,316,estate_tax
New York,FY2025,346,estate_tax
New York,FY1995,3718,excise_taxes
New York,FY1996,12267,excise_taxes
New York,FY1998,1534,excise_taxes
New York,FY1999,3737,excise_taxes
New York,FY2000,3745,excise_taxes
New York,FY2001,3531,excise_taxes
New York,FY2002,3615,excise_taxes
New York,FY2003,3876,excise_taxes
New York,FY2004,3470,excise_taxes
New York,FY2005,6122,excise_taxes
New York,FY2006,5363,excise_taxes
New York,FY2007,7977,excise_taxes
New York,FY2008,5508,excise_taxes
New York,FY2009,5194,excise_taxes
New York,FY2010,5550,excise_taxes
New York,FY2011,4755,excise_taxes
New York,FY2012,5186,excise_taxes
New York,FY2013,4773,excise_taxes
New York,FY2014,4304,excise_taxes
New York,FY2015,4745,excise_taxes
New York,FY2016,4627,excise_taxes
New York,FY2017,4839,excise_taxes
New York,FY2018,4273,excise_taxes
New York,FY2019,4811,excise_taxes
New York,FY2020,4166,excise_taxes
New York,FY2021,5892,excise_taxes
New York,FY2022,5560,excise_taxes
New York,FY2023,5847,excise_taxes
New York,FY2024,6364,excise_taxes
New York,FY2025,6255,excise_taxes
New York,FY1995,208,gift_tax
New York,FY1996,221,gift_tax
New York,FY1998,341,gift_tax
New York,FY1999,455,gift_tax
New York,FY2000,387,gift_tax
New York,FY2001,445,gift_tax
New York,FY2002,446,gift_tax
New York,FY2003,404,gift_tax
New York,FY2004,280,gift_tax
New York,FY2005,398,gift_tax
New York,FY2006,496,gift_tax
New York,FY2007,535,gift_tax
New York,FY2008,473,gift_tax
New York,FY2009,514,gift_tax
New York,FY2010,550,gift_tax
New York,FY2011,550,gift_tax
New York,FY2012,646,gift_tax
New York,FY2013,366,gift_tax
New York,FY2014,492,gift_tax
New York,FY2015,235,gift_tax
New York,FY2016,263,gift_tax
New York,FY2017,235,gift_tax
New York,FY2018,183,gift_tax
New York,FY2019,156,gift_tax
New York,FY2020,53,gift_tax
New York,FY2021,94,gift_tax
New York,FY2022,110,gift_tax
New York,FY2023,181,gift_tax
New York,FY2024,111,gift_tax
New York,FY2025,123,gift_tax
New York,FY1995,6784003,total_refunds
New York,FY1996,6424290,total_refunds
New York,FY1998,6550882,total_refunds
New York,FY1999,6273658,total_refunds
New York,FY2000,6379915,total_refunds
New York,FY2001,12139361,total_refunds
New York,FY2002,7236446,total_refunds
New York,FY2003,8433625,total_refunds
New York,FY2004,7088504,total_refunds
New York,FY2005,7143294,total_refunds
New York,FY2006,7129206,total_refunds
New York,FY2007,7478787,total_refunds
New York,FY2008,14999781,total_refunds
New York,FY2009,8104582,total_refunds
New York,FY2010,7844716,total_refunds
New York,FY2011,7954755,total_refunds
New York,FY2012,7949259,total_refunds
New York,FY2013,7845744,total_refunds
New York,FY2014,7686707,total_refunds
New York,FY2015,7614590,total_refunds
New York,FY2016,7886277,total_refunds
New York,FY2017,7860621,total_refunds
New York,FY2018,7845925,total_refunds
New York,FY2019,7691040,total_refunds
New York,FY2020,18812564,total_refunds
New York,FY2021,35609253,total_refunds
New York,FY2022,14277579,total_refunds
New York,FY2023,7655511,total_refunds
New York,FY2024,7256358,total_refunds
New York,FY2025,7359020,total_refunds
Newark,FY1995,16025,business_income_taxes
Newark,FY1996,15495,business_income_taxes
Newark,FY1995,82210,employment_taxes
Newark,FY1996,83417,employment_taxes
Newark,FY1995,775,estate_tax
Newark,FY1996,818,estate_tax
Newark,FY1995,4206,excise_taxes
Newark,FY1996,7992,excise_taxes
Newark,FY1995,63,gift_tax
Newark,FY1996,93,gift_tax
Newark,FY1995,2831804,total_refunds
Newark,FY1996,2752377,total_refunds
North Atlantic Region,FY1995,53760,business_income_taxes
North Atlantic Region,FY1995,238388,employment_taxes
North Atlantic Region,FY1995,2158,estate_tax
North Atlantic Region,FY1995,6906,excise_taxes
North Atlantic Region,FY1995,337,gift_tax
North Atlantic Region,FY1995,11520517,total_refunds
North Carolina,FY1998,12573,business_income_taxes
North Carolina,FY1999,12505,business_income_taxes
North Carolina,FY2000,12184,business_income_taxes
North Carolina,FY2001,12597,business_income_taxes
North Carolina,FY2002,13099,business_income_taxes
North Carolina,FY2003,14252,business_income_taxes
North Carolina,FY2004,11131,business_income_taxes
North Carolina,FY2005,10312,business_income_taxes
North Carolina,FY2006,10766,business_income_taxes
North Carolina,FY2007,23593,business_income_taxes
North Carolina,FY2008,16192,business_income_taxes
North Carolina,FY2009,14722,business_income_taxes
North Carolina,FY2010,15276,business_income_taxes
North Carolina,FY2011,12952,business_income_taxes
North Carolina,FY2012,10971,business_income_taxes
North Carolina,FY2013,9949,business_income_taxes
North Carolina,FY2014,9294,business_income_taxes
North Carolina,FY2015,9085,business_income_taxes
North Carolina,FY2016,8798,business_income_taxes
North Carolina,FY2017,8362,business_income_taxes
North Carolina,FY2018,8161,business_income_taxes
North Carolina,FY2019,7369,business_income_taxes
North Carolina,FY2020,6956,business_income_taxes
North Carolina,FY2021,10126,business_income_taxes
North Carolina,FY2022,17366,business_income_taxes
North Carolina,FY2023,8877,business_income_taxes
North Carolina,FY2024,10857,business_income_taxes
North Carolina,FY2025,10203,business_income_taxes
North Carolina,FY1998,56323,employment_taxes
North Carolina,FY1999,53391,employment_taxes
North Carolina,FY2000,52637,employment_taxes
North Carolina,FY2001,51640,employment_taxes
North Carolina,FY2002,50950,employment_taxes
North Carolina,FY2003,50917,employment_taxes
North Carolina,FY2004,48453,employment_taxes
North Carolina,FY2005,58001,employment_taxes
North Carolina,FY2006,59685,employment_taxes
North Carolina,FY2007,60270,employment_taxes
North Carolina,FY2008,59430,employment_taxes
North Carolina,FY2009,53792,employment_taxes
North Carolina,FY2010,48252,employment_taxes
North Carolina,FY2011,58909,employment_taxes
North Carolina,FY2012,50353,employment_taxes
North Carolina,FY2013,43474,employment_taxes
North Carolina,FY2014,37079,employment_taxes
North Carolina,FY2015,37107,employment_taxes
North Carolina,FY2016,40349,employment_taxes
North Carolina,FY2017,36186,employment_taxes
North Carolina,FY2018,34421,employment_taxes
North Carolina,FY2019,35954,employment_taxes
North Carolina,FY2020,31220,employment_taxes
North Carolina,FY2021,59224,employment_taxes
North Carolina,FY2022,82493,employment_taxes
North Carolina,FY2023,93719,employment_taxes
North Carolina,FY2024,41693,employment_taxes
North Carolina,FY2025,71166,employment_taxes
North Carolina,FY2009,13548,estate_and_trust_income_tax
North Carolina,FY2010,6549,estate_and_trust_income_tax
North Carolina,FY2011,4359,estate_and_trust_income_tax
North Carolina,FY2012,4055,estate_and_trust_income_tax
North Carolina,FY2013,3895,estate_and_trust_income_tax
North Carolina,FY2014,4993,estate_and_trust_income_tax
North Carolina,FY2015,5167,estate_and_trust_income_tax
North Carolina,FY2016,7448,estate_and_trust_income_tax
North Carolina,FY2017,6915,estate_and_trust_income_tax
North Carolina,FY2018,4974,estate_and_trust_income_tax
North Carolina,FY2019,5717,estate_and_trust_income_tax
North Carolina,FY2020,6171,estate_and_trust_income_tax
North Carolina,FY2021,8945,estate_and_trust_income_tax
North Carolina,FY2022,519,estate_and_trust_income_tax
North Carolina,FY2023,9444,estate_and_trust_income_tax
North Carolina,FY2024,9169,estate_and_trust_income_tax
North Carolina,FY2025,9068,estate_and_trust_income_tax
North Carolina,FY1998,413,estate_tax
North Carolina,FY1999,448,estate_tax
North Carolina,FY2000,436,estate_tax
North Carolina,FY2001,362,estate_tax
North Carolina,FY2002,433,estate_tax
North Carolina,FY2003,435,estate_tax
North Carolina,FY2004,349,estate_tax
North Carolina,FY2005,313,estate_tax
North Carolina,FY2006,255,estate_tax
North Carolina,FY2007,275,estate_tax
North Carolina,FY2008,278,estate_tax
North Carolina,FY2009,260,estate_tax
North Carolina,FY2010,159,estate_tax
North Carolina,FY2011,121,estate_tax
North Carolina,FY2012,83,estate_tax
North Carolina,FY2013,99,estate_tax
North Carolina,FY2014,106,estate_tax
North Carolina,FY2015,112,estate_tax
North Carolina,FY2016,133,estate_tax
North Carolina,FY2017,115,estate_tax
North Carolina,FY2018,134,estate_tax
North Carolina,FY2019,104,estate_tax
North Carolina,FY2020,79,estate_tax
North Carolina,FY2022,52,estate_tax
North Carolina,FY2023,79,estate_tax
North Carolina,FY2024,54,estate_tax
North Carolina,FY2025,66,estate_tax
North Carolina,FY1998,627,excise_taxes
North Carolina,FY1999,1828,excise_taxes
North Carolina,FY2000,1926,excise_taxes
North Carolina,FY2001,2071,excise_taxes
North Carolina,FY2002,2402,excise_taxes
North Carolina,FY2003,2138,excise_taxes
North Carolina,FY2004,2039,excise_taxes
North Carolina,FY2005,3485,excise_taxes
North Carolina,FY2006,2625,excise_taxes
North Carolina,FY2007,4487,excise_taxes
North Carolina,FY2008,3249,excise_taxes
North Carolina,FY2009,3882,excise_taxes
North Carolina,FY2010,3378,excise_taxes
North Carolina,FY2011,3015,excise_taxes
North Carolina,FY2012,2522,excise_taxes
North Carolina,FY2013,2486,excise_taxes
North Carolina,FY2014,2679,excise_taxes
North Carolina,FY2015,2833,excise_taxes
North Carolina,FY2016,4219,excise_taxes
North Carolina,FY2017,3501,excise_taxes
North Carolina,FY2018,2695,excise_taxes
North Carolina,FY2019,2840,excise_taxes
North Carolina,FY2020,2561,excise_taxes
North Carolina,FY2021,3477,excise_taxes
North Carolina,FY2022,3615,excise_taxes
North Carolina,FY2023,3778,excise_taxes
North Carolina,FY2024,4294,excise_taxes
North Carolina,FY2025,3756,excise_taxes
North Carolina,FY1998,72,gift_tax
North Carolina,FY1999,72,gift_tax
North Carolina,FY2000,87,gift_tax
North Carolina,FY2001,100,gift_tax
North Carolina,FY2002,97,gift_tax
North Carolina,FY2003,58,gift_tax
North Carolina,FY2004,60,gift_tax
North Carolina,FY2005,69,gift_tax
North Carolina,FY2006,49,gift_tax
North Carolina,FY2007,61,gift_tax
North Carolina,FY2008,63,gift_tax
North Carolina,FY2009,58,gift_tax
North Carolina,FY2010,65,gift_tax
North Carolina,FY2011,68,gift_tax
North Carolina,FY2012,67,gift_tax
North Carolina,FY2013,31,gift_tax
North Carolina,FY2014,44,gift_tax
North Carolina,FY2015,29,gift_tax
North Carolina,FY2016,12,gift_tax
North Carolina,FY2017,31,gift_tax
North Carolina,FY2018,24,gift_tax
North Carolina,FY2019,15,gift_tax
North Carolina,FY2020,6,gift_tax
North Carolina,FY2022,20,gift_tax
North Carolina,FY2023,18,gift_tax
North Carolina,FY2024,19,gift_tax
North Carolina,FY2025,23,gift_tax
North Carolina,FY1998,1947216,total_refunds
North Carolina,FY1999,2753934,total_refunds
North Carolina,FY2000,2789551,total_refunds
North Carolina,FY2001,4952787,total_refunds
North Carolina,FY2002,3345909,total_refunds
North Carolina,FY2003,3674643,total_refunds
North Carolina,FY2004,3020844,total_refunds
North Carolina,FY2005,3079921,total_refunds
North Carolina,FY2006,3180786,total_refunds
North Carolina,FY2007,3374692,total_refunds
North Carolina,FY2008,7040103,total_refunds
North Carolina,FY2009,3710439,total_refunds
North Carolina,FY2010,3562457,total_refunds
North Carolina,FY2011,3562442,total_refunds
North Carolina,FY2012,3589629,total_refunds
North Carolina,FY2013,3521885,total_refunds
North Carolina,FY2014,3476410,total_refunds
North Carolina,FY2015,3501232,total_refunds
North Carolina,FY2016,3629594,total_refunds
North Carolina,FY2017,3635581,total_refunds
North Carolina,FY2018,3640388,total_refunds
North Carolina,FY2019,3665825,total_refunds
North Carolina,FY2020,9426456,total_refunds
North Carolina,FY2021,18989239,total_refunds
North Carolina,FY2022,7614623,total_refunds
North Carolina,FY2023,3854226,total_refunds
North Carolina,FY2024,3633397,total_refunds
North Carolina,FY2025,3720328,total_refunds
North Central,FY1997,14839,business_income_taxes
North Central,FY1997,45241,employment_taxes
North Central,FY1997,277,estate_tax
North Central,FY1997,2212,excise_taxes
North Central,FY1997,75,gift_tax
North Central,FY1997,1914276,total_refunds
North Dakota,FY1998,1632,business_income_taxes
North Dakota,FY1999,1935,business_income_taxes
North Dakota,FY2000,1799,business_income_taxes
North Dakota,FY2001,1686,business_income_taxes
North Dakota,FY2002,1876,business_income_taxes
North Dakota,FY2003,1793,business_income_taxes
North Dakota,FY2004,1779,business_income_taxes
North Dakota,FY2005,1703,business_income_taxes
North Dakota,FY2006,1994,business_income_taxes
North Dakota,FY2007,3622,business_income_taxes
North Dakota,FY2008,2241,business_income_taxes
North Dakota,FY2009,1972,business_income_taxes
North Dakota,FY2010,1900,business_income_taxes
North Dakota,FY2011,1791,business_income_taxes
North Dakota,FY2012,1741,business_income_taxes
North Dakota,FY2013,1660,business_income_taxes
North Dakota,FY2014,1612,business_income_taxes
North Dakota,FY2015,1599,business_income_taxes
North Dakota,FY2016,1593,business_income_taxes
North Dakota,FY2017,1443,business_income_taxes
North Dakota,FY2018,1247,business_income_taxes
North Dakota,FY2019,953,business_income_taxes
North Dakota,FY2020,897,business_income_taxes
North Dakota,FY2021,1056,business_income_taxes
North Dakota,FY2022,1419,business_income_taxes
North Dakota,FY2023,904,business_income_taxes
North Dakota,FY2024,933,business_income_taxes
North Dakota,FY2025,885,business_income_taxes
North Dakota,FY1998,6056,employment_taxes
North Dakota,FY1999,5755,employment_taxes
North Dakota,FY2000,5438,employment_taxes
North Dakota,FY2001,5425,employment_taxes
North Dakota,FY2002,5190,employment_taxes
North Dakota,FY2003,5064,employment_taxes
North Dakota,FY2004,5040,employment_taxes
North Dakota,FY2005,5910,employment_taxes
North Dakota,FY2006,6026,employment_taxes
North Dakota,FY2007,5872,employment_taxes
North Dakota,FY2008,5924,employment_taxes
North Dakota,FY2009,5816,employment_taxes
North Dakota,FY2010,5636,employment_taxes
North Dakota,FY2011,7615,employment_taxes
North Dakota,FY2012,7668,employment_taxes
North Dakota,FY2013,6631,employment_taxes
North Dakota,FY2014,5347,employment_taxes
North Dakota,FY2015,5448,employment_taxes
North Dakota,FY2016,5242,employment_taxes
North Dakota,FY2017,4709,employment_taxes
North Dakota,FY2018,4481,employment_taxes
North Dakota,FY2019,4369,employment_taxes
North Dakota,FY2020,4052,employment_taxes
North Dakota,FY2021,8695,employment_taxes
North Dakota,FY2022,10250,employment_taxes
North Dakota,FY2023,8922,employment_taxes
North Dakota,FY2024,4669,employment_taxes
North Dakota,FY2025,6678,employment_taxes
North Dakota,FY2009,593,estate_and_trust_income_tax
North Dakota,FY2010,275,estate_and_trust_income_tax
North Dakota,FY2011,252,estate_and_trust_income_tax
North Dakota,FY2012,237,estate_and_trust_income_tax
North Dakota,FY2013,291,estate_and_trust_income_tax
North Dakota,FY2014,293,estate_and_trust_income_tax
North Dakota,FY2015,372,estate_and_trust_income_tax
North Dakota,FY2016,465,estate_and_trust_income_tax
North Dakota,FY2018,379,estate_and_trust_income_tax
North Dakota,FY2019,385,estate_and_trust_income_tax
North Dakota,FY2020,420,estate_and_trust_income_tax
North Dakota,FY2021,589,estate_and_trust_income_tax
North Dakota,FY2022,1295,estate_and_trust_income_tax
North Dakota,FY2023,825,estate_and_trust_income_tax
North Dakota,FY2024,611,estate_and_trust_income_tax
North Dakota,FY2025,565,estate_and_trust_income_tax
North Dakota,FY1998,19,estate_tax
North Dakota,FY1999,37,estate_tax
North Dakota,FY2000,34,estate_tax
North Dakota,FY2001,37,estate_tax
North Dakota,FY2002,34,estate_tax
North Dakota,FY2003,29,estate_tax
North Dakota,FY2004,27,estate_tax
North Dakota,FY2006,11,estate_tax
North Dakota,FY2007,16,estate_tax
North Dakota,FY2008,16,estate_tax
North Dakota,FY2009,10,estate_tax
North Dakota,FY2010,15,estate_tax
North Dakota,FY2011,6,estate_tax
North Dakota,FY2012,11,estate_tax
North Dakota,FY2013,8,estate_tax
North Dakota,FY2014,10,estate_tax
North Dakota,FY2015,13,estate_tax
North Dakota,FY2020,4,estate_tax
North Dakota,FY1998,47,excise_taxes
North Dakota,FY1999,399,excise_taxes
North Dakota,FY2000,285,excise_taxes
North Dakota,FY2001,366,excise_taxes
North Dakota,FY2002,305,excise_taxes
North Dakota,FY2003,382,excise_taxes
North Dakota,FY2004,363,excise_taxes
North Dakota,FY2005,655,excise_taxes
North Dakota,FY2006,481,excise_taxes
North Dakota,FY2007,567,excise_taxes
North Dakota,FY2008,436,excise_taxes
North Dakota,FY2009,492,excise_taxes
North Dakota,FY2010,633,excise_taxes
North Dakota,FY2011,612,excise_taxes
North Dakota,FY2012,676,excise_taxes
North Dakota,FY2013,599,excise_taxes
North Dakota,FY2014,601,excise_taxes
North Dakota,FY2015,627,excise_taxes
North Dakota,FY2016,556,excise_taxes
North Dakota,FY2017,526,excise_taxes
North Dakota,FY2018,562,excise_taxes
North Dakota,FY2019,682,excise_taxes
North Dakota,FY2020,573,excise_taxes
North Dakota,FY2021,954,excise_taxes
North Dakota,FY2022,702,excise_taxes
North Dakota,FY2023,730,excise_taxes
North Dakota,FY2024,857,excise_taxes
North Dakota,FY2025,818,excise_taxes
North Dakota,FY1998,1,gift_tax
North Dakota,FY1999,4,gift_tax
North Dakota,FY2000,1,gift_tax
North Dakota,FY2001,1,gift_tax
North Dakota,FY2002,4,gift_tax
North Dakota,FY2003,2,gift_tax
North Dakota,FY2004,7,gift_tax
North Dakota,FY2006,0,gift_tax
North Dakota,FY2007,7,gift_tax
North Dakota,FY2008,15,gift_tax
North Dakota,FY2009,4,gift_tax
North Dakota,FY2010,4,gift_tax
North Dakota,FY2011,3,gift_tax
North Dakota,FY2012,5,gift_tax
North Dakota,FY2013,4,gift_tax
North Dakota,FY2014,6,gift_tax
North Dakota,FY2015,0,gift_tax
North Dakota,FY2017,0,gift_tax
North Dakota,FY2020,0,gift_tax
North Dakota,FY1998,167598,total_refunds
North Dakota,FY1999,221193,total_refunds
North Dakota,FY2000,218323,total_refunds
North Dakota,FY2001,417848,total_refunds
North Dakota,FY2002,237887,total_refunds
North Dakota,FY2003,285927,total_refunds
North Dakota,FY2004,237063,total_refunds
North Dakota,FY2005,231853,total_refunds
North Dakota,FY2006,236637,total_refunds
North Dakota,FY2007,252597,total_refunds
North Dakota,FY2008,526396,total_refunds
North Dakota,FY2009,266444,total_refunds
North Dakota,FY2010,262538,total_refunds
North Dakota,FY2011,264174,total_refunds
North Dakota,FY2012,272606,total_refunds
North Dakota,FY2013,277695,total_refunds
North Dakota,FY2014,278156,total_refunds
North Dakota,FY2015,285642,total_refunds
North Dakota,FY2016,290239,total_refunds
North Dakota,FY2017,284554,total_refunds
North Dakota,FY2018,283621,total_refunds
North Dakota,FY2019,290149,total_refunds
North Dakota,FY2020,702918,total_refunds
North Dakota,FY2021,1353979,total_refunds
North Dakota,FY2022,550255,total_refunds
North Dakota,FY2023,281873,total_refunds
North Dakota,FY2024,269362,total_refunds
North Dakota,FY2025,269486,total_refunds
North Florida,FY1997,13057,business_income_taxes
North Florida,FY1997,72522,employment_taxes
North Florida,FY1997,685,estate_tax
North Florida,FY1997,2014,excise_taxes
North Florida,FY1997,116,gift_tax
North Florida,FY1997,2801049,total_refunds
North Texas,FY1997,16721,business_income_taxes
North Texas,FY1997,71856,employment_taxes
North Texas,FY1997,358,estate_tax
North Texas,FY1997,1161,excise_taxes
North Texas,FY1997,108,gift_tax
North Texas,FY1997,2640745,total_refunds
North-South Carolina,FY1997,18674,business_income_taxes
North-South Carolina,FY1997,80475,employment_taxes
North-South Carolina,FY1997,342,estate_tax
North-South Carolina,FY1997,1474,excise_taxes
North-South Carolina,FY1997,65,gift_tax
North-South Carolina,FY1997,3845783,total_refunds
Northeast Region,FY1996,136976,business_income_taxes
Northeast Region,FY1997,195732,business_income_taxes
Northeast Region,FY1996,523641,employment_taxes
Northeast Region,FY1997,529766,employment_taxes
Northeast Region,FY1996,4231,estate_tax
Northeast Region,FY1997,4894,estate_tax
Northeast Region,FY1996,44130,excise_taxes
Northeast Region,FY1997,49054,excise_taxes
Northeast Region,FY1996,701,gift_tax
Northeast Region,FY1997,844,gift_tax
Northeast Region,FY1996,25084510,total_refunds
Northeast Region,FY1997,24854305,total_refunds
Northern California,FY1997,14833,business_income_taxes
Northern California,FY1997,90734,employment_taxes
Northern California,FY1997,1158,estate_tax
Northern California,FY1997,1275,excise_taxes
Northern California,FY1997,121,gift_tax
Northern California,FY1997,2625613,total_refunds
Ohio,FY1995,22914,business_income_taxes
Ohio,FY1996,38214,business_income_taxes
Ohio,FY1997,86898,business_income_taxes
Ohio,FY1998,105383,business_income_taxes
Ohio,FY1999,100770,business_income_taxes
Ohio,FY2000,97288,business_income_taxes
Ohio,FY2001,91847,business_income_taxes
Ohio,FY2002,88282,business_income_taxes
Ohio,FY2003,97582,business_income_taxes
Ohio,FY2004,66801,business_income_taxes
Ohio,FY2005,16017,business_income_taxes
Ohio,FY2006,15317,business_income_taxes
Ohio,FY2007,29651,business_income_taxes
Ohio,FY2008,20957,business_income_taxes
Ohio,FY2009,18008,business_income_taxes
Ohio,FY2010,18593,business_income_taxes
Ohio,FY2011,16405,business_income_taxes
Ohio,FY2012,14725,business_income_taxes
Ohio,FY2013,13515,business_income_taxes
Ohio,FY2014,12646,business_income_taxes
Ohio,FY2015,11698,business_income_taxes
Ohio,FY2016,11237,business_income_taxes
Ohio,FY2017,11025,business_income_taxes
Ohio,FY2018,10713,business_income_taxes
Ohio,FY2019,10870,business_income_taxes
Ohio,FY2020,14488,business_income_taxes
Ohio,FY2021,14110,business_income_taxes
Ohio,FY2022,18523,business_income_taxes
Ohio,FY2023,12391,business_income_taxes
Ohio,FY2024,12186,business_income_taxes
Ohio,FY2025,11225,business_income_taxes
Ohio,FY1995,75529,employment_taxes
Ohio,FY1996,102792,employment_taxes
Ohio,FY1997,72355,employment_taxes
Ohio,FY1998,66266,employment_taxes
Ohio,FY1999,67000,employment_taxes
Ohio,FY2000,64657,employment_taxes
Ohio,FY2001,62133,employment_taxes
Ohio,FY2002,58577,employment_taxes
Ohio,FY2003,59957,employment_taxes
Ohio,FY2004,55969,employment_taxes
Ohio,FY2005,64313,employment_taxes
Ohio,FY2006,63950,employment_taxes
Ohio,FY2007,62673,employment_taxes
Ohio,FY2008,60353,employment_taxes
Ohio,FY2009,54907,employment_taxes
Ohio,FY2010,53075,employment_taxes
Ohio,FY2011,67124,employment_taxes
Ohio,FY2012,54857,employment_taxes
Ohio,FY2013,46947,employment_taxes
Ohio,FY2014,38740,employment_taxes
Ohio,FY2015,39507,employment_taxes
Ohio,FY2016,40588,employment_taxes
Ohio,FY2017,44794,employment_taxes
Ohio,FY2018,37655,employment_taxes
Ohio,FY2019,35950,employment_taxes
Ohio,FY2020,31070,employment_taxes
Ohio,FY2021,60279,employment_taxes
Ohio,FY2022,90570,employment_taxes
Ohio,FY2023,100138,employment_taxes
Ohio,FY2024,37886,employment_taxes
Ohio,FY2025,70181,employment_taxes
Ohio,FY2009,27980,estate_and_trust_income_tax
Ohio,FY2010,11821,estate_and_trust_income_tax
Ohio,FY2011,8423,estate_and_trust_income_tax
Ohio,FY2012,8558,estate_and_trust_income_tax
Ohio,FY2013,7718,estate_and_trust_income_tax
Ohio,FY2014,8888,estate_and_trust_income_tax
Ohio,FY2015,8679,estate_and_trust_income_tax
Ohio,FY2016,11325,estate_and_trust_income_tax
Ohio,FY2017,10945,estate_and_trust_income_tax
Ohio,FY2018,8168,estate_and_trust_income_tax
Ohio,FY2019,9783,estate_and_trust_income_tax
Ohio,FY2020,9607,estate_and_trust_income_tax
Ohio,FY2021,13741,estate_and_trust_income_tax
Ohio,FY2022,3382,estate_and_trust_income_tax
Ohio,FY2023,16060,estate_and_trust_income_tax
Ohio,FY2024,12825,estate_and_trust_income_tax
Ohio,FY2025,10543,estate_and_trust_income_tax
Ohio,FY1995,556,estate_tax
Ohio,FY1996,544,estate_tax
Ohio,FY1997,576,estate_tax
Ohio,FY1998,651,estate_tax
Ohio,FY1999,623,estate_tax
Ohio,FY2000,656,estate_tax
Ohio,FY2001,699,estate_tax
Ohio,FY2002,645,estate_tax
Ohio,FY2003,705,estate_tax
Ohio,FY2004,601,estate_tax
Ohio,FY2005,541,estate_tax
Ohio,FY2006,432,estate_tax
Ohio,FY2007,420,estate_tax
Ohio,FY2008,293,estate_tax
Ohio,FY2009,295,estate_tax
Ohio,FY2010,226,estate_tax
Ohio,FY2011,148,estate_tax
Ohio,FY2012,125,estate_tax
Ohio,FY2013,101,estate_tax
Ohio,FY2014,106,estate_tax
Ohio,FY2015,108,estate_tax
Ohio,FY2016,121,estate_tax
Ohio,FY2017,120,estate_tax
Ohio,FY2018,110,estate_tax
Ohio,FY2019,75,estate_tax
Ohio,FY2020,47,estate_tax
Ohio,FY2021,42,estate_tax
Ohio,FY2022,45,estate_tax
Ohio,FY2023,107,estate_tax
Ohio,FY2024,57,estate_tax
Ohio,FY2025,87,estate_tax
Ohio,FY1995,2470,excise_taxes
Ohio,FY1996,7235,excise_taxes
Ohio,FY1997,37411,excise_taxes
Ohio,FY1998,44636,excise_taxes
Ohio,FY1999,2394,excise_taxes
Ohio,FY2000,2713,excise_taxes
Ohio,FY2001,2851,excise_taxes
Ohio,FY2002,2773,excise_taxes
Ohio,FY2003,3777,excise_taxes
Ohio,FY2004,4541,excise_taxes
Ohio,FY2005,4413,excise_taxes
Ohio,FY2006,3270,excise_taxes
Ohio,FY2007,5664,excise_taxes
Ohio,FY2008,3496,excise_taxes
Ohio,FY2009,3509,excise_taxes
Ohio,FY2010,3643,excise_taxes
Ohio,FY2011,3783,excise_taxes
Ohio,FY2012,3527,excise_taxes
Ohio,FY2013,3389,excise_taxes
Ohio,FY2014,3004,excise_taxes
Ohio,FY2015,3168,excise_taxes
Ohio,FY2016,3557,excise_taxes
Ohio,FY2017,3364,excise_taxes
Ohio,FY2018,3068,excise_taxes
Ohio,FY2019,3749,excise_taxes
Ohio,FY2020,3252,excise_taxes
Ohio,FY2021,4605,excise_taxes
Ohio,FY2022,3862,excise_taxes
Ohio,FY2023,4790,excise_taxes
Ohio,FY2024,5047,excise_taxes
Ohio,FY2025,4615,excise_taxes
Ohio,FY1995,67,gift_tax
Ohio,FY1996,104,gift_tax
Ohio,FY1997,96,gift_tax
Ohio,FY1998,97,gift_tax
Ohio,FY1999,131,gift_tax
Ohio,FY2000,111,gift_tax
Ohio,FY2001,146,gift_tax
Ohio,FY2002,150,gift_tax
Ohio,FY2003,131,gift_tax
Ohio,FY2004,88,gift_tax
Ohio,FY2005,103,gift_tax
Ohio,FY2006,99,gift_tax
Ohio,FY2007,93,gift_tax
Ohio,FY2008,66,gift_tax
Ohio,FY2009,78,gift_tax
Ohio,FY2010,79,gift_tax
Ohio,FY2011,70,gift_tax
Ohio,FY2012,82,gift_tax
Ohio,FY2013,43,gift_tax
Ohio,FY2014,76,gift_tax
Ohio,FY2015,37,gift_tax
Ohio,FY2016,36,gift_tax
Ohio,FY2017,46,gift_tax
Ohio,FY2018,29,gift_tax
Ohio,FY2019,30,gift_tax
Ohio,FY2020,25,gift_tax
Ohio,FY2021,16,gift_tax
Ohio,FY2022,43,gift_tax
Ohio,FY2023,41,gift_tax
Ohio,FY2024,40,gift_tax
Ohio,FY2025,27,gift_tax
Ohio,FY1995,4193295,total_refunds
Ohio,FY1996,5630986,total_refunds
Ohio,FY1997,4412983,total_refunds
Ohio,FY1998,3422851,total_refunds
Ohio,FY1999,4428752,total_refunds
Ohio,FY2000,3995088,total_refunds
Ohio,FY2001,8342818,total_refunds
Ohio,FY2002,4819693,total_refunds
Ohio,FY2003,5457056,total_refunds
Ohio,FY2004,4669557,total_refunds
Ohio,FY2005,4518741,total_refunds
Ohio,FY2006,4561748,total_refunds
Ohio,FY2007,4712997,total_refunds
Ohio,FY2008,9588554,total_refunds
Ohio,FY2009,4972857,total_refunds
Ohio,FY2010,4725692,total_refunds
Ohio,FY2011,4709397,total_refunds
Ohio,FY2012,4740122,total_refunds
Ohio,FY2013,4686897,total_refunds
Ohio,FY2014,4605489,total_refunds
Ohio,FY2015,4600671,total_refunds
Ohio,FY2016,4656235,total_refunds
Ohio,FY2017,4640883,total_refunds
Ohio,FY2018,4622875,total_refunds
Ohio,FY2019,4620510,total_refunds
Ohio,FY2020,11421812,total_refunds
Ohio,FY2021,22031825,total_refunds
Ohio,FY2022,8649238,total_refunds
Ohio,FY2023,4564944,total_refunds
Ohio,FY2024,4322189,total_refunds
Ohio,FY2025,4312675,total_refunds
Oklahoma,FY1998,5615,business_income_taxes
Oklahoma,FY1999,5963,business_income_taxes
Oklahoma,FY2000,4849,business_income_taxes
Oklahoma,FY2001,4508,business_income_taxes
Oklahoma,FY2002,4998,business_income_taxes
Oklahoma,FY2003,5526,business_income_taxes
Oklahoma,FY2004,4899,business_income_taxes
Oklahoma,FY2005,5004,business_income_taxes
Oklahoma,FY2006,5039,business_income_taxes
Oklahoma,FY2007,9803,business_income_taxes
Oklahoma,FY2008,7077,business_income_taxes
Oklahoma,FY2009,5909,business_income_taxes
Oklahoma,FY2010,6936,business_income_taxes
Oklahoma,FY2011,6037,business_income_taxes
Oklahoma,FY2012,5119,business_income_taxes
Oklahoma,FY2013,4588,business_income_taxes
Oklahoma,FY2014,4225,business_income_taxes
Oklahoma,FY2015,4294,business_income_taxes
Oklahoma,FY2016,4312,business_income_taxes
Oklahoma,FY2017,4186,business_income_taxes
Oklahoma,FY2018,3600,business_income_taxes
Oklahoma,FY2019,3039,business_income_taxes
Oklahoma,FY2020,2689,business_income_taxes
Oklahoma,FY2021,4122,business_income_taxes
Oklahoma,FY2022,6645,business_income_taxes
Oklahoma,FY2023,3140,business_income_taxes
Oklahoma,FY2024,3420,business_income_taxes
Oklahoma,FY2025,3378,business_income_taxes
Oklahoma,FY1998,25678,employment_taxes
Oklahoma,FY1999,23032,employment_taxes
Oklahoma,FY2000,21971,employment_taxes
Oklahoma,FY2001,21771,employment_taxes
Oklahoma,FY2002,22219,employment_taxes
Oklahoma,FY2003,21721,employment_taxes
Oklahoma,FY2004,21442,employment_taxes
Oklahoma,FY2005,26056,employment_taxes
Oklahoma,FY2006,26553,employment_taxes
Oklahoma,FY2007,26992,employment_taxes
Oklahoma,FY2008,27546,employment_taxes
Oklahoma,FY2009,26003,employment_taxes
Oklahoma,FY2010,22789,employment_taxes
Oklahoma,FY2011,27894,employment_taxes
Oklahoma,FY2012,26860,employment_taxes
Oklahoma,FY2013,23934,employment_taxes
Oklahoma,FY2014,19138,employment_taxes
Oklahoma,FY2015,18455,employment_taxes
Oklahoma,FY2016,17648,employment_taxes
Oklahoma,FY2017,16575,employment_taxes
Oklahoma,FY2018,15556,employment_taxes
Oklahoma,FY2019,15711,employment_taxes
Oklahoma,FY2020,14127,employment_taxes
Oklahoma,FY2021,25069,employment_taxes
Oklahoma,FY2022,29114,employment_taxes
Oklahoma,FY2023,37004,employment_taxes
Oklahoma,FY2024,16816,employment_taxes
Oklahoma,FY2025,28705,employment_taxes
Oklahoma,FY2009,4389,estate_and_trust_income_tax
Oklahoma,FY2010,2936,estate_and_trust_income_tax
Oklahoma,FY2011,2146,estate_and_trust_income_tax
Oklahoma,FY2012,2060,estate_and_trust_income_tax
Oklahoma,FY2013,1995,estate_and_trust_income_tax
Oklahoma,FY2014,2381,estate_and_trust_income_tax
Oklahoma,FY2015,2508,estate_and_trust_income_tax
Oklahoma,FY2016,3195,estate_and_trust_income_tax
Oklahoma,FY2017,3009,estate_and_trust_income_tax
Oklahoma,FY2018,2415,estate_and_trust_income_tax
Oklahoma,FY2019,2777,estate_and_trust_income_tax
Oklahoma,FY2020,2809,estate_and_trust_income_tax
Oklahoma,FY2021,4177,estate_and_trust_income_tax
Oklahoma,FY2022,4265,estate_and_trust_income_tax
Oklahoma,FY2023,4800,estate_and_trust_income_tax
Oklahoma,FY2024,3610,estate_and_trust_income_tax
Oklahoma,FY2025,3516,estate_and_trust_income_tax
Oklahoma,FY1998,179,estate_tax
Oklahoma,FY1999,162,estate_tax
Oklahoma,FY2000,146,estate_tax
Oklahoma,FY2001,171,estate_tax
Oklahoma,FY2002,179,estate_tax
Oklahoma,FY2003,171,estate_tax
Oklahoma,FY2004,93,estate_tax
Oklahoma,FY2005,99,estate_tax
Oklahoma,FY2006,102,estate_tax
Oklahoma,FY2007,91,estate_tax
Oklahoma,FY2008,77,estate_tax
Oklahoma,FY2009,84,estate_tax
Oklahoma,FY2010,80,estate_tax
Oklahoma,FY2011,53,estate_tax
Oklahoma,FY2012,45,estate_tax
Oklahoma,FY2013,41,estate_tax
Oklahoma,FY2014,32,estate_tax
Oklahoma,FY2015,39,estate_tax
Oklahoma,FY2020,14,estate_tax
Oklahoma,FY2023,30,estate_tax
Oklahoma,FY1998,455,excise_taxes
Oklahoma,FY1999,895,excise_taxes
Oklahoma,FY2000,943,excise_taxes
Oklahoma,FY2001,861,excise_taxes
Oklahoma,FY2002,831,excise_taxes
Oklahoma,FY2003,955,excise_taxes
Oklahoma,FY2004,991,excise_taxes
Oklahoma,FY2005,1819,excise_taxes
Oklahoma,FY2006,1084,excise_taxes
Oklahoma,FY2007,1505,excise_taxes
Oklahoma,FY2008,1325,excise_taxes
Oklahoma,FY2009,1361,excise_taxes
Oklahoma,FY2010,1181,excise_taxes
Oklahoma,FY2011,1120,excise_taxes
Oklahoma,FY2012,1097,excise_taxes
Oklahoma,FY2013,1159,excise_taxes
Oklahoma,FY2014,1205,excise_taxes
Oklahoma,FY2015,1054,excise_taxes
Oklahoma,FY2016,1135,excise_taxes
Oklahoma,FY2017,1086,excise_taxes
Oklahoma,FY2018,992,excise_taxes
Oklahoma,FY2019,1332,excise_taxes
Oklahoma,FY2020,1196,excise_taxes
Oklahoma,FY2021,1768,excise_taxes
Oklahoma,FY2022,1472,excise_taxes
Oklahoma,FY2023,1536,excise_taxes
Oklahoma,FY2024,1715,excise_taxes
Oklahoma,FY2025,1519,excise_taxes
Oklahoma,FY1998,13,gift_tax
Oklahoma,FY1999,31,gift_tax
Oklahoma,FY2000,19,gift_tax
Oklahoma,FY2001,28,gift_tax
Oklahoma,FY2002,17,gift_tax
Oklahoma,FY2003,17,gift_tax
Oklahoma,FY2004,12,gift_tax
Oklahoma,FY2005,18,gift_tax
Oklahoma,FY2006,24,gift_tax
Oklahoma,FY2007,18,gift_tax
Oklahoma,FY2008,27,gift_tax
Oklahoma,FY2009,28,gift_tax
Oklahoma,FY2010,21,gift_tax
Oklahoma,FY2011,27,gift_tax
Oklahoma,FY2012,14,gift_tax
Oklahoma,FY2013,11,gift_tax
Oklahoma,FY2014,21,gift_tax
Oklahoma,FY2015,12,gift_tax
Oklahoma,FY2020,5,gift_tax
Oklahoma,FY2023,11,gift_tax
Oklahoma,FY1998,808512,total_refunds
Oklahoma,FY1999,1107701,total_refunds
Oklahoma,FY2000,1061337,total_refunds
Oklahoma,FY2001,2022465,total_refunds
Oklahoma,FY2002,1184438,total_refunds
Oklahoma,FY2003,1462437,total_refunds
Oklahoma,FY2004,1203987,total_refunds
Oklahoma,FY2005,1208216,total_refunds
Oklahoma,FY2006,1212564,total_refunds
Oklahoma,FY2007,1291304,total_refunds
Oklahoma,FY2008,2710777,total_refunds
Oklahoma,FY2009,1419836,total_refunds
Oklahoma,FY2010,1368866,total_refunds
Oklahoma,FY2011,1345601,total_refunds
Oklahoma,FY2012,1353063,total_refunds
Oklahoma,FY2013,1341608,total_refunds
Oklahoma,FY2014,1320261,total_refunds
Oklahoma,FY2015,1326708,total_refunds
Oklahoma,FY2016,1347983,total_refunds
Oklahoma,FY2017,1325483,total_refunds
Oklahoma,FY2018,1314243,total_refunds
Oklahoma,FY2019,1323608,total_refunds
Oklahoma,FY2020,3479093,total_refunds
Oklahoma,FY2021,7136369,total_refunds
Oklahoma,FY2022,2851015,total_refunds
Oklahoma,FY2023,1361462,total_refunds
Oklahoma,FY2024,1285460,total_refunds
Oklahoma,FY2025,1302577,total_refunds
Oklahoma City,FY1995,8869,business_income_taxes
Oklahoma City,FY1996,9184,business_income_taxes
Oklahoma City,FY1995,23933,employment_taxes
Oklahoma City,FY1996,23143,employment_taxes
Oklahoma City,FY1995,115,estate_tax
Oklahoma City,FY1996,129,estate_tax
Oklahoma City,FY1995,964,excise_taxes
Oklahoma City,FY1996,1304,excise_taxes
Oklahoma City,FY1995,12,gift_tax
Oklahoma City,FY1996,12,gift_tax
Oklahoma City,FY1995,1017061,total_refunds
Oklahoma City,FY1996,996216,total_refunds
Omaha,FY1995,9603,business_income_taxes
Omaha,FY1996,7924,business_income_taxes
Omaha,FY1995,14204,employment_taxes
Omaha,FY1996,12778,employment_taxes
Omaha,FY1995,83,estate_tax
Omaha,FY1996,99,estate_tax
Omaha,FY1995,991,excise_taxes
Omaha,FY1996,953,excise_taxes
Omaha,FY1995,6,gift_tax
Omaha,FY1996,15,gift_tax
Omaha,FY1995,555713,total_refunds
Omaha,FY1996,530230,total_refunds
Oregon,FY1998,7893,business_income_taxes
Oregon,FY1999,7543,business_income_taxes
Oregon,FY2000,7224,business_income_taxes
Oregon,FY2001,6891,business_income_taxes
Oregon,FY2002,7468,business_income_taxes
Oregon,FY2003,8039,business_income_taxes
Oregon,FY2004,6627,business_income_taxes
Oregon,FY2005,6317,business_income_taxes
Oregon,FY2006,6190,business_income_taxes
Oregon,FY2007,13204,business_income_taxes
Oregon,FY2008,9572,business_income_taxes
Oregon,FY2009,8410,business_income_taxes
Oregon,FY2010,9087,business_income_taxes
Oregon,FY2011,7399,business_income_taxes
Oregon,FY2012,6391,business_income_taxes
Oregon,FY2013,5779,business_income_taxes
Oregon,FY2014,5434,business_income_taxes
Oregon,FY2015,4924,business_income_taxes
Oregon,FY2016,4624,business_income_taxes
Oregon,FY2017,4611,business_income_taxes
Oregon,FY2018,4623,business_income_taxes
Oregon,FY2019,4036,business_income_taxes
Oregon,FY2020,3824,business_income_taxes
Oregon,FY2021,5581,business_income_taxes
Oregon,FY2022,8669,business_income_taxes
Oregon,FY2023,4813,business_income_taxes
Oregon,FY2024,4775,business_income_taxes
Oregon,FY2025,4850,business_income_taxes
Oregon,FY1998,24364,employment_taxes
Oregon,FY1999,24248,employment_taxes
Oregon,FY2000,23469,employment_taxes
Oregon,FY2001,22797,employment_taxes
Oregon,FY2002,22020,employment_taxes
Oregon,FY2003,22284,employment_taxes
Oregon,FY2004,22200,employment_taxes
Oregon,FY2005,26990,employment_taxes
Oregon,FY2006,28165,employment_taxes
Oregon,FY2007,28768,employment_taxes
Oregon,FY2008,29129,employment_taxes
Oregon,FY2009,25876,employment_taxes
Oregon,FY2010,23401,employment_taxes
Oregon,FY2011,29976,employment_taxes
Oregon,FY2012,24459,employment_taxes
Oregon,FY2013,21758,employment_taxes
Oregon,FY2014,18338,employment_taxes
Oregon,FY2015,18492,employment_taxes
Oregon,FY2016,18011,employment_taxes
Oregon,FY2017,18817,employment_taxes
Oregon,FY2018,18524,employment_taxes
Oregon,FY2019,19218,employment_taxes
Oregon,FY2020,17932,employment_taxes
Oregon,FY2021,32646,employment_taxes
Oregon,FY2022,46654,employment_taxes
Oregon,FY2023,51917,employment_taxes
Oregon,FY2024,21302,employment_taxes
Oregon,FY2025,39247,employment_taxes
Oregon,FY2009,5777,estate_and_trust_income_tax
Oregon,FY2010,3487,estate_and_trust_income_tax
Oregon,FY2011,2438,estate_and_trust_income_tax
Oregon,FY2012,2330,estate_and_trust_income_tax
Oregon,FY2013,2246,estate_and_trust_income_tax
Oregon,FY2014,2571,estate_and_trust_income_tax
Oregon,FY2015,2533,estate_and_trust_income_tax
Oregon,FY2016,3164,estate_and_trust_income_tax
Oregon,FY2017,2942,estate_and_trust_income_tax
Oregon,FY2018,2668,estate_and_trust_income_tax
Oregon,FY2019,2966,estate_and_trust_income_tax
Oregon,FY2020,3047,estate_and_trust_income_tax
Oregon,FY2021,4838,estate_and_trust_income_tax
Oregon,FY2022,14563,estate_and_trust_income_tax
Oregon,FY2023,4796,estate_and_trust_income_tax
Oregon,FY2024,4157,estate_and_trust_income_tax
Oregon,FY2025,3995,estate_and_trust_income_tax
Oregon,FY1998,182,estate_tax
Oregon,FY1999,204,estate_tax
Oregon,FY2000,241,estate_tax
Oregon,FY2001,231,estate_tax
Oregon,FY2002,257,estate_tax
Oregon,FY2003,257,estate_tax
Oregon,FY2004,214,estate_tax
Oregon,FY2005,200,estate_tax
Oregon,FY2006,182,estate_tax
Oregon,FY2007,185,estate_tax
Oregon,FY2008,185,estate_tax
Oregon,FY2009,171,estate_tax
Oregon,FY2010,96,estate_tax
Oregon,FY2011,64,estate_tax
Oregon,FY2012,69,estate_tax
Oregon,FY2013,61,estate_tax
Oregon,FY2014,48,estate_tax
Oregon,FY2015,48,estate_tax
Oregon,FY2016,69,estate_tax
Oregon,FY2017,65,estate_tax
Oregon,FY2018,43,estate_tax
Oregon,FY2020,31,estate_tax
Oregon,FY2021,36,estate_tax
Oregon,FY2022,36,estate_tax
Oregon,FY2023,48,estate_tax
Oregon,FY2024,34,estate_tax
Oregon,FY2025,33,estate_tax
Oregon,FY1998,351,excise_taxes
Oregon,FY1999,866,excise_taxes
Oregon,FY2000,996,excise_taxes
Oregon,FY2001,835,excise_taxes
Oregon,FY2002,918,excise_taxes
Oregon,FY2003,1026,excise_taxes
Oregon,FY2004,903,excise_taxes
Oregon,FY2005,1651,excise_taxes
Oregon,FY2006,1076,excise_taxes
Oregon,FY2007,1762,excise_taxes
Oregon,FY2008,1247,excise_taxes
Oregon,FY2009,1171,excise_taxes
Oregon,FY2010,1373,excise_taxes
Oregon,FY2011,1206,excise_taxes
Oregon,FY2012,1252,excise_taxes
Oregon,FY2013,1142,excise_taxes
Oregon,FY2014,1287,excise_taxes
Oregon,FY2015,1268,excise_taxes
Oregon,FY2016,1193,excise_taxes
Oregon,FY2017,1221,excise_taxes
Oregon,FY2018,1166,excise_taxes
Oregon,FY2019,1395,excise_taxes
Oregon,FY2020,1270,excise_taxes
Oregon,FY2021,1784,excise_taxes
Oregon,FY2022,1614,excise_taxes
Oregon,FY2023,1728,excise_taxes
Oregon,FY2024,1890,excise_taxes
Oregon,FY2025,1769,excise_taxes
Oregon,FY1998,37,gift_tax
Oregon,FY1999,45,gift_tax
Oregon,FY2000,26,gift_tax
Oregon,FY2001,35,gift_tax
Oregon,FY2002,42,gift_tax
Oregon,FY2003,45,gift_tax
Oregon,FY2004,23,gift_tax
Oregon,FY2005,23,gift_tax
Oregon,FY2006,34,gift_tax
Oregon,FY2007,38,gift_tax
Oregon,FY2008,42,gift_tax
Oregon,FY2009,45,gift_tax
Oregon,FY2010,37,gift_tax
Oregon,FY2011,38,gift_tax
Oregon,FY2012,38,gift_tax
Oregon,FY2013,20,gift_tax
Oregon,FY2014,34,gift_tax
Oregon,FY2015,18,gift_tax
Oregon,FY2016,16,gift_tax
Oregon,FY2017,15,gift_tax
Oregon,FY2018,17,gift_tax
Oregon,FY2020,7,gift_tax
Oregon,FY2021,20,gift_tax
Oregon,FY2022,23,gift_tax
Oregon,FY2023,19,gift_tax
Oregon,FY2024,26,gift_tax
Oregon,FY2025,13,gift_tax
Oregon,FY1998,4558356,total_refunds
Oregon,FY1999,1102368,total_refunds
Oregon,FY2000,1106273,total_refunds
Oregon,FY2001,2132056,total_refunds
Oregon,FY2002,1250726,total_refunds
Oregon,FY2003,1466421,total_refunds
Oregon,FY2004,1226406,total_refunds
Oregon,FY2005,1239600,total_refunds
Oregon,FY2006,1268717,total_refunds
Oregon,FY2007,1365699,total_refunds
Oregon,FY2008,2856320,total_refunds
Oregon,FY2009,1508567,total_refunds
Oregon,FY2010,1439386,total_refunds
Oregon,FY2011,1424640,total_refunds
Oregon,FY2012,1409483,total_refunds
Oregon,FY2013,1389336,total_refunds
Oregon,FY2014,1374235,total_refunds
Oregon,FY2015,1400673,total_refunds
Oregon,FY2016,1449206,total_refunds
Oregon,FY2017,1459595,total_refunds
Oregon,FY2018,1482650,total_refunds
Oregon,FY2019,1469869,total_refunds
Oregon,FY2020,3881349,total_refunds
Oregon,FY2021,7614420,total_refunds
Oregon,FY2022,2914336,total_refunds
Oregon,FY2023,1540952,total_refunds
Oregon,FY2024,1464701,total_refunds
Oregon,FY2025,1431470,total_refunds
Other,FY1995,4413,business_income_taxes
Other,FY1996,4556,business_income_taxes
Other,FY1998,5618,business_income_taxes
Other,FY1999,5211,business_income_taxes
Other,FY2000,5065,business_income_taxes
Other,FY2001,5722,business_income_taxes
Other,FY2002,5766,business_income_taxes
Other,FY2003,5677,business_income_taxes
Other,FY2004,4721,business_income_taxes
Other,FY2005,4039,business_income_taxes
Other,FY1995,1563,employment_taxes
Other,FY1996,1713,employment_taxes
Other,FY1998,1445,employment_taxes
Other,FY1999,1388,employment_taxes
Other,FY2000,1604,employment_taxes
Other,FY2001,1851,employment_taxes
Other,FY2002,1883,employment_taxes
Other,FY2003,2401,employment_taxes
Other,FY2004,2346,employment_taxes
Other,FY2005,1615,employment_taxes
Other,FY1995,166,estate_tax
Other,FY1996,229,estate_tax
Other,FY1998,180,estate_tax
Other,FY1999,143,estate_tax
Other,FY2000,163,estate_tax
Other,FY2001,177,estate_tax
Other,FY2002,166,estate_tax
Other,FY2003,163,estate_tax
Other,FY2004,153,estate_tax
Other,FY2005,125,estate_tax
Other,FY1995,653,excise_taxes
Other,FY1996,618,excise_taxes
Other,FY1998,110,excise_taxes
Other,FY1999,41,excise_taxes
Other,FY2000,31,excise_taxes
Other,FY2001,39,excise_taxes
Other,FY2002,80,excise_taxes
Other,FY2003,67,excise_taxes
Other,FY2004,53,excise_taxes
Other,FY2005,632,excise_taxes
Other,FY1995,1,gift_tax
Other,FY1996,9,gift_tax
Other,FY1998,19,gift_tax
Other,FY1999,2,gift_tax
Other,FY2000,7,gift_tax
Other,FY2001,9,gift_tax
Other,FY2002,12,gift_tax
Other,FY2003,8,gift_tax
Other,FY2004,5,gift_tax
Other,FY2005,9,gift_tax
Other,FY1995,559505,total_refunds
Other,FY1996,612684,total_refunds
Other,FY1998,629520,total_refunds
Other,FY1999,673835,total_refunds
Other,FY2000,709134,total_refunds
Other,FY2001,1099489,total_refunds
Other,FY2002,853899,total_refunds
Other,FY2003,940363,total_refunds
Other,FY2004,899665,total_refunds
Other,FY2005,296352,total_refunds
Other refunds or credits,FY1995,0,business_income_taxes
Other refunds or credits,FY1996,0,business_income_taxes
Other refunds or credits,FY1997,-4,business_income_taxes
Other refunds or credits,FY1998,0,business_income_taxes
Other refunds or credits,FY1999,0,business_income_taxes
Other refunds or credits,FY2000,-4,business_income_taxes
Other refunds or credits,FY2001,-4,business_income_taxes
Other refunds or credits,FY1995,0,employment_taxes
Other refunds or credits,FY1996,0,employment_taxes
Other refunds or credits,FY1997,1,employment_taxes
Other refunds or credits,FY1998,1,employment_taxes
Other refunds or credits,FY1999,0,employment_taxes
Other refunds or credits,FY1995,0,estate_tax
Other refunds or credits,FY1996,0,estate_tax
Other refunds or credits,FY1997,0,estate_tax
Other refunds or credits,FY1998,0,estate_tax
Other refunds or credits,FY1999,0,estate_tax
Other refunds or credits,FY2000,0,estate_tax
Other refunds or credits,FY2001,0,estate_tax
Other refunds or credits,FY1995,0,excise_taxes
Other refunds or credits,FY1996,0,excise_taxes
Other refunds or credits,FY1997,94,excise_taxes
Other refunds or credits,FY1998,68,excise_taxes
Other refunds or credits,FY1999,112,excise_taxes
Other refunds or credits,FY2000,111,excise_taxes
Other refunds or credits,FY2001,120,excise_taxes
Other refunds or credits,FY1995,0,gift_tax
Other refunds or credits,FY1996,0,gift_tax
Other refunds or credits,FY1997,0,gift_tax
Other refunds or credits,FY1998,0,gift_tax
Other refunds or credits,FY1999,0,gift_tax
Other refunds or credits,FY2000,0,gift_tax
Other refunds or credits,FY2001,0,gift_tax
Other refunds or credits,FY1995,1285655,total_refunds
Other refunds or credits,FY1996,14188536,total_refunds
Other refunds or credits,FY1997,68,total_refunds
Other refunds or credits,FY1998,69,total_refunds
Other refunds or credits,FY1999,133971,total_refunds
Other refunds or credits,FY2000,111,total_refunds
Other refunds or credits,FY2001,118,total_refunds
Pacific-Northwest,FY1997,33715,business_income_taxes
Pacific-Northwest,FY1997,96597,employment_taxes
Pacific-Northwest,FY1997,901,estate_tax
Pacific-Northwest,FY1997,10436,excise_taxes
Pacific-Northwest,FY1997,90,gift_tax
Pacific-Northwest,FY1997,2032845,total_refunds
Parkersburg,FY1995,2995,business_income_taxes
Parkersburg,FY1996,3268,business_income_taxes
Parkersburg,FY1995,12846,employment_taxes
Parkersburg,FY1996,11673,employment_taxes
Parkersburg,FY1995,44,estate_tax
Parkersburg,FY1996,54,estate_tax
Parkersburg,FY1995,469,excise_taxes
Parkersburg,FY1996,685,excise_taxes
Parkersburg,FY1995,3,gift_tax
Parkersburg,FY1996,1,gift_tax
Parkersburg,FY1995,1714421,total_refunds
Parkersburg,FY1996,1108507,total_refunds
Pennsylvania,FY1995,16787,business_income_taxes
Pennsylvania,FY1996,16767,business_income_taxes
Pennsylvania,FY1997,14715,business_income_taxes
Pennsylvania,FY1998,12582,business_income_taxes
Pennsylvania,FY1999,12503,business_income_taxes
Pennsylvania,FY2000,12007,business_income_taxes
Pennsylvania,FY2001,12443,business_income_taxes
Pennsylvania,FY2002,13357,business_income_taxes
Pennsylvania,FY2003,14122,business_income_taxes
Pennsylvania,FY2004,11916,business_income_taxes
Pennsylvania,FY2005,12159,business_income_taxes
Pennsylvania,FY2006,12622,business_income_taxes
Pennsylvania,FY2007,34341,business_income_taxes
Pennsylvania,FY2008,19980,business_income_taxes
Pennsylvania,FY2009,16205,business_income_taxes
Pennsylvania,FY2010,17373,business_income_taxes
Pennsylvania,FY2011,16984,business_income_taxes
Pennsylvania,FY2012,15888,business_income_taxes
Pennsylvania,FY2013,14362,business_income_taxes
Pennsylvania,FY2014,13468,business_income_taxes
Pennsylvania,FY2015,12148,business_income_taxes
Pennsylvania,FY2016,11355,business_income_taxes
Pennsylvania,FY2017,11037,business_income_taxes
Pennsylvania,FY2018,10117,business_income_taxes
Pennsylvania,FY2019,9053,business_income_taxes
Pennsylvania,FY2020,9382,business_income_taxes
Pennsylvania,FY2021,13089,business_income_taxes
Pennsylvania,FY2022,17342,business_income_taxes
Pennsylvania,FY2023,9017,business_income_taxes
Pennsylvania,FY2024,9895,business_income_taxes
Pennsylvania,FY2025,9746,business_income_taxes
Pennsylvania,FY1995,79380,employment_taxes
Pennsylvania,FY1996,75542,employment_taxes
Pennsylvania,FY1997,75400,employment_taxes
Pennsylvania,FY1998,70576,employment_taxes
Pennsylvania,FY1999,72665,employment_taxes
Pennsylvania,FY2000,70056,employment_taxes
Pennsylvania,FY2001,70457,employment_taxes
Pennsylvania,FY2002,67860,employment_taxes
Pennsylvania,FY2003,67405,employment_taxes
Pennsylvania,FY2004,64311,employment_taxes
Pennsylvania,FY2005,76096,employment_taxes
Pennsylvania,FY2006,76062,employment_taxes
Pennsylvania,FY2007,74646,employment_taxes
Pennsylvania,FY2008,71517,employment_taxes
Pennsylvania,FY2009,66012,employment_taxes
Pennsylvania,FY2010,65199,employment_taxes
Pennsylvania,FY2011,79577,employment_taxes
Pennsylvania,FY2012,65006,employment_taxes
Pennsylvania,FY2013,66098,employment_taxes
Pennsylvania,FY2014,49583,employment_taxes
Pennsylvania,FY2015,48206,employment_taxes
Pennsylvania,FY2016,44220,employment_taxes
Pennsylvania,FY2017,41910,employment_taxes
Pennsylvania,FY2018,40185,employment_taxes
Pennsylvania,FY2019,40770,employment_taxes
Pennsylvania,FY2020,36556,employment_taxes
Pennsylvania,FY2021,76130,employment_taxes
Pennsylvania,FY2022,108908,employment_taxes
Pennsylvania,FY2023,117708,employment_taxes
Pennsylvania,FY2024,47326,employment_taxes
Pennsylvania,FY2025,89231,employment_taxes
Pennsylvania,FY2009,36775,estate_and_trust_income_tax
Pennsylvania,FY2010,17064,estate_and_trust_income_tax
Pennsylvania,FY2011,11488,estate_and_trust_income_tax
Pennsylvania,FY2012,11395,estate_and_trust_income_tax
Pennsylvania,FY2013,9900,estate_and_trust_income_tax
Pennsylvania,FY2014,12623,estate_and_trust_income_tax
Pennsylvania,FY2015,11630,estate_and_trust_income_tax
Pennsylvania,FY2016,16065,estate_and_trust_income_tax
Pennsylvania,FY2017,15762,estate_and_trust_income_tax
Pennsylvania,FY2018,10472,estate_and_trust_income_tax
Pennsylvania,FY2019,12148,estate_and_trust_income_tax
Pennsylvania,FY2020,13636,estate_and_trust_income_tax
Pennsylvania,FY2021,18311,estate_and_trust_income_tax
Pennsylvania,FY2022,61,estate_and_trust_income_tax
Pennsylvania,FY2023,24596,estate_and_trust_income_tax
Pennsylvania,FY2024,18543,estate_and_trust_income_tax
Pennsylvania,FY2025,14938,estate_and_trust_income_tax
Pennsylvania,FY1995,430,estate_tax
Pennsylvania,FY1996,413,estate_tax
Pennsylvania,FY1997,444,estate_tax
Pennsylvania,FY1998,415,estate_tax
Pennsylvania,FY1999,680,estate_tax
Pennsylvania,FY2000,681,estate_tax
Pennsylvania,FY2001,668,estate_tax
Pennsylvania,FY2002,752,estate_tax
Pennsylvania,FY2003,688,estate_tax
Pennsylvania,FY2004,487,estate_tax
Pennsylvania,FY2005,473,estate_tax
Pennsylvania,FY2006,413,estate_tax
Pennsylvania,FY2007,480,estate_tax
Pennsylvania,FY2008,397,estate_tax
Pennsylvania,FY2009,338,estate_tax
Pennsylvania,FY2010,256,estate_tax
Pennsylvania,FY2011,178,estate_tax
Pennsylvania,FY2012,143,estate_tax
Pennsylvania,FY2013,149,estate_tax
Pennsylvania,FY2014,147,estate_tax
Pennsylvania,FY2015,162,estate_tax
Pennsylvania,FY2016,163,estate_tax
Pennsylvania,FY2017,153,estate_tax
Pennsylvania,FY2018,182,estate_tax
Pennsylvania,FY2019,119,estate_tax
Pennsylvania,FY2020,79,estate_tax
Pennsylvania,FY2021,104,estate_tax
Pennsylvania,FY2022,124,estate_tax
Pennsylvania,FY2023,146,estate_tax
Pennsylvania,FY2024,106,estate_tax
Pennsylvania,FY2025,96,estate_tax
Pennsylvania,FY1995,2700,excise_taxes
Pennsylvania,FY1996,3339,excise_taxes
Pennsylvania,FY1997,1578,excise_taxes
Pennsylvania,FY1998,796,excise_taxes
Pennsylvania,FY1999,2393,excise_taxes
Pennsylvania,FY2000,2673,excise_taxes
Pennsylvania,FY2001,2709,excise_taxes
Pennsylvania,FY2002,2722,excise_taxes
Pennsylvania,FY2003,3281,excise_taxes
Pennsylvania,FY2004,2907,excise_taxes
Pennsylvania,FY2005,5038,excise_taxes
Pennsylvania,FY2006,3796,excise_taxes
Pennsylvania,FY2007,5485,excise_taxes
Pennsylvania,FY2008,3828,excise_taxes
Pennsylvania,FY2009,4266,excise_taxes
Pennsylvania,FY2010,5249,excise_taxes
Pennsylvania,FY2011,4575,excise_taxes
Pennsylvania,FY2012,4721,excise_taxes
Pennsylvania,FY2013,4979,excise_taxes
Pennsylvania,FY2014,3789,excise_taxes
Pennsylvania,FY2015,4574,excise_taxes
Pennsylvania,FY2016,5443,excise_taxes
Pennsylvania,FY2017,5366,excise_taxes
Pennsylvania,FY2018,4288,excise_taxes
Pennsylvania,FY2019,4759,excise_taxes
Pennsylvania,FY2020,4262,excise_taxes
Pennsylvania,FY2021,6364,excise_taxes
Pennsylvania,FY2022,5009,excise_taxes
Pennsylvania,FY2023,6388,excise_taxes
Pennsylvania,FY2024,5931,excise_taxes
Pennsylvania,FY2025,5536,excise_taxes
Pennsylvania,FY1995,59,gift_tax
Pennsylvania,FY1996,71,gift_tax
Pennsylvania,FY1997,77,gift_tax
Pennsylvania,FY1998,99,gift_tax
Pennsylvania,FY1999,112,gift_tax
Pennsylvania,FY2000,134,gift_tax
Pennsylvania,FY2001,131,gift_tax
Pennsylvania,FY2002,145,gift_tax
Pennsylvania,FY2003,113,gift_tax
Pennsylvania,FY2004,52,gift_tax
Pennsylvania,FY2005,95,gift_tax
Pennsylvania,FY2006,97,gift_tax
Pennsylvania,FY2007,108,gift_tax
Pennsylvania,FY2008,133,gift_tax
Pennsylvania,FY2009,91,gift_tax
Pennsylvania,FY2010,96,gift_tax
Pennsylvania,FY2011,121,gift_tax
Pennsylvania,FY2012,135,gift_tax
Pennsylvania,FY2013,82,gift_tax
Pennsylvania,FY2014,111,gift_tax
Pennsylvania,FY2015,44,gift_tax
Pennsylvania,FY2016,47,gift_tax
Pennsylvania,FY2017,32,gift_tax
Pennsylvania,FY2018,34,gift_tax
Pennsylvania,FY2019,49,gift_tax
Pennsylvania,FY2020,10,gift_tax
Pennsylvania,FY2021,21,gift_tax
Pennsylvania,FY2022,33,gift_tax
Pennsylvania,FY2023,45,gift_tax
Pennsylvania,FY2024,51,gift_tax
Pennsylvania,FY2025,56,gift_tax
Pennsylvania,FY1995,4051065,total_refunds
Pennsylvania,FY1996,3927659,total_refunds
Pennsylvania,FY1997,4070982,total_refunds
Pennsylvania,FY1998,3001756,total_refunds
Pennsylvania,FY1999,4394629,total_refunds
Pennsylvania,FY2000,4436450,total_refunds
Pennsylvania,FY2001,8468447,total_refunds
Pennsylvania,FY2002,4890930,total_refunds
Pennsylvania,FY2003,5750047,total_refunds
Pennsylvania,FY2004,4874729,total_refunds
Pennsylvania,FY2005,4785399,total_refunds
Pennsylvania,FY2006,4871899,total_refunds
Pennsylvania,FY2007,5163673,total_refunds
Pennsylvania,FY2008,10371942,total_refunds
Pennsylvania,FY2009,5432646,total_refunds
Pennsylvania,FY2010,5270728,total_refunds
Pennsylvania,FY2011,5287224,total_refunds
Pennsylvania,FY2012,5297935,total_refunds
Pennsylvania,FY2013,5212782,total_refunds
Pennsylvania,FY2014,5085356,total_refunds
Pennsylvania,FY2015,4982628,total_refunds
Pennsylvania,FY2016,5137920,total_refunds
Pennsylvania,FY2017,5145524,total_refunds
Pennsylvania,FY2018,5108017,total_refunds
Pennsylvania,FY2019,5121652,total_refunds
Pennsylvania,FY2020,12477573,total_refunds
Pennsylvania,FY2021,23646558,total_refunds
Pennsylvania,FY2022,9410732,total_refunds
Pennsylvania,FY2023,5147318,total_refunds
Pennsylvania,FY2024,4836368,total_refunds
Pennsylvania,FY2025,4843477,total_refunds
Philadelphia,FY1995,10677,business_income_taxes
Philadelphia,FY1996,10702,business_income_taxes
Philadelphia,FY1995,52643,employment_taxes
Philadelphia,FY1996,50291,employment_taxes
Philadelphia,FY1995,322,estate_tax
Philadelphia,FY1996,287,estate_tax
Philadelphia,FY1995,1574,excise_taxes
Philadelphia,FY1996,1949,excise_taxes
Philadelphia,FY1995,36,gift_tax
Philadelphia,FY1996,55,gift_tax
Philadelphia,FY1995,2611753,total_refunds
Philadelphia,FY1996,2539880,total_refunds
Phoenix,FY1995,6497,business_income_taxes
Phoenix,FY1996,6840,business_income_taxes
Phoenix,FY1995,30115,employment_taxes
Phoenix,FY1996,29660,employment_taxes
Phoenix,FY1995,176,estate_tax
Phoenix,FY1996,193,estate_tax
Phoenix,FY1995,652,excise_taxes
Phoenix,FY1996,1347,excise_taxes
Phoenix,FY1995,35,gift_tax
Phoenix,FY1996,29,gift_tax
Phoenix,FY1995,1284168,total_refunds
Phoenix,FY1996,1282334,total_refunds
Pittsburgh,FY1995,6110,business_income_taxes
Pittsburgh,FY1996,6065,business_income_taxes
Pittsburgh,FY1995,26737,employment_taxes
Pittsburgh,FY1996,25251,employment_taxes
Pittsburgh,FY1995,108,estate_tax
Pittsburgh,FY1996,126,estate_tax
Pittsburgh,FY1995,1126,excise_taxes
Pittsburgh,FY1996,1390,excise_taxes
Pittsburgh,FY1995,23,gift_tax
Pittsburgh,FY1996,16,gift_tax
Pittsburgh,FY1995,1439312,total_refunds
Pittsburgh,FY1996,1387779,total_refunds
Portland,FY1995,10144,business_income_taxes
Portland,FY1996,10680,business_income_taxes
Portland,FY1995,29643,employment_taxes
Portland,FY1996,28371,employment_taxes
Portland,FY1995,342,estate_tax
Portland,FY1996,380,estate_tax
Portland,FY1995,2631,excise_taxes
Portland,FY1996,28389,excise_taxes
Portland,FY1995,34,gift_tax
Portland,FY1996,40,gift_tax
Portland,FY1995,1467600,total_refunds
Portland,FY1996,1452837,total_refunds
Portsmouth,FY1995,2328,business_income_taxes
Portsmouth,FY1996,2504,business_income_taxes
Portsmouth,FY1995,10881,employment_taxes
Portsmouth,FY1996,10441,employment_taxes
Portsmouth,FY1995,43,estate_tax
Portsmouth,FY1996,69,estate_tax
Portsmouth,FY1995,264,excise_taxes
Portsmouth,FY1996,814,excise_taxes
Portsmouth,FY1995,6,gift_tax
Portsmouth,FY1996,11,gift_tax
Portsmouth,FY1995,424079,total_refunds
Portsmouth,FY1996,409096,total_refunds
Providence,FY1995,1678,business_income_taxes
Providence,FY1996,1746,business_income_taxes
Providence,FY1995,6088,employment_taxes
Providence,FY1996,5864,employment_taxes
Providence,FY1995,49,estate_tax
Providence,FY1996,58,estate_tax
Providence,FY1995,197,excise_taxes
Providence,FY1996,471,excise_taxes
Providence,FY1995,8,gift_tax
Providence,FY1996,22,gift_tax
Providence,FY1995,355804,total_refunds
Providence,FY1996,338089,total_refunds
Puerto Rico,FY1995,81,business_income_taxes
Puerto Rico,FY1996,79,business_income_taxes
Puerto Rico,FY1997,90,business_income_taxes
Puerto Rico,FY1998,86,business_income_taxes
Puerto Rico,FY1999,67,business_income_taxes
Puerto Rico,FY2000,52,business_income_taxes
Puerto Rico,FY2001,53,business_income_taxes
Puerto Rico,FY2002,55,business_income_taxes
Puerto Rico,FY2003,56,business_income_taxes
Puerto Rico,FY2004,52,business_income_taxes
Puerto Rico,FY2005,79,business_income_taxes
Puerto Rico,FY2006,277,business_income_taxes
Puerto Rico,FY2007,387,business_income_taxes
Puerto Rico,FY2008,454,business_income_taxes
Puerto Rico,FY2009,376,business_income_taxes
Puerto Rico,FY2010,497,business_income_taxes
Puerto Rico,FY2011,476,business_income_taxes
Puerto Rico,FY2012,443,business_income_taxes
Puerto Rico,FY2013,344,business_income_taxes
Puerto Rico,FY2014,311,business_income_taxes
Puerto Rico,FY2015,312,business_income_taxes
Puerto Rico,FY2016,277,business_income_taxes
Puerto Rico,FY2017,323,business_income_taxes
Puerto Rico,FY2018,227,business_income_taxes
Puerto Rico,FY2019,283,business_income_taxes
Puerto Rico,FY2020,247,business_income_taxes
Puerto Rico,FY2021,270,business_income_taxes
Puerto Rico,FY2022,294,business_income_taxes
Puerto Rico,FY2023,334,business_income_taxes
Puerto Rico,FY2024,330,business_income_taxes
Puerto Rico,FY2025,434,business_income_taxes
Puerto Rico,FY1995,17451,employment_taxes
Puerto Rico,FY1996,17837,employment_taxes
Puerto Rico,FY1997,18663,employment_taxes
Puerto Rico,FY1998,18997,employment_taxes
Puerto Rico,FY1999,17148,employment_taxes
Puerto Rico,FY2000,16895,employment_taxes
Puerto Rico,FY2001,16984,employment_taxes
Puerto Rico,FY2002,15593,employment_taxes
Puerto Rico,FY2003,15935,employment_taxes
Puerto Rico,FY2004,15816,employment_taxes
Puerto Rico,FY2005,18804,employment_taxes
Puerto Rico,FY2006,18388,employment_taxes
Puerto Rico,FY2007,20912,employment_taxes
Puerto Rico,FY2008,22532,employment_taxes
Puerto Rico,FY2009,19550,employment_taxes
Puerto Rico,FY2010,15373,employment_taxes
Puerto Rico,FY2011,17264,employment_taxes
Puerto Rico,FY2012,17604,employment_taxes
Puerto Rico,FY2013,16759,employment_taxes
Puerto Rico,FY2014,13140,employment_taxes
Puerto Rico,FY2015,13154,employment_taxes
Puerto Rico,FY2016,12649,employment_taxes
Puerto Rico,FY2017,12138,employment_taxes
Puerto Rico,FY2018,11095,employment_taxes
Puerto Rico,FY2019,11306,employment_taxes
Puerto Rico,FY2020,10264,employment_taxes
Puerto Rico,FY2021,15531,employment_taxes
Puerto Rico,FY2022,27930,employment_taxes
Puerto Rico,FY2023,36338,employment_taxes
Puerto Rico,FY2024,15400,employment_taxes
Puerto Rico,FY2025,31609,employment_taxes
Puerto Rico,FY2009,49,estate_and_trust_income_tax
Puerto Rico,FY2010,50,estate_and_trust_income_tax
Puerto Rico,FY2011,28,estate_and_trust_income_tax
Puerto Rico,FY2012,27,estate_and_trust_income_tax
Puerto Rico,FY2013,23,estate_and_trust_income_tax
Puerto Rico,FY2014,23,estate_and_trust_income_tax
Puerto Rico,FY2015,34,estate_and_trust_income_tax
Puerto Rico,FY2016,38,estate_and_trust_income_tax
Puerto Rico,FY2017,33,estate_and_trust_income_tax
Puerto Rico,FY2018,29,estate_and_trust_income_tax
Puerto Rico,FY2019,32,estate_and_trust_income_tax
Puerto Rico,FY2020,29,estate_and_trust_income_tax
Puerto Rico,FY2022,1715,estate_and_trust_income_tax
Puerto Rico,FY2023,67,estate_and_trust_income_tax
Puerto Rico,FY2024,58,estate_and_trust_income_tax
Puerto Rico,FY2025,67,estate_and_trust_income_tax
Puerto Rico,FY1995,7,estate_tax
Puerto Rico,FY1996,4,estate_tax
Puerto Rico,FY1997,1,estate_tax
Puerto Rico,FY1998,6,estate_tax
Puerto Rico,FY1999,2,estate_tax
Puerto Rico,FY2000,3,estate_tax
Puerto Rico,FY2001,10,estate_tax
Puerto Rico,FY2002,2,estate_tax
Puerto Rico,FY2003,4,estate_tax
Puerto Rico,FY2004,6,estate_tax
Puerto Rico,FY2005,10,estate_tax
Puerto Rico,FY2006,12,estate_tax
Puerto Rico,FY2007,16,estate_tax
Puerto Rico,FY2009,7,estate_tax
Puerto Rico,FY2010,4,estate_tax
Puerto Rico,FY2011,7,estate_tax
Puerto Rico,FY2012,6,estate_tax
Puerto Rico,FY2013,6,estate_tax
Puerto Rico,FY2014,0,estate_tax
Puerto Rico,FY2017,13,estate_tax
Puerto Rico,FY2020,7,estate_tax
Puerto Rico,FY1995,49,excise_taxes
Puerto Rico,FY1996,286,excise_taxes
Puerto Rico,FY1997,88,excise_taxes
Puerto Rico,FY1998,42,excise_taxes
Puerto Rico,FY1999,11,excise_taxes
Puerto Rico,FY2000,22,excise_taxes
Puerto Rico,FY2001,97,excise_taxes
Puerto Rico,FY2002,162,excise_taxes
Puerto Rico,FY2003,225,excise_taxes
Puerto Rico,FY2004,160,excise_taxes
Puerto Rico,FY2005,293,excise_taxes
Puerto Rico,FY2006,33,excise_taxes
Puerto Rico,FY2007,32,excise_taxes
Puerto Rico,FY2008,33,excise_taxes
Puerto Rico,FY2009,33,excise_taxes
Puerto Rico,FY2010,28,excise_taxes
Puerto Rico,FY2011,38,excise_taxes
Puerto Rico,FY2012,38,excise_taxes
Puerto Rico,FY2013,26,excise_taxes
Puerto Rico,FY2014,23,excise_taxes
Puerto Rico,FY2015,28,excise_taxes
Puerto Rico,FY2016,47,excise_taxes
Puerto Rico,FY2017,21,excise_taxes
Puerto Rico,FY2019,23,excise_taxes
Puerto Rico,FY2020,32,excise_taxes
Puerto Rico,FY2021,40,excise_taxes
Puerto Rico,FY2022,70,excise_taxes
Puerto Rico,FY2024,71,excise_taxes
Puerto Rico,FY2025,52,excise_taxes
Puerto Rico,FY1995,2,gift_tax
Puerto Rico,FY1996,5,gift_tax
Puerto Rico,FY1997,3,gift_tax
Puerto Rico,FY1998,5,gift_tax
Puerto Rico,FY1999,3,gift_tax
Puerto Rico,FY2000,1,gift_tax
Puerto Rico,FY2001,0,gift_tax
Puerto Rico,FY2002,1,gift_tax
Puerto Rico,FY2003,1,gift_tax
Puerto Rico,FY2004,0,gift_tax
Puerto Rico,FY2005,0,gift_tax
Puerto Rico,FY2006,0,gift_tax
Puerto Rico,FY2007,4,gift_tax
Puerto Rico,FY2009,4,gift_tax
Puerto Rico,FY2010,0,gift_tax
Puerto Rico,FY2011,0,gift_tax
Puerto Rico,FY2012,0,gift_tax
Puerto Rico,FY2013,0,gift_tax
Puerto Rico,FY2014,0,gift_tax
Puerto Rico,FY2017,0,gift_tax
Puerto Rico,FY2020,0,gift_tax
Puerto Rico,FY2021,0,gift_tax
Puerto Rico,FY2023,0,gift_tax
Puerto Rico,FY1995,67803,total_refunds
Puerto Rico,FY1996,74655,total_refunds
Puerto Rico,FY1997,81755,total_refunds
Puerto Rico,FY1998,73642,total_refunds
Puerto Rico,FY1999,69155,total_refunds
Puerto Rico,FY2000,146977,total_refunds
Puerto Rico,FY2001,243772,total_refunds
Puerto Rico,FY2002,224886,total_refunds
Puerto Rico,FY2003,237994,total_refunds
Puerto Rico,FY2004,232939,total_refunds
Puerto Rico,FY2005,232812,total_refunds
Puerto Rico,FY2006,228047,total_refunds
Puerto Rico,FY2007,232273,total_refunds
Puerto Rico,FY2008,290328,total_refunds
Puerto Rico,FY2009,291748,total_refunds
Puerto Rico,FY2010,224289,total_refunds
Puerto Rico,FY2011,199700,total_refunds
Puerto Rico,FY2012,177277,total_refunds
Puerto Rico,FY2013,159683,total_refunds
Puerto Rico,FY2014,140098,total_refunds
Puerto Rico,FY2015,130034,total_refunds
Puerto Rico,FY2016,130192,total_refunds
Puerto Rico,FY2017,122246,total_refunds
Puerto Rico,FY2018,106338,total_refunds
Puerto Rico,FY2019,114049,total_refunds
Puerto Rico,FY2020,205133,total_refunds
Puerto Rico,FY2021,173549,total_refunds
Puerto Rico,FY2022,371729,total_refunds
Puerto Rico,FY2023,339422,total_refunds
Puerto Rico,FY2024,277413,total_refunds
Puerto Rico,FY2025,292962,total_refunds
Recovery Rebates funding provided to U.S. possessions,FY2021,2312081,total_refunds
Recovery Rebates funding provided to U.S. possessions,FY2022,111830,total_refunds
Refund reversals unclassified,FY1995,0,business_income_taxes
Refund reversals unclassified,FY1996,0,business_income_taxes
Refund reversals unclassified,FY1997,0,business_income_taxes
Refund reversals unclassified,FY1998,0,business_income_taxes
Refund reversals unclassified,FY1999,0,business_income_taxes
Refund reversals unclassified,FY2000,0,business_income_taxes
Refund reversals unclassified,FY2001,0,business_income_taxes
Refund reversals unclassified,FY1995,0,employment_taxes
Refund reversals unclassified,FY1996,0,employment_taxes
Refund reversals unclassified,FY1997,0,employment_taxes
Refund reversals unclassified,FY1998,0,employment_taxes
Refund reversals unclassified,FY1999,0,employment_taxes
Refund reversals unclassified,FY2000,0,employment_taxes
Refund reversals unclassified,FY2001,0,employment_taxes
Refund reversals unclassified,FY1995,0,estate_tax
Refund reversals unclassified,FY1996,0,estate_tax
Refund reversals unclassified,FY1997,0,estate_tax
Refund reversals unclassified,FY1998,0,estate_tax
Refund reversals unclassified,FY1999,0,estate_tax
Refund reversals unclassified,FY2000,0,estate_tax
Refund reversals unclassified,FY2001,0,estate_tax
Refund reversals unclassified,FY1995,0,excise_taxes
Refund reversals unclassified,FY1996,0,excise_taxes
Refund reversals unclassified,FY1997,0,excise_taxes
Refund reversals unclassified,FY1998,0,excise_taxes
Refund reversals unclassified,FY1999,0,excise_taxes
Refund reversals unclassified,FY2000,0,excise_taxes
Refund reversals unclassified,FY2001,0,excise_taxes
Refund reversals unclassified,FY1995,0,gift_tax
Refund reversals unclassified,FY1996,0,gift_tax
Refund reversals unclassified,FY1997,0,gift_tax
Refund reversals unclassified,FY1998,0,gift_tax
Refund reversals unclassified,FY1999,0,gift_tax
Refund reversals unclassified,FY2000,0,gift_tax
Refund reversals unclassified,FY2001,0,gift_tax
Refund reversals unclassified,FY1995,1285655,total_refunds
Refund reversals unclassified,FY1996,24,total_refunds
Refund reversals unclassified,FY1997,0,total_refunds
Refund reversals unclassified,FY1998,0,total_refunds
Rhode Island,FY1998,1369,business_income_taxes
Rhode Island,FY1999,1304,business_income_taxes
Rhode Island,FY2000,1295,business_income_taxes
Rhode Island,FY2001,1204,business_income_taxes
Rhode Island,FY2002,1358,business_income_taxes
Rhode Island,FY2003,1475,business_income_taxes
Rhode Island,FY2004,1239,business_income_taxes
Rhode Island,FY2005,1241,business_income_taxes
Rhode Island,FY2006,1292,business_income_taxes
Rhode Island,FY2007,3763,business_income_taxes
Rhode Island,FY2008,2178,business_income_taxes
Rhode Island,FY2009,1698,business_income_taxes
Rhode Island,FY2010,1668,business_income_taxes
Rhode Island,FY2011,1406,business_income_taxes
Rhode Island,FY2012,1301,business_income_taxes
Rhode Island,FY2013,1174,business_income_taxes
Rhode Island,FY2014,1046,business_income_taxes
Rhode Island,FY2015,924,business_income_taxes
Rhode Island,FY2016,909,business_income_taxes
Rhode Island,FY2017,964,business_income_taxes
Rhode Island,FY2018,862,business_income_taxes
Rhode Island,FY2019,863,business_income_taxes
Rhode Island,FY2020,847,business_income_taxes
Rhode Island,FY2021,1171,business_income_taxes
Rhode Island,FY2022,1903,business_income_taxes
Rhode Island,FY2023,1023,business_income_taxes
Rhode Island,FY2024,1232,business_income_taxes
Rhode Island,FY2025,1232,business_income_taxes
Rhode Island,FY1998,5121,employment_taxes
Rhode Island,FY1999,5259,employment_taxes
Rhode Island,FY2000,5461,employment_taxes
Rhode Island,FY2001,4536,employment_taxes
Rhode Island,FY2002,4732,employment_taxes
Rhode Island,FY2003,5061,employment_taxes
Rhode Island,FY2004,4690,employment_taxes
Rhode Island,FY2005,5760,employment_taxes
Rhode Island,FY2006,5419,employment_taxes
Rhode Island,FY2007,5244,employment_taxes
Rhode Island,FY2008,4921,employment_taxes
Rhode Island,FY2009,4636,employment_taxes
Rhode Island,FY2010,4391,employment_taxes
Rhode Island,FY2011,5425,employment_taxes
Rhode Island,FY2012,4331,employment_taxes
Rhode Island,FY2013,3745,employment_taxes
Rhode Island,FY2014,3074,employment_taxes
Rhode Island,FY2015,3551,employment_taxes
Rhode Island,FY2016,2905,employment_taxes
Rhode Island,FY2017,2846,employment_taxes
Rhode Island,FY2018,2900,employment_taxes
Rhode Island,FY2019,2858,employment_taxes
Rhode Island,FY2020,2975,employment_taxes
Rhode Island,FY2021,5299,employment_taxes
Rhode Island,FY2022,9142,employment_taxes
Rhode Island,FY2023,9824,employment_taxes
Rhode Island,FY2024,3795,employment_taxes
Rhode Island,FY2025,7893,employment_taxes
Rhode Island,FY2009,11201,estate_and_trust_income_tax
Rhode Island,FY2010,4282,estate_and_trust_income_tax
Rhode Island,FY2011,2120,estate_and_trust_income_tax
Rhode Island,FY2012,2487,estate_and_trust_income_tax
Rhode Island,FY2013,2413,estate_and_trust_income_tax
Rhode Island,FY2014,2461,estate_and_trust_income_tax
Rhode Island,FY2015,3397,estate_and_trust_income_tax
Rhode Island,FY2016,3921,estate_and_trust_income_tax
Rhode Island,FY2017,4138,estate_and_trust_income_tax
Rhode Island,FY2018,1646,estate_and_trust_income_tax
Rhode Island,FY2019,2350,estate_and_trust_income_tax
Rhode Island,FY2020,2927,estate_and_trust_income_tax
Rhode Island,FY2021,3263,estate_and_trust_income_tax
Rhode Island,FY2022,3570,estate_and_trust_income_tax
Rhode Island,FY2023,2098,estate_and_trust_income_tax
Rhode Island,FY2024,1756,estate_and_trust_income_tax
Rhode Island,FY2025,1624,estate_and_trust_income_tax
Rhode Island,FY1998,70,estate_tax
Rhode Island,FY1999,57,estate_tax
Rhode Island,FY2000,82,estate_tax
Rhode Island,FY2001,70,estate_tax
Rhode Island,FY2002,80,estate_tax
Rhode Island,FY2003,79,estate_tax
Rhode Island,FY2004,68,estate_tax
Rhode Island,FY2005,68,estate_tax
Rhode Island,FY2006,82,estate_tax
Rhode Island,FY2007,70,estate_tax
Rhode Island,FY2008,67,estate_tax
Rhode Island,FY2009,61,estate_tax
Rhode Island,FY2010,52,estate_tax
Rhode Island,FY2011,19,estate_tax
Rhode Island,FY2012,17,estate_tax
Rhode Island,FY2013,24,estate_tax
Rhode Island,FY2014,29,estate_tax
Rhode Island,FY2015,31,estate_tax
Rhode Island,FY2016,33,estate_tax
Rhode Island,FY1998,37,excise_taxes
Rhode Island,FY1999,253,excise_taxes
Rhode Island,FY2000,272,excise_taxes
Rhode Island,FY2001,358,excise_taxes
Rhode Island,FY2002,636,excise_taxes
Rhode Island,FY2003,587,excise_taxes
Rhode Island,FY2004,329,excise_taxes
Rhode Island,FY2005,682,excise_taxes
Rhode Island,FY2006,293,excise_taxes
Rhode Island,FY2007,542,excise_taxes
Rhode Island,FY2008,376,excise_taxes
Rhode Island,FY2009,1598,excise_taxes
Rhode Island,FY2010,1661,excise_taxes
Rhode Island,FY2011,661,excise_taxes
Rhode Island,FY2012,757,excise_taxes
Rhode Island,FY2013,775,excise_taxes
Rhode Island,FY2014,1090,excise_taxes
Rhode Island,FY2015,1558,excise_taxes
Rhode Island,FY2016,1101,excise_taxes
Rhode Island,FY2017,1456,excise_taxes
Rhode Island,FY2018,406,excise_taxes
Rhode Island,FY2019,1179,excise_taxes
Rhode Island,FY2020,870,excise_taxes
Rhode Island,FY2021,638,excise_taxes
Rhode Island,FY2022,502,excise_taxes
Rhode Island,FY2023,382,excise_taxes
Rhode Island,FY2024,383,excise_taxes
Rhode Island,FY2025,425,excise_taxes
Rhode Island,FY1998,8,gift_tax
Rhode Island,FY1999,12,gift_tax
Rhode Island,FY2000,7,gift_tax
Rhode Island,FY2001,11,gift_tax
Rhode Island,FY2002,22,gift_tax
Rhode Island,FY2003,13,gift_tax
Rhode Island,FY2004,10,gift_tax
Rhode Island,FY2005,15,gift_tax
Rhode Island,FY2006,11,gift_tax
Rhode Island,FY2007,12,gift_tax
Rhode Island,FY2008,13,gift_tax
Rhode Island,FY2009,12,gift_tax
Rhode Island,FY2010,18,gift_tax
Rhode Island,FY2011,17,gift_tax
Rhode Island,FY2012,19,gift_tax
Rhode Island,FY2013,5,gift_tax
Rhode Island,FY2014,11,gift_tax
Rhode Island,FY2015,7,gift_tax
Rhode Island,FY2016,0,gift_tax
Rhode Island,FY1998,291662,total_refunds
Rhode Island,FY1999,377201,total_refunds
Rhode Island,FY2000,384231,total_refunds
Rhode Island,FY2001,727637,total_refunds
Rhode Island,FY2002,437647,total_refunds
Rhode Island,FY2003,505683,total_refunds
Rhode Island,FY2004,424039,total_refunds
Rhode Island,FY2005,419209,total_refunds
Rhode Island,FY2006,421031,total_refunds
Rhode Island,FY2007,448088,total_refunds
Rhode Island,FY2008,879276,total_refunds
Rhode Island,FY2009,471016,total_refunds
Rhode Island,FY2010,447920,total_refunds
Rhode Island,FY2011,444980,total_refunds
Rhode Island,FY2012,448757,total_refunds
Rhode Island,FY2013,440396,total_refunds
Rhode Island,FY2014,433443,total_refunds
Rhode Island,FY2015,430732,total_refunds
Rhode Island,FY2016,445813,total_refunds
Rhode Island,FY2017,445927,total_refunds
Rhode Island,FY2018,442781,total_refunds
Rhode Island,FY2019,443016,total_refunds
Rhode Island,FY2020,1071668,total_refunds
Rhode Island,FY2021,2060503,total_refunds
Rhode Island,FY2022,802093,total_refunds
Rhode Island,FY2023,448443,total_refunds
Rhode Island,FY2024,436230,total_refunds
Rhode Island,FY2025,429520,total_refunds
Richmond,FY1995,12424,business_income_taxes
Richmond,FY1996,13136,business_income_taxes
Richmond,FY1995,55683,employment_taxes
Richmond,FY1996,45205,employment_taxes
Richmond,FY1995,261,estate_tax
Richmond,FY1996,282,estate_tax
Richmond,FY1995,1294,excise_taxes
Richmond,FY1996,1574,excise_taxes
Richmond,FY1995,31,gift_tax
Richmond,FY1996,42,gift_tax
Richmond,FY1995,2152460,total_refunds
Richmond,FY1996,2123106,total_refunds
Rocky Mountain,FY1997,21765,business_income_taxes
Rocky Mountain,FY1997,77360,employment_taxes
Rocky Mountain,FY1997,324,estate_tax
Rocky Mountain,FY1997,1806,excise_taxes
Rocky Mountain,FY1997,69,gift_tax
Rocky Mountain,FY1997,2807768,total_refunds
Sacramento,FY1995,9745,business_income_taxes
Sacramento,FY1996,9247,business_income_taxes
Sacramento,FY1995,36035,employment_taxes
Sacramento,FY1996,34143,employment_taxes
Sacramento,FY1995,291,estate_tax
Sacramento,FY1996,349,estate_tax
Sacramento,FY1995,767,excise_taxes
Sacramento,FY1996,1108,excise_taxes
Sacramento,FY1995,38,gift_tax
Sacramento,FY1996,29,gift_tax
Sacramento,FY1995,1437646,total_refunds
Sacramento,FY1996,1459472,total_refunds
Salt Lake City,FY1995,3620,business_income_taxes
Salt Lake City,FY1996,3673,business_income_taxes
Salt Lake City,FY1995,15742,employment_taxes
Salt Lake City,FY1996,16145,employment_taxes
Salt Lake City,FY1995,22,estate_tax
Salt Lake City,FY1996,31,estate_tax
Salt Lake City,FY1995,363,excise_taxes
Salt Lake City,FY1996,457,excise_taxes
Salt Lake City,FY1995,4,gift_tax
Salt Lake City,FY1996,5,gift_tax
Salt Lake City,FY1995,567944,total_refunds
Salt Lake City,FY1996,578022,total_refunds
San Francisco,FY1995,8220,business_income_taxes
San Francisco,FY1996,7888,business_income_taxes
San Francisco,FY1995,56391,employment_taxes
San Francisco,FY1996,52886,employment_taxes
San Francisco,FY1995,592,estate_tax
San Francisco,FY1996,661,estate_tax
San Francisco,FY1995,1440,excise_taxes
San Francisco,FY1996,1799,excise_taxes
San Francisco,FY1995,51,gift_tax
San Francisco,FY1996,71,gift_tax
San Francisco,FY1995,1065979,total_refunds
San Francisco,FY1996,1054547,total_refunds
San Jose,FY1995,13433,business_income_taxes
San Jose,FY1996,12679,business_income_taxes
San Jose,FY1995,44366,employment_taxes
San Jose,FY1996,43231,employment_taxes
San Jose,FY1995,370,estate_tax
San Jose,FY1996,361,estate_tax
San Jose,FY1995,1227,excise_taxes
San Jose,FY1996,1586,excise_taxes
San Jose,FY1995,32,gift_tax
San Jose,FY1996,38,gift_tax
San Jose,FY1995,1806634,total_refunds
San Jose,FY1996,1824247,total_refunds
Seattle,FY1995,15189,business_income_taxes
Seattle,FY1996,14855,business_income_taxes
Seattle,FY1995,51744,employment_taxes
Seattle,FY1996,51421,employment_taxes
Seattle,FY1995,260,estate_tax
Seattle,FY1996,307,estate_tax
Seattle,FY1995,1357,excise_taxes
Seattle,FY1996,1992,excise_taxes
Seattle,FY1995,26,gift_tax
Seattle,FY1996,35,gift_tax
Seattle,FY1995,1774546,total_refunds
Seattle,FY1996,1765435,total_refunds
South Carolina,FY1998,4286,business_income_taxes
South Carolina,FY1999,4690,business_income_taxes
South Carolina,FY2000,4679,business_income_taxes
South Carolina,FY2001,4914,business_income_taxes
South Carolina,FY2002,5214,business_income_taxes
South Carolina,FY2003,5485,business_income_taxes
South Carolina,FY2004,4328,business_income_taxes
South Carolina,FY2005,4549,business_income_taxes
South Carolina,FY2006,4450,business_income_taxes
South Carolina,FY2007,9536,business_income_taxes
South Carolina,FY2008,6780,business_income_taxes
South Carolina,FY2009,6188,business_income_taxes
South Carolina,FY2010,6700,business_income_taxes
South Carolina,FY2011,5661,business_income_taxes
South Carolina,FY2012,4716,business_income_taxes
South Carolina,FY2013,4054,business_income_taxes
South Carolina,FY2014,3690,business_income_taxes
South Carolina,FY2015,3581,business_income_taxes
South Carolina,FY2016,3465,business_income_taxes
South Carolina,FY2017,3444,business_income_taxes
South Carolina,FY2018,3550,business_income_taxes
South Carolina,FY2019,3087,business_income_taxes
South Carolina,FY2020,2891,business_income_taxes
South Carolina,FY2021,4189,business_income_taxes
South Carolina,FY2022,7027,business_income_taxes
South Carolina,FY2023,3401,business_income_taxes
South Carolina,FY2024,4123,business_income_taxes
South Carolina,FY2025,5246,business_income_taxes
South Carolina,FY1998,25328,employment_taxes
South Carolina,FY1999,26569,employment_taxes
South Carolina,FY2000,25369,employment_taxes
South Carolina,FY2001,25233,employment_taxes
South Carolina,FY2002,24387,employment_taxes
South Carolina,FY2003,24836,employment_taxes
South Carolina,FY2004,23948,employment_taxes
South Carolina,FY2005,29462,employment_taxes
South Carolina,FY2006,30815,employment_taxes
South Carolina,FY2007,31044,employment_taxes
South Carolina,FY2008,30523,employment_taxes
South Carolina,FY2009,26790,employment_taxes
South Carolina,FY2010,22963,employment_taxes
South Carolina,FY2011,28933,employment_taxes
South Carolina,FY2012,28799,employment_taxes
South Carolina,FY2013,23792,employment_taxes
South Carolina,FY2014,19268,employment_taxes
South Carolina,FY2015,18929,employment_taxes
South Carolina,FY2016,17555,employment_taxes
South Carolina,FY2017,17083,employment_taxes
South Carolina,FY2018,16395,employment_taxes
South Carolina,FY2019,17132,employment_taxes
South Carolina,FY2020,14487,employment_taxes
South Carolina,FY2021,26487,employment_taxes
South Carolina,FY2022,37570,employment_taxes
South Carolina,FY2023,43160,employment_taxes
South Carolina,FY2024,19736,employment_taxes
South Carolina,FY2025,32277,employment_taxes
South Carolina,FY2009,3308,estate_and_trust_income_tax
South Carolina,FY2010,2184,estate_and_trust_income_tax
South Carolina,FY2011,1566,estate_and_trust_income_tax
South Carolina,FY2012,1541,estate_and_trust_income_tax
South Carolina,FY2013,1522,estate_and_trust_income_tax
South Carolina,FY2014,1769,estate_and_trust_income_tax
South Carolina,FY2015,2106,estate_and_trust_income_tax
South Carolina,FY2016,2477,estate_and_trust_income_tax
South Carolina,FY2017,2356,estate_and_trust_income_tax
South Carolina,FY2018,2073,estate_and_trust_income_tax
South Carolina,FY2019,2427,estate_and_trust_income_tax
South Carolina,FY2020,2478,estate_and_trust_income_tax
South Carolina,FY2021,4079,estate_and_trust_income_tax
South Carolina,FY2022,1713,estate_and_trust_income_tax
South Carolina,FY2023,4269,estate_and_trust_income_tax
South Carolina,FY2024,4029,estate_and_trust_income_tax
South Carolina,FY2025,4365,estate_and_trust_income_tax
South Carolina,FY1998,35,estate_tax
South Carolina,FY1999,149,estate_tax
South Carolina,FY2000,168,estate_tax
South Carolina,FY2001,169,estate_tax
South Carolina,FY2002,173,estate_tax
South Carolina,FY2003,172,estate_tax
South Carolina,FY2004,146,estate_tax
South Carolina,FY2005,116,estate_tax
South Carolina,FY2006,102,estate_tax
South Carolina,FY2007,112,estate_tax
South Carolina,FY2008,92,estate_tax
South Carolina,FY2009,116,estate_tax
South Carolina,FY2010,77,estate_tax
South Carolina,FY2011,56,estate_tax
South Carolina,FY2012,40,estate_tax
South Carolina,FY2013,25,estate_tax
South Carolina,FY2014,28,estate_tax
South Carolina,FY2015,32,estate_tax
South Carolina,FY2016,64,estate_tax
South Carolina,FY2020,14,estate_tax
South Carolina,FY2022,25,estate_tax
South Carolina,FY2023,42,estate_tax
South Carolina,FY2024,28,estate_tax
South Carolina,FY2025,31,estate_tax
South Carolina,FY1998,96,excise_taxes
South Carolina,FY1999,746,excise_taxes
South Carolina,FY2000,655,excise_taxes
South Carolina,FY2001,685,excise_taxes
South Carolina,FY2002,683,excise_taxes
South Carolina,FY2003,809,excise_taxes
South Carolina,FY2004,809,excise_taxes
South Carolina,FY2005,1531,excise_taxes
South Carolina,FY2006,1042,excise_taxes
South Carolina,FY2007,1718,excise_taxes
South Carolina,FY2008,1352,excise_taxes
South Carolina,FY2009,1383,excise_taxes
South Carolina,FY2010,1418,excise_taxes
South Carolina,FY2011,1291,excise_taxes
South Carolina,FY2012,1212,excise_taxes
South Carolina,FY2013,1182,excise_taxes
South Carolina,FY2014,1144,excise_taxes
South Carolina,FY2015,1176,excise_taxes
South Carolina,FY2016,1207,excise_taxes
South Carolina,FY2017,1272,excise_taxes
South Carolina,FY2018,1092,excise_taxes
South Carolina,FY2019,1347,excise_taxes
South Carolina,FY2020,1188,excise_taxes
South Carolina,FY2021,1603,excise_taxes
South Carolina,FY2022,1575,excise_taxes
South Carolina,FY2023,1556,excise_taxes
South Carolina,FY2024,1934,excise_taxes
South Carolina,FY2025,2241,excise_taxes
South Carolina,FY1998,10,gift_tax
South Carolina,FY1999,31,gift_tax
South Carolina,FY2000,36,gift_tax
South Carolina,FY2001,25,gift_tax
South Carolina,FY2002,24,gift_tax
South Carolina,FY2003,40,gift_tax
South Carolina,FY2004,17,gift_tax
South Carolina,FY2005,14,gift_tax
South Carolina,FY2006,15,gift_tax
South Carolina,FY2007,13,gift_tax
South Carolina,FY2008,23,gift_tax
South Carolina,FY2009,19,gift_tax
South Carolina,FY2010,26,gift_tax
South Carolina,FY2011,22,gift_tax
South Carolina,FY2012,25,gift_tax
South Carolina,FY2013,28,gift_tax
South Carolina,FY2014,13,gift_tax
South Carolina,FY2015,10,gift_tax
South Carolina,FY2016,10,gift_tax
South Carolina,FY2020,7,gift_tax
South Carolina,FY2022,12,gift_tax
South Carolina,FY2023,18,gift_tax
South Carolina,FY2024,13,gift_tax
South Carolina,FY2025,12,gift_tax
South Carolina,FY1998,761286,total_refunds
South Carolina,FY1999,1396978,total_refunds
South Carolina,FY2000,1182465,total_refunds
South Carolina,FY2001,2535120,total_refunds
South Carolina,FY2002,1540782,total_refunds
South Carolina,FY2003,1740101,total_refunds
South Carolina,FY2004,1510797,total_refunds
South Carolina,FY2005,1520272,total_refunds
South Carolina,FY2006,1564609,total_refunds
South Carolina,FY2007,1653511,total_refunds
South Carolina,FY2008,3479965,total_refunds
South Carolina,FY2009,1807122,total_refunds
South Carolina,FY2010,1741410,total_refunds
South Carolina,FY2011,1750060,total_refunds
South Carolina,FY2012,1753491,total_refunds
South Carolina,FY2013,1711454,total_refunds
South Carolina,FY2014,1677347,total_refunds
South Carolina,FY2015,1697875,total_refunds
South Carolina,FY2016,1739985,total_refunds
South Carolina,FY2017,1743517,total_refunds
South Carolina,FY2018,1745870,total_refunds
South Carolina,FY2019,1762167,total_refunds
South Carolina,FY2020,4659125,total_refunds
South Carolina,FY2021,9507492,total_refunds
South Carolina,FY2022,3721777,total_refunds
South Carolina,FY2023,1883850,total_refunds
South Carolina,FY2024,1810964,total_refunds
South Carolina,FY2025,1851653,total_refunds
South Dakota,FY1998,1838,business_income_taxes
South Dakota,FY1999,2044,business_income_taxes
South Dakota,FY2000,2005,business_income_taxes
South Dakota,FY2001,1907,business_income_taxes
South Dakota,FY2002,2017,business_income_taxes
South Dakota,FY2003,2056,business_income_taxes
South Dakota,FY2004,2066,business_income_taxes
South Dakota,FY2005,1977,business_income_taxes
South Dakota,FY2006,2207,business_income_taxes
South Dakota,FY2007,4406,business_income_taxes
South Dakota,FY2008,2626,business_income_taxes
South Dakota,FY2009,2362,business_income_taxes
South Dakota,FY2010,2310,business_income_taxes
South Dakota,FY2011,2374,business_income_taxes
South Dakota,FY2012,2200,business_income_taxes
South Dakota,FY2013,2052,business_income_taxes
South Dakota,FY2014,1930,business_income_taxes
South Dakota,FY2015,1751,business_income_taxes
South Dakota,FY2016,1843,business_income_taxes
South Dakota,FY2017,1768,business_income_taxes
South Dakota,FY2018,1651,business_income_taxes
South Dakota,FY2019,1231,business_income_taxes
South Dakota,FY2020,1117,business_income_taxes
South Dakota,FY2021,1547,business_income_taxes
South Dakota,FY2022,1780,business_income_taxes
South Dakota,FY2023,1189,business_income_taxes
South Dakota,FY2024,1203,business_income_taxes
South Dakota,FY2025,1297,business_income_taxes
South Dakota,FY1998,6507,employment_taxes
South Dakota,FY1999,6414,employment_taxes
South Dakota,FY2000,6398,employment_taxes
South Dakota,FY2001,6413,employment_taxes
South Dakota,FY2002,6268,employment_taxes
South Dakota,FY2003,6551,employment_taxes
South Dakota,FY2004,6430,employment_taxes
South Dakota,FY2005,7736,employment_taxes
South Dakota,FY2006,7585,employment_taxes
South Dakota,FY2007,7555,employment_taxes
South Dakota,FY2008,7832,employment_taxes
South Dakota,FY2009,7518,employment_taxes
South Dakota,FY2010,6915,employment_taxes
South Dakota,FY2011,9042,employment_taxes
South Dakota,FY2012,8619,employment_taxes
South Dakota,FY2013,7273,employment_taxes
South Dakota,FY2014,5675,employment_taxes
South Dakota,FY2015,5778,employment_taxes
South Dakota,FY2016,5583,employment_taxes
South Dakota,FY2017,5372,employment_taxes
South Dakota,FY2018,4995,employment_taxes
South Dakota,FY2019,5139,employment_taxes
South Dakota,FY2020,4558,employment_taxes
South Dakota,FY2021,9127,employment_taxes
South Dakota,FY2022,9584,employment_taxes
South Dakota,FY2023,9103,employment_taxes
South Dakota,FY2024,5247,employment_taxes
South Dakota,FY2025,7531,employment_taxes
South Dakota,FY2009,1522,estate_and_trust_income_tax
South Dakota,FY2010,1179,estate_and_trust_income_tax
South Dakota,FY2011,934,estate_and_trust_income_tax
South Dakota,FY2012,899,estate_and_trust_income_tax
South Dakota,FY2013,1046,estate_and_trust_income_tax
South Dakota,FY2014,1225,estate_and_trust_income_tax
South Dakota,FY2015,1111,estate_and_trust_income_tax
South Dakota,FY2016,1324,estate_and_trust_income_tax
South Dakota,FY2017,1572,estate_and_trust_income_tax
South Dakota,FY2018,1063,estate_and_trust_income_tax
South Dakota,FY2019,1258,estate_and_trust_income_tax
South Dakota,FY2020,1521,estate_and_trust_income_tax
South Dakota,FY2021,2278,estate_and_trust_income_tax
South Dakota,FY2022,5233,estate_and_trust_income_tax
South Dakota,FY2023,2611,estate_and_trust_income_tax
South Dakota,FY2024,2324,estate_and_trust_income_tax
South Dakota,FY2025,2353,estate_and_trust_income_tax
South Dakota,FY1998,22,estate_tax
South Dakota,FY1999,53,estate_tax
South Dakota,FY2000,37,estate_tax
South Dakota,FY2001,48,estate_tax
South Dakota,FY2002,44,estate_tax
South Dakota,FY2003,36,estate_tax
South Dakota,FY2004,28,estate_tax
South Dakota,FY2005,20,estate_tax
South Dakota,FY2006,18,estate_tax
South Dakota,FY2007,22,estate_tax
South Dakota,FY2008,15,estate_tax
South Dakota,FY2009,13,estate_tax
South Dakota,FY2010,21,estate_tax
South Dakota,FY2011,15,estate_tax
South Dakota,FY2012,16,estate_tax
South Dakota,FY2013,7,estate_tax
South Dakota,FY2014,8,estate_tax
South Dakota,FY2020,5,estate_tax
South Dakota,FY1998,57,excise_taxes
South Dakota,FY1999,384,excise_taxes
South Dakota,FY2000,352,excise_taxes
South Dakota,FY2001,303,excise_taxes
South Dakota,FY2002,329,excise_taxes
South Dakota,FY2003,327,excise_taxes
South Dakota,FY2004,414,excise_taxes
South Dakota,FY2005,746,excise_taxes
South Dakota,FY2006,475,excise_taxes
South Dakota,FY2007,563,excise_taxes
South Dakota,FY2008,442,excise_taxes
South Dakota,FY2009,482,excise_taxes
South Dakota,FY2010,629,excise_taxes
South Dakota,FY2011,531,excise_taxes
South Dakota,FY2012,592,excise_taxes
South Dakota,FY2013,523,excise_taxes
South Dakota,FY2014,564,excise_taxes
South Dakota,FY2015,533,excise_taxes
South Dakota,FY2016,506,excise_taxes
South Dakota,FY2017,493,excise_taxes
South Dakota,FY2018,439,excise_taxes
South Dakota,FY2019,600,excise_taxes
South Dakota,FY2020,500,excise_taxes
South Dakota,FY2021,677,excise_taxes
South Dakota,FY2022,586,excise_taxes
South Dakota,FY2023,606,excise_taxes
South Dakota,FY2024,677,excise_taxes
South Dakota,FY2025,653,excise_taxes
South Dakota,FY1998,4,gift_tax
South Dakota,FY1999,7,gift_tax
South Dakota,FY2000,10,gift_tax
South Dakota,FY2001,11,gift_tax
South Dakota,FY2002,18,gift_tax
South Dakota,FY2003,8,gift_tax
South Dakota,FY2004,5,gift_tax
South Dakota,FY2005,6,gift_tax
South Dakota,FY2006,4,gift_tax
South Dakota,FY2007,8,gift_tax
South Dakota,FY2008,19,gift_tax
South Dakota,FY2009,6,gift_tax
South Dakota,FY2010,12,gift_tax
South Dakota,FY2011,8,gift_tax
South Dakota,FY2012,3,gift_tax
South Dakota,FY2013,3,gift_tax
South Dakota,FY2014,5,gift_tax
South Dakota,FY2020,0,gift_tax
South Dakota,FY1998,184430,total_refunds
South Dakota,FY1999,257269,total_refunds
South Dakota,FY2000,256597,total_refunds
South Dakota,FY2001,488146,total_refunds
South Dakota,FY2002,285153,total_refunds
South Dakota,FY2003,346494,total_refunds
South Dakota,FY2004,287108,total_refunds
South Dakota,FY2005,283576,total_refunds
South Dakota,FY2006,290175,total_refunds
South Dakota,FY2007,308455,total_refunds
South Dakota,FY2008,645462,total_refunds
South Dakota,FY2009,333441,total_refunds
South Dakota,FY2010,324468,total_refunds
South Dakota,FY2011,326411,total_refunds
South Dakota,FY2012,337431,total_refunds
South Dakota,FY2013,337501,total_refunds
South Dakota,FY2014,326389,total_refunds
South Dakota,FY2015,323534,total_refunds
South Dakota,FY2016,329825,total_refunds
South Dakota,FY2017,330591,total_refunds
South Dakota,FY2018,329987,total_refunds
South Dakota,FY2019,339504,total_refunds
South Dakota,FY2020,824734,total_refunds
South Dakota,FY2021,1607623,total_refunds
South Dakota,FY2022,655262,total_refunds
South Dakota,FY2023,342822,total_refunds
South Dakota,FY2024,330094,total_refunds
South Dakota,FY2025,336600,total_refunds
South Florida,FY1997,12735,business_income_taxes
South Florida,FY1997,75335,employment_taxes
South Florida,FY1997,366,estate_tax
South Florida,FY1997,1352,excise_taxes
South Florida,FY1997,233,gift_tax
South Florida,FY1997,2102343,total_refunds
South Texas,FY1997,11384,business_income_taxes
South Texas,FY1997,51179,employment_taxes
South Texas,FY1997,358,estate_tax
South Texas,FY1997,1181,excise_taxes
South Texas,FY1997,54,gift_tax
South Texas,FY1997,2339054,total_refunds
Southeast Region,FY1995,93752,business_income_taxes
Southeast Region,FY1996,136613,business_income_taxes
Southeast Region,FY1997,128250,business_income_taxes
Southeast Region,FY1995,449805,employment_taxes
Southeast Region,FY1996,575201,employment_taxes
Southeast Region,FY1997,601078,employment_taxes
Southeast Region,FY1995,2246,estate_tax
Southeast Region,FY1996,3257,estate_tax
Southeast Region,FY1997,3624,estate_tax
Southeast Region,FY1995,14808,excise_taxes
Southeast Region,FY1996,32879,excise_taxes
Southeast Region,FY1997,14846,excise_taxes
Southeast Region,FY1995,378,gift_tax
Southeast Region,FY1996,444,gift_tax
Southeast Region,FY1997,765,gift_tax
Southeast Region,FY1995,17266562,total_refunds
Southeast Region,FY1996,24725482,total_refunds
Southeast Region,FY1997,26829775,total_refunds
Southern California,FY1997,13931,business_income_taxes
Southern California,FY1997,61174,employment_taxes
Southern California,FY1997,558,estate_tax
Southern California,FY1997,1076,excise_taxes
Southern California,FY1997,102,gift_tax
Southern California,FY1997,2962341,total_refunds
Southwest,FY1997,13129,business_income_taxes
Southwest,FY1997,58658,employment_taxes
Southwest,FY1997,317,estate_tax
Southwest,FY1997,1162,excise_taxes
Southwest,FY1997,62,gift_tax
Southwest,FY1997,2575919,total_refunds
Southwest Region,FY1995,86086,business_income_taxes
Southwest Region,FY1995,380909,employment_taxes
Southwest Region,FY1995,1306,estate_tax
Southwest Region,FY1995,9723,excise_taxes
Southwest Region,FY1995,288,gift_tax
Southwest Region,FY1995,12794211,total_refunds
Springfield,FY1995,7523,business_income_taxes
Springfield,FY1996,7315,business_income_taxes
Springfield,FY1995,20284,employment_taxes
Springfield,FY1996,18597,employment_taxes
Springfield,FY1995,101,estate_tax
Springfield,FY1996,109,estate_tax
Springfield,FY1995,718,excise_taxes
Springfield,FY1996,1355,excise_taxes
Springfield,FY1995,11,gift_tax
Springfield,FY1996,28,gift_tax
Springfield,FY1995,953674,total_refunds
Springfield,FY1996,933151,total_refunds
St. Louis,FY1995,13811,business_income_taxes
St. Louis,FY1996,13801,business_income_taxes
St. Louis,FY1995,41009,employment_taxes
St. Louis,FY1996,38477,employment_taxes
St. Louis,FY1995,224,estate_tax
St. Louis,FY1996,234,estate_tax
St. Louis,FY1995,1225,excise_taxes
St. Louis,FY1996,2391,excise_taxes
St. Louis,FY1995,29,gift_tax
St. Louis,FY1996,35,gift_tax
St. Louis,FY1995,1657812,total_refunds
St. Louis,FY1996,1647132,total_refunds
St. Paul,FY1995,15202,business_income_taxes
St. Paul,FY1996,12919,business_income_taxes
St. Paul,FY1995,32374,employment_taxes
St. Paul,FY1996,31294,employment_taxes
St. Paul,FY1995,139,estate_tax
St. Paul,FY1996,158,estate_tax
St. Paul,FY1995,1694,excise_taxes
St. Paul,FY1996,7885,excise_taxes
St. Paul,FY1995,43,gift_tax
St. Paul,FY1996,49,gift_tax
St. Paul,FY1995,1392122,total_refunds
St. Paul,FY1996,1387867,total_refunds
Tennessee,FY1998,8690,business_income_taxes
Tennessee,FY1999,7232,business_income_taxes
Tennessee,FY2000,7248,business_income_taxes
Tennessee,FY2001,7325,business_income_taxes
Tennessee,FY2002,7952,business_income_taxes
Tennessee,FY2003,7865,business_income_taxes
Tennessee,FY2004,6648,business_income_taxes
Tennessee,FY2005,7117,business_income_taxes
Tennessee,FY2006,7444,business_income_taxes
Tennessee,FY2007,10766,business_income_taxes
Tennessee,FY2008,8768,business_income_taxes
Tennessee,FY2009,8861,business_income_taxes
Tennessee,FY2010,8921,business_income_taxes
Tennessee,FY2011,7652,business_income_taxes
Tennessee,FY2012,6390,business_income_taxes
Tennessee,FY2013,5546,business_income_taxes
Tennessee,FY2014,5219,business_income_taxes
Tennessee,FY2015,5055,business_income_taxes
Tennessee,FY2016,5014,business_income_taxes
Tennessee,FY2017,4895,business_income_taxes
Tennessee,FY2018,4744,business_income_taxes
Tennessee,FY2019,3971,business_income_taxes
Tennessee,FY2020,3660,business_income_taxes
Tennessee,FY2021,5410,business_income_taxes
Tennessee,FY2022,7012,business_income_taxes
Tennessee,FY2023,4476,business_income_taxes
Tennessee,FY2024,4916,business_income_taxes
Tennessee,FY2025,5223,business_income_taxes
Tennessee,FY1998,45797,employment_taxes
Tennessee,FY1999,40437,employment_taxes
Tennessee,FY2000,40497,employment_taxes
Tennessee,FY2001,38041,employment_taxes
Tennessee,FY2002,39238,employment_taxes
Tennessee,FY2003,37413,employment_taxes
Tennessee,FY2004,36703,employment_taxes
Tennessee,FY2005,45305,employment_taxes
Tennessee,FY2006,46056,employment_taxes
Tennessee,FY2007,46642,employment_taxes
Tennessee,FY2008,45755,employment_taxes
Tennessee,FY2009,41594,employment_taxes
Tennessee,FY2010,37500,employment_taxes
Tennessee,FY2011,46044,employment_taxes
Tennessee,FY2012,41868,employment_taxes
Tennessee,FY2013,36356,employment_taxes
Tennessee,FY2014,30292,employment_taxes
Tennessee,FY2015,30339,employment_taxes
Tennessee,FY2016,29155,employment_taxes
Tennessee,FY2017,28654,employment_taxes
Tennessee,FY2018,28390,employment_taxes
Tennessee,FY2019,28364,employment_taxes
Tennessee,FY2020,24831,employment_taxes
Tennessee,FY2021,43388,employment_taxes
Tennessee,FY2022,54553,employment_taxes
Tennessee,FY2023,62414,employment_taxes
Tennessee,FY2024,30401,employment_taxes
Tennessee,FY2025,50871,employment_taxes
Tennessee,FY2009,7151,estate_and_trust_income_tax
Tennessee,FY2010,4646,estate_and_trust_income_tax
Tennessee,FY2011,3169,estate_and_trust_income_tax
Tennessee,FY2012,3019,estate_and_trust_income_tax
Tennessee,FY2013,2879,estate_and_trust_income_tax
Tennessee,FY2014,3592,estate_and_trust_income_tax
Tennessee,FY2015,3603,estate_and_trust_income_tax
Tennessee,FY2016,4431,estate_and_trust_income_tax
Tennessee,FY2017,4553,estate_and_trust_income_tax
Tennessee,FY2018,3303,estate_and_trust_income_tax
Tennessee,FY2019,3915,estate_and_trust_income_tax
Tennessee,FY2020,4129,estate_and_trust_income_tax
Tennessee,FY2021,6188,estate_and_trust_income_tax
Tennessee,FY2022,29949,estate_and_trust_income_tax
Tennessee,FY2023,7830,estate_and_trust_income_tax
Tennessee,FY2024,6552,estate_and_trust_income_tax
Tennessee,FY2025,6538,estate_and_trust_income_tax
Tennessee,FY1998,448,estate_tax
Tennessee,FY1999,325,estate_tax
Tennessee,FY2000,308,estate_tax
Tennessee,FY2001,302,estate_tax
Tennessee,FY2002,307,estate_tax
Tennessee,FY2003,328,estate_tax
Tennessee,FY2004,221,estate_tax
Tennessee,FY2005,237,estate_tax
Tennessee,FY2006,169,estate_tax
Tennessee,FY2007,173,estate_tax
Tennessee,FY2008,123,estate_tax
Tennessee,FY2009,121,estate_tax
Tennessee,FY2010,103,estate_tax
Tennessee,FY2011,56,estate_tax
Tennessee,FY2012,49,estate_tax
Tennessee,FY2013,57,estate_tax
Tennessee,FY2014,46,estate_tax
Tennessee,FY2015,61,estate_tax
Tennessee,FY2016,59,estate_tax
Tennessee,FY2017,65,estate_tax
Tennessee,FY2018,72,estate_tax
Tennessee,FY2019,46,estate_tax
Tennessee,FY2020,28,estate_tax
Tennessee,FY2021,36,estate_tax
Tennessee,FY2022,39,estate_tax
Tennessee,FY2023,42,estate_tax
Tennessee,FY2024,41,estate_tax
Tennessee,FY2025,49,estate_tax
Tennessee,FY1998,1265,excise_taxes
Tennessee,FY1999,1767,excise_taxes
Tennessee,FY2000,1645,excise_taxes
Tennessee,FY2001,1813,excise_taxes
Tennessee,FY2002,1392,excise_taxes
Tennessee,FY2003,1186,excise_taxes
Tennessee,FY2004,1389,excise_taxes
Tennessee,FY2005,2340,excise_taxes
Tennessee,FY2006,1817,excise_taxes
Tennessee,FY2007,2634,excise_taxes
Tennessee,FY2008,1838,excise_taxes
Tennessee,FY2009,1491,excise_taxes
Tennessee,FY2010,1639,excise_taxes
Tennessee,FY2011,1554,excise_taxes
Tennessee,FY2012,1554,excise_taxes
Tennessee,FY2013,1628,excise_taxes
Tennessee,FY2014,1552,excise_taxes
Tennessee,FY2015,1553,excise_taxes
Tennessee,FY2016,1452,excise_taxes
Tennessee,FY2017,1446,excise_taxes
Tennessee,FY2018,1502,excise_taxes
Tennessee,FY2019,1974,excise_taxes
Tennessee,FY2020,1825,excise_taxes
Tennessee,FY2021,2499,excise_taxes
Tennessee,FY2022,2227,excise_taxes
Tennessee,FY2023,2194,excise_taxes
Tennessee,FY2024,2565,excise_taxes
Tennessee,FY2025,2484,excise_taxes
Tennessee,FY1998,56,gift_tax
Tennessee,FY1999,66,gift_tax
Tennessee,FY2000,65,gift_tax
Tennessee,FY2001,56,gift_tax
Tennessee,FY2002,44,gift_tax
Tennessee,FY2003,56,gift_tax
Tennessee,FY2004,31,gift_tax
Tennessee,FY2005,26,gift_tax
Tennessee,FY2006,23,gift_tax
Tennessee,FY2007,39,gift_tax
Tennessee,FY2008,52,gift_tax
Tennessee,FY2009,35,gift_tax
Tennessee,FY2010,46,gift_tax
Tennessee,FY2011,49,gift_tax
Tennessee,FY2012,50,gift_tax
Tennessee,FY2013,24,gift_tax
Tennessee,FY2014,39,gift_tax
Tennessee,FY2015,20,gift_tax
Tennessee,FY2016,31,gift_tax
Tennessee,FY2017,22,gift_tax
Tennessee,FY2018,24,gift_tax
Tennessee,FY2019,22,gift_tax
Tennessee,FY2020,8,gift_tax
Tennessee,FY2021,21,gift_tax
Tennessee,FY2022,35,gift_tax
Tennessee,FY2023,35,gift_tax
Tennessee,FY2024,22,gift_tax
Tennessee,FY2025,14,gift_tax
Tennessee,FY1998,1474114,total_refunds
Tennessee,FY1999,1999373,total_refunds
Tennessee,FY2000,2030836,total_refunds
Tennessee,FY2001,3555665,total_refunds
Tennessee,FY2002,2370098,total_refunds
Tennessee,FY2003,2620994,total_refunds
Tennessee,FY2004,2159469,total_refunds
Tennessee,FY2005,2201573,total_refunds
Tennessee,FY2006,2253351,total_refunds
Tennessee,FY2007,2384597,total_refunds
Tennessee,FY2008,4965999,total_refunds
Tennessee,FY2009,2574322,total_refunds
Tennessee,FY2010,2489938,total_refunds
Tennessee,FY2011,2518953,total_refunds
Tennessee,FY2012,2544287,total_refunds
Tennessee,FY2013,2495157,total_refunds
Tennessee,FY2014,2444675,total_refunds
Tennessee,FY2015,2460700,total_refunds
Tennessee,FY2016,2508227,total_refunds
Tennessee,FY2017,2505451,total_refunds
Tennessee,FY2018,2503538,total_refunds
Tennessee,FY2019,2525696,total_refunds
Tennessee,FY2020,6445546,total_refunds
Tennessee,FY2021,12855282,total_refunds
Tennessee,FY2022,5079736,total_refunds
Tennessee,FY2023,2615148,total_refunds
Tennessee,FY2024,2497717,total_refunds
Tennessee,FY2025,2515053,total_refunds
Texas,FY1995,40836,business_income_taxes
Texas,FY1996,42498,business_income_taxes
Texas,FY1998,33484,business_income_taxes
Texas,FY1999,34175,business_income_taxes
Texas,FY2000,32750,business_income_taxes
Texas,FY2001,32505,business_income_taxes
Texas,FY2002,35479,business_income_taxes
Texas,FY2003,39658,business_income_taxes
Texas,FY2004,34446,business_income_taxes
Texas,FY2005,32973,business_income_taxes
Texas,FY2006,33319,business_income_taxes
Texas,FY2007,48852,business_income_taxes
Texas,FY2008,44449,business_income_taxes
Texas,FY2009,41742,business_income_taxes
Texas,FY2010,45195,business_income_taxes
Texas,FY2011,39317,business_income_taxes
Texas,FY2012,34527,business_income_taxes
Texas,FY2013,31294,business_income_taxes
Texas,FY2014,28710,business_income_taxes
Texas,FY2015,29209,business_income_taxes
Texas,FY2016,30439,business_income_taxes
Texas,FY2017,29627,business_income_taxes
Texas,FY2018,27243,business_income_taxes
Texas,FY2019,24806,business_income_taxes
Texas,FY2020,23882,business_income_taxes
Texas,FY2021,33900,business_income_taxes
Texas,FY2022,54142,business_income_taxes
Texas,FY2023,37723,business_income_taxes
Texas,FY2024,36409,business_income_taxes
Texas,FY2025,40032,business_income_taxes
Texas,FY1995,236711,employment_taxes
Texas,FY1996,156037,employment_taxes
Texas,FY1998,158027,employment_taxes
Texas,FY1999,158053,employment_taxes
Texas,FY2000,152383,employment_taxes
Texas,FY2001,153378,employment_taxes
Texas,FY2002,156062,employment_taxes
Texas,FY2003,152617,employment_taxes
Texas,FY2004,147802,employment_taxes
Texas,FY2005,186233,employment_taxes
Texas,FY2006,189649,employment_taxes
Texas,FY2007,191241,employment_taxes
Texas,FY2008,193061,employment_taxes
Texas,FY2009,178719,employment_taxes
Texas,FY2010,156536,employment_taxes
Texas,FY2011,187308,employment_taxes
Texas,FY2012,180777,employment_taxes
Texas,FY2013,163848,employment_taxes
Texas,FY2014,138280,employment_taxes
Texas,FY2015,140573,employment_taxes
Texas,FY2016,136511,employment_taxes
Texas,FY2017,133832,employment_taxes
Texas,FY2018,126553,employment_taxes
Texas,FY2019,131092,employment_taxes
Texas,FY2020,116555,employment_taxes
Texas,FY2021,196665,employment_taxes
Texas,FY2022,249078,employment_taxes
Texas,FY2023,312356,employment_taxes
Texas,FY2024,143991,employment_taxes
Texas,FY2025,245067,employment_taxes
Texas,FY2009,40319,estate_and_trust_income_tax
Texas,FY2010,28951,estate_and_trust_income_tax
Texas,FY2011,20169,estate_and_trust_income_tax
Texas,FY2012,18552,estate_and_trust_income_tax
Texas,FY2013,17917,estate_and_trust_income_tax
Texas,FY2014,20481,estate_and_trust_income_tax
Texas,FY2015,21766,estate_and_trust_income_tax
Texas,FY2016,25805,estate_and_trust_income_tax
Texas,FY2017,26561,estate_and_trust_income_tax
Texas,FY2018,21000,estate_and_trust_income_tax
Texas,FY2019,22760,estate_and_trust_income_tax
Texas,FY2020,22748,estate_and_trust_income_tax
Texas,FY2021,35812,estate_and_trust_income_tax
Texas,FY2022,2087,estate_and_trust_income_tax
Texas,FY2023,41741,estate_and_trust_income_tax
Texas,FY2024,34558,estate_and_trust_income_tax
Texas,FY2025,34930,estate_and_trust_income_tax
Texas,FY1995,698,estate_tax
Texas,FY1996,844,estate_tax
Texas,FY1998,933,estate_tax
Texas,FY1999,1027,estate_tax
Texas,FY2000,991,estate_tax
Texas,FY2001,1014,estate_tax
Texas,FY2002,1053,estate_tax
Texas,FY2003,939,estate_tax
Texas,FY2004,720,estate_tax
Texas,FY2005,749,estate_tax
Texas,FY2006,690,estate_tax
Texas,FY2007,770,estate_tax
Texas,FY2008,647,estate_tax
Texas,FY2009,654,estate_tax
Texas,FY2010,564,estate_tax
Texas,FY2011,343,estate_tax
Texas,FY2012,279,estate_tax
Texas,FY2013,311,estate_tax
Texas,FY2014,325,estate_tax
Texas,FY2015,320,estate_tax
Texas,FY2016,385,estate_tax
Texas,FY2017,376,estate_tax
Texas,FY2018,327,estate_tax
Texas,FY2019,334,estate_tax
Texas,FY2020,168,estate_tax
Texas,FY2021,228,estate_tax
Texas,FY2022,248,estate_tax
Texas,FY2023,273,estate_tax
Texas,FY2024,246,estate_tax
Texas,FY2025,272,estate_tax
Texas,FY1995,5575,excise_taxes
Texas,FY1996,7449,excise_taxes
Texas,FY1998,2238,excise_taxes
Texas,FY1999,5172,excise_taxes
Texas,FY2000,5550,excise_taxes
Texas,FY2001,5084,excise_taxes
Texas,FY2002,5627,excise_taxes
Texas,FY2003,5465,excise_taxes
Texas,FY2004,5812,excise_taxes
Texas,FY2005,9800,excise_taxes
Texas,FY2006,7259,excise_taxes
Texas,FY2007,12395,excise_taxes
Texas,FY2008,9888,excise_taxes
Texas,FY2009,9542,excise_taxes
Texas,FY2010,8979,excise_taxes
Texas,FY2011,7890,excise_taxes
Texas,FY2012,7915,excise_taxes
Texas,FY2013,8195,excise_taxes
Texas,FY2014,7581,excise_taxes
Texas,FY2015,8573,excise_taxes
Texas,FY2016,8525,excise_taxes
Texas,FY2017,8611,excise_taxes
Texas,FY2018,7546,excise_taxes
Texas,FY2019,9705,excise_taxes
Texas,FY2020,8738,excise_taxes
Texas,FY2021,11558,excise_taxes
Texas,FY2022,11166,excise_taxes
Texas,FY2023,13254,excise_taxes
Texas,FY2024,14101,excise_taxes
Texas,FY2025,13294,excise_taxes
Texas,FY1995,163,gift_tax
Texas,FY1996,188,gift_tax
Texas,FY1998,249,gift_tax
Texas,FY1999,258,gift_tax
Texas,FY2000,265,gift_tax
Texas,FY2001,218,gift_tax
Texas,FY2002,204,gift_tax
Texas,FY2003,192,gift_tax
Texas,FY2004,127,gift_tax
Texas,FY2005,181,gift_tax
Texas,FY2006,166,gift_tax
Texas,FY2007,234,gift_tax
Texas,FY2008,207,gift_tax
Texas,FY2009,240,gift_tax
Texas,FY2010,267,gift_tax
Texas,FY2011,274,gift_tax
Texas,FY2012,284,gift_tax
Texas,FY2013,173,gift_tax
Texas,FY2014,211,gift_tax
Texas,FY2015,109,gift_tax
Texas,FY2016,163,gift_tax
Texas,FY2017,133,gift_tax
Texas,FY2018,83,gift_tax
Texas,FY2019,91,gift_tax
Texas,FY2020,61,gift_tax
Texas,FY2021,54,gift_tax
Texas,FY2022,77,gift_tax
Texas,FY2023,115,gift_tax
Texas,FY2024,70,gift_tax
Texas,FY2025,77,gift_tax
Texas,FY1995,6348116,total_refunds
Texas,FY1996,6098838,total_refunds
Texas,FY1998,8446122,total_refunds
Texas,FY1999,6822973,total_refunds
Texas,FY2000,6601619,total_refunds
Texas,FY2001,12559940,total_refunds
Texas,FY2002,7493407,total_refunds
Texas,FY2003,9494173,total_refunds
Texas,FY2004,7874175,total_refunds
Texas,FY2005,8073025,total_refunds
Texas,FY2006,8255845,total_refunds
Texas,FY2007,8731147,total_refunds
Texas,FY2008,17809244,total_refunds
Texas,FY2009,9848172,total_refunds
Texas,FY2010,9641199,total_refunds
Texas,FY2011,9670096,total_refunds
Texas,FY2012,9893591,total_refunds
Texas,FY2013,9860668,total_refunds
Texas,FY2014,9802282,total_refunds
Texas,FY2015,9993614,total_refunds
Texas,FY2016,10350571,total_refunds
Texas,FY2017,10286833,total_refunds
Texas,FY2018,10383571,total_refunds
Texas,FY2019,10494618,total_refunds
Texas,FY2020,25632370,total_refunds
Texas,FY2021,52695764,total_refunds
Texas,FY2022,22641468,total_refunds
Texas,FY2023,11211033,total_refunds
Texas,FY2024,10776467,total_refunds
Texas,FY2025,11119757,total_refunds
U.S. Armed Services overseas and territories other than Puerto Rico,FY2005,103,business_income_taxes
U.S. Armed Services overseas and territories other than Puerto Rico,FY2006,130,business_income_taxes
U.S. Armed Services overseas and territories other than Puerto Rico,FY2007,176,business_income_taxes
U.S. Armed Services overseas and territories other than Puerto Rico,FY2008,134,business_income_taxes
U.S. Armed Services overseas and territories other than Puerto Rico,FY2009,73,business_income_taxes
U.S. Armed Services overseas and territories other than Puerto Rico,FY2010,93,business_income_taxes
U.S. Armed Services overseas and territories other than Puerto Rico,FY2011,61,business_income_taxes
U.S. Armed Services overseas and territories other than Puerto Rico,FY2013,71,business_income_taxes
U.S. Armed Services overseas and territories other than Puerto Rico,FY2014,42,business_income_taxes
U.S. Armed Services overseas and territories other than Puerto Rico,FY2015,44,business_income_taxes
U.S. Armed Services overseas and territories other than Puerto Rico,FY2016,46,business_income_taxes
U.S. Armed Services overseas and territories other than Puerto Rico,FY2019,33,business_income_taxes
U.S. Armed Services overseas and territories other than Puerto Rico,FY2020,25,business_income_taxes
U.S. Armed Services overseas and territories other than Puerto Rico,FY2021,59,business_income_taxes
U.S. Armed Services overseas and territories other than Puerto Rico,FY2023,51,business_income_taxes
U.S. Armed Services overseas and territories other than Puerto Rico,FY2005,3115,employment_taxes
U.S. Armed Services overseas and territories other than Puerto Rico,FY2006,2609,employment_taxes
U.S. Armed Services overseas and territories other than Puerto Rico,FY2007,2705,employment_taxes
U.S. Armed Services overseas and territories other than Puerto Rico,FY2008,2767,employment_taxes
U.S. Armed Services overseas and territories other than Puerto Rico,FY2009,2356,employment_taxes
U.S. Armed Services overseas and territories other than Puerto Rico,FY2010,2436,employment_taxes
U.S. Armed Services overseas and territories other than Puerto Rico,FY2011,2651,employment_taxes
U.S. Armed Services overseas and territories other than Puerto Rico,FY2012,2731,employment_taxes
U.S. Armed Services overseas and territories other than Puerto Rico,FY2014,2662,employment_taxes
U.S. Armed Services overseas and territories other than Puerto Rico,FY2015,2075,employment_taxes
U.S. Armed Services overseas and territories other than Puerto Rico,FY2018,1680,employment_taxes
U.S. Armed Services overseas and territories other than Puerto Rico,FY2020,1606,employment_taxes
U.S. Armed Services overseas and territories other than Puerto Rico,FY2021,2665,employment_taxes
U.S. Armed Services overseas and territories other than Puerto Rico,FY2022,3526,employment_taxes
U.S. Armed Services overseas and territories other than Puerto Rico,FY2023,4327,employment_taxes
U.S. Armed Services overseas and territories other than Puerto Rico,FY2025,4793,employment_taxes
U.S. Armed Services overseas and territories other than Puerto Rico,FY2009,45,estate_and_trust_income_tax
U.S. Armed Services overseas and territories other than Puerto Rico,FY2010,34,estate_and_trust_income_tax
U.S. Armed Services overseas and territories other than Puerto Rico,FY2011,31,estate_and_trust_income_tax
U.S. Armed Services overseas and territories other than Puerto Rico,FY2012,20,estate_and_trust_income_tax
U.S. Armed Services overseas and territories other than Puerto Rico,FY2013,18,estate_and_trust_income_tax
U.S. Armed Services overseas and territories other than Puerto Rico,FY2014,32,estate_and_trust_income_tax
U.S. Armed Services overseas and territories other than Puerto Rico,FY2015,26,estate_and_trust_income_tax
U.S. Armed Services overseas and territories other than Puerto Rico,FY2016,36,estate_and_trust_income_tax
U.S. Armed Services overseas and territories other than Puerto Rico,FY2017,29,estate_and_trust_income_tax
U.S. Armed Services overseas and territories other than Puerto Rico,FY2018,25,estate_and_trust_income_tax
U.S. Armed Services overseas and territories other than Puerto Rico,FY2019,27,estate_and_trust_income_tax
U.S. Armed Services overseas and territories other than Puerto Rico,FY2020,25,estate_and_trust_income_tax
U.S. Armed Services overseas and territories other than Puerto Rico,FY2022,3084,estate_and_trust_income_tax
U.S. Armed Services overseas and territories other than Puerto Rico,FY2023,42,estate_and_trust_income_tax
U.S. Armed Services overseas and territories other than Puerto Rico,FY2024,44,estate_and_trust_income_tax
U.S. Armed Services overseas and territories other than Puerto Rico,FY2025,48,estate_and_trust_income_tax
U.S. Armed Services overseas and territories other than Puerto Rico,FY2005,7,estate_tax
U.S. Armed Services overseas and territories other than Puerto Rico,FY2006,5,estate_tax
U.S. Armed Services overseas and territories other than Puerto Rico,FY2007,13,estate_tax
U.S. Armed Services overseas and territories other than Puerto Rico,FY2008,0,estate_tax
U.S. Armed Services overseas and territories other than Puerto Rico,FY2010,4,estate_tax
U.S. Armed Services overseas and territories other than Puerto Rico,FY2014,0,estate_tax
U.S. Armed Services overseas and territories other than Puerto Rico,FY2016,0,estate_tax
U.S. Armed Services overseas and territories other than Puerto Rico,FY2019,0,estate_tax
U.S. Armed Services overseas and territories other than Puerto Rico,FY2022,0,estate_tax
U.S. Armed Services overseas and territories other than Puerto Rico,FY2023,0,estate_tax
U.S. Armed Services overseas and territories other than Puerto Rico,FY2024,0,estate_tax
U.S. Armed Services overseas and territories other than Puerto Rico,FY2025,0,estate_tax
U.S. Armed Services overseas and territories other than Puerto Rico,FY2005,468,excise_taxes
U.S. Armed Services overseas and territories other than Puerto Rico,FY2006,32,excise_taxes
U.S. Armed Services overseas and territories other than Puerto Rico,FY2007,44,excise_taxes
U.S. Armed Services overseas and territories other than Puerto Rico,FY2008,40,excise_taxes
U.S. Armed Services overseas and territories other than Puerto Rico,FY2009,37,excise_taxes
U.S. Armed Services overseas and territories other than Puerto Rico,FY2010,37,excise_taxes
U.S. Armed Services overseas and territories other than Puerto Rico,FY2012,60,excise_taxes
U.S. Armed Services overseas and territories other than Puerto Rico,FY2013,48,excise_taxes
U.S. Armed Services overseas and territories other than Puerto Rico,FY2014,31,excise_taxes
U.S. Armed Services overseas and territories other than Puerto Rico,FY2015,27,excise_taxes
U.S. Armed Services overseas and territories other than Puerto Rico,FY2016,25,excise_taxes
U.S. Armed Services overseas and territories other than Puerto Rico,FY2017,14,excise_taxes
U.S. Armed Services overseas and territories other than Puerto Rico,FY2019,22,excise_taxes
U.S. Armed Services overseas and territories other than Puerto Rico,FY2020,17,excise_taxes
U.S. Armed Services overseas and territories other than Puerto Rico,FY2021,40,excise_taxes
U.S. Armed Services overseas and territories other than Puerto Rico,FY2022,40,excise_taxes
U.S. Armed Services overseas and territories other than Puerto Rico,FY2023,32,excise_taxes
U.S. Armed Services overseas and territories other than Puerto Rico,FY2025,36,excise_taxes
U.S. Armed Services overseas and territories other than Puerto Rico,FY2005,7,gift_tax
U.S. Armed Services overseas and territories other than Puerto Rico,FY2006,5,gift_tax
U.S. Armed Services overseas and territories other than Puerto Rico,FY2007,8,gift_tax
U.S. Armed Services overseas and territories other than Puerto Rico,FY2008,3,gift_tax
U.S. Armed Services overseas and territories other than Puerto Rico,FY2010,7,gift_tax
U.S. Armed Services overseas and territories other than Puerto Rico,FY2011,3,gift_tax
U.S. Armed Services overseas and territories other than Puerto Rico,FY2012,3,gift_tax
U.S. Armed Services overseas and territories other than Puerto Rico,FY2013,0,gift_tax
U.S. Armed Services overseas and territories other than Puerto Rico,FY2014,0,gift_tax
U.S. Armed Services overseas and territories other than Puerto Rico,FY2016,0,gift_tax
U.S. Armed Services overseas and territories other than Puerto Rico,FY2017,0,gift_tax
U.S. Armed Services overseas and territories other than Puerto Rico,FY2018,0,gift_tax
U.S. Armed Services overseas and territories other than Puerto Rico,FY2019,0,gift_tax
U.S. Armed Services overseas and territories other than Puerto Rico,FY2021,0,gift_tax
U.S. Armed Services overseas and territories other than Puerto Rico,FY2022,0,gift_tax
U.S. Armed Services overseas and territories other than Puerto Rico,FY2023,0,gift_tax
U.S. Armed Services overseas and territories other than Puerto Rico,FY2005,394218,total_refunds
U.S. Armed Services overseas and territories other than Puerto Rico,FY2006,215935,total_refunds
U.S. Armed Services overseas and territories other than Puerto Rico,FY2007,210428,total_refunds
U.S. Armed Services overseas and territories other than Puerto Rico,FY2008,370117,total_refunds
U.S. Armed Services overseas and territories other than Puerto Rico,FY2009,199556,total_refunds
U.S. Armed Services overseas and territories other than Puerto Rico,FY2010,191147,total_refunds
U.S. Armed Services overseas and territories other than Puerto Rico,FY2011,192407,total_refunds
U.S. Armed Services overseas and territories other than Puerto Rico,FY2012,180435,total_refunds
U.S. Armed Services overseas and territories other than Puerto Rico,FY2013,170712,total_refunds
U.S. Armed Services overseas and territories other than Puerto Rico,FY2014,156924,total_refunds
U.S. Armed Services overseas and territories other than Puerto Rico,FY2015,153731,total_refunds
U.S. Armed Services overseas and territories other than Puerto Rico,FY2016,154124,total_refunds
U.S. Armed Services overseas and territories other than Puerto Rico,FY2017,152579,total_refunds
U.S. Armed Services overseas and territories other than Puerto Rico,FY2018,147463,total_refunds
U.S. Armed Services overseas and territories other than Puerto Rico,FY2019,145661,total_refunds
U.S. Armed Services overseas and territories other than Puerto Rico,FY2020,300602,total_refunds
U.S. Armed Services overseas and territories other than Puerto Rico,FY2021,571519,total_refunds
U.S. Armed Services overseas and territories other than Puerto Rico,FY2022,271895,total_refunds
U.S. Armed Services overseas and territories other than Puerto Rico,FY2023,125197,total_refunds
U.S. Armed Services overseas and territories other than Puerto Rico,FY2024,116495,total_refunds
U.S. Armed Services overseas and territories other than Puerto Rico,FY2025,116172,total_refunds
U.S. Customs and BATF,FY1997,0,business_income_taxes
U.S. Customs and BATF,FY1998,0,business_income_taxes
U.S. Customs and BATF,FY1999,0,business_income_taxes
U.S. Customs and BATF,FY2000,0,business_income_taxes
U.S. Customs and BATF,FY2001,0,business_income_taxes
U.S. Customs and BATF,FY1997,0,employment_taxes
U.S. Customs and BATF,FY1998,0,employment_taxes
U.S. Customs and BATF,FY1999,0,employment_taxes
U.S. Customs and BATF,FY2000,0,employment_taxes
U.S. Customs and BATF,FY2001,0,employment_taxes
U.S. Customs and BATF,FY1997,0,estate_tax
U.S. Customs and BATF,FY1998,0,estate_tax
U.S. Customs and BATF,FY1999,0,estate_tax
U.S. Customs and BATF,FY2000,0,estate_tax
U.S. Customs and BATF,FY2001,0,estate_tax
U.S. Customs and BATF,FY1997,25,excise_taxes
U.S. Customs and BATF,FY1998,24,excise_taxes
U.S. Customs and BATF,FY1999,23,excise_taxes
U.S. Customs and BATF,FY2000,25,excise_taxes
U.S. Customs and BATF,FY2001,26,excise_taxes
U.S. Customs and BATF,FY1997,0,gift_tax
U.S. Customs and BATF,FY1998,0,gift_tax
U.S. Customs and BATF,FY1999,0,gift_tax
U.S. Customs and BATF,FY2000,0,gift_tax
U.S. Customs and BATF,FY2001,0,gift_tax
U.S. Customs and BATF,FY1997,25,total_refunds
U.S. Customs and BATF,FY1998,24,total_refunds
U.S. Customs and BATF,FY1999,23,total_refunds
U.S. Customs and BATF,FY2000,25,total_refunds
U.S. Customs and BATF,FY2001,26,total_refunds
Undistributed,FY2006,20,business_income_taxes
Undistributed,FY2007,52,business_income_taxes
Undistributed,FY2008,12,business_income_taxes
Undistributed,FY2009,9,business_income_taxes
Undistributed,FY2010,88,business_income_taxes
Undistributed,FY2011,3,business_income_taxes
Undistributed,FY2013,0,business_income_taxes
Undistributed,FY2014,0,business_income_taxes
Undistributed,FY2015,0,business_income_taxes
Undistributed,FY2016,0,business_income_taxes
Undistributed,FY2019,0,business_income_taxes
Undistributed,FY2020,0,business_income_taxes
Undistributed,FY2021,0,business_income_taxes
Undistributed,FY2023,0,business_income_taxes
Undistributed,FY2006,331,employment_taxes
Undistributed,FY2007,349,employment_taxes
Undistributed,FY2008,296,employment_taxes
Undistributed,FY2009,256,employment_taxes
Undistributed,FY2010,81,employment_taxes
Undistributed,FY2011,68,employment_taxes
Undistributed,FY2012,0,employment_taxes
Undistributed,FY2014,0,employment_taxes
Undistributed,FY2015,3,employment_taxes
Undistributed,FY2018,0,employment_taxes
Undistributed,FY2020,0,employment_taxes
Undistributed,FY2021,0,employment_taxes
Undistributed,FY2022,0,employment_taxes
Undistributed,FY2023,3,employment_taxes
Undistributed,FY2025,0,employment_taxes
Undistributed,FY2009,15,estate_and_trust_income_tax
Undistributed,FY2010,169,estate_and_trust_income_tax
Undistributed,FY2011,0,estate_and_trust_income_tax
Undistributed,FY2012,0,estate_and_trust_income_tax
Undistributed,FY2013,0,estate_and_trust_income_tax
Undistributed,FY2014,0,estate_and_trust_income_tax
Undistributed,FY2015,0,estate_and_trust_income_tax
Undistributed,FY2016,0,estate_and_trust_income_tax
Undistributed,FY2017,0,estate_and_trust_income_tax
Undistributed,FY2018,0,estate_and_trust_income_tax
Undistributed,FY2019,0,estate_and_trust_income_tax
Undistributed,FY2020,0,estate_and_trust_income_tax
Undistributed,FY2021,0,estate_and_trust_income_tax
Undistributed,FY2022,0,estate_and_trust_income_tax
Undistributed,FY2023,0,estate_and_trust_income_tax
Undistributed,FY2024,0,estate_and_trust_income_tax
Undistributed,FY2025,0,estate_and_trust_income_tax
Undistributed,FY2012,0,estate_tax
Undistributed,FY2014,3,estate_tax
Undistributed,FY2015,0,estate_tax
Undistributed,FY2016,0,estate_tax
Undistributed,FY2017,0,estate_tax
Undistributed,FY2018,0,estate_tax
Undistributed,FY2019,0,estate_tax
Undistributed,FY2020,0,estate_tax
Undistributed,FY2021,0,estate_tax
Undistributed,FY2022,0,estate_tax
Undistributed,FY2023,0,estate_tax
Undistributed,FY2024,0,estate_tax
Undistributed,FY2025,0,estate_tax
Undistributed,FY2006,27,excise_taxes
Undistributed,FY2007,16,excise_taxes
Undistributed,FY2008,5,excise_taxes
Undistributed,FY2009,7,excise_taxes
Undistributed,FY2010,28,excise_taxes
Undistributed,FY2012,0,excise_taxes
Undistributed,FY2013,0,excise_taxes
Undistributed,FY2015,0,excise_taxes
Undistributed,FY2016,0,excise_taxes
Undistributed,FY2018,0,excise_taxes
Undistributed,FY2019,0,excise_taxes
Undistributed,FY2020,0,excise_taxes
Undistributed,FY2021,0,excise_taxes
Undistributed,FY2022,0,excise_taxes
Undistributed,FY2023,0,excise_taxes
Undistributed,FY2024,0,excise_taxes
Undistributed,FY2025,0,excise_taxes
Undistributed,FY2011,0,gift_tax
Undistributed,FY2012,0,gift_tax
Undistributed,FY2013,0,gift_tax
Undistributed,FY2015,0,gift_tax
Undistributed,FY2016,0,gift_tax
Undistributed,FY2017,0,gift_tax
Undistributed,FY2018,0,gift_tax
Undistributed,FY2019,0,gift_tax
Undistributed,FY2020,0,gift_tax
Undistributed,FY2021,0,gift_tax
Undistributed,FY2022,0,gift_tax
Undistributed,FY2023,0,gift_tax
Undistributed,FY2024,0,gift_tax
Undistributed,FY2025,0,gift_tax
Undistributed,FY2006,394802,total_refunds
Undistributed,FY2007,836351,total_refunds
Undistributed,FY2008,1550396,total_refunds
Undistributed,FY2009,472142,total_refunds
Undistributed,FY2010,73282,total_refunds
Undistributed,FY2011,6663,total_refunds
Undistributed,FY2012,592,total_refunds
Undistributed,FY2013,3403,total_refunds
Undistributed,FY2014,2640,total_refunds
Undistributed,FY2015,2152,total_refunds
Undistributed,FY2016,1292,total_refunds
Undistributed,FY2017,1036,total_refunds
Undistributed,FY2018,606,total_refunds
Undistributed,FY2019,878,total_refunds
Undistributed,FY2020,1051,total_refunds
Undistributed,FY2021,1568,total_refunds
Undistributed,FY2022,1047,total_refunds
Undistributed,FY2023,247,total_refunds
Undistributed,FY2024,224,total_refunds
Undistributed,FY2025,202,total_refunds
United States total,FY1995,569698,business_income_taxes
United States total,FY1996,568738,business_income_taxes
United States total,FY1997,585750,business_income_taxes
United States total,FY1998,558079,business_income_taxes
United States total,FY1999,542857,business_income_taxes
United States total,FY2000,521175,business_income_taxes
United States total,FY2001,516154,business_income_taxes
United States total,FY2002,546788,business_income_taxes
United States total,FY2003,592086,business_income_taxes
United States total,FY2004,483053,business_income_taxes
United States total,FY2005,427620,business_income_taxes
United States total,FY2006,445027,business_income_taxes
United States total,FY2007,877815,business_income_taxes
United States total,FY2008,630200,business_income_taxes
United States total,FY2009,546999,business_income_taxes
United States total,FY2010,574282,business_income_taxes
United States total,FY2011,508671,business_income_taxes
United States total,FY2012,445404,business_income_taxes
United States total,FY2013,397804,business_income_taxes
United States total,FY2014,363481,business_income_taxes
United States total,FY2015,362277,business_income_taxes
United States total,FY2016,355132,business_income_taxes
United States total,FY2017,351122,business_income_taxes
United States total,FY2018,337065,business_income_taxes
United States total,FY2019,314987,business_income_taxes
United States total,FY2020,308851,business_income_taxes
United States total,FY2021,426052,business_income_taxes
United States total,FY2022,667010,business_income_taxes
United States total,FY2023,378693,business_income_taxes
United States total,FY2024,428378,business_income_taxes
United States total,FY2025,440100,business_income_taxes
United States total,FY1995,2239261,employment_taxes
United States total,FY1996,2072609,employment_taxes
United States total,FY1997,2126443,employment_taxes
United States total,FY1998,2058508,employment_taxes
United States total,FY1999,1971456,employment_taxes
United States total,FY2000,1940156,employment_taxes
United States total,FY2001,1904450,employment_taxes
United States total,FY2002,1851739,employment_taxes
United States total,FY2003,1855978,employment_taxes
United States total,FY2004,1789396,employment_taxes
United States total,FY2005,2206429,employment_taxes
United States total,FY2006,2249208,employment_taxes
United States total,FY2007,2264605,employment_taxes
United States total,FY2008,2195825,employment_taxes
United States total,FY2009,1981188,employment_taxes
United States total,FY2010,1764024,employment_taxes
United States total,FY2011,2167275,employment_taxes
United States total,FY2012,1926549,employment_taxes
United States total,FY2013,1720194,employment_taxes
United States total,FY2014,1447904,employment_taxes
United States total,FY2015,1470631,employment_taxes
United States total,FY2016,1431686,employment_taxes
United States total,FY2017,1391884,employment_taxes
United States total,FY2018,1324705,employment_taxes
United States total,FY2019,1372528,employment_taxes
United States total,FY2020,1226414,employment_taxes
United States total,FY2021,2239490,employment_taxes
United States total,FY2022,3113784,employment_taxes
United States total,FY2023,3626596,employment_taxes
United States total,FY2024,1565392,employment_taxes
United States total,FY2025,2750057,employment_taxes
United States total,FY2009,537744,estate_and_trust_income_tax
United States total,FY2010,305491,estate_and_trust_income_tax
United States total,FY2011,218999,estate_and_trust_income_tax
United States total,FY2012,209174,estate_and_trust_income_tax
United States total,FY2013,198950,estate_and_trust_income_tax
United States total,FY2014,227700,estate_and_trust_income_tax
United States total,FY2015,240494,estate_and_trust_income_tax
United States total,FY2016,301602,estate_and_trust_income_tax
United States total,FY2017,295511,estate_and_trust_income_tax
United States total,FY2018,230306,estate_and_trust_income_tax
United States total,FY2019,270839,estate_and_trust_income_tax
United States total,FY2020,273525,estate_and_trust_income_tax
United States total,FY2021,413023,estate_and_trust_income_tax
United States total,FY2022,345667,estate_and_trust_income_tax
United States total,FY2023,454974,estate_and_trust_income_tax
United States total,FY2024,393074,estate_and_trust_income_tax
United States total,FY2025,372735,estate_and_trust_income_tax
United States total,FY1995,13615,estate_tax
United States total,FY1996,14335,estate_tax
United States total,FY1997,16136,estate_tax
United States total,FY1998,17178,estate_tax
United States total,FY1999,19197,estate_tax
United States total,FY2000,19790,estate_tax
United States total,FY2001,20094,estate_tax
United States total,FY2002,20541,estate_tax
United States total,FY2003,19746,estate_tax
United States total,FY2004,15085,estate_tax
United States total,FY2005,15407,estate_tax
United States total,FY2006,14033,estate_tax
United States total,FY2007,14430,estate_tax
United States total,FY2008,12822,estate_tax
United States total,FY2009,12060,estate_tax
United States total,FY2010,9179,estate_tax
United States total,FY2011,5511,estate_tax
United States total,FY2012,4492,estate_tax
United States total,FY2013,4839,estate_tax
United States total,FY2014,4651,estate_tax
United States total,FY2015,5038,estate_tax
United States total,FY2016,5463,estate_tax
United States total,FY2017,5403,estate_tax
United States total,FY2018,5364,estate_tax
United States total,FY2019,4461,estate_tax
United States total,FY2020,2480,estate_tax
United States total,FY2021,3183,estate_tax
United States total,FY2022,2925,estate_tax
United States total,FY2023,4184,estate_tax
United States total,FY2024,3613,estate_tax
United States total,FY2025,3775,estate_tax
United States total,FY1995,71755,excise_taxes
United States total,FY1996,155579,excise_taxes
United States total,FY1997,93155,excise_taxes
United States total,FY1998,85580,excise_taxes
United States total,FY1999,63326,excise_taxes
United States total,FY2000,64817,excise_taxes
United States total,FY2001,61937,excise_taxes
United States total,FY2002,66814,excise_taxes
United States total,FY2003,69792,excise_taxes
United States total,FY2004,69818,excise_taxes
United States total,FY2005,120828,excise_taxes
United States total,FY2006,88329,excise_taxes
United States total,FY2007,140294,excise_taxes
United States total,FY2008,97727,excise_taxes
United States total,FY2009,100011,excise_taxes
United States total,FY2010,103022,excise_taxes
United States total,FY2011,94556,excise_taxes
United States total,FY2012,93979,excise_taxes
United States total,FY2013,90630,excise_taxes
United States total,FY2014,85045,excise_taxes
United States total,FY2015,91828,excise_taxes
United States total,FY2016,96050,excise_taxes
United States total,FY2017,93482,excise_taxes
United States total,FY2018,84123,excise_taxes
United States total,FY2019,101475,excise_taxes
United States total,FY2020,91152,excise_taxes
United States total,FY2021,126779,excise_taxes
United States total,FY2022,116258,excise_taxes
United States total,FY2023,124062,excise_taxes
United States total,FY2024,138640,excise_taxes
United States total,FY2025,131282,excise_taxes
United States total,FY1995,1965,gift_tax
United States total,FY1996,2203,gift_tax
United States total,FY1997,2953,gift_tax
United States total,FY1998,3251,gift_tax
United States total,FY1999,3759,gift_tax
United States total,FY2000,3741,gift_tax
United States total,FY2001,3898,gift_tax
United States total,FY2002,3676,gift_tax
United States total,FY2003,3313,gift_tax
United States total,FY2004,2191,gift_tax
United States total,FY2005,2735,gift_tax
United States total,FY2006,2932,gift_tax
United States total,FY2007,3488,gift_tax
United States total,FY2008,3418,gift_tax
United States total,FY2009,3461,gift_tax
United States total,FY2010,3455,gift_tax
United States total,FY2011,3654,gift_tax
United States total,FY2012,4122,gift_tax
United States total,FY2013,2380,gift_tax
United States total,FY2014,3027,gift_tax
United States total,FY2015,1747,gift_tax
United States total,FY2016,1678,gift_tax
United States total,FY2017,1538,gift_tax
United States total,FY2018,1395,gift_tax
United States total,FY2019,1195,gift_tax
United States total,FY2020,684,gift_tax
United States total,FY2021,825,gift_tax
United States total,FY2022,1365,gift_tax
United States total,FY2023,1639,gift_tax
United States total,FY2024,1315,gift_tax
United States total,FY2025,1125,gift_tax
United States total,FY1995,91633274,total_refunds
United States total,FY1996,88281474,total_refunds
United States total,FY1997,90919673,total_refunds
United States total,FY1998,90426491,total_refunds
United States total,FY1999,96520042,total_refunds
United States total,FY2000,94727815,total_refunds
United States total,FY2001,182855059,total_refunds
United States total,FY2002,109785695,total_refunds
United States total,FY2003,128969052,total_refunds
United States total,FY2004,108543272,total_refunds
United States total,FY2005,109047042,total_refunds
United States total,FY2006,110810589,total_refunds
United States total,FY2007,117776589,total_refunds
United States total,FY2008,237689335,total_refunds
United States total,FY2009,126937150,total_refunds
United States total,FY2010,122203039,total_refunds
United States total,FY2011,122869465,total_refunds
United States total,FY2012,123358811,total_refunds
United States total,FY2013,120947907,total_refunds
United States total,FY2014,118694299,total_refunds
United States total,FY2015,119020846,total_refunds
United States total,FY2016,122310753,total_refunds
United States total,FY2017,121991952,total_refunds
United States total,FY2018,122209230,total_refunds
United States total,FY2019,121892252,total_refunds
United States total,FY2020,303297919,total_refunds
United States total,FY2021,600089659,total_refunds
United States total,FY2022,242063490,total_refunds
United States total,FY2023,125534607,total_refunds
United States total,FY2024,120138015,total_refunds
United States total,FY2025,120571556,total_refunds
Upstate New York,FY1997,10545,business_income_taxes
Upstate New York,FY1997,35370,employment_taxes
Upstate New York,FY1997,268,estate_tax
Upstate New York,FY1997,851,excise_taxes
Upstate New York,FY1997,51,gift_tax
Upstate New York,FY1997,1372645,total_refunds
Utah,FY1998,3126,business_income_taxes
Utah,FY1999,3114,business_income_taxes
Utah,FY2000,2848,business_income_taxes
Utah,FY2001,2791,business_income_taxes
Utah,FY2002,3032,business_income_taxes
Utah,FY2003,3299,business_income_taxes
Utah,FY2004,2809,business_income_taxes
Utah,FY2005,2866,business_income_taxes
Utah,FY2006,2865,business_income_taxes
Utah,FY2007,7809,business_income_taxes
Utah,FY2008,5274,business_income_taxes
Utah,FY2009,4255,business_income_taxes
Utah,FY2010,4790,business_income_taxes
Utah,FY2011,3965,business_income_taxes
Utah,FY2012,3732,business_income_taxes
Utah,FY2013,3114,business_income_taxes
Utah,FY2014,2763,business_income_taxes
Utah,FY2015,2698,business_income_taxes
Utah,FY2016,2778,business_income_taxes
Utah,FY2017,2614,business_income_taxes
Utah,FY2018,2662,business_income_taxes
Utah,FY2019,2361,business_income_taxes
Utah,FY2020,2345,business_income_taxes
Utah,FY2021,3210,business_income_taxes
Utah,FY2022,5694,business_income_taxes
Utah,FY2023,3226,business_income_taxes
Utah,FY2024,3279,business_income_taxes
Utah,FY2025,3239,business_income_taxes
Utah,FY1998,15730,employment_taxes
Utah,FY1999,16069,employment_taxes
Utah,FY2000,15462,employment_taxes
Utah,FY2001,15070,employment_taxes
Utah,FY2002,15629,employment_taxes
Utah,FY2003,15554,employment_taxes
Utah,FY2004,15337,employment_taxes
Utah,FY2005,19481,employment_taxes
Utah,FY2006,20044,employment_taxes
Utah,FY2007,20863,employment_taxes
Utah,FY2008,21456,employment_taxes
Utah,FY2009,19048,employment_taxes
Utah,FY2010,16580,employment_taxes
Utah,FY2011,20398,employment_taxes
Utah,FY2012,18609,employment_taxes
Utah,FY2013,16523,employment_taxes
Utah,FY2014,13877,employment_taxes
Utah,FY2015,13882,employment_taxes
Utah,FY2016,13649,employment_taxes
Utah,FY2017,14010,employment_taxes
Utah,FY2018,13344,employment_taxes
Utah,FY2019,14202,employment_taxes
Utah,FY2020,13163,employment_taxes
Utah,FY2021,24142,employment_taxes
Utah,FY2022,38396,employment_taxes
Utah,FY2023,47219,employment_taxes
Utah,FY2024,16596,employment_taxes
Utah,FY2025,28372,employment_taxes
Utah,FY2009,1796,estate_and_trust_income_tax
Utah,FY2010,1332,estate_and_trust_income_tax
Utah,FY2011,1020,estate_and_trust_income_tax
Utah,FY2012,1015,estate_and_trust_income_tax
Utah,FY2013,985,estate_and_trust_income_tax
Utah,FY2014,1124,estate_and_trust_income_tax
Utah,FY2015,1285,estate_and_trust_income_tax
Utah,FY2016,1450,estate_and_trust_income_tax
Utah,FY2017,1398,estate_and_trust_income_tax
Utah,FY2018,1247,estate_and_trust_income_tax
Utah,FY2019,1329,estate_and_trust_income_tax
Utah,FY2020,1399,estate_and_trust_income_tax
Utah,FY2021,2439,estate_and_trust_income_tax
Utah,FY2022,8662,estate_and_trust_income_tax
Utah,FY2023,2098,estate_and_trust_income_tax
Utah,FY2024,2261,estate_and_trust_income_tax
Utah,FY2025,2154,estate_and_trust_income_tax
Utah,FY1998,42,estate_tax
Utah,FY1999,54,estate_tax
Utah,FY2000,51,estate_tax
Utah,FY2001,61,estate_tax
Utah,FY2002,53,estate_tax
Utah,FY2003,50,estate_tax
Utah,FY2004,46,estate_tax
Utah,FY2005,45,estate_tax
Utah,FY2006,32,estate_tax
Utah,FY2007,50,estate_tax
Utah,FY2008,47,estate_tax
Utah,FY2009,36,estate_tax
Utah,FY2010,31,estate_tax
Utah,FY2011,21,estate_tax
Utah,FY2013,27,estate_tax
Utah,FY2014,21,estate_tax
Utah,FY2015,18,estate_tax
Utah,FY2020,6,estate_tax
Utah,FY1998,207,excise_taxes
Utah,FY1999,385,excise_taxes
Utah,FY2000,416,excise_taxes
Utah,FY2001,339,excise_taxes
Utah,FY2002,462,excise_taxes
Utah,FY2003,433,excise_taxes
Utah,FY2004,503,excise_taxes
Utah,FY2005,802,excise_taxes
Utah,FY2006,535,excise_taxes
Utah,FY2007,995,excise_taxes
Utah,FY2008,591,excise_taxes
Utah,FY2009,654,excise_taxes
Utah,FY2010,618,excise_taxes
Utah,FY2011,639,excise_taxes
Utah,FY2012,602,excise_taxes
Utah,FY2013,626,excise_taxes
Utah,FY2014,658,excise_taxes
Utah,FY2015,668,excise_taxes
Utah,FY2016,731,excise_taxes
Utah,FY2017,677,excise_taxes
Utah,FY2018,635,excise_taxes
Utah,FY2019,719,excise_taxes
Utah,FY2020,654,excise_taxes
Utah,FY2021,975,excise_taxes
Utah,FY2022,990,excise_taxes
Utah,FY2023,976,excise_taxes
Utah,FY2024,1207,excise_taxes
Utah,FY2025,1128,excise_taxes
Utah,FY1998,6,gift_tax
Utah,FY1999,9,gift_tax
Utah,FY2000,19,gift_tax
Utah,FY2001,18,gift_tax
Utah,FY2002,13,gift_tax
Utah,FY2003,14,gift_tax
Utah,FY2004,6,gift_tax
Utah,FY2005,15,gift_tax
Utah,FY2006,5,gift_tax
Utah,FY2007,4,gift_tax
Utah,FY2008,11,gift_tax
Utah,FY2009,9,gift_tax
Utah,FY2010,7,gift_tax
Utah,FY2011,9,gift_tax
Utah,FY2013,6,gift_tax
Utah,FY2014,14,gift_tax
Utah,FY2015,5,gift_tax
Utah,FY2020,3,gift_tax
Utah,FY1998,542803,total_refunds
Utah,FY1999,708472,total_refunds
Utah,FY2000,729067,total_refunds
Utah,FY2001,1324993,total_refunds
Utah,FY2002,814513,total_refunds
Utah,FY2003,1012739,total_refunds
Utah,FY2004,812248,total_refunds
Utah,FY2005,828358,total_refunds
Utah,FY2006,857172,total_refunds
Utah,FY2007,916179,total_refunds
Utah,FY2008,1848764,total_refunds
Utah,FY2009,1034321,total_refunds
Utah,FY2010,1010452,total_refunds
Utah,FY2011,1001632,total_refunds
Utah,FY2012,1005036,total_refunds
Utah,FY2013,994443,total_refunds
Utah,FY2014,987266,total_refunds
Utah,FY2015,1007492,total_refunds
Utah,FY2016,1038676,total_refunds
Utah,FY2017,1051857,total_refunds
Utah,FY2018,1073228,total_refunds
Utah,FY2019,1086088,total_refunds
Utah,FY2020,2628352,total_refunds
Utah,FY2021,5380723,total_refunds
Utah,FY2022,2410313,total_refunds
Utah,FY2023,1190367,total_refunds
Utah,FY2024,1147540,total_refunds
Utah,FY2025,1168270,total_refunds
Vermont,FY1998,1119,business_income_taxes
Vermont,FY1999,1167,business_income_taxes
Vermont,FY2000,1116,business_income_taxes
Vermont,FY2001,1154,business_income_taxes
Vermont,FY2002,1264,business_income_taxes
Vermont,FY2003,1470,business_income_taxes
Vermont,FY2004,1150,business_income_taxes
Vermont,FY2005,1223,business_income_taxes
Vermont,FY2006,1323,business_income_taxes
Vermont,FY2007,3310,business_income_taxes
Vermont,FY2008,1954,business_income_taxes
Vermont,FY2009,1709,business_income_taxes
Vermont,FY2010,1630,business_income_taxes
Vermont,FY2011,1448,business_income_taxes
Vermont,FY2012,1280,business_income_taxes
Vermont,FY2013,1268,business_income_taxes
Vermont,FY2014,1224,business_income_taxes
Vermont,FY2015,1144,business_income_taxes
Vermont,FY2016,1045,business_income_taxes
Vermont,FY2017,1103,business_income_taxes
Vermont,FY2018,931,business_income_taxes
Vermont,FY2019,773,business_income_taxes
Vermont,FY2020,793,business_income_taxes
Vermont,FY2021,981,business_income_taxes
Vermont,FY2022,1324,business_income_taxes
Vermont,FY2023,831,business_income_taxes
Vermont,FY2024,934,business_income_taxes
Vermont,FY2025,971,business_income_taxes
Vermont,FY1998,5773,employment_taxes
Vermont,FY1999,6087,employment_taxes
Vermont,FY2000,6042,employment_taxes
Vermont,FY2001,5865,employment_taxes
Vermont,FY2002,5988,employment_taxes
Vermont,FY2003,5989,employment_taxes
Vermont,FY2004,5589,employment_taxes
Vermont,FY2005,6188,employment_taxes
Vermont,FY2006,6420,employment_taxes
Vermont,FY2007,6210,employment_taxes
Vermont,FY2008,6343,employment_taxes
Vermont,FY2009,5490,employment_taxes
Vermont,FY2010,5019,employment_taxes
Vermont,FY2011,6113,employment_taxes
Vermont,FY2012,5771,employment_taxes
Vermont,FY2013,4883,employment_taxes
Vermont,FY2014,4179,employment_taxes
Vermont,FY2015,3910,employment_taxes
Vermont,FY2016,3627,employment_taxes
Vermont,FY2017,3546,employment_taxes
Vermont,FY2018,3254,employment_taxes
Vermont,FY2019,3182,employment_taxes
Vermont,FY2020,2907,employment_taxes
Vermont,FY2021,5665,employment_taxes
Vermont,FY2022,7247,employment_taxes
Vermont,FY2023,7674,employment_taxes
Vermont,FY2024,3508,employment_taxes
Vermont,FY2025,6333,employment_taxes
Vermont,FY2009,1875,estate_and_trust_income_tax
Vermont,FY2010,747,estate_and_trust_income_tax
Vermont,FY2011,565,estate_and_trust_income_tax
Vermont,FY2012,559,estate_and_trust_income_tax
Vermont,FY2013,495,estate_and_trust_income_tax
Vermont,FY2014,594,estate_and_trust_income_tax
Vermont,FY2015,603,estate_and_trust_income_tax
Vermont,FY2016,774,estate_and_trust_income_tax
Vermont,FY2017,784,estate_and_trust_income_tax
Vermont,FY2018,616,estate_and_trust_income_tax
Vermont,FY2019,730,estate_and_trust_income_tax
Vermont,FY2020,719,estate_and_trust_income_tax
Vermont,FY2021,1285,estate_and_trust_income_tax
Vermont,FY2022,8139,estate_and_trust_income_tax
Vermont,FY2023,1385,estate_and_trust_income_tax
Vermont,FY2024,1186,estate_and_trust_income_tax
Vermont,FY2025,1147,estate_and_trust_income_tax
Vermont,FY1998,30,estate_tax
Vermont,FY1999,55,estate_tax
Vermont,FY2000,60,estate_tax
Vermont,FY2001,55,estate_tax
Vermont,FY2002,62,estate_tax
Vermont,FY2003,64,estate_tax
Vermont,FY2004,57,estate_tax
Vermont,FY2005,52,estate_tax
Vermont,FY2006,36,estate_tax
Vermont,FY2007,42,estate_tax
Vermont,FY2008,39,estate_tax
Vermont,FY2009,36,estate_tax
Vermont,FY2010,29,estate_tax
Vermont,FY2011,18,estate_tax
Vermont,FY2012,14,estate_tax
Vermont,FY2013,15,estate_tax
Vermont,FY2014,20,estate_tax
Vermont,FY2015,20,estate_tax
Vermont,FY2020,4,estate_tax
Vermont,FY1998,39,excise_taxes
Vermont,FY1999,172,excise_taxes
Vermont,FY2000,173,excise_taxes
Vermont,FY2001,181,excise_taxes
Vermont,FY2002,192,excise_taxes
Vermont,FY2003,264,excise_taxes
Vermont,FY2004,204,excise_taxes
Vermont,FY2005,358,excise_taxes
Vermont,FY2006,328,excise_taxes
Vermont,FY2007,381,excise_taxes
Vermont,FY2008,336,excise_taxes
Vermont,FY2009,312,excise_taxes
Vermont,FY2010,317,excise_taxes
Vermont,FY2011,304,excise_taxes
Vermont,FY2012,304,excise_taxes
Vermont,FY2013,304,excise_taxes
Vermont,FY2014,266,excise_taxes
Vermont,FY2015,291,excise_taxes
Vermont,FY2016,272,excise_taxes
Vermont,FY2017,272,excise_taxes
Vermont,FY2018,234,excise_taxes
Vermont,FY2019,367,excise_taxes
Vermont,FY2020,301,excise_taxes
Vermont,FY2021,449,excise_taxes
Vermont,FY2022,418,excise_taxes
Vermont,FY2023,436,excise_taxes
Vermont,FY2024,479,excise_taxes
Vermont,FY2025,407,excise_taxes
Vermont,FY1998,4,gift_tax
Vermont,FY1999,4,gift_tax
Vermont,FY2000,9,gift_tax
Vermont,FY2001,8,gift_tax
Vermont,FY2002,12,gift_tax
Vermont,FY2003,4,gift_tax
Vermont,FY2004,4,gift_tax
Vermont,FY2005,3,gift_tax
Vermont,FY2006,14,gift_tax
Vermont,FY2007,5,gift_tax
Vermont,FY2008,8,gift_tax
Vermont,FY2009,14,gift_tax
Vermont,FY2010,11,gift_tax
Vermont,FY2011,12,gift_tax
Vermont,FY2012,6,gift_tax
Vermont,FY2013,10,gift_tax
Vermont,FY2014,5,gift_tax
Vermont,FY2015,3,gift_tax
Vermont,FY2020,0,gift_tax
Vermont,FY1998,167771,total_refunds
Vermont,FY1999,218859,total_refunds
Vermont,FY2000,222372,total_refunds
Vermont,FY2001,429354,total_refunds
Vermont,FY2002,252602,total_refunds
Vermont,FY2003,294920,total_refunds
Vermont,FY2004,249073,total_refunds
Vermont,FY2005,243164,total_refunds
Vermont,FY2006,247927,total_refunds
Vermont,FY2007,267016,total_refunds
Vermont,FY2008,533571,total_refunds
Vermont,FY2009,278417,total_refunds
Vermont,FY2010,268630,total_refunds
Vermont,FY2011,267250,total_refunds
Vermont,FY2012,266367,total_refunds
Vermont,FY2013,262180,total_refunds
Vermont,FY2014,257560,total_refunds
Vermont,FY2015,250937,total_refunds
Vermont,FY2016,260257,total_refunds
Vermont,FY2017,259915,total_refunds
Vermont,FY2018,258687,total_refunds
Vermont,FY2019,259296,total_refunds
Vermont,FY2020,637795,total_refunds
Vermont,FY2021,1181235,total_refunds
Vermont,FY2022,457654,total_refunds
Vermont,FY2023,261465,total_refunds
Vermont,FY2024,247438,total_refunds
Vermont,FY2025,247920,total_refunds
Virginia,FY1998,10977,business_income_taxes
Virginia,FY1999,10756,business_income_taxes
Virginia,FY2000,10679,business_income_taxes
Virginia,FY2001,10945,business_income_taxes
Virginia,FY2002,11582,business_income_taxes
Virginia,FY2003,12448,business_income_taxes
Virginia,FY2004,10531,business_income_taxes
Virginia,FY2005,10814,business_income_taxes
Virginia,FY2006,10624,business_income_taxes
Virginia,FY2007,21298,business_income_taxes
Virginia,FY2008,15083,business_income_taxes
Virginia,FY2009,13649,business_income_taxes
Virginia,FY2010,14679,business_income_taxes
Virginia,FY2011,12742,business_income_taxes
Virginia,FY2012,11106,business_income_taxes
Virginia,FY2013,9893,business_income_taxes
Virginia,FY2014,8971,business_income_taxes
Virginia,FY2015,8888,business_income_taxes
Virginia,FY2016,8157,business_income_taxes
Virginia,FY2017,8065,business_income_taxes
Virginia,FY2018,7874,business_income_taxes
Virginia,FY2019,6961,business_income_taxes
Virginia,FY2020,6445,business_income_taxes
Virginia,FY2021,9833,business_income_taxes
Virginia,FY2022,15046,business_income_taxes
Virginia,FY2023,8324,business_income_taxes
Virginia,FY2024,9131,business_income_taxes
Virginia,FY2025,9054,business_income_taxes
Virginia,FY1998,45218,employment_taxes
Virginia,FY1999,46043,employment_taxes
Virginia,FY2000,45582,employment_taxes
Virginia,FY2001,46362,employment_taxes
Virginia,FY2002,44013,employment_taxes
Virginia,FY2003,44586,employment_taxes
Virginia,FY2004,44108,employment_taxes
Virginia,FY2005,55322,employment_taxes
Virginia,FY2006,57196,employment_taxes
Virginia,FY2007,56999,employment_taxes
Virginia,FY2008,55184,employment_taxes
Virginia,FY2009,49767,employment_taxes
Virginia,FY2010,44142,employment_taxes
Virginia,FY2011,54133,employment_taxes
Virginia,FY2012,47444,employment_taxes
Virginia,FY2013,44759,employment_taxes
Virginia,FY2014,36330,employment_taxes
Virginia,FY2015,35032,employment_taxes
Virginia,FY2016,32573,employment_taxes
Virginia,FY2017,32268,employment_taxes
Virginia,FY2018,30856,employment_taxes
Virginia,FY2019,31224,employment_taxes
Virginia,FY2020,27833,employment_taxes
Virginia,FY2021,50376,employment_taxes
Virginia,FY2022,68836,employment_taxes
Virginia,FY2023,78522,employment_taxes
Virginia,FY2024,36113,employment_taxes
Virginia,FY2025,65540,employment_taxes
Virginia,FY2009,10046,estate_and_trust_income_tax
Virginia,FY2010,6515,estate_and_trust_income_tax
Virginia,FY2011,4942,estate_and_trust_income_tax
Virginia,FY2012,4782,estate_and_trust_income_tax
Virginia,FY2013,4728,estate_and_trust_income_tax
Virginia,FY2014,5389,estate_and_trust_income_tax
Virginia,FY2015,5660,estate_and_trust_income_tax
Virginia,FY2016,6730,estate_and_trust_income_tax
Virginia,FY2017,6380,estate_and_trust_income_tax
Virginia,FY2018,5485,estate_and_trust_income_tax
Virginia,FY2019,6242,estate_and_trust_income_tax
Virginia,FY2020,6417,estate_and_trust_income_tax
Virginia,FY2021,9212,estate_and_trust_income_tax
Virginia,FY2022,13,estate_and_trust_income_tax
Virginia,FY2023,10063,estate_and_trust_income_tax
Virginia,FY2024,9306,estate_and_trust_income_tax
Virginia,FY2025,9092,estate_and_trust_income_tax
Virginia,FY1998,369,estate_tax
Virginia,FY1999,477,estate_tax
Virginia,FY2000,537,estate_tax
Virginia,FY2001,509,estate_tax
Virginia,FY2002,563,estate_tax
Virginia,FY2003,529,estate_tax
Virginia,FY2004,398,estate_tax
Virginia,FY2005,365,estate_tax
Virginia,FY2006,349,estate_tax
Virginia,FY2007,378,estate_tax
Virginia,FY2008,336,estate_tax
Virginia,FY2009,326,estate_tax
Virginia,FY2010,229,estate_tax
Virginia,FY2011,136,estate_tax
Virginia,FY2012,108,estate_tax
Virginia,FY2013,123,estate_tax
Virginia,FY2014,120,estate_tax
Virginia,FY2015,105,estate_tax
Virginia,FY2016,132,estate_tax
Virginia,FY2017,128,estate_tax
Virginia,FY2018,138,estate_tax
Virginia,FY2019,110,estate_tax
Virginia,FY2020,48,estate_tax
Virginia,FY2021,73,estate_tax
Virginia,FY2022,63,estate_tax
Virginia,FY2023,86,estate_tax
Virginia,FY2024,70,estate_tax
Virginia,FY2025,66,estate_tax
Virginia,FY1998,530,excise_taxes
Virginia,FY1999,1294,excise_taxes
Virginia,FY2000,1321,excise_taxes
Virginia,FY2001,1313,excise_taxes
Virginia,FY2002,1444,excise_taxes
Virginia,FY2003,1706,excise_taxes
Virginia,FY2004,1469,excise_taxes
Virginia,FY2005,2900,excise_taxes
Virginia,FY2006,1994,excise_taxes
Virginia,FY2007,3213,excise_taxes
Virginia,FY2008,2131,excise_taxes
Virginia,FY2009,2362,excise_taxes
Virginia,FY2010,2023,excise_taxes
Virginia,FY2011,1849,excise_taxes
Virginia,FY2012,2213,excise_taxes
Virginia,FY2013,2027,excise_taxes
Virginia,FY2014,1916,excise_taxes
Virginia,FY2015,2136,excise_taxes
Virginia,FY2016,2135,excise_taxes
Virginia,FY2017,1892,excise_taxes
Virginia,FY2018,1881,excise_taxes
Virginia,FY2019,2358,excise_taxes
Virginia,FY2020,2000,excise_taxes
Virginia,FY2021,2857,excise_taxes
Virginia,FY2022,2887,excise_taxes
Virginia,FY2023,2671,excise_taxes
Virginia,FY2024,3172,excise_taxes
Virginia,FY2025,3270,excise_taxes
Virginia,FY1998,41,gift_tax
Virginia,FY1999,68,gift_tax
Virginia,FY2000,52,gift_tax
Virginia,FY2001,77,gift_tax
Virginia,FY2002,58,gift_tax
Virginia,FY2003,68,gift_tax
Virginia,FY2004,54,gift_tax
Virginia,FY2005,41,gift_tax
Virginia,FY2006,51,gift_tax
Virginia,FY2007,63,gift_tax
Virginia,FY2008,44,gift_tax
Virginia,FY2009,54,gift_tax
Virginia,FY2010,61,gift_tax
Virginia,FY2011,68,gift_tax
Virginia,FY2012,69,gift_tax
Virginia,FY2013,52,gift_tax
Virginia,FY2014,58,gift_tax
Virginia,FY2015,30,gift_tax
Virginia,FY2016,26,gift_tax
Virginia,FY2017,20,gift_tax
Virginia,FY2018,30,gift_tax
Virginia,FY2019,26,gift_tax
Virginia,FY2020,17,gift_tax
Virginia,FY2021,14,gift_tax
Virginia,FY2022,33,gift_tax
Virginia,FY2023,34,gift_tax
Virginia,FY2024,42,gift_tax
Virginia,FY2025,13,gift_tax
Virginia,FY1998,1515581,total_refunds
Virginia,FY1999,2454280,total_refunds
Virginia,FY2000,2502797,total_refunds
Virginia,FY2001,4855497,total_refunds
Virginia,FY2002,2832006,total_refunds
Virginia,FY2003,3366902,total_refunds
Virginia,FY2004,2844120,total_refunds
Virginia,FY2005,2849110,total_refunds
Virginia,FY2006,2892800,total_refunds
Virginia,FY2007,3031366,total_refunds
Virginia,FY2008,6132797,total_refunds
Virginia,FY2009,3313300,total_refunds
Virginia,FY2010,3187797,total_refunds
Virginia,FY2011,3192940,total_refunds
Virginia,FY2012,3210945,total_refunds
Virginia,FY2013,3181070,total_refunds
Virginia,FY2014,3112499,total_refunds
Virginia,FY2015,3050798,total_refunds
Virginia,FY2016,3184073,total_refunds
Virginia,FY2017,3177783,total_refunds
Virginia,FY2018,3163095,total_refunds
Virginia,FY2019,3120352,total_refunds
Virginia,FY2020,7576173,total_refunds
Virginia,FY2021,14709659,total_refunds
Virginia,FY2022,6169588,total_refunds
Virginia,FY2023,3204289,total_refunds
Virginia,FY2024,3029554,total_refunds
Virginia,FY2025,3049161,total_refunds
Virginia-West Virginia,FY1997,14150,business_income_taxes
Virginia-West Virginia,FY1997,56724,employment_taxes
Virginia-West Virginia,FY1997,367,estate_tax
Virginia-West Virginia,FY1997,1263,excise_taxes
Virginia-West Virginia,FY1997,57,gift_tax
Virginia-West Virginia,FY1997,2781562,total_refunds
Washington,FY1998,21862,business_income_taxes
Washington,FY1999,13222,business_income_taxes
Washington,FY2000,12046,business_income_taxes
Washington,FY2001,13508,business_income_taxes
Washington,FY2002,14145,business_income_taxes
Washington,FY2003,12924,business_income_taxes
Washington,FY2004,10838,business_income_taxes
Washington,FY2005,9180,business_income_taxes
Washington,FY2006,10094,business_income_taxes
Washington,FY2007,19259,business_income_taxes
Washington,FY2008,14695,business_income_taxes
Washington,FY2009,12964,business_income_taxes
Washington,FY2010,13672,business_income_taxes
Washington,FY2011,11464,business_income_taxes
Washington,FY2012,10192,business_income_taxes
Washington,FY2013,8713,business_income_taxes
Washington,FY2014,8012,business_income_taxes
Washington,FY2015,8021,business_income_taxes
Washington,FY2016,7899,business_income_taxes
Washington,FY2017,7532,business_income_taxes
Washington,FY2018,7288,business_income_taxes
Washington,FY2019,6675,business_income_taxes
Washington,FY2020,6356,business_income_taxes
Washington,FY2021,9092,business_income_taxes
Washington,FY2022,14094,business_income_taxes
Washington,FY2023,7833,business_income_taxes
Washington,FY2024,8301,business_income_taxes
Washington,FY2025,8152,business_income_taxes
Washington,FY1998,54055,employment_taxes
Washington,FY1999,52518,employment_taxes
Washington,FY2000,51929,employment_taxes
Washington,FY2001,52264,employment_taxes
Washington,FY2002,48356,employment_taxes
Washington,FY2003,48096,employment_taxes
Washington,FY2004,48272,employment_taxes
Washington,FY2005,58869,employment_taxes
Washington,FY2006,60694,employment_taxes
Washington,FY2007,61757,employment_taxes
Washington,FY2008,61480,employment_taxes
Washington,FY2009,56037,employment_taxes
Washington,FY2010,47316,employment_taxes
Washington,FY2011,59890,employment_taxes
Washington,FY2012,54229,employment_taxes
Washington,FY2013,47750,employment_taxes
Washington,FY2014,39884,employment_taxes
Washington,FY2015,39986,employment_taxes
Washington,FY2016,40210,employment_taxes
Washington,FY2017,41255,employment_taxes
Washington,FY2018,40252,employment_taxes
Washington,FY2019,42382,employment_taxes
Washington,FY2020,38829,employment_taxes
Washington,FY2021,68575,employment_taxes
Washington,FY2022,96452,employment_taxes
Washington,FY2023,96505,employment_taxes
Washington,FY2024,46765,employment_taxes
Washington,FY2025,73973,employment_taxes
Washington,FY2009,10274,estate_and_trust_income_tax
Washington,FY2010,7161,estate_and_trust_income_tax
Washington,FY2011,4869,estate_and_trust_income_tax
Washington,FY2012,4645,estate_and_trust_income_tax
Washington,FY2013,4376,estate_and_trust_income_tax
Washington,FY2014,4908,estate_and_trust_income_tax
Washington,FY2015,5238,estate_and_trust_income_tax
Washington,FY2016,5949,estate_and_trust_income_tax
Washington,FY2017,6146,estate_and_trust_income_tax
Washington,FY2018,5110,estate_and_trust_income_tax
Washington,FY2019,5863,estate_and_trust_income_tax
Washington,FY2020,6218,estate_and_trust_income_tax
Washington,FY2021,9735,estate_and_trust_income_tax
Washington,FY2022,6290,estate_and_trust_income_tax
Washington,FY2023,9975,estate_and_trust_income_tax
Washington,FY2024,9163,estate_and_trust_income_tax
Washington,FY2025,8499,estate_and_trust_income_tax
Washington,FY1998,616,estate_tax
Washington,FY1999,451,estate_tax
Washington,FY2000,488,estate_tax
Washington,FY2001,483,estate_tax
Washington,FY2002,451,estate_tax
Washington,FY2003,432,estate_tax
Washington,FY2004,340,estate_tax
Washington,FY2005,327,estate_tax
Washington,FY2006,299,estate_tax
Washington,FY2007,303,estate_tax
Washington,FY2008,259,estate_tax
Washington,FY2009,267,estate_tax
Washington,FY2010,179,estate_tax
Washington,FY2011,135,estate_tax
Washington,FY2012,92,estate_tax
Washington,FY2013,98,estate_tax
Washington,FY2014,94,estate_tax
Washington,FY2015,94,estate_tax
Washington,FY2016,96,estate_tax
Washington,FY2017,92,estate_tax
Washington,FY2018,85,estate_tax
Washington,FY2019,85,estate_tax
Washington,FY2020,33,estate_tax
Washington,FY2021,65,estate_tax
Washington,FY2022,49,estate_tax
Washington,FY2023,87,estate_tax
Washington,FY2024,78,estate_tax
Washington,FY2025,71,estate_tax
Washington,FY1998,13102,excise_taxes
Washington,FY1999,1731,excise_taxes
Washington,FY2000,1591,excise_taxes
Washington,FY2001,1705,excise_taxes
Washington,FY2002,1705,excise_taxes
Washington,FY2003,1799,excise_taxes
Washington,FY2004,1678,excise_taxes
Washington,FY2005,2660,excise_taxes
Washington,FY2006,1854,excise_taxes
Washington,FY2007,3023,excise_taxes
Washington,FY2008,2065,excise_taxes
Washington,FY2009,2015,excise_taxes
Washington,FY2010,2075,excise_taxes
Washington,FY2011,2002,excise_taxes
Washington,FY2012,1798,excise_taxes
Washington,FY2013,1640,excise_taxes
Washington,FY2014,1803,excise_taxes
Washington,FY2015,1756,excise_taxes
Washington,FY2016,1898,excise_taxes
Washington,FY2017,1805,excise_taxes
Washington,FY2018,1725,excise_taxes
Washington,FY2019,2055,excise_taxes
Washington,FY2020,1816,excise_taxes
Washington,FY2021,2529,excise_taxes
Washington,FY2022,2568,excise_taxes
Washington,FY2023,2544,excise_taxes
Washington,FY2024,3115,excise_taxes
Washington,FY2025,2925,excise_taxes
Washington,FY1998,69,gift_tax
Washington,FY1999,92,gift_tax
Washington,FY2000,68,gift_tax
Washington,FY2001,76,gift_tax
Washington,FY2002,93,gift_tax
Washington,FY2003,63,gift_tax
Washington,FY2004,61,gift_tax
Washington,FY2005,32,gift_tax
Washington,FY2006,71,gift_tax
Washington,FY2007,68,gift_tax
Washington,FY2008,73,gift_tax
Washington,FY2009,71,gift_tax
Washington,FY2010,62,gift_tax
Washington,FY2011,107,gift_tax
Washington,FY2012,101,gift_tax
Washington,FY2013,77,gift_tax
Washington,FY2014,92,gift_tax
Washington,FY2015,57,gift_tax
Washington,FY2016,40,gift_tax
Washington,FY2017,46,gift_tax
Washington,FY2018,39,gift_tax
Washington,FY2019,35,gift_tax
Washington,FY2020,18,gift_tax
Washington,FY2021,30,gift_tax
Washington,FY2022,47,gift_tax
Washington,FY2023,65,gift_tax
Washington,FY2024,36,gift_tax
Washington,FY2025,44,gift_tax
Washington,FY1998,1902759,total_refunds
Washington,FY1999,2015977,total_refunds
Washington,FY2000,2035874,total_refunds
Washington,FY2001,4006743,total_refunds
Washington,FY2002,2320893,total_refunds
Washington,FY2003,2735530,total_refunds
Washington,FY2004,2306918,total_refunds
Washington,FY2005,2363972,total_refunds
Washington,FY2006,2407643,total_refunds
Washington,FY2007,2554579,total_refunds
Washington,FY2008,5206885,total_refunds
Washington,FY2009,2857929,total_refunds
Washington,FY2010,2738242,total_refunds
Washington,FY2011,2711798,total_refunds
Washington,FY2012,2706375,total_refunds
Washington,FY2013,2685357,total_refunds
Washington,FY2014,2640001,total_refunds
Washington,FY2015,2680439,total_refunds
Washington,FY2016,2770080,total_refunds
Washington,FY2017,2806238,total_refunds
Washington,FY2018,2829200,total_refunds
Washington,FY2019,2864733,total_refunds
Washington,FY2020,6953923,total_refunds
Washington,FY2021,13557900,total_refunds
Washington,FY2022,5498702,total_refunds
Washington,FY2023,2961060,total_refunds
Washington,FY2024,2819354,total_refunds
Washington,FY2025,2791633,total_refunds
West Virginia,FY1998,2065,business_income_taxes
West Virginia,FY1999,2091,business_income_taxes
West Virginia,FY2000,2073,business_income_taxes
West Virginia,FY2001,2062,business_income_taxes
West Virginia,FY2002,2061,business_income_taxes
West Virginia,FY2003,2430,business_income_taxes
West Virginia,FY2004,1846,business_income_taxes
West Virginia,FY2005,1998,business_income_taxes
West Virginia,FY2006,1909,business_income_taxes
West Virginia,FY2007,3176,business_income_taxes
West Virginia,FY2008,2397,business_income_taxes
West Virginia,FY2009,2027,business_income_taxes
West Virginia,FY2010,2153,business_income_taxes
West Virginia,FY2011,2101,business_income_taxes
West Virginia,FY2012,1747,business_income_taxes
West Virginia,FY2013,1793,business_income_taxes
West Virginia,FY2014,1712,business_income_taxes
West Virginia,FY2015,1492,business_income_taxes
West Virginia,FY2016,1440,business_income_taxes
West Virginia,FY2017,1272,business_income_taxes
West Virginia,FY2018,1126,business_income_taxes
West Virginia,FY2019,894,business_income_taxes
West Virginia,FY2020,871,business_income_taxes
West Virginia,FY2021,1236,business_income_taxes
West Virginia,FY2022,1563,business_income_taxes
West Virginia,FY2023,958,business_income_taxes
West Virginia,FY2024,1120,business_income_taxes
West Virginia,FY2025,1036,business_income_taxes
West Virginia,FY1998,11253,employment_taxes
West Virginia,FY1999,11627,employment_taxes
West Virginia,FY2000,10833,employment_taxes
West Virginia,FY2001,11268,employment_taxes
West Virginia,FY2002,10351,employment_taxes
West Virginia,FY2003,10499,employment_taxes
West Virginia,FY2004,10031,employment_taxes
West Virginia,FY2005,11583,employment_taxes
West Virginia,FY2006,12276,employment_taxes
West Virginia,FY2007,12095,employment_taxes
West Virginia,FY2008,11755,employment_taxes
West Virginia,FY2009,11021,employment_taxes
West Virginia,FY2010,9441,employment_taxes
West Virginia,FY2011,12006,employment_taxes
West Virginia,FY2012,11381,employment_taxes
West Virginia,FY2013,10501,employment_taxes
West Virginia,FY2014,8073,employment_taxes
West Virginia,FY2015,7951,employment_taxes
West Virginia,FY2016,7290,employment_taxes
West Virginia,FY2017,6629,employment_taxes
West Virginia,FY2018,6168,employment_taxes
West Virginia,FY2019,6243,employment_taxes
West Virginia,FY2020,4907,employment_taxes
West Virginia,FY2021,9780,employment_taxes
West Virginia,FY2022,10850,employment_taxes
West Virginia,FY2023,13019,employment_taxes
West Virginia,FY2024,6199,employment_taxes
West Virginia,FY2025,9707,employment_taxes
West Virginia,FY2009,1732,estate_and_trust_income_tax
West Virginia,FY2010,898,estate_and_trust_income_tax
West Virginia,FY2011,642,estate_and_trust_income_tax
West Virginia,FY2012,608,estate_and_trust_income_tax
West Virginia,FY2013,621,estate_and_trust_income_tax
West Virginia,FY2014,642,estate_and_trust_income_tax
West Virginia,FY2015,705,estate_and_trust_income_tax
West Virginia,FY2016,811,estate_and_trust_income_tax
West Virginia,FY2017,835,estate_and_trust_income_tax
West Virginia,FY2018,734,estate_and_trust_income_tax
West Virginia,FY2019,755,estate_and_trust_income_tax
West Virginia,FY2020,848,estate_and_trust_income_tax
West Virginia,FY2021,1183,estate_and_trust_income_tax
West Virginia,FY2022,1079,estate_and_trust_income_tax
West Virginia,FY2023,1376,estate_and_trust_income_tax
West Virginia,FY2024,1142,estate_and_trust_income_tax
West Virginia,FY2025,954,estate_and_trust_income_tax
West Virginia,FY1998,22,estate_tax
West Virginia,FY1999,73,estate_tax
West Virginia,FY2000,87,estate_tax
West Virginia,FY2001,75,estate_tax
West Virginia,FY2002,66,estate_tax
West Virginia,FY2003,74,estate_tax
West Virginia,FY2004,38,estate_tax
West Virginia,FY2006,40,estate_tax
West Virginia,FY2007,29,estate_tax
West Virginia,FY2008,16,estate_tax
West Virginia,FY2010,22,estate_tax
West Virginia,FY2011,6,estate_tax
West Virginia,FY2012,11,estate_tax
West Virginia,FY2013,7,estate_tax
West Virginia,FY2014,18,estate_tax
West Virginia,FY2015,19,estate_tax
West Virginia,FY1998,518,excise_taxes
West Virginia,FY1999,460,excise_taxes
West Virginia,FY2000,482,excise_taxes
West Virginia,FY2001,431,excise_taxes
West Virginia,FY2002,528,excise_taxes
West Virginia,FY2003,564,excise_taxes
West Virginia,FY2004,559,excise_taxes
West Virginia,FY2005,952,excise_taxes
West Virginia,FY2006,746,excise_taxes
West Virginia,FY2007,948,excise_taxes
West Virginia,FY2008,696,excise_taxes
West Virginia,FY2009,918,excise_taxes
West Virginia,FY2010,702,excise_taxes
West Virginia,FY2011,636,excise_taxes
West Virginia,FY2012,713,excise_taxes
West Virginia,FY2013,563,excise_taxes
West Virginia,FY2014,405,excise_taxes
West Virginia,FY2015,526,excise_taxes
West Virginia,FY2016,484,excise_taxes
West Virginia,FY2018,478,excise_taxes
West Virginia,FY2019,645,excise_taxes
West Virginia,FY2020,598,excise_taxes
West Virginia,FY2021,781,excise_taxes
West Virginia,FY2022,686,excise_taxes
West Virginia,FY2023,743,excise_taxes
West Virginia,FY1998,1,gift_tax
West Virginia,FY1999,4,gift_tax
West Virginia,FY2000,7,gift_tax
West Virginia,FY2001,7,gift_tax
West Virginia,FY2002,7,gift_tax
West Virginia,FY2003,8,gift_tax
West Virginia,FY2004,5,gift_tax
West Virginia,FY2006,8,gift_tax
West Virginia,FY2007,13,gift_tax
West Virginia,FY2008,12,gift_tax
West Virginia,FY2010,7,gift_tax
West Virginia,FY2011,6,gift_tax
West Virginia,FY2012,9,gift_tax
West Virginia,FY2013,3,gift_tax
West Virginia,FY2014,3,gift_tax
West Virginia,FY2015,4,gift_tax
West Virginia,FY2017,0,gift_tax
West Virginia,FY2024,0,gift_tax
West Virginia,FY2025,0,gift_tax
West Virginia,FY1998,423466,total_refunds
West Virginia,FY1999,614009,total_refunds
West Virginia,FY2000,545282,total_refunds
West Virginia,FY2001,1109740,total_refunds
West Virginia,FY2002,663001,total_refunds
West Virginia,FY2003,746451,total_refunds
West Virginia,FY2004,654763,total_refunds
West Virginia,FY2005,646100,total_refunds
West Virginia,FY2006,653507,total_refunds
West Virginia,FY2007,681951,total_refunds
West Virginia,FY2008,1466317,total_refunds
West Virginia,FY2009,717661,total_refunds
West Virginia,FY2010,690959,total_refunds
West Virginia,FY2011,691676,total_refunds
West Virginia,FY2012,697819,total_refunds
West Virginia,FY2013,689607,total_refunds
West Virginia,FY2014,674868,total_refunds
West Virginia,FY2015,671303,total_refunds
West Virginia,FY2016,671961,total_refunds
West Virginia,FY2017,658380,total_refunds
West Virginia,FY2018,648880,total_refunds
West Virginia,FY2019,652439,total_refunds
West Virginia,FY2020,1712640,total_refunds
West Virginia,FY2021,3369086,total_refunds
West Virginia,FY2022,1231846,total_refunds
West Virginia,FY2023,644950,total_refunds
West Virginia,FY2024,616157,total_refunds
West Virginia,FY2025,610895,total_refunds
Western Region,FY1995,98744,business_income_taxes
Western Region,FY1996,128653,business_income_taxes
Western Region,FY1997,122053,business_income_taxes
Western Region,FY1995,395338,employment_taxes
Western Region,FY1996,491184,employment_taxes
Western Region,FY1997,501618,employment_taxes
Western Region,FY1995,3054,estate_tax
Western Region,FY1996,3934,estate_tax
Western Region,FY1997,4287,estate_tax
Western Region,FY1995,11733,excise_taxes
Western Region,FY1996,44854,excise_taxes
Western Region,FY1997,17453,excise_taxes
Western Region,FY1995,358,gift_tax
Western Region,FY1996,479,gift_tax
Western Region,FY1997,646,gift_tax
Western Region,FY1995,14066798,total_refunds
Western Region,FY1996,18895819,total_refunds
Western Region,FY1997,17259253,total_refunds
Wichita,FY1995,9701,business_income_taxes
Wichita,FY1996,9105,business_income_taxes
Wichita,FY1995,20663,employment_taxes
Wichita,FY1996,18847,employment_taxes
Wichita,FY1995,95,estate_tax
Wichita,FY1996,77,estate_tax
Wichita,FY1995,739,excise_taxes
Wichita,FY1996,960,excise_taxes
Wichita,FY1995,20,gift_tax
Wichita,FY1996,19,gift_tax
Wichita,FY1995,819863,total_refunds
Wichita,FY1996,793069,total_refunds
Wilmington,FY1995,1724,business_income_taxes
Wilmington,FY1996,1791,business_income_taxes
Wilmington,FY1995,6519,employment_taxes
Wilmington,FY1996,5927,employment_taxes
Wilmington,FY1995,29,estate_tax
Wilmington,FY1996,35,estate_tax
Wilmington,FY1995,217,excise_taxes
Wilmington,FY1996,240,excise_taxes
Wilmington,FY1995,12,gift_tax
Wilmington,FY1996,6,gift_tax
Wilmington,FY1995,251566,total_refunds
Wilmington,FY1996,247368,total_refunds
Wisconsin,FY1998,12810,business_income_taxes
Wisconsin,FY1999,12521,business_income_taxes
Wisconsin,FY2000,11965,business_income_taxes
Wisconsin,FY2001,12193,business_income_taxes
Wisconsin,FY2002,12448,business_income_taxes
Wisconsin,FY2003,13315,business_income_taxes
Wisconsin,FY2004,11080,business_income_taxes
Wisconsin,FY2005,10398,business_income_taxes
Wisconsin,FY2006,10315,business_income_taxes
Wisconsin,FY2007,24224,business_income_taxes
Wisconsin,FY2008,14930,business_income_taxes
Wisconsin,FY2009,12215,business_income_taxes
Wisconsin,FY2010,12161,business_income_taxes
Wisconsin,FY2011,11072,business_income_taxes
Wisconsin,FY2012,9830,business_income_taxes
Wisconsin,FY2013,9431,business_income_taxes
Wisconsin,FY2014,8669,business_income_taxes
Wisconsin,FY2015,7939,business_income_taxes
Wisconsin,FY2016,7630,business_income_taxes
Wisconsin,FY2017,7620,business_income_taxes
Wisconsin,FY2018,7072,business_income_taxes
Wisconsin,FY2019,5913,business_income_taxes
Wisconsin,FY2020,5825,business_income_taxes
Wisconsin,FY2021,7317,business_income_taxes
Wisconsin,FY2022,8842,business_income_taxes
Wisconsin,FY2023,5943,business_income_taxes
Wisconsin,FY2024,6001,business_income_taxes
Wisconsin,FY2025,5702,business_income_taxes
Wisconsin,FY1998,36346,employment_taxes
Wisconsin,FY1999,36139,employment_taxes
Wisconsin,FY2000,36495,employment_taxes
Wisconsin,FY2001,35383,employment_taxes
Wisconsin,FY2002,33319,employment_taxes
Wisconsin,FY2003,33468,employment_taxes
Wisconsin,FY2004,31599,employment_taxes
Wisconsin,FY2005,36847,employment_taxes
Wisconsin,FY2006,36892,employment_taxes
Wisconsin,FY2007,36450,employment_taxes
Wisconsin,FY2008,34152,employment_taxes
Wisconsin,FY2009,32079,employment_taxes
Wisconsin,FY2010,33235,employment_taxes
Wisconsin,FY2011,42754,employment_taxes
Wisconsin,FY2012,32772,employment_taxes
Wisconsin,FY2013,27476,employment_taxes
Wisconsin,FY2014,23363,employment_taxes
Wisconsin,FY2015,26706,employment_taxes
Wisconsin,FY2016,22948,employment_taxes
Wisconsin,FY2017,21685,employment_taxes
Wisconsin,FY2018,20953,employment_taxes
Wisconsin,FY2019,21324,employment_taxes
Wisconsin,FY2020,19561,employment_taxes
Wisconsin,FY2021,42920,employment_taxes
Wisconsin,FY2022,50472,employment_taxes
Wisconsin,FY2023,50045,employment_taxes
Wisconsin,FY2024,23066,employment_taxes
Wisconsin,FY2025,36173,employment_taxes
Wisconsin,FY2009,13263,estate_and_trust_income_tax
Wisconsin,FY2010,5093,estate_and_trust_income_tax
Wisconsin,FY2011,3608,estate_and_trust_income_tax
Wisconsin,FY2012,3736,estate_and_trust_income_tax
Wisconsin,FY2013,3043,estate_and_trust_income_tax
Wisconsin,FY2014,3316,estate_and_trust_income_tax
Wisconsin,FY2015,4636,estate_and_trust_income_tax
Wisconsin,FY2016,7365,estate_and_trust_income_tax
Wisconsin,FY2017,6288,estate_and_trust_income_tax
Wisconsin,FY2018,4460,estate_and_trust_income_tax
Wisconsin,FY2019,5466,estate_and_trust_income_tax
Wisconsin,FY2020,5930,estate_and_trust_income_tax
Wisconsin,FY2021,8392,estate_and_trust_income_tax
Wisconsin,FY2022,973,estate_and_trust_income_tax
Wisconsin,FY2023,11199,estate_and_trust_income_tax
Wisconsin,FY2024,8501,estate_and_trust_income_tax
Wisconsin,FY2025,6650,estate_and_trust_income_tax
Wisconsin,FY1998,323,estate_tax
Wisconsin,FY1999,292,estate_tax
Wisconsin,FY2000,290,estate_tax
Wisconsin,FY2001,317,estate_tax
Wisconsin,FY2002,314,estate_tax
Wisconsin,FY2003,325,estate_tax
Wisconsin,FY2004,240,estate_tax
Wisconsin,FY2005,203,estate_tax
Wisconsin,FY2006,217,estate_tax
Wisconsin,FY2007,170,estate_tax
Wisconsin,FY2008,193,estate_tax
Wisconsin,FY2009,151,estate_tax
Wisconsin,FY2010,127,estate_tax
Wisconsin,FY2011,58,estate_tax
Wisconsin,FY2012,62,estate_tax
Wisconsin,FY2013,51,estate_tax
Wisconsin,FY2014,55,estate_tax
Wisconsin,FY2015,64,estate_tax
Wisconsin,FY2016,66,estate_tax
Wisconsin,FY2017,55,estate_tax
Wisconsin,FY2018,46,estate_tax
Wisconsin,FY2019,51,estate_tax
Wisconsin,FY2020,29,estate_tax
Wisconsin,FY2022,39,estate_tax
Wisconsin,FY2023,58,estate_tax
Wisconsin,FY2024,36,estate_tax
Wisconsin,FY2025,34,estate_tax
Wisconsin,FY1998,528,excise_taxes
Wisconsin,FY1999,1126,excise_taxes
Wisconsin,FY2000,1224,excise_taxes
Wisconsin,FY2001,1171,excise_taxes
Wisconsin,FY2002,1455,excise_taxes
Wisconsin,FY2003,1422,excise_taxes
Wisconsin,FY2004,1353,excise_taxes
Wisconsin,FY2005,2616,excise_taxes
Wisconsin,FY2006,1601,excise_taxes
Wisconsin,FY2007,3223,excise_taxes
Wisconsin,FY2008,1791,excise_taxes
Wisconsin,FY2009,2294,excise_taxes
Wisconsin,FY2010,2748,excise_taxes
Wisconsin,FY2011,2319,excise_taxes
Wisconsin,FY2012,2254,excise_taxes
Wisconsin,FY2013,2055,excise_taxes
Wisconsin,FY2014,1934,excise_taxes
Wisconsin,FY2015,2080,excise_taxes
Wisconsin,FY2016,2562,excise_taxes
Wisconsin,FY2017,2204,excise_taxes
Wisconsin,FY2018,2077,excise_taxes
Wisconsin,FY2019,2562,excise_taxes
Wisconsin,FY2020,2435,excise_taxes
Wisconsin,FY2021,3445,excise_taxes
Wisconsin,FY2022,2514,excise_taxes
Wisconsin,FY2023,3009,excise_taxes
Wisconsin,FY2024,3606,excise_taxes
Wisconsin,FY2025,2806,excise_taxes
Wisconsin,FY1998,46,gift_tax
Wisconsin,FY1999,54,gift_tax
Wisconsin,FY2000,51,gift_tax
Wisconsin,FY2001,50,gift_tax
Wisconsin,FY2002,50,gift_tax
Wisconsin,FY2003,30,gift_tax
Wisconsin,FY2004,34,gift_tax
Wisconsin,FY2005,31,gift_tax
Wisconsin,FY2006,30,gift_tax
Wisconsin,FY2007,51,gift_tax
Wisconsin,FY2008,44,gift_tax
Wisconsin,FY2009,44,gift_tax
Wisconsin,FY2010,41,gift_tax
Wisconsin,FY2011,30,gift_tax
Wisconsin,FY2012,42,gift_tax
Wisconsin,FY2013,24,gift_tax
Wisconsin,FY2014,32,gift_tax
Wisconsin,FY2015,32,gift_tax
Wisconsin,FY2016,29,gift_tax
Wisconsin,FY2017,24,gift_tax
Wisconsin,FY2018,38,gift_tax
Wisconsin,FY2019,12,gift_tax
Wisconsin,FY2020,21,gift_tax
Wisconsin,FY2022,22,gift_tax
Wisconsin,FY2023,24,gift_tax
Wisconsin,FY2024,14,gift_tax
Wisconsin,FY2025,12,gift_tax
Wisconsin,FY1998,1328727,total_refunds
Wisconsin,FY1999,1945922,total_refunds
Wisconsin,FY2000,1912494,total_refunds
Wisconsin,FY2001,3797120,total_refunds
Wisconsin,FY2002,2102069,total_refunds
Wisconsin,FY2003,2583272,total_refunds
Wisconsin,FY2004,2140136,total_refunds
Wisconsin,FY2005,2092929,total_refunds
Wisconsin,FY2006,2140034,total_refunds
Wisconsin,FY2007,2299746,total_refunds
Wisconsin,FY2008,4593578,total_refunds
Wisconsin,FY2009,2395672,total_refunds
Wisconsin,FY2010,2315991,total_refunds
Wisconsin,FY2011,2300719,total_refunds
Wisconsin,FY2012,2299788,total_refunds
Wisconsin,FY2013,2279258,total_refunds
Wisconsin,FY2014,2253326,total_refunds
Wisconsin,FY2015,2236477,total_refunds
Wisconsin,FY2016,2268727,total_refunds
Wisconsin,FY2017,2274762,total_refunds
Wisconsin,FY2018,2269359,total_refunds
Wisconsin,FY2019,2267121,total_refunds
Wisconsin,FY2020,5528194,total_refunds
Wisconsin,FY2021,10650209,total_refunds
Wisconsin,FY2022,4184199,total_refunds
Wisconsin,FY2023,2265346,total_refunds
Wisconsin,FY2024,2147803,total_refunds
Wisconsin,FY2025,2132647,total_refunds
Wyoming,FY1998,1455,business_income_taxes
Wyoming,FY1999,1561,business_income_taxes
Wyoming,FY2000,1478,business_income_taxes
Wyoming,FY2001,1368,business_income_taxes
Wyoming,FY2002,1554,business_income_taxes
Wyoming,FY2003,1625,business_income_taxes
Wyoming,FY2004,1608,business_income_taxes
Wyoming,FY2005,1639,business_income_taxes
Wyoming,FY2006,1665,business_income_taxes
Wyoming,FY2007,2898,business_income_taxes
Wyoming,FY2008,2097,business_income_taxes
Wyoming,FY2009,1915,business_income_taxes
Wyoming,FY2010,2027,business_income_taxes
Wyoming,FY2011,1822,business_income_taxes
Wyoming,FY2012,1604,business_income_taxes
Wyoming,FY2013,1424,business_income_taxes
Wyoming,FY2014,1364,business_income_taxes
Wyoming,FY2015,1330,business_income_taxes
Wyoming,FY2016,1321,business_income_taxes
Wyoming,FY2017,1356,business_income_taxes
Wyoming,FY2018,1283,business_income_taxes
Wyoming,FY2019,1167,business_income_taxes
Wyoming,FY2020,1094,business_income_taxes
Wyoming,FY2021,1413,business_income_taxes
Wyoming,FY2022,2279,business_income_taxes
Wyoming,FY2023,1512,business_income_taxes
Wyoming,FY2024,1941,business_income_taxes
Wyoming,FY2025,1999,business_income_taxes
Wyoming,FY1998,5070,employment_taxes
Wyoming,FY1999,5174,employment_taxes
Wyoming,FY2000,5104,employment_taxes
Wyoming,FY2001,5216,employment_taxes
Wyoming,FY2002,5591,employment_taxes
Wyoming,FY2003,5770,employment_taxes
Wyoming,FY2004,5647,employment_taxes
Wyoming,FY2005,6886,employment_taxes
Wyoming,FY2006,7128,employment_taxes
Wyoming,FY2007,7302,employment_taxes
Wyoming,FY2008,7736,employment_taxes
Wyoming,FY2009,7099,employment_taxes
Wyoming,FY2010,5894,employment_taxes
Wyoming,FY2011,7565,employment_taxes
Wyoming,FY2012,7289,employment_taxes
Wyoming,FY2013,6506,employment_taxes
Wyoming,FY2014,5018,employment_taxes
Wyoming,FY2015,4772,employment_taxes
Wyoming,FY2016,4472,employment_taxes
Wyoming,FY2017,4413,employment_taxes
Wyoming,FY2018,4209,employment_taxes
Wyoming,FY2019,4280,employment_taxes
Wyoming,FY2020,3790,employment_taxes
Wyoming,FY2021,7350,employment_taxes
Wyoming,FY2022,8159,employment_taxes
Wyoming,FY2023,8033,employment_taxes
Wyoming,FY2024,4909,employment_taxes
Wyoming,FY2025,6878,employment_taxes
Wyoming,FY2009,1016,estate_and_trust_income_tax
Wyoming,FY2010,908,estate_and_trust_income_tax
Wyoming,FY2011,493,estate_and_trust_income_tax
Wyoming,FY2012,595,estate_and_trust_income_tax
Wyoming,FY2013,487,estate_and_trust_income_tax
Wyoming,FY2014,604,estate_and_trust_income_tax
Wyoming,FY2015,634,estate_and_trust_income_tax
Wyoming,FY2016,875,estate_and_trust_income_tax
Wyoming,FY2017,822,estate_and_trust_income_tax
Wyoming,FY2018,704,estate_and_trust_income_tax
Wyoming,FY2019,767,estate_and_trust_income_tax
Wyoming,FY2020,865,estate_and_trust_income_tax
Wyoming,FY2021,1436,estate_and_trust_income_tax
Wyoming,FY2022,1436,estate_and_trust_income_tax
Wyoming,FY2023,1470,estate_and_trust_income_tax
Wyoming,FY2024,1437,estate_and_trust_income_tax
Wyoming,FY2025,1384,estate_and_trust_income_tax
Wyoming,FY1998,29,estate_tax
Wyoming,FY1999,43,estate_tax
Wyoming,FY2000,26,estate_tax
Wyoming,FY2001,37,estate_tax
Wyoming,FY2002,37,estate_tax
Wyoming,FY2003,33,estate_tax
Wyoming,FY2004,23,estate_tax
Wyoming,FY2005,12,estate_tax
Wyoming,FY2006,24,estate_tax
Wyoming,FY2007,30,estate_tax
Wyoming,FY2008,40,estate_tax
Wyoming,FY2009,26,estate_tax
Wyoming,FY2010,31,estate_tax
Wyoming,FY2011,9,estate_tax
Wyoming,FY2012,21,estate_tax
Wyoming,FY2013,12,estate_tax
Wyoming,FY2014,9,estate_tax
Wyoming,FY2015,13,estate_tax
Wyoming,FY2020,12,estate_tax
Wyoming,FY1998,60,excise_taxes
Wyoming,FY1999,150,excise_taxes
Wyoming,FY2000,172,excise_taxes
Wyoming,FY2001,161,excise_taxes
Wyoming,FY2002,176,excise_taxes
Wyoming,FY2003,190,excise_taxes
Wyoming,FY2004,213,excise_taxes
Wyoming,FY2005,431,excise_taxes
Wyoming,FY2006,237,excise_taxes
Wyoming,FY2007,335,excise_taxes
Wyoming,FY2008,285,excise_taxes
Wyoming,FY2009,273,excise_taxes
Wyoming,FY2010,329,excise_taxes
Wyoming,FY2011,319,excise_taxes
Wyoming,FY2012,359,excise_taxes
Wyoming,FY2013,318,excise_taxes
Wyoming,FY2014,310,excise_taxes
Wyoming,FY2015,352,excise_taxes
Wyoming,FY2016,288,excise_taxes
Wyoming,FY2017,283,excise_taxes
Wyoming,FY2018,283,excise_taxes
Wyoming,FY2019,394,excise_taxes
Wyoming,FY2020,337,excise_taxes
Wyoming,FY2021,424,excise_taxes
Wyoming,FY2022,357,excise_taxes
Wyoming,FY2023,399,excise_taxes
Wyoming,FY2024,451,excise_taxes
Wyoming,FY2025,403,excise_taxes
Wyoming,FY1998,9,gift_tax
Wyoming,FY1999,15,gift_tax
Wyoming,FY2000,9,gift_tax
Wyoming,FY2001,14,gift_tax
Wyoming,FY2002,12,gift_tax
Wyoming,FY2003,6,gift_tax
Wyoming,FY2004,6,gift_tax
Wyoming,FY2005,4,gift_tax
Wyoming,FY2006,25,gift_tax
Wyoming,FY2007,20,gift_tax
Wyoming,FY2008,24,gift_tax
Wyoming,FY2009,24,gift_tax
Wyoming,FY2010,16,gift_tax
Wyoming,FY2011,33,gift_tax
Wyoming,FY2012,18,gift_tax
Wyoming,FY2013,11,gift_tax
Wyoming,FY2014,7,gift_tax
Wyoming,FY2015,11,gift_tax
Wyoming,FY2020,12,gift_tax
Wyoming,FY1998,124385,total_refunds
Wyoming,FY1999,176388,total_refunds
Wyoming,FY2000,177134,total_refunds
Wyoming,FY2001,329720,total_refunds
Wyoming,FY2002,199060,total_refunds
Wyoming,FY2003,236124,total_refunds
Wyoming,FY2004,200992,total_refunds
Wyoming,FY2005,200294,total_refunds
Wyoming,FY2006,203917,total_refunds
Wyoming,FY2007,218044,total_refunds
Wyoming,FY2008,446731,total_refunds
Wyoming,FY2009,244555,total_refunds
Wyoming,FY2010,238953,total_refunds
Wyoming,FY2011,239195,total_refunds
Wyoming,FY2012,247976,total_refunds
Wyoming,FY2013,254165,total_refunds
Wyoming,FY2014,232612,total_refunds
Wyoming,FY2015,229270,total_refunds
Wyoming,FY2016,228380,total_refunds
Wyoming,FY2017,221537,total_refunds
Wyoming,FY2018,219336,total_refunds
Wyoming,FY2019,222245,total_refunds
Wyoming,FY2020,536349,total_refunds
Wyoming,FY2021,1037868,total_refunds
Wyoming,FY2022,427909,total_refunds
Wyoming,FY2023,224259,total_refunds
Wyoming,FY2024,214858,total_refunds
Wyoming,FY2025,215104,total_refunds
