time,series,value,projected,scenario
2025-01-01,total,2.675227301543713,0,tracker_actual_2026-07-24
2025-01-01,new_tariffs,0,0,tracker_actual_2026-07-24
2025-01-02,total,2.675227301543713,0,tracker_actual_2026-07-24
2025-01-02,new_tariffs,0,0,tracker_actual_2026-07-24
2025-01-03,total,2.675227301543713,0,tracker_actual_2026-07-24
2025-01-03,new_tariffs,0,0,tracker_actual_2026-07-24
2025-01-04,total,2.675227301543713,0,tracker_actual_2026-07-24
2025-01-04,new_tariffs,0,0,tracker_actual_2026-07-24
2025-01-05,total,2.675227301543713,0,tracker_actual_2026-07-24
2025-01-05,new_tariffs,0,0,tracker_actual_2026-07-24
2025-01-06,total,2.675227301543713,0,tracker_actual_2026-07-24
2025-01-06,new_tariffs,0,0,tracker_actual_2026-07-24
2025-01-07,total,2.675227301543713,0,tracker_actual_2026-07-24
2025-01-07,new_tariffs,0,0,tracker_actual_2026-07-24
2025-01-08,total,2.675227301543713,0,tracker_actual_2026-07-24
2025-01-08,new_tariffs,0,0,tracker_actual_2026-07-24
2025-01-09,total,2.675227301543713,0,tracker_actual_2026-07-24
2025-01-09,new_tariffs,0,0,tracker_actual_2026-07-24
2025-01-10,total,2.675227301543713,0,tracker_actual_2026-07-24
2025-01-10,new_tariffs,0,0,tracker_actual_2026-07-24
2025-01-11,total,2.675227301543713,0,tracker_actual_2026-07-24
2025-01-11,new_tariffs,0,0,tracker_actual_2026-07-24
2025-01-12,total,2.675227301543713,0,tracker_actual_2026-07-24
2025-01-12,new_tariffs,0,0,tracker_actual_2026-07-24
2025-01-13,total,2.675227301543713,0,tracker_actual_2026-07-24
2025-01-13,new_tariffs,0,0,tracker_actual_2026-07-24
2025-01-14,total,2.675227301543713,0,tracker_actual_2026-07-24
2025-01-14,new_tariffs,0,0,tracker_actual_2026-07-24
2025-01-15,total,2.675227301543713,0,tracker_actual_2026-07-24
2025-01-15,new_tariffs,0,0,tracker_actual_2026-07-24
2025-01-16,total,2.675227301543713,0,tracker_actual_2026-07-24
2025-01-16,new_tariffs,0,0,tracker_actual_2026-07-24
2025-01-17,total,2.675227301543713,0,tracker_actual_2026-07-24
2025-01-17,new_tariffs,0,0,tracker_actual_2026-07-24
2025-01-18,total,2.675227301543713,0,tracker_actual_2026-07-24
2025-01-18,new_tariffs,0,0,tracker_actual_2026-07-24
2025-01-19,total,2.675227301543713,0,tracker_actual_2026-07-24
2025-01-19,new_tariffs,0,0,tracker_actual_2026-07-24
2025-01-20,total,2.675227301543713,0,tracker_actual_2026-07-24
2025-01-20,new_tariffs,0,0,tracker_actual_2026-07-24
2025-01-21,total,2.675227301543713,0,tracker_actual_2026-07-24
2025-01-21,new_tariffs,0,0,tracker_actual_2026-07-24
2025-01-22,total,2.675227301543713,0,tracker_actual_2026-07-24
2025-01-22,new_tariffs,0,0,tracker_actual_2026-07-24
2025-01-23,total,2.675227301543713,0,tracker_actual_2026-07-24
2025-01-23,new_tariffs,0,0,tracker_actual_2026-07-24
2025-01-24,total,2.675227301543713,0,tracker_actual_2026-07-24
2025-01-24,new_tariffs,0,0,tracker_actual_2026-07-24
2025-01-25,total,2.675227301543713,0,tracker_actual_2026-07-24
2025-01-25,new_tariffs,0,0,tracker_actual_2026-07-24
2025-01-26,total,2.675227301543713,0,tracker_actual_2026-07-24
2025-01-26,new_tariffs,0,0,tracker_actual_2026-07-24
2025-01-27,total,2.675227301543713,0,tracker_actual_2026-07-24
2025-01-27,new_tariffs,0,0,tracker_actual_2026-07-24
2025-01-28,total,2.675227301543713,0,tracker_actual_2026-07-24
2025-01-28,new_tariffs,0,0,tracker_actual_2026-07-24
2025-01-29,total,2.675227301543713,0,tracker_actual_2026-07-24
2025-01-29,new_tariffs,0,0,tracker_actual_2026-07-24
2025-01-30,total,2.675227301543713,0,tracker_actual_2026-07-24
2025-01-30,new_tariffs,0,0,tracker_actual_2026-07-24
2025-01-31,total,2.675227301543713,0,tracker_actual_2026-07-24
2025-01-31,new_tariffs,0,0,tracker_actual_2026-07-24
2025-02-01,total,2.675227301543713,0,tracker_actual_2026-07-24
2025-02-01,new_tariffs,0,0,tracker_actual_2026-07-24
2025-02-02,total,2.675227301543713,0,tracker_actual_2026-07-24
2025-02-02,new_tariffs,0,0,tracker_actual_2026-07-24
2025-02-03,total,2.675227301543713,0,tracker_actual_2026-07-24
2025-02-03,new_tariffs,0,0,tracker_actual_2026-07-24
2025-02-04,total,4.021755261255201,0,tracker_actual_2026-07-24
2025-02-04,new_tariffs,1.346527959711487,0,tracker_actual_2026-07-24
2025-02-05,total,4.021755261255201,0,tracker_actual_2026-07-24
2025-02-05,new_tariffs,1.346527959711487,0,tracker_actual_2026-07-24
2025-02-06,total,4.021755261255201,0,tracker_actual_2026-07-24
2025-02-06,new_tariffs,1.346527959711487,0,tracker_actual_2026-07-24
2025-02-07,total,4.021755261255201,0,tracker_actual_2026-07-24
2025-02-07,new_tariffs,1.346527959711487,0,tracker_actual_2026-07-24
2025-02-08,total,4.021755261255201,0,tracker_actual_2026-07-24
2025-02-08,new_tariffs,1.346527959711487,0,tracker_actual_2026-07-24
2025-02-09,total,4.021755261255201,0,tracker_actual_2026-07-24
2025-02-09,new_tariffs,1.346527959711487,0,tracker_actual_2026-07-24
2025-02-10,total,4.021755261255201,0,tracker_actual_2026-07-24
2025-02-10,new_tariffs,1.346527959711487,0,tracker_actual_2026-07-24
2025-02-11,total,4.021755261255201,0,tracker_actual_2026-07-24
2025-02-11,new_tariffs,1.346527959711487,0,tracker_actual_2026-07-24
2025-02-12,total,4.021755261255201,0,tracker_actual_2026-07-24
2025-02-12,new_tariffs,1.346527959711487,0,tracker_actual_2026-07-24
2025-02-13,total,4.021755261255201,0,tracker_actual_2026-07-24
2025-02-13,new_tariffs,1.346527959711487,0,tracker_actual_2026-07-24
2025-02-14,total,4.021755261255201,0,tracker_actual_2026-07-24
2025-02-14,new_tariffs,1.346527959711487,0,tracker_actual_2026-07-24
2025-02-15,total,4.021755261255201,0,tracker_actual_2026-07-24
2025-02-15,new_tariffs,1.346527959711487,0,tracker_actual_2026-07-24
2025-02-16,total,4.021755261255201,0,tracker_actual_2026-07-24
2025-02-16,new_tariffs,1.346527959711487,0,tracker_actual_2026-07-24
2025-02-17,total,4.021755261255201,0,tracker_actual_2026-07-24
2025-02-17,new_tariffs,1.346527959711487,0,tracker_actual_2026-07-24
2025-02-18,total,4.021755261255201,0,tracker_actual_2026-07-24
2025-02-18,new_tariffs,1.346527959711487,0,tracker_actual_2026-07-24
2025-02-19,total,4.021755261255201,0,tracker_actual_2026-07-24
2025-02-19,new_tariffs,1.346527959711487,0,tracker_actual_2026-07-24
2025-02-20,total,4.021755261255201,0,tracker_actual_2026-07-24
2025-02-20,new_tariffs,1.346527959711487,0,tracker_actual_2026-07-24
2025-02-21,total,4.021755261255201,0,tracker_actual_2026-07-24
2025-02-21,new_tariffs,1.346527959711487,0,tracker_actual_2026-07-24
2025-02-22,total,4.021755261255201,0,tracker_actual_2026-07-24
2025-02-22,new_tariffs,1.346527959711487,0,tracker_actual_2026-07-24
2025-02-23,total,4.021755261255201,0,tracker_actual_2026-07-24
2025-02-23,new_tariffs,1.346527959711487,0,tracker_actual_2026-07-24
2025-02-24,total,4.021755261255201,0,tracker_actual_2026-07-24
2025-02-24,new_tariffs,1.346527959711487,0,tracker_actual_2026-07-24
2025-02-25,total,4.021755261255201,0,tracker_actual_2026-07-24
2025-02-25,new_tariffs,1.346527959711487,0,tracker_actual_2026-07-24
2025-02-26,total,4.021755261255201,0,tracker_actual_2026-07-24
2025-02-26,new_tariffs,1.346527959711487,0,tracker_actual_2026-07-24
2025-02-27,total,4.021755261255201,0,tracker_actual_2026-07-24
2025-02-27,new_tariffs,1.346527959711487,0,tracker_actual_2026-07-24
2025-02-28,total,4.021755261255201,0,tracker_actual_2026-07-24
2025-02-28,new_tariffs,1.346527959711487,0,tracker_actual_2026-07-24
2025-03-01,total,4.021755261255201,0,tracker_actual_2026-07-24
2025-03-01,new_tariffs,1.346527959711487,0,tracker_actual_2026-07-24
2025-03-02,total,4.021755261255201,0,tracker_actual_2026-07-24
2025-03-02,new_tariffs,1.346527959711487,0,tracker_actual_2026-07-24
2025-03-03,total,4.021755261255201,0,tracker_actual_2026-07-24
2025-03-03,new_tariffs,1.346527959711487,0,tracker_actual_2026-07-24
2025-03-04,total,6.011425905424591,0,tracker_actual_2026-07-24
2025-03-04,new_tariffs,3.3361986038808773,0,tracker_actual_2026-07-24
2025-03-05,total,6.011425905424591,0,tracker_actual_2026-07-24
2025-03-05,new_tariffs,3.3361986038808773,0,tracker_actual_2026-07-24
2025-03-06,total,6.011425905424591,0,tracker_actual_2026-07-24
2025-03-06,new_tariffs,3.3361986038808773,0,tracker_actual_2026-07-24
2025-03-07,total,6.026077918609638,0,tracker_actual_2026-07-24
2025-03-07,new_tariffs,3.3508506170659236,0,tracker_actual_2026-07-24
2025-03-08,total,6.026077918609638,0,tracker_actual_2026-07-24
2025-03-08,new_tariffs,3.3508506170659236,0,tracker_actual_2026-07-24
2025-03-09,total,6.026077918609638,0,tracker_actual_2026-07-24
2025-03-09,new_tariffs,3.3508506170659236,0,tracker_actual_2026-07-24
2025-03-10,total,6.026077918609638,0,tracker_actual_2026-07-24
2025-03-10,new_tariffs,3.3508506170659236,0,tracker_actual_2026-07-24
2025-03-11,total,6.026077918609638,0,tracker_actual_2026-07-24
2025-03-11,new_tariffs,3.3508506170659236,0,tracker_actual_2026-07-24
2025-03-12,total,6.737968232615185,1,tracker_actual_2026-07-24
2025-03-12,new_tariffs,4.06274093107147,1,tracker_actual_2026-07-24
2025-03-13,total,6.737968232615185,1,tracker_actual_2026-07-24
2025-03-13,new_tariffs,4.06274093107147,1,tracker_actual_2026-07-24
2025-03-14,total,6.745710155625084,0,tracker_actual_2026-07-24
2025-03-14,new_tariffs,4.070482854081369,0,tracker_actual_2026-07-24
2025-03-15,total,6.745710155625084,0,tracker_actual_2026-07-24
2025-03-15,new_tariffs,4.070482854081369,0,tracker_actual_2026-07-24
2025-03-16,total,6.745710155625084,0,tracker_actual_2026-07-24
2025-03-16,new_tariffs,4.070482854081369,0,tracker_actual_2026-07-24
2025-03-17,total,6.745710155625084,0,tracker_actual_2026-07-24
2025-03-17,new_tariffs,4.070482854081369,0,tracker_actual_2026-07-24
2025-03-18,total,6.745710155625084,0,tracker_actual_2026-07-24
2025-03-18,new_tariffs,4.070482854081369,0,tracker_actual_2026-07-24
2025-03-19,total,6.745710155625084,0,tracker_actual_2026-07-24
2025-03-19,new_tariffs,4.070482854081369,0,tracker_actual_2026-07-24
2025-03-20,total,6.745710155625084,0,tracker_actual_2026-07-24
2025-03-20,new_tariffs,4.070482854081369,0,tracker_actual_2026-07-24
2025-03-21,total,6.745710155625084,0,tracker_actual_2026-07-24
2025-03-21,new_tariffs,4.070482854081369,0,tracker_actual_2026-07-24
2025-03-22,total,6.745710155625084,0,tracker_actual_2026-07-24
2025-03-22,new_tariffs,4.070482854081369,0,tracker_actual_2026-07-24
2025-03-23,total,6.745710155625084,0,tracker_actual_2026-07-24
2025-03-23,new_tariffs,4.070482854081369,0,tracker_actual_2026-07-24
2025-03-24,total,6.745710155625084,0,tracker_actual_2026-07-24
2025-03-24,new_tariffs,4.070482854081369,0,tracker_actual_2026-07-24
2025-03-25,total,6.745710155625084,0,tracker_actual_2026-07-24
2025-03-25,new_tariffs,4.070482854081369,0,tracker_actual_2026-07-24
2025-03-26,total,6.745710155625084,0,tracker_actual_2026-07-24
2025-03-26,new_tariffs,4.070482854081369,0,tracker_actual_2026-07-24
2025-03-27,total,6.745710155625084,0,tracker_actual_2026-07-24
2025-03-27,new_tariffs,4.070482854081369,0,tracker_actual_2026-07-24
2025-03-28,total,6.745710155625084,0,tracker_actual_2026-07-24
2025-03-28,new_tariffs,4.070482854081369,0,tracker_actual_2026-07-24
2025-03-29,total,6.745710155625084,0,tracker_actual_2026-07-24
2025-03-29,new_tariffs,4.070482854081369,0,tracker_actual_2026-07-24
2025-03-30,total,6.745710155625084,0,tracker_actual_2026-07-24
2025-03-30,new_tariffs,4.070482854081369,0,tracker_actual_2026-07-24
2025-03-31,total,6.745710155625084,0,tracker_actual_2026-07-24
2025-03-31,new_tariffs,4.070482854081369,0,tracker_actual_2026-07-24
2025-04-01,total,6.745710155625084,0,tracker_actual_2026-07-24
2025-04-01,new_tariffs,4.070482854081369,0,tracker_actual_2026-07-24
2025-04-02,total,6.745710155625084,0,tracker_actual_2026-07-24
2025-04-02,new_tariffs,4.070482854081369,0,tracker_actual_2026-07-24
2025-04-03,total,8.316862671677196,0,tracker_actual_2026-07-24
2025-04-03,new_tariffs,5.641635370133482,0,tracker_actual_2026-07-24
2025-04-04,total,8.316862671677196,0,tracker_actual_2026-07-24
2025-04-04,new_tariffs,5.641635370133482,0,tracker_actual_2026-07-24
2025-04-05,total,14.599485219396064,0,tracker_actual_2026-07-24
2025-04-05,new_tariffs,11.924257917852348,0,tracker_actual_2026-07-24
2025-04-06,total,14.599485219396064,0,tracker_actual_2026-07-24
2025-04-06,new_tariffs,11.924257917852348,0,tracker_actual_2026-07-24
2025-04-07,total,14.599485219396064,0,tracker_actual_2026-07-24
2025-04-07,new_tariffs,11.924257917852348,0,tracker_actual_2026-07-24
2025-04-08,total,14.599485219396064,0,tracker_actual_2026-07-24
2025-04-08,new_tariffs,11.924257917852348,0,tracker_actual_2026-07-24
2025-04-09,total,19.17823406051668,0,tracker_actual_2026-07-24
2025-04-09,new_tariffs,16.503006758972965,0,tracker_actual_2026-07-24
2025-04-10,total,22.929507761894598,0,tracker_actual_2026-07-24
2025-04-10,new_tariffs,20.254280460350884,0,tracker_actual_2026-07-24
2025-04-11,total,22.929507761894598,0,tracker_actual_2026-07-24
2025-04-11,new_tariffs,20.254280460350884,0,tracker_actual_2026-07-24
2025-04-12,total,22.929507761894598,0,tracker_actual_2026-07-24
2025-04-12,new_tariffs,20.254280460350884,0,tracker_actual_2026-07-24
2025-04-13,total,22.929507761894598,0,tracker_actual_2026-07-24
2025-04-13,new_tariffs,20.254280460350884,0,tracker_actual_2026-07-24
2025-04-14,total,22.929507761894598,0,tracker_actual_2026-07-24
2025-04-14,new_tariffs,20.254280460350884,0,tracker_actual_2026-07-24
2025-04-15,total,22.921765838884696,0,tracker_actual_2026-07-24
2025-04-15,new_tariffs,20.24653853734098,0,tracker_actual_2026-07-24
2025-04-16,total,22.921765838884696,0,tracker_actual_2026-07-24
2025-04-16,new_tariffs,20.24653853734098,0,tracker_actual_2026-07-24
2025-04-17,total,22.921765838884696,0,tracker_actual_2026-07-24
2025-04-17,new_tariffs,20.24653853734098,0,tracker_actual_2026-07-24
2025-04-18,total,22.921765838884696,0,tracker_actual_2026-07-24
2025-04-18,new_tariffs,20.24653853734098,0,tracker_actual_2026-07-24
2025-04-19,total,22.921765838884696,0,tracker_actual_2026-07-24
2025-04-19,new_tariffs,20.24653853734098,0,tracker_actual_2026-07-24
2025-04-20,total,22.921765838884696,0,tracker_actual_2026-07-24
2025-04-20,new_tariffs,20.24653853734098,0,tracker_actual_2026-07-24
2025-04-21,total,22.921765838884696,0,tracker_actual_2026-07-24
2025-04-21,new_tariffs,20.24653853734098,0,tracker_actual_2026-07-24
2025-04-22,total,22.921765838884696,0,tracker_actual_2026-07-24
2025-04-22,new_tariffs,20.24653853734098,0,tracker_actual_2026-07-24
2025-04-23,total,22.921765838884696,0,tracker_actual_2026-07-24
2025-04-23,new_tariffs,20.24653853734098,0,tracker_actual_2026-07-24
2025-04-24,total,22.921765838884696,0,tracker_actual_2026-07-24
2025-04-24,new_tariffs,20.24653853734098,0,tracker_actual_2026-07-24
2025-04-25,total,22.921765838884696,0,tracker_actual_2026-07-24
2025-04-25,new_tariffs,20.24653853734098,0,tracker_actual_2026-07-24
2025-04-26,total,22.921765838884696,0,tracker_actual_2026-07-24
2025-04-26,new_tariffs,20.24653853734098,0,tracker_actual_2026-07-24
2025-04-27,total,22.921765838884696,0,tracker_actual_2026-07-24
2025-04-27,new_tariffs,20.24653853734098,0,tracker_actual_2026-07-24
2025-04-28,total,22.921765838884696,0,tracker_actual_2026-07-24
2025-04-28,new_tariffs,20.24653853734098,0,tracker_actual_2026-07-24
2025-04-29,total,22.921765838884696,0,tracker_actual_2026-07-24
2025-04-29,new_tariffs,20.24653853734098,0,tracker_actual_2026-07-24
2025-04-30,total,22.921765838884696,0,tracker_actual_2026-07-24
2025-04-30,new_tariffs,20.24653853734098,0,tracker_actual_2026-07-24
2025-05-01,total,22.921765838884696,0,tracker_actual_2026-07-24
2025-05-01,new_tariffs,20.24653853734098,0,tracker_actual_2026-07-24
2025-05-02,total,22.921765838884696,0,tracker_actual_2026-07-24
2025-05-02,new_tariffs,20.24653853734098,0,tracker_actual_2026-07-24
2025-05-03,total,22.277551880230348,0,tracker_actual_2026-07-24
2025-05-03,new_tariffs,19.60232457868663,0,tracker_actual_2026-07-24
2025-05-04,total,22.277551880230348,0,tracker_actual_2026-07-24
2025-05-04,new_tariffs,19.60232457868663,0,tracker_actual_2026-07-24
2025-05-05,total,22.277551880230348,0,tracker_actual_2026-07-24
2025-05-05,new_tariffs,19.60232457868663,0,tracker_actual_2026-07-24
2025-05-06,total,22.277551880230348,0,tracker_actual_2026-07-24
2025-05-06,new_tariffs,19.60232457868663,0,tracker_actual_2026-07-24
2025-05-07,total,22.277551880230348,0,tracker_actual_2026-07-24
2025-05-07,new_tariffs,19.60232457868663,0,tracker_actual_2026-07-24
2025-05-08,total,22.277551880230348,0,tracker_actual_2026-07-24
2025-05-08,new_tariffs,19.60232457868663,0,tracker_actual_2026-07-24
2025-05-09,total,22.277551880230348,0,tracker_actual_2026-07-24
2025-05-09,new_tariffs,19.60232457868663,0,tracker_actual_2026-07-24
2025-05-10,total,22.277551880230348,0,tracker_actual_2026-07-24
2025-05-10,new_tariffs,19.60232457868663,0,tracker_actual_2026-07-24
2025-05-11,total,22.277551880230348,0,tracker_actual_2026-07-24
2025-05-11,new_tariffs,19.60232457868663,0,tracker_actual_2026-07-24
2025-05-12,total,22.277551880230348,0,tracker_actual_2026-07-24
2025-05-12,new_tariffs,19.60232457868663,0,tracker_actual_2026-07-24
2025-05-13,total,22.277551880230348,0,tracker_actual_2026-07-24
2025-05-13,new_tariffs,19.60232457868663,0,tracker_actual_2026-07-24
2025-05-14,total,12.869456831566792,0,tracker_actual_2026-07-24
2025-05-14,new_tariffs,10.194229530023076,0,tracker_actual_2026-07-24
2025-05-15,total,12.869456831566792,0,tracker_actual_2026-07-24
2025-05-15,new_tariffs,10.194229530023076,0,tracker_actual_2026-07-24
2025-05-16,total,12.869456831566792,0,tracker_actual_2026-07-24
2025-05-16,new_tariffs,10.194229530023076,0,tracker_actual_2026-07-24
2025-05-17,total,12.869456831566792,0,tracker_actual_2026-07-24
2025-05-17,new_tariffs,10.194229530023076,0,tracker_actual_2026-07-24
2025-05-18,total,12.869456831566792,0,tracker_actual_2026-07-24
2025-05-18,new_tariffs,10.194229530023076,0,tracker_actual_2026-07-24
2025-05-19,total,12.869456831566792,0,tracker_actual_2026-07-24
2025-05-19,new_tariffs,10.194229530023076,0,tracker_actual_2026-07-24
2025-05-20,total,12.869456831566792,0,tracker_actual_2026-07-24
2025-05-20,new_tariffs,10.194229530023076,0,tracker_actual_2026-07-24
2025-05-21,total,12.869456831566792,0,tracker_actual_2026-07-24
2025-05-21,new_tariffs,10.194229530023076,0,tracker_actual_2026-07-24
2025-05-22,total,12.869456831566792,0,tracker_actual_2026-07-24
2025-05-22,new_tariffs,10.194229530023076,0,tracker_actual_2026-07-24
2025-05-23,total,12.869456831566792,0,tracker_actual_2026-07-24
2025-05-23,new_tariffs,10.194229530023076,0,tracker_actual_2026-07-24
2025-05-24,total,12.869456831566792,0,tracker_actual_2026-07-24
2025-05-24,new_tariffs,10.194229530023076,0,tracker_actual_2026-07-24
2025-05-25,total,12.869456831566792,0,tracker_actual_2026-07-24
2025-05-25,new_tariffs,10.194229530023076,0,tracker_actual_2026-07-24
2025-05-26,total,12.869456831566792,0,tracker_actual_2026-07-24
2025-05-26,new_tariffs,10.194229530023076,0,tracker_actual_2026-07-24
2025-05-27,total,12.869456831566792,0,tracker_actual_2026-07-24
2025-05-27,new_tariffs,10.194229530023076,0,tracker_actual_2026-07-24
2025-05-28,total,12.869456831566792,0,tracker_actual_2026-07-24
2025-05-28,new_tariffs,10.194229530023076,0,tracker_actual_2026-07-24
2025-05-29,total,12.869456831566792,0,tracker_actual_2026-07-24
2025-05-29,new_tariffs,10.194229530023076,0,tracker_actual_2026-07-24
2025-05-30,total,12.869456831566792,0,tracker_actual_2026-07-24
2025-05-30,new_tariffs,10.194229530023076,0,tracker_actual_2026-07-24
2025-05-31,total,12.869456831566792,0,tracker_actual_2026-07-24
2025-05-31,new_tariffs,10.194229530023076,0,tracker_actual_2026-07-24
2025-06-01,total,12.9366664093087,1,tracker_actual_2026-07-24
2025-06-01,new_tariffs,10.261439107764986,1,tracker_actual_2026-07-24
2025-06-02,total,12.9366664093087,1,tracker_actual_2026-07-24
2025-06-02,new_tariffs,10.261439107764986,1,tracker_actual_2026-07-24
2025-06-03,total,12.9366664093087,1,tracker_actual_2026-07-24
2025-06-03,new_tariffs,10.261439107764986,1,tracker_actual_2026-07-24
2025-06-04,total,13.782068319044994,0,tracker_actual_2026-07-24
2025-06-04,new_tariffs,11.10684101750128,0,tracker_actual_2026-07-24
2025-06-05,total,13.782068319044994,0,tracker_actual_2026-07-24
2025-06-05,new_tariffs,11.10684101750128,0,tracker_actual_2026-07-24
2025-06-06,total,13.782068319044994,0,tracker_actual_2026-07-24
2025-06-06,new_tariffs,11.10684101750128,0,tracker_actual_2026-07-24
2025-06-07,total,13.782068319044994,0,tracker_actual_2026-07-24
2025-06-07,new_tariffs,11.10684101750128,0,tracker_actual_2026-07-24
2025-06-08,total,13.782068319044994,0,tracker_actual_2026-07-24
2025-06-08,new_tariffs,11.10684101750128,0,tracker_actual_2026-07-24
2025-06-09,total,13.782068319044994,0,tracker_actual_2026-07-24
2025-06-09,new_tariffs,11.10684101750128,0,tracker_actual_2026-07-24
2025-06-10,total,13.782068319044994,0,tracker_actual_2026-07-24
2025-06-10,new_tariffs,11.10684101750128,0,tracker_actual_2026-07-24
2025-06-11,total,13.782068319044994,0,tracker_actual_2026-07-24
2025-06-11,new_tariffs,11.10684101750128,0,tracker_actual_2026-07-24
2025-06-12,total,13.782068319044994,0,tracker_actual_2026-07-24
2025-06-12,new_tariffs,11.10684101750128,0,tracker_actual_2026-07-24
2025-06-13,total,13.782068319044994,0,tracker_actual_2026-07-24
2025-06-13,new_tariffs,11.10684101750128,0,tracker_actual_2026-07-24
2025-06-14,total,13.782068319044994,0,tracker_actual_2026-07-24
2025-06-14,new_tariffs,11.10684101750128,0,tracker_actual_2026-07-24
2025-06-15,total,13.782068319044994,0,tracker_actual_2026-07-24
2025-06-15,new_tariffs,11.10684101750128,0,tracker_actual_2026-07-24
2025-06-16,total,13.782068319044994,0,tracker_actual_2026-07-24
2025-06-16,new_tariffs,11.10684101750128,0,tracker_actual_2026-07-24
2025-06-17,total,13.782068319044994,0,tracker_actual_2026-07-24
2025-06-17,new_tariffs,11.10684101750128,0,tracker_actual_2026-07-24
2025-06-18,total,13.782068319044994,0,tracker_actual_2026-07-24
2025-06-18,new_tariffs,11.10684101750128,0,tracker_actual_2026-07-24
2025-06-19,total,13.782068319044994,0,tracker_actual_2026-07-24
2025-06-19,new_tariffs,11.10684101750128,0,tracker_actual_2026-07-24
2025-06-20,total,13.782068319044994,0,tracker_actual_2026-07-24
2025-06-20,new_tariffs,11.10684101750128,0,tracker_actual_2026-07-24
2025-06-21,total,13.782068319044994,0,tracker_actual_2026-07-24
2025-06-21,new_tariffs,11.10684101750128,0,tracker_actual_2026-07-24
2025-06-22,total,13.782068319044994,0,tracker_actual_2026-07-24
2025-06-22,new_tariffs,11.10684101750128,0,tracker_actual_2026-07-24
2025-06-23,total,13.789810242054893,0,tracker_actual_2026-07-24
2025-06-23,new_tariffs,11.114582940511179,0,tracker_actual_2026-07-24
2025-06-24,total,13.789810242054893,0,tracker_actual_2026-07-24
2025-06-24,new_tariffs,11.114582940511179,0,tracker_actual_2026-07-24
2025-06-25,total,13.789810242054893,0,tracker_actual_2026-07-24
2025-06-25,new_tariffs,11.114582940511179,0,tracker_actual_2026-07-24
2025-06-26,total,13.789810242054893,0,tracker_actual_2026-07-24
2025-06-26,new_tariffs,11.114582940511179,0,tracker_actual_2026-07-24
2025-06-27,total,13.789810242054893,0,tracker_actual_2026-07-24
2025-06-27,new_tariffs,11.114582940511179,0,tracker_actual_2026-07-24
2025-06-28,total,13.789810242054893,0,tracker_actual_2026-07-24
2025-06-28,new_tariffs,11.114582940511179,0,tracker_actual_2026-07-24
2025-06-29,total,13.789810242054893,0,tracker_actual_2026-07-24
2025-06-29,new_tariffs,11.114582940511179,0,tracker_actual_2026-07-24
2025-06-30,total,13.789810242054893,0,tracker_actual_2026-07-24
2025-06-30,new_tariffs,11.114582940511179,0,tracker_actual_2026-07-24
2025-07-01,total,13.727224774800725,0,tracker_actual_2026-07-24
2025-07-01,new_tariffs,11.051997473257012,0,tracker_actual_2026-07-24
2025-07-02,total,13.727224774800725,0,tracker_actual_2026-07-24
2025-07-02,new_tariffs,11.051997473257012,0,tracker_actual_2026-07-24
2025-07-03,total,13.727224774800725,0,tracker_actual_2026-07-24
2025-07-03,new_tariffs,11.051997473257012,0,tracker_actual_2026-07-24
2025-07-04,total,13.727224774800725,0,tracker_actual_2026-07-24
2025-07-04,new_tariffs,11.051997473257012,0,tracker_actual_2026-07-24
2025-07-05,total,13.727224774800725,0,tracker_actual_2026-07-24
2025-07-05,new_tariffs,11.051997473257012,0,tracker_actual_2026-07-24
2025-07-06,total,13.727224774800725,0,tracker_actual_2026-07-24
2025-07-06,new_tariffs,11.051997473257012,0,tracker_actual_2026-07-24
2025-07-07,total,13.727224774800725,0,tracker_actual_2026-07-24
2025-07-07,new_tariffs,11.051997473257012,0,tracker_actual_2026-07-24
2025-07-08,total,13.727224774800725,0,tracker_actual_2026-07-24
2025-07-08,new_tariffs,11.051997473257012,0,tracker_actual_2026-07-24
2025-07-09,total,13.727224774800725,0,tracker_actual_2026-07-24
2025-07-09,new_tariffs,11.051997473257012,0,tracker_actual_2026-07-24
2025-07-10,total,13.727224774800725,0,tracker_actual_2026-07-24
2025-07-10,new_tariffs,11.051997473257012,0,tracker_actual_2026-07-24
2025-07-11,total,13.727224774800725,0,tracker_actual_2026-07-24
2025-07-11,new_tariffs,11.051997473257012,0,tracker_actual_2026-07-24
2025-07-12,total,13.727224774800725,0,tracker_actual_2026-07-24
2025-07-12,new_tariffs,11.051997473257012,0,tracker_actual_2026-07-24
2025-07-13,total,13.727224774800725,0,tracker_actual_2026-07-24
2025-07-13,new_tariffs,11.051997473257012,0,tracker_actual_2026-07-24
2025-07-14,total,13.727224774800725,0,tracker_actual_2026-07-24
2025-07-14,new_tariffs,11.051997473257012,0,tracker_actual_2026-07-24
2025-07-15,total,13.727224774800725,0,tracker_actual_2026-07-24
2025-07-15,new_tariffs,11.051997473257012,0,tracker_actual_2026-07-24
2025-07-16,total,13.727224774800725,0,tracker_actual_2026-07-24
2025-07-16,new_tariffs,11.051997473257012,0,tracker_actual_2026-07-24
2025-07-17,total,13.727224774800725,0,tracker_actual_2026-07-24
2025-07-17,new_tariffs,11.051997473257012,0,tracker_actual_2026-07-24
2025-07-18,total,13.727224774800725,0,tracker_actual_2026-07-24
2025-07-18,new_tariffs,11.051997473257012,0,tracker_actual_2026-07-24
2025-07-19,total,13.727224774800725,0,tracker_actual_2026-07-24
2025-07-19,new_tariffs,11.051997473257012,0,tracker_actual_2026-07-24
2025-07-20,total,13.727224774800725,0,tracker_actual_2026-07-24
2025-07-20,new_tariffs,11.051997473257012,0,tracker_actual_2026-07-24
2025-07-21,total,13.727224774800725,0,tracker_actual_2026-07-24
2025-07-21,new_tariffs,11.051997473257012,0,tracker_actual_2026-07-24
2025-07-22,total,13.727224774800725,0,tracker_actual_2026-07-24
2025-07-22,new_tariffs,11.051997473257012,0,tracker_actual_2026-07-24
2025-07-23,total,13.727224774800725,0,tracker_actual_2026-07-24
2025-07-23,new_tariffs,11.051997473257012,0,tracker_actual_2026-07-24
2025-07-24,total,13.727224774800725,0,tracker_actual_2026-07-24
2025-07-24,new_tariffs,11.051997473257012,0,tracker_actual_2026-07-24
2025-07-25,total,13.727224774800725,0,tracker_actual_2026-07-24
2025-07-25,new_tariffs,11.051997473257012,0,tracker_actual_2026-07-24
2025-07-26,total,13.727224774800725,0,tracker_actual_2026-07-24
2025-07-26,new_tariffs,11.051997473257012,0,tracker_actual_2026-07-24
2025-07-27,total,13.727224774800725,0,tracker_actual_2026-07-24
2025-07-27,new_tariffs,11.051997473257012,0,tracker_actual_2026-07-24
2025-07-28,total,13.727224774800725,0,tracker_actual_2026-07-24
2025-07-28,new_tariffs,11.051997473257012,0,tracker_actual_2026-07-24
2025-07-29,total,13.727224774800725,0,tracker_actual_2026-07-24
2025-07-29,new_tariffs,11.051997473257012,0,tracker_actual_2026-07-24
2025-07-30,total,13.727224774800725,0,tracker_actual_2026-07-24
2025-07-30,new_tariffs,11.051997473257012,0,tracker_actual_2026-07-24
2025-07-31,total,13.727224774800725,0,tracker_actual_2026-07-24
2025-07-31,new_tariffs,11.051997473257012,0,tracker_actual_2026-07-24
2025-08-01,total,13.93914793096877,0,tracker_actual_2026-07-24
2025-08-01,new_tariffs,11.263920629425057,0,tracker_actual_2026-07-24
2025-08-02,total,13.93914793096877,0,tracker_actual_2026-07-24
2025-08-02,new_tariffs,11.263920629425057,0,tracker_actual_2026-07-24
2025-08-03,total,13.93914793096877,0,tracker_actual_2026-07-24
2025-08-03,new_tariffs,11.263920629425057,0,tracker_actual_2026-07-24
2025-08-04,total,13.93914793096877,0,tracker_actual_2026-07-24
2025-08-04,new_tariffs,11.263920629425057,0,tracker_actual_2026-07-24
2025-08-05,total,13.93914793096877,0,tracker_actual_2026-07-24
2025-08-05,new_tariffs,11.263920629425057,0,tracker_actual_2026-07-24
2025-08-06,total,13.93914793096877,0,tracker_actual_2026-07-24
2025-08-06,new_tariffs,11.263920629425057,0,tracker_actual_2026-07-24
2025-08-07,total,16.04575987621197,0,tracker_actual_2026-07-24
2025-08-07,new_tariffs,13.370532574668257,0,tracker_actual_2026-07-24
2025-08-08,total,16.04575987621197,0,tracker_actual_2026-07-24
2025-08-08,new_tariffs,13.370532574668257,0,tracker_actual_2026-07-24
2025-08-09,total,16.04575987621197,0,tracker_actual_2026-07-24
2025-08-09,new_tariffs,13.370532574668257,0,tracker_actual_2026-07-24
2025-08-10,total,16.04575987621197,0,tracker_actual_2026-07-24
2025-08-10,new_tariffs,13.370532574668257,0,tracker_actual_2026-07-24
2025-08-11,total,16.04575987621197,0,tracker_actual_2026-07-24
2025-08-11,new_tariffs,13.370532574668257,0,tracker_actual_2026-07-24
2025-08-12,total,16.04575987621197,0,tracker_actual_2026-07-24
2025-08-12,new_tariffs,13.370532574668257,0,tracker_actual_2026-07-24
2025-08-13,total,16.04575987621197,0,tracker_actual_2026-07-24
2025-08-13,new_tariffs,13.370532574668257,0,tracker_actual_2026-07-24
2025-08-14,total,16.04575987621197,0,tracker_actual_2026-07-24
2025-08-14,new_tariffs,13.370532574668257,0,tracker_actual_2026-07-24
2025-08-15,total,16.04575987621197,0,tracker_actual_2026-07-24
2025-08-15,new_tariffs,13.370532574668257,0,tracker_actual_2026-07-24
2025-08-16,total,16.04575987621197,0,tracker_actual_2026-07-24
2025-08-16,new_tariffs,13.370532574668257,0,tracker_actual_2026-07-24
2025-08-17,total,16.04575987621197,0,tracker_actual_2026-07-24
2025-08-17,new_tariffs,13.370532574668257,0,tracker_actual_2026-07-24
2025-08-18,total,16.31952674431962,0,tracker_actual_2026-07-24
2025-08-18,new_tariffs,13.644299442775907,0,tracker_actual_2026-07-24
2025-08-19,total,16.31952674431962,0,tracker_actual_2026-07-24
2025-08-19,new_tariffs,13.644299442775907,0,tracker_actual_2026-07-24
2025-08-20,total,16.31952674431962,0,tracker_actual_2026-07-24
2025-08-20,new_tariffs,13.644299442775907,0,tracker_actual_2026-07-24
2025-08-21,total,16.31952674431962,0,tracker_actual_2026-07-24
2025-08-21,new_tariffs,13.644299442775907,0,tracker_actual_2026-07-24
2025-08-22,total,16.31952674431962,0,tracker_actual_2026-07-24
2025-08-22,new_tariffs,13.644299442775907,0,tracker_actual_2026-07-24
2025-08-23,total,16.31952674431962,0,tracker_actual_2026-07-24
2025-08-23,new_tariffs,13.644299442775907,0,tracker_actual_2026-07-24
2025-08-24,total,16.31952674431962,0,tracker_actual_2026-07-24
2025-08-24,new_tariffs,13.644299442775907,0,tracker_actual_2026-07-24
2025-08-25,total,16.31952674431962,0,tracker_actual_2026-07-24
2025-08-25,new_tariffs,13.644299442775907,0,tracker_actual_2026-07-24
2025-08-26,total,16.31952674431962,0,tracker_actual_2026-07-24
2025-08-26,new_tariffs,13.644299442775907,0,tracker_actual_2026-07-24
2025-08-27,total,16.728909073343264,0,tracker_actual_2026-07-24
2025-08-27,new_tariffs,14.05368177179955,0,tracker_actual_2026-07-24
2025-08-28,total,16.728909073343264,0,tracker_actual_2026-07-24
2025-08-28,new_tariffs,14.05368177179955,0,tracker_actual_2026-07-24
2025-08-29,total,16.728909073343264,0,tracker_actual_2026-07-24
2025-08-29,new_tariffs,14.05368177179955,0,tracker_actual_2026-07-24
2025-08-30,total,16.728909073343264,0,tracker_actual_2026-07-24
2025-08-30,new_tariffs,14.05368177179955,0,tracker_actual_2026-07-24
2025-08-31,total,16.728909073343264,0,tracker_actual_2026-07-24
2025-08-31,new_tariffs,14.05368177179955,0,tracker_actual_2026-07-24
2025-09-01,total,16.79611865108517,1,tracker_actual_2026-07-24
2025-09-01,new_tariffs,14.12089134954146,1,tracker_actual_2026-07-24
2025-09-02,total,16.728909073343264,0,tracker_actual_2026-07-24
2025-09-02,new_tariffs,14.05368177179955,0,tracker_actual_2026-07-24
2025-09-03,total,16.728909073343264,0,tracker_actual_2026-07-24
2025-09-03,new_tariffs,14.05368177179955,0,tracker_actual_2026-07-24
2025-09-04,total,16.728909073343264,0,tracker_actual_2026-07-24
2025-09-04,new_tariffs,14.05368177179955,0,tracker_actual_2026-07-24
2025-09-05,total,16.728909073343264,0,tracker_actual_2026-07-24
2025-09-05,new_tariffs,14.05368177179955,0,tracker_actual_2026-07-24
2025-09-06,total,16.728909073343264,0,tracker_actual_2026-07-24
2025-09-06,new_tariffs,14.05368177179955,0,tracker_actual_2026-07-24
2025-09-07,total,16.728909073343264,0,tracker_actual_2026-07-24
2025-09-07,new_tariffs,14.05368177179955,0,tracker_actual_2026-07-24
2025-09-08,total,16.537786147233273,0,tracker_actual_2026-07-24
2025-09-08,new_tariffs,13.862558845689557,0,tracker_actual_2026-07-24
2025-09-09,total,16.537786147233273,0,tracker_actual_2026-07-24
2025-09-09,new_tariffs,13.862558845689557,0,tracker_actual_2026-07-24
2025-09-10,total,16.537786147233273,0,tracker_actual_2026-07-24
2025-09-10,new_tariffs,13.862558845689557,0,tracker_actual_2026-07-24
2025-09-11,total,16.537786147233273,0,tracker_actual_2026-07-24
2025-09-11,new_tariffs,13.862558845689557,0,tracker_actual_2026-07-24
2025-09-12,total,16.537786147233273,0,tracker_actual_2026-07-24
2025-09-12,new_tariffs,13.862558845689557,0,tracker_actual_2026-07-24
2025-09-13,total,16.537786147233273,0,tracker_actual_2026-07-24
2025-09-13,new_tariffs,13.862558845689557,0,tracker_actual_2026-07-24
2025-09-14,total,16.537786147233273,0,tracker_actual_2026-07-24
2025-09-14,new_tariffs,13.862558845689557,0,tracker_actual_2026-07-24
2025-09-15,total,16.537786147233273,0,tracker_actual_2026-07-24
2025-09-15,new_tariffs,13.862558845689557,0,tracker_actual_2026-07-24
2025-09-16,total,16.321489368653726,0,tracker_actual_2026-07-24
2025-09-16,new_tariffs,13.646262067110012,0,tracker_actual_2026-07-24
2025-09-17,total,16.321489368653726,0,tracker_actual_2026-07-24
2025-09-17,new_tariffs,13.646262067110012,0,tracker_actual_2026-07-24
2025-09-18,total,16.321489368653726,0,tracker_actual_2026-07-24
2025-09-18,new_tariffs,13.646262067110012,0,tracker_actual_2026-07-24
2025-09-19,total,16.321489368653726,0,tracker_actual_2026-07-24
2025-09-19,new_tariffs,13.646262067110012,0,tracker_actual_2026-07-24
2025-09-20,total,16.321489368653726,0,tracker_actual_2026-07-24
2025-09-20,new_tariffs,13.646262067110012,0,tracker_actual_2026-07-24
2025-09-21,total,16.321489368653726,0,tracker_actual_2026-07-24
2025-09-21,new_tariffs,13.646262067110012,0,tracker_actual_2026-07-24
2025-09-22,total,16.321489368653726,0,tracker_actual_2026-07-24
2025-09-22,new_tariffs,13.646262067110012,0,tracker_actual_2026-07-24
2025-09-23,total,16.321489368653726,0,tracker_actual_2026-07-24
2025-09-23,new_tariffs,13.646262067110012,0,tracker_actual_2026-07-24
2025-09-24,total,16.321489368653726,0,tracker_actual_2026-07-24
2025-09-24,new_tariffs,13.646262067110012,0,tracker_actual_2026-07-24
2025-09-25,total,15.733821084146937,0,tracker_actual_2026-07-24
2025-09-25,new_tariffs,13.058593782603223,0,tracker_actual_2026-07-24
2025-09-26,total,15.733821084146937,0,tracker_actual_2026-07-24
2025-09-26,new_tariffs,13.058593782603223,0,tracker_actual_2026-07-24
2025-09-27,total,15.733821084146937,0,tracker_actual_2026-07-24
2025-09-27,new_tariffs,13.058593782603223,0,tracker_actual_2026-07-24
2025-09-28,total,15.733821084146937,0,tracker_actual_2026-07-24
2025-09-28,new_tariffs,13.058593782603223,0,tracker_actual_2026-07-24
2025-09-29,total,15.733821084146937,0,tracker_actual_2026-07-24
2025-09-29,new_tariffs,13.058593782603223,0,tracker_actual_2026-07-24
2025-09-30,total,15.733821084146937,0,tracker_actual_2026-07-24
2025-09-30,new_tariffs,13.058593782603223,0,tracker_actual_2026-07-24
2025-10-01,total,15.733821084146937,0,tracker_actual_2026-07-24
2025-10-01,new_tariffs,13.058593782603223,0,tracker_actual_2026-07-24
2025-10-02,total,15.733821084146937,0,tracker_actual_2026-07-24
2025-10-02,new_tariffs,13.058593782603223,0,tracker_actual_2026-07-24
2025-10-03,total,15.733821084146937,0,tracker_actual_2026-07-24
2025-10-03,new_tariffs,13.058593782603223,0,tracker_actual_2026-07-24
2025-10-04,total,15.733821084146937,0,tracker_actual_2026-07-24
2025-10-04,new_tariffs,13.058593782603223,0,tracker_actual_2026-07-24
2025-10-05,total,15.733821084146937,0,tracker_actual_2026-07-24
2025-10-05,new_tariffs,13.058593782603223,0,tracker_actual_2026-07-24
2025-10-06,total,15.733821084146937,0,tracker_actual_2026-07-24
2025-10-06,new_tariffs,13.058593782603223,0,tracker_actual_2026-07-24
2025-10-07,total,15.733821084146937,0,tracker_actual_2026-07-24
2025-10-07,new_tariffs,13.058593782603223,0,tracker_actual_2026-07-24
2025-10-08,total,15.733821084146937,0,tracker_actual_2026-07-24
2025-10-08,new_tariffs,13.058593782603223,0,tracker_actual_2026-07-24
2025-10-09,total,15.733821084146937,0,tracker_actual_2026-07-24
2025-10-09,new_tariffs,13.058593782603223,0,tracker_actual_2026-07-24
2025-10-10,total,15.733821084146937,0,tracker_actual_2026-07-24
2025-10-10,new_tariffs,13.058593782603223,0,tracker_actual_2026-07-24
2025-10-11,total,15.733821084146937,0,tracker_actual_2026-07-24
2025-10-11,new_tariffs,13.058593782603223,0,tracker_actual_2026-07-24
2025-10-12,total,15.733821084146937,0,tracker_actual_2026-07-24
2025-10-12,new_tariffs,13.058593782603223,0,tracker_actual_2026-07-24
2025-10-13,total,15.733821084146937,0,tracker_actual_2026-07-24
2025-10-13,new_tariffs,13.058593782603223,0,tracker_actual_2026-07-24
2025-10-14,total,15.82562110187217,0,tracker_actual_2026-07-24
2025-10-14,new_tariffs,13.150393800328455,0,tracker_actual_2026-07-24
2025-10-15,total,15.82562110187217,0,tracker_actual_2026-07-24
2025-10-15,new_tariffs,13.150393800328455,0,tracker_actual_2026-07-24
2025-10-16,total,15.82562110187217,0,tracker_actual_2026-07-24
2025-10-16,new_tariffs,13.150393800328455,0,tracker_actual_2026-07-24
2025-10-17,total,15.82562110187217,0,tracker_actual_2026-07-24
2025-10-17,new_tariffs,13.150393800328455,0,tracker_actual_2026-07-24
2025-10-18,total,15.82562110187217,0,tracker_actual_2026-07-24
2025-10-18,new_tariffs,13.150393800328455,0,tracker_actual_2026-07-24
2025-10-19,total,15.82562110187217,0,tracker_actual_2026-07-24
2025-10-19,new_tariffs,13.150393800328455,0,tracker_actual_2026-07-24
2025-10-20,total,15.82562110187217,0,tracker_actual_2026-07-24
2025-10-20,new_tariffs,13.150393800328455,0,tracker_actual_2026-07-24
2025-10-21,total,15.82562110187217,0,tracker_actual_2026-07-24
2025-10-21,new_tariffs,13.150393800328455,0,tracker_actual_2026-07-24
2025-10-22,total,15.82562110187217,0,tracker_actual_2026-07-24
2025-10-22,new_tariffs,13.150393800328455,0,tracker_actual_2026-07-24
2025-10-23,total,15.82562110187217,0,tracker_actual_2026-07-24
2025-10-23,new_tariffs,13.150393800328455,0,tracker_actual_2026-07-24
2025-10-24,total,15.82562110187217,0,tracker_actual_2026-07-24
2025-10-24,new_tariffs,13.150393800328455,0,tracker_actual_2026-07-24
2025-10-25,total,15.82562110187217,0,tracker_actual_2026-07-24
2025-10-25,new_tariffs,13.150393800328455,0,tracker_actual_2026-07-24
2025-10-26,total,15.82562110187217,0,tracker_actual_2026-07-24
2025-10-26,new_tariffs,13.150393800328455,0,tracker_actual_2026-07-24
2025-10-27,total,15.82562110187217,0,tracker_actual_2026-07-24
2025-10-27,new_tariffs,13.150393800328455,0,tracker_actual_2026-07-24
2025-10-28,total,15.82562110187217,0,tracker_actual_2026-07-24
2025-10-28,new_tariffs,13.150393800328455,0,tracker_actual_2026-07-24
2025-10-29,total,15.82562110187217,0,tracker_actual_2026-07-24
2025-10-29,new_tariffs,13.150393800328455,0,tracker_actual_2026-07-24
2025-10-30,total,15.82562110187217,0,tracker_actual_2026-07-24
2025-10-30,new_tariffs,13.150393800328455,0,tracker_actual_2026-07-24
2025-10-31,total,15.82562110187217,0,tracker_actual_2026-07-24
2025-10-31,new_tariffs,13.150393800328455,0,tracker_actual_2026-07-24
2025-11-01,total,15.950354696704968,0,tracker_actual_2026-07-24
2025-11-01,new_tariffs,13.275127395161254,0,tracker_actual_2026-07-24
2025-11-02,total,15.950354696704968,0,tracker_actual_2026-07-24
2025-11-02,new_tariffs,13.275127395161254,0,tracker_actual_2026-07-24
2025-11-03,total,15.950354696704968,0,tracker_actual_2026-07-24
2025-11-03,new_tariffs,13.275127395161254,0,tracker_actual_2026-07-24
2025-11-04,total,15.950354696704968,0,tracker_actual_2026-07-24
2025-11-04,new_tariffs,13.275127395161254,0,tracker_actual_2026-07-24
2025-11-05,total,15.950354696704968,0,tracker_actual_2026-07-24
2025-11-05,new_tariffs,13.275127395161254,0,tracker_actual_2026-07-24
2025-11-06,total,15.950354696704968,0,tracker_actual_2026-07-24
2025-11-06,new_tariffs,13.275127395161254,0,tracker_actual_2026-07-24
2025-11-07,total,15.950354696704968,0,tracker_actual_2026-07-24
2025-11-07,new_tariffs,13.275127395161254,0,tracker_actual_2026-07-24
2025-11-08,total,15.950354696704968,0,tracker_actual_2026-07-24
2025-11-08,new_tariffs,13.275127395161254,0,tracker_actual_2026-07-24
2025-11-09,total,14.618721555197018,0,tracker_actual_2026-07-24
2025-11-09,new_tariffs,11.9434942536533,0,tracker_actual_2026-07-24
2025-11-10,total,14.602374171310778,0,tracker_actual_2026-07-24
2025-11-10,new_tariffs,11.927146869767064,0,tracker_actual_2026-07-24
2025-11-11,total,14.602374171310778,0,tracker_actual_2026-07-24
2025-11-11,new_tariffs,11.927146869767064,0,tracker_actual_2026-07-24
2025-11-12,total,14.602374171310778,0,tracker_actual_2026-07-24
2025-11-12,new_tariffs,11.927146869767064,0,tracker_actual_2026-07-24
2025-11-13,total,14.38785306628765,0,tracker_actual_2026-07-24
2025-11-13,new_tariffs,11.712625764743937,0,tracker_actual_2026-07-24
2025-11-14,total,14.22636365424768,1,tracker_actual_2026-07-24
2025-11-14,new_tariffs,11.551136352703963,1,tracker_actual_2026-07-24
2025-11-15,total,14.22636365424768,1,tracker_actual_2026-07-24
2025-11-15,new_tariffs,11.551136352703963,1,tracker_actual_2026-07-24
2025-11-16,total,14.22636365424768,1,tracker_actual_2026-07-24
2025-11-16,new_tariffs,11.551136352703963,1,tracker_actual_2026-07-24
2025-11-17,total,14.22636365424768,1,tracker_actual_2026-07-24
2025-11-17,new_tariffs,11.551136352703963,1,tracker_actual_2026-07-24
2025-11-18,total,14.22636365424768,1,tracker_actual_2026-07-24
2025-11-18,new_tariffs,11.551136352703963,1,tracker_actual_2026-07-24
2025-11-19,total,14.22636365424768,1,tracker_actual_2026-07-24
2025-11-19,new_tariffs,11.551136352703963,1,tracker_actual_2026-07-24
2025-11-20,total,14.22636365424768,1,tracker_actual_2026-07-24
2025-11-20,new_tariffs,11.551136352703963,1,tracker_actual_2026-07-24
2025-11-21,total,14.226351520859629,0,tracker_actual_2026-07-24
2025-11-21,new_tariffs,11.551124219315914,0,tracker_actual_2026-07-24
2025-11-22,total,14.226351520859629,0,tracker_actual_2026-07-24
2025-11-22,new_tariffs,11.551124219315914,0,tracker_actual_2026-07-24
2025-11-23,total,14.226351520859629,0,tracker_actual_2026-07-24
2025-11-23,new_tariffs,11.551124219315914,0,tracker_actual_2026-07-24
2025-11-24,total,14.226351520859629,0,tracker_actual_2026-07-24
2025-11-24,new_tariffs,11.551124219315914,0,tracker_actual_2026-07-24
2025-11-25,total,14.226351520859629,0,tracker_actual_2026-07-24
2025-11-25,new_tariffs,11.551124219315914,0,tracker_actual_2026-07-24
2025-11-26,total,14.226351520859629,0,tracker_actual_2026-07-24
2025-11-26,new_tariffs,11.551124219315914,0,tracker_actual_2026-07-24
2025-11-27,total,14.226351520859629,0,tracker_actual_2026-07-24
2025-11-27,new_tariffs,11.551124219315914,0,tracker_actual_2026-07-24
2025-11-28,total,14.226351520859629,0,tracker_actual_2026-07-24
2025-11-28,new_tariffs,11.551124219315914,0,tracker_actual_2026-07-24
2025-11-29,total,14.226351520859629,0,tracker_actual_2026-07-24
2025-11-29,new_tariffs,11.551124219315914,0,tracker_actual_2026-07-24
2025-11-30,total,14.226351520859629,0,tracker_actual_2026-07-24
2025-11-30,new_tariffs,11.551124219315914,0,tracker_actual_2026-07-24
2025-12-01,total,14.226351520859629,0,tracker_actual_2026-07-24
2025-12-01,new_tariffs,11.551124219315914,0,tracker_actual_2026-07-24
2025-12-02,total,14.226351520859629,0,tracker_actual_2026-07-24
2025-12-02,new_tariffs,11.551124219315914,0,tracker_actual_2026-07-24
2025-12-03,total,14.226351520859629,0,tracker_actual_2026-07-24
2025-12-03,new_tariffs,11.551124219315914,0,tracker_actual_2026-07-24
2025-12-04,total,14.226351520859629,0,tracker_actual_2026-07-24
2025-12-04,new_tariffs,11.551124219315914,0,tracker_actual_2026-07-24
2025-12-05,total,14.015643000593442,0,tracker_actual_2026-07-24
2025-12-05,new_tariffs,11.340415699049727,0,tracker_actual_2026-07-24
2025-12-06,total,14.015643000593442,0,tracker_actual_2026-07-24
2025-12-06,new_tariffs,11.340415699049727,0,tracker_actual_2026-07-24
2025-12-07,total,14.015643000593442,0,tracker_actual_2026-07-24
2025-12-07,new_tariffs,11.340415699049727,0,tracker_actual_2026-07-24
2025-12-08,total,14.015643000593442,0,tracker_actual_2026-07-24
2025-12-08,new_tariffs,11.340415699049727,0,tracker_actual_2026-07-24
2025-12-09,total,14.015643000593442,0,tracker_actual_2026-07-24
2025-12-09,new_tariffs,11.340415699049727,0,tracker_actual_2026-07-24
2025-12-10,total,14.015643000593442,0,tracker_actual_2026-07-24
2025-12-10,new_tariffs,11.340415699049727,0,tracker_actual_2026-07-24
2025-12-11,total,14.015643000593442,0,tracker_actual_2026-07-24
2025-12-11,new_tariffs,11.340415699049727,0,tracker_actual_2026-07-24
2025-12-12,total,14.015643000593442,0,tracker_actual_2026-07-24
2025-12-12,new_tariffs,11.340415699049727,0,tracker_actual_2026-07-24
2025-12-13,total,14.015643000593442,0,tracker_actual_2026-07-24
2025-12-13,new_tariffs,11.340415699049727,0,tracker_actual_2026-07-24
2025-12-14,total,14.015643000593442,0,tracker_actual_2026-07-24
2025-12-14,new_tariffs,11.340415699049727,0,tracker_actual_2026-07-24
2025-12-15,total,14.015643000593442,0,tracker_actual_2026-07-24
2025-12-15,new_tariffs,11.340415699049727,0,tracker_actual_2026-07-24
2025-12-16,total,14.015643000593442,0,tracker_actual_2026-07-24
2025-12-16,new_tariffs,11.340415699049727,0,tracker_actual_2026-07-24
2025-12-17,total,14.015643000593442,0,tracker_actual_2026-07-24
2025-12-17,new_tariffs,11.340415699049727,0,tracker_actual_2026-07-24
2025-12-18,total,14.015643000593442,0,tracker_actual_2026-07-24
2025-12-18,new_tariffs,11.340415699049727,0,tracker_actual_2026-07-24
2025-12-19,total,14.015643000593442,0,tracker_actual_2026-07-24
2025-12-19,new_tariffs,11.340415699049727,0,tracker_actual_2026-07-24
2025-12-20,total,14.015643000593442,0,tracker_actual_2026-07-24
2025-12-20,new_tariffs,11.340415699049727,0,tracker_actual_2026-07-24
2025-12-21,total,14.015643000593442,0,tracker_actual_2026-07-24
2025-12-21,new_tariffs,11.340415699049727,0,tracker_actual_2026-07-24
2025-12-22,total,14.015643000593442,0,tracker_actual_2026-07-24
2025-12-22,new_tariffs,11.340415699049727,0,tracker_actual_2026-07-24
2025-12-23,total,14.015643000593442,0,tracker_actual_2026-07-24
2025-12-23,new_tariffs,11.340415699049727,0,tracker_actual_2026-07-24
2025-12-24,total,14.015643000593442,0,tracker_actual_2026-07-24
2025-12-24,new_tariffs,11.340415699049727,0,tracker_actual_2026-07-24
2025-12-25,total,14.015643000593442,0,tracker_actual_2026-07-24
2025-12-25,new_tariffs,11.340415699049727,0,tracker_actual_2026-07-24
2025-12-26,total,14.015643000593442,0,tracker_actual_2026-07-24
2025-12-26,new_tariffs,11.340415699049727,0,tracker_actual_2026-07-24
2025-12-27,total,14.015643000593442,0,tracker_actual_2026-07-24
2025-12-27,new_tariffs,11.340415699049727,0,tracker_actual_2026-07-24
2025-12-28,total,14.015643000593442,0,tracker_actual_2026-07-24
2025-12-28,new_tariffs,11.340415699049727,0,tracker_actual_2026-07-24
2025-12-29,total,14.015643000593442,0,tracker_actual_2026-07-24
2025-12-29,new_tariffs,11.340415699049727,0,tracker_actual_2026-07-24
2025-12-30,total,14.015643000593442,0,tracker_actual_2026-07-24
2025-12-30,new_tariffs,11.340415699049727,0,tracker_actual_2026-07-24
2025-12-31,total,14.015643000593442,0,tracker_actual_2026-07-24
2025-12-31,new_tariffs,11.340415699049727,0,tracker_actual_2026-07-24
2026-01-01,total,14.163749239573132,1,tracker_actual_2026-07-24
2026-01-01,new_tariffs,11.488521938029415,1,tracker_actual_2026-07-24
2026-01-02,total,14.163749239573132,1,tracker_actual_2026-07-24
2026-01-02,new_tariffs,11.488521938029415,1,tracker_actual_2026-07-24
2026-01-03,total,14.163749239573132,1,tracker_actual_2026-07-24
2026-01-03,new_tariffs,11.488521938029415,1,tracker_actual_2026-07-24
2026-01-04,total,14.163749239573132,1,tracker_actual_2026-07-24
2026-01-04,new_tariffs,11.488521938029415,1,tracker_actual_2026-07-24
2026-01-05,total,14.163749239573132,1,tracker_actual_2026-07-24
2026-01-05,new_tariffs,11.488521938029415,1,tracker_actual_2026-07-24
2026-01-06,total,14.163749239573132,1,tracker_actual_2026-07-24
2026-01-06,new_tariffs,11.488521938029415,1,tracker_actual_2026-07-24
2026-01-07,total,14.163749239573132,1,tracker_actual_2026-07-24
2026-01-07,new_tariffs,11.488521938029415,1,tracker_actual_2026-07-24
2026-01-08,total,14.163749239573132,1,tracker_actual_2026-07-24
2026-01-08,new_tariffs,11.488521938029415,1,tracker_actual_2026-07-24
2026-01-09,total,14.163749239573132,1,tracker_actual_2026-07-24
2026-01-09,new_tariffs,11.488521938029415,1,tracker_actual_2026-07-24
2026-01-10,total,14.163749239573132,1,tracker_actual_2026-07-24
2026-01-10,new_tariffs,11.488521938029415,1,tracker_actual_2026-07-24
2026-01-11,total,14.163749239573132,1,tracker_actual_2026-07-24
2026-01-11,new_tariffs,11.488521938029415,1,tracker_actual_2026-07-24
2026-01-12,total,14.163749239573132,1,tracker_actual_2026-07-24
2026-01-12,new_tariffs,11.488521938029415,1,tracker_actual_2026-07-24
2026-01-13,total,14.163749239573132,1,tracker_actual_2026-07-24
2026-01-13,new_tariffs,11.488521938029415,1,tracker_actual_2026-07-24
2026-01-14,total,14.163749239573132,1,tracker_actual_2026-07-24
2026-01-14,new_tariffs,11.488521938029415,1,tracker_actual_2026-07-24
2026-01-15,total,14.220686780373901,1,tracker_actual_2026-07-24
2026-01-15,new_tariffs,11.545459478830185,1,tracker_actual_2026-07-24
2026-01-16,total,14.220686780373901,1,tracker_actual_2026-07-24
2026-01-16,new_tariffs,11.545459478830185,1,tracker_actual_2026-07-24
2026-01-17,total,14.220686780373901,1,tracker_actual_2026-07-24
2026-01-17,new_tariffs,11.545459478830185,1,tracker_actual_2026-07-24
2026-01-18,total,14.220686780373901,1,tracker_actual_2026-07-24
2026-01-18,new_tariffs,11.545459478830185,1,tracker_actual_2026-07-24
2026-01-19,total,14.220686780373901,1,tracker_actual_2026-07-24
2026-01-19,new_tariffs,11.545459478830185,1,tracker_actual_2026-07-24
2026-01-20,total,14.220686780373901,1,tracker_actual_2026-07-24
2026-01-20,new_tariffs,11.545459478830185,1,tracker_actual_2026-07-24
2026-01-21,total,14.220686780373901,1,tracker_actual_2026-07-24
2026-01-21,new_tariffs,11.545459478830185,1,tracker_actual_2026-07-24
2026-01-22,total,14.220686780373901,1,tracker_actual_2026-07-24
2026-01-22,new_tariffs,11.545459478830185,1,tracker_actual_2026-07-24
2026-01-23,total,14.220686780373901,1,tracker_actual_2026-07-24
2026-01-23,new_tariffs,11.545459478830185,1,tracker_actual_2026-07-24
2026-01-24,total,14.220686780373901,1,tracker_actual_2026-07-24
2026-01-24,new_tariffs,11.545459478830185,1,tracker_actual_2026-07-24
2026-01-25,total,14.220686780373901,1,tracker_actual_2026-07-24
2026-01-25,new_tariffs,11.545459478830185,1,tracker_actual_2026-07-24
2026-01-26,total,14.220686780373901,1,tracker_actual_2026-07-24
2026-01-26,new_tariffs,11.545459478830185,1,tracker_actual_2026-07-24
2026-01-27,total,14.220686780373901,1,tracker_actual_2026-07-24
2026-01-27,new_tariffs,11.545459478830185,1,tracker_actual_2026-07-24
2026-01-28,total,14.220686780373901,1,tracker_actual_2026-07-24
2026-01-28,new_tariffs,11.545459478830185,1,tracker_actual_2026-07-24
2026-01-29,total,14.220686780373901,1,tracker_actual_2026-07-24
2026-01-29,new_tariffs,11.545459478830185,1,tracker_actual_2026-07-24
2026-01-30,total,14.220686780373901,1,tracker_actual_2026-07-24
2026-01-30,new_tariffs,11.545459478830185,1,tracker_actual_2026-07-24
2026-01-31,total,14.220686780373901,1,tracker_actual_2026-07-24
2026-01-31,new_tariffs,11.545459478830185,1,tracker_actual_2026-07-24
2026-02-01,total,14.22337185762661,1,tracker_actual_2026-07-24
2026-02-01,new_tariffs,11.548144556082896,1,tracker_actual_2026-07-24
2026-02-02,total,14.22337185762661,1,tracker_actual_2026-07-24
2026-02-02,new_tariffs,11.548144556082896,1,tracker_actual_2026-07-24
2026-02-03,total,14.22337185762661,1,tracker_actual_2026-07-24
2026-02-03,new_tariffs,11.548144556082896,1,tracker_actual_2026-07-24
2026-02-04,total,14.22337185762661,1,tracker_actual_2026-07-24
2026-02-04,new_tariffs,11.548144556082896,1,tracker_actual_2026-07-24
2026-02-05,total,14.22337185762661,1,tracker_actual_2026-07-24
2026-02-05,new_tariffs,11.548144556082896,1,tracker_actual_2026-07-24
2026-02-06,total,14.22337185762661,1,tracker_actual_2026-07-24
2026-02-06,new_tariffs,11.548144556082896,1,tracker_actual_2026-07-24
2026-02-07,total,13.859500284456699,1,tracker_actual_2026-07-24
2026-02-07,new_tariffs,11.184272982912983,1,tracker_actual_2026-07-24
2026-02-08,total,13.859500284456699,1,tracker_actual_2026-07-24
2026-02-08,new_tariffs,11.184272982912983,1,tracker_actual_2026-07-24
2026-02-09,total,13.859500284456699,1,tracker_actual_2026-07-24
2026-02-09,new_tariffs,11.184272982912983,1,tracker_actual_2026-07-24
2026-02-10,total,13.859500284456699,1,tracker_actual_2026-07-24
2026-02-10,new_tariffs,11.184272982912983,1,tracker_actual_2026-07-24
2026-02-11,total,13.859500284456699,1,tracker_actual_2026-07-24
2026-02-11,new_tariffs,11.184272982912983,1,tracker_actual_2026-07-24
2026-02-12,total,13.859500284456699,1,tracker_actual_2026-07-24
2026-02-12,new_tariffs,11.184272982912983,1,tracker_actual_2026-07-24
2026-02-13,total,13.859500284456699,1,tracker_actual_2026-07-24
2026-02-13,new_tariffs,11.184272982912983,1,tracker_actual_2026-07-24
2026-02-14,total,13.859500284456699,1,tracker_actual_2026-07-24
2026-02-14,new_tariffs,11.184272982912983,1,tracker_actual_2026-07-24
2026-02-15,total,13.859500284456699,1,tracker_actual_2026-07-24
2026-02-15,new_tariffs,11.184272982912983,1,tracker_actual_2026-07-24
2026-02-16,total,13.859500284456699,1,tracker_actual_2026-07-24
2026-02-16,new_tariffs,11.184272982912983,1,tracker_actual_2026-07-24
2026-02-17,total,13.859500284456699,1,tracker_actual_2026-07-24
2026-02-17,new_tariffs,11.184272982912983,1,tracker_actual_2026-07-24
2026-02-18,total,13.859500284456699,1,tracker_actual_2026-07-24
2026-02-18,new_tariffs,11.184272982912983,1,tracker_actual_2026-07-24
2026-02-19,total,13.859500284456699,1,tracker_actual_2026-07-24
2026-02-19,new_tariffs,11.184272982912983,1,tracker_actual_2026-07-24
2026-02-20,total,7.321659278739126,1,tracker_actual_2026-07-24
2026-02-20,new_tariffs,4.646431977195412,1,tracker_actual_2026-07-24
2026-02-21,total,7.321659278739126,1,tracker_actual_2026-07-24
2026-02-21,new_tariffs,4.646431977195412,1,tracker_actual_2026-07-24
2026-02-22,total,7.321659278739126,1,tracker_actual_2026-07-24
2026-02-22,new_tariffs,4.646431977195412,1,tracker_actual_2026-07-24
2026-02-23,total,7.321659278739126,1,tracker_actual_2026-07-24
2026-02-23,new_tariffs,4.646431977195412,1,tracker_actual_2026-07-24
2026-02-24,total,10.717697431784975,1,tracker_actual_2026-07-24
2026-02-24,new_tariffs,8.042470130241263,1,tracker_actual_2026-07-24
2026-02-25,total,10.717697431784975,1,tracker_actual_2026-07-24
2026-02-25,new_tariffs,8.042470130241263,1,tracker_actual_2026-07-24
2026-02-26,total,10.717697431784975,1,tracker_actual_2026-07-24
2026-02-26,new_tariffs,8.042470130241263,1,tracker_actual_2026-07-24
2026-02-27,total,10.717697431784975,1,tracker_actual_2026-07-24
2026-02-27,new_tariffs,8.042470130241263,1,tracker_actual_2026-07-24
2026-02-28,total,10.717697431784975,1,tracker_actual_2026-07-24
2026-02-28,new_tariffs,8.042470130241263,1,tracker_actual_2026-07-24
2026-03-01,total,10.717697431784975,1,tracker_actual_2026-07-24
2026-03-01,new_tariffs,8.042470130241263,1,tracker_actual_2026-07-24
2026-03-02,total,10.717697431784975,1,tracker_actual_2026-07-24
2026-03-02,new_tariffs,8.042470130241263,1,tracker_actual_2026-07-24
2026-03-03,total,10.717697431784975,1,tracker_actual_2026-07-24
2026-03-03,new_tariffs,8.042470130241263,1,tracker_actual_2026-07-24
2026-03-04,total,10.717697431784975,1,tracker_actual_2026-07-24
2026-03-04,new_tariffs,8.042470130241263,1,tracker_actual_2026-07-24
2026-03-05,total,10.717697431784975,1,tracker_actual_2026-07-24
2026-03-05,new_tariffs,8.042470130241263,1,tracker_actual_2026-07-24
2026-03-06,total,10.717697431784975,1,tracker_actual_2026-07-24
2026-03-06,new_tariffs,8.042470130241263,1,tracker_actual_2026-07-24
2026-03-07,total,10.717697431784975,1,tracker_actual_2026-07-24
2026-03-07,new_tariffs,8.042470130241263,1,tracker_actual_2026-07-24
2026-03-08,total,10.717697431784975,1,tracker_actual_2026-07-24
2026-03-08,new_tariffs,8.042470130241263,1,tracker_actual_2026-07-24
2026-03-09,total,10.717697431784975,1,tracker_actual_2026-07-24
2026-03-09,new_tariffs,8.042470130241263,1,tracker_actual_2026-07-24
2026-03-10,total,10.717697431784975,1,tracker_actual_2026-07-24
2026-03-10,new_tariffs,8.042470130241263,1,tracker_actual_2026-07-24
2026-03-11,total,10.717697431784975,1,tracker_actual_2026-07-24
2026-03-11,new_tariffs,8.042470130241263,1,tracker_actual_2026-07-24
2026-03-12,total,10.717697431784975,1,tracker_actual_2026-07-24
2026-03-12,new_tariffs,8.042470130241263,1,tracker_actual_2026-07-24
2026-03-13,total,10.717697431784975,1,tracker_actual_2026-07-24
2026-03-13,new_tariffs,8.042470130241263,1,tracker_actual_2026-07-24
2026-03-14,total,10.717697431784975,1,tracker_actual_2026-07-24
2026-03-14,new_tariffs,8.042470130241263,1,tracker_actual_2026-07-24
2026-03-15,total,10.717697431784975,1,tracker_actual_2026-07-24
2026-03-15,new_tariffs,8.042470130241263,1,tracker_actual_2026-07-24
2026-03-16,total,10.717697431784975,1,tracker_actual_2026-07-24
2026-03-16,new_tariffs,8.042470130241263,1,tracker_actual_2026-07-24
2026-03-17,total,10.717697431784975,1,tracker_actual_2026-07-24
2026-03-17,new_tariffs,8.042470130241263,1,tracker_actual_2026-07-24
2026-03-18,total,10.717697431784975,1,tracker_actual_2026-07-24
2026-03-18,new_tariffs,8.042470130241263,1,tracker_actual_2026-07-24
2026-03-19,total,10.717697431784975,1,tracker_actual_2026-07-24
2026-03-19,new_tariffs,8.042470130241263,1,tracker_actual_2026-07-24
2026-03-20,total,10.717697431784975,1,tracker_actual_2026-07-24
2026-03-20,new_tariffs,8.042470130241263,1,tracker_actual_2026-07-24
2026-03-21,total,10.717697431784975,1,tracker_actual_2026-07-24
2026-03-21,new_tariffs,8.042470130241263,1,tracker_actual_2026-07-24
2026-03-22,total,10.717697431784975,1,tracker_actual_2026-07-24
2026-03-22,new_tariffs,8.042470130241263,1,tracker_actual_2026-07-24
2026-03-23,total,10.717697431784975,1,tracker_actual_2026-07-24
2026-03-23,new_tariffs,8.042470130241263,1,tracker_actual_2026-07-24
2026-03-24,total,10.717697431784975,1,tracker_actual_2026-07-24
2026-03-24,new_tariffs,8.042470130241263,1,tracker_actual_2026-07-24
2026-03-25,total,10.717697431784975,1,tracker_actual_2026-07-24
2026-03-25,new_tariffs,8.042470130241263,1,tracker_actual_2026-07-24
2026-03-26,total,10.717697431784975,1,tracker_actual_2026-07-24
2026-03-26,new_tariffs,8.042470130241263,1,tracker_actual_2026-07-24
2026-03-27,total,10.717697431784975,1,tracker_actual_2026-07-24
2026-03-27,new_tariffs,8.042470130241263,1,tracker_actual_2026-07-24
2026-03-28,total,10.717697431784975,1,tracker_actual_2026-07-24
2026-03-28,new_tariffs,8.042470130241263,1,tracker_actual_2026-07-24
2026-03-29,total,10.717697431784975,1,tracker_actual_2026-07-24
2026-03-29,new_tariffs,8.042470130241263,1,tracker_actual_2026-07-24
2026-03-30,total,10.717697431784975,1,tracker_actual_2026-07-24
2026-03-30,new_tariffs,8.042470130241263,1,tracker_actual_2026-07-24
2026-03-31,total,10.717697431784975,1,tracker_actual_2026-07-24
2026-03-31,new_tariffs,8.042470130241263,1,tracker_actual_2026-07-24
2026-04-01,total,10.717697431784975,1,tracker_actual_2026-07-24
2026-04-01,new_tariffs,8.042470130241263,1,tracker_actual_2026-07-24
2026-04-02,total,10.717697431784975,1,tracker_actual_2026-07-24
2026-04-02,new_tariffs,8.042470130241263,1,tracker_actual_2026-07-24
2026-04-03,total,10.717697431784975,1,tracker_actual_2026-07-24
2026-04-03,new_tariffs,8.042470130241263,1,tracker_actual_2026-07-24
2026-04-04,total,10.717697431784975,1,tracker_actual_2026-07-24
2026-04-04,new_tariffs,8.042470130241263,1,tracker_actual_2026-07-24
2026-04-05,total,10.717697431784975,1,tracker_actual_2026-07-24
2026-04-05,new_tariffs,8.042470130241263,1,tracker_actual_2026-07-24
2026-04-06,total,11.385901951912949,1,tracker_actual_2026-07-24
2026-04-06,new_tariffs,8.710674650369235,1,tracker_actual_2026-07-24
2026-04-07,total,11.385901951912949,1,tracker_actual_2026-07-24
2026-04-07,new_tariffs,8.710674650369235,1,tracker_actual_2026-07-24
2026-04-08,total,11.385901951912949,1,tracker_actual_2026-07-24
2026-04-08,new_tariffs,8.710674650369235,1,tracker_actual_2026-07-24
2026-04-09,total,11.385901951912949,1,tracker_actual_2026-07-24
2026-04-09,new_tariffs,8.710674650369235,1,tracker_actual_2026-07-24
2026-04-10,total,11.385901951912949,1,tracker_actual_2026-07-24
2026-04-10,new_tariffs,8.710674650369235,1,tracker_actual_2026-07-24
2026-04-11,total,11.385901951912949,1,tracker_actual_2026-07-24
2026-04-11,new_tariffs,8.710674650369235,1,tracker_actual_2026-07-24
2026-04-12,total,11.385901951912949,1,tracker_actual_2026-07-24
2026-04-12,new_tariffs,8.710674650369235,1,tracker_actual_2026-07-24
2026-04-13,total,11.385901951912949,1,tracker_actual_2026-07-24
2026-04-13,new_tariffs,8.710674650369235,1,tracker_actual_2026-07-24
2026-04-14,total,11.385901951912949,1,tracker_actual_2026-07-24
2026-04-14,new_tariffs,8.710674650369235,1,tracker_actual_2026-07-24
2026-04-15,total,11.385901951912949,1,tracker_actual_2026-07-24
2026-04-15,new_tariffs,8.710674650369235,1,tracker_actual_2026-07-24
2026-04-16,total,11.385901951912949,1,tracker_actual_2026-07-24
2026-04-16,new_tariffs,8.710674650369235,1,tracker_actual_2026-07-24
2026-04-17,total,11.385901951912949,1,tracker_actual_2026-07-24
2026-04-17,new_tariffs,8.710674650369235,1,tracker_actual_2026-07-24
2026-04-18,total,11.385901951912949,1,tracker_actual_2026-07-24
2026-04-18,new_tariffs,8.710674650369235,1,tracker_actual_2026-07-24
2026-04-19,total,11.385901951912949,1,tracker_actual_2026-07-24
2026-04-19,new_tariffs,8.710674650369235,1,tracker_actual_2026-07-24
2026-04-20,total,11.385901951912949,1,tracker_actual_2026-07-24
2026-04-20,new_tariffs,8.710674650369235,1,tracker_actual_2026-07-24
2026-04-21,total,11.385901951912949,1,tracker_actual_2026-07-24
2026-04-21,new_tariffs,8.710674650369235,1,tracker_actual_2026-07-24
2026-04-22,total,11.385901951912949,1,tracker_actual_2026-07-24
2026-04-22,new_tariffs,8.710674650369235,1,tracker_actual_2026-07-24
2026-04-23,total,11.385901951912949,1,tracker_actual_2026-07-24
2026-04-23,new_tariffs,8.710674650369235,1,tracker_actual_2026-07-24
2026-04-24,total,11.385901951912949,1,tracker_actual_2026-07-24
2026-04-24,new_tariffs,8.710674650369235,1,tracker_actual_2026-07-24
2026-04-25,total,11.385901951912949,1,tracker_actual_2026-07-24
2026-04-25,new_tariffs,8.710674650369235,1,tracker_actual_2026-07-24
2026-04-26,total,11.385901951912949,1,tracker_actual_2026-07-24
2026-04-26,new_tariffs,8.710674650369235,1,tracker_actual_2026-07-24
2026-04-27,total,11.385901951912949,1,tracker_actual_2026-07-24
2026-04-27,new_tariffs,8.710674650369235,1,tracker_actual_2026-07-24
2026-04-28,total,11.385901951912949,1,tracker_actual_2026-07-24
2026-04-28,new_tariffs,8.710674650369235,1,tracker_actual_2026-07-24
2026-04-29,total,11.385901951912949,1,tracker_actual_2026-07-24
2026-04-29,new_tariffs,8.710674650369235,1,tracker_actual_2026-07-24
2026-04-30,total,11.385901951912949,1,tracker_actual_2026-07-24
2026-04-30,new_tariffs,8.710674650369235,1,tracker_actual_2026-07-24
2026-05-01,total,11.359930258361347,1,tracker_actual_2026-07-24
2026-05-01,new_tariffs,8.684702956817636,1,tracker_actual_2026-07-24
2026-05-02,total,11.359930258361347,1,tracker_actual_2026-07-24
2026-05-02,new_tariffs,8.684702956817636,1,tracker_actual_2026-07-24
2026-05-03,total,11.359930258361347,1,tracker_actual_2026-07-24
2026-05-03,new_tariffs,8.684702956817636,1,tracker_actual_2026-07-24
2026-05-04,total,11.359930258361347,1,tracker_actual_2026-07-24
2026-05-04,new_tariffs,8.684702956817636,1,tracker_actual_2026-07-24
2026-05-05,total,11.359930258361347,1,tracker_actual_2026-07-24
2026-05-05,new_tariffs,8.684702956817636,1,tracker_actual_2026-07-24
2026-05-06,total,11.359930258361347,1,tracker_actual_2026-07-24
2026-05-06,new_tariffs,8.684702956817636,1,tracker_actual_2026-07-24
2026-05-07,total,11.359930258361347,1,tracker_actual_2026-07-24
2026-05-07,new_tariffs,8.684702956817636,1,tracker_actual_2026-07-24
2026-05-08,total,11.359930258361347,1,tracker_actual_2026-07-24
2026-05-08,new_tariffs,8.684702956817636,1,tracker_actual_2026-07-24
2026-05-09,total,11.359930258361347,1,tracker_actual_2026-07-24
2026-05-09,new_tariffs,8.684702956817636,1,tracker_actual_2026-07-24
2026-05-10,total,11.359930258361347,1,tracker_actual_2026-07-24
2026-05-10,new_tariffs,8.684702956817636,1,tracker_actual_2026-07-24
2026-05-11,total,11.359930258361347,1,tracker_actual_2026-07-24
2026-05-11,new_tariffs,8.684702956817636,1,tracker_actual_2026-07-24
2026-05-12,total,11.359930258361347,1,tracker_actual_2026-07-24
2026-05-12,new_tariffs,8.684702956817636,1,tracker_actual_2026-07-24
2026-05-13,total,11.359930258361347,1,tracker_actual_2026-07-24
2026-05-13,new_tariffs,8.684702956817636,1,tracker_actual_2026-07-24
2026-05-14,total,11.359930258361347,1,tracker_actual_2026-07-24
2026-05-14,new_tariffs,8.684702956817636,1,tracker_actual_2026-07-24
2026-05-15,total,11.359930258361347,1,tracker_actual_2026-07-24
2026-05-15,new_tariffs,8.684702956817636,1,tracker_actual_2026-07-24
2026-05-16,total,11.359930258361347,1,tracker_actual_2026-07-24
2026-05-16,new_tariffs,8.684702956817636,1,tracker_actual_2026-07-24
2026-05-17,total,11.359930258361347,1,tracker_actual_2026-07-24
2026-05-17,new_tariffs,8.684702956817636,1,tracker_actual_2026-07-24
2026-05-18,total,11.359930258361347,1,tracker_actual_2026-07-24
2026-05-18,new_tariffs,8.684702956817636,1,tracker_actual_2026-07-24
2026-05-19,total,11.359930258361347,1,tracker_actual_2026-07-24
2026-05-19,new_tariffs,8.684702956817636,1,tracker_actual_2026-07-24
2026-05-20,total,11.359930258361347,1,tracker_actual_2026-07-24
2026-05-20,new_tariffs,8.684702956817636,1,tracker_actual_2026-07-24
2026-05-21,total,11.359930258361347,1,tracker_actual_2026-07-24
2026-05-21,new_tariffs,8.684702956817636,1,tracker_actual_2026-07-24
2026-05-22,total,11.359930258361347,1,tracker_actual_2026-07-24
2026-05-22,new_tariffs,8.684702956817636,1,tracker_actual_2026-07-24
2026-05-23,total,11.359930258361347,1,tracker_actual_2026-07-24
2026-05-23,new_tariffs,8.684702956817636,1,tracker_actual_2026-07-24
2026-05-24,total,11.359930258361347,1,tracker_actual_2026-07-24
2026-05-24,new_tariffs,8.684702956817636,1,tracker_actual_2026-07-24
2026-05-25,total,11.359930258361347,1,tracker_actual_2026-07-24
2026-05-25,new_tariffs,8.684702956817636,1,tracker_actual_2026-07-24
2026-05-26,total,11.359930258361347,1,tracker_actual_2026-07-24
2026-05-26,new_tariffs,8.684702956817636,1,tracker_actual_2026-07-24
2026-05-27,total,11.359930258361347,1,tracker_actual_2026-07-24
2026-05-27,new_tariffs,8.684702956817636,1,tracker_actual_2026-07-24
2026-05-28,total,11.359930258361347,1,tracker_actual_2026-07-24
2026-05-28,new_tariffs,8.684702956817636,1,tracker_actual_2026-07-24
2026-05-29,total,11.359930258361347,1,tracker_actual_2026-07-24
2026-05-29,new_tariffs,8.684702956817636,1,tracker_actual_2026-07-24
2026-05-30,total,11.359930258361347,1,tracker_actual_2026-07-24
2026-05-30,new_tariffs,8.684702956817636,1,tracker_actual_2026-07-24
2026-05-31,total,11.359930258361347,1,tracker_actual_2026-07-24
2026-05-31,new_tariffs,8.684702956817636,1,tracker_actual_2026-07-24
2026-06-01,total,11.359930258361347,1,tracker_actual_2026-07-24
2026-06-01,new_tariffs,8.684702956817636,1,tracker_actual_2026-07-24
2026-06-02,total,11.359930258361347,1,tracker_actual_2026-07-24
2026-06-02,new_tariffs,8.684702956817636,1,tracker_actual_2026-07-24
2026-06-03,total,11.359930258361347,1,tracker_actual_2026-07-24
2026-06-03,new_tariffs,8.684702956817636,1,tracker_actual_2026-07-24
2026-06-04,total,11.359930258361347,1,tracker_actual_2026-07-24
2026-06-04,new_tariffs,8.684702956817636,1,tracker_actual_2026-07-24
2026-06-05,total,11.359930258361347,1,tracker_actual_2026-07-24
2026-06-05,new_tariffs,8.684702956817636,1,tracker_actual_2026-07-24
2026-06-06,total,11.359930258361347,1,tracker_actual_2026-07-24
2026-06-06,new_tariffs,8.684702956817636,1,tracker_actual_2026-07-24
2026-06-07,total,11.359930258361347,1,tracker_actual_2026-07-24
2026-06-07,new_tariffs,8.684702956817636,1,tracker_actual_2026-07-24
2026-06-08,total,11.256876313563916,1,tracker_actual_2026-07-24
2026-06-08,new_tariffs,8.5816490120202,1,tracker_actual_2026-07-24
2026-06-09,total,11.256876313563916,1,tracker_actual_2026-07-24
2026-06-09,new_tariffs,8.5816490120202,1,tracker_actual_2026-07-24
2026-06-10,total,11.256876313563916,1,tracker_actual_2026-07-24
2026-06-10,new_tariffs,8.5816490120202,1,tracker_actual_2026-07-24
2026-06-11,total,11.256876313563916,1,tracker_actual_2026-07-24
2026-06-11,new_tariffs,8.5816490120202,1,tracker_actual_2026-07-24
2026-06-12,total,11.256876313563916,1,tracker_actual_2026-07-24
2026-06-12,new_tariffs,8.5816490120202,1,tracker_actual_2026-07-24
2026-06-13,total,11.256876313563916,1,tracker_actual_2026-07-24
2026-06-13,new_tariffs,8.5816490120202,1,tracker_actual_2026-07-24
2026-06-14,total,11.256876313563916,1,tracker_actual_2026-07-24
2026-06-14,new_tariffs,8.5816490120202,1,tracker_actual_2026-07-24
2026-06-15,total,11.256876313563916,1,tracker_actual_2026-07-24
2026-06-15,new_tariffs,8.5816490120202,1,tracker_actual_2026-07-24
2026-06-16,total,11.256876313563916,1,tracker_actual_2026-07-24
2026-06-16,new_tariffs,8.5816490120202,1,tracker_actual_2026-07-24
2026-06-17,total,11.256876313563916,1,tracker_actual_2026-07-24
2026-06-17,new_tariffs,8.5816490120202,1,tracker_actual_2026-07-24
2026-06-18,total,11.256876313563916,1,tracker_actual_2026-07-24
2026-06-18,new_tariffs,8.5816490120202,1,tracker_actual_2026-07-24
2026-06-19,total,11.256876313563916,1,tracker_actual_2026-07-24
2026-06-19,new_tariffs,8.5816490120202,1,tracker_actual_2026-07-24
2026-06-20,total,11.256876313563916,1,tracker_actual_2026-07-24
2026-06-20,new_tariffs,8.5816490120202,1,tracker_actual_2026-07-24
2026-06-21,total,11.256876313563916,1,tracker_actual_2026-07-24
2026-06-21,new_tariffs,8.5816490120202,1,tracker_actual_2026-07-24
2026-06-22,total,11.256876313563916,1,tracker_actual_2026-07-24
2026-06-22,new_tariffs,8.5816490120202,1,tracker_actual_2026-07-24
2026-06-23,total,11.256876313563916,1,tracker_actual_2026-07-24
2026-06-23,new_tariffs,8.5816490120202,1,tracker_actual_2026-07-24
2026-06-24,total,11.256876313563916,1,tracker_actual_2026-07-24
2026-06-24,new_tariffs,8.5816490120202,1,tracker_actual_2026-07-24
2026-06-25,total,11.256876313563916,1,tracker_actual_2026-07-24
2026-06-25,new_tariffs,8.5816490120202,1,tracker_actual_2026-07-24
2026-06-26,total,11.256876313563916,1,tracker_actual_2026-07-24
2026-06-26,new_tariffs,8.5816490120202,1,tracker_actual_2026-07-24
2026-06-27,total,11.256876313563916,1,tracker_actual_2026-07-24
2026-06-27,new_tariffs,8.5816490120202,1,tracker_actual_2026-07-24
2026-06-28,total,11.256876313563916,1,tracker_actual_2026-07-24
2026-06-28,new_tariffs,8.5816490120202,1,tracker_actual_2026-07-24
2026-06-29,total,11.256876313563916,1,tracker_actual_2026-07-24
2026-06-29,new_tariffs,8.5816490120202,1,tracker_actual_2026-07-24
2026-06-30,total,11.256876313563916,1,tracker_actual_2026-07-24
2026-06-30,new_tariffs,8.5816490120202,1,tracker_actual_2026-07-24
2026-07-01,total,11.267926084955029,1,tracker_actual_2026-07-24
2026-07-01,new_tariffs,8.592698783411315,1,tracker_actual_2026-07-24
2026-07-02,total,11.267926084955029,1,tracker_actual_2026-07-24
2026-07-02,new_tariffs,8.592698783411315,1,tracker_actual_2026-07-24
2026-07-03,total,11.267926084955029,1,tracker_actual_2026-07-24
2026-07-03,new_tariffs,8.592698783411315,1,tracker_actual_2026-07-24
2026-07-04,total,11.267926084955029,1,tracker_actual_2026-07-24
2026-07-04,new_tariffs,8.592698783411315,1,tracker_actual_2026-07-24
2026-07-05,total,11.267926084955029,1,tracker_actual_2026-07-24
2026-07-05,new_tariffs,8.592698783411315,1,tracker_actual_2026-07-24
2026-07-06,total,11.267926084955029,1,tracker_actual_2026-07-24
2026-07-06,new_tariffs,8.592698783411315,1,tracker_actual_2026-07-24
2026-07-07,total,11.267926084955029,1,tracker_actual_2026-07-24
2026-07-07,new_tariffs,8.592698783411315,1,tracker_actual_2026-07-24
2026-07-08,total,11.267926084955029,1,tracker_actual_2026-07-24
2026-07-08,new_tariffs,8.592698783411315,1,tracker_actual_2026-07-24
2026-07-09,total,11.267926084955029,1,tracker_actual_2026-07-24
2026-07-09,new_tariffs,8.592698783411315,1,tracker_actual_2026-07-24
2026-07-10,total,11.267926084955029,1,tracker_actual_2026-07-24
2026-07-10,new_tariffs,8.592698783411315,1,tracker_actual_2026-07-24
2026-07-11,total,11.267926084955029,1,tracker_actual_2026-07-24
2026-07-11,new_tariffs,8.592698783411315,1,tracker_actual_2026-07-24
2026-07-12,total,11.267926084955029,1,tracker_actual_2026-07-24
2026-07-12,new_tariffs,8.592698783411315,1,tracker_actual_2026-07-24
2026-07-13,total,11.267926084955029,1,tracker_actual_2026-07-24
2026-07-13,new_tariffs,8.592698783411315,1,tracker_actual_2026-07-24
2026-07-14,total,11.267926084955029,1,tracker_actual_2026-07-24
2026-07-14,new_tariffs,8.592698783411315,1,tracker_actual_2026-07-24
2026-07-15,total,11.267926084955029,1,tracker_actual_2026-07-24
2026-07-15,new_tariffs,8.592698783411315,1,tracker_actual_2026-07-24
2026-07-16,total,11.267926084955029,1,tracker_actual_2026-07-24
2026-07-16,new_tariffs,8.592698783411315,1,tracker_actual_2026-07-24
2026-07-17,total,11.267926084955029,1,tracker_actual_2026-07-24
2026-07-17,new_tariffs,8.592698783411315,1,tracker_actual_2026-07-24
2026-07-18,total,11.267926084955029,1,tracker_actual_2026-07-24
2026-07-18,new_tariffs,8.592698783411315,1,tracker_actual_2026-07-24
2026-07-19,total,11.267926084955029,1,tracker_actual_2026-07-24
2026-07-19,new_tariffs,8.592698783411315,1,tracker_actual_2026-07-24
2026-07-20,total,11.267926084955029,1,tracker_actual_2026-07-24
2026-07-20,new_tariffs,8.592698783411315,1,tracker_actual_2026-07-24
2026-07-21,total,11.267926084955029,1,tracker_actual_2026-07-24
2026-07-21,new_tariffs,8.592698783411315,1,tracker_actual_2026-07-24
2026-07-22,total,11.341212502878896,1,tracker_actual_2026-07-24
2026-07-22,new_tariffs,8.66598520133518,1,tracker_actual_2026-07-24
2026-07-23,total,11.341212502878896,1,tracker_actual_2026-07-24
2026-07-23,new_tariffs,8.66598520133518,1,tracker_actual_2026-07-24
2026-07-24,total,11.05936861427136,1,tracker_actual_2026-07-24
2026-07-24,new_tariffs,8.384141312727648,1,tracker_actual_2026-07-24
2026-07-25,total,11.05936861427136,1,tracker_actual_2026-07-24
2026-07-25,new_tariffs,8.384141312727648,1,tracker_actual_2026-07-24
2026-07-26,total,11.05936861427136,1,tracker_actual_2026-07-24
2026-07-26,new_tariffs,8.384141312727648,1,tracker_actual_2026-07-24
2026-07-27,total,11.05936861427136,1,tracker_actual_2026-07-24
2026-07-27,new_tariffs,8.384141312727648,1,tracker_actual_2026-07-24
2026-07-28,total,11.05936861427136,1,tracker_actual_2026-07-24
2026-07-28,new_tariffs,8.384141312727648,1,tracker_actual_2026-07-24
2026-07-29,total,11.05936861427136,1,tracker_actual_2026-07-24
2026-07-29,new_tariffs,8.384141312727648,1,tracker_actual_2026-07-24
2026-07-30,total,11.05936861427136,1,tracker_actual_2026-07-24
2026-07-30,new_tariffs,8.384141312727648,1,tracker_actual_2026-07-24
2026-07-31,total,11.05322517877393,1,tracker_actual_2026-07-24
2026-07-31,new_tariffs,8.377997877230218,1,tracker_actual_2026-07-24
2026-08-01,total,11.05322517877393,1,tracker_actual_2026-07-24
2026-08-01,new_tariffs,8.377997877230218,1,tracker_actual_2026-07-24
2026-08-02,total,11.05322517877393,1,tracker_actual_2026-07-24
2026-08-02,new_tariffs,8.377997877230218,1,tracker_actual_2026-07-24
2026-08-03,total,11.05322517877393,1,tracker_actual_2026-07-24
2026-08-03,new_tariffs,8.377997877230218,1,tracker_actual_2026-07-24
2026-08-04,total,11.05322517877393,1,tracker_actual_2026-07-24
2026-08-04,new_tariffs,8.377997877230218,1,tracker_actual_2026-07-24
2026-08-05,total,11.05322517877393,1,tracker_actual_2026-07-24
2026-08-05,new_tariffs,8.377997877230218,1,tracker_actual_2026-07-24
2026-08-06,total,11.05322517877393,1,tracker_actual_2026-07-24
2026-08-06,new_tariffs,8.377997877230218,1,tracker_actual_2026-07-24
2026-08-07,total,11.05322517877393,1,tracker_actual_2026-07-24
2026-08-07,new_tariffs,8.377997877230218,1,tracker_actual_2026-07-24
2026-08-08,total,11.05322517877393,1,tracker_actual_2026-07-24
2026-08-08,new_tariffs,8.377997877230218,1,tracker_actual_2026-07-24
2026-08-09,total,11.05322517877393,1,tracker_actual_2026-07-24
2026-08-09,new_tariffs,8.377997877230218,1,tracker_actual_2026-07-24
2026-08-10,total,11.05322517877393,1,tracker_actual_2026-07-24
2026-08-10,new_tariffs,8.377997877230218,1,tracker_actual_2026-07-24
2026-08-11,total,11.05322517877393,1,tracker_actual_2026-07-24
2026-08-11,new_tariffs,8.377997877230218,1,tracker_actual_2026-07-24
2026-08-12,total,11.05322517877393,1,tracker_actual_2026-07-24
2026-08-12,new_tariffs,8.377997877230218,1,tracker_actual_2026-07-24
2026-08-13,total,11.05322517877393,1,tracker_actual_2026-07-24
2026-08-13,new_tariffs,8.377997877230218,1,tracker_actual_2026-07-24
2026-08-14,total,11.05322517877393,1,tracker_actual_2026-07-24
2026-08-14,new_tariffs,8.377997877230218,1,tracker_actual_2026-07-24
2026-08-15,total,11.05322517877393,1,tracker_actual_2026-07-24
2026-08-15,new_tariffs,8.377997877230218,1,tracker_actual_2026-07-24
2026-08-16,total,11.05322517877393,1,tracker_actual_2026-07-24
2026-08-16,new_tariffs,8.377997877230218,1,tracker_actual_2026-07-24
2026-08-17,total,11.05322517877393,1,tracker_actual_2026-07-24
2026-08-17,new_tariffs,8.377997877230218,1,tracker_actual_2026-07-24
2026-08-18,total,11.05322517877393,1,tracker_actual_2026-07-24
2026-08-18,new_tariffs,8.377997877230218,1,tracker_actual_2026-07-24
2026-08-19,total,11.340784676024812,1,tracker_actual_2026-07-24
2026-08-19,new_tariffs,8.6655573744811,1,tracker_actual_2026-07-24
2026-08-20,total,11.340784676024812,1,tracker_actual_2026-07-24
2026-08-20,new_tariffs,8.6655573744811,1,tracker_actual_2026-07-24
2026-08-21,total,11.340784676024812,1,tracker_actual_2026-07-24
2026-08-21,new_tariffs,8.6655573744811,1,tracker_actual_2026-07-24
2026-08-22,total,11.340784676024812,1,tracker_actual_2026-07-24
2026-08-22,new_tariffs,8.6655573744811,1,tracker_actual_2026-07-24
2026-08-23,total,11.340784676024812,1,tracker_actual_2026-07-24
2026-08-23,new_tariffs,8.6655573744811,1,tracker_actual_2026-07-24
2026-08-24,total,11.340784676024812,1,tracker_actual_2026-07-24
2026-08-24,new_tariffs,8.6655573744811,1,tracker_actual_2026-07-24
2026-08-25,total,11.340784676024812,1,tracker_actual_2026-07-24
2026-08-25,new_tariffs,8.6655573744811,1,tracker_actual_2026-07-24
2026-08-26,total,11.340784676024812,1,tracker_actual_2026-07-24
2026-08-26,new_tariffs,8.6655573744811,1,tracker_actual_2026-07-24
2026-08-27,total,11.340784676024812,1,tracker_actual_2026-07-24
2026-08-27,new_tariffs,8.6655573744811,1,tracker_actual_2026-07-24
2026-08-28,total,11.340784676024812,1,tracker_actual_2026-07-24
2026-08-28,new_tariffs,8.6655573744811,1,tracker_actual_2026-07-24
2026-08-29,total,11.340784676024812,1,tracker_actual_2026-07-24
2026-08-29,new_tariffs,8.6655573744811,1,tracker_actual_2026-07-24
2026-08-30,total,11.340784676024812,1,tracker_actual_2026-07-24
2026-08-30,new_tariffs,8.6655573744811,1,tracker_actual_2026-07-24
2026-08-31,total,11.340784676024812,1,tracker_actual_2026-07-24
2026-08-31,new_tariffs,8.6655573744811,1,tracker_actual_2026-07-24
2026-09-01,total,11.340784676024812,1,tracker_actual_2026-07-24
2026-09-01,new_tariffs,8.6655573744811,1,tracker_actual_2026-07-24
2026-09-02,total,11.340784676024812,1,tracker_actual_2026-07-24
2026-09-02,new_tariffs,8.6655573744811,1,tracker_actual_2026-07-24
2026-09-03,total,11.340784676024812,1,tracker_actual_2026-07-24
2026-09-03,new_tariffs,8.6655573744811,1,tracker_actual_2026-07-24
2026-09-04,total,11.340784676024812,1,tracker_actual_2026-07-24
2026-09-04,new_tariffs,8.6655573744811,1,tracker_actual_2026-07-24
2026-09-05,total,11.340784676024812,1,tracker_actual_2026-07-24
2026-09-05,new_tariffs,8.6655573744811,1,tracker_actual_2026-07-24
2026-09-06,total,11.340784676024812,1,tracker_actual_2026-07-24
2026-09-06,new_tariffs,8.6655573744811,1,tracker_actual_2026-07-24
2026-09-07,total,11.340784676024812,1,tracker_actual_2026-07-24
2026-09-07,new_tariffs,8.6655573744811,1,tracker_actual_2026-07-24
2026-09-08,total,11.340784676024812,1,tracker_actual_2026-07-24
2026-09-08,new_tariffs,8.6655573744811,1,tracker_actual_2026-07-24
2026-09-09,total,11.340784676024812,1,tracker_actual_2026-07-24
2026-09-09,new_tariffs,8.6655573744811,1,tracker_actual_2026-07-24
2026-09-10,total,11.340784676024812,1,tracker_actual_2026-07-24
2026-09-10,new_tariffs,8.6655573744811,1,tracker_actual_2026-07-24
2026-09-11,total,11.340784676024812,1,tracker_actual_2026-07-24
2026-09-11,new_tariffs,8.6655573744811,1,tracker_actual_2026-07-24
2026-09-12,total,11.340784676024812,1,tracker_actual_2026-07-24
2026-09-12,new_tariffs,8.6655573744811,1,tracker_actual_2026-07-24
2026-09-13,total,11.340784676024812,1,tracker_actual_2026-07-24
2026-09-13,new_tariffs,8.6655573744811,1,tracker_actual_2026-07-24
2026-09-14,total,11.340784676024812,1,tracker_actual_2026-07-24
2026-09-14,new_tariffs,8.6655573744811,1,tracker_actual_2026-07-24
2026-09-15,total,11.340784676024812,1,tracker_actual_2026-07-24
2026-09-15,new_tariffs,8.6655573744811,1,tracker_actual_2026-07-24
2026-09-16,total,11.340784676024812,1,tracker_actual_2026-07-24
2026-09-16,new_tariffs,8.6655573744811,1,tracker_actual_2026-07-24
2026-09-17,total,11.340784676024812,1,tracker_actual_2026-07-24
2026-09-17,new_tariffs,8.6655573744811,1,tracker_actual_2026-07-24
2026-09-18,total,11.340784676024812,1,tracker_actual_2026-07-24
2026-09-18,new_tariffs,8.6655573744811,1,tracker_actual_2026-07-24
2026-09-19,total,11.340784676024812,1,tracker_actual_2026-07-24
2026-09-19,new_tariffs,8.6655573744811,1,tracker_actual_2026-07-24
2026-09-20,total,11.340784676024812,1,tracker_actual_2026-07-24
2026-09-20,new_tariffs,8.6655573744811,1,tracker_actual_2026-07-24
2026-09-21,total,11.340784676024812,1,tracker_actual_2026-07-24
2026-09-21,new_tariffs,8.6655573744811,1,tracker_actual_2026-07-24
2026-09-22,total,11.340784676024812,1,tracker_actual_2026-07-24
2026-09-22,new_tariffs,8.6655573744811,1,tracker_actual_2026-07-24
2026-09-23,total,11.340784676024812,1,tracker_actual_2026-07-24
2026-09-23,new_tariffs,8.6655573744811,1,tracker_actual_2026-07-24
2026-09-24,total,11.340784676024812,1,tracker_actual_2026-07-24
2026-09-24,new_tariffs,8.6655573744811,1,tracker_actual_2026-07-24
2026-09-25,total,11.340784676024812,1,tracker_actual_2026-07-24
2026-09-25,new_tariffs,8.6655573744811,1,tracker_actual_2026-07-24
2026-09-26,total,11.340784676024812,1,tracker_actual_2026-07-24
2026-09-26,new_tariffs,8.6655573744811,1,tracker_actual_2026-07-24
2026-09-27,total,11.340784676024812,1,tracker_actual_2026-07-24
2026-09-27,new_tariffs,8.6655573744811,1,tracker_actual_2026-07-24
2026-09-28,total,11.340784676024812,1,tracker_actual_2026-07-24
2026-09-28,new_tariffs,8.6655573744811,1,tracker_actual_2026-07-24
2026-09-29,total,11.708806250462372,1,tracker_actual_2026-07-24
2026-09-29,new_tariffs,9.033578948918658,1,tracker_actual_2026-07-24
2026-09-30,total,11.708806250462372,1,tracker_actual_2026-07-24
2026-09-30,new_tariffs,9.033578948918658,1,tracker_actual_2026-07-24
2026-10-01,total,11.708806250462372,1,tracker_actual_2026-07-24
2026-10-01,new_tariffs,9.033578948918658,1,tracker_actual_2026-07-24
2026-10-02,total,11.708806250462372,1,tracker_actual_2026-07-24
2026-10-02,new_tariffs,9.033578948918658,1,tracker_actual_2026-07-24
2026-10-03,total,11.708806250462372,1,tracker_actual_2026-07-24
2026-10-03,new_tariffs,9.033578948918658,1,tracker_actual_2026-07-24
2026-10-04,total,11.708806250462372,1,tracker_actual_2026-07-24
2026-10-04,new_tariffs,9.033578948918658,1,tracker_actual_2026-07-24
2026-10-05,total,11.708806250462372,1,tracker_actual_2026-07-24
2026-10-05,new_tariffs,9.033578948918658,1,tracker_actual_2026-07-24
2026-10-06,total,11.708806250462372,1,tracker_actual_2026-07-24
2026-10-06,new_tariffs,9.033578948918658,1,tracker_actual_2026-07-24
2026-10-07,total,11.708806250462372,1,tracker_actual_2026-07-24
2026-10-07,new_tariffs,9.033578948918658,1,tracker_actual_2026-07-24
2026-10-08,total,11.708806250462372,1,tracker_actual_2026-07-24
2026-10-08,new_tariffs,9.033578948918658,1,tracker_actual_2026-07-24
2026-10-09,total,11.708806250462372,1,tracker_actual_2026-07-24
2026-10-09,new_tariffs,9.033578948918658,1,tracker_actual_2026-07-24
2026-10-10,total,11.708806250462372,1,tracker_actual_2026-07-24
2026-10-10,new_tariffs,9.033578948918658,1,tracker_actual_2026-07-24
2026-10-11,total,11.708806250462372,1,tracker_actual_2026-07-24
2026-10-11,new_tariffs,9.033578948918658,1,tracker_actual_2026-07-24
2026-10-12,total,11.708806250462372,1,tracker_actual_2026-07-24
2026-10-12,new_tariffs,9.033578948918658,1,tracker_actual_2026-07-24
2026-10-13,total,11.708806250462372,1,tracker_actual_2026-07-24
2026-10-13,new_tariffs,9.033578948918658,1,tracker_actual_2026-07-24
2026-10-14,total,11.708806250462372,1,tracker_actual_2026-07-24
2026-10-14,new_tariffs,9.033578948918658,1,tracker_actual_2026-07-24
2026-10-15,total,11.708806250462372,1,tracker_actual_2026-07-24
2026-10-15,new_tariffs,9.033578948918658,1,tracker_actual_2026-07-24
2026-10-16,total,11.708806250462372,1,tracker_actual_2026-07-24
2026-10-16,new_tariffs,9.033578948918658,1,tracker_actual_2026-07-24
2026-10-17,total,11.708806250462372,1,tracker_actual_2026-07-24
2026-10-17,new_tariffs,9.033578948918658,1,tracker_actual_2026-07-24
2026-10-18,total,11.708806250462372,1,tracker_actual_2026-07-24
2026-10-18,new_tariffs,9.033578948918658,1,tracker_actual_2026-07-24
2026-10-19,total,11.708806250462372,1,tracker_actual_2026-07-24
2026-10-19,new_tariffs,9.033578948918658,1,tracker_actual_2026-07-24
2026-10-20,total,11.708806250462372,1,tracker_actual_2026-07-24
2026-10-20,new_tariffs,9.033578948918658,1,tracker_actual_2026-07-24
2026-10-21,total,11.708806250462372,1,tracker_actual_2026-07-24
2026-10-21,new_tariffs,9.033578948918658,1,tracker_actual_2026-07-24
2026-10-22,total,11.708806250462372,1,tracker_actual_2026-07-24
2026-10-22,new_tariffs,9.033578948918658,1,tracker_actual_2026-07-24
2026-10-23,total,11.708806250462372,1,tracker_actual_2026-07-24
2026-10-23,new_tariffs,9.033578948918658,1,tracker_actual_2026-07-24
2026-10-24,total,11.708806250462372,1,tracker_actual_2026-07-24
2026-10-24,new_tariffs,9.033578948918658,1,tracker_actual_2026-07-24
2026-10-25,total,11.708806250462372,1,tracker_actual_2026-07-24
2026-10-25,new_tariffs,9.033578948918658,1,tracker_actual_2026-07-24
2026-10-26,total,11.708806250462372,1,tracker_actual_2026-07-24
2026-10-26,new_tariffs,9.033578948918658,1,tracker_actual_2026-07-24
2026-10-27,total,11.708806250462372,1,tracker_actual_2026-07-24
2026-10-27,new_tariffs,9.033578948918658,1,tracker_actual_2026-07-24
2026-10-28,total,11.708806250462372,1,tracker_actual_2026-07-24
2026-10-28,new_tariffs,9.033578948918658,1,tracker_actual_2026-07-24
2026-10-29,total,11.708806250462372,1,tracker_actual_2026-07-24
2026-10-29,new_tariffs,9.033578948918658,1,tracker_actual_2026-07-24
2026-10-30,total,11.708806250462372,1,tracker_actual_2026-07-24
2026-10-30,new_tariffs,9.033578948918658,1,tracker_actual_2026-07-24
2026-10-31,total,11.708806250462372,1,tracker_actual_2026-07-24
2026-10-31,new_tariffs,9.033578948918658,1,tracker_actual_2026-07-24
2026-11-01,total,11.708806250462372,1,tracker_actual_2026-07-24
2026-11-01,new_tariffs,9.033578948918658,1,tracker_actual_2026-07-24
2026-11-02,total,11.708806250462372,1,tracker_actual_2026-07-24
2026-11-02,new_tariffs,9.033578948918658,1,tracker_actual_2026-07-24
2026-11-03,total,11.708806250462372,1,tracker_actual_2026-07-24
2026-11-03,new_tariffs,9.033578948918658,1,tracker_actual_2026-07-24
2026-11-04,total,11.708806250462372,1,tracker_actual_2026-07-24
2026-11-04,new_tariffs,9.033578948918658,1,tracker_actual_2026-07-24
2026-11-05,total,11.708806250462372,1,tracker_actual_2026-07-24
2026-11-05,new_tariffs,9.033578948918658,1,tracker_actual_2026-07-24
2026-11-06,total,11.708806250462372,1,tracker_actual_2026-07-24
2026-11-06,new_tariffs,9.033578948918658,1,tracker_actual_2026-07-24
2026-11-07,total,11.708806250462372,1,tracker_actual_2026-07-24
2026-11-07,new_tariffs,9.033578948918658,1,tracker_actual_2026-07-24
2026-11-08,total,11.708806250462372,1,tracker_actual_2026-07-24
2026-11-08,new_tariffs,9.033578948918658,1,tracker_actual_2026-07-24
2026-11-09,total,11.708806250462372,1,tracker_actual_2026-07-24
2026-11-09,new_tariffs,9.033578948918658,1,tracker_actual_2026-07-24
2026-11-10,total,11.799524238089761,1,tracker_actual_2026-07-24
2026-11-10,new_tariffs,9.124296936546045,1,tracker_actual_2026-07-24
2026-11-11,total,11.799524238089761,1,tracker_actual_2026-07-24
2026-11-11,new_tariffs,9.124296936546045,1,tracker_actual_2026-07-24
2026-11-12,total,11.799524238089761,1,tracker_actual_2026-07-24
2026-11-12,new_tariffs,9.124296936546045,1,tracker_actual_2026-07-24
2026-11-13,total,11.799524238089761,1,tracker_actual_2026-07-24
2026-11-13,new_tariffs,9.124296936546045,1,tracker_actual_2026-07-24
2026-11-14,total,11.799524238089761,1,tracker_actual_2026-07-24
2026-11-14,new_tariffs,9.124296936546045,1,tracker_actual_2026-07-24
2026-11-15,total,11.799524238089761,1,tracker_actual_2026-07-24
2026-11-15,new_tariffs,9.124296936546045,1,tracker_actual_2026-07-24
2026-11-16,total,11.799524238089761,1,tracker_actual_2026-07-24
2026-11-16,new_tariffs,9.124296936546045,1,tracker_actual_2026-07-24
2026-11-17,total,11.799524238089761,1,tracker_actual_2026-07-24
2026-11-17,new_tariffs,9.124296936546045,1,tracker_actual_2026-07-24
2026-11-18,total,11.799524238089761,1,tracker_actual_2026-07-24
2026-11-18,new_tariffs,9.124296936546045,1,tracker_actual_2026-07-24
2026-11-19,total,11.799524238089761,1,tracker_actual_2026-07-24
2026-11-19,new_tariffs,9.124296936546045,1,tracker_actual_2026-07-24
2026-11-20,total,11.799524238089761,1,tracker_actual_2026-07-24
2026-11-20,new_tariffs,9.124296936546045,1,tracker_actual_2026-07-24
2026-11-21,total,11.799524238089761,1,tracker_actual_2026-07-24
2026-11-21,new_tariffs,9.124296936546045,1,tracker_actual_2026-07-24
2026-11-22,total,11.799524238089761,1,tracker_actual_2026-07-24
2026-11-22,new_tariffs,9.124296936546045,1,tracker_actual_2026-07-24
2026-11-23,total,11.799524238089761,1,tracker_actual_2026-07-24
2026-11-23,new_tariffs,9.124296936546045,1,tracker_actual_2026-07-24
2026-11-24,total,11.799524238089761,1,tracker_actual_2026-07-24
2026-11-24,new_tariffs,9.124296936546045,1,tracker_actual_2026-07-24
2026-11-25,total,11.799524238089761,1,tracker_actual_2026-07-24
2026-11-25,new_tariffs,9.124296936546045,1,tracker_actual_2026-07-24
2026-11-26,total,11.799524238089761,1,tracker_actual_2026-07-24
2026-11-26,new_tariffs,9.124296936546045,1,tracker_actual_2026-07-24
2026-11-27,total,11.799524238089761,1,tracker_actual_2026-07-24
2026-11-27,new_tariffs,9.124296936546045,1,tracker_actual_2026-07-24
2026-11-28,total,11.799524238089761,1,tracker_actual_2026-07-24
2026-11-28,new_tariffs,9.124296936546045,1,tracker_actual_2026-07-24
2026-11-29,total,11.799524238089761,1,tracker_actual_2026-07-24
2026-11-29,new_tariffs,9.124296936546045,1,tracker_actual_2026-07-24
2026-11-30,total,11.799524238089761,1,tracker_actual_2026-07-24
2026-11-30,new_tariffs,9.124296936546045,1,tracker_actual_2026-07-24
2026-12-01,total,11.799524238089761,1,tracker_actual_2026-07-24
2026-12-01,new_tariffs,9.124296936546045,1,tracker_actual_2026-07-24
2026-12-02,total,11.799524238089761,1,tracker_actual_2026-07-24
2026-12-02,new_tariffs,9.124296936546045,1,tracker_actual_2026-07-24
2026-12-03,total,11.799524238089761,1,tracker_actual_2026-07-24
2026-12-03,new_tariffs,9.124296936546045,1,tracker_actual_2026-07-24
2026-12-04,total,11.799524238089761,1,tracker_actual_2026-07-24
2026-12-04,new_tariffs,9.124296936546045,1,tracker_actual_2026-07-24
2026-12-05,total,11.799524238089761,1,tracker_actual_2026-07-24
2026-12-05,new_tariffs,9.124296936546045,1,tracker_actual_2026-07-24
2026-12-06,total,11.799524238089761,1,tracker_actual_2026-07-24
2026-12-06,new_tariffs,9.124296936546045,1,tracker_actual_2026-07-24
2026-12-07,total,11.799524238089761,1,tracker_actual_2026-07-24
2026-12-07,new_tariffs,9.124296936546045,1,tracker_actual_2026-07-24
2026-12-08,total,11.799524238089761,1,tracker_actual_2026-07-24
2026-12-08,new_tariffs,9.124296936546045,1,tracker_actual_2026-07-24
2026-12-09,total,11.799524238089761,1,tracker_actual_2026-07-24
2026-12-09,new_tariffs,9.124296936546045,1,tracker_actual_2026-07-24
2026-12-10,total,11.799524238089761,1,tracker_actual_2026-07-24
2026-12-10,new_tariffs,9.124296936546045,1,tracker_actual_2026-07-24
2026-12-11,total,11.799524238089761,1,tracker_actual_2026-07-24
2026-12-11,new_tariffs,9.124296936546045,1,tracker_actual_2026-07-24
2026-12-12,total,11.799524238089761,1,tracker_actual_2026-07-24
2026-12-12,new_tariffs,9.124296936546045,1,tracker_actual_2026-07-24
2026-12-13,total,11.799524238089761,1,tracker_actual_2026-07-24
2026-12-13,new_tariffs,9.124296936546045,1,tracker_actual_2026-07-24
2026-12-14,total,11.799524238089761,1,tracker_actual_2026-07-24
2026-12-14,new_tariffs,9.124296936546045,1,tracker_actual_2026-07-24
2026-12-15,total,11.799524238089761,1,tracker_actual_2026-07-24
2026-12-15,new_tariffs,9.124296936546045,1,tracker_actual_2026-07-24
2026-12-16,total,11.799524238089761,1,tracker_actual_2026-07-24
2026-12-16,new_tariffs,9.124296936546045,1,tracker_actual_2026-07-24
2026-12-17,total,11.799524238089761,1,tracker_actual_2026-07-24
2026-12-17,new_tariffs,9.124296936546045,1,tracker_actual_2026-07-24
2026-12-18,total,11.799524238089761,1,tracker_actual_2026-07-24
2026-12-18,new_tariffs,9.124296936546045,1,tracker_actual_2026-07-24
2026-12-19,total,11.799524238089761,1,tracker_actual_2026-07-24
2026-12-19,new_tariffs,9.124296936546045,1,tracker_actual_2026-07-24
2026-12-20,total,11.799524238089761,1,tracker_actual_2026-07-24
2026-12-20,new_tariffs,9.124296936546045,1,tracker_actual_2026-07-24
2026-12-21,total,11.799524238089761,1,tracker_actual_2026-07-24
2026-12-21,new_tariffs,9.124296936546045,1,tracker_actual_2026-07-24
2026-12-22,total,11.799524238089761,1,tracker_actual_2026-07-24
2026-12-22,new_tariffs,9.124296936546045,1,tracker_actual_2026-07-24
2026-12-23,total,11.799524238089761,1,tracker_actual_2026-07-24
2026-12-23,new_tariffs,9.124296936546045,1,tracker_actual_2026-07-24
2026-12-24,total,11.799524238089761,1,tracker_actual_2026-07-24
2026-12-24,new_tariffs,9.124296936546045,1,tracker_actual_2026-07-24
2026-12-25,total,11.799524238089761,1,tracker_actual_2026-07-24
2026-12-25,new_tariffs,9.124296936546045,1,tracker_actual_2026-07-24
2026-12-26,total,11.799524238089761,1,tracker_actual_2026-07-24
2026-12-26,new_tariffs,9.124296936546045,1,tracker_actual_2026-07-24
2026-12-27,total,11.799524238089761,1,tracker_actual_2026-07-24
2026-12-27,new_tariffs,9.124296936546045,1,tracker_actual_2026-07-24
2026-12-28,total,11.799524238089761,1,tracker_actual_2026-07-24
2026-12-28,new_tariffs,9.124296936546045,1,tracker_actual_2026-07-24
2026-12-29,total,11.799524238089761,1,tracker_actual_2026-07-24
2026-12-29,new_tariffs,9.124296936546045,1,tracker_actual_2026-07-24
2026-12-30,total,11.799524238089761,1,tracker_actual_2026-07-24
2026-12-30,new_tariffs,9.124296936546045,1,tracker_actual_2026-07-24
2026-12-31,total,11.799524238089761,1,tracker_actual_2026-07-24
2026-12-31,new_tariffs,9.124296936546045,1,tracker_actual_2026-07-24
2025-01-01,total,2.675227301543713,0,tracker_no_fl_301_2026-07-24
2025-01-01,new_tariffs,0,0,tracker_no_fl_301_2026-07-24
2025-01-02,total,2.675227301543713,0,tracker_no_fl_301_2026-07-24
2025-01-02,new_tariffs,0,0,tracker_no_fl_301_2026-07-24
2025-01-03,total,2.675227301543713,0,tracker_no_fl_301_2026-07-24
2025-01-03,new_tariffs,0,0,tracker_no_fl_301_2026-07-24
2025-01-04,total,2.675227301543713,0,tracker_no_fl_301_2026-07-24
2025-01-04,new_tariffs,0,0,tracker_no_fl_301_2026-07-24
2025-01-05,total,2.675227301543713,0,tracker_no_fl_301_2026-07-24
2025-01-05,new_tariffs,0,0,tracker_no_fl_301_2026-07-24
2025-01-06,total,2.675227301543713,0,tracker_no_fl_301_2026-07-24
2025-01-06,new_tariffs,0,0,tracker_no_fl_301_2026-07-24
2025-01-07,total,2.675227301543713,0,tracker_no_fl_301_2026-07-24
2025-01-07,new_tariffs,0,0,tracker_no_fl_301_2026-07-24
2025-01-08,total,2.675227301543713,0,tracker_no_fl_301_2026-07-24
2025-01-08,new_tariffs,0,0,tracker_no_fl_301_2026-07-24
2025-01-09,total,2.675227301543713,0,tracker_no_fl_301_2026-07-24
2025-01-09,new_tariffs,0,0,tracker_no_fl_301_2026-07-24
2025-01-10,total,2.675227301543713,0,tracker_no_fl_301_2026-07-24
2025-01-10,new_tariffs,0,0,tracker_no_fl_301_2026-07-24
2025-01-11,total,2.675227301543713,0,tracker_no_fl_301_2026-07-24
2025-01-11,new_tariffs,0,0,tracker_no_fl_301_2026-07-24
2025-01-12,total,2.675227301543713,0,tracker_no_fl_301_2026-07-24
2025-01-12,new_tariffs,0,0,tracker_no_fl_301_2026-07-24
2025-01-13,total,2.675227301543713,0,tracker_no_fl_301_2026-07-24
2025-01-13,new_tariffs,0,0,tracker_no_fl_301_2026-07-24
2025-01-14,total,2.675227301543713,0,tracker_no_fl_301_2026-07-24
2025-01-14,new_tariffs,0,0,tracker_no_fl_301_2026-07-24
2025-01-15,total,2.675227301543713,0,tracker_no_fl_301_2026-07-24
2025-01-15,new_tariffs,0,0,tracker_no_fl_301_2026-07-24
2025-01-16,total,2.675227301543713,0,tracker_no_fl_301_2026-07-24
2025-01-16,new_tariffs,0,0,tracker_no_fl_301_2026-07-24
2025-01-17,total,2.675227301543713,0,tracker_no_fl_301_2026-07-24
2025-01-17,new_tariffs,0,0,tracker_no_fl_301_2026-07-24
2025-01-18,total,2.675227301543713,0,tracker_no_fl_301_2026-07-24
2025-01-18,new_tariffs,0,0,tracker_no_fl_301_2026-07-24
2025-01-19,total,2.675227301543713,0,tracker_no_fl_301_2026-07-24
2025-01-19,new_tariffs,0,0,tracker_no_fl_301_2026-07-24
2025-01-20,total,2.675227301543713,0,tracker_no_fl_301_2026-07-24
2025-01-20,new_tariffs,0,0,tracker_no_fl_301_2026-07-24
2025-01-21,total,2.675227301543713,0,tracker_no_fl_301_2026-07-24
2025-01-21,new_tariffs,0,0,tracker_no_fl_301_2026-07-24
2025-01-22,total,2.675227301543713,0,tracker_no_fl_301_2026-07-24
2025-01-22,new_tariffs,0,0,tracker_no_fl_301_2026-07-24
2025-01-23,total,2.675227301543713,0,tracker_no_fl_301_2026-07-24
2025-01-23,new_tariffs,0,0,tracker_no_fl_301_2026-07-24
2025-01-24,total,2.675227301543713,0,tracker_no_fl_301_2026-07-24
2025-01-24,new_tariffs,0,0,tracker_no_fl_301_2026-07-24
2025-01-25,total,2.675227301543713,0,tracker_no_fl_301_2026-07-24
2025-01-25,new_tariffs,0,0,tracker_no_fl_301_2026-07-24
2025-01-26,total,2.675227301543713,0,tracker_no_fl_301_2026-07-24
2025-01-26,new_tariffs,0,0,tracker_no_fl_301_2026-07-24
2025-01-27,total,2.675227301543713,0,tracker_no_fl_301_2026-07-24
2025-01-27,new_tariffs,0,0,tracker_no_fl_301_2026-07-24
2025-01-28,total,2.675227301543713,0,tracker_no_fl_301_2026-07-24
2025-01-28,new_tariffs,0,0,tracker_no_fl_301_2026-07-24
2025-01-29,total,2.675227301543713,0,tracker_no_fl_301_2026-07-24
2025-01-29,new_tariffs,0,0,tracker_no_fl_301_2026-07-24
2025-01-30,total,2.675227301543713,0,tracker_no_fl_301_2026-07-24
2025-01-30,new_tariffs,0,0,tracker_no_fl_301_2026-07-24
2025-01-31,total,2.675227301543713,0,tracker_no_fl_301_2026-07-24
2025-01-31,new_tariffs,0,0,tracker_no_fl_301_2026-07-24
2025-02-01,total,2.675227301543713,0,tracker_no_fl_301_2026-07-24
2025-02-01,new_tariffs,0,0,tracker_no_fl_301_2026-07-24
2025-02-02,total,2.675227301543713,0,tracker_no_fl_301_2026-07-24
2025-02-02,new_tariffs,0,0,tracker_no_fl_301_2026-07-24
2025-02-03,total,2.675227301543713,0,tracker_no_fl_301_2026-07-24
2025-02-03,new_tariffs,0,0,tracker_no_fl_301_2026-07-24
2025-02-04,total,4.021755261255201,0,tracker_no_fl_301_2026-07-24
2025-02-04,new_tariffs,1.346527959711487,0,tracker_no_fl_301_2026-07-24
2025-02-05,total,4.021755261255201,0,tracker_no_fl_301_2026-07-24
2025-02-05,new_tariffs,1.346527959711487,0,tracker_no_fl_301_2026-07-24
2025-02-06,total,4.021755261255201,0,tracker_no_fl_301_2026-07-24
2025-02-06,new_tariffs,1.346527959711487,0,tracker_no_fl_301_2026-07-24
2025-02-07,total,4.021755261255201,0,tracker_no_fl_301_2026-07-24
2025-02-07,new_tariffs,1.346527959711487,0,tracker_no_fl_301_2026-07-24
2025-02-08,total,4.021755261255201,0,tracker_no_fl_301_2026-07-24
2025-02-08,new_tariffs,1.346527959711487,0,tracker_no_fl_301_2026-07-24
2025-02-09,total,4.021755261255201,0,tracker_no_fl_301_2026-07-24
2025-02-09,new_tariffs,1.346527959711487,0,tracker_no_fl_301_2026-07-24
2025-02-10,total,4.021755261255201,0,tracker_no_fl_301_2026-07-24
2025-02-10,new_tariffs,1.346527959711487,0,tracker_no_fl_301_2026-07-24
2025-02-11,total,4.021755261255201,0,tracker_no_fl_301_2026-07-24
2025-02-11,new_tariffs,1.346527959711487,0,tracker_no_fl_301_2026-07-24
2025-02-12,total,4.021755261255201,0,tracker_no_fl_301_2026-07-24
2025-02-12,new_tariffs,1.346527959711487,0,tracker_no_fl_301_2026-07-24
2025-02-13,total,4.021755261255201,0,tracker_no_fl_301_2026-07-24
2025-02-13,new_tariffs,1.346527959711487,0,tracker_no_fl_301_2026-07-24
2025-02-14,total,4.021755261255201,0,tracker_no_fl_301_2026-07-24
2025-02-14,new_tariffs,1.346527959711487,0,tracker_no_fl_301_2026-07-24
2025-02-15,total,4.021755261255201,0,tracker_no_fl_301_2026-07-24
2025-02-15,new_tariffs,1.346527959711487,0,tracker_no_fl_301_2026-07-24
2025-02-16,total,4.021755261255201,0,tracker_no_fl_301_2026-07-24
2025-02-16,new_tariffs,1.346527959711487,0,tracker_no_fl_301_2026-07-24
2025-02-17,total,4.021755261255201,0,tracker_no_fl_301_2026-07-24
2025-02-17,new_tariffs,1.346527959711487,0,tracker_no_fl_301_2026-07-24
2025-02-18,total,4.021755261255201,0,tracker_no_fl_301_2026-07-24
2025-02-18,new_tariffs,1.346527959711487,0,tracker_no_fl_301_2026-07-24
2025-02-19,total,4.021755261255201,0,tracker_no_fl_301_2026-07-24
2025-02-19,new_tariffs,1.346527959711487,0,tracker_no_fl_301_2026-07-24
2025-02-20,total,4.021755261255201,0,tracker_no_fl_301_2026-07-24
2025-02-20,new_tariffs,1.346527959711487,0,tracker_no_fl_301_2026-07-24
2025-02-21,total,4.021755261255201,0,tracker_no_fl_301_2026-07-24
2025-02-21,new_tariffs,1.346527959711487,0,tracker_no_fl_301_2026-07-24
2025-02-22,total,4.021755261255201,0,tracker_no_fl_301_2026-07-24
2025-02-22,new_tariffs,1.346527959711487,0,tracker_no_fl_301_2026-07-24
2025-02-23,total,4.021755261255201,0,tracker_no_fl_301_2026-07-24
2025-02-23,new_tariffs,1.346527959711487,0,tracker_no_fl_301_2026-07-24
2025-02-24,total,4.021755261255201,0,tracker_no_fl_301_2026-07-24
2025-02-24,new_tariffs,1.346527959711487,0,tracker_no_fl_301_2026-07-24
2025-02-25,total,4.021755261255201,0,tracker_no_fl_301_2026-07-24
2025-02-25,new_tariffs,1.346527959711487,0,tracker_no_fl_301_2026-07-24
2025-02-26,total,4.021755261255201,0,tracker_no_fl_301_2026-07-24
2025-02-26,new_tariffs,1.346527959711487,0,tracker_no_fl_301_2026-07-24
2025-02-27,total,4.021755261255201,0,tracker_no_fl_301_2026-07-24
2025-02-27,new_tariffs,1.346527959711487,0,tracker_no_fl_301_2026-07-24
2025-02-28,total,4.021755261255201,0,tracker_no_fl_301_2026-07-24
2025-02-28,new_tariffs,1.346527959711487,0,tracker_no_fl_301_2026-07-24
2025-03-01,total,4.021755261255201,0,tracker_no_fl_301_2026-07-24
2025-03-01,new_tariffs,1.346527959711487,0,tracker_no_fl_301_2026-07-24
2025-03-02,total,4.021755261255201,0,tracker_no_fl_301_2026-07-24
2025-03-02,new_tariffs,1.346527959711487,0,tracker_no_fl_301_2026-07-24
2025-03-03,total,4.021755261255201,0,tracker_no_fl_301_2026-07-24
2025-03-03,new_tariffs,1.346527959711487,0,tracker_no_fl_301_2026-07-24
2025-03-04,total,6.011425905424591,0,tracker_no_fl_301_2026-07-24
2025-03-04,new_tariffs,3.3361986038808773,0,tracker_no_fl_301_2026-07-24
2025-03-05,total,6.011425905424591,0,tracker_no_fl_301_2026-07-24
2025-03-05,new_tariffs,3.3361986038808773,0,tracker_no_fl_301_2026-07-24
2025-03-06,total,6.011425905424591,0,tracker_no_fl_301_2026-07-24
2025-03-06,new_tariffs,3.3361986038808773,0,tracker_no_fl_301_2026-07-24
2025-03-07,total,6.026077918609638,0,tracker_no_fl_301_2026-07-24
2025-03-07,new_tariffs,3.3508506170659236,0,tracker_no_fl_301_2026-07-24
2025-03-08,total,6.026077918609638,0,tracker_no_fl_301_2026-07-24
2025-03-08,new_tariffs,3.3508506170659236,0,tracker_no_fl_301_2026-07-24
2025-03-09,total,6.026077918609638,0,tracker_no_fl_301_2026-07-24
2025-03-09,new_tariffs,3.3508506170659236,0,tracker_no_fl_301_2026-07-24
2025-03-10,total,6.026077918609638,0,tracker_no_fl_301_2026-07-24
2025-03-10,new_tariffs,3.3508506170659236,0,tracker_no_fl_301_2026-07-24
2025-03-11,total,6.026077918609638,0,tracker_no_fl_301_2026-07-24
2025-03-11,new_tariffs,3.3508506170659236,0,tracker_no_fl_301_2026-07-24
2025-03-12,total,6.737968232615185,1,tracker_no_fl_301_2026-07-24
2025-03-12,new_tariffs,4.06274093107147,1,tracker_no_fl_301_2026-07-24
2025-03-13,total,6.737968232615185,1,tracker_no_fl_301_2026-07-24
2025-03-13,new_tariffs,4.06274093107147,1,tracker_no_fl_301_2026-07-24
2025-03-14,total,6.745710155625084,0,tracker_no_fl_301_2026-07-24
2025-03-14,new_tariffs,4.070482854081369,0,tracker_no_fl_301_2026-07-24
2025-03-15,total,6.745710155625084,0,tracker_no_fl_301_2026-07-24
2025-03-15,new_tariffs,4.070482854081369,0,tracker_no_fl_301_2026-07-24
2025-03-16,total,6.745710155625084,0,tracker_no_fl_301_2026-07-24
2025-03-16,new_tariffs,4.070482854081369,0,tracker_no_fl_301_2026-07-24
2025-03-17,total,6.745710155625084,0,tracker_no_fl_301_2026-07-24
2025-03-17,new_tariffs,4.070482854081369,0,tracker_no_fl_301_2026-07-24
2025-03-18,total,6.745710155625084,0,tracker_no_fl_301_2026-07-24
2025-03-18,new_tariffs,4.070482854081369,0,tracker_no_fl_301_2026-07-24
2025-03-19,total,6.745710155625084,0,tracker_no_fl_301_2026-07-24
2025-03-19,new_tariffs,4.070482854081369,0,tracker_no_fl_301_2026-07-24
2025-03-20,total,6.745710155625084,0,tracker_no_fl_301_2026-07-24
2025-03-20,new_tariffs,4.070482854081369,0,tracker_no_fl_301_2026-07-24
2025-03-21,total,6.745710155625084,0,tracker_no_fl_301_2026-07-24
2025-03-21,new_tariffs,4.070482854081369,0,tracker_no_fl_301_2026-07-24
2025-03-22,total,6.745710155625084,0,tracker_no_fl_301_2026-07-24
2025-03-22,new_tariffs,4.070482854081369,0,tracker_no_fl_301_2026-07-24
2025-03-23,total,6.745710155625084,0,tracker_no_fl_301_2026-07-24
2025-03-23,new_tariffs,4.070482854081369,0,tracker_no_fl_301_2026-07-24
2025-03-24,total,6.745710155625084,0,tracker_no_fl_301_2026-07-24
2025-03-24,new_tariffs,4.070482854081369,0,tracker_no_fl_301_2026-07-24
2025-03-25,total,6.745710155625084,0,tracker_no_fl_301_2026-07-24
2025-03-25,new_tariffs,4.070482854081369,0,tracker_no_fl_301_2026-07-24
2025-03-26,total,6.745710155625084,0,tracker_no_fl_301_2026-07-24
2025-03-26,new_tariffs,4.070482854081369,0,tracker_no_fl_301_2026-07-24
2025-03-27,total,6.745710155625084,0,tracker_no_fl_301_2026-07-24
2025-03-27,new_tariffs,4.070482854081369,0,tracker_no_fl_301_2026-07-24
2025-03-28,total,6.745710155625084,0,tracker_no_fl_301_2026-07-24
2025-03-28,new_tariffs,4.070482854081369,0,tracker_no_fl_301_2026-07-24
2025-03-29,total,6.745710155625084,0,tracker_no_fl_301_2026-07-24
2025-03-29,new_tariffs,4.070482854081369,0,tracker_no_fl_301_2026-07-24
2025-03-30,total,6.745710155625084,0,tracker_no_fl_301_2026-07-24
2025-03-30,new_tariffs,4.070482854081369,0,tracker_no_fl_301_2026-07-24
2025-03-31,total,6.745710155625084,0,tracker_no_fl_301_2026-07-24
2025-03-31,new_tariffs,4.070482854081369,0,tracker_no_fl_301_2026-07-24
2025-04-01,total,6.745710155625084,0,tracker_no_fl_301_2026-07-24
2025-04-01,new_tariffs,4.070482854081369,0,tracker_no_fl_301_2026-07-24
2025-04-02,total,6.745710155625084,0,tracker_no_fl_301_2026-07-24
2025-04-02,new_tariffs,4.070482854081369,0,tracker_no_fl_301_2026-07-24
2025-04-03,total,8.316862671677196,0,tracker_no_fl_301_2026-07-24
2025-04-03,new_tariffs,5.641635370133482,0,tracker_no_fl_301_2026-07-24
2025-04-04,total,8.316862671677196,0,tracker_no_fl_301_2026-07-24
2025-04-04,new_tariffs,5.641635370133482,0,tracker_no_fl_301_2026-07-24
2025-04-05,total,14.599485219396064,0,tracker_no_fl_301_2026-07-24
2025-04-05,new_tariffs,11.924257917852348,0,tracker_no_fl_301_2026-07-24
2025-04-06,total,14.599485219396064,0,tracker_no_fl_301_2026-07-24
2025-04-06,new_tariffs,11.924257917852348,0,tracker_no_fl_301_2026-07-24
2025-04-07,total,14.599485219396064,0,tracker_no_fl_301_2026-07-24
2025-04-07,new_tariffs,11.924257917852348,0,tracker_no_fl_301_2026-07-24
2025-04-08,total,14.599485219396064,0,tracker_no_fl_301_2026-07-24
2025-04-08,new_tariffs,11.924257917852348,0,tracker_no_fl_301_2026-07-24
2025-04-09,total,19.17823406051668,0,tracker_no_fl_301_2026-07-24
2025-04-09,new_tariffs,16.503006758972965,0,tracker_no_fl_301_2026-07-24
2025-04-10,total,22.929507761894598,0,tracker_no_fl_301_2026-07-24
2025-04-10,new_tariffs,20.254280460350884,0,tracker_no_fl_301_2026-07-24
2025-04-11,total,22.929507761894598,0,tracker_no_fl_301_2026-07-24
2025-04-11,new_tariffs,20.254280460350884,0,tracker_no_fl_301_2026-07-24
2025-04-12,total,22.929507761894598,0,tracker_no_fl_301_2026-07-24
2025-04-12,new_tariffs,20.254280460350884,0,tracker_no_fl_301_2026-07-24
2025-04-13,total,22.929507761894598,0,tracker_no_fl_301_2026-07-24
2025-04-13,new_tariffs,20.254280460350884,0,tracker_no_fl_301_2026-07-24
2025-04-14,total,22.929507761894598,0,tracker_no_fl_301_2026-07-24
2025-04-14,new_tariffs,20.254280460350884,0,tracker_no_fl_301_2026-07-24
2025-04-15,total,22.921765838884696,0,tracker_no_fl_301_2026-07-24
2025-04-15,new_tariffs,20.24653853734098,0,tracker_no_fl_301_2026-07-24
2025-04-16,total,22.921765838884696,0,tracker_no_fl_301_2026-07-24
2025-04-16,new_tariffs,20.24653853734098,0,tracker_no_fl_301_2026-07-24
2025-04-17,total,22.921765838884696,0,tracker_no_fl_301_2026-07-24
2025-04-17,new_tariffs,20.24653853734098,0,tracker_no_fl_301_2026-07-24
2025-04-18,total,22.921765838884696,0,tracker_no_fl_301_2026-07-24
2025-04-18,new_tariffs,20.24653853734098,0,tracker_no_fl_301_2026-07-24
2025-04-19,total,22.921765838884696,0,tracker_no_fl_301_2026-07-24
2025-04-19,new_tariffs,20.24653853734098,0,tracker_no_fl_301_2026-07-24
2025-04-20,total,22.921765838884696,0,tracker_no_fl_301_2026-07-24
2025-04-20,new_tariffs,20.24653853734098,0,tracker_no_fl_301_2026-07-24
2025-04-21,total,22.921765838884696,0,tracker_no_fl_301_2026-07-24
2025-04-21,new_tariffs,20.24653853734098,0,tracker_no_fl_301_2026-07-24
2025-04-22,total,22.921765838884696,0,tracker_no_fl_301_2026-07-24
2025-04-22,new_tariffs,20.24653853734098,0,tracker_no_fl_301_2026-07-24
2025-04-23,total,22.921765838884696,0,tracker_no_fl_301_2026-07-24
2025-04-23,new_tariffs,20.24653853734098,0,tracker_no_fl_301_2026-07-24
2025-04-24,total,22.921765838884696,0,tracker_no_fl_301_2026-07-24
2025-04-24,new_tariffs,20.24653853734098,0,tracker_no_fl_301_2026-07-24
2025-04-25,total,22.921765838884696,0,tracker_no_fl_301_2026-07-24
2025-04-25,new_tariffs,20.24653853734098,0,tracker_no_fl_301_2026-07-24
2025-04-26,total,22.921765838884696,0,tracker_no_fl_301_2026-07-24
2025-04-26,new_tariffs,20.24653853734098,0,tracker_no_fl_301_2026-07-24
2025-04-27,total,22.921765838884696,0,tracker_no_fl_301_2026-07-24
2025-04-27,new_tariffs,20.24653853734098,0,tracker_no_fl_301_2026-07-24
2025-04-28,total,22.921765838884696,0,tracker_no_fl_301_2026-07-24
2025-04-28,new_tariffs,20.24653853734098,0,tracker_no_fl_301_2026-07-24
2025-04-29,total,22.921765838884696,0,tracker_no_fl_301_2026-07-24
2025-04-29,new_tariffs,20.24653853734098,0,tracker_no_fl_301_2026-07-24
2025-04-30,total,22.921765838884696,0,tracker_no_fl_301_2026-07-24
2025-04-30,new_tariffs,20.24653853734098,0,tracker_no_fl_301_2026-07-24
2025-05-01,total,22.921765838884696,0,tracker_no_fl_301_2026-07-24
2025-05-01,new_tariffs,20.24653853734098,0,tracker_no_fl_301_2026-07-24
2025-05-02,total,22.921765838884696,0,tracker_no_fl_301_2026-07-24
2025-05-02,new_tariffs,20.24653853734098,0,tracker_no_fl_301_2026-07-24
2025-05-03,total,22.277551880230348,0,tracker_no_fl_301_2026-07-24
2025-05-03,new_tariffs,19.60232457868663,0,tracker_no_fl_301_2026-07-24
2025-05-04,total,22.277551880230348,0,tracker_no_fl_301_2026-07-24
2025-05-04,new_tariffs,19.60232457868663,0,tracker_no_fl_301_2026-07-24
2025-05-05,total,22.277551880230348,0,tracker_no_fl_301_2026-07-24
2025-05-05,new_tariffs,19.60232457868663,0,tracker_no_fl_301_2026-07-24
2025-05-06,total,22.277551880230348,0,tracker_no_fl_301_2026-07-24
2025-05-06,new_tariffs,19.60232457868663,0,tracker_no_fl_301_2026-07-24
2025-05-07,total,22.277551880230348,0,tracker_no_fl_301_2026-07-24
2025-05-07,new_tariffs,19.60232457868663,0,tracker_no_fl_301_2026-07-24
2025-05-08,total,22.277551880230348,0,tracker_no_fl_301_2026-07-24
2025-05-08,new_tariffs,19.60232457868663,0,tracker_no_fl_301_2026-07-24
2025-05-09,total,22.277551880230348,0,tracker_no_fl_301_2026-07-24
2025-05-09,new_tariffs,19.60232457868663,0,tracker_no_fl_301_2026-07-24
2025-05-10,total,22.277551880230348,0,tracker_no_fl_301_2026-07-24
2025-05-10,new_tariffs,19.60232457868663,0,tracker_no_fl_301_2026-07-24
2025-05-11,total,22.277551880230348,0,tracker_no_fl_301_2026-07-24
2025-05-11,new_tariffs,19.60232457868663,0,tracker_no_fl_301_2026-07-24
2025-05-12,total,22.277551880230348,0,tracker_no_fl_301_2026-07-24
2025-05-12,new_tariffs,19.60232457868663,0,tracker_no_fl_301_2026-07-24
2025-05-13,total,22.277551880230348,0,tracker_no_fl_301_2026-07-24
2025-05-13,new_tariffs,19.60232457868663,0,tracker_no_fl_301_2026-07-24
2025-05-14,total,12.869456831566792,0,tracker_no_fl_301_2026-07-24
2025-05-14,new_tariffs,10.194229530023076,0,tracker_no_fl_301_2026-07-24
2025-05-15,total,12.869456831566792,0,tracker_no_fl_301_2026-07-24
2025-05-15,new_tariffs,10.194229530023076,0,tracker_no_fl_301_2026-07-24
2025-05-16,total,12.869456831566792,0,tracker_no_fl_301_2026-07-24
2025-05-16,new_tariffs,10.194229530023076,0,tracker_no_fl_301_2026-07-24
2025-05-17,total,12.869456831566792,0,tracker_no_fl_301_2026-07-24
2025-05-17,new_tariffs,10.194229530023076,0,tracker_no_fl_301_2026-07-24
2025-05-18,total,12.869456831566792,0,tracker_no_fl_301_2026-07-24
2025-05-18,new_tariffs,10.194229530023076,0,tracker_no_fl_301_2026-07-24
2025-05-19,total,12.869456831566792,0,tracker_no_fl_301_2026-07-24
2025-05-19,new_tariffs,10.194229530023076,0,tracker_no_fl_301_2026-07-24
2025-05-20,total,12.869456831566792,0,tracker_no_fl_301_2026-07-24
2025-05-20,new_tariffs,10.194229530023076,0,tracker_no_fl_301_2026-07-24
2025-05-21,total,12.869456831566792,0,tracker_no_fl_301_2026-07-24
2025-05-21,new_tariffs,10.194229530023076,0,tracker_no_fl_301_2026-07-24
2025-05-22,total,12.869456831566792,0,tracker_no_fl_301_2026-07-24
2025-05-22,new_tariffs,10.194229530023076,0,tracker_no_fl_301_2026-07-24
2025-05-23,total,12.869456831566792,0,tracker_no_fl_301_2026-07-24
2025-05-23,new_tariffs,10.194229530023076,0,tracker_no_fl_301_2026-07-24
2025-05-24,total,12.869456831566792,0,tracker_no_fl_301_2026-07-24
2025-05-24,new_tariffs,10.194229530023076,0,tracker_no_fl_301_2026-07-24
2025-05-25,total,12.869456831566792,0,tracker_no_fl_301_2026-07-24
2025-05-25,new_tariffs,10.194229530023076,0,tracker_no_fl_301_2026-07-24
2025-05-26,total,12.869456831566792,0,tracker_no_fl_301_2026-07-24
2025-05-26,new_tariffs,10.194229530023076,0,tracker_no_fl_301_2026-07-24
2025-05-27,total,12.869456831566792,0,tracker_no_fl_301_2026-07-24
2025-05-27,new_tariffs,10.194229530023076,0,tracker_no_fl_301_2026-07-24
2025-05-28,total,12.869456831566792,0,tracker_no_fl_301_2026-07-24
2025-05-28,new_tariffs,10.194229530023076,0,tracker_no_fl_301_2026-07-24
2025-05-29,total,12.869456831566792,0,tracker_no_fl_301_2026-07-24
2025-05-29,new_tariffs,10.194229530023076,0,tracker_no_fl_301_2026-07-24
2025-05-30,total,12.869456831566792,0,tracker_no_fl_301_2026-07-24
2025-05-30,new_tariffs,10.194229530023076,0,tracker_no_fl_301_2026-07-24
2025-05-31,total,12.869456831566792,0,tracker_no_fl_301_2026-07-24
2025-05-31,new_tariffs,10.194229530023076,0,tracker_no_fl_301_2026-07-24
2025-06-01,total,12.9366664093087,1,tracker_no_fl_301_2026-07-24
2025-06-01,new_tariffs,10.261439107764986,1,tracker_no_fl_301_2026-07-24
2025-06-02,total,12.9366664093087,1,tracker_no_fl_301_2026-07-24
2025-06-02,new_tariffs,10.261439107764986,1,tracker_no_fl_301_2026-07-24
2025-06-03,total,12.9366664093087,1,tracker_no_fl_301_2026-07-24
2025-06-03,new_tariffs,10.261439107764986,1,tracker_no_fl_301_2026-07-24
2025-06-04,total,13.782068319044994,0,tracker_no_fl_301_2026-07-24
2025-06-04,new_tariffs,11.10684101750128,0,tracker_no_fl_301_2026-07-24
2025-06-05,total,13.782068319044994,0,tracker_no_fl_301_2026-07-24
2025-06-05,new_tariffs,11.10684101750128,0,tracker_no_fl_301_2026-07-24
2025-06-06,total,13.782068319044994,0,tracker_no_fl_301_2026-07-24
2025-06-06,new_tariffs,11.10684101750128,0,tracker_no_fl_301_2026-07-24
2025-06-07,total,13.782068319044994,0,tracker_no_fl_301_2026-07-24
2025-06-07,new_tariffs,11.10684101750128,0,tracker_no_fl_301_2026-07-24
2025-06-08,total,13.782068319044994,0,tracker_no_fl_301_2026-07-24
2025-06-08,new_tariffs,11.10684101750128,0,tracker_no_fl_301_2026-07-24
2025-06-09,total,13.782068319044994,0,tracker_no_fl_301_2026-07-24
2025-06-09,new_tariffs,11.10684101750128,0,tracker_no_fl_301_2026-07-24
2025-06-10,total,13.782068319044994,0,tracker_no_fl_301_2026-07-24
2025-06-10,new_tariffs,11.10684101750128,0,tracker_no_fl_301_2026-07-24
2025-06-11,total,13.782068319044994,0,tracker_no_fl_301_2026-07-24
2025-06-11,new_tariffs,11.10684101750128,0,tracker_no_fl_301_2026-07-24
2025-06-12,total,13.782068319044994,0,tracker_no_fl_301_2026-07-24
2025-06-12,new_tariffs,11.10684101750128,0,tracker_no_fl_301_2026-07-24
2025-06-13,total,13.782068319044994,0,tracker_no_fl_301_2026-07-24
2025-06-13,new_tariffs,11.10684101750128,0,tracker_no_fl_301_2026-07-24
2025-06-14,total,13.782068319044994,0,tracker_no_fl_301_2026-07-24
2025-06-14,new_tariffs,11.10684101750128,0,tracker_no_fl_301_2026-07-24
2025-06-15,total,13.782068319044994,0,tracker_no_fl_301_2026-07-24
2025-06-15,new_tariffs,11.10684101750128,0,tracker_no_fl_301_2026-07-24
2025-06-16,total,13.782068319044994,0,tracker_no_fl_301_2026-07-24
2025-06-16,new_tariffs,11.10684101750128,0,tracker_no_fl_301_2026-07-24
2025-06-17,total,13.782068319044994,0,tracker_no_fl_301_2026-07-24
2025-06-17,new_tariffs,11.10684101750128,0,tracker_no_fl_301_2026-07-24
2025-06-18,total,13.782068319044994,0,tracker_no_fl_301_2026-07-24
2025-06-18,new_tariffs,11.10684101750128,0,tracker_no_fl_301_2026-07-24
2025-06-19,total,13.782068319044994,0,tracker_no_fl_301_2026-07-24
2025-06-19,new_tariffs,11.10684101750128,0,tracker_no_fl_301_2026-07-24
2025-06-20,total,13.782068319044994,0,tracker_no_fl_301_2026-07-24
2025-06-20,new_tariffs,11.10684101750128,0,tracker_no_fl_301_2026-07-24
2025-06-21,total,13.782068319044994,0,tracker_no_fl_301_2026-07-24
2025-06-21,new_tariffs,11.10684101750128,0,tracker_no_fl_301_2026-07-24
2025-06-22,total,13.782068319044994,0,tracker_no_fl_301_2026-07-24
2025-06-22,new_tariffs,11.10684101750128,0,tracker_no_fl_301_2026-07-24
2025-06-23,total,13.789810242054893,0,tracker_no_fl_301_2026-07-24
2025-06-23,new_tariffs,11.114582940511179,0,tracker_no_fl_301_2026-07-24
2025-06-24,total,13.789810242054893,0,tracker_no_fl_301_2026-07-24
2025-06-24,new_tariffs,11.114582940511179,0,tracker_no_fl_301_2026-07-24
2025-06-25,total,13.789810242054893,0,tracker_no_fl_301_2026-07-24
2025-06-25,new_tariffs,11.114582940511179,0,tracker_no_fl_301_2026-07-24
2025-06-26,total,13.789810242054893,0,tracker_no_fl_301_2026-07-24
2025-06-26,new_tariffs,11.114582940511179,0,tracker_no_fl_301_2026-07-24
2025-06-27,total,13.789810242054893,0,tracker_no_fl_301_2026-07-24
2025-06-27,new_tariffs,11.114582940511179,0,tracker_no_fl_301_2026-07-24
2025-06-28,total,13.789810242054893,0,tracker_no_fl_301_2026-07-24
2025-06-28,new_tariffs,11.114582940511179,0,tracker_no_fl_301_2026-07-24
2025-06-29,total,13.789810242054893,0,tracker_no_fl_301_2026-07-24
2025-06-29,new_tariffs,11.114582940511179,0,tracker_no_fl_301_2026-07-24
2025-06-30,total,13.789810242054893,0,tracker_no_fl_301_2026-07-24
2025-06-30,new_tariffs,11.114582940511179,0,tracker_no_fl_301_2026-07-24
2025-07-01,total,13.727224774800725,0,tracker_no_fl_301_2026-07-24
2025-07-01,new_tariffs,11.051997473257012,0,tracker_no_fl_301_2026-07-24
2025-07-02,total,13.727224774800725,0,tracker_no_fl_301_2026-07-24
2025-07-02,new_tariffs,11.051997473257012,0,tracker_no_fl_301_2026-07-24
2025-07-03,total,13.727224774800725,0,tracker_no_fl_301_2026-07-24
2025-07-03,new_tariffs,11.051997473257012,0,tracker_no_fl_301_2026-07-24
2025-07-04,total,13.727224774800725,0,tracker_no_fl_301_2026-07-24
2025-07-04,new_tariffs,11.051997473257012,0,tracker_no_fl_301_2026-07-24
2025-07-05,total,13.727224774800725,0,tracker_no_fl_301_2026-07-24
2025-07-05,new_tariffs,11.051997473257012,0,tracker_no_fl_301_2026-07-24
2025-07-06,total,13.727224774800725,0,tracker_no_fl_301_2026-07-24
2025-07-06,new_tariffs,11.051997473257012,0,tracker_no_fl_301_2026-07-24
2025-07-07,total,13.727224774800725,0,tracker_no_fl_301_2026-07-24
2025-07-07,new_tariffs,11.051997473257012,0,tracker_no_fl_301_2026-07-24
2025-07-08,total,13.727224774800725,0,tracker_no_fl_301_2026-07-24
2025-07-08,new_tariffs,11.051997473257012,0,tracker_no_fl_301_2026-07-24
2025-07-09,total,13.727224774800725,0,tracker_no_fl_301_2026-07-24
2025-07-09,new_tariffs,11.051997473257012,0,tracker_no_fl_301_2026-07-24
2025-07-10,total,13.727224774800725,0,tracker_no_fl_301_2026-07-24
2025-07-10,new_tariffs,11.051997473257012,0,tracker_no_fl_301_2026-07-24
2025-07-11,total,13.727224774800725,0,tracker_no_fl_301_2026-07-24
2025-07-11,new_tariffs,11.051997473257012,0,tracker_no_fl_301_2026-07-24
2025-07-12,total,13.727224774800725,0,tracker_no_fl_301_2026-07-24
2025-07-12,new_tariffs,11.051997473257012,0,tracker_no_fl_301_2026-07-24
2025-07-13,total,13.727224774800725,0,tracker_no_fl_301_2026-07-24
2025-07-13,new_tariffs,11.051997473257012,0,tracker_no_fl_301_2026-07-24
2025-07-14,total,13.727224774800725,0,tracker_no_fl_301_2026-07-24
2025-07-14,new_tariffs,11.051997473257012,0,tracker_no_fl_301_2026-07-24
2025-07-15,total,13.727224774800725,0,tracker_no_fl_301_2026-07-24
2025-07-15,new_tariffs,11.051997473257012,0,tracker_no_fl_301_2026-07-24
2025-07-16,total,13.727224774800725,0,tracker_no_fl_301_2026-07-24
2025-07-16,new_tariffs,11.051997473257012,0,tracker_no_fl_301_2026-07-24
2025-07-17,total,13.727224774800725,0,tracker_no_fl_301_2026-07-24
2025-07-17,new_tariffs,11.051997473257012,0,tracker_no_fl_301_2026-07-24
2025-07-18,total,13.727224774800725,0,tracker_no_fl_301_2026-07-24
2025-07-18,new_tariffs,11.051997473257012,0,tracker_no_fl_301_2026-07-24
2025-07-19,total,13.727224774800725,0,tracker_no_fl_301_2026-07-24
2025-07-19,new_tariffs,11.051997473257012,0,tracker_no_fl_301_2026-07-24
2025-07-20,total,13.727224774800725,0,tracker_no_fl_301_2026-07-24
2025-07-20,new_tariffs,11.051997473257012,0,tracker_no_fl_301_2026-07-24
2025-07-21,total,13.727224774800725,0,tracker_no_fl_301_2026-07-24
2025-07-21,new_tariffs,11.051997473257012,0,tracker_no_fl_301_2026-07-24
2025-07-22,total,13.727224774800725,0,tracker_no_fl_301_2026-07-24
2025-07-22,new_tariffs,11.051997473257012,0,tracker_no_fl_301_2026-07-24
2025-07-23,total,13.727224774800725,0,tracker_no_fl_301_2026-07-24
2025-07-23,new_tariffs,11.051997473257012,0,tracker_no_fl_301_2026-07-24
2025-07-24,total,13.727224774800725,0,tracker_no_fl_301_2026-07-24
2025-07-24,new_tariffs,11.051997473257012,0,tracker_no_fl_301_2026-07-24
2025-07-25,total,13.727224774800725,0,tracker_no_fl_301_2026-07-24
2025-07-25,new_tariffs,11.051997473257012,0,tracker_no_fl_301_2026-07-24
2025-07-26,total,13.727224774800725,0,tracker_no_fl_301_2026-07-24
2025-07-26,new_tariffs,11.051997473257012,0,tracker_no_fl_301_2026-07-24
2025-07-27,total,13.727224774800725,0,tracker_no_fl_301_2026-07-24
2025-07-27,new_tariffs,11.051997473257012,0,tracker_no_fl_301_2026-07-24
2025-07-28,total,13.727224774800725,0,tracker_no_fl_301_2026-07-24
2025-07-28,new_tariffs,11.051997473257012,0,tracker_no_fl_301_2026-07-24
2025-07-29,total,13.727224774800725,0,tracker_no_fl_301_2026-07-24
2025-07-29,new_tariffs,11.051997473257012,0,tracker_no_fl_301_2026-07-24
2025-07-30,total,13.727224774800725,0,tracker_no_fl_301_2026-07-24
2025-07-30,new_tariffs,11.051997473257012,0,tracker_no_fl_301_2026-07-24
2025-07-31,total,13.727224774800725,0,tracker_no_fl_301_2026-07-24
2025-07-31,new_tariffs,11.051997473257012,0,tracker_no_fl_301_2026-07-24
2025-08-01,total,13.93914793096877,0,tracker_no_fl_301_2026-07-24
2025-08-01,new_tariffs,11.263920629425057,0,tracker_no_fl_301_2026-07-24
2025-08-02,total,13.93914793096877,0,tracker_no_fl_301_2026-07-24
2025-08-02,new_tariffs,11.263920629425057,0,tracker_no_fl_301_2026-07-24
2025-08-03,total,13.93914793096877,0,tracker_no_fl_301_2026-07-24
2025-08-03,new_tariffs,11.263920629425057,0,tracker_no_fl_301_2026-07-24
2025-08-04,total,13.93914793096877,0,tracker_no_fl_301_2026-07-24
2025-08-04,new_tariffs,11.263920629425057,0,tracker_no_fl_301_2026-07-24
2025-08-05,total,13.93914793096877,0,tracker_no_fl_301_2026-07-24
2025-08-05,new_tariffs,11.263920629425057,0,tracker_no_fl_301_2026-07-24
2025-08-06,total,13.93914793096877,0,tracker_no_fl_301_2026-07-24
2025-08-06,new_tariffs,11.263920629425057,0,tracker_no_fl_301_2026-07-24
2025-08-07,total,16.04575987621197,0,tracker_no_fl_301_2026-07-24
2025-08-07,new_tariffs,13.370532574668257,0,tracker_no_fl_301_2026-07-24
2025-08-08,total,16.04575987621197,0,tracker_no_fl_301_2026-07-24
2025-08-08,new_tariffs,13.370532574668257,0,tracker_no_fl_301_2026-07-24
2025-08-09,total,16.04575987621197,0,tracker_no_fl_301_2026-07-24
2025-08-09,new_tariffs,13.370532574668257,0,tracker_no_fl_301_2026-07-24
2025-08-10,total,16.04575987621197,0,tracker_no_fl_301_2026-07-24
2025-08-10,new_tariffs,13.370532574668257,0,tracker_no_fl_301_2026-07-24
2025-08-11,total,16.04575987621197,0,tracker_no_fl_301_2026-07-24
2025-08-11,new_tariffs,13.370532574668257,0,tracker_no_fl_301_2026-07-24
2025-08-12,total,16.04575987621197,0,tracker_no_fl_301_2026-07-24
2025-08-12,new_tariffs,13.370532574668257,0,tracker_no_fl_301_2026-07-24
2025-08-13,total,16.04575987621197,0,tracker_no_fl_301_2026-07-24
2025-08-13,new_tariffs,13.370532574668257,0,tracker_no_fl_301_2026-07-24
2025-08-14,total,16.04575987621197,0,tracker_no_fl_301_2026-07-24
2025-08-14,new_tariffs,13.370532574668257,0,tracker_no_fl_301_2026-07-24
2025-08-15,total,16.04575987621197,0,tracker_no_fl_301_2026-07-24
2025-08-15,new_tariffs,13.370532574668257,0,tracker_no_fl_301_2026-07-24
2025-08-16,total,16.04575987621197,0,tracker_no_fl_301_2026-07-24
2025-08-16,new_tariffs,13.370532574668257,0,tracker_no_fl_301_2026-07-24
2025-08-17,total,16.04575987621197,0,tracker_no_fl_301_2026-07-24
2025-08-17,new_tariffs,13.370532574668257,0,tracker_no_fl_301_2026-07-24
2025-08-18,total,16.31952674431962,0,tracker_no_fl_301_2026-07-24
2025-08-18,new_tariffs,13.644299442775907,0,tracker_no_fl_301_2026-07-24
2025-08-19,total,16.31952674431962,0,tracker_no_fl_301_2026-07-24
2025-08-19,new_tariffs,13.644299442775907,0,tracker_no_fl_301_2026-07-24
2025-08-20,total,16.31952674431962,0,tracker_no_fl_301_2026-07-24
2025-08-20,new_tariffs,13.644299442775907,0,tracker_no_fl_301_2026-07-24
2025-08-21,total,16.31952674431962,0,tracker_no_fl_301_2026-07-24
2025-08-21,new_tariffs,13.644299442775907,0,tracker_no_fl_301_2026-07-24
2025-08-22,total,16.31952674431962,0,tracker_no_fl_301_2026-07-24
2025-08-22,new_tariffs,13.644299442775907,0,tracker_no_fl_301_2026-07-24
2025-08-23,total,16.31952674431962,0,tracker_no_fl_301_2026-07-24
2025-08-23,new_tariffs,13.644299442775907,0,tracker_no_fl_301_2026-07-24
2025-08-24,total,16.31952674431962,0,tracker_no_fl_301_2026-07-24
2025-08-24,new_tariffs,13.644299442775907,0,tracker_no_fl_301_2026-07-24
2025-08-25,total,16.31952674431962,0,tracker_no_fl_301_2026-07-24
2025-08-25,new_tariffs,13.644299442775907,0,tracker_no_fl_301_2026-07-24
2025-08-26,total,16.31952674431962,0,tracker_no_fl_301_2026-07-24
2025-08-26,new_tariffs,13.644299442775907,0,tracker_no_fl_301_2026-07-24
2025-08-27,total,16.728909073343264,0,tracker_no_fl_301_2026-07-24
2025-08-27,new_tariffs,14.05368177179955,0,tracker_no_fl_301_2026-07-24
2025-08-28,total,16.728909073343264,0,tracker_no_fl_301_2026-07-24
2025-08-28,new_tariffs,14.05368177179955,0,tracker_no_fl_301_2026-07-24
2025-08-29,total,16.728909073343264,0,tracker_no_fl_301_2026-07-24
2025-08-29,new_tariffs,14.05368177179955,0,tracker_no_fl_301_2026-07-24
2025-08-30,total,16.728909073343264,0,tracker_no_fl_301_2026-07-24
2025-08-30,new_tariffs,14.05368177179955,0,tracker_no_fl_301_2026-07-24
2025-08-31,total,16.728909073343264,0,tracker_no_fl_301_2026-07-24
2025-08-31,new_tariffs,14.05368177179955,0,tracker_no_fl_301_2026-07-24
2025-09-01,total,16.79611865108517,1,tracker_no_fl_301_2026-07-24
2025-09-01,new_tariffs,14.12089134954146,1,tracker_no_fl_301_2026-07-24
2025-09-02,total,16.728909073343264,0,tracker_no_fl_301_2026-07-24
2025-09-02,new_tariffs,14.05368177179955,0,tracker_no_fl_301_2026-07-24
2025-09-03,total,16.728909073343264,0,tracker_no_fl_301_2026-07-24
2025-09-03,new_tariffs,14.05368177179955,0,tracker_no_fl_301_2026-07-24
2025-09-04,total,16.728909073343264,0,tracker_no_fl_301_2026-07-24
2025-09-04,new_tariffs,14.05368177179955,0,tracker_no_fl_301_2026-07-24
2025-09-05,total,16.728909073343264,0,tracker_no_fl_301_2026-07-24
2025-09-05,new_tariffs,14.05368177179955,0,tracker_no_fl_301_2026-07-24
2025-09-06,total,16.728909073343264,0,tracker_no_fl_301_2026-07-24
2025-09-06,new_tariffs,14.05368177179955,0,tracker_no_fl_301_2026-07-24
2025-09-07,total,16.728909073343264,0,tracker_no_fl_301_2026-07-24
2025-09-07,new_tariffs,14.05368177179955,0,tracker_no_fl_301_2026-07-24
2025-09-08,total,16.537786147233273,0,tracker_no_fl_301_2026-07-24
2025-09-08,new_tariffs,13.862558845689557,0,tracker_no_fl_301_2026-07-24
2025-09-09,total,16.537786147233273,0,tracker_no_fl_301_2026-07-24
2025-09-09,new_tariffs,13.862558845689557,0,tracker_no_fl_301_2026-07-24
2025-09-10,total,16.537786147233273,0,tracker_no_fl_301_2026-07-24
2025-09-10,new_tariffs,13.862558845689557,0,tracker_no_fl_301_2026-07-24
2025-09-11,total,16.537786147233273,0,tracker_no_fl_301_2026-07-24
2025-09-11,new_tariffs,13.862558845689557,0,tracker_no_fl_301_2026-07-24
2025-09-12,total,16.537786147233273,0,tracker_no_fl_301_2026-07-24
2025-09-12,new_tariffs,13.862558845689557,0,tracker_no_fl_301_2026-07-24
2025-09-13,total,16.537786147233273,0,tracker_no_fl_301_2026-07-24
2025-09-13,new_tariffs,13.862558845689557,0,tracker_no_fl_301_2026-07-24
2025-09-14,total,16.537786147233273,0,tracker_no_fl_301_2026-07-24
2025-09-14,new_tariffs,13.862558845689557,0,tracker_no_fl_301_2026-07-24
2025-09-15,total,16.537786147233273,0,tracker_no_fl_301_2026-07-24
2025-09-15,new_tariffs,13.862558845689557,0,tracker_no_fl_301_2026-07-24
2025-09-16,total,16.321489368653726,0,tracker_no_fl_301_2026-07-24
2025-09-16,new_tariffs,13.646262067110012,0,tracker_no_fl_301_2026-07-24
2025-09-17,total,16.321489368653726,0,tracker_no_fl_301_2026-07-24
2025-09-17,new_tariffs,13.646262067110012,0,tracker_no_fl_301_2026-07-24
2025-09-18,total,16.321489368653726,0,tracker_no_fl_301_2026-07-24
2025-09-18,new_tariffs,13.646262067110012,0,tracker_no_fl_301_2026-07-24
2025-09-19,total,16.321489368653726,0,tracker_no_fl_301_2026-07-24
2025-09-19,new_tariffs,13.646262067110012,0,tracker_no_fl_301_2026-07-24
2025-09-20,total,16.321489368653726,0,tracker_no_fl_301_2026-07-24
2025-09-20,new_tariffs,13.646262067110012,0,tracker_no_fl_301_2026-07-24
2025-09-21,total,16.321489368653726,0,tracker_no_fl_301_2026-07-24
2025-09-21,new_tariffs,13.646262067110012,0,tracker_no_fl_301_2026-07-24
2025-09-22,total,16.321489368653726,0,tracker_no_fl_301_2026-07-24
2025-09-22,new_tariffs,13.646262067110012,0,tracker_no_fl_301_2026-07-24
2025-09-23,total,16.321489368653726,0,tracker_no_fl_301_2026-07-24
2025-09-23,new_tariffs,13.646262067110012,0,tracker_no_fl_301_2026-07-24
2025-09-24,total,16.321489368653726,0,tracker_no_fl_301_2026-07-24
2025-09-24,new_tariffs,13.646262067110012,0,tracker_no_fl_301_2026-07-24
2025-09-25,total,15.733821084146937,0,tracker_no_fl_301_2026-07-24
2025-09-25,new_tariffs,13.058593782603223,0,tracker_no_fl_301_2026-07-24
2025-09-26,total,15.733821084146937,0,tracker_no_fl_301_2026-07-24
2025-09-26,new_tariffs,13.058593782603223,0,tracker_no_fl_301_2026-07-24
2025-09-27,total,15.733821084146937,0,tracker_no_fl_301_2026-07-24
2025-09-27,new_tariffs,13.058593782603223,0,tracker_no_fl_301_2026-07-24
2025-09-28,total,15.733821084146937,0,tracker_no_fl_301_2026-07-24
2025-09-28,new_tariffs,13.058593782603223,0,tracker_no_fl_301_2026-07-24
2025-09-29,total,15.733821084146937,0,tracker_no_fl_301_2026-07-24
2025-09-29,new_tariffs,13.058593782603223,0,tracker_no_fl_301_2026-07-24
2025-09-30,total,15.733821084146937,0,tracker_no_fl_301_2026-07-24
2025-09-30,new_tariffs,13.058593782603223,0,tracker_no_fl_301_2026-07-24
2025-10-01,total,15.733821084146937,0,tracker_no_fl_301_2026-07-24
2025-10-01,new_tariffs,13.058593782603223,0,tracker_no_fl_301_2026-07-24
2025-10-02,total,15.733821084146937,0,tracker_no_fl_301_2026-07-24
2025-10-02,new_tariffs,13.058593782603223,0,tracker_no_fl_301_2026-07-24
2025-10-03,total,15.733821084146937,0,tracker_no_fl_301_2026-07-24
2025-10-03,new_tariffs,13.058593782603223,0,tracker_no_fl_301_2026-07-24
2025-10-04,total,15.733821084146937,0,tracker_no_fl_301_2026-07-24
2025-10-04,new_tariffs,13.058593782603223,0,tracker_no_fl_301_2026-07-24
2025-10-05,total,15.733821084146937,0,tracker_no_fl_301_2026-07-24
2025-10-05,new_tariffs,13.058593782603223,0,tracker_no_fl_301_2026-07-24
2025-10-06,total,15.733821084146937,0,tracker_no_fl_301_2026-07-24
2025-10-06,new_tariffs,13.058593782603223,0,tracker_no_fl_301_2026-07-24
2025-10-07,total,15.733821084146937,0,tracker_no_fl_301_2026-07-24
2025-10-07,new_tariffs,13.058593782603223,0,tracker_no_fl_301_2026-07-24
2025-10-08,total,15.733821084146937,0,tracker_no_fl_301_2026-07-24
2025-10-08,new_tariffs,13.058593782603223,0,tracker_no_fl_301_2026-07-24
2025-10-09,total,15.733821084146937,0,tracker_no_fl_301_2026-07-24
2025-10-09,new_tariffs,13.058593782603223,0,tracker_no_fl_301_2026-07-24
2025-10-10,total,15.733821084146937,0,tracker_no_fl_301_2026-07-24
2025-10-10,new_tariffs,13.058593782603223,0,tracker_no_fl_301_2026-07-24
2025-10-11,total,15.733821084146937,0,tracker_no_fl_301_2026-07-24
2025-10-11,new_tariffs,13.058593782603223,0,tracker_no_fl_301_2026-07-24
2025-10-12,total,15.733821084146937,0,tracker_no_fl_301_2026-07-24
2025-10-12,new_tariffs,13.058593782603223,0,tracker_no_fl_301_2026-07-24
2025-10-13,total,15.733821084146937,0,tracker_no_fl_301_2026-07-24
2025-10-13,new_tariffs,13.058593782603223,0,tracker_no_fl_301_2026-07-24
2025-10-14,total,15.82562110187217,0,tracker_no_fl_301_2026-07-24
2025-10-14,new_tariffs,13.150393800328455,0,tracker_no_fl_301_2026-07-24
2025-10-15,total,15.82562110187217,0,tracker_no_fl_301_2026-07-24
2025-10-15,new_tariffs,13.150393800328455,0,tracker_no_fl_301_2026-07-24
2025-10-16,total,15.82562110187217,0,tracker_no_fl_301_2026-07-24
2025-10-16,new_tariffs,13.150393800328455,0,tracker_no_fl_301_2026-07-24
2025-10-17,total,15.82562110187217,0,tracker_no_fl_301_2026-07-24
2025-10-17,new_tariffs,13.150393800328455,0,tracker_no_fl_301_2026-07-24
2025-10-18,total,15.82562110187217,0,tracker_no_fl_301_2026-07-24
2025-10-18,new_tariffs,13.150393800328455,0,tracker_no_fl_301_2026-07-24
2025-10-19,total,15.82562110187217,0,tracker_no_fl_301_2026-07-24
2025-10-19,new_tariffs,13.150393800328455,0,tracker_no_fl_301_2026-07-24
2025-10-20,total,15.82562110187217,0,tracker_no_fl_301_2026-07-24
2025-10-20,new_tariffs,13.150393800328455,0,tracker_no_fl_301_2026-07-24
2025-10-21,total,15.82562110187217,0,tracker_no_fl_301_2026-07-24
2025-10-21,new_tariffs,13.150393800328455,0,tracker_no_fl_301_2026-07-24
2025-10-22,total,15.82562110187217,0,tracker_no_fl_301_2026-07-24
2025-10-22,new_tariffs,13.150393800328455,0,tracker_no_fl_301_2026-07-24
2025-10-23,total,15.82562110187217,0,tracker_no_fl_301_2026-07-24
2025-10-23,new_tariffs,13.150393800328455,0,tracker_no_fl_301_2026-07-24
2025-10-24,total,15.82562110187217,0,tracker_no_fl_301_2026-07-24
2025-10-24,new_tariffs,13.150393800328455,0,tracker_no_fl_301_2026-07-24
2025-10-25,total,15.82562110187217,0,tracker_no_fl_301_2026-07-24
2025-10-25,new_tariffs,13.150393800328455,0,tracker_no_fl_301_2026-07-24
2025-10-26,total,15.82562110187217,0,tracker_no_fl_301_2026-07-24
2025-10-26,new_tariffs,13.150393800328455,0,tracker_no_fl_301_2026-07-24
2025-10-27,total,15.82562110187217,0,tracker_no_fl_301_2026-07-24
2025-10-27,new_tariffs,13.150393800328455,0,tracker_no_fl_301_2026-07-24
2025-10-28,total,15.82562110187217,0,tracker_no_fl_301_2026-07-24
2025-10-28,new_tariffs,13.150393800328455,0,tracker_no_fl_301_2026-07-24
2025-10-29,total,15.82562110187217,0,tracker_no_fl_301_2026-07-24
2025-10-29,new_tariffs,13.150393800328455,0,tracker_no_fl_301_2026-07-24
2025-10-30,total,15.82562110187217,0,tracker_no_fl_301_2026-07-24
2025-10-30,new_tariffs,13.150393800328455,0,tracker_no_fl_301_2026-07-24
2025-10-31,total,15.82562110187217,0,tracker_no_fl_301_2026-07-24
2025-10-31,new_tariffs,13.150393800328455,0,tracker_no_fl_301_2026-07-24
2025-11-01,total,15.950354696704968,0,tracker_no_fl_301_2026-07-24
2025-11-01,new_tariffs,13.275127395161254,0,tracker_no_fl_301_2026-07-24
2025-11-02,total,15.950354696704968,0,tracker_no_fl_301_2026-07-24
2025-11-02,new_tariffs,13.275127395161254,0,tracker_no_fl_301_2026-07-24
2025-11-03,total,15.950354696704968,0,tracker_no_fl_301_2026-07-24
2025-11-03,new_tariffs,13.275127395161254,0,tracker_no_fl_301_2026-07-24
2025-11-04,total,15.950354696704968,0,tracker_no_fl_301_2026-07-24
2025-11-04,new_tariffs,13.275127395161254,0,tracker_no_fl_301_2026-07-24
2025-11-05,total,15.950354696704968,0,tracker_no_fl_301_2026-07-24
2025-11-05,new_tariffs,13.275127395161254,0,tracker_no_fl_301_2026-07-24
2025-11-06,total,15.950354696704968,0,tracker_no_fl_301_2026-07-24
2025-11-06,new_tariffs,13.275127395161254,0,tracker_no_fl_301_2026-07-24
2025-11-07,total,15.950354696704968,0,tracker_no_fl_301_2026-07-24
2025-11-07,new_tariffs,13.275127395161254,0,tracker_no_fl_301_2026-07-24
2025-11-08,total,15.950354696704968,0,tracker_no_fl_301_2026-07-24
2025-11-08,new_tariffs,13.275127395161254,0,tracker_no_fl_301_2026-07-24
2025-11-09,total,14.618721555197018,0,tracker_no_fl_301_2026-07-24
2025-11-09,new_tariffs,11.9434942536533,0,tracker_no_fl_301_2026-07-24
2025-11-10,total,14.602374171310778,0,tracker_no_fl_301_2026-07-24
2025-11-10,new_tariffs,11.927146869767064,0,tracker_no_fl_301_2026-07-24
2025-11-11,total,14.602374171310778,0,tracker_no_fl_301_2026-07-24
2025-11-11,new_tariffs,11.927146869767064,0,tracker_no_fl_301_2026-07-24
2025-11-12,total,14.602374171310778,0,tracker_no_fl_301_2026-07-24
2025-11-12,new_tariffs,11.927146869767064,0,tracker_no_fl_301_2026-07-24
2025-11-13,total,14.38785306628765,0,tracker_no_fl_301_2026-07-24
2025-11-13,new_tariffs,11.712625764743937,0,tracker_no_fl_301_2026-07-24
2025-11-14,total,14.22636365424768,1,tracker_no_fl_301_2026-07-24
2025-11-14,new_tariffs,11.551136352703963,1,tracker_no_fl_301_2026-07-24
2025-11-15,total,14.22636365424768,1,tracker_no_fl_301_2026-07-24
2025-11-15,new_tariffs,11.551136352703963,1,tracker_no_fl_301_2026-07-24
2025-11-16,total,14.22636365424768,1,tracker_no_fl_301_2026-07-24
2025-11-16,new_tariffs,11.551136352703963,1,tracker_no_fl_301_2026-07-24
2025-11-17,total,14.22636365424768,1,tracker_no_fl_301_2026-07-24
2025-11-17,new_tariffs,11.551136352703963,1,tracker_no_fl_301_2026-07-24
2025-11-18,total,14.22636365424768,1,tracker_no_fl_301_2026-07-24
2025-11-18,new_tariffs,11.551136352703963,1,tracker_no_fl_301_2026-07-24
2025-11-19,total,14.22636365424768,1,tracker_no_fl_301_2026-07-24
2025-11-19,new_tariffs,11.551136352703963,1,tracker_no_fl_301_2026-07-24
2025-11-20,total,14.22636365424768,1,tracker_no_fl_301_2026-07-24
2025-11-20,new_tariffs,11.551136352703963,1,tracker_no_fl_301_2026-07-24
2025-11-21,total,14.226351520859629,0,tracker_no_fl_301_2026-07-24
2025-11-21,new_tariffs,11.551124219315914,0,tracker_no_fl_301_2026-07-24
2025-11-22,total,14.226351520859629,0,tracker_no_fl_301_2026-07-24
2025-11-22,new_tariffs,11.551124219315914,0,tracker_no_fl_301_2026-07-24
2025-11-23,total,14.226351520859629,0,tracker_no_fl_301_2026-07-24
2025-11-23,new_tariffs,11.551124219315914,0,tracker_no_fl_301_2026-07-24
2025-11-24,total,14.226351520859629,0,tracker_no_fl_301_2026-07-24
2025-11-24,new_tariffs,11.551124219315914,0,tracker_no_fl_301_2026-07-24
2025-11-25,total,14.226351520859629,0,tracker_no_fl_301_2026-07-24
2025-11-25,new_tariffs,11.551124219315914,0,tracker_no_fl_301_2026-07-24
2025-11-26,total,14.226351520859629,0,tracker_no_fl_301_2026-07-24
2025-11-26,new_tariffs,11.551124219315914,0,tracker_no_fl_301_2026-07-24
2025-11-27,total,14.226351520859629,0,tracker_no_fl_301_2026-07-24
2025-11-27,new_tariffs,11.551124219315914,0,tracker_no_fl_301_2026-07-24
2025-11-28,total,14.226351520859629,0,tracker_no_fl_301_2026-07-24
2025-11-28,new_tariffs,11.551124219315914,0,tracker_no_fl_301_2026-07-24
2025-11-29,total,14.226351520859629,0,tracker_no_fl_301_2026-07-24
2025-11-29,new_tariffs,11.551124219315914,0,tracker_no_fl_301_2026-07-24
2025-11-30,total,14.226351520859629,0,tracker_no_fl_301_2026-07-24
2025-11-30,new_tariffs,11.551124219315914,0,tracker_no_fl_301_2026-07-24
2025-12-01,total,14.226351520859629,0,tracker_no_fl_301_2026-07-24
2025-12-01,new_tariffs,11.551124219315914,0,tracker_no_fl_301_2026-07-24
2025-12-02,total,14.226351520859629,0,tracker_no_fl_301_2026-07-24
2025-12-02,new_tariffs,11.551124219315914,0,tracker_no_fl_301_2026-07-24
2025-12-03,total,14.226351520859629,0,tracker_no_fl_301_2026-07-24
2025-12-03,new_tariffs,11.551124219315914,0,tracker_no_fl_301_2026-07-24
2025-12-04,total,14.226351520859629,0,tracker_no_fl_301_2026-07-24
2025-12-04,new_tariffs,11.551124219315914,0,tracker_no_fl_301_2026-07-24
2025-12-05,total,14.015643000593442,0,tracker_no_fl_301_2026-07-24
2025-12-05,new_tariffs,11.340415699049727,0,tracker_no_fl_301_2026-07-24
2025-12-06,total,14.015643000593442,0,tracker_no_fl_301_2026-07-24
2025-12-06,new_tariffs,11.340415699049727,0,tracker_no_fl_301_2026-07-24
2025-12-07,total,14.015643000593442,0,tracker_no_fl_301_2026-07-24
2025-12-07,new_tariffs,11.340415699049727,0,tracker_no_fl_301_2026-07-24
2025-12-08,total,14.015643000593442,0,tracker_no_fl_301_2026-07-24
2025-12-08,new_tariffs,11.340415699049727,0,tracker_no_fl_301_2026-07-24
2025-12-09,total,14.015643000593442,0,tracker_no_fl_301_2026-07-24
2025-12-09,new_tariffs,11.340415699049727,0,tracker_no_fl_301_2026-07-24
2025-12-10,total,14.015643000593442,0,tracker_no_fl_301_2026-07-24
2025-12-10,new_tariffs,11.340415699049727,0,tracker_no_fl_301_2026-07-24
2025-12-11,total,14.015643000593442,0,tracker_no_fl_301_2026-07-24
2025-12-11,new_tariffs,11.340415699049727,0,tracker_no_fl_301_2026-07-24
2025-12-12,total,14.015643000593442,0,tracker_no_fl_301_2026-07-24
2025-12-12,new_tariffs,11.340415699049727,0,tracker_no_fl_301_2026-07-24
2025-12-13,total,14.015643000593442,0,tracker_no_fl_301_2026-07-24
2025-12-13,new_tariffs,11.340415699049727,0,tracker_no_fl_301_2026-07-24
2025-12-14,total,14.015643000593442,0,tracker_no_fl_301_2026-07-24
2025-12-14,new_tariffs,11.340415699049727,0,tracker_no_fl_301_2026-07-24
2025-12-15,total,14.015643000593442,0,tracker_no_fl_301_2026-07-24
2025-12-15,new_tariffs,11.340415699049727,0,tracker_no_fl_301_2026-07-24
2025-12-16,total,14.015643000593442,0,tracker_no_fl_301_2026-07-24
2025-12-16,new_tariffs,11.340415699049727,0,tracker_no_fl_301_2026-07-24
2025-12-17,total,14.015643000593442,0,tracker_no_fl_301_2026-07-24
2025-12-17,new_tariffs,11.340415699049727,0,tracker_no_fl_301_2026-07-24
2025-12-18,total,14.015643000593442,0,tracker_no_fl_301_2026-07-24
2025-12-18,new_tariffs,11.340415699049727,0,tracker_no_fl_301_2026-07-24
2025-12-19,total,14.015643000593442,0,tracker_no_fl_301_2026-07-24
2025-12-19,new_tariffs,11.340415699049727,0,tracker_no_fl_301_2026-07-24
2025-12-20,total,14.015643000593442,0,tracker_no_fl_301_2026-07-24
2025-12-20,new_tariffs,11.340415699049727,0,tracker_no_fl_301_2026-07-24
2025-12-21,total,14.015643000593442,0,tracker_no_fl_301_2026-07-24
2025-12-21,new_tariffs,11.340415699049727,0,tracker_no_fl_301_2026-07-24
2025-12-22,total,14.015643000593442,0,tracker_no_fl_301_2026-07-24
2025-12-22,new_tariffs,11.340415699049727,0,tracker_no_fl_301_2026-07-24
2025-12-23,total,14.015643000593442,0,tracker_no_fl_301_2026-07-24
2025-12-23,new_tariffs,11.340415699049727,0,tracker_no_fl_301_2026-07-24
2025-12-24,total,14.015643000593442,0,tracker_no_fl_301_2026-07-24
2025-12-24,new_tariffs,11.340415699049727,0,tracker_no_fl_301_2026-07-24
2025-12-25,total,14.015643000593442,0,tracker_no_fl_301_2026-07-24
2025-12-25,new_tariffs,11.340415699049727,0,tracker_no_fl_301_2026-07-24
2025-12-26,total,14.015643000593442,0,tracker_no_fl_301_2026-07-24
2025-12-26,new_tariffs,11.340415699049727,0,tracker_no_fl_301_2026-07-24
2025-12-27,total,14.015643000593442,0,tracker_no_fl_301_2026-07-24
2025-12-27,new_tariffs,11.340415699049727,0,tracker_no_fl_301_2026-07-24
2025-12-28,total,14.015643000593442,0,tracker_no_fl_301_2026-07-24
2025-12-28,new_tariffs,11.340415699049727,0,tracker_no_fl_301_2026-07-24
2025-12-29,total,14.015643000593442,0,tracker_no_fl_301_2026-07-24
2025-12-29,new_tariffs,11.340415699049727,0,tracker_no_fl_301_2026-07-24
2025-12-30,total,14.015643000593442,0,tracker_no_fl_301_2026-07-24
2025-12-30,new_tariffs,11.340415699049727,0,tracker_no_fl_301_2026-07-24
2025-12-31,total,14.015643000593442,0,tracker_no_fl_301_2026-07-24
2025-12-31,new_tariffs,11.340415699049727,0,tracker_no_fl_301_2026-07-24
2026-01-01,total,14.163749239573132,1,tracker_no_fl_301_2026-07-24
2026-01-01,new_tariffs,11.488521938029415,1,tracker_no_fl_301_2026-07-24
2026-01-02,total,14.163749239573132,1,tracker_no_fl_301_2026-07-24
2026-01-02,new_tariffs,11.488521938029415,1,tracker_no_fl_301_2026-07-24
2026-01-03,total,14.163749239573132,1,tracker_no_fl_301_2026-07-24
2026-01-03,new_tariffs,11.488521938029415,1,tracker_no_fl_301_2026-07-24
2026-01-04,total,14.163749239573132,1,tracker_no_fl_301_2026-07-24
2026-01-04,new_tariffs,11.488521938029415,1,tracker_no_fl_301_2026-07-24
2026-01-05,total,14.163749239573132,1,tracker_no_fl_301_2026-07-24
2026-01-05,new_tariffs,11.488521938029415,1,tracker_no_fl_301_2026-07-24
2026-01-06,total,14.163749239573132,1,tracker_no_fl_301_2026-07-24
2026-01-06,new_tariffs,11.488521938029415,1,tracker_no_fl_301_2026-07-24
2026-01-07,total,14.163749239573132,1,tracker_no_fl_301_2026-07-24
2026-01-07,new_tariffs,11.488521938029415,1,tracker_no_fl_301_2026-07-24
2026-01-08,total,14.163749239573132,1,tracker_no_fl_301_2026-07-24
2026-01-08,new_tariffs,11.488521938029415,1,tracker_no_fl_301_2026-07-24
2026-01-09,total,14.163749239573132,1,tracker_no_fl_301_2026-07-24
2026-01-09,new_tariffs,11.488521938029415,1,tracker_no_fl_301_2026-07-24
2026-01-10,total,14.163749239573132,1,tracker_no_fl_301_2026-07-24
2026-01-10,new_tariffs,11.488521938029415,1,tracker_no_fl_301_2026-07-24
2026-01-11,total,14.163749239573132,1,tracker_no_fl_301_2026-07-24
2026-01-11,new_tariffs,11.488521938029415,1,tracker_no_fl_301_2026-07-24
2026-01-12,total,14.163749239573132,1,tracker_no_fl_301_2026-07-24
2026-01-12,new_tariffs,11.488521938029415,1,tracker_no_fl_301_2026-07-24
2026-01-13,total,14.163749239573132,1,tracker_no_fl_301_2026-07-24
2026-01-13,new_tariffs,11.488521938029415,1,tracker_no_fl_301_2026-07-24
2026-01-14,total,14.163749239573132,1,tracker_no_fl_301_2026-07-24
2026-01-14,new_tariffs,11.488521938029415,1,tracker_no_fl_301_2026-07-24
2026-01-15,total,14.220686780373901,1,tracker_no_fl_301_2026-07-24
2026-01-15,new_tariffs,11.545459478830185,1,tracker_no_fl_301_2026-07-24
2026-01-16,total,14.220686780373901,1,tracker_no_fl_301_2026-07-24
2026-01-16,new_tariffs,11.545459478830185,1,tracker_no_fl_301_2026-07-24
2026-01-17,total,14.220686780373901,1,tracker_no_fl_301_2026-07-24
2026-01-17,new_tariffs,11.545459478830185,1,tracker_no_fl_301_2026-07-24
2026-01-18,total,14.220686780373901,1,tracker_no_fl_301_2026-07-24
2026-01-18,new_tariffs,11.545459478830185,1,tracker_no_fl_301_2026-07-24
2026-01-19,total,14.220686780373901,1,tracker_no_fl_301_2026-07-24
2026-01-19,new_tariffs,11.545459478830185,1,tracker_no_fl_301_2026-07-24
2026-01-20,total,14.220686780373901,1,tracker_no_fl_301_2026-07-24
2026-01-20,new_tariffs,11.545459478830185,1,tracker_no_fl_301_2026-07-24
2026-01-21,total,14.220686780373901,1,tracker_no_fl_301_2026-07-24
2026-01-21,new_tariffs,11.545459478830185,1,tracker_no_fl_301_2026-07-24
2026-01-22,total,14.220686780373901,1,tracker_no_fl_301_2026-07-24
2026-01-22,new_tariffs,11.545459478830185,1,tracker_no_fl_301_2026-07-24
2026-01-23,total,14.220686780373901,1,tracker_no_fl_301_2026-07-24
2026-01-23,new_tariffs,11.545459478830185,1,tracker_no_fl_301_2026-07-24
2026-01-24,total,14.220686780373901,1,tracker_no_fl_301_2026-07-24
2026-01-24,new_tariffs,11.545459478830185,1,tracker_no_fl_301_2026-07-24
2026-01-25,total,14.220686780373901,1,tracker_no_fl_301_2026-07-24
2026-01-25,new_tariffs,11.545459478830185,1,tracker_no_fl_301_2026-07-24
2026-01-26,total,14.220686780373901,1,tracker_no_fl_301_2026-07-24
2026-01-26,new_tariffs,11.545459478830185,1,tracker_no_fl_301_2026-07-24
2026-01-27,total,14.220686780373901,1,tracker_no_fl_301_2026-07-24
2026-01-27,new_tariffs,11.545459478830185,1,tracker_no_fl_301_2026-07-24
2026-01-28,total,14.220686780373901,1,tracker_no_fl_301_2026-07-24
2026-01-28,new_tariffs,11.545459478830185,1,tracker_no_fl_301_2026-07-24
2026-01-29,total,14.220686780373901,1,tracker_no_fl_301_2026-07-24
2026-01-29,new_tariffs,11.545459478830185,1,tracker_no_fl_301_2026-07-24
2026-01-30,total,14.220686780373901,1,tracker_no_fl_301_2026-07-24
2026-01-30,new_tariffs,11.545459478830185,1,tracker_no_fl_301_2026-07-24
2026-01-31,total,14.220686780373901,1,tracker_no_fl_301_2026-07-24
2026-01-31,new_tariffs,11.545459478830185,1,tracker_no_fl_301_2026-07-24
2026-02-01,total,14.22337185762661,1,tracker_no_fl_301_2026-07-24
2026-02-01,new_tariffs,11.548144556082896,1,tracker_no_fl_301_2026-07-24
2026-02-02,total,14.22337185762661,1,tracker_no_fl_301_2026-07-24
2026-02-02,new_tariffs,11.548144556082896,1,tracker_no_fl_301_2026-07-24
2026-02-03,total,14.22337185762661,1,tracker_no_fl_301_2026-07-24
2026-02-03,new_tariffs,11.548144556082896,1,tracker_no_fl_301_2026-07-24
2026-02-04,total,14.22337185762661,1,tracker_no_fl_301_2026-07-24
2026-02-04,new_tariffs,11.548144556082896,1,tracker_no_fl_301_2026-07-24
2026-02-05,total,14.22337185762661,1,tracker_no_fl_301_2026-07-24
2026-02-05,new_tariffs,11.548144556082896,1,tracker_no_fl_301_2026-07-24
2026-02-06,total,14.22337185762661,1,tracker_no_fl_301_2026-07-24
2026-02-06,new_tariffs,11.548144556082896,1,tracker_no_fl_301_2026-07-24
2026-02-07,total,13.859500284456699,1,tracker_no_fl_301_2026-07-24
2026-02-07,new_tariffs,11.184272982912983,1,tracker_no_fl_301_2026-07-24
2026-02-08,total,13.859500284456699,1,tracker_no_fl_301_2026-07-24
2026-02-08,new_tariffs,11.184272982912983,1,tracker_no_fl_301_2026-07-24
2026-02-09,total,13.859500284456699,1,tracker_no_fl_301_2026-07-24
2026-02-09,new_tariffs,11.184272982912983,1,tracker_no_fl_301_2026-07-24
2026-02-10,total,13.859500284456699,1,tracker_no_fl_301_2026-07-24
2026-02-10,new_tariffs,11.184272982912983,1,tracker_no_fl_301_2026-07-24
2026-02-11,total,13.859500284456699,1,tracker_no_fl_301_2026-07-24
2026-02-11,new_tariffs,11.184272982912983,1,tracker_no_fl_301_2026-07-24
2026-02-12,total,13.859500284456699,1,tracker_no_fl_301_2026-07-24
2026-02-12,new_tariffs,11.184272982912983,1,tracker_no_fl_301_2026-07-24
2026-02-13,total,13.859500284456699,1,tracker_no_fl_301_2026-07-24
2026-02-13,new_tariffs,11.184272982912983,1,tracker_no_fl_301_2026-07-24
2026-02-14,total,13.859500284456699,1,tracker_no_fl_301_2026-07-24
2026-02-14,new_tariffs,11.184272982912983,1,tracker_no_fl_301_2026-07-24
2026-02-15,total,13.859500284456699,1,tracker_no_fl_301_2026-07-24
2026-02-15,new_tariffs,11.184272982912983,1,tracker_no_fl_301_2026-07-24
2026-02-16,total,13.859500284456699,1,tracker_no_fl_301_2026-07-24
2026-02-16,new_tariffs,11.184272982912983,1,tracker_no_fl_301_2026-07-24
2026-02-17,total,13.859500284456699,1,tracker_no_fl_301_2026-07-24
2026-02-17,new_tariffs,11.184272982912983,1,tracker_no_fl_301_2026-07-24
2026-02-18,total,13.859500284456699,1,tracker_no_fl_301_2026-07-24
2026-02-18,new_tariffs,11.184272982912983,1,tracker_no_fl_301_2026-07-24
2026-02-19,total,13.859500284456699,1,tracker_no_fl_301_2026-07-24
2026-02-19,new_tariffs,11.184272982912983,1,tracker_no_fl_301_2026-07-24
2026-02-20,total,7.321659278739126,1,tracker_no_fl_301_2026-07-24
2026-02-20,new_tariffs,4.646431977195412,1,tracker_no_fl_301_2026-07-24
2026-02-21,total,7.321659278739126,1,tracker_no_fl_301_2026-07-24
2026-02-21,new_tariffs,4.646431977195412,1,tracker_no_fl_301_2026-07-24
2026-02-22,total,7.321659278739126,1,tracker_no_fl_301_2026-07-24
2026-02-22,new_tariffs,4.646431977195412,1,tracker_no_fl_301_2026-07-24
2026-02-23,total,7.321659278739126,1,tracker_no_fl_301_2026-07-24
2026-02-23,new_tariffs,4.646431977195412,1,tracker_no_fl_301_2026-07-24
2026-02-24,total,10.717697431784975,1,tracker_no_fl_301_2026-07-24
2026-02-24,new_tariffs,8.042470130241263,1,tracker_no_fl_301_2026-07-24
2026-02-25,total,10.717697431784975,1,tracker_no_fl_301_2026-07-24
2026-02-25,new_tariffs,8.042470130241263,1,tracker_no_fl_301_2026-07-24
2026-02-26,total,10.717697431784975,1,tracker_no_fl_301_2026-07-24
2026-02-26,new_tariffs,8.042470130241263,1,tracker_no_fl_301_2026-07-24
2026-02-27,total,10.717697431784975,1,tracker_no_fl_301_2026-07-24
2026-02-27,new_tariffs,8.042470130241263,1,tracker_no_fl_301_2026-07-24
2026-02-28,total,10.717697431784975,1,tracker_no_fl_301_2026-07-24
2026-02-28,new_tariffs,8.042470130241263,1,tracker_no_fl_301_2026-07-24
2026-03-01,total,10.717697431784975,1,tracker_no_fl_301_2026-07-24
2026-03-01,new_tariffs,8.042470130241263,1,tracker_no_fl_301_2026-07-24
2026-03-02,total,10.717697431784975,1,tracker_no_fl_301_2026-07-24
2026-03-02,new_tariffs,8.042470130241263,1,tracker_no_fl_301_2026-07-24
2026-03-03,total,10.717697431784975,1,tracker_no_fl_301_2026-07-24
2026-03-03,new_tariffs,8.042470130241263,1,tracker_no_fl_301_2026-07-24
2026-03-04,total,10.717697431784975,1,tracker_no_fl_301_2026-07-24
2026-03-04,new_tariffs,8.042470130241263,1,tracker_no_fl_301_2026-07-24
2026-03-05,total,10.717697431784975,1,tracker_no_fl_301_2026-07-24
2026-03-05,new_tariffs,8.042470130241263,1,tracker_no_fl_301_2026-07-24
2026-03-06,total,10.717697431784975,1,tracker_no_fl_301_2026-07-24
2026-03-06,new_tariffs,8.042470130241263,1,tracker_no_fl_301_2026-07-24
2026-03-07,total,10.717697431784975,1,tracker_no_fl_301_2026-07-24
2026-03-07,new_tariffs,8.042470130241263,1,tracker_no_fl_301_2026-07-24
2026-03-08,total,10.717697431784975,1,tracker_no_fl_301_2026-07-24
2026-03-08,new_tariffs,8.042470130241263,1,tracker_no_fl_301_2026-07-24
2026-03-09,total,10.717697431784975,1,tracker_no_fl_301_2026-07-24
2026-03-09,new_tariffs,8.042470130241263,1,tracker_no_fl_301_2026-07-24
2026-03-10,total,10.717697431784975,1,tracker_no_fl_301_2026-07-24
2026-03-10,new_tariffs,8.042470130241263,1,tracker_no_fl_301_2026-07-24
2026-03-11,total,10.717697431784975,1,tracker_no_fl_301_2026-07-24
2026-03-11,new_tariffs,8.042470130241263,1,tracker_no_fl_301_2026-07-24
2026-03-12,total,10.717697431784975,1,tracker_no_fl_301_2026-07-24
2026-03-12,new_tariffs,8.042470130241263,1,tracker_no_fl_301_2026-07-24
2026-03-13,total,10.717697431784975,1,tracker_no_fl_301_2026-07-24
2026-03-13,new_tariffs,8.042470130241263,1,tracker_no_fl_301_2026-07-24
2026-03-14,total,10.717697431784975,1,tracker_no_fl_301_2026-07-24
2026-03-14,new_tariffs,8.042470130241263,1,tracker_no_fl_301_2026-07-24
2026-03-15,total,10.717697431784975,1,tracker_no_fl_301_2026-07-24
2026-03-15,new_tariffs,8.042470130241263,1,tracker_no_fl_301_2026-07-24
2026-03-16,total,10.717697431784975,1,tracker_no_fl_301_2026-07-24
2026-03-16,new_tariffs,8.042470130241263,1,tracker_no_fl_301_2026-07-24
2026-03-17,total,10.717697431784975,1,tracker_no_fl_301_2026-07-24
2026-03-17,new_tariffs,8.042470130241263,1,tracker_no_fl_301_2026-07-24
2026-03-18,total,10.717697431784975,1,tracker_no_fl_301_2026-07-24
2026-03-18,new_tariffs,8.042470130241263,1,tracker_no_fl_301_2026-07-24
2026-03-19,total,10.717697431784975,1,tracker_no_fl_301_2026-07-24
2026-03-19,new_tariffs,8.042470130241263,1,tracker_no_fl_301_2026-07-24
2026-03-20,total,10.717697431784975,1,tracker_no_fl_301_2026-07-24
2026-03-20,new_tariffs,8.042470130241263,1,tracker_no_fl_301_2026-07-24
2026-03-21,total,10.717697431784975,1,tracker_no_fl_301_2026-07-24
2026-03-21,new_tariffs,8.042470130241263,1,tracker_no_fl_301_2026-07-24
2026-03-22,total,10.717697431784975,1,tracker_no_fl_301_2026-07-24
2026-03-22,new_tariffs,8.042470130241263,1,tracker_no_fl_301_2026-07-24
2026-03-23,total,10.717697431784975,1,tracker_no_fl_301_2026-07-24
2026-03-23,new_tariffs,8.042470130241263,1,tracker_no_fl_301_2026-07-24
2026-03-24,total,10.717697431784975,1,tracker_no_fl_301_2026-07-24
2026-03-24,new_tariffs,8.042470130241263,1,tracker_no_fl_301_2026-07-24
2026-03-25,total,10.717697431784975,1,tracker_no_fl_301_2026-07-24
2026-03-25,new_tariffs,8.042470130241263,1,tracker_no_fl_301_2026-07-24
2026-03-26,total,10.717697431784975,1,tracker_no_fl_301_2026-07-24
2026-03-26,new_tariffs,8.042470130241263,1,tracker_no_fl_301_2026-07-24
2026-03-27,total,10.717697431784975,1,tracker_no_fl_301_2026-07-24
2026-03-27,new_tariffs,8.042470130241263,1,tracker_no_fl_301_2026-07-24
2026-03-28,total,10.717697431784975,1,tracker_no_fl_301_2026-07-24
2026-03-28,new_tariffs,8.042470130241263,1,tracker_no_fl_301_2026-07-24
2026-03-29,total,10.717697431784975,1,tracker_no_fl_301_2026-07-24
2026-03-29,new_tariffs,8.042470130241263,1,tracker_no_fl_301_2026-07-24
2026-03-30,total,10.717697431784975,1,tracker_no_fl_301_2026-07-24
2026-03-30,new_tariffs,8.042470130241263,1,tracker_no_fl_301_2026-07-24
2026-03-31,total,10.717697431784975,1,tracker_no_fl_301_2026-07-24
2026-03-31,new_tariffs,8.042470130241263,1,tracker_no_fl_301_2026-07-24
2026-04-01,total,10.717697431784975,1,tracker_no_fl_301_2026-07-24
2026-04-01,new_tariffs,8.042470130241263,1,tracker_no_fl_301_2026-07-24
2026-04-02,total,10.717697431784975,1,tracker_no_fl_301_2026-07-24
2026-04-02,new_tariffs,8.042470130241263,1,tracker_no_fl_301_2026-07-24
2026-04-03,total,10.717697431784975,1,tracker_no_fl_301_2026-07-24
2026-04-03,new_tariffs,8.042470130241263,1,tracker_no_fl_301_2026-07-24
2026-04-04,total,10.717697431784975,1,tracker_no_fl_301_2026-07-24
2026-04-04,new_tariffs,8.042470130241263,1,tracker_no_fl_301_2026-07-24
2026-04-05,total,10.717697431784975,1,tracker_no_fl_301_2026-07-24
2026-04-05,new_tariffs,8.042470130241263,1,tracker_no_fl_301_2026-07-24
2026-04-06,total,11.385901951912949,1,tracker_no_fl_301_2026-07-24
2026-04-06,new_tariffs,8.710674650369235,1,tracker_no_fl_301_2026-07-24
2026-04-07,total,11.385901951912949,1,tracker_no_fl_301_2026-07-24
2026-04-07,new_tariffs,8.710674650369235,1,tracker_no_fl_301_2026-07-24
2026-04-08,total,11.385901951912949,1,tracker_no_fl_301_2026-07-24
2026-04-08,new_tariffs,8.710674650369235,1,tracker_no_fl_301_2026-07-24
2026-04-09,total,11.385901951912949,1,tracker_no_fl_301_2026-07-24
2026-04-09,new_tariffs,8.710674650369235,1,tracker_no_fl_301_2026-07-24
2026-04-10,total,11.385901951912949,1,tracker_no_fl_301_2026-07-24
2026-04-10,new_tariffs,8.710674650369235,1,tracker_no_fl_301_2026-07-24
2026-04-11,total,11.385901951912949,1,tracker_no_fl_301_2026-07-24
2026-04-11,new_tariffs,8.710674650369235,1,tracker_no_fl_301_2026-07-24
2026-04-12,total,11.385901951912949,1,tracker_no_fl_301_2026-07-24
2026-04-12,new_tariffs,8.710674650369235,1,tracker_no_fl_301_2026-07-24
2026-04-13,total,11.385901951912949,1,tracker_no_fl_301_2026-07-24
2026-04-13,new_tariffs,8.710674650369235,1,tracker_no_fl_301_2026-07-24
2026-04-14,total,11.385901951912949,1,tracker_no_fl_301_2026-07-24
2026-04-14,new_tariffs,8.710674650369235,1,tracker_no_fl_301_2026-07-24
2026-04-15,total,11.385901951912949,1,tracker_no_fl_301_2026-07-24
2026-04-15,new_tariffs,8.710674650369235,1,tracker_no_fl_301_2026-07-24
2026-04-16,total,11.385901951912949,1,tracker_no_fl_301_2026-07-24
2026-04-16,new_tariffs,8.710674650369235,1,tracker_no_fl_301_2026-07-24
2026-04-17,total,11.385901951912949,1,tracker_no_fl_301_2026-07-24
2026-04-17,new_tariffs,8.710674650369235,1,tracker_no_fl_301_2026-07-24
2026-04-18,total,11.385901951912949,1,tracker_no_fl_301_2026-07-24
2026-04-18,new_tariffs,8.710674650369235,1,tracker_no_fl_301_2026-07-24
2026-04-19,total,11.385901951912949,1,tracker_no_fl_301_2026-07-24
2026-04-19,new_tariffs,8.710674650369235,1,tracker_no_fl_301_2026-07-24
2026-04-20,total,11.385901951912949,1,tracker_no_fl_301_2026-07-24
2026-04-20,new_tariffs,8.710674650369235,1,tracker_no_fl_301_2026-07-24
2026-04-21,total,11.385901951912949,1,tracker_no_fl_301_2026-07-24
2026-04-21,new_tariffs,8.710674650369235,1,tracker_no_fl_301_2026-07-24
2026-04-22,total,11.385901951912949,1,tracker_no_fl_301_2026-07-24
2026-04-22,new_tariffs,8.710674650369235,1,tracker_no_fl_301_2026-07-24
2026-04-23,total,11.385901951912949,1,tracker_no_fl_301_2026-07-24
2026-04-23,new_tariffs,8.710674650369235,1,tracker_no_fl_301_2026-07-24
2026-04-24,total,11.385901951912949,1,tracker_no_fl_301_2026-07-24
2026-04-24,new_tariffs,8.710674650369235,1,tracker_no_fl_301_2026-07-24
2026-04-25,total,11.385901951912949,1,tracker_no_fl_301_2026-07-24
2026-04-25,new_tariffs,8.710674650369235,1,tracker_no_fl_301_2026-07-24
2026-04-26,total,11.385901951912949,1,tracker_no_fl_301_2026-07-24
2026-04-26,new_tariffs,8.710674650369235,1,tracker_no_fl_301_2026-07-24
2026-04-27,total,11.385901951912949,1,tracker_no_fl_301_2026-07-24
2026-04-27,new_tariffs,8.710674650369235,1,tracker_no_fl_301_2026-07-24
2026-04-28,total,11.385901951912949,1,tracker_no_fl_301_2026-07-24
2026-04-28,new_tariffs,8.710674650369235,1,tracker_no_fl_301_2026-07-24
2026-04-29,total,11.385901951912949,1,tracker_no_fl_301_2026-07-24
2026-04-29,new_tariffs,8.710674650369235,1,tracker_no_fl_301_2026-07-24
2026-04-30,total,11.385901951912949,1,tracker_no_fl_301_2026-07-24
2026-04-30,new_tariffs,8.710674650369235,1,tracker_no_fl_301_2026-07-24
2026-05-01,total,11.359930258361347,1,tracker_no_fl_301_2026-07-24
2026-05-01,new_tariffs,8.684702956817636,1,tracker_no_fl_301_2026-07-24
2026-05-02,total,11.359930258361347,1,tracker_no_fl_301_2026-07-24
2026-05-02,new_tariffs,8.684702956817636,1,tracker_no_fl_301_2026-07-24
2026-05-03,total,11.359930258361347,1,tracker_no_fl_301_2026-07-24
2026-05-03,new_tariffs,8.684702956817636,1,tracker_no_fl_301_2026-07-24
2026-05-04,total,11.359930258361347,1,tracker_no_fl_301_2026-07-24
2026-05-04,new_tariffs,8.684702956817636,1,tracker_no_fl_301_2026-07-24
2026-05-05,total,11.359930258361347,1,tracker_no_fl_301_2026-07-24
2026-05-05,new_tariffs,8.684702956817636,1,tracker_no_fl_301_2026-07-24
2026-05-06,total,11.359930258361347,1,tracker_no_fl_301_2026-07-24
2026-05-06,new_tariffs,8.684702956817636,1,tracker_no_fl_301_2026-07-24
2026-05-07,total,11.359930258361347,1,tracker_no_fl_301_2026-07-24
2026-05-07,new_tariffs,8.684702956817636,1,tracker_no_fl_301_2026-07-24
2026-05-08,total,11.359930258361347,1,tracker_no_fl_301_2026-07-24
2026-05-08,new_tariffs,8.684702956817636,1,tracker_no_fl_301_2026-07-24
2026-05-09,total,11.359930258361347,1,tracker_no_fl_301_2026-07-24
2026-05-09,new_tariffs,8.684702956817636,1,tracker_no_fl_301_2026-07-24
2026-05-10,total,11.359930258361347,1,tracker_no_fl_301_2026-07-24
2026-05-10,new_tariffs,8.684702956817636,1,tracker_no_fl_301_2026-07-24
2026-05-11,total,11.359930258361347,1,tracker_no_fl_301_2026-07-24
2026-05-11,new_tariffs,8.684702956817636,1,tracker_no_fl_301_2026-07-24
2026-05-12,total,11.359930258361347,1,tracker_no_fl_301_2026-07-24
2026-05-12,new_tariffs,8.684702956817636,1,tracker_no_fl_301_2026-07-24
2026-05-13,total,11.359930258361347,1,tracker_no_fl_301_2026-07-24
2026-05-13,new_tariffs,8.684702956817636,1,tracker_no_fl_301_2026-07-24
2026-05-14,total,11.359930258361347,1,tracker_no_fl_301_2026-07-24
2026-05-14,new_tariffs,8.684702956817636,1,tracker_no_fl_301_2026-07-24
2026-05-15,total,11.359930258361347,1,tracker_no_fl_301_2026-07-24
2026-05-15,new_tariffs,8.684702956817636,1,tracker_no_fl_301_2026-07-24
2026-05-16,total,11.359930258361347,1,tracker_no_fl_301_2026-07-24
2026-05-16,new_tariffs,8.684702956817636,1,tracker_no_fl_301_2026-07-24
2026-05-17,total,11.359930258361347,1,tracker_no_fl_301_2026-07-24
2026-05-17,new_tariffs,8.684702956817636,1,tracker_no_fl_301_2026-07-24
2026-05-18,total,11.359930258361347,1,tracker_no_fl_301_2026-07-24
2026-05-18,new_tariffs,8.684702956817636,1,tracker_no_fl_301_2026-07-24
2026-05-19,total,11.359930258361347,1,tracker_no_fl_301_2026-07-24
2026-05-19,new_tariffs,8.684702956817636,1,tracker_no_fl_301_2026-07-24
2026-05-20,total,11.359930258361347,1,tracker_no_fl_301_2026-07-24
2026-05-20,new_tariffs,8.684702956817636,1,tracker_no_fl_301_2026-07-24
2026-05-21,total,11.359930258361347,1,tracker_no_fl_301_2026-07-24
2026-05-21,new_tariffs,8.684702956817636,1,tracker_no_fl_301_2026-07-24
2026-05-22,total,11.359930258361347,1,tracker_no_fl_301_2026-07-24
2026-05-22,new_tariffs,8.684702956817636,1,tracker_no_fl_301_2026-07-24
2026-05-23,total,11.359930258361347,1,tracker_no_fl_301_2026-07-24
2026-05-23,new_tariffs,8.684702956817636,1,tracker_no_fl_301_2026-07-24
2026-05-24,total,11.359930258361347,1,tracker_no_fl_301_2026-07-24
2026-05-24,new_tariffs,8.684702956817636,1,tracker_no_fl_301_2026-07-24
2026-05-25,total,11.359930258361347,1,tracker_no_fl_301_2026-07-24
2026-05-25,new_tariffs,8.684702956817636,1,tracker_no_fl_301_2026-07-24
2026-05-26,total,11.359930258361347,1,tracker_no_fl_301_2026-07-24
2026-05-26,new_tariffs,8.684702956817636,1,tracker_no_fl_301_2026-07-24
2026-05-27,total,11.359930258361347,1,tracker_no_fl_301_2026-07-24
2026-05-27,new_tariffs,8.684702956817636,1,tracker_no_fl_301_2026-07-24
2026-05-28,total,11.359930258361347,1,tracker_no_fl_301_2026-07-24
2026-05-28,new_tariffs,8.684702956817636,1,tracker_no_fl_301_2026-07-24
2026-05-29,total,11.359930258361347,1,tracker_no_fl_301_2026-07-24
2026-05-29,new_tariffs,8.684702956817636,1,tracker_no_fl_301_2026-07-24
2026-05-30,total,11.359930258361347,1,tracker_no_fl_301_2026-07-24
2026-05-30,new_tariffs,8.684702956817636,1,tracker_no_fl_301_2026-07-24
2026-05-31,total,11.359930258361347,1,tracker_no_fl_301_2026-07-24
2026-05-31,new_tariffs,8.684702956817636,1,tracker_no_fl_301_2026-07-24
2026-06-01,total,11.359930258361347,1,tracker_no_fl_301_2026-07-24
2026-06-01,new_tariffs,8.684702956817636,1,tracker_no_fl_301_2026-07-24
2026-06-02,total,11.359930258361347,1,tracker_no_fl_301_2026-07-24
2026-06-02,new_tariffs,8.684702956817636,1,tracker_no_fl_301_2026-07-24
2026-06-03,total,11.359930258361347,1,tracker_no_fl_301_2026-07-24
2026-06-03,new_tariffs,8.684702956817636,1,tracker_no_fl_301_2026-07-24
2026-06-04,total,11.359930258361347,1,tracker_no_fl_301_2026-07-24
2026-06-04,new_tariffs,8.684702956817636,1,tracker_no_fl_301_2026-07-24
2026-06-05,total,11.359930258361347,1,tracker_no_fl_301_2026-07-24
2026-06-05,new_tariffs,8.684702956817636,1,tracker_no_fl_301_2026-07-24
2026-06-06,total,11.359930258361347,1,tracker_no_fl_301_2026-07-24
2026-06-06,new_tariffs,8.684702956817636,1,tracker_no_fl_301_2026-07-24
2026-06-07,total,11.359930258361347,1,tracker_no_fl_301_2026-07-24
2026-06-07,new_tariffs,8.684702956817636,1,tracker_no_fl_301_2026-07-24
2026-06-08,total,11.256876313563916,1,tracker_no_fl_301_2026-07-24
2026-06-08,new_tariffs,8.5816490120202,1,tracker_no_fl_301_2026-07-24
2026-06-09,total,11.256876313563916,1,tracker_no_fl_301_2026-07-24
2026-06-09,new_tariffs,8.5816490120202,1,tracker_no_fl_301_2026-07-24
2026-06-10,total,11.256876313563916,1,tracker_no_fl_301_2026-07-24
2026-06-10,new_tariffs,8.5816490120202,1,tracker_no_fl_301_2026-07-24
2026-06-11,total,11.256876313563916,1,tracker_no_fl_301_2026-07-24
2026-06-11,new_tariffs,8.5816490120202,1,tracker_no_fl_301_2026-07-24
2026-06-12,total,11.256876313563916,1,tracker_no_fl_301_2026-07-24
2026-06-12,new_tariffs,8.5816490120202,1,tracker_no_fl_301_2026-07-24
2026-06-13,total,11.256876313563916,1,tracker_no_fl_301_2026-07-24
2026-06-13,new_tariffs,8.5816490120202,1,tracker_no_fl_301_2026-07-24
2026-06-14,total,11.256876313563916,1,tracker_no_fl_301_2026-07-24
2026-06-14,new_tariffs,8.5816490120202,1,tracker_no_fl_301_2026-07-24
2026-06-15,total,11.256876313563916,1,tracker_no_fl_301_2026-07-24
2026-06-15,new_tariffs,8.5816490120202,1,tracker_no_fl_301_2026-07-24
2026-06-16,total,11.256876313563916,1,tracker_no_fl_301_2026-07-24
2026-06-16,new_tariffs,8.5816490120202,1,tracker_no_fl_301_2026-07-24
2026-06-17,total,11.256876313563916,1,tracker_no_fl_301_2026-07-24
2026-06-17,new_tariffs,8.5816490120202,1,tracker_no_fl_301_2026-07-24
2026-06-18,total,11.256876313563916,1,tracker_no_fl_301_2026-07-24
2026-06-18,new_tariffs,8.5816490120202,1,tracker_no_fl_301_2026-07-24
2026-06-19,total,11.256876313563916,1,tracker_no_fl_301_2026-07-24
2026-06-19,new_tariffs,8.5816490120202,1,tracker_no_fl_301_2026-07-24
2026-06-20,total,11.256876313563916,1,tracker_no_fl_301_2026-07-24
2026-06-20,new_tariffs,8.5816490120202,1,tracker_no_fl_301_2026-07-24
2026-06-21,total,11.256876313563916,1,tracker_no_fl_301_2026-07-24
2026-06-21,new_tariffs,8.5816490120202,1,tracker_no_fl_301_2026-07-24
2026-06-22,total,11.256876313563916,1,tracker_no_fl_301_2026-07-24
2026-06-22,new_tariffs,8.5816490120202,1,tracker_no_fl_301_2026-07-24
2026-06-23,total,11.256876313563916,1,tracker_no_fl_301_2026-07-24
2026-06-23,new_tariffs,8.5816490120202,1,tracker_no_fl_301_2026-07-24
2026-06-24,total,11.256876313563916,1,tracker_no_fl_301_2026-07-24
2026-06-24,new_tariffs,8.5816490120202,1,tracker_no_fl_301_2026-07-24
2026-06-25,total,11.256876313563916,1,tracker_no_fl_301_2026-07-24
2026-06-25,new_tariffs,8.5816490120202,1,tracker_no_fl_301_2026-07-24
2026-06-26,total,11.256876313563916,1,tracker_no_fl_301_2026-07-24
2026-06-26,new_tariffs,8.5816490120202,1,tracker_no_fl_301_2026-07-24
2026-06-27,total,11.256876313563916,1,tracker_no_fl_301_2026-07-24
2026-06-27,new_tariffs,8.5816490120202,1,tracker_no_fl_301_2026-07-24
2026-06-28,total,11.256876313563916,1,tracker_no_fl_301_2026-07-24
2026-06-28,new_tariffs,8.5816490120202,1,tracker_no_fl_301_2026-07-24
2026-06-29,total,11.256876313563916,1,tracker_no_fl_301_2026-07-24
2026-06-29,new_tariffs,8.5816490120202,1,tracker_no_fl_301_2026-07-24
2026-06-30,total,11.256876313563916,1,tracker_no_fl_301_2026-07-24
2026-06-30,new_tariffs,8.5816490120202,1,tracker_no_fl_301_2026-07-24
2026-07-01,total,11.267926084955029,1,tracker_no_fl_301_2026-07-24
2026-07-01,new_tariffs,8.592698783411315,1,tracker_no_fl_301_2026-07-24
2026-07-02,total,11.267926084955029,1,tracker_no_fl_301_2026-07-24
2026-07-02,new_tariffs,8.592698783411315,1,tracker_no_fl_301_2026-07-24
2026-07-03,total,11.267926084955029,1,tracker_no_fl_301_2026-07-24
2026-07-03,new_tariffs,8.592698783411315,1,tracker_no_fl_301_2026-07-24
2026-07-04,total,11.267926084955029,1,tracker_no_fl_301_2026-07-24
2026-07-04,new_tariffs,8.592698783411315,1,tracker_no_fl_301_2026-07-24
2026-07-05,total,11.267926084955029,1,tracker_no_fl_301_2026-07-24
2026-07-05,new_tariffs,8.592698783411315,1,tracker_no_fl_301_2026-07-24
2026-07-06,total,11.267926084955029,1,tracker_no_fl_301_2026-07-24
2026-07-06,new_tariffs,8.592698783411315,1,tracker_no_fl_301_2026-07-24
2026-07-07,total,11.267926084955029,1,tracker_no_fl_301_2026-07-24
2026-07-07,new_tariffs,8.592698783411315,1,tracker_no_fl_301_2026-07-24
2026-07-08,total,11.267926084955029,1,tracker_no_fl_301_2026-07-24
2026-07-08,new_tariffs,8.592698783411315,1,tracker_no_fl_301_2026-07-24
2026-07-09,total,11.267926084955029,1,tracker_no_fl_301_2026-07-24
2026-07-09,new_tariffs,8.592698783411315,1,tracker_no_fl_301_2026-07-24
2026-07-10,total,11.267926084955029,1,tracker_no_fl_301_2026-07-24
2026-07-10,new_tariffs,8.592698783411315,1,tracker_no_fl_301_2026-07-24
2026-07-11,total,11.267926084955029,1,tracker_no_fl_301_2026-07-24
2026-07-11,new_tariffs,8.592698783411315,1,tracker_no_fl_301_2026-07-24
2026-07-12,total,11.267926084955029,1,tracker_no_fl_301_2026-07-24
2026-07-12,new_tariffs,8.592698783411315,1,tracker_no_fl_301_2026-07-24
2026-07-13,total,11.267926084955029,1,tracker_no_fl_301_2026-07-24
2026-07-13,new_tariffs,8.592698783411315,1,tracker_no_fl_301_2026-07-24
2026-07-14,total,11.267926084955029,1,tracker_no_fl_301_2026-07-24
2026-07-14,new_tariffs,8.592698783411315,1,tracker_no_fl_301_2026-07-24
2026-07-15,total,11.267926084955029,1,tracker_no_fl_301_2026-07-24
2026-07-15,new_tariffs,8.592698783411315,1,tracker_no_fl_301_2026-07-24
2026-07-16,total,11.267926084955029,1,tracker_no_fl_301_2026-07-24
2026-07-16,new_tariffs,8.592698783411315,1,tracker_no_fl_301_2026-07-24
2026-07-17,total,11.267926084955029,1,tracker_no_fl_301_2026-07-24
2026-07-17,new_tariffs,8.592698783411315,1,tracker_no_fl_301_2026-07-24
2026-07-18,total,11.267926084955029,1,tracker_no_fl_301_2026-07-24
2026-07-18,new_tariffs,8.592698783411315,1,tracker_no_fl_301_2026-07-24
2026-07-19,total,11.267926084955029,1,tracker_no_fl_301_2026-07-24
2026-07-19,new_tariffs,8.592698783411315,1,tracker_no_fl_301_2026-07-24
2026-07-20,total,11.267926084955029,1,tracker_no_fl_301_2026-07-24
2026-07-20,new_tariffs,8.592698783411315,1,tracker_no_fl_301_2026-07-24
2026-07-21,total,11.267926084955029,1,tracker_no_fl_301_2026-07-24
2026-07-21,new_tariffs,8.592698783411315,1,tracker_no_fl_301_2026-07-24
2026-07-22,total,11.341212502878896,1,tracker_no_fl_301_2026-07-24
2026-07-22,new_tariffs,8.66598520133518,1,tracker_no_fl_301_2026-07-24
2026-07-23,total,11.341212502878896,1,tracker_no_fl_301_2026-07-24
2026-07-23,new_tariffs,8.66598520133518,1,tracker_no_fl_301_2026-07-24
2026-07-24,total,8.311919725692567,1,tracker_no_fl_301_2026-07-24
2026-07-24,new_tariffs,5.636692424148853,1,tracker_no_fl_301_2026-07-24
2026-07-25,total,8.311919725692567,1,tracker_no_fl_301_2026-07-24
2026-07-25,new_tariffs,5.636692424148853,1,tracker_no_fl_301_2026-07-24
2026-07-26,total,8.311919725692567,1,tracker_no_fl_301_2026-07-24
2026-07-26,new_tariffs,5.636692424148853,1,tracker_no_fl_301_2026-07-24
2026-07-27,total,8.311919725692567,1,tracker_no_fl_301_2026-07-24
2026-07-27,new_tariffs,5.636692424148853,1,tracker_no_fl_301_2026-07-24
2026-07-28,total,8.311919725692567,1,tracker_no_fl_301_2026-07-24
2026-07-28,new_tariffs,5.636692424148853,1,tracker_no_fl_301_2026-07-24
2026-07-29,total,8.311919725692567,1,tracker_no_fl_301_2026-07-24
2026-07-29,new_tariffs,5.636692424148853,1,tracker_no_fl_301_2026-07-24
2026-07-30,total,8.311919725692567,1,tracker_no_fl_301_2026-07-24
2026-07-30,new_tariffs,5.636692424148853,1,tracker_no_fl_301_2026-07-24
2026-07-31,total,8.311873658794944,1,tracker_no_fl_301_2026-07-24
2026-07-31,new_tariffs,5.63664635725123,1,tracker_no_fl_301_2026-07-24
2026-08-01,total,8.311873658794944,1,tracker_no_fl_301_2026-07-24
2026-08-01,new_tariffs,5.63664635725123,1,tracker_no_fl_301_2026-07-24
2026-08-02,total,8.311873658794944,1,tracker_no_fl_301_2026-07-24
2026-08-02,new_tariffs,5.63664635725123,1,tracker_no_fl_301_2026-07-24
2026-08-03,total,8.311873658794944,1,tracker_no_fl_301_2026-07-24
2026-08-03,new_tariffs,5.63664635725123,1,tracker_no_fl_301_2026-07-24
2026-08-04,total,8.311873658794944,1,tracker_no_fl_301_2026-07-24
2026-08-04,new_tariffs,5.63664635725123,1,tracker_no_fl_301_2026-07-24
2026-08-05,total,8.311873658794944,1,tracker_no_fl_301_2026-07-24
2026-08-05,new_tariffs,5.63664635725123,1,tracker_no_fl_301_2026-07-24
2026-08-06,total,8.311873658794944,1,tracker_no_fl_301_2026-07-24
2026-08-06,new_tariffs,5.63664635725123,1,tracker_no_fl_301_2026-07-24
2026-08-07,total,8.311873658794944,1,tracker_no_fl_301_2026-07-24
2026-08-07,new_tariffs,5.63664635725123,1,tracker_no_fl_301_2026-07-24
2026-08-08,total,8.311873658794944,1,tracker_no_fl_301_2026-07-24
2026-08-08,new_tariffs,5.63664635725123,1,tracker_no_fl_301_2026-07-24
2026-08-09,total,8.311873658794944,1,tracker_no_fl_301_2026-07-24
2026-08-09,new_tariffs,5.63664635725123,1,tracker_no_fl_301_2026-07-24
2026-08-10,total,8.311873658794944,1,tracker_no_fl_301_2026-07-24
2026-08-10,new_tariffs,5.63664635725123,1,tracker_no_fl_301_2026-07-24
2026-08-11,total,8.311873658794944,1,tracker_no_fl_301_2026-07-24
2026-08-11,new_tariffs,5.63664635725123,1,tracker_no_fl_301_2026-07-24
2026-08-12,total,8.311873658794944,1,tracker_no_fl_301_2026-07-24
2026-08-12,new_tariffs,5.63664635725123,1,tracker_no_fl_301_2026-07-24
2026-08-13,total,8.311873658794944,1,tracker_no_fl_301_2026-07-24
2026-08-13,new_tariffs,5.63664635725123,1,tracker_no_fl_301_2026-07-24
2026-08-14,total,8.311873658794944,1,tracker_no_fl_301_2026-07-24
2026-08-14,new_tariffs,5.63664635725123,1,tracker_no_fl_301_2026-07-24
2026-08-15,total,8.311873658794944,1,tracker_no_fl_301_2026-07-24
2026-08-15,new_tariffs,5.63664635725123,1,tracker_no_fl_301_2026-07-24
2026-08-16,total,8.311873658794944,1,tracker_no_fl_301_2026-07-24
2026-08-16,new_tariffs,5.63664635725123,1,tracker_no_fl_301_2026-07-24
2026-08-17,total,8.311873658794944,1,tracker_no_fl_301_2026-07-24
2026-08-17,new_tariffs,5.63664635725123,1,tracker_no_fl_301_2026-07-24
2026-08-18,total,8.311873658794944,1,tracker_no_fl_301_2026-07-24
2026-08-18,new_tariffs,5.63664635725123,1,tracker_no_fl_301_2026-07-24
2026-08-19,total,8.599433156045826,1,tracker_no_fl_301_2026-07-24
2026-08-19,new_tariffs,5.924205854502113,1,tracker_no_fl_301_2026-07-24
2026-08-20,total,8.599433156045826,1,tracker_no_fl_301_2026-07-24
2026-08-20,new_tariffs,5.924205854502113,1,tracker_no_fl_301_2026-07-24
2026-08-21,total,8.599433156045826,1,tracker_no_fl_301_2026-07-24
2026-08-21,new_tariffs,5.924205854502113,1,tracker_no_fl_301_2026-07-24
2026-08-22,total,8.599433156045826,1,tracker_no_fl_301_2026-07-24
2026-08-22,new_tariffs,5.924205854502113,1,tracker_no_fl_301_2026-07-24
2026-08-23,total,8.599433156045826,1,tracker_no_fl_301_2026-07-24
2026-08-23,new_tariffs,5.924205854502113,1,tracker_no_fl_301_2026-07-24
2026-08-24,total,8.599433156045826,1,tracker_no_fl_301_2026-07-24
2026-08-24,new_tariffs,5.924205854502113,1,tracker_no_fl_301_2026-07-24
2026-08-25,total,8.599433156045826,1,tracker_no_fl_301_2026-07-24
2026-08-25,new_tariffs,5.924205854502113,1,tracker_no_fl_301_2026-07-24
2026-08-26,total,8.599433156045826,1,tracker_no_fl_301_2026-07-24
2026-08-26,new_tariffs,5.924205854502113,1,tracker_no_fl_301_2026-07-24
2026-08-27,total,8.599433156045826,1,tracker_no_fl_301_2026-07-24
2026-08-27,new_tariffs,5.924205854502113,1,tracker_no_fl_301_2026-07-24
2026-08-28,total,8.599433156045826,1,tracker_no_fl_301_2026-07-24
2026-08-28,new_tariffs,5.924205854502113,1,tracker_no_fl_301_2026-07-24
2026-08-29,total,8.599433156045826,1,tracker_no_fl_301_2026-07-24
2026-08-29,new_tariffs,5.924205854502113,1,tracker_no_fl_301_2026-07-24
2026-08-30,total,8.599433156045826,1,tracker_no_fl_301_2026-07-24
2026-08-30,new_tariffs,5.924205854502113,1,tracker_no_fl_301_2026-07-24
2026-08-31,total,8.599433156045826,1,tracker_no_fl_301_2026-07-24
2026-08-31,new_tariffs,5.924205854502113,1,tracker_no_fl_301_2026-07-24
2026-09-01,total,8.599433156045826,1,tracker_no_fl_301_2026-07-24
2026-09-01,new_tariffs,5.924205854502113,1,tracker_no_fl_301_2026-07-24
2026-09-02,total,8.599433156045826,1,tracker_no_fl_301_2026-07-24
2026-09-02,new_tariffs,5.924205854502113,1,tracker_no_fl_301_2026-07-24
2026-09-03,total,8.599433156045826,1,tracker_no_fl_301_2026-07-24
2026-09-03,new_tariffs,5.924205854502113,1,tracker_no_fl_301_2026-07-24
2026-09-04,total,8.599433156045826,1,tracker_no_fl_301_2026-07-24
2026-09-04,new_tariffs,5.924205854502113,1,tracker_no_fl_301_2026-07-24
2026-09-05,total,8.599433156045826,1,tracker_no_fl_301_2026-07-24
2026-09-05,new_tariffs,5.924205854502113,1,tracker_no_fl_301_2026-07-24
2026-09-06,total,8.599433156045826,1,tracker_no_fl_301_2026-07-24
2026-09-06,new_tariffs,5.924205854502113,1,tracker_no_fl_301_2026-07-24
2026-09-07,total,8.599433156045826,1,tracker_no_fl_301_2026-07-24
2026-09-07,new_tariffs,5.924205854502113,1,tracker_no_fl_301_2026-07-24
2026-09-08,total,8.599433156045826,1,tracker_no_fl_301_2026-07-24
2026-09-08,new_tariffs,5.924205854502113,1,tracker_no_fl_301_2026-07-24
2026-09-09,total,8.599433156045826,1,tracker_no_fl_301_2026-07-24
2026-09-09,new_tariffs,5.924205854502113,1,tracker_no_fl_301_2026-07-24
2026-09-10,total,8.599433156045826,1,tracker_no_fl_301_2026-07-24
2026-09-10,new_tariffs,5.924205854502113,1,tracker_no_fl_301_2026-07-24
2026-09-11,total,8.599433156045826,1,tracker_no_fl_301_2026-07-24
2026-09-11,new_tariffs,5.924205854502113,1,tracker_no_fl_301_2026-07-24
2026-09-12,total,8.599433156045826,1,tracker_no_fl_301_2026-07-24
2026-09-12,new_tariffs,5.924205854502113,1,tracker_no_fl_301_2026-07-24
2026-09-13,total,8.599433156045826,1,tracker_no_fl_301_2026-07-24
2026-09-13,new_tariffs,5.924205854502113,1,tracker_no_fl_301_2026-07-24
2026-09-14,total,8.599433156045826,1,tracker_no_fl_301_2026-07-24
2026-09-14,new_tariffs,5.924205854502113,1,tracker_no_fl_301_2026-07-24
2026-09-15,total,8.599433156045826,1,tracker_no_fl_301_2026-07-24
2026-09-15,new_tariffs,5.924205854502113,1,tracker_no_fl_301_2026-07-24
2026-09-16,total,8.599433156045826,1,tracker_no_fl_301_2026-07-24
2026-09-16,new_tariffs,5.924205854502113,1,tracker_no_fl_301_2026-07-24
2026-09-17,total,8.599433156045826,1,tracker_no_fl_301_2026-07-24
2026-09-17,new_tariffs,5.924205854502113,1,tracker_no_fl_301_2026-07-24
2026-09-18,total,8.599433156045826,1,tracker_no_fl_301_2026-07-24
2026-09-18,new_tariffs,5.924205854502113,1,tracker_no_fl_301_2026-07-24
2026-09-19,total,8.599433156045826,1,tracker_no_fl_301_2026-07-24
2026-09-19,new_tariffs,5.924205854502113,1,tracker_no_fl_301_2026-07-24
2026-09-20,total,8.599433156045826,1,tracker_no_fl_301_2026-07-24
2026-09-20,new_tariffs,5.924205854502113,1,tracker_no_fl_301_2026-07-24
2026-09-21,total,8.599433156045826,1,tracker_no_fl_301_2026-07-24
2026-09-21,new_tariffs,5.924205854502113,1,tracker_no_fl_301_2026-07-24
2026-09-22,total,8.599433156045826,1,tracker_no_fl_301_2026-07-24
2026-09-22,new_tariffs,5.924205854502113,1,tracker_no_fl_301_2026-07-24
2026-09-23,total,8.599433156045826,1,tracker_no_fl_301_2026-07-24
2026-09-23,new_tariffs,5.924205854502113,1,tracker_no_fl_301_2026-07-24
2026-09-24,total,8.599433156045826,1,tracker_no_fl_301_2026-07-24
2026-09-24,new_tariffs,5.924205854502113,1,tracker_no_fl_301_2026-07-24
2026-09-25,total,8.599433156045826,1,tracker_no_fl_301_2026-07-24
2026-09-25,new_tariffs,5.924205854502113,1,tracker_no_fl_301_2026-07-24
2026-09-26,total,8.599433156045826,1,tracker_no_fl_301_2026-07-24
2026-09-26,new_tariffs,5.924205854502113,1,tracker_no_fl_301_2026-07-24
2026-09-27,total,8.599433156045826,1,tracker_no_fl_301_2026-07-24
2026-09-27,new_tariffs,5.924205854502113,1,tracker_no_fl_301_2026-07-24
2026-09-28,total,8.599433156045826,1,tracker_no_fl_301_2026-07-24
2026-09-28,new_tariffs,5.924205854502113,1,tracker_no_fl_301_2026-07-24
2026-09-29,total,8.967454730483386,1,tracker_no_fl_301_2026-07-24
2026-09-29,new_tariffs,6.292227428939673,1,tracker_no_fl_301_2026-07-24
2026-09-30,total,8.967454730483386,1,tracker_no_fl_301_2026-07-24
2026-09-30,new_tariffs,6.292227428939673,1,tracker_no_fl_301_2026-07-24
2026-10-01,total,8.967454730483386,1,tracker_no_fl_301_2026-07-24
2026-10-01,new_tariffs,6.292227428939673,1,tracker_no_fl_301_2026-07-24
2026-10-02,total,8.967454730483386,1,tracker_no_fl_301_2026-07-24
2026-10-02,new_tariffs,6.292227428939673,1,tracker_no_fl_301_2026-07-24
2026-10-03,total,8.967454730483386,1,tracker_no_fl_301_2026-07-24
2026-10-03,new_tariffs,6.292227428939673,1,tracker_no_fl_301_2026-07-24
2026-10-04,total,8.967454730483386,1,tracker_no_fl_301_2026-07-24
2026-10-04,new_tariffs,6.292227428939673,1,tracker_no_fl_301_2026-07-24
2026-10-05,total,8.967454730483386,1,tracker_no_fl_301_2026-07-24
2026-10-05,new_tariffs,6.292227428939673,1,tracker_no_fl_301_2026-07-24
2026-10-06,total,8.967454730483386,1,tracker_no_fl_301_2026-07-24
2026-10-06,new_tariffs,6.292227428939673,1,tracker_no_fl_301_2026-07-24
2026-10-07,total,8.967454730483386,1,tracker_no_fl_301_2026-07-24
2026-10-07,new_tariffs,6.292227428939673,1,tracker_no_fl_301_2026-07-24
2026-10-08,total,8.967454730483386,1,tracker_no_fl_301_2026-07-24
2026-10-08,new_tariffs,6.292227428939673,1,tracker_no_fl_301_2026-07-24
2026-10-09,total,8.967454730483386,1,tracker_no_fl_301_2026-07-24
2026-10-09,new_tariffs,6.292227428939673,1,tracker_no_fl_301_2026-07-24
2026-10-10,total,8.967454730483386,1,tracker_no_fl_301_2026-07-24
2026-10-10,new_tariffs,6.292227428939673,1,tracker_no_fl_301_2026-07-24
2026-10-11,total,8.967454730483386,1,tracker_no_fl_301_2026-07-24
2026-10-11,new_tariffs,6.292227428939673,1,tracker_no_fl_301_2026-07-24
2026-10-12,total,8.967454730483386,1,tracker_no_fl_301_2026-07-24
2026-10-12,new_tariffs,6.292227428939673,1,tracker_no_fl_301_2026-07-24
2026-10-13,total,8.967454730483386,1,tracker_no_fl_301_2026-07-24
2026-10-13,new_tariffs,6.292227428939673,1,tracker_no_fl_301_2026-07-24
2026-10-14,total,8.967454730483386,1,tracker_no_fl_301_2026-07-24
2026-10-14,new_tariffs,6.292227428939673,1,tracker_no_fl_301_2026-07-24
2026-10-15,total,8.967454730483386,1,tracker_no_fl_301_2026-07-24
2026-10-15,new_tariffs,6.292227428939673,1,tracker_no_fl_301_2026-07-24
2026-10-16,total,8.967454730483386,1,tracker_no_fl_301_2026-07-24
2026-10-16,new_tariffs,6.292227428939673,1,tracker_no_fl_301_2026-07-24
2026-10-17,total,8.967454730483386,1,tracker_no_fl_301_2026-07-24
2026-10-17,new_tariffs,6.292227428939673,1,tracker_no_fl_301_2026-07-24
2026-10-18,total,8.967454730483386,1,tracker_no_fl_301_2026-07-24
2026-10-18,new_tariffs,6.292227428939673,1,tracker_no_fl_301_2026-07-24
2026-10-19,total,8.967454730483386,1,tracker_no_fl_301_2026-07-24
2026-10-19,new_tariffs,6.292227428939673,1,tracker_no_fl_301_2026-07-24
2026-10-20,total,8.967454730483386,1,tracker_no_fl_301_2026-07-24
2026-10-20,new_tariffs,6.292227428939673,1,tracker_no_fl_301_2026-07-24
2026-10-21,total,8.967454730483386,1,tracker_no_fl_301_2026-07-24
2026-10-21,new_tariffs,6.292227428939673,1,tracker_no_fl_301_2026-07-24
2026-10-22,total,8.967454730483386,1,tracker_no_fl_301_2026-07-24
2026-10-22,new_tariffs,6.292227428939673,1,tracker_no_fl_301_2026-07-24
2026-10-23,total,8.967454730483386,1,tracker_no_fl_301_2026-07-24
2026-10-23,new_tariffs,6.292227428939673,1,tracker_no_fl_301_2026-07-24
2026-10-24,total,8.967454730483386,1,tracker_no_fl_301_2026-07-24
2026-10-24,new_tariffs,6.292227428939673,1,tracker_no_fl_301_2026-07-24
2026-10-25,total,8.967454730483386,1,tracker_no_fl_301_2026-07-24
2026-10-25,new_tariffs,6.292227428939673,1,tracker_no_fl_301_2026-07-24
2026-10-26,total,8.967454730483386,1,tracker_no_fl_301_2026-07-24
2026-10-26,new_tariffs,6.292227428939673,1,tracker_no_fl_301_2026-07-24
2026-10-27,total,8.967454730483386,1,tracker_no_fl_301_2026-07-24
2026-10-27,new_tariffs,6.292227428939673,1,tracker_no_fl_301_2026-07-24
2026-10-28,total,8.967454730483386,1,tracker_no_fl_301_2026-07-24
2026-10-28,new_tariffs,6.292227428939673,1,tracker_no_fl_301_2026-07-24
2026-10-29,total,8.967454730483386,1,tracker_no_fl_301_2026-07-24
2026-10-29,new_tariffs,6.292227428939673,1,tracker_no_fl_301_2026-07-24
2026-10-30,total,8.967454730483386,1,tracker_no_fl_301_2026-07-24
2026-10-30,new_tariffs,6.292227428939673,1,tracker_no_fl_301_2026-07-24
2026-10-31,total,8.967454730483386,1,tracker_no_fl_301_2026-07-24
2026-10-31,new_tariffs,6.292227428939673,1,tracker_no_fl_301_2026-07-24
2026-11-01,total,8.967454730483386,1,tracker_no_fl_301_2026-07-24
2026-11-01,new_tariffs,6.292227428939673,1,tracker_no_fl_301_2026-07-24
2026-11-02,total,8.967454730483386,1,tracker_no_fl_301_2026-07-24
2026-11-02,new_tariffs,6.292227428939673,1,tracker_no_fl_301_2026-07-24
2026-11-03,total,8.967454730483386,1,tracker_no_fl_301_2026-07-24
2026-11-03,new_tariffs,6.292227428939673,1,tracker_no_fl_301_2026-07-24
2026-11-04,total,8.967454730483386,1,tracker_no_fl_301_2026-07-24
2026-11-04,new_tariffs,6.292227428939673,1,tracker_no_fl_301_2026-07-24
2026-11-05,total,8.967454730483386,1,tracker_no_fl_301_2026-07-24
2026-11-05,new_tariffs,6.292227428939673,1,tracker_no_fl_301_2026-07-24
2026-11-06,total,8.967454730483386,1,tracker_no_fl_301_2026-07-24
2026-11-06,new_tariffs,6.292227428939673,1,tracker_no_fl_301_2026-07-24
2026-11-07,total,8.967454730483386,1,tracker_no_fl_301_2026-07-24
2026-11-07,new_tariffs,6.292227428939673,1,tracker_no_fl_301_2026-07-24
2026-11-08,total,8.967454730483386,1,tracker_no_fl_301_2026-07-24
2026-11-08,new_tariffs,6.292227428939673,1,tracker_no_fl_301_2026-07-24
2026-11-09,total,8.967454730483386,1,tracker_no_fl_301_2026-07-24
2026-11-09,new_tariffs,6.292227428939673,1,tracker_no_fl_301_2026-07-24
2026-11-10,total,9.058172718110773,1,tracker_no_fl_301_2026-07-24
2026-11-10,new_tariffs,6.382945416567059,1,tracker_no_fl_301_2026-07-24
2026-11-11,total,9.058172718110773,1,tracker_no_fl_301_2026-07-24
2026-11-11,new_tariffs,6.382945416567059,1,tracker_no_fl_301_2026-07-24
2026-11-12,total,9.058172718110773,1,tracker_no_fl_301_2026-07-24
2026-11-12,new_tariffs,6.382945416567059,1,tracker_no_fl_301_2026-07-24
2026-11-13,total,9.058172718110773,1,tracker_no_fl_301_2026-07-24
2026-11-13,new_tariffs,6.382945416567059,1,tracker_no_fl_301_2026-07-24
2026-11-14,total,9.058172718110773,1,tracker_no_fl_301_2026-07-24
2026-11-14,new_tariffs,6.382945416567059,1,tracker_no_fl_301_2026-07-24
2026-11-15,total,9.058172718110773,1,tracker_no_fl_301_2026-07-24
2026-11-15,new_tariffs,6.382945416567059,1,tracker_no_fl_301_2026-07-24
2026-11-16,total,9.058172718110773,1,tracker_no_fl_301_2026-07-24
2026-11-16,new_tariffs,6.382945416567059,1,tracker_no_fl_301_2026-07-24
2026-11-17,total,9.058172718110773,1,tracker_no_fl_301_2026-07-24
2026-11-17,new_tariffs,6.382945416567059,1,tracker_no_fl_301_2026-07-24
2026-11-18,total,9.058172718110773,1,tracker_no_fl_301_2026-07-24
2026-11-18,new_tariffs,6.382945416567059,1,tracker_no_fl_301_2026-07-24
2026-11-19,total,9.058172718110773,1,tracker_no_fl_301_2026-07-24
2026-11-19,new_tariffs,6.382945416567059,1,tracker_no_fl_301_2026-07-24
2026-11-20,total,9.058172718110773,1,tracker_no_fl_301_2026-07-24
2026-11-20,new_tariffs,6.382945416567059,1,tracker_no_fl_301_2026-07-24
2026-11-21,total,9.058172718110773,1,tracker_no_fl_301_2026-07-24
2026-11-21,new_tariffs,6.382945416567059,1,tracker_no_fl_301_2026-07-24
2026-11-22,total,9.058172718110773,1,tracker_no_fl_301_2026-07-24
2026-11-22,new_tariffs,6.382945416567059,1,tracker_no_fl_301_2026-07-24
2026-11-23,total,9.058172718110773,1,tracker_no_fl_301_2026-07-24
2026-11-23,new_tariffs,6.382945416567059,1,tracker_no_fl_301_2026-07-24
2026-11-24,total,9.058172718110773,1,tracker_no_fl_301_2026-07-24
2026-11-24,new_tariffs,6.382945416567059,1,tracker_no_fl_301_2026-07-24
2026-11-25,total,9.058172718110773,1,tracker_no_fl_301_2026-07-24
2026-11-25,new_tariffs,6.382945416567059,1,tracker_no_fl_301_2026-07-24
2026-11-26,total,9.058172718110773,1,tracker_no_fl_301_2026-07-24
2026-11-26,new_tariffs,6.382945416567059,1,tracker_no_fl_301_2026-07-24
2026-11-27,total,9.058172718110773,1,tracker_no_fl_301_2026-07-24
2026-11-27,new_tariffs,6.382945416567059,1,tracker_no_fl_301_2026-07-24
2026-11-28,total,9.058172718110773,1,tracker_no_fl_301_2026-07-24
2026-11-28,new_tariffs,6.382945416567059,1,tracker_no_fl_301_2026-07-24
2026-11-29,total,9.058172718110773,1,tracker_no_fl_301_2026-07-24
2026-11-29,new_tariffs,6.382945416567059,1,tracker_no_fl_301_2026-07-24
2026-11-30,total,9.058172718110773,1,tracker_no_fl_301_2026-07-24
2026-11-30,new_tariffs,6.382945416567059,1,tracker_no_fl_301_2026-07-24
2026-12-01,total,9.058172718110773,1,tracker_no_fl_301_2026-07-24
2026-12-01,new_tariffs,6.382945416567059,1,tracker_no_fl_301_2026-07-24
2026-12-02,total,9.058172718110773,1,tracker_no_fl_301_2026-07-24
2026-12-02,new_tariffs,6.382945416567059,1,tracker_no_fl_301_2026-07-24
2026-12-03,total,9.058172718110773,1,tracker_no_fl_301_2026-07-24
2026-12-03,new_tariffs,6.382945416567059,1,tracker_no_fl_301_2026-07-24
2026-12-04,total,9.058172718110773,1,tracker_no_fl_301_2026-07-24
2026-12-04,new_tariffs,6.382945416567059,1,tracker_no_fl_301_2026-07-24
2026-12-05,total,9.058172718110773,1,tracker_no_fl_301_2026-07-24
2026-12-05,new_tariffs,6.382945416567059,1,tracker_no_fl_301_2026-07-24
2026-12-06,total,9.058172718110773,1,tracker_no_fl_301_2026-07-24
2026-12-06,new_tariffs,6.382945416567059,1,tracker_no_fl_301_2026-07-24
2026-12-07,total,9.058172718110773,1,tracker_no_fl_301_2026-07-24
2026-12-07,new_tariffs,6.382945416567059,1,tracker_no_fl_301_2026-07-24
2026-12-08,total,9.058172718110773,1,tracker_no_fl_301_2026-07-24
2026-12-08,new_tariffs,6.382945416567059,1,tracker_no_fl_301_2026-07-24
2026-12-09,total,9.058172718110773,1,tracker_no_fl_301_2026-07-24
2026-12-09,new_tariffs,6.382945416567059,1,tracker_no_fl_301_2026-07-24
2026-12-10,total,9.058172718110773,1,tracker_no_fl_301_2026-07-24
2026-12-10,new_tariffs,6.382945416567059,1,tracker_no_fl_301_2026-07-24
2026-12-11,total,9.058172718110773,1,tracker_no_fl_301_2026-07-24
2026-12-11,new_tariffs,6.382945416567059,1,tracker_no_fl_301_2026-07-24
2026-12-12,total,9.058172718110773,1,tracker_no_fl_301_2026-07-24
2026-12-12,new_tariffs,6.382945416567059,1,tracker_no_fl_301_2026-07-24
2026-12-13,total,9.058172718110773,1,tracker_no_fl_301_2026-07-24
2026-12-13,new_tariffs,6.382945416567059,1,tracker_no_fl_301_2026-07-24
2026-12-14,total,9.058172718110773,1,tracker_no_fl_301_2026-07-24
2026-12-14,new_tariffs,6.382945416567059,1,tracker_no_fl_301_2026-07-24
2026-12-15,total,9.058172718110773,1,tracker_no_fl_301_2026-07-24
2026-12-15,new_tariffs,6.382945416567059,1,tracker_no_fl_301_2026-07-24
2026-12-16,total,9.058172718110773,1,tracker_no_fl_301_2026-07-24
2026-12-16,new_tariffs,6.382945416567059,1,tracker_no_fl_301_2026-07-24
2026-12-17,total,9.058172718110773,1,tracker_no_fl_301_2026-07-24
2026-12-17,new_tariffs,6.382945416567059,1,tracker_no_fl_301_2026-07-24
2026-12-18,total,9.058172718110773,1,tracker_no_fl_301_2026-07-24
2026-12-18,new_tariffs,6.382945416567059,1,tracker_no_fl_301_2026-07-24
2026-12-19,total,9.058172718110773,1,tracker_no_fl_301_2026-07-24
2026-12-19,new_tariffs,6.382945416567059,1,tracker_no_fl_301_2026-07-24
2026-12-20,total,9.058172718110773,1,tracker_no_fl_301_2026-07-24
2026-12-20,new_tariffs,6.382945416567059,1,tracker_no_fl_301_2026-07-24
2026-12-21,total,9.058172718110773,1,tracker_no_fl_301_2026-07-24
2026-12-21,new_tariffs,6.382945416567059,1,tracker_no_fl_301_2026-07-24
2026-12-22,total,9.058172718110773,1,tracker_no_fl_301_2026-07-24
2026-12-22,new_tariffs,6.382945416567059,1,tracker_no_fl_301_2026-07-24
2026-12-23,total,9.058172718110773,1,tracker_no_fl_301_2026-07-24
2026-12-23,new_tariffs,6.382945416567059,1,tracker_no_fl_301_2026-07-24
2026-12-24,total,9.058172718110773,1,tracker_no_fl_301_2026-07-24
2026-12-24,new_tariffs,6.382945416567059,1,tracker_no_fl_301_2026-07-24
2026-12-25,total,9.058172718110773,1,tracker_no_fl_301_2026-07-24
2026-12-25,new_tariffs,6.382945416567059,1,tracker_no_fl_301_2026-07-24
2026-12-26,total,9.058172718110773,1,tracker_no_fl_301_2026-07-24
2026-12-26,new_tariffs,6.382945416567059,1,tracker_no_fl_301_2026-07-24
2026-12-27,total,9.058172718110773,1,tracker_no_fl_301_2026-07-24
2026-12-27,new_tariffs,6.382945416567059,1,tracker_no_fl_301_2026-07-24
2026-12-28,total,9.058172718110773,1,tracker_no_fl_301_2026-07-24
2026-12-28,new_tariffs,6.382945416567059,1,tracker_no_fl_301_2026-07-24
2026-12-29,total,9.058172718110773,1,tracker_no_fl_301_2026-07-24
2026-12-29,new_tariffs,6.382945416567059,1,tracker_no_fl_301_2026-07-24
2026-12-30,total,9.058172718110773,1,tracker_no_fl_301_2026-07-24
2026-12-30,new_tariffs,6.382945416567059,1,tracker_no_fl_301_2026-07-24
2026-12-31,total,9.058172718110773,1,tracker_no_fl_301_2026-07-24
2026-12-31,new_tariffs,6.382945416567059,1,tracker_no_fl_301_2026-07-24
2025-01-01,total,2.675227301543713,0,tracker_no_fl_301_keep_s122_2026-07-24
2025-01-01,new_tariffs,0,0,tracker_no_fl_301_keep_s122_2026-07-24
2025-01-02,total,2.675227301543713,0,tracker_no_fl_301_keep_s122_2026-07-24
2025-01-02,new_tariffs,0,0,tracker_no_fl_301_keep_s122_2026-07-24
2025-01-03,total,2.675227301543713,0,tracker_no_fl_301_keep_s122_2026-07-24
2025-01-03,new_tariffs,0,0,tracker_no_fl_301_keep_s122_2026-07-24
2025-01-04,total,2.675227301543713,0,tracker_no_fl_301_keep_s122_2026-07-24
2025-01-04,new_tariffs,0,0,tracker_no_fl_301_keep_s122_2026-07-24
2025-01-05,total,2.675227301543713,0,tracker_no_fl_301_keep_s122_2026-07-24
2025-01-05,new_tariffs,0,0,tracker_no_fl_301_keep_s122_2026-07-24
2025-01-06,total,2.675227301543713,0,tracker_no_fl_301_keep_s122_2026-07-24
2025-01-06,new_tariffs,0,0,tracker_no_fl_301_keep_s122_2026-07-24
2025-01-07,total,2.675227301543713,0,tracker_no_fl_301_keep_s122_2026-07-24
2025-01-07,new_tariffs,0,0,tracker_no_fl_301_keep_s122_2026-07-24
2025-01-08,total,2.675227301543713,0,tracker_no_fl_301_keep_s122_2026-07-24
2025-01-08,new_tariffs,0,0,tracker_no_fl_301_keep_s122_2026-07-24
2025-01-09,total,2.675227301543713,0,tracker_no_fl_301_keep_s122_2026-07-24
2025-01-09,new_tariffs,0,0,tracker_no_fl_301_keep_s122_2026-07-24
2025-01-10,total,2.675227301543713,0,tracker_no_fl_301_keep_s122_2026-07-24
2025-01-10,new_tariffs,0,0,tracker_no_fl_301_keep_s122_2026-07-24
2025-01-11,total,2.675227301543713,0,tracker_no_fl_301_keep_s122_2026-07-24
2025-01-11,new_tariffs,0,0,tracker_no_fl_301_keep_s122_2026-07-24
2025-01-12,total,2.675227301543713,0,tracker_no_fl_301_keep_s122_2026-07-24
2025-01-12,new_tariffs,0,0,tracker_no_fl_301_keep_s122_2026-07-24
2025-01-13,total,2.675227301543713,0,tracker_no_fl_301_keep_s122_2026-07-24
2025-01-13,new_tariffs,0,0,tracker_no_fl_301_keep_s122_2026-07-24
2025-01-14,total,2.675227301543713,0,tracker_no_fl_301_keep_s122_2026-07-24
2025-01-14,new_tariffs,0,0,tracker_no_fl_301_keep_s122_2026-07-24
2025-01-15,total,2.675227301543713,0,tracker_no_fl_301_keep_s122_2026-07-24
2025-01-15,new_tariffs,0,0,tracker_no_fl_301_keep_s122_2026-07-24
2025-01-16,total,2.675227301543713,0,tracker_no_fl_301_keep_s122_2026-07-24
2025-01-16,new_tariffs,0,0,tracker_no_fl_301_keep_s122_2026-07-24
2025-01-17,total,2.675227301543713,0,tracker_no_fl_301_keep_s122_2026-07-24
2025-01-17,new_tariffs,0,0,tracker_no_fl_301_keep_s122_2026-07-24
2025-01-18,total,2.675227301543713,0,tracker_no_fl_301_keep_s122_2026-07-24
2025-01-18,new_tariffs,0,0,tracker_no_fl_301_keep_s122_2026-07-24
2025-01-19,total,2.675227301543713,0,tracker_no_fl_301_keep_s122_2026-07-24
2025-01-19,new_tariffs,0,0,tracker_no_fl_301_keep_s122_2026-07-24
2025-01-20,total,2.675227301543713,0,tracker_no_fl_301_keep_s122_2026-07-24
2025-01-20,new_tariffs,0,0,tracker_no_fl_301_keep_s122_2026-07-24
2025-01-21,total,2.675227301543713,0,tracker_no_fl_301_keep_s122_2026-07-24
2025-01-21,new_tariffs,0,0,tracker_no_fl_301_keep_s122_2026-07-24
2025-01-22,total,2.675227301543713,0,tracker_no_fl_301_keep_s122_2026-07-24
2025-01-22,new_tariffs,0,0,tracker_no_fl_301_keep_s122_2026-07-24
2025-01-23,total,2.675227301543713,0,tracker_no_fl_301_keep_s122_2026-07-24
2025-01-23,new_tariffs,0,0,tracker_no_fl_301_keep_s122_2026-07-24
2025-01-24,total,2.675227301543713,0,tracker_no_fl_301_keep_s122_2026-07-24
2025-01-24,new_tariffs,0,0,tracker_no_fl_301_keep_s122_2026-07-24
2025-01-25,total,2.675227301543713,0,tracker_no_fl_301_keep_s122_2026-07-24
2025-01-25,new_tariffs,0,0,tracker_no_fl_301_keep_s122_2026-07-24
2025-01-26,total,2.675227301543713,0,tracker_no_fl_301_keep_s122_2026-07-24
2025-01-26,new_tariffs,0,0,tracker_no_fl_301_keep_s122_2026-07-24
2025-01-27,total,2.675227301543713,0,tracker_no_fl_301_keep_s122_2026-07-24
2025-01-27,new_tariffs,0,0,tracker_no_fl_301_keep_s122_2026-07-24
2025-01-28,total,2.675227301543713,0,tracker_no_fl_301_keep_s122_2026-07-24
2025-01-28,new_tariffs,0,0,tracker_no_fl_301_keep_s122_2026-07-24
2025-01-29,total,2.675227301543713,0,tracker_no_fl_301_keep_s122_2026-07-24
2025-01-29,new_tariffs,0,0,tracker_no_fl_301_keep_s122_2026-07-24
2025-01-30,total,2.675227301543713,0,tracker_no_fl_301_keep_s122_2026-07-24
2025-01-30,new_tariffs,0,0,tracker_no_fl_301_keep_s122_2026-07-24
2025-01-31,total,2.675227301543713,0,tracker_no_fl_301_keep_s122_2026-07-24
2025-01-31,new_tariffs,0,0,tracker_no_fl_301_keep_s122_2026-07-24
2025-02-01,total,2.675227301543713,0,tracker_no_fl_301_keep_s122_2026-07-24
2025-02-01,new_tariffs,0,0,tracker_no_fl_301_keep_s122_2026-07-24
2025-02-02,total,2.675227301543713,0,tracker_no_fl_301_keep_s122_2026-07-24
2025-02-02,new_tariffs,0,0,tracker_no_fl_301_keep_s122_2026-07-24
2025-02-03,total,2.675227301543713,0,tracker_no_fl_301_keep_s122_2026-07-24
2025-02-03,new_tariffs,0,0,tracker_no_fl_301_keep_s122_2026-07-24
2025-02-04,total,4.021755261255201,0,tracker_no_fl_301_keep_s122_2026-07-24
2025-02-04,new_tariffs,1.346527959711487,0,tracker_no_fl_301_keep_s122_2026-07-24
2025-02-05,total,4.021755261255201,0,tracker_no_fl_301_keep_s122_2026-07-24
2025-02-05,new_tariffs,1.346527959711487,0,tracker_no_fl_301_keep_s122_2026-07-24
2025-02-06,total,4.021755261255201,0,tracker_no_fl_301_keep_s122_2026-07-24
2025-02-06,new_tariffs,1.346527959711487,0,tracker_no_fl_301_keep_s122_2026-07-24
2025-02-07,total,4.021755261255201,0,tracker_no_fl_301_keep_s122_2026-07-24
2025-02-07,new_tariffs,1.346527959711487,0,tracker_no_fl_301_keep_s122_2026-07-24
2025-02-08,total,4.021755261255201,0,tracker_no_fl_301_keep_s122_2026-07-24
2025-02-08,new_tariffs,1.346527959711487,0,tracker_no_fl_301_keep_s122_2026-07-24
2025-02-09,total,4.021755261255201,0,tracker_no_fl_301_keep_s122_2026-07-24
2025-02-09,new_tariffs,1.346527959711487,0,tracker_no_fl_301_keep_s122_2026-07-24
2025-02-10,total,4.021755261255201,0,tracker_no_fl_301_keep_s122_2026-07-24
2025-02-10,new_tariffs,1.346527959711487,0,tracker_no_fl_301_keep_s122_2026-07-24
2025-02-11,total,4.021755261255201,0,tracker_no_fl_301_keep_s122_2026-07-24
2025-02-11,new_tariffs,1.346527959711487,0,tracker_no_fl_301_keep_s122_2026-07-24
2025-02-12,total,4.021755261255201,0,tracker_no_fl_301_keep_s122_2026-07-24
2025-02-12,new_tariffs,1.346527959711487,0,tracker_no_fl_301_keep_s122_2026-07-24
2025-02-13,total,4.021755261255201,0,tracker_no_fl_301_keep_s122_2026-07-24
2025-02-13,new_tariffs,1.346527959711487,0,tracker_no_fl_301_keep_s122_2026-07-24
2025-02-14,total,4.021755261255201,0,tracker_no_fl_301_keep_s122_2026-07-24
2025-02-14,new_tariffs,1.346527959711487,0,tracker_no_fl_301_keep_s122_2026-07-24
2025-02-15,total,4.021755261255201,0,tracker_no_fl_301_keep_s122_2026-07-24
2025-02-15,new_tariffs,1.346527959711487,0,tracker_no_fl_301_keep_s122_2026-07-24
2025-02-16,total,4.021755261255201,0,tracker_no_fl_301_keep_s122_2026-07-24
2025-02-16,new_tariffs,1.346527959711487,0,tracker_no_fl_301_keep_s122_2026-07-24
2025-02-17,total,4.021755261255201,0,tracker_no_fl_301_keep_s122_2026-07-24
2025-02-17,new_tariffs,1.346527959711487,0,tracker_no_fl_301_keep_s122_2026-07-24
2025-02-18,total,4.021755261255201,0,tracker_no_fl_301_keep_s122_2026-07-24
2025-02-18,new_tariffs,1.346527959711487,0,tracker_no_fl_301_keep_s122_2026-07-24
2025-02-19,total,4.021755261255201,0,tracker_no_fl_301_keep_s122_2026-07-24
2025-02-19,new_tariffs,1.346527959711487,0,tracker_no_fl_301_keep_s122_2026-07-24
2025-02-20,total,4.021755261255201,0,tracker_no_fl_301_keep_s122_2026-07-24
2025-02-20,new_tariffs,1.346527959711487,0,tracker_no_fl_301_keep_s122_2026-07-24
2025-02-21,total,4.021755261255201,0,tracker_no_fl_301_keep_s122_2026-07-24
2025-02-21,new_tariffs,1.346527959711487,0,tracker_no_fl_301_keep_s122_2026-07-24
2025-02-22,total,4.021755261255201,0,tracker_no_fl_301_keep_s122_2026-07-24
2025-02-22,new_tariffs,1.346527959711487,0,tracker_no_fl_301_keep_s122_2026-07-24
2025-02-23,total,4.021755261255201,0,tracker_no_fl_301_keep_s122_2026-07-24
2025-02-23,new_tariffs,1.346527959711487,0,tracker_no_fl_301_keep_s122_2026-07-24
2025-02-24,total,4.021755261255201,0,tracker_no_fl_301_keep_s122_2026-07-24
2025-02-24,new_tariffs,1.346527959711487,0,tracker_no_fl_301_keep_s122_2026-07-24
2025-02-25,total,4.021755261255201,0,tracker_no_fl_301_keep_s122_2026-07-24
2025-02-25,new_tariffs,1.346527959711487,0,tracker_no_fl_301_keep_s122_2026-07-24
2025-02-26,total,4.021755261255201,0,tracker_no_fl_301_keep_s122_2026-07-24
2025-02-26,new_tariffs,1.346527959711487,0,tracker_no_fl_301_keep_s122_2026-07-24
2025-02-27,total,4.021755261255201,0,tracker_no_fl_301_keep_s122_2026-07-24
2025-02-27,new_tariffs,1.346527959711487,0,tracker_no_fl_301_keep_s122_2026-07-24
2025-02-28,total,4.021755261255201,0,tracker_no_fl_301_keep_s122_2026-07-24
2025-02-28,new_tariffs,1.346527959711487,0,tracker_no_fl_301_keep_s122_2026-07-24
2025-03-01,total,4.021755261255201,0,tracker_no_fl_301_keep_s122_2026-07-24
2025-03-01,new_tariffs,1.346527959711487,0,tracker_no_fl_301_keep_s122_2026-07-24
2025-03-02,total,4.021755261255201,0,tracker_no_fl_301_keep_s122_2026-07-24
2025-03-02,new_tariffs,1.346527959711487,0,tracker_no_fl_301_keep_s122_2026-07-24
2025-03-03,total,4.021755261255201,0,tracker_no_fl_301_keep_s122_2026-07-24
2025-03-03,new_tariffs,1.346527959711487,0,tracker_no_fl_301_keep_s122_2026-07-24
2025-03-04,total,6.011425905424591,0,tracker_no_fl_301_keep_s122_2026-07-24
2025-03-04,new_tariffs,3.3361986038808773,0,tracker_no_fl_301_keep_s122_2026-07-24
2025-03-05,total,6.011425905424591,0,tracker_no_fl_301_keep_s122_2026-07-24
2025-03-05,new_tariffs,3.3361986038808773,0,tracker_no_fl_301_keep_s122_2026-07-24
2025-03-06,total,6.011425905424591,0,tracker_no_fl_301_keep_s122_2026-07-24
2025-03-06,new_tariffs,3.3361986038808773,0,tracker_no_fl_301_keep_s122_2026-07-24
2025-03-07,total,6.026077918609638,0,tracker_no_fl_301_keep_s122_2026-07-24
2025-03-07,new_tariffs,3.3508506170659236,0,tracker_no_fl_301_keep_s122_2026-07-24
2025-03-08,total,6.026077918609638,0,tracker_no_fl_301_keep_s122_2026-07-24
2025-03-08,new_tariffs,3.3508506170659236,0,tracker_no_fl_301_keep_s122_2026-07-24
2025-03-09,total,6.026077918609638,0,tracker_no_fl_301_keep_s122_2026-07-24
2025-03-09,new_tariffs,3.3508506170659236,0,tracker_no_fl_301_keep_s122_2026-07-24
2025-03-10,total,6.026077918609638,0,tracker_no_fl_301_keep_s122_2026-07-24
2025-03-10,new_tariffs,3.3508506170659236,0,tracker_no_fl_301_keep_s122_2026-07-24
2025-03-11,total,6.026077918609638,0,tracker_no_fl_301_keep_s122_2026-07-24
2025-03-11,new_tariffs,3.3508506170659236,0,tracker_no_fl_301_keep_s122_2026-07-24
2025-03-12,total,6.737968232615185,1,tracker_no_fl_301_keep_s122_2026-07-24
2025-03-12,new_tariffs,4.06274093107147,1,tracker_no_fl_301_keep_s122_2026-07-24
2025-03-13,total,6.737968232615185,1,tracker_no_fl_301_keep_s122_2026-07-24
2025-03-13,new_tariffs,4.06274093107147,1,tracker_no_fl_301_keep_s122_2026-07-24
2025-03-14,total,6.745710155625084,0,tracker_no_fl_301_keep_s122_2026-07-24
2025-03-14,new_tariffs,4.070482854081369,0,tracker_no_fl_301_keep_s122_2026-07-24
2025-03-15,total,6.745710155625084,0,tracker_no_fl_301_keep_s122_2026-07-24
2025-03-15,new_tariffs,4.070482854081369,0,tracker_no_fl_301_keep_s122_2026-07-24
2025-03-16,total,6.745710155625084,0,tracker_no_fl_301_keep_s122_2026-07-24
2025-03-16,new_tariffs,4.070482854081369,0,tracker_no_fl_301_keep_s122_2026-07-24
2025-03-17,total,6.745710155625084,0,tracker_no_fl_301_keep_s122_2026-07-24
2025-03-17,new_tariffs,4.070482854081369,0,tracker_no_fl_301_keep_s122_2026-07-24
2025-03-18,total,6.745710155625084,0,tracker_no_fl_301_keep_s122_2026-07-24
2025-03-18,new_tariffs,4.070482854081369,0,tracker_no_fl_301_keep_s122_2026-07-24
2025-03-19,total,6.745710155625084,0,tracker_no_fl_301_keep_s122_2026-07-24
2025-03-19,new_tariffs,4.070482854081369,0,tracker_no_fl_301_keep_s122_2026-07-24
2025-03-20,total,6.745710155625084,0,tracker_no_fl_301_keep_s122_2026-07-24
2025-03-20,new_tariffs,4.070482854081369,0,tracker_no_fl_301_keep_s122_2026-07-24
2025-03-21,total,6.745710155625084,0,tracker_no_fl_301_keep_s122_2026-07-24
2025-03-21,new_tariffs,4.070482854081369,0,tracker_no_fl_301_keep_s122_2026-07-24
2025-03-22,total,6.745710155625084,0,tracker_no_fl_301_keep_s122_2026-07-24
2025-03-22,new_tariffs,4.070482854081369,0,tracker_no_fl_301_keep_s122_2026-07-24
2025-03-23,total,6.745710155625084,0,tracker_no_fl_301_keep_s122_2026-07-24
2025-03-23,new_tariffs,4.070482854081369,0,tracker_no_fl_301_keep_s122_2026-07-24
2025-03-24,total,6.745710155625084,0,tracker_no_fl_301_keep_s122_2026-07-24
2025-03-24,new_tariffs,4.070482854081369,0,tracker_no_fl_301_keep_s122_2026-07-24
2025-03-25,total,6.745710155625084,0,tracker_no_fl_301_keep_s122_2026-07-24
2025-03-25,new_tariffs,4.070482854081369,0,tracker_no_fl_301_keep_s122_2026-07-24
2025-03-26,total,6.745710155625084,0,tracker_no_fl_301_keep_s122_2026-07-24
2025-03-26,new_tariffs,4.070482854081369,0,tracker_no_fl_301_keep_s122_2026-07-24
2025-03-27,total,6.745710155625084,0,tracker_no_fl_301_keep_s122_2026-07-24
2025-03-27,new_tariffs,4.070482854081369,0,tracker_no_fl_301_keep_s122_2026-07-24
2025-03-28,total,6.745710155625084,0,tracker_no_fl_301_keep_s122_2026-07-24
2025-03-28,new_tariffs,4.070482854081369,0,tracker_no_fl_301_keep_s122_2026-07-24
2025-03-29,total,6.745710155625084,0,tracker_no_fl_301_keep_s122_2026-07-24
2025-03-29,new_tariffs,4.070482854081369,0,tracker_no_fl_301_keep_s122_2026-07-24
2025-03-30,total,6.745710155625084,0,tracker_no_fl_301_keep_s122_2026-07-24
2025-03-30,new_tariffs,4.070482854081369,0,tracker_no_fl_301_keep_s122_2026-07-24
2025-03-31,total,6.745710155625084,0,tracker_no_fl_301_keep_s122_2026-07-24
2025-03-31,new_tariffs,4.070482854081369,0,tracker_no_fl_301_keep_s122_2026-07-24
2025-04-01,total,6.745710155625084,0,tracker_no_fl_301_keep_s122_2026-07-24
2025-04-01,new_tariffs,4.070482854081369,0,tracker_no_fl_301_keep_s122_2026-07-24
2025-04-02,total,6.745710155625084,0,tracker_no_fl_301_keep_s122_2026-07-24
2025-04-02,new_tariffs,4.070482854081369,0,tracker_no_fl_301_keep_s122_2026-07-24
2025-04-03,total,8.316862671677196,0,tracker_no_fl_301_keep_s122_2026-07-24
2025-04-03,new_tariffs,5.641635370133482,0,tracker_no_fl_301_keep_s122_2026-07-24
2025-04-04,total,8.316862671677196,0,tracker_no_fl_301_keep_s122_2026-07-24
2025-04-04,new_tariffs,5.641635370133482,0,tracker_no_fl_301_keep_s122_2026-07-24
2025-04-05,total,14.599485219396064,0,tracker_no_fl_301_keep_s122_2026-07-24
2025-04-05,new_tariffs,11.924257917852348,0,tracker_no_fl_301_keep_s122_2026-07-24
2025-04-06,total,14.599485219396064,0,tracker_no_fl_301_keep_s122_2026-07-24
2025-04-06,new_tariffs,11.924257917852348,0,tracker_no_fl_301_keep_s122_2026-07-24
2025-04-07,total,14.599485219396064,0,tracker_no_fl_301_keep_s122_2026-07-24
2025-04-07,new_tariffs,11.924257917852348,0,tracker_no_fl_301_keep_s122_2026-07-24
2025-04-08,total,14.599485219396064,0,tracker_no_fl_301_keep_s122_2026-07-24
2025-04-08,new_tariffs,11.924257917852348,0,tracker_no_fl_301_keep_s122_2026-07-24
2025-04-09,total,19.17823406051668,0,tracker_no_fl_301_keep_s122_2026-07-24
2025-04-09,new_tariffs,16.503006758972965,0,tracker_no_fl_301_keep_s122_2026-07-24
2025-04-10,total,22.929507761894598,0,tracker_no_fl_301_keep_s122_2026-07-24
2025-04-10,new_tariffs,20.254280460350884,0,tracker_no_fl_301_keep_s122_2026-07-24
2025-04-11,total,22.929507761894598,0,tracker_no_fl_301_keep_s122_2026-07-24
2025-04-11,new_tariffs,20.254280460350884,0,tracker_no_fl_301_keep_s122_2026-07-24
2025-04-12,total,22.929507761894598,0,tracker_no_fl_301_keep_s122_2026-07-24
2025-04-12,new_tariffs,20.254280460350884,0,tracker_no_fl_301_keep_s122_2026-07-24
2025-04-13,total,22.929507761894598,0,tracker_no_fl_301_keep_s122_2026-07-24
2025-04-13,new_tariffs,20.254280460350884,0,tracker_no_fl_301_keep_s122_2026-07-24
2025-04-14,total,22.929507761894598,0,tracker_no_fl_301_keep_s122_2026-07-24
2025-04-14,new_tariffs,20.254280460350884,0,tracker_no_fl_301_keep_s122_2026-07-24
2025-04-15,total,22.921765838884696,0,tracker_no_fl_301_keep_s122_2026-07-24
2025-04-15,new_tariffs,20.24653853734098,0,tracker_no_fl_301_keep_s122_2026-07-24
2025-04-16,total,22.921765838884696,0,tracker_no_fl_301_keep_s122_2026-07-24
2025-04-16,new_tariffs,20.24653853734098,0,tracker_no_fl_301_keep_s122_2026-07-24
2025-04-17,total,22.921765838884696,0,tracker_no_fl_301_keep_s122_2026-07-24
2025-04-17,new_tariffs,20.24653853734098,0,tracker_no_fl_301_keep_s122_2026-07-24
2025-04-18,total,22.921765838884696,0,tracker_no_fl_301_keep_s122_2026-07-24
2025-04-18,new_tariffs,20.24653853734098,0,tracker_no_fl_301_keep_s122_2026-07-24
2025-04-19,total,22.921765838884696,0,tracker_no_fl_301_keep_s122_2026-07-24
2025-04-19,new_tariffs,20.24653853734098,0,tracker_no_fl_301_keep_s122_2026-07-24
2025-04-20,total,22.921765838884696,0,tracker_no_fl_301_keep_s122_2026-07-24
2025-04-20,new_tariffs,20.24653853734098,0,tracker_no_fl_301_keep_s122_2026-07-24
2025-04-21,total,22.921765838884696,0,tracker_no_fl_301_keep_s122_2026-07-24
2025-04-21,new_tariffs,20.24653853734098,0,tracker_no_fl_301_keep_s122_2026-07-24
2025-04-22,total,22.921765838884696,0,tracker_no_fl_301_keep_s122_2026-07-24
2025-04-22,new_tariffs,20.24653853734098,0,tracker_no_fl_301_keep_s122_2026-07-24
2025-04-23,total,22.921765838884696,0,tracker_no_fl_301_keep_s122_2026-07-24
2025-04-23,new_tariffs,20.24653853734098,0,tracker_no_fl_301_keep_s122_2026-07-24
2025-04-24,total,22.921765838884696,0,tracker_no_fl_301_keep_s122_2026-07-24
2025-04-24,new_tariffs,20.24653853734098,0,tracker_no_fl_301_keep_s122_2026-07-24
2025-04-25,total,22.921765838884696,0,tracker_no_fl_301_keep_s122_2026-07-24
2025-04-25,new_tariffs,20.24653853734098,0,tracker_no_fl_301_keep_s122_2026-07-24
2025-04-26,total,22.921765838884696,0,tracker_no_fl_301_keep_s122_2026-07-24
2025-04-26,new_tariffs,20.24653853734098,0,tracker_no_fl_301_keep_s122_2026-07-24
2025-04-27,total,22.921765838884696,0,tracker_no_fl_301_keep_s122_2026-07-24
2025-04-27,new_tariffs,20.24653853734098,0,tracker_no_fl_301_keep_s122_2026-07-24
2025-04-28,total,22.921765838884696,0,tracker_no_fl_301_keep_s122_2026-07-24
2025-04-28,new_tariffs,20.24653853734098,0,tracker_no_fl_301_keep_s122_2026-07-24
2025-04-29,total,22.921765838884696,0,tracker_no_fl_301_keep_s122_2026-07-24
2025-04-29,new_tariffs,20.24653853734098,0,tracker_no_fl_301_keep_s122_2026-07-24
2025-04-30,total,22.921765838884696,0,tracker_no_fl_301_keep_s122_2026-07-24
2025-04-30,new_tariffs,20.24653853734098,0,tracker_no_fl_301_keep_s122_2026-07-24
2025-05-01,total,22.921765838884696,0,tracker_no_fl_301_keep_s122_2026-07-24
2025-05-01,new_tariffs,20.24653853734098,0,tracker_no_fl_301_keep_s122_2026-07-24
2025-05-02,total,22.921765838884696,0,tracker_no_fl_301_keep_s122_2026-07-24
2025-05-02,new_tariffs,20.24653853734098,0,tracker_no_fl_301_keep_s122_2026-07-24
2025-05-03,total,22.277551880230348,0,tracker_no_fl_301_keep_s122_2026-07-24
2025-05-03,new_tariffs,19.60232457868663,0,tracker_no_fl_301_keep_s122_2026-07-24
2025-05-04,total,22.277551880230348,0,tracker_no_fl_301_keep_s122_2026-07-24
2025-05-04,new_tariffs,19.60232457868663,0,tracker_no_fl_301_keep_s122_2026-07-24
2025-05-05,total,22.277551880230348,0,tracker_no_fl_301_keep_s122_2026-07-24
2025-05-05,new_tariffs,19.60232457868663,0,tracker_no_fl_301_keep_s122_2026-07-24
2025-05-06,total,22.277551880230348,0,tracker_no_fl_301_keep_s122_2026-07-24
2025-05-06,new_tariffs,19.60232457868663,0,tracker_no_fl_301_keep_s122_2026-07-24
2025-05-07,total,22.277551880230348,0,tracker_no_fl_301_keep_s122_2026-07-24
2025-05-07,new_tariffs,19.60232457868663,0,tracker_no_fl_301_keep_s122_2026-07-24
2025-05-08,total,22.277551880230348,0,tracker_no_fl_301_keep_s122_2026-07-24
2025-05-08,new_tariffs,19.60232457868663,0,tracker_no_fl_301_keep_s122_2026-07-24
2025-05-09,total,22.277551880230348,0,tracker_no_fl_301_keep_s122_2026-07-24
2025-05-09,new_tariffs,19.60232457868663,0,tracker_no_fl_301_keep_s122_2026-07-24
2025-05-10,total,22.277551880230348,0,tracker_no_fl_301_keep_s122_2026-07-24
2025-05-10,new_tariffs,19.60232457868663,0,tracker_no_fl_301_keep_s122_2026-07-24
2025-05-11,total,22.277551880230348,0,tracker_no_fl_301_keep_s122_2026-07-24
2025-05-11,new_tariffs,19.60232457868663,0,tracker_no_fl_301_keep_s122_2026-07-24
2025-05-12,total,22.277551880230348,0,tracker_no_fl_301_keep_s122_2026-07-24
2025-05-12,new_tariffs,19.60232457868663,0,tracker_no_fl_301_keep_s122_2026-07-24
2025-05-13,total,22.277551880230348,0,tracker_no_fl_301_keep_s122_2026-07-24
2025-05-13,new_tariffs,19.60232457868663,0,tracker_no_fl_301_keep_s122_2026-07-24
2025-05-14,total,12.869456831566792,0,tracker_no_fl_301_keep_s122_2026-07-24
2025-05-14,new_tariffs,10.194229530023076,0,tracker_no_fl_301_keep_s122_2026-07-24
2025-05-15,total,12.869456831566792,0,tracker_no_fl_301_keep_s122_2026-07-24
2025-05-15,new_tariffs,10.194229530023076,0,tracker_no_fl_301_keep_s122_2026-07-24
2025-05-16,total,12.869456831566792,0,tracker_no_fl_301_keep_s122_2026-07-24
2025-05-16,new_tariffs,10.194229530023076,0,tracker_no_fl_301_keep_s122_2026-07-24
2025-05-17,total,12.869456831566792,0,tracker_no_fl_301_keep_s122_2026-07-24
2025-05-17,new_tariffs,10.194229530023076,0,tracker_no_fl_301_keep_s122_2026-07-24
2025-05-18,total,12.869456831566792,0,tracker_no_fl_301_keep_s122_2026-07-24
2025-05-18,new_tariffs,10.194229530023076,0,tracker_no_fl_301_keep_s122_2026-07-24
2025-05-19,total,12.869456831566792,0,tracker_no_fl_301_keep_s122_2026-07-24
2025-05-19,new_tariffs,10.194229530023076,0,tracker_no_fl_301_keep_s122_2026-07-24
2025-05-20,total,12.869456831566792,0,tracker_no_fl_301_keep_s122_2026-07-24
2025-05-20,new_tariffs,10.194229530023076,0,tracker_no_fl_301_keep_s122_2026-07-24
2025-05-21,total,12.869456831566792,0,tracker_no_fl_301_keep_s122_2026-07-24
2025-05-21,new_tariffs,10.194229530023076,0,tracker_no_fl_301_keep_s122_2026-07-24
2025-05-22,total,12.869456831566792,0,tracker_no_fl_301_keep_s122_2026-07-24
2025-05-22,new_tariffs,10.194229530023076,0,tracker_no_fl_301_keep_s122_2026-07-24
2025-05-23,total,12.869456831566792,0,tracker_no_fl_301_keep_s122_2026-07-24
2025-05-23,new_tariffs,10.194229530023076,0,tracker_no_fl_301_keep_s122_2026-07-24
2025-05-24,total,12.869456831566792,0,tracker_no_fl_301_keep_s122_2026-07-24
2025-05-24,new_tariffs,10.194229530023076,0,tracker_no_fl_301_keep_s122_2026-07-24
2025-05-25,total,12.869456831566792,0,tracker_no_fl_301_keep_s122_2026-07-24
2025-05-25,new_tariffs,10.194229530023076,0,tracker_no_fl_301_keep_s122_2026-07-24
2025-05-26,total,12.869456831566792,0,tracker_no_fl_301_keep_s122_2026-07-24
2025-05-26,new_tariffs,10.194229530023076,0,tracker_no_fl_301_keep_s122_2026-07-24
2025-05-27,total,12.869456831566792,0,tracker_no_fl_301_keep_s122_2026-07-24
2025-05-27,new_tariffs,10.194229530023076,0,tracker_no_fl_301_keep_s122_2026-07-24
2025-05-28,total,12.869456831566792,0,tracker_no_fl_301_keep_s122_2026-07-24
2025-05-28,new_tariffs,10.194229530023076,0,tracker_no_fl_301_keep_s122_2026-07-24
2025-05-29,total,12.869456831566792,0,tracker_no_fl_301_keep_s122_2026-07-24
2025-05-29,new_tariffs,10.194229530023076,0,tracker_no_fl_301_keep_s122_2026-07-24
2025-05-30,total,12.869456831566792,0,tracker_no_fl_301_keep_s122_2026-07-24
2025-05-30,new_tariffs,10.194229530023076,0,tracker_no_fl_301_keep_s122_2026-07-24
2025-05-31,total,12.869456831566792,0,tracker_no_fl_301_keep_s122_2026-07-24
2025-05-31,new_tariffs,10.194229530023076,0,tracker_no_fl_301_keep_s122_2026-07-24
2025-06-01,total,12.9366664093087,1,tracker_no_fl_301_keep_s122_2026-07-24
2025-06-01,new_tariffs,10.261439107764986,1,tracker_no_fl_301_keep_s122_2026-07-24
2025-06-02,total,12.9366664093087,1,tracker_no_fl_301_keep_s122_2026-07-24
2025-06-02,new_tariffs,10.261439107764986,1,tracker_no_fl_301_keep_s122_2026-07-24
2025-06-03,total,12.9366664093087,1,tracker_no_fl_301_keep_s122_2026-07-24
2025-06-03,new_tariffs,10.261439107764986,1,tracker_no_fl_301_keep_s122_2026-07-24
2025-06-04,total,13.782068319044994,0,tracker_no_fl_301_keep_s122_2026-07-24
2025-06-04,new_tariffs,11.10684101750128,0,tracker_no_fl_301_keep_s122_2026-07-24
2025-06-05,total,13.782068319044994,0,tracker_no_fl_301_keep_s122_2026-07-24
2025-06-05,new_tariffs,11.10684101750128,0,tracker_no_fl_301_keep_s122_2026-07-24
2025-06-06,total,13.782068319044994,0,tracker_no_fl_301_keep_s122_2026-07-24
2025-06-06,new_tariffs,11.10684101750128,0,tracker_no_fl_301_keep_s122_2026-07-24
2025-06-07,total,13.782068319044994,0,tracker_no_fl_301_keep_s122_2026-07-24
2025-06-07,new_tariffs,11.10684101750128,0,tracker_no_fl_301_keep_s122_2026-07-24
2025-06-08,total,13.782068319044994,0,tracker_no_fl_301_keep_s122_2026-07-24
2025-06-08,new_tariffs,11.10684101750128,0,tracker_no_fl_301_keep_s122_2026-07-24
2025-06-09,total,13.782068319044994,0,tracker_no_fl_301_keep_s122_2026-07-24
2025-06-09,new_tariffs,11.10684101750128,0,tracker_no_fl_301_keep_s122_2026-07-24
2025-06-10,total,13.782068319044994,0,tracker_no_fl_301_keep_s122_2026-07-24
2025-06-10,new_tariffs,11.10684101750128,0,tracker_no_fl_301_keep_s122_2026-07-24
2025-06-11,total,13.782068319044994,0,tracker_no_fl_301_keep_s122_2026-07-24
2025-06-11,new_tariffs,11.10684101750128,0,tracker_no_fl_301_keep_s122_2026-07-24
2025-06-12,total,13.782068319044994,0,tracker_no_fl_301_keep_s122_2026-07-24
2025-06-12,new_tariffs,11.10684101750128,0,tracker_no_fl_301_keep_s122_2026-07-24
2025-06-13,total,13.782068319044994,0,tracker_no_fl_301_keep_s122_2026-07-24
2025-06-13,new_tariffs,11.10684101750128,0,tracker_no_fl_301_keep_s122_2026-07-24
2025-06-14,total,13.782068319044994,0,tracker_no_fl_301_keep_s122_2026-07-24
2025-06-14,new_tariffs,11.10684101750128,0,tracker_no_fl_301_keep_s122_2026-07-24
2025-06-15,total,13.782068319044994,0,tracker_no_fl_301_keep_s122_2026-07-24
2025-06-15,new_tariffs,11.10684101750128,0,tracker_no_fl_301_keep_s122_2026-07-24
2025-06-16,total,13.782068319044994,0,tracker_no_fl_301_keep_s122_2026-07-24
2025-06-16,new_tariffs,11.10684101750128,0,tracker_no_fl_301_keep_s122_2026-07-24
2025-06-17,total,13.782068319044994,0,tracker_no_fl_301_keep_s122_2026-07-24
2025-06-17,new_tariffs,11.10684101750128,0,tracker_no_fl_301_keep_s122_2026-07-24
2025-06-18,total,13.782068319044994,0,tracker_no_fl_301_keep_s122_2026-07-24
2025-06-18,new_tariffs,11.10684101750128,0,tracker_no_fl_301_keep_s122_2026-07-24
2025-06-19,total,13.782068319044994,0,tracker_no_fl_301_keep_s122_2026-07-24
2025-06-19,new_tariffs,11.10684101750128,0,tracker_no_fl_301_keep_s122_2026-07-24
2025-06-20,total,13.782068319044994,0,tracker_no_fl_301_keep_s122_2026-07-24
2025-06-20,new_tariffs,11.10684101750128,0,tracker_no_fl_301_keep_s122_2026-07-24
2025-06-21,total,13.782068319044994,0,tracker_no_fl_301_keep_s122_2026-07-24
2025-06-21,new_tariffs,11.10684101750128,0,tracker_no_fl_301_keep_s122_2026-07-24
2025-06-22,total,13.782068319044994,0,tracker_no_fl_301_keep_s122_2026-07-24
2025-06-22,new_tariffs,11.10684101750128,0,tracker_no_fl_301_keep_s122_2026-07-24
2025-06-23,total,13.789810242054893,0,tracker_no_fl_301_keep_s122_2026-07-24
2025-06-23,new_tariffs,11.114582940511179,0,tracker_no_fl_301_keep_s122_2026-07-24
2025-06-24,total,13.789810242054893,0,tracker_no_fl_301_keep_s122_2026-07-24
2025-06-24,new_tariffs,11.114582940511179,0,tracker_no_fl_301_keep_s122_2026-07-24
2025-06-25,total,13.789810242054893,0,tracker_no_fl_301_keep_s122_2026-07-24
2025-06-25,new_tariffs,11.114582940511179,0,tracker_no_fl_301_keep_s122_2026-07-24
2025-06-26,total,13.789810242054893,0,tracker_no_fl_301_keep_s122_2026-07-24
2025-06-26,new_tariffs,11.114582940511179,0,tracker_no_fl_301_keep_s122_2026-07-24
2025-06-27,total,13.789810242054893,0,tracker_no_fl_301_keep_s122_2026-07-24
2025-06-27,new_tariffs,11.114582940511179,0,tracker_no_fl_301_keep_s122_2026-07-24
2025-06-28,total,13.789810242054893,0,tracker_no_fl_301_keep_s122_2026-07-24
2025-06-28,new_tariffs,11.114582940511179,0,tracker_no_fl_301_keep_s122_2026-07-24
2025-06-29,total,13.789810242054893,0,tracker_no_fl_301_keep_s122_2026-07-24
2025-06-29,new_tariffs,11.114582940511179,0,tracker_no_fl_301_keep_s122_2026-07-24
2025-06-30,total,13.789810242054893,0,tracker_no_fl_301_keep_s122_2026-07-24
2025-06-30,new_tariffs,11.114582940511179,0,tracker_no_fl_301_keep_s122_2026-07-24
2025-07-01,total,13.727224774800725,0,tracker_no_fl_301_keep_s122_2026-07-24
2025-07-01,new_tariffs,11.051997473257012,0,tracker_no_fl_301_keep_s122_2026-07-24
2025-07-02,total,13.727224774800725,0,tracker_no_fl_301_keep_s122_2026-07-24
2025-07-02,new_tariffs,11.051997473257012,0,tracker_no_fl_301_keep_s122_2026-07-24
2025-07-03,total,13.727224774800725,0,tracker_no_fl_301_keep_s122_2026-07-24
2025-07-03,new_tariffs,11.051997473257012,0,tracker_no_fl_301_keep_s122_2026-07-24
2025-07-04,total,13.727224774800725,0,tracker_no_fl_301_keep_s122_2026-07-24
2025-07-04,new_tariffs,11.051997473257012,0,tracker_no_fl_301_keep_s122_2026-07-24
2025-07-05,total,13.727224774800725,0,tracker_no_fl_301_keep_s122_2026-07-24
2025-07-05,new_tariffs,11.051997473257012,0,tracker_no_fl_301_keep_s122_2026-07-24
2025-07-06,total,13.727224774800725,0,tracker_no_fl_301_keep_s122_2026-07-24
2025-07-06,new_tariffs,11.051997473257012,0,tracker_no_fl_301_keep_s122_2026-07-24
2025-07-07,total,13.727224774800725,0,tracker_no_fl_301_keep_s122_2026-07-24
2025-07-07,new_tariffs,11.051997473257012,0,tracker_no_fl_301_keep_s122_2026-07-24
2025-07-08,total,13.727224774800725,0,tracker_no_fl_301_keep_s122_2026-07-24
2025-07-08,new_tariffs,11.051997473257012,0,tracker_no_fl_301_keep_s122_2026-07-24
2025-07-09,total,13.727224774800725,0,tracker_no_fl_301_keep_s122_2026-07-24
2025-07-09,new_tariffs,11.051997473257012,0,tracker_no_fl_301_keep_s122_2026-07-24
2025-07-10,total,13.727224774800725,0,tracker_no_fl_301_keep_s122_2026-07-24
2025-07-10,new_tariffs,11.051997473257012,0,tracker_no_fl_301_keep_s122_2026-07-24
2025-07-11,total,13.727224774800725,0,tracker_no_fl_301_keep_s122_2026-07-24
2025-07-11,new_tariffs,11.051997473257012,0,tracker_no_fl_301_keep_s122_2026-07-24
2025-07-12,total,13.727224774800725,0,tracker_no_fl_301_keep_s122_2026-07-24
2025-07-12,new_tariffs,11.051997473257012,0,tracker_no_fl_301_keep_s122_2026-07-24
2025-07-13,total,13.727224774800725,0,tracker_no_fl_301_keep_s122_2026-07-24
2025-07-13,new_tariffs,11.051997473257012,0,tracker_no_fl_301_keep_s122_2026-07-24
2025-07-14,total,13.727224774800725,0,tracker_no_fl_301_keep_s122_2026-07-24
2025-07-14,new_tariffs,11.051997473257012,0,tracker_no_fl_301_keep_s122_2026-07-24
2025-07-15,total,13.727224774800725,0,tracker_no_fl_301_keep_s122_2026-07-24
2025-07-15,new_tariffs,11.051997473257012,0,tracker_no_fl_301_keep_s122_2026-07-24
2025-07-16,total,13.727224774800725,0,tracker_no_fl_301_keep_s122_2026-07-24
2025-07-16,new_tariffs,11.051997473257012,0,tracker_no_fl_301_keep_s122_2026-07-24
2025-07-17,total,13.727224774800725,0,tracker_no_fl_301_keep_s122_2026-07-24
2025-07-17,new_tariffs,11.051997473257012,0,tracker_no_fl_301_keep_s122_2026-07-24
2025-07-18,total,13.727224774800725,0,tracker_no_fl_301_keep_s122_2026-07-24
2025-07-18,new_tariffs,11.051997473257012,0,tracker_no_fl_301_keep_s122_2026-07-24
2025-07-19,total,13.727224774800725,0,tracker_no_fl_301_keep_s122_2026-07-24
2025-07-19,new_tariffs,11.051997473257012,0,tracker_no_fl_301_keep_s122_2026-07-24
2025-07-20,total,13.727224774800725,0,tracker_no_fl_301_keep_s122_2026-07-24
2025-07-20,new_tariffs,11.051997473257012,0,tracker_no_fl_301_keep_s122_2026-07-24
2025-07-21,total,13.727224774800725,0,tracker_no_fl_301_keep_s122_2026-07-24
2025-07-21,new_tariffs,11.051997473257012,0,tracker_no_fl_301_keep_s122_2026-07-24
2025-07-22,total,13.727224774800725,0,tracker_no_fl_301_keep_s122_2026-07-24
2025-07-22,new_tariffs,11.051997473257012,0,tracker_no_fl_301_keep_s122_2026-07-24
2025-07-23,total,13.727224774800725,0,tracker_no_fl_301_keep_s122_2026-07-24
2025-07-23,new_tariffs,11.051997473257012,0,tracker_no_fl_301_keep_s122_2026-07-24
2025-07-24,total,13.727224774800725,0,tracker_no_fl_301_keep_s122_2026-07-24
2025-07-24,new_tariffs,11.051997473257012,0,tracker_no_fl_301_keep_s122_2026-07-24
2025-07-25,total,13.727224774800725,0,tracker_no_fl_301_keep_s122_2026-07-24
2025-07-25,new_tariffs,11.051997473257012,0,tracker_no_fl_301_keep_s122_2026-07-24
2025-07-26,total,13.727224774800725,0,tracker_no_fl_301_keep_s122_2026-07-24
2025-07-26,new_tariffs,11.051997473257012,0,tracker_no_fl_301_keep_s122_2026-07-24
2025-07-27,total,13.727224774800725,0,tracker_no_fl_301_keep_s122_2026-07-24
2025-07-27,new_tariffs,11.051997473257012,0,tracker_no_fl_301_keep_s122_2026-07-24
2025-07-28,total,13.727224774800725,0,tracker_no_fl_301_keep_s122_2026-07-24
2025-07-28,new_tariffs,11.051997473257012,0,tracker_no_fl_301_keep_s122_2026-07-24
2025-07-29,total,13.727224774800725,0,tracker_no_fl_301_keep_s122_2026-07-24
2025-07-29,new_tariffs,11.051997473257012,0,tracker_no_fl_301_keep_s122_2026-07-24
2025-07-30,total,13.727224774800725,0,tracker_no_fl_301_keep_s122_2026-07-24
2025-07-30,new_tariffs,11.051997473257012,0,tracker_no_fl_301_keep_s122_2026-07-24
2025-07-31,total,13.727224774800725,0,tracker_no_fl_301_keep_s122_2026-07-24
2025-07-31,new_tariffs,11.051997473257012,0,tracker_no_fl_301_keep_s122_2026-07-24
2025-08-01,total,13.93914793096877,0,tracker_no_fl_301_keep_s122_2026-07-24
2025-08-01,new_tariffs,11.263920629425057,0,tracker_no_fl_301_keep_s122_2026-07-24
2025-08-02,total,13.93914793096877,0,tracker_no_fl_301_keep_s122_2026-07-24
2025-08-02,new_tariffs,11.263920629425057,0,tracker_no_fl_301_keep_s122_2026-07-24
2025-08-03,total,13.93914793096877,0,tracker_no_fl_301_keep_s122_2026-07-24
2025-08-03,new_tariffs,11.263920629425057,0,tracker_no_fl_301_keep_s122_2026-07-24
2025-08-04,total,13.93914793096877,0,tracker_no_fl_301_keep_s122_2026-07-24
2025-08-04,new_tariffs,11.263920629425057,0,tracker_no_fl_301_keep_s122_2026-07-24
2025-08-05,total,13.93914793096877,0,tracker_no_fl_301_keep_s122_2026-07-24
2025-08-05,new_tariffs,11.263920629425057,0,tracker_no_fl_301_keep_s122_2026-07-24
2025-08-06,total,13.93914793096877,0,tracker_no_fl_301_keep_s122_2026-07-24
2025-08-06,new_tariffs,11.263920629425057,0,tracker_no_fl_301_keep_s122_2026-07-24
2025-08-07,total,16.04575987621197,0,tracker_no_fl_301_keep_s122_2026-07-24
2025-08-07,new_tariffs,13.370532574668257,0,tracker_no_fl_301_keep_s122_2026-07-24
2025-08-08,total,16.04575987621197,0,tracker_no_fl_301_keep_s122_2026-07-24
2025-08-08,new_tariffs,13.370532574668257,0,tracker_no_fl_301_keep_s122_2026-07-24
2025-08-09,total,16.04575987621197,0,tracker_no_fl_301_keep_s122_2026-07-24
2025-08-09,new_tariffs,13.370532574668257,0,tracker_no_fl_301_keep_s122_2026-07-24
2025-08-10,total,16.04575987621197,0,tracker_no_fl_301_keep_s122_2026-07-24
2025-08-10,new_tariffs,13.370532574668257,0,tracker_no_fl_301_keep_s122_2026-07-24
2025-08-11,total,16.04575987621197,0,tracker_no_fl_301_keep_s122_2026-07-24
2025-08-11,new_tariffs,13.370532574668257,0,tracker_no_fl_301_keep_s122_2026-07-24
2025-08-12,total,16.04575987621197,0,tracker_no_fl_301_keep_s122_2026-07-24
2025-08-12,new_tariffs,13.370532574668257,0,tracker_no_fl_301_keep_s122_2026-07-24
2025-08-13,total,16.04575987621197,0,tracker_no_fl_301_keep_s122_2026-07-24
2025-08-13,new_tariffs,13.370532574668257,0,tracker_no_fl_301_keep_s122_2026-07-24
2025-08-14,total,16.04575987621197,0,tracker_no_fl_301_keep_s122_2026-07-24
2025-08-14,new_tariffs,13.370532574668257,0,tracker_no_fl_301_keep_s122_2026-07-24
2025-08-15,total,16.04575987621197,0,tracker_no_fl_301_keep_s122_2026-07-24
2025-08-15,new_tariffs,13.370532574668257,0,tracker_no_fl_301_keep_s122_2026-07-24
2025-08-16,total,16.04575987621197,0,tracker_no_fl_301_keep_s122_2026-07-24
2025-08-16,new_tariffs,13.370532574668257,0,tracker_no_fl_301_keep_s122_2026-07-24
2025-08-17,total,16.04575987621197,0,tracker_no_fl_301_keep_s122_2026-07-24
2025-08-17,new_tariffs,13.370532574668257,0,tracker_no_fl_301_keep_s122_2026-07-24
2025-08-18,total,16.31952674431962,0,tracker_no_fl_301_keep_s122_2026-07-24
2025-08-18,new_tariffs,13.644299442775907,0,tracker_no_fl_301_keep_s122_2026-07-24
2025-08-19,total,16.31952674431962,0,tracker_no_fl_301_keep_s122_2026-07-24
2025-08-19,new_tariffs,13.644299442775907,0,tracker_no_fl_301_keep_s122_2026-07-24
2025-08-20,total,16.31952674431962,0,tracker_no_fl_301_keep_s122_2026-07-24
2025-08-20,new_tariffs,13.644299442775907,0,tracker_no_fl_301_keep_s122_2026-07-24
2025-08-21,total,16.31952674431962,0,tracker_no_fl_301_keep_s122_2026-07-24
2025-08-21,new_tariffs,13.644299442775907,0,tracker_no_fl_301_keep_s122_2026-07-24
2025-08-22,total,16.31952674431962,0,tracker_no_fl_301_keep_s122_2026-07-24
2025-08-22,new_tariffs,13.644299442775907,0,tracker_no_fl_301_keep_s122_2026-07-24
2025-08-23,total,16.31952674431962,0,tracker_no_fl_301_keep_s122_2026-07-24
2025-08-23,new_tariffs,13.644299442775907,0,tracker_no_fl_301_keep_s122_2026-07-24
2025-08-24,total,16.31952674431962,0,tracker_no_fl_301_keep_s122_2026-07-24
2025-08-24,new_tariffs,13.644299442775907,0,tracker_no_fl_301_keep_s122_2026-07-24
2025-08-25,total,16.31952674431962,0,tracker_no_fl_301_keep_s122_2026-07-24
2025-08-25,new_tariffs,13.644299442775907,0,tracker_no_fl_301_keep_s122_2026-07-24
2025-08-26,total,16.31952674431962,0,tracker_no_fl_301_keep_s122_2026-07-24
2025-08-26,new_tariffs,13.644299442775907,0,tracker_no_fl_301_keep_s122_2026-07-24
2025-08-27,total,16.728909073343264,0,tracker_no_fl_301_keep_s122_2026-07-24
2025-08-27,new_tariffs,14.05368177179955,0,tracker_no_fl_301_keep_s122_2026-07-24
2025-08-28,total,16.728909073343264,0,tracker_no_fl_301_keep_s122_2026-07-24
2025-08-28,new_tariffs,14.05368177179955,0,tracker_no_fl_301_keep_s122_2026-07-24
2025-08-29,total,16.728909073343264,0,tracker_no_fl_301_keep_s122_2026-07-24
2025-08-29,new_tariffs,14.05368177179955,0,tracker_no_fl_301_keep_s122_2026-07-24
2025-08-30,total,16.728909073343264,0,tracker_no_fl_301_keep_s122_2026-07-24
2025-08-30,new_tariffs,14.05368177179955,0,tracker_no_fl_301_keep_s122_2026-07-24
2025-08-31,total,16.728909073343264,0,tracker_no_fl_301_keep_s122_2026-07-24
2025-08-31,new_tariffs,14.05368177179955,0,tracker_no_fl_301_keep_s122_2026-07-24
2025-09-01,total,16.79611865108517,1,tracker_no_fl_301_keep_s122_2026-07-24
2025-09-01,new_tariffs,14.12089134954146,1,tracker_no_fl_301_keep_s122_2026-07-24
2025-09-02,total,16.728909073343264,0,tracker_no_fl_301_keep_s122_2026-07-24
2025-09-02,new_tariffs,14.05368177179955,0,tracker_no_fl_301_keep_s122_2026-07-24
2025-09-03,total,16.728909073343264,0,tracker_no_fl_301_keep_s122_2026-07-24
2025-09-03,new_tariffs,14.05368177179955,0,tracker_no_fl_301_keep_s122_2026-07-24
2025-09-04,total,16.728909073343264,0,tracker_no_fl_301_keep_s122_2026-07-24
2025-09-04,new_tariffs,14.05368177179955,0,tracker_no_fl_301_keep_s122_2026-07-24
2025-09-05,total,16.728909073343264,0,tracker_no_fl_301_keep_s122_2026-07-24
2025-09-05,new_tariffs,14.05368177179955,0,tracker_no_fl_301_keep_s122_2026-07-24
2025-09-06,total,16.728909073343264,0,tracker_no_fl_301_keep_s122_2026-07-24
2025-09-06,new_tariffs,14.05368177179955,0,tracker_no_fl_301_keep_s122_2026-07-24
2025-09-07,total,16.728909073343264,0,tracker_no_fl_301_keep_s122_2026-07-24
2025-09-07,new_tariffs,14.05368177179955,0,tracker_no_fl_301_keep_s122_2026-07-24
2025-09-08,total,16.537786147233273,0,tracker_no_fl_301_keep_s122_2026-07-24
2025-09-08,new_tariffs,13.862558845689557,0,tracker_no_fl_301_keep_s122_2026-07-24
2025-09-09,total,16.537786147233273,0,tracker_no_fl_301_keep_s122_2026-07-24
2025-09-09,new_tariffs,13.862558845689557,0,tracker_no_fl_301_keep_s122_2026-07-24
2025-09-10,total,16.537786147233273,0,tracker_no_fl_301_keep_s122_2026-07-24
2025-09-10,new_tariffs,13.862558845689557,0,tracker_no_fl_301_keep_s122_2026-07-24
2025-09-11,total,16.537786147233273,0,tracker_no_fl_301_keep_s122_2026-07-24
2025-09-11,new_tariffs,13.862558845689557,0,tracker_no_fl_301_keep_s122_2026-07-24
2025-09-12,total,16.537786147233273,0,tracker_no_fl_301_keep_s122_2026-07-24
2025-09-12,new_tariffs,13.862558845689557,0,tracker_no_fl_301_keep_s122_2026-07-24
2025-09-13,total,16.537786147233273,0,tracker_no_fl_301_keep_s122_2026-07-24
2025-09-13,new_tariffs,13.862558845689557,0,tracker_no_fl_301_keep_s122_2026-07-24
2025-09-14,total,16.537786147233273,0,tracker_no_fl_301_keep_s122_2026-07-24
2025-09-14,new_tariffs,13.862558845689557,0,tracker_no_fl_301_keep_s122_2026-07-24
2025-09-15,total,16.537786147233273,0,tracker_no_fl_301_keep_s122_2026-07-24
2025-09-15,new_tariffs,13.862558845689557,0,tracker_no_fl_301_keep_s122_2026-07-24
2025-09-16,total,16.321489368653726,0,tracker_no_fl_301_keep_s122_2026-07-24
2025-09-16,new_tariffs,13.646262067110012,0,tracker_no_fl_301_keep_s122_2026-07-24
2025-09-17,total,16.321489368653726,0,tracker_no_fl_301_keep_s122_2026-07-24
2025-09-17,new_tariffs,13.646262067110012,0,tracker_no_fl_301_keep_s122_2026-07-24
2025-09-18,total,16.321489368653726,0,tracker_no_fl_301_keep_s122_2026-07-24
2025-09-18,new_tariffs,13.646262067110012,0,tracker_no_fl_301_keep_s122_2026-07-24
2025-09-19,total,16.321489368653726,0,tracker_no_fl_301_keep_s122_2026-07-24
2025-09-19,new_tariffs,13.646262067110012,0,tracker_no_fl_301_keep_s122_2026-07-24
2025-09-20,total,16.321489368653726,0,tracker_no_fl_301_keep_s122_2026-07-24
2025-09-20,new_tariffs,13.646262067110012,0,tracker_no_fl_301_keep_s122_2026-07-24
2025-09-21,total,16.321489368653726,0,tracker_no_fl_301_keep_s122_2026-07-24
2025-09-21,new_tariffs,13.646262067110012,0,tracker_no_fl_301_keep_s122_2026-07-24
2025-09-22,total,16.321489368653726,0,tracker_no_fl_301_keep_s122_2026-07-24
2025-09-22,new_tariffs,13.646262067110012,0,tracker_no_fl_301_keep_s122_2026-07-24
2025-09-23,total,16.321489368653726,0,tracker_no_fl_301_keep_s122_2026-07-24
2025-09-23,new_tariffs,13.646262067110012,0,tracker_no_fl_301_keep_s122_2026-07-24
2025-09-24,total,16.321489368653726,0,tracker_no_fl_301_keep_s122_2026-07-24
2025-09-24,new_tariffs,13.646262067110012,0,tracker_no_fl_301_keep_s122_2026-07-24
2025-09-25,total,15.733821084146937,0,tracker_no_fl_301_keep_s122_2026-07-24
2025-09-25,new_tariffs,13.058593782603223,0,tracker_no_fl_301_keep_s122_2026-07-24
2025-09-26,total,15.733821084146937,0,tracker_no_fl_301_keep_s122_2026-07-24
2025-09-26,new_tariffs,13.058593782603223,0,tracker_no_fl_301_keep_s122_2026-07-24
2025-09-27,total,15.733821084146937,0,tracker_no_fl_301_keep_s122_2026-07-24
2025-09-27,new_tariffs,13.058593782603223,0,tracker_no_fl_301_keep_s122_2026-07-24
2025-09-28,total,15.733821084146937,0,tracker_no_fl_301_keep_s122_2026-07-24
2025-09-28,new_tariffs,13.058593782603223,0,tracker_no_fl_301_keep_s122_2026-07-24
2025-09-29,total,15.733821084146937,0,tracker_no_fl_301_keep_s122_2026-07-24
2025-09-29,new_tariffs,13.058593782603223,0,tracker_no_fl_301_keep_s122_2026-07-24
2025-09-30,total,15.733821084146937,0,tracker_no_fl_301_keep_s122_2026-07-24
2025-09-30,new_tariffs,13.058593782603223,0,tracker_no_fl_301_keep_s122_2026-07-24
2025-10-01,total,15.733821084146937,0,tracker_no_fl_301_keep_s122_2026-07-24
2025-10-01,new_tariffs,13.058593782603223,0,tracker_no_fl_301_keep_s122_2026-07-24
2025-10-02,total,15.733821084146937,0,tracker_no_fl_301_keep_s122_2026-07-24
2025-10-02,new_tariffs,13.058593782603223,0,tracker_no_fl_301_keep_s122_2026-07-24
2025-10-03,total,15.733821084146937,0,tracker_no_fl_301_keep_s122_2026-07-24
2025-10-03,new_tariffs,13.058593782603223,0,tracker_no_fl_301_keep_s122_2026-07-24
2025-10-04,total,15.733821084146937,0,tracker_no_fl_301_keep_s122_2026-07-24
2025-10-04,new_tariffs,13.058593782603223,0,tracker_no_fl_301_keep_s122_2026-07-24
2025-10-05,total,15.733821084146937,0,tracker_no_fl_301_keep_s122_2026-07-24
2025-10-05,new_tariffs,13.058593782603223,0,tracker_no_fl_301_keep_s122_2026-07-24
2025-10-06,total,15.733821084146937,0,tracker_no_fl_301_keep_s122_2026-07-24
2025-10-06,new_tariffs,13.058593782603223,0,tracker_no_fl_301_keep_s122_2026-07-24
2025-10-07,total,15.733821084146937,0,tracker_no_fl_301_keep_s122_2026-07-24
2025-10-07,new_tariffs,13.058593782603223,0,tracker_no_fl_301_keep_s122_2026-07-24
2025-10-08,total,15.733821084146937,0,tracker_no_fl_301_keep_s122_2026-07-24
2025-10-08,new_tariffs,13.058593782603223,0,tracker_no_fl_301_keep_s122_2026-07-24
2025-10-09,total,15.733821084146937,0,tracker_no_fl_301_keep_s122_2026-07-24
2025-10-09,new_tariffs,13.058593782603223,0,tracker_no_fl_301_keep_s122_2026-07-24
2025-10-10,total,15.733821084146937,0,tracker_no_fl_301_keep_s122_2026-07-24
2025-10-10,new_tariffs,13.058593782603223,0,tracker_no_fl_301_keep_s122_2026-07-24
2025-10-11,total,15.733821084146937,0,tracker_no_fl_301_keep_s122_2026-07-24
2025-10-11,new_tariffs,13.058593782603223,0,tracker_no_fl_301_keep_s122_2026-07-24
2025-10-12,total,15.733821084146937,0,tracker_no_fl_301_keep_s122_2026-07-24
2025-10-12,new_tariffs,13.058593782603223,0,tracker_no_fl_301_keep_s122_2026-07-24
2025-10-13,total,15.733821084146937,0,tracker_no_fl_301_keep_s122_2026-07-24
2025-10-13,new_tariffs,13.058593782603223,0,tracker_no_fl_301_keep_s122_2026-07-24
2025-10-14,total,15.82562110187217,0,tracker_no_fl_301_keep_s122_2026-07-24
2025-10-14,new_tariffs,13.150393800328455,0,tracker_no_fl_301_keep_s122_2026-07-24
2025-10-15,total,15.82562110187217,0,tracker_no_fl_301_keep_s122_2026-07-24
2025-10-15,new_tariffs,13.150393800328455,0,tracker_no_fl_301_keep_s122_2026-07-24
2025-10-16,total,15.82562110187217,0,tracker_no_fl_301_keep_s122_2026-07-24
2025-10-16,new_tariffs,13.150393800328455,0,tracker_no_fl_301_keep_s122_2026-07-24
2025-10-17,total,15.82562110187217,0,tracker_no_fl_301_keep_s122_2026-07-24
2025-10-17,new_tariffs,13.150393800328455,0,tracker_no_fl_301_keep_s122_2026-07-24
2025-10-18,total,15.82562110187217,0,tracker_no_fl_301_keep_s122_2026-07-24
2025-10-18,new_tariffs,13.150393800328455,0,tracker_no_fl_301_keep_s122_2026-07-24
2025-10-19,total,15.82562110187217,0,tracker_no_fl_301_keep_s122_2026-07-24
2025-10-19,new_tariffs,13.150393800328455,0,tracker_no_fl_301_keep_s122_2026-07-24
2025-10-20,total,15.82562110187217,0,tracker_no_fl_301_keep_s122_2026-07-24
2025-10-20,new_tariffs,13.150393800328455,0,tracker_no_fl_301_keep_s122_2026-07-24
2025-10-21,total,15.82562110187217,0,tracker_no_fl_301_keep_s122_2026-07-24
2025-10-21,new_tariffs,13.150393800328455,0,tracker_no_fl_301_keep_s122_2026-07-24
2025-10-22,total,15.82562110187217,0,tracker_no_fl_301_keep_s122_2026-07-24
2025-10-22,new_tariffs,13.150393800328455,0,tracker_no_fl_301_keep_s122_2026-07-24
2025-10-23,total,15.82562110187217,0,tracker_no_fl_301_keep_s122_2026-07-24
2025-10-23,new_tariffs,13.150393800328455,0,tracker_no_fl_301_keep_s122_2026-07-24
2025-10-24,total,15.82562110187217,0,tracker_no_fl_301_keep_s122_2026-07-24
2025-10-24,new_tariffs,13.150393800328455,0,tracker_no_fl_301_keep_s122_2026-07-24
2025-10-25,total,15.82562110187217,0,tracker_no_fl_301_keep_s122_2026-07-24
2025-10-25,new_tariffs,13.150393800328455,0,tracker_no_fl_301_keep_s122_2026-07-24
2025-10-26,total,15.82562110187217,0,tracker_no_fl_301_keep_s122_2026-07-24
2025-10-26,new_tariffs,13.150393800328455,0,tracker_no_fl_301_keep_s122_2026-07-24
2025-10-27,total,15.82562110187217,0,tracker_no_fl_301_keep_s122_2026-07-24
2025-10-27,new_tariffs,13.150393800328455,0,tracker_no_fl_301_keep_s122_2026-07-24
2025-10-28,total,15.82562110187217,0,tracker_no_fl_301_keep_s122_2026-07-24
2025-10-28,new_tariffs,13.150393800328455,0,tracker_no_fl_301_keep_s122_2026-07-24
2025-10-29,total,15.82562110187217,0,tracker_no_fl_301_keep_s122_2026-07-24
2025-10-29,new_tariffs,13.150393800328455,0,tracker_no_fl_301_keep_s122_2026-07-24
2025-10-30,total,15.82562110187217,0,tracker_no_fl_301_keep_s122_2026-07-24
2025-10-30,new_tariffs,13.150393800328455,0,tracker_no_fl_301_keep_s122_2026-07-24
2025-10-31,total,15.82562110187217,0,tracker_no_fl_301_keep_s122_2026-07-24
2025-10-31,new_tariffs,13.150393800328455,0,tracker_no_fl_301_keep_s122_2026-07-24
2025-11-01,total,15.950354696704968,0,tracker_no_fl_301_keep_s122_2026-07-24
2025-11-01,new_tariffs,13.275127395161254,0,tracker_no_fl_301_keep_s122_2026-07-24
2025-11-02,total,15.950354696704968,0,tracker_no_fl_301_keep_s122_2026-07-24
2025-11-02,new_tariffs,13.275127395161254,0,tracker_no_fl_301_keep_s122_2026-07-24
2025-11-03,total,15.950354696704968,0,tracker_no_fl_301_keep_s122_2026-07-24
2025-11-03,new_tariffs,13.275127395161254,0,tracker_no_fl_301_keep_s122_2026-07-24
2025-11-04,total,15.950354696704968,0,tracker_no_fl_301_keep_s122_2026-07-24
2025-11-04,new_tariffs,13.275127395161254,0,tracker_no_fl_301_keep_s122_2026-07-24
2025-11-05,total,15.950354696704968,0,tracker_no_fl_301_keep_s122_2026-07-24
2025-11-05,new_tariffs,13.275127395161254,0,tracker_no_fl_301_keep_s122_2026-07-24
2025-11-06,total,15.950354696704968,0,tracker_no_fl_301_keep_s122_2026-07-24
2025-11-06,new_tariffs,13.275127395161254,0,tracker_no_fl_301_keep_s122_2026-07-24
2025-11-07,total,15.950354696704968,0,tracker_no_fl_301_keep_s122_2026-07-24
2025-11-07,new_tariffs,13.275127395161254,0,tracker_no_fl_301_keep_s122_2026-07-24
2025-11-08,total,15.950354696704968,0,tracker_no_fl_301_keep_s122_2026-07-24
2025-11-08,new_tariffs,13.275127395161254,0,tracker_no_fl_301_keep_s122_2026-07-24
2025-11-09,total,14.618721555197018,0,tracker_no_fl_301_keep_s122_2026-07-24
2025-11-09,new_tariffs,11.9434942536533,0,tracker_no_fl_301_keep_s122_2026-07-24
2025-11-10,total,14.602374171310778,0,tracker_no_fl_301_keep_s122_2026-07-24
2025-11-10,new_tariffs,11.927146869767064,0,tracker_no_fl_301_keep_s122_2026-07-24
2025-11-11,total,14.602374171310778,0,tracker_no_fl_301_keep_s122_2026-07-24
2025-11-11,new_tariffs,11.927146869767064,0,tracker_no_fl_301_keep_s122_2026-07-24
2025-11-12,total,14.602374171310778,0,tracker_no_fl_301_keep_s122_2026-07-24
2025-11-12,new_tariffs,11.927146869767064,0,tracker_no_fl_301_keep_s122_2026-07-24
2025-11-13,total,14.38785306628765,0,tracker_no_fl_301_keep_s122_2026-07-24
2025-11-13,new_tariffs,11.712625764743937,0,tracker_no_fl_301_keep_s122_2026-07-24
2025-11-14,total,14.22636365424768,1,tracker_no_fl_301_keep_s122_2026-07-24
2025-11-14,new_tariffs,11.551136352703963,1,tracker_no_fl_301_keep_s122_2026-07-24
2025-11-15,total,14.22636365424768,1,tracker_no_fl_301_keep_s122_2026-07-24
2025-11-15,new_tariffs,11.551136352703963,1,tracker_no_fl_301_keep_s122_2026-07-24
2025-11-16,total,14.22636365424768,1,tracker_no_fl_301_keep_s122_2026-07-24
2025-11-16,new_tariffs,11.551136352703963,1,tracker_no_fl_301_keep_s122_2026-07-24
2025-11-17,total,14.22636365424768,1,tracker_no_fl_301_keep_s122_2026-07-24
2025-11-17,new_tariffs,11.551136352703963,1,tracker_no_fl_301_keep_s122_2026-07-24
2025-11-18,total,14.22636365424768,1,tracker_no_fl_301_keep_s122_2026-07-24
2025-11-18,new_tariffs,11.551136352703963,1,tracker_no_fl_301_keep_s122_2026-07-24
2025-11-19,total,14.22636365424768,1,tracker_no_fl_301_keep_s122_2026-07-24
2025-11-19,new_tariffs,11.551136352703963,1,tracker_no_fl_301_keep_s122_2026-07-24
2025-11-20,total,14.22636365424768,1,tracker_no_fl_301_keep_s122_2026-07-24
2025-11-20,new_tariffs,11.551136352703963,1,tracker_no_fl_301_keep_s122_2026-07-24
2025-11-21,total,14.226351520859629,0,tracker_no_fl_301_keep_s122_2026-07-24
2025-11-21,new_tariffs,11.551124219315914,0,tracker_no_fl_301_keep_s122_2026-07-24
2025-11-22,total,14.226351520859629,0,tracker_no_fl_301_keep_s122_2026-07-24
2025-11-22,new_tariffs,11.551124219315914,0,tracker_no_fl_301_keep_s122_2026-07-24
2025-11-23,total,14.226351520859629,0,tracker_no_fl_301_keep_s122_2026-07-24
2025-11-23,new_tariffs,11.551124219315914,0,tracker_no_fl_301_keep_s122_2026-07-24
2025-11-24,total,14.226351520859629,0,tracker_no_fl_301_keep_s122_2026-07-24
2025-11-24,new_tariffs,11.551124219315914,0,tracker_no_fl_301_keep_s122_2026-07-24
2025-11-25,total,14.226351520859629,0,tracker_no_fl_301_keep_s122_2026-07-24
2025-11-25,new_tariffs,11.551124219315914,0,tracker_no_fl_301_keep_s122_2026-07-24
2025-11-26,total,14.226351520859629,0,tracker_no_fl_301_keep_s122_2026-07-24
2025-11-26,new_tariffs,11.551124219315914,0,tracker_no_fl_301_keep_s122_2026-07-24
2025-11-27,total,14.226351520859629,0,tracker_no_fl_301_keep_s122_2026-07-24
2025-11-27,new_tariffs,11.551124219315914,0,tracker_no_fl_301_keep_s122_2026-07-24
2025-11-28,total,14.226351520859629,0,tracker_no_fl_301_keep_s122_2026-07-24
2025-11-28,new_tariffs,11.551124219315914,0,tracker_no_fl_301_keep_s122_2026-07-24
2025-11-29,total,14.226351520859629,0,tracker_no_fl_301_keep_s122_2026-07-24
2025-11-29,new_tariffs,11.551124219315914,0,tracker_no_fl_301_keep_s122_2026-07-24
2025-11-30,total,14.226351520859629,0,tracker_no_fl_301_keep_s122_2026-07-24
2025-11-30,new_tariffs,11.551124219315914,0,tracker_no_fl_301_keep_s122_2026-07-24
2025-12-01,total,14.226351520859629,0,tracker_no_fl_301_keep_s122_2026-07-24
2025-12-01,new_tariffs,11.551124219315914,0,tracker_no_fl_301_keep_s122_2026-07-24
2025-12-02,total,14.226351520859629,0,tracker_no_fl_301_keep_s122_2026-07-24
2025-12-02,new_tariffs,11.551124219315914,0,tracker_no_fl_301_keep_s122_2026-07-24
2025-12-03,total,14.226351520859629,0,tracker_no_fl_301_keep_s122_2026-07-24
2025-12-03,new_tariffs,11.551124219315914,0,tracker_no_fl_301_keep_s122_2026-07-24
2025-12-04,total,14.226351520859629,0,tracker_no_fl_301_keep_s122_2026-07-24
2025-12-04,new_tariffs,11.551124219315914,0,tracker_no_fl_301_keep_s122_2026-07-24
2025-12-05,total,14.015643000593442,0,tracker_no_fl_301_keep_s122_2026-07-24
2025-12-05,new_tariffs,11.340415699049727,0,tracker_no_fl_301_keep_s122_2026-07-24
2025-12-06,total,14.015643000593442,0,tracker_no_fl_301_keep_s122_2026-07-24
2025-12-06,new_tariffs,11.340415699049727,0,tracker_no_fl_301_keep_s122_2026-07-24
2025-12-07,total,14.015643000593442,0,tracker_no_fl_301_keep_s122_2026-07-24
2025-12-07,new_tariffs,11.340415699049727,0,tracker_no_fl_301_keep_s122_2026-07-24
2025-12-08,total,14.015643000593442,0,tracker_no_fl_301_keep_s122_2026-07-24
2025-12-08,new_tariffs,11.340415699049727,0,tracker_no_fl_301_keep_s122_2026-07-24
2025-12-09,total,14.015643000593442,0,tracker_no_fl_301_keep_s122_2026-07-24
2025-12-09,new_tariffs,11.340415699049727,0,tracker_no_fl_301_keep_s122_2026-07-24
2025-12-10,total,14.015643000593442,0,tracker_no_fl_301_keep_s122_2026-07-24
2025-12-10,new_tariffs,11.340415699049727,0,tracker_no_fl_301_keep_s122_2026-07-24
2025-12-11,total,14.015643000593442,0,tracker_no_fl_301_keep_s122_2026-07-24
2025-12-11,new_tariffs,11.340415699049727,0,tracker_no_fl_301_keep_s122_2026-07-24
2025-12-12,total,14.015643000593442,0,tracker_no_fl_301_keep_s122_2026-07-24
2025-12-12,new_tariffs,11.340415699049727,0,tracker_no_fl_301_keep_s122_2026-07-24
2025-12-13,total,14.015643000593442,0,tracker_no_fl_301_keep_s122_2026-07-24
2025-12-13,new_tariffs,11.340415699049727,0,tracker_no_fl_301_keep_s122_2026-07-24
2025-12-14,total,14.015643000593442,0,tracker_no_fl_301_keep_s122_2026-07-24
2025-12-14,new_tariffs,11.340415699049727,0,tracker_no_fl_301_keep_s122_2026-07-24
2025-12-15,total,14.015643000593442,0,tracker_no_fl_301_keep_s122_2026-07-24
2025-12-15,new_tariffs,11.340415699049727,0,tracker_no_fl_301_keep_s122_2026-07-24
2025-12-16,total,14.015643000593442,0,tracker_no_fl_301_keep_s122_2026-07-24
2025-12-16,new_tariffs,11.340415699049727,0,tracker_no_fl_301_keep_s122_2026-07-24
2025-12-17,total,14.015643000593442,0,tracker_no_fl_301_keep_s122_2026-07-24
2025-12-17,new_tariffs,11.340415699049727,0,tracker_no_fl_301_keep_s122_2026-07-24
2025-12-18,total,14.015643000593442,0,tracker_no_fl_301_keep_s122_2026-07-24
2025-12-18,new_tariffs,11.340415699049727,0,tracker_no_fl_301_keep_s122_2026-07-24
2025-12-19,total,14.015643000593442,0,tracker_no_fl_301_keep_s122_2026-07-24
2025-12-19,new_tariffs,11.340415699049727,0,tracker_no_fl_301_keep_s122_2026-07-24
2025-12-20,total,14.015643000593442,0,tracker_no_fl_301_keep_s122_2026-07-24
2025-12-20,new_tariffs,11.340415699049727,0,tracker_no_fl_301_keep_s122_2026-07-24
2025-12-21,total,14.015643000593442,0,tracker_no_fl_301_keep_s122_2026-07-24
2025-12-21,new_tariffs,11.340415699049727,0,tracker_no_fl_301_keep_s122_2026-07-24
2025-12-22,total,14.015643000593442,0,tracker_no_fl_301_keep_s122_2026-07-24
2025-12-22,new_tariffs,11.340415699049727,0,tracker_no_fl_301_keep_s122_2026-07-24
2025-12-23,total,14.015643000593442,0,tracker_no_fl_301_keep_s122_2026-07-24
2025-12-23,new_tariffs,11.340415699049727,0,tracker_no_fl_301_keep_s122_2026-07-24
2025-12-24,total,14.015643000593442,0,tracker_no_fl_301_keep_s122_2026-07-24
2025-12-24,new_tariffs,11.340415699049727,0,tracker_no_fl_301_keep_s122_2026-07-24
2025-12-25,total,14.015643000593442,0,tracker_no_fl_301_keep_s122_2026-07-24
2025-12-25,new_tariffs,11.340415699049727,0,tracker_no_fl_301_keep_s122_2026-07-24
2025-12-26,total,14.015643000593442,0,tracker_no_fl_301_keep_s122_2026-07-24
2025-12-26,new_tariffs,11.340415699049727,0,tracker_no_fl_301_keep_s122_2026-07-24
2025-12-27,total,14.015643000593442,0,tracker_no_fl_301_keep_s122_2026-07-24
2025-12-27,new_tariffs,11.340415699049727,0,tracker_no_fl_301_keep_s122_2026-07-24
2025-12-28,total,14.015643000593442,0,tracker_no_fl_301_keep_s122_2026-07-24
2025-12-28,new_tariffs,11.340415699049727,0,tracker_no_fl_301_keep_s122_2026-07-24
2025-12-29,total,14.015643000593442,0,tracker_no_fl_301_keep_s122_2026-07-24
2025-12-29,new_tariffs,11.340415699049727,0,tracker_no_fl_301_keep_s122_2026-07-24
2025-12-30,total,14.015643000593442,0,tracker_no_fl_301_keep_s122_2026-07-24
2025-12-30,new_tariffs,11.340415699049727,0,tracker_no_fl_301_keep_s122_2026-07-24
2025-12-31,total,14.015643000593442,0,tracker_no_fl_301_keep_s122_2026-07-24
2025-12-31,new_tariffs,11.340415699049727,0,tracker_no_fl_301_keep_s122_2026-07-24
2026-01-01,total,14.163749239573132,1,tracker_no_fl_301_keep_s122_2026-07-24
2026-01-01,new_tariffs,11.488521938029415,1,tracker_no_fl_301_keep_s122_2026-07-24
2026-01-02,total,14.163749239573132,1,tracker_no_fl_301_keep_s122_2026-07-24
2026-01-02,new_tariffs,11.488521938029415,1,tracker_no_fl_301_keep_s122_2026-07-24
2026-01-03,total,14.163749239573132,1,tracker_no_fl_301_keep_s122_2026-07-24
2026-01-03,new_tariffs,11.488521938029415,1,tracker_no_fl_301_keep_s122_2026-07-24
2026-01-04,total,14.163749239573132,1,tracker_no_fl_301_keep_s122_2026-07-24
2026-01-04,new_tariffs,11.488521938029415,1,tracker_no_fl_301_keep_s122_2026-07-24
2026-01-05,total,14.163749239573132,1,tracker_no_fl_301_keep_s122_2026-07-24
2026-01-05,new_tariffs,11.488521938029415,1,tracker_no_fl_301_keep_s122_2026-07-24
2026-01-06,total,14.163749239573132,1,tracker_no_fl_301_keep_s122_2026-07-24
2026-01-06,new_tariffs,11.488521938029415,1,tracker_no_fl_301_keep_s122_2026-07-24
2026-01-07,total,14.163749239573132,1,tracker_no_fl_301_keep_s122_2026-07-24
2026-01-07,new_tariffs,11.488521938029415,1,tracker_no_fl_301_keep_s122_2026-07-24
2026-01-08,total,14.163749239573132,1,tracker_no_fl_301_keep_s122_2026-07-24
2026-01-08,new_tariffs,11.488521938029415,1,tracker_no_fl_301_keep_s122_2026-07-24
2026-01-09,total,14.163749239573132,1,tracker_no_fl_301_keep_s122_2026-07-24
2026-01-09,new_tariffs,11.488521938029415,1,tracker_no_fl_301_keep_s122_2026-07-24
2026-01-10,total,14.163749239573132,1,tracker_no_fl_301_keep_s122_2026-07-24
2026-01-10,new_tariffs,11.488521938029415,1,tracker_no_fl_301_keep_s122_2026-07-24
2026-01-11,total,14.163749239573132,1,tracker_no_fl_301_keep_s122_2026-07-24
2026-01-11,new_tariffs,11.488521938029415,1,tracker_no_fl_301_keep_s122_2026-07-24
2026-01-12,total,14.163749239573132,1,tracker_no_fl_301_keep_s122_2026-07-24
2026-01-12,new_tariffs,11.488521938029415,1,tracker_no_fl_301_keep_s122_2026-07-24
2026-01-13,total,14.163749239573132,1,tracker_no_fl_301_keep_s122_2026-07-24
2026-01-13,new_tariffs,11.488521938029415,1,tracker_no_fl_301_keep_s122_2026-07-24
2026-01-14,total,14.163749239573132,1,tracker_no_fl_301_keep_s122_2026-07-24
2026-01-14,new_tariffs,11.488521938029415,1,tracker_no_fl_301_keep_s122_2026-07-24
2026-01-15,total,14.220686780373901,1,tracker_no_fl_301_keep_s122_2026-07-24
2026-01-15,new_tariffs,11.545459478830185,1,tracker_no_fl_301_keep_s122_2026-07-24
2026-01-16,total,14.220686780373901,1,tracker_no_fl_301_keep_s122_2026-07-24
2026-01-16,new_tariffs,11.545459478830185,1,tracker_no_fl_301_keep_s122_2026-07-24
2026-01-17,total,14.220686780373901,1,tracker_no_fl_301_keep_s122_2026-07-24
2026-01-17,new_tariffs,11.545459478830185,1,tracker_no_fl_301_keep_s122_2026-07-24
2026-01-18,total,14.220686780373901,1,tracker_no_fl_301_keep_s122_2026-07-24
2026-01-18,new_tariffs,11.545459478830185,1,tracker_no_fl_301_keep_s122_2026-07-24
2026-01-19,total,14.220686780373901,1,tracker_no_fl_301_keep_s122_2026-07-24
2026-01-19,new_tariffs,11.545459478830185,1,tracker_no_fl_301_keep_s122_2026-07-24
2026-01-20,total,14.220686780373901,1,tracker_no_fl_301_keep_s122_2026-07-24
2026-01-20,new_tariffs,11.545459478830185,1,tracker_no_fl_301_keep_s122_2026-07-24
2026-01-21,total,14.220686780373901,1,tracker_no_fl_301_keep_s122_2026-07-24
2026-01-21,new_tariffs,11.545459478830185,1,tracker_no_fl_301_keep_s122_2026-07-24
2026-01-22,total,14.220686780373901,1,tracker_no_fl_301_keep_s122_2026-07-24
2026-01-22,new_tariffs,11.545459478830185,1,tracker_no_fl_301_keep_s122_2026-07-24
2026-01-23,total,14.220686780373901,1,tracker_no_fl_301_keep_s122_2026-07-24
2026-01-23,new_tariffs,11.545459478830185,1,tracker_no_fl_301_keep_s122_2026-07-24
2026-01-24,total,14.220686780373901,1,tracker_no_fl_301_keep_s122_2026-07-24
2026-01-24,new_tariffs,11.545459478830185,1,tracker_no_fl_301_keep_s122_2026-07-24
2026-01-25,total,14.220686780373901,1,tracker_no_fl_301_keep_s122_2026-07-24
2026-01-25,new_tariffs,11.545459478830185,1,tracker_no_fl_301_keep_s122_2026-07-24
2026-01-26,total,14.220686780373901,1,tracker_no_fl_301_keep_s122_2026-07-24
2026-01-26,new_tariffs,11.545459478830185,1,tracker_no_fl_301_keep_s122_2026-07-24
2026-01-27,total,14.220686780373901,1,tracker_no_fl_301_keep_s122_2026-07-24
2026-01-27,new_tariffs,11.545459478830185,1,tracker_no_fl_301_keep_s122_2026-07-24
2026-01-28,total,14.220686780373901,1,tracker_no_fl_301_keep_s122_2026-07-24
2026-01-28,new_tariffs,11.545459478830185,1,tracker_no_fl_301_keep_s122_2026-07-24
2026-01-29,total,14.220686780373901,1,tracker_no_fl_301_keep_s122_2026-07-24
2026-01-29,new_tariffs,11.545459478830185,1,tracker_no_fl_301_keep_s122_2026-07-24
2026-01-30,total,14.220686780373901,1,tracker_no_fl_301_keep_s122_2026-07-24
2026-01-30,new_tariffs,11.545459478830185,1,tracker_no_fl_301_keep_s122_2026-07-24
2026-01-31,total,14.220686780373901,1,tracker_no_fl_301_keep_s122_2026-07-24
2026-01-31,new_tariffs,11.545459478830185,1,tracker_no_fl_301_keep_s122_2026-07-24
2026-02-01,total,14.22337185762661,1,tracker_no_fl_301_keep_s122_2026-07-24
2026-02-01,new_tariffs,11.548144556082896,1,tracker_no_fl_301_keep_s122_2026-07-24
2026-02-02,total,14.22337185762661,1,tracker_no_fl_301_keep_s122_2026-07-24
2026-02-02,new_tariffs,11.548144556082896,1,tracker_no_fl_301_keep_s122_2026-07-24
2026-02-03,total,14.22337185762661,1,tracker_no_fl_301_keep_s122_2026-07-24
2026-02-03,new_tariffs,11.548144556082896,1,tracker_no_fl_301_keep_s122_2026-07-24
2026-02-04,total,14.22337185762661,1,tracker_no_fl_301_keep_s122_2026-07-24
2026-02-04,new_tariffs,11.548144556082896,1,tracker_no_fl_301_keep_s122_2026-07-24
2026-02-05,total,14.22337185762661,1,tracker_no_fl_301_keep_s122_2026-07-24
2026-02-05,new_tariffs,11.548144556082896,1,tracker_no_fl_301_keep_s122_2026-07-24
2026-02-06,total,14.22337185762661,1,tracker_no_fl_301_keep_s122_2026-07-24
2026-02-06,new_tariffs,11.548144556082896,1,tracker_no_fl_301_keep_s122_2026-07-24
2026-02-07,total,13.859500284456699,1,tracker_no_fl_301_keep_s122_2026-07-24
2026-02-07,new_tariffs,11.184272982912983,1,tracker_no_fl_301_keep_s122_2026-07-24
2026-02-08,total,13.859500284456699,1,tracker_no_fl_301_keep_s122_2026-07-24
2026-02-08,new_tariffs,11.184272982912983,1,tracker_no_fl_301_keep_s122_2026-07-24
2026-02-09,total,13.859500284456699,1,tracker_no_fl_301_keep_s122_2026-07-24
2026-02-09,new_tariffs,11.184272982912983,1,tracker_no_fl_301_keep_s122_2026-07-24
2026-02-10,total,13.859500284456699,1,tracker_no_fl_301_keep_s122_2026-07-24
2026-02-10,new_tariffs,11.184272982912983,1,tracker_no_fl_301_keep_s122_2026-07-24
2026-02-11,total,13.859500284456699,1,tracker_no_fl_301_keep_s122_2026-07-24
2026-02-11,new_tariffs,11.184272982912983,1,tracker_no_fl_301_keep_s122_2026-07-24
2026-02-12,total,13.859500284456699,1,tracker_no_fl_301_keep_s122_2026-07-24
2026-02-12,new_tariffs,11.184272982912983,1,tracker_no_fl_301_keep_s122_2026-07-24
2026-02-13,total,13.859500284456699,1,tracker_no_fl_301_keep_s122_2026-07-24
2026-02-13,new_tariffs,11.184272982912983,1,tracker_no_fl_301_keep_s122_2026-07-24
2026-02-14,total,13.859500284456699,1,tracker_no_fl_301_keep_s122_2026-07-24
2026-02-14,new_tariffs,11.184272982912983,1,tracker_no_fl_301_keep_s122_2026-07-24
2026-02-15,total,13.859500284456699,1,tracker_no_fl_301_keep_s122_2026-07-24
2026-02-15,new_tariffs,11.184272982912983,1,tracker_no_fl_301_keep_s122_2026-07-24
2026-02-16,total,13.859500284456699,1,tracker_no_fl_301_keep_s122_2026-07-24
2026-02-16,new_tariffs,11.184272982912983,1,tracker_no_fl_301_keep_s122_2026-07-24
2026-02-17,total,13.859500284456699,1,tracker_no_fl_301_keep_s122_2026-07-24
2026-02-17,new_tariffs,11.184272982912983,1,tracker_no_fl_301_keep_s122_2026-07-24
2026-02-18,total,13.859500284456699,1,tracker_no_fl_301_keep_s122_2026-07-24
2026-02-18,new_tariffs,11.184272982912983,1,tracker_no_fl_301_keep_s122_2026-07-24
2026-02-19,total,13.859500284456699,1,tracker_no_fl_301_keep_s122_2026-07-24
2026-02-19,new_tariffs,11.184272982912983,1,tracker_no_fl_301_keep_s122_2026-07-24
2026-02-20,total,7.321659278739126,1,tracker_no_fl_301_keep_s122_2026-07-24
2026-02-20,new_tariffs,4.646431977195412,1,tracker_no_fl_301_keep_s122_2026-07-24
2026-02-21,total,7.321659278739126,1,tracker_no_fl_301_keep_s122_2026-07-24
2026-02-21,new_tariffs,4.646431977195412,1,tracker_no_fl_301_keep_s122_2026-07-24
2026-02-22,total,7.321659278739126,1,tracker_no_fl_301_keep_s122_2026-07-24
2026-02-22,new_tariffs,4.646431977195412,1,tracker_no_fl_301_keep_s122_2026-07-24
2026-02-23,total,7.321659278739126,1,tracker_no_fl_301_keep_s122_2026-07-24
2026-02-23,new_tariffs,4.646431977195412,1,tracker_no_fl_301_keep_s122_2026-07-24
2026-02-24,total,10.717697431784975,1,tracker_no_fl_301_keep_s122_2026-07-24
2026-02-24,new_tariffs,8.042470130241263,1,tracker_no_fl_301_keep_s122_2026-07-24
2026-02-25,total,10.717697431784975,1,tracker_no_fl_301_keep_s122_2026-07-24
2026-02-25,new_tariffs,8.042470130241263,1,tracker_no_fl_301_keep_s122_2026-07-24
2026-02-26,total,10.717697431784975,1,tracker_no_fl_301_keep_s122_2026-07-24
2026-02-26,new_tariffs,8.042470130241263,1,tracker_no_fl_301_keep_s122_2026-07-24
2026-02-27,total,10.717697431784975,1,tracker_no_fl_301_keep_s122_2026-07-24
2026-02-27,new_tariffs,8.042470130241263,1,tracker_no_fl_301_keep_s122_2026-07-24
2026-02-28,total,10.717697431784975,1,tracker_no_fl_301_keep_s122_2026-07-24
2026-02-28,new_tariffs,8.042470130241263,1,tracker_no_fl_301_keep_s122_2026-07-24
2026-03-01,total,10.717697431784975,1,tracker_no_fl_301_keep_s122_2026-07-24
2026-03-01,new_tariffs,8.042470130241263,1,tracker_no_fl_301_keep_s122_2026-07-24
2026-03-02,total,10.717697431784975,1,tracker_no_fl_301_keep_s122_2026-07-24
2026-03-02,new_tariffs,8.042470130241263,1,tracker_no_fl_301_keep_s122_2026-07-24
2026-03-03,total,10.717697431784975,1,tracker_no_fl_301_keep_s122_2026-07-24
2026-03-03,new_tariffs,8.042470130241263,1,tracker_no_fl_301_keep_s122_2026-07-24
2026-03-04,total,10.717697431784975,1,tracker_no_fl_301_keep_s122_2026-07-24
2026-03-04,new_tariffs,8.042470130241263,1,tracker_no_fl_301_keep_s122_2026-07-24
2026-03-05,total,10.717697431784975,1,tracker_no_fl_301_keep_s122_2026-07-24
2026-03-05,new_tariffs,8.042470130241263,1,tracker_no_fl_301_keep_s122_2026-07-24
2026-03-06,total,10.717697431784975,1,tracker_no_fl_301_keep_s122_2026-07-24
2026-03-06,new_tariffs,8.042470130241263,1,tracker_no_fl_301_keep_s122_2026-07-24
2026-03-07,total,10.717697431784975,1,tracker_no_fl_301_keep_s122_2026-07-24
2026-03-07,new_tariffs,8.042470130241263,1,tracker_no_fl_301_keep_s122_2026-07-24
2026-03-08,total,10.717697431784975,1,tracker_no_fl_301_keep_s122_2026-07-24
2026-03-08,new_tariffs,8.042470130241263,1,tracker_no_fl_301_keep_s122_2026-07-24
2026-03-09,total,10.717697431784975,1,tracker_no_fl_301_keep_s122_2026-07-24
2026-03-09,new_tariffs,8.042470130241263,1,tracker_no_fl_301_keep_s122_2026-07-24
2026-03-10,total,10.717697431784975,1,tracker_no_fl_301_keep_s122_2026-07-24
2026-03-10,new_tariffs,8.042470130241263,1,tracker_no_fl_301_keep_s122_2026-07-24
2026-03-11,total,10.717697431784975,1,tracker_no_fl_301_keep_s122_2026-07-24
2026-03-11,new_tariffs,8.042470130241263,1,tracker_no_fl_301_keep_s122_2026-07-24
2026-03-12,total,10.717697431784975,1,tracker_no_fl_301_keep_s122_2026-07-24
2026-03-12,new_tariffs,8.042470130241263,1,tracker_no_fl_301_keep_s122_2026-07-24
2026-03-13,total,10.717697431784975,1,tracker_no_fl_301_keep_s122_2026-07-24
2026-03-13,new_tariffs,8.042470130241263,1,tracker_no_fl_301_keep_s122_2026-07-24
2026-03-14,total,10.717697431784975,1,tracker_no_fl_301_keep_s122_2026-07-24
2026-03-14,new_tariffs,8.042470130241263,1,tracker_no_fl_301_keep_s122_2026-07-24
2026-03-15,total,10.717697431784975,1,tracker_no_fl_301_keep_s122_2026-07-24
2026-03-15,new_tariffs,8.042470130241263,1,tracker_no_fl_301_keep_s122_2026-07-24
2026-03-16,total,10.717697431784975,1,tracker_no_fl_301_keep_s122_2026-07-24
2026-03-16,new_tariffs,8.042470130241263,1,tracker_no_fl_301_keep_s122_2026-07-24
2026-03-17,total,10.717697431784975,1,tracker_no_fl_301_keep_s122_2026-07-24
2026-03-17,new_tariffs,8.042470130241263,1,tracker_no_fl_301_keep_s122_2026-07-24
2026-03-18,total,10.717697431784975,1,tracker_no_fl_301_keep_s122_2026-07-24
2026-03-18,new_tariffs,8.042470130241263,1,tracker_no_fl_301_keep_s122_2026-07-24
2026-03-19,total,10.717697431784975,1,tracker_no_fl_301_keep_s122_2026-07-24
2026-03-19,new_tariffs,8.042470130241263,1,tracker_no_fl_301_keep_s122_2026-07-24
2026-03-20,total,10.717697431784975,1,tracker_no_fl_301_keep_s122_2026-07-24
2026-03-20,new_tariffs,8.042470130241263,1,tracker_no_fl_301_keep_s122_2026-07-24
2026-03-21,total,10.717697431784975,1,tracker_no_fl_301_keep_s122_2026-07-24
2026-03-21,new_tariffs,8.042470130241263,1,tracker_no_fl_301_keep_s122_2026-07-24
2026-03-22,total,10.717697431784975,1,tracker_no_fl_301_keep_s122_2026-07-24
2026-03-22,new_tariffs,8.042470130241263,1,tracker_no_fl_301_keep_s122_2026-07-24
2026-03-23,total,10.717697431784975,1,tracker_no_fl_301_keep_s122_2026-07-24
2026-03-23,new_tariffs,8.042470130241263,1,tracker_no_fl_301_keep_s122_2026-07-24
2026-03-24,total,10.717697431784975,1,tracker_no_fl_301_keep_s122_2026-07-24
2026-03-24,new_tariffs,8.042470130241263,1,tracker_no_fl_301_keep_s122_2026-07-24
2026-03-25,total,10.717697431784975,1,tracker_no_fl_301_keep_s122_2026-07-24
2026-03-25,new_tariffs,8.042470130241263,1,tracker_no_fl_301_keep_s122_2026-07-24
2026-03-26,total,10.717697431784975,1,tracker_no_fl_301_keep_s122_2026-07-24
2026-03-26,new_tariffs,8.042470130241263,1,tracker_no_fl_301_keep_s122_2026-07-24
2026-03-27,total,10.717697431784975,1,tracker_no_fl_301_keep_s122_2026-07-24
2026-03-27,new_tariffs,8.042470130241263,1,tracker_no_fl_301_keep_s122_2026-07-24
2026-03-28,total,10.717697431784975,1,tracker_no_fl_301_keep_s122_2026-07-24
2026-03-28,new_tariffs,8.042470130241263,1,tracker_no_fl_301_keep_s122_2026-07-24
2026-03-29,total,10.717697431784975,1,tracker_no_fl_301_keep_s122_2026-07-24
2026-03-29,new_tariffs,8.042470130241263,1,tracker_no_fl_301_keep_s122_2026-07-24
2026-03-30,total,10.717697431784975,1,tracker_no_fl_301_keep_s122_2026-07-24
2026-03-30,new_tariffs,8.042470130241263,1,tracker_no_fl_301_keep_s122_2026-07-24
2026-03-31,total,10.717697431784975,1,tracker_no_fl_301_keep_s122_2026-07-24
2026-03-31,new_tariffs,8.042470130241263,1,tracker_no_fl_301_keep_s122_2026-07-24
2026-04-01,total,10.717697431784975,1,tracker_no_fl_301_keep_s122_2026-07-24
2026-04-01,new_tariffs,8.042470130241263,1,tracker_no_fl_301_keep_s122_2026-07-24
2026-04-02,total,10.717697431784975,1,tracker_no_fl_301_keep_s122_2026-07-24
2026-04-02,new_tariffs,8.042470130241263,1,tracker_no_fl_301_keep_s122_2026-07-24
2026-04-03,total,10.717697431784975,1,tracker_no_fl_301_keep_s122_2026-07-24
2026-04-03,new_tariffs,8.042470130241263,1,tracker_no_fl_301_keep_s122_2026-07-24
2026-04-04,total,10.717697431784975,1,tracker_no_fl_301_keep_s122_2026-07-24
2026-04-04,new_tariffs,8.042470130241263,1,tracker_no_fl_301_keep_s122_2026-07-24
2026-04-05,total,10.717697431784975,1,tracker_no_fl_301_keep_s122_2026-07-24
2026-04-05,new_tariffs,8.042470130241263,1,tracker_no_fl_301_keep_s122_2026-07-24
2026-04-06,total,11.385901951912949,1,tracker_no_fl_301_keep_s122_2026-07-24
2026-04-06,new_tariffs,8.710674650369235,1,tracker_no_fl_301_keep_s122_2026-07-24
2026-04-07,total,11.385901951912949,1,tracker_no_fl_301_keep_s122_2026-07-24
2026-04-07,new_tariffs,8.710674650369235,1,tracker_no_fl_301_keep_s122_2026-07-24
2026-04-08,total,11.385901951912949,1,tracker_no_fl_301_keep_s122_2026-07-24
2026-04-08,new_tariffs,8.710674650369235,1,tracker_no_fl_301_keep_s122_2026-07-24
2026-04-09,total,11.385901951912949,1,tracker_no_fl_301_keep_s122_2026-07-24
2026-04-09,new_tariffs,8.710674650369235,1,tracker_no_fl_301_keep_s122_2026-07-24
2026-04-10,total,11.385901951912949,1,tracker_no_fl_301_keep_s122_2026-07-24
2026-04-10,new_tariffs,8.710674650369235,1,tracker_no_fl_301_keep_s122_2026-07-24
2026-04-11,total,11.385901951912949,1,tracker_no_fl_301_keep_s122_2026-07-24
2026-04-11,new_tariffs,8.710674650369235,1,tracker_no_fl_301_keep_s122_2026-07-24
2026-04-12,total,11.385901951912949,1,tracker_no_fl_301_keep_s122_2026-07-24
2026-04-12,new_tariffs,8.710674650369235,1,tracker_no_fl_301_keep_s122_2026-07-24
2026-04-13,total,11.385901951912949,1,tracker_no_fl_301_keep_s122_2026-07-24
2026-04-13,new_tariffs,8.710674650369235,1,tracker_no_fl_301_keep_s122_2026-07-24
2026-04-14,total,11.385901951912949,1,tracker_no_fl_301_keep_s122_2026-07-24
2026-04-14,new_tariffs,8.710674650369235,1,tracker_no_fl_301_keep_s122_2026-07-24
2026-04-15,total,11.385901951912949,1,tracker_no_fl_301_keep_s122_2026-07-24
2026-04-15,new_tariffs,8.710674650369235,1,tracker_no_fl_301_keep_s122_2026-07-24
2026-04-16,total,11.385901951912949,1,tracker_no_fl_301_keep_s122_2026-07-24
2026-04-16,new_tariffs,8.710674650369235,1,tracker_no_fl_301_keep_s122_2026-07-24
2026-04-17,total,11.385901951912949,1,tracker_no_fl_301_keep_s122_2026-07-24
2026-04-17,new_tariffs,8.710674650369235,1,tracker_no_fl_301_keep_s122_2026-07-24
2026-04-18,total,11.385901951912949,1,tracker_no_fl_301_keep_s122_2026-07-24
2026-04-18,new_tariffs,8.710674650369235,1,tracker_no_fl_301_keep_s122_2026-07-24
2026-04-19,total,11.385901951912949,1,tracker_no_fl_301_keep_s122_2026-07-24
2026-04-19,new_tariffs,8.710674650369235,1,tracker_no_fl_301_keep_s122_2026-07-24
2026-04-20,total,11.385901951912949,1,tracker_no_fl_301_keep_s122_2026-07-24
2026-04-20,new_tariffs,8.710674650369235,1,tracker_no_fl_301_keep_s122_2026-07-24
2026-04-21,total,11.385901951912949,1,tracker_no_fl_301_keep_s122_2026-07-24
2026-04-21,new_tariffs,8.710674650369235,1,tracker_no_fl_301_keep_s122_2026-07-24
2026-04-22,total,11.385901951912949,1,tracker_no_fl_301_keep_s122_2026-07-24
2026-04-22,new_tariffs,8.710674650369235,1,tracker_no_fl_301_keep_s122_2026-07-24
2026-04-23,total,11.385901951912949,1,tracker_no_fl_301_keep_s122_2026-07-24
2026-04-23,new_tariffs,8.710674650369235,1,tracker_no_fl_301_keep_s122_2026-07-24
2026-04-24,total,11.385901951912949,1,tracker_no_fl_301_keep_s122_2026-07-24
2026-04-24,new_tariffs,8.710674650369235,1,tracker_no_fl_301_keep_s122_2026-07-24
2026-04-25,total,11.385901951912949,1,tracker_no_fl_301_keep_s122_2026-07-24
2026-04-25,new_tariffs,8.710674650369235,1,tracker_no_fl_301_keep_s122_2026-07-24
2026-04-26,total,11.385901951912949,1,tracker_no_fl_301_keep_s122_2026-07-24
2026-04-26,new_tariffs,8.710674650369235,1,tracker_no_fl_301_keep_s122_2026-07-24
2026-04-27,total,11.385901951912949,1,tracker_no_fl_301_keep_s122_2026-07-24
2026-04-27,new_tariffs,8.710674650369235,1,tracker_no_fl_301_keep_s122_2026-07-24
2026-04-28,total,11.385901951912949,1,tracker_no_fl_301_keep_s122_2026-07-24
2026-04-28,new_tariffs,8.710674650369235,1,tracker_no_fl_301_keep_s122_2026-07-24
2026-04-29,total,11.385901951912949,1,tracker_no_fl_301_keep_s122_2026-07-24
2026-04-29,new_tariffs,8.710674650369235,1,tracker_no_fl_301_keep_s122_2026-07-24
2026-04-30,total,11.385901951912949,1,tracker_no_fl_301_keep_s122_2026-07-24
2026-04-30,new_tariffs,8.710674650369235,1,tracker_no_fl_301_keep_s122_2026-07-24
2026-05-01,total,11.359930258361347,1,tracker_no_fl_301_keep_s122_2026-07-24
2026-05-01,new_tariffs,8.684702956817636,1,tracker_no_fl_301_keep_s122_2026-07-24
2026-05-02,total,11.359930258361347,1,tracker_no_fl_301_keep_s122_2026-07-24
2026-05-02,new_tariffs,8.684702956817636,1,tracker_no_fl_301_keep_s122_2026-07-24
2026-05-03,total,11.359930258361347,1,tracker_no_fl_301_keep_s122_2026-07-24
2026-05-03,new_tariffs,8.684702956817636,1,tracker_no_fl_301_keep_s122_2026-07-24
2026-05-04,total,11.359930258361347,1,tracker_no_fl_301_keep_s122_2026-07-24
2026-05-04,new_tariffs,8.684702956817636,1,tracker_no_fl_301_keep_s122_2026-07-24
2026-05-05,total,11.359930258361347,1,tracker_no_fl_301_keep_s122_2026-07-24
2026-05-05,new_tariffs,8.684702956817636,1,tracker_no_fl_301_keep_s122_2026-07-24
2026-05-06,total,11.359930258361347,1,tracker_no_fl_301_keep_s122_2026-07-24
2026-05-06,new_tariffs,8.684702956817636,1,tracker_no_fl_301_keep_s122_2026-07-24
2026-05-07,total,11.359930258361347,1,tracker_no_fl_301_keep_s122_2026-07-24
2026-05-07,new_tariffs,8.684702956817636,1,tracker_no_fl_301_keep_s122_2026-07-24
2026-05-08,total,11.359930258361347,1,tracker_no_fl_301_keep_s122_2026-07-24
2026-05-08,new_tariffs,8.684702956817636,1,tracker_no_fl_301_keep_s122_2026-07-24
2026-05-09,total,11.359930258361347,1,tracker_no_fl_301_keep_s122_2026-07-24
2026-05-09,new_tariffs,8.684702956817636,1,tracker_no_fl_301_keep_s122_2026-07-24
2026-05-10,total,11.359930258361347,1,tracker_no_fl_301_keep_s122_2026-07-24
2026-05-10,new_tariffs,8.684702956817636,1,tracker_no_fl_301_keep_s122_2026-07-24
2026-05-11,total,11.359930258361347,1,tracker_no_fl_301_keep_s122_2026-07-24
2026-05-11,new_tariffs,8.684702956817636,1,tracker_no_fl_301_keep_s122_2026-07-24
2026-05-12,total,11.359930258361347,1,tracker_no_fl_301_keep_s122_2026-07-24
2026-05-12,new_tariffs,8.684702956817636,1,tracker_no_fl_301_keep_s122_2026-07-24
2026-05-13,total,11.359930258361347,1,tracker_no_fl_301_keep_s122_2026-07-24
2026-05-13,new_tariffs,8.684702956817636,1,tracker_no_fl_301_keep_s122_2026-07-24
2026-05-14,total,11.359930258361347,1,tracker_no_fl_301_keep_s122_2026-07-24
2026-05-14,new_tariffs,8.684702956817636,1,tracker_no_fl_301_keep_s122_2026-07-24
2026-05-15,total,11.359930258361347,1,tracker_no_fl_301_keep_s122_2026-07-24
2026-05-15,new_tariffs,8.684702956817636,1,tracker_no_fl_301_keep_s122_2026-07-24
2026-05-16,total,11.359930258361347,1,tracker_no_fl_301_keep_s122_2026-07-24
2026-05-16,new_tariffs,8.684702956817636,1,tracker_no_fl_301_keep_s122_2026-07-24
2026-05-17,total,11.359930258361347,1,tracker_no_fl_301_keep_s122_2026-07-24
2026-05-17,new_tariffs,8.684702956817636,1,tracker_no_fl_301_keep_s122_2026-07-24
2026-05-18,total,11.359930258361347,1,tracker_no_fl_301_keep_s122_2026-07-24
2026-05-18,new_tariffs,8.684702956817636,1,tracker_no_fl_301_keep_s122_2026-07-24
2026-05-19,total,11.359930258361347,1,tracker_no_fl_301_keep_s122_2026-07-24
2026-05-19,new_tariffs,8.684702956817636,1,tracker_no_fl_301_keep_s122_2026-07-24
2026-05-20,total,11.359930258361347,1,tracker_no_fl_301_keep_s122_2026-07-24
2026-05-20,new_tariffs,8.684702956817636,1,tracker_no_fl_301_keep_s122_2026-07-24
2026-05-21,total,11.359930258361347,1,tracker_no_fl_301_keep_s122_2026-07-24
2026-05-21,new_tariffs,8.684702956817636,1,tracker_no_fl_301_keep_s122_2026-07-24
2026-05-22,total,11.359930258361347,1,tracker_no_fl_301_keep_s122_2026-07-24
2026-05-22,new_tariffs,8.684702956817636,1,tracker_no_fl_301_keep_s122_2026-07-24
2026-05-23,total,11.359930258361347,1,tracker_no_fl_301_keep_s122_2026-07-24
2026-05-23,new_tariffs,8.684702956817636,1,tracker_no_fl_301_keep_s122_2026-07-24
2026-05-24,total,11.359930258361347,1,tracker_no_fl_301_keep_s122_2026-07-24
2026-05-24,new_tariffs,8.684702956817636,1,tracker_no_fl_301_keep_s122_2026-07-24
2026-05-25,total,11.359930258361347,1,tracker_no_fl_301_keep_s122_2026-07-24
2026-05-25,new_tariffs,8.684702956817636,1,tracker_no_fl_301_keep_s122_2026-07-24
2026-05-26,total,11.359930258361347,1,tracker_no_fl_301_keep_s122_2026-07-24
2026-05-26,new_tariffs,8.684702956817636,1,tracker_no_fl_301_keep_s122_2026-07-24
2026-05-27,total,11.359930258361347,1,tracker_no_fl_301_keep_s122_2026-07-24
2026-05-27,new_tariffs,8.684702956817636,1,tracker_no_fl_301_keep_s122_2026-07-24
2026-05-28,total,11.359930258361347,1,tracker_no_fl_301_keep_s122_2026-07-24
2026-05-28,new_tariffs,8.684702956817636,1,tracker_no_fl_301_keep_s122_2026-07-24
2026-05-29,total,11.359930258361347,1,tracker_no_fl_301_keep_s122_2026-07-24
2026-05-29,new_tariffs,8.684702956817636,1,tracker_no_fl_301_keep_s122_2026-07-24
2026-05-30,total,11.359930258361347,1,tracker_no_fl_301_keep_s122_2026-07-24
2026-05-30,new_tariffs,8.684702956817636,1,tracker_no_fl_301_keep_s122_2026-07-24
2026-05-31,total,11.359930258361347,1,tracker_no_fl_301_keep_s122_2026-07-24
2026-05-31,new_tariffs,8.684702956817636,1,tracker_no_fl_301_keep_s122_2026-07-24
2026-06-01,total,11.359930258361347,1,tracker_no_fl_301_keep_s122_2026-07-24
2026-06-01,new_tariffs,8.684702956817636,1,tracker_no_fl_301_keep_s122_2026-07-24
2026-06-02,total,11.359930258361347,1,tracker_no_fl_301_keep_s122_2026-07-24
2026-06-02,new_tariffs,8.684702956817636,1,tracker_no_fl_301_keep_s122_2026-07-24
2026-06-03,total,11.359930258361347,1,tracker_no_fl_301_keep_s122_2026-07-24
2026-06-03,new_tariffs,8.684702956817636,1,tracker_no_fl_301_keep_s122_2026-07-24
2026-06-04,total,11.359930258361347,1,tracker_no_fl_301_keep_s122_2026-07-24
2026-06-04,new_tariffs,8.684702956817636,1,tracker_no_fl_301_keep_s122_2026-07-24
2026-06-05,total,11.359930258361347,1,tracker_no_fl_301_keep_s122_2026-07-24
2026-06-05,new_tariffs,8.684702956817636,1,tracker_no_fl_301_keep_s122_2026-07-24
2026-06-06,total,11.359930258361347,1,tracker_no_fl_301_keep_s122_2026-07-24
2026-06-06,new_tariffs,8.684702956817636,1,tracker_no_fl_301_keep_s122_2026-07-24
2026-06-07,total,11.359930258361347,1,tracker_no_fl_301_keep_s122_2026-07-24
2026-06-07,new_tariffs,8.684702956817636,1,tracker_no_fl_301_keep_s122_2026-07-24
2026-06-08,total,11.256876313563916,1,tracker_no_fl_301_keep_s122_2026-07-24
2026-06-08,new_tariffs,8.5816490120202,1,tracker_no_fl_301_keep_s122_2026-07-24
2026-06-09,total,11.256876313563916,1,tracker_no_fl_301_keep_s122_2026-07-24
2026-06-09,new_tariffs,8.5816490120202,1,tracker_no_fl_301_keep_s122_2026-07-24
2026-06-10,total,11.256876313563916,1,tracker_no_fl_301_keep_s122_2026-07-24
2026-06-10,new_tariffs,8.5816490120202,1,tracker_no_fl_301_keep_s122_2026-07-24
2026-06-11,total,11.256876313563916,1,tracker_no_fl_301_keep_s122_2026-07-24
2026-06-11,new_tariffs,8.5816490120202,1,tracker_no_fl_301_keep_s122_2026-07-24
2026-06-12,total,11.256876313563916,1,tracker_no_fl_301_keep_s122_2026-07-24
2026-06-12,new_tariffs,8.5816490120202,1,tracker_no_fl_301_keep_s122_2026-07-24
2026-06-13,total,11.256876313563916,1,tracker_no_fl_301_keep_s122_2026-07-24
2026-06-13,new_tariffs,8.5816490120202,1,tracker_no_fl_301_keep_s122_2026-07-24
2026-06-14,total,11.256876313563916,1,tracker_no_fl_301_keep_s122_2026-07-24
2026-06-14,new_tariffs,8.5816490120202,1,tracker_no_fl_301_keep_s122_2026-07-24
2026-06-15,total,11.256876313563916,1,tracker_no_fl_301_keep_s122_2026-07-24
2026-06-15,new_tariffs,8.5816490120202,1,tracker_no_fl_301_keep_s122_2026-07-24
2026-06-16,total,11.256876313563916,1,tracker_no_fl_301_keep_s122_2026-07-24
2026-06-16,new_tariffs,8.5816490120202,1,tracker_no_fl_301_keep_s122_2026-07-24
2026-06-17,total,11.256876313563916,1,tracker_no_fl_301_keep_s122_2026-07-24
2026-06-17,new_tariffs,8.5816490120202,1,tracker_no_fl_301_keep_s122_2026-07-24
2026-06-18,total,11.256876313563916,1,tracker_no_fl_301_keep_s122_2026-07-24
2026-06-18,new_tariffs,8.5816490120202,1,tracker_no_fl_301_keep_s122_2026-07-24
2026-06-19,total,11.256876313563916,1,tracker_no_fl_301_keep_s122_2026-07-24
2026-06-19,new_tariffs,8.5816490120202,1,tracker_no_fl_301_keep_s122_2026-07-24
2026-06-20,total,11.256876313563916,1,tracker_no_fl_301_keep_s122_2026-07-24
2026-06-20,new_tariffs,8.5816490120202,1,tracker_no_fl_301_keep_s122_2026-07-24
2026-06-21,total,11.256876313563916,1,tracker_no_fl_301_keep_s122_2026-07-24
2026-06-21,new_tariffs,8.5816490120202,1,tracker_no_fl_301_keep_s122_2026-07-24
2026-06-22,total,11.256876313563916,1,tracker_no_fl_301_keep_s122_2026-07-24
2026-06-22,new_tariffs,8.5816490120202,1,tracker_no_fl_301_keep_s122_2026-07-24
2026-06-23,total,11.256876313563916,1,tracker_no_fl_301_keep_s122_2026-07-24
2026-06-23,new_tariffs,8.5816490120202,1,tracker_no_fl_301_keep_s122_2026-07-24
2026-06-24,total,11.256876313563916,1,tracker_no_fl_301_keep_s122_2026-07-24
2026-06-24,new_tariffs,8.5816490120202,1,tracker_no_fl_301_keep_s122_2026-07-24
2026-06-25,total,11.256876313563916,1,tracker_no_fl_301_keep_s122_2026-07-24
2026-06-25,new_tariffs,8.5816490120202,1,tracker_no_fl_301_keep_s122_2026-07-24
2026-06-26,total,11.256876313563916,1,tracker_no_fl_301_keep_s122_2026-07-24
2026-06-26,new_tariffs,8.5816490120202,1,tracker_no_fl_301_keep_s122_2026-07-24
2026-06-27,total,11.256876313563916,1,tracker_no_fl_301_keep_s122_2026-07-24
2026-06-27,new_tariffs,8.5816490120202,1,tracker_no_fl_301_keep_s122_2026-07-24
2026-06-28,total,11.256876313563916,1,tracker_no_fl_301_keep_s122_2026-07-24
2026-06-28,new_tariffs,8.5816490120202,1,tracker_no_fl_301_keep_s122_2026-07-24
2026-06-29,total,11.256876313563916,1,tracker_no_fl_301_keep_s122_2026-07-24
2026-06-29,new_tariffs,8.5816490120202,1,tracker_no_fl_301_keep_s122_2026-07-24
2026-06-30,total,11.256876313563916,1,tracker_no_fl_301_keep_s122_2026-07-24
2026-06-30,new_tariffs,8.5816490120202,1,tracker_no_fl_301_keep_s122_2026-07-24
2026-07-01,total,11.267926084955029,1,tracker_no_fl_301_keep_s122_2026-07-24
2026-07-01,new_tariffs,8.592698783411315,1,tracker_no_fl_301_keep_s122_2026-07-24
2026-07-02,total,11.267926084955029,1,tracker_no_fl_301_keep_s122_2026-07-24
2026-07-02,new_tariffs,8.592698783411315,1,tracker_no_fl_301_keep_s122_2026-07-24
2026-07-03,total,11.267926084955029,1,tracker_no_fl_301_keep_s122_2026-07-24
2026-07-03,new_tariffs,8.592698783411315,1,tracker_no_fl_301_keep_s122_2026-07-24
2026-07-04,total,11.267926084955029,1,tracker_no_fl_301_keep_s122_2026-07-24
2026-07-04,new_tariffs,8.592698783411315,1,tracker_no_fl_301_keep_s122_2026-07-24
2026-07-05,total,11.267926084955029,1,tracker_no_fl_301_keep_s122_2026-07-24
2026-07-05,new_tariffs,8.592698783411315,1,tracker_no_fl_301_keep_s122_2026-07-24
2026-07-06,total,11.267926084955029,1,tracker_no_fl_301_keep_s122_2026-07-24
2026-07-06,new_tariffs,8.592698783411315,1,tracker_no_fl_301_keep_s122_2026-07-24
2026-07-07,total,11.267926084955029,1,tracker_no_fl_301_keep_s122_2026-07-24
2026-07-07,new_tariffs,8.592698783411315,1,tracker_no_fl_301_keep_s122_2026-07-24
2026-07-08,total,11.267926084955029,1,tracker_no_fl_301_keep_s122_2026-07-24
2026-07-08,new_tariffs,8.592698783411315,1,tracker_no_fl_301_keep_s122_2026-07-24
2026-07-09,total,11.267926084955029,1,tracker_no_fl_301_keep_s122_2026-07-24
2026-07-09,new_tariffs,8.592698783411315,1,tracker_no_fl_301_keep_s122_2026-07-24
2026-07-10,total,11.267926084955029,1,tracker_no_fl_301_keep_s122_2026-07-24
2026-07-10,new_tariffs,8.592698783411315,1,tracker_no_fl_301_keep_s122_2026-07-24
2026-07-11,total,11.267926084955029,1,tracker_no_fl_301_keep_s122_2026-07-24
2026-07-11,new_tariffs,8.592698783411315,1,tracker_no_fl_301_keep_s122_2026-07-24
2026-07-12,total,11.267926084955029,1,tracker_no_fl_301_keep_s122_2026-07-24
2026-07-12,new_tariffs,8.592698783411315,1,tracker_no_fl_301_keep_s122_2026-07-24
2026-07-13,total,11.267926084955029,1,tracker_no_fl_301_keep_s122_2026-07-24
2026-07-13,new_tariffs,8.592698783411315,1,tracker_no_fl_301_keep_s122_2026-07-24
2026-07-14,total,11.267926084955029,1,tracker_no_fl_301_keep_s122_2026-07-24
2026-07-14,new_tariffs,8.592698783411315,1,tracker_no_fl_301_keep_s122_2026-07-24
2026-07-15,total,11.267926084955029,1,tracker_no_fl_301_keep_s122_2026-07-24
2026-07-15,new_tariffs,8.592698783411315,1,tracker_no_fl_301_keep_s122_2026-07-24
2026-07-16,total,11.267926084955029,1,tracker_no_fl_301_keep_s122_2026-07-24
2026-07-16,new_tariffs,8.592698783411315,1,tracker_no_fl_301_keep_s122_2026-07-24
2026-07-17,total,11.267926084955029,1,tracker_no_fl_301_keep_s122_2026-07-24
2026-07-17,new_tariffs,8.592698783411315,1,tracker_no_fl_301_keep_s122_2026-07-24
2026-07-18,total,11.267926084955029,1,tracker_no_fl_301_keep_s122_2026-07-24
2026-07-18,new_tariffs,8.592698783411315,1,tracker_no_fl_301_keep_s122_2026-07-24
2026-07-19,total,11.267926084955029,1,tracker_no_fl_301_keep_s122_2026-07-24
2026-07-19,new_tariffs,8.592698783411315,1,tracker_no_fl_301_keep_s122_2026-07-24
2026-07-20,total,11.267926084955029,1,tracker_no_fl_301_keep_s122_2026-07-24
2026-07-20,new_tariffs,8.592698783411315,1,tracker_no_fl_301_keep_s122_2026-07-24
2026-07-21,total,11.267926084955029,1,tracker_no_fl_301_keep_s122_2026-07-24
2026-07-21,new_tariffs,8.592698783411315,1,tracker_no_fl_301_keep_s122_2026-07-24
2026-07-22,total,11.341212502878896,1,tracker_no_fl_301_keep_s122_2026-07-24
2026-07-22,new_tariffs,8.66598520133518,1,tracker_no_fl_301_keep_s122_2026-07-24
2026-07-23,total,11.341212502878896,1,tracker_no_fl_301_keep_s122_2026-07-24
2026-07-23,new_tariffs,8.66598520133518,1,tracker_no_fl_301_keep_s122_2026-07-24
2026-07-24,total,11.341212502878896,1,tracker_no_fl_301_keep_s122_2026-07-24
2026-07-24,new_tariffs,8.66598520133518,1,tracker_no_fl_301_keep_s122_2026-07-24
2026-07-25,total,11.341212502878896,1,tracker_no_fl_301_keep_s122_2026-07-24
2026-07-25,new_tariffs,8.66598520133518,1,tracker_no_fl_301_keep_s122_2026-07-24
2026-07-26,total,11.341212502878896,1,tracker_no_fl_301_keep_s122_2026-07-24
2026-07-26,new_tariffs,8.66598520133518,1,tracker_no_fl_301_keep_s122_2026-07-24
2026-07-27,total,11.341212502878896,1,tracker_no_fl_301_keep_s122_2026-07-24
2026-07-27,new_tariffs,8.66598520133518,1,tracker_no_fl_301_keep_s122_2026-07-24
2026-07-28,total,11.341212502878896,1,tracker_no_fl_301_keep_s122_2026-07-24
2026-07-28,new_tariffs,8.66598520133518,1,tracker_no_fl_301_keep_s122_2026-07-24
2026-07-29,total,11.341212502878896,1,tracker_no_fl_301_keep_s122_2026-07-24
2026-07-29,new_tariffs,8.66598520133518,1,tracker_no_fl_301_keep_s122_2026-07-24
2026-07-30,total,11.341212502878896,1,tracker_no_fl_301_keep_s122_2026-07-24
2026-07-30,new_tariffs,8.66598520133518,1,tracker_no_fl_301_keep_s122_2026-07-24
2026-07-31,total,11.341166435981272,1,tracker_no_fl_301_keep_s122_2026-07-24
2026-07-31,new_tariffs,8.665939134437558,1,tracker_no_fl_301_keep_s122_2026-07-24
2026-08-01,total,11.341166435981272,1,tracker_no_fl_301_keep_s122_2026-07-24
2026-08-01,new_tariffs,8.665939134437558,1,tracker_no_fl_301_keep_s122_2026-07-24
2026-08-02,total,11.341166435981272,1,tracker_no_fl_301_keep_s122_2026-07-24
2026-08-02,new_tariffs,8.665939134437558,1,tracker_no_fl_301_keep_s122_2026-07-24
2026-08-03,total,11.341166435981272,1,tracker_no_fl_301_keep_s122_2026-07-24
2026-08-03,new_tariffs,8.665939134437558,1,tracker_no_fl_301_keep_s122_2026-07-24
2026-08-04,total,11.341166435981272,1,tracker_no_fl_301_keep_s122_2026-07-24
2026-08-04,new_tariffs,8.665939134437558,1,tracker_no_fl_301_keep_s122_2026-07-24
2026-08-05,total,11.341166435981272,1,tracker_no_fl_301_keep_s122_2026-07-24
2026-08-05,new_tariffs,8.665939134437558,1,tracker_no_fl_301_keep_s122_2026-07-24
2026-08-06,total,11.341166435981272,1,tracker_no_fl_301_keep_s122_2026-07-24
2026-08-06,new_tariffs,8.665939134437558,1,tracker_no_fl_301_keep_s122_2026-07-24
2026-08-07,total,11.341166435981272,1,tracker_no_fl_301_keep_s122_2026-07-24
2026-08-07,new_tariffs,8.665939134437558,1,tracker_no_fl_301_keep_s122_2026-07-24
2026-08-08,total,11.341166435981272,1,tracker_no_fl_301_keep_s122_2026-07-24
2026-08-08,new_tariffs,8.665939134437558,1,tracker_no_fl_301_keep_s122_2026-07-24
2026-08-09,total,11.341166435981272,1,tracker_no_fl_301_keep_s122_2026-07-24
2026-08-09,new_tariffs,8.665939134437558,1,tracker_no_fl_301_keep_s122_2026-07-24
2026-08-10,total,11.341166435981272,1,tracker_no_fl_301_keep_s122_2026-07-24
2026-08-10,new_tariffs,8.665939134437558,1,tracker_no_fl_301_keep_s122_2026-07-24
2026-08-11,total,11.341166435981272,1,tracker_no_fl_301_keep_s122_2026-07-24
2026-08-11,new_tariffs,8.665939134437558,1,tracker_no_fl_301_keep_s122_2026-07-24
2026-08-12,total,11.341166435981272,1,tracker_no_fl_301_keep_s122_2026-07-24
2026-08-12,new_tariffs,8.665939134437558,1,tracker_no_fl_301_keep_s122_2026-07-24
2026-08-13,total,11.341166435981272,1,tracker_no_fl_301_keep_s122_2026-07-24
2026-08-13,new_tariffs,8.665939134437558,1,tracker_no_fl_301_keep_s122_2026-07-24
2026-08-14,total,11.341166435981272,1,tracker_no_fl_301_keep_s122_2026-07-24
2026-08-14,new_tariffs,8.665939134437558,1,tracker_no_fl_301_keep_s122_2026-07-24
2026-08-15,total,11.341166435981272,1,tracker_no_fl_301_keep_s122_2026-07-24
2026-08-15,new_tariffs,8.665939134437558,1,tracker_no_fl_301_keep_s122_2026-07-24
2026-08-16,total,11.341166435981272,1,tracker_no_fl_301_keep_s122_2026-07-24
2026-08-16,new_tariffs,8.665939134437558,1,tracker_no_fl_301_keep_s122_2026-07-24
2026-08-17,total,11.341166435981272,1,tracker_no_fl_301_keep_s122_2026-07-24
2026-08-17,new_tariffs,8.665939134437558,1,tracker_no_fl_301_keep_s122_2026-07-24
2026-08-18,total,11.341166435981272,1,tracker_no_fl_301_keep_s122_2026-07-24
2026-08-18,new_tariffs,8.665939134437558,1,tracker_no_fl_301_keep_s122_2026-07-24
2026-08-19,total,11.628725933232156,1,tracker_no_fl_301_keep_s122_2026-07-24
2026-08-19,new_tariffs,8.953498631688442,1,tracker_no_fl_301_keep_s122_2026-07-24
2026-08-20,total,11.628725933232156,1,tracker_no_fl_301_keep_s122_2026-07-24
2026-08-20,new_tariffs,8.953498631688442,1,tracker_no_fl_301_keep_s122_2026-07-24
2026-08-21,total,11.628725933232156,1,tracker_no_fl_301_keep_s122_2026-07-24
2026-08-21,new_tariffs,8.953498631688442,1,tracker_no_fl_301_keep_s122_2026-07-24
2026-08-22,total,11.628725933232156,1,tracker_no_fl_301_keep_s122_2026-07-24
2026-08-22,new_tariffs,8.953498631688442,1,tracker_no_fl_301_keep_s122_2026-07-24
2026-08-23,total,11.628725933232156,1,tracker_no_fl_301_keep_s122_2026-07-24
2026-08-23,new_tariffs,8.953498631688442,1,tracker_no_fl_301_keep_s122_2026-07-24
2026-08-24,total,11.628725933232156,1,tracker_no_fl_301_keep_s122_2026-07-24
2026-08-24,new_tariffs,8.953498631688442,1,tracker_no_fl_301_keep_s122_2026-07-24
2026-08-25,total,11.628725933232156,1,tracker_no_fl_301_keep_s122_2026-07-24
2026-08-25,new_tariffs,8.953498631688442,1,tracker_no_fl_301_keep_s122_2026-07-24
2026-08-26,total,11.628725933232156,1,tracker_no_fl_301_keep_s122_2026-07-24
2026-08-26,new_tariffs,8.953498631688442,1,tracker_no_fl_301_keep_s122_2026-07-24
2026-08-27,total,11.628725933232156,1,tracker_no_fl_301_keep_s122_2026-07-24
2026-08-27,new_tariffs,8.953498631688442,1,tracker_no_fl_301_keep_s122_2026-07-24
2026-08-28,total,11.628725933232156,1,tracker_no_fl_301_keep_s122_2026-07-24
2026-08-28,new_tariffs,8.953498631688442,1,tracker_no_fl_301_keep_s122_2026-07-24
2026-08-29,total,11.628725933232156,1,tracker_no_fl_301_keep_s122_2026-07-24
2026-08-29,new_tariffs,8.953498631688442,1,tracker_no_fl_301_keep_s122_2026-07-24
2026-08-30,total,11.628725933232156,1,tracker_no_fl_301_keep_s122_2026-07-24
2026-08-30,new_tariffs,8.953498631688442,1,tracker_no_fl_301_keep_s122_2026-07-24
2026-08-31,total,11.628725933232156,1,tracker_no_fl_301_keep_s122_2026-07-24
2026-08-31,new_tariffs,8.953498631688442,1,tracker_no_fl_301_keep_s122_2026-07-24
2026-09-01,total,11.628725933232156,1,tracker_no_fl_301_keep_s122_2026-07-24
2026-09-01,new_tariffs,8.953498631688442,1,tracker_no_fl_301_keep_s122_2026-07-24
2026-09-02,total,11.628725933232156,1,tracker_no_fl_301_keep_s122_2026-07-24
2026-09-02,new_tariffs,8.953498631688442,1,tracker_no_fl_301_keep_s122_2026-07-24
2026-09-03,total,11.628725933232156,1,tracker_no_fl_301_keep_s122_2026-07-24
2026-09-03,new_tariffs,8.953498631688442,1,tracker_no_fl_301_keep_s122_2026-07-24
2026-09-04,total,11.628725933232156,1,tracker_no_fl_301_keep_s122_2026-07-24
2026-09-04,new_tariffs,8.953498631688442,1,tracker_no_fl_301_keep_s122_2026-07-24
2026-09-05,total,11.628725933232156,1,tracker_no_fl_301_keep_s122_2026-07-24
2026-09-05,new_tariffs,8.953498631688442,1,tracker_no_fl_301_keep_s122_2026-07-24
2026-09-06,total,11.628725933232156,1,tracker_no_fl_301_keep_s122_2026-07-24
2026-09-06,new_tariffs,8.953498631688442,1,tracker_no_fl_301_keep_s122_2026-07-24
2026-09-07,total,11.628725933232156,1,tracker_no_fl_301_keep_s122_2026-07-24
2026-09-07,new_tariffs,8.953498631688442,1,tracker_no_fl_301_keep_s122_2026-07-24
2026-09-08,total,11.628725933232156,1,tracker_no_fl_301_keep_s122_2026-07-24
2026-09-08,new_tariffs,8.953498631688442,1,tracker_no_fl_301_keep_s122_2026-07-24
2026-09-09,total,11.628725933232156,1,tracker_no_fl_301_keep_s122_2026-07-24
2026-09-09,new_tariffs,8.953498631688442,1,tracker_no_fl_301_keep_s122_2026-07-24
2026-09-10,total,11.628725933232156,1,tracker_no_fl_301_keep_s122_2026-07-24
2026-09-10,new_tariffs,8.953498631688442,1,tracker_no_fl_301_keep_s122_2026-07-24
2026-09-11,total,11.628725933232156,1,tracker_no_fl_301_keep_s122_2026-07-24
2026-09-11,new_tariffs,8.953498631688442,1,tracker_no_fl_301_keep_s122_2026-07-24
2026-09-12,total,11.628725933232156,1,tracker_no_fl_301_keep_s122_2026-07-24
2026-09-12,new_tariffs,8.953498631688442,1,tracker_no_fl_301_keep_s122_2026-07-24
2026-09-13,total,11.628725933232156,1,tracker_no_fl_301_keep_s122_2026-07-24
2026-09-13,new_tariffs,8.953498631688442,1,tracker_no_fl_301_keep_s122_2026-07-24
2026-09-14,total,11.628725933232156,1,tracker_no_fl_301_keep_s122_2026-07-24
2026-09-14,new_tariffs,8.953498631688442,1,tracker_no_fl_301_keep_s122_2026-07-24
2026-09-15,total,11.628725933232156,1,tracker_no_fl_301_keep_s122_2026-07-24
2026-09-15,new_tariffs,8.953498631688442,1,tracker_no_fl_301_keep_s122_2026-07-24
2026-09-16,total,11.628725933232156,1,tracker_no_fl_301_keep_s122_2026-07-24
2026-09-16,new_tariffs,8.953498631688442,1,tracker_no_fl_301_keep_s122_2026-07-24
2026-09-17,total,11.628725933232156,1,tracker_no_fl_301_keep_s122_2026-07-24
2026-09-17,new_tariffs,8.953498631688442,1,tracker_no_fl_301_keep_s122_2026-07-24
2026-09-18,total,11.628725933232156,1,tracker_no_fl_301_keep_s122_2026-07-24
2026-09-18,new_tariffs,8.953498631688442,1,tracker_no_fl_301_keep_s122_2026-07-24
2026-09-19,total,11.628725933232156,1,tracker_no_fl_301_keep_s122_2026-07-24
2026-09-19,new_tariffs,8.953498631688442,1,tracker_no_fl_301_keep_s122_2026-07-24
2026-09-20,total,11.628725933232156,1,tracker_no_fl_301_keep_s122_2026-07-24
2026-09-20,new_tariffs,8.953498631688442,1,tracker_no_fl_301_keep_s122_2026-07-24
2026-09-21,total,11.628725933232156,1,tracker_no_fl_301_keep_s122_2026-07-24
2026-09-21,new_tariffs,8.953498631688442,1,tracker_no_fl_301_keep_s122_2026-07-24
2026-09-22,total,11.628725933232156,1,tracker_no_fl_301_keep_s122_2026-07-24
2026-09-22,new_tariffs,8.953498631688442,1,tracker_no_fl_301_keep_s122_2026-07-24
2026-09-23,total,11.628725933232156,1,tracker_no_fl_301_keep_s122_2026-07-24
2026-09-23,new_tariffs,8.953498631688442,1,tracker_no_fl_301_keep_s122_2026-07-24
2026-09-24,total,11.628725933232156,1,tracker_no_fl_301_keep_s122_2026-07-24
2026-09-24,new_tariffs,8.953498631688442,1,tracker_no_fl_301_keep_s122_2026-07-24
2026-09-25,total,11.628725933232156,1,tracker_no_fl_301_keep_s122_2026-07-24
2026-09-25,new_tariffs,8.953498631688442,1,tracker_no_fl_301_keep_s122_2026-07-24
2026-09-26,total,11.628725933232156,1,tracker_no_fl_301_keep_s122_2026-07-24
2026-09-26,new_tariffs,8.953498631688442,1,tracker_no_fl_301_keep_s122_2026-07-24
2026-09-27,total,11.628725933232156,1,tracker_no_fl_301_keep_s122_2026-07-24
2026-09-27,new_tariffs,8.953498631688442,1,tracker_no_fl_301_keep_s122_2026-07-24
2026-09-28,total,11.628725933232156,1,tracker_no_fl_301_keep_s122_2026-07-24
2026-09-28,new_tariffs,8.953498631688442,1,tracker_no_fl_301_keep_s122_2026-07-24
2026-09-29,total,11.996747507669717,1,tracker_no_fl_301_keep_s122_2026-07-24
2026-09-29,new_tariffs,9.321520206126003,1,tracker_no_fl_301_keep_s122_2026-07-24
2026-09-30,total,11.996747507669717,1,tracker_no_fl_301_keep_s122_2026-07-24
2026-09-30,new_tariffs,9.321520206126003,1,tracker_no_fl_301_keep_s122_2026-07-24
2026-10-01,total,11.996747507669717,1,tracker_no_fl_301_keep_s122_2026-07-24
2026-10-01,new_tariffs,9.321520206126003,1,tracker_no_fl_301_keep_s122_2026-07-24
2026-10-02,total,11.996747507669717,1,tracker_no_fl_301_keep_s122_2026-07-24
2026-10-02,new_tariffs,9.321520206126003,1,tracker_no_fl_301_keep_s122_2026-07-24
2026-10-03,total,11.996747507669717,1,tracker_no_fl_301_keep_s122_2026-07-24
2026-10-03,new_tariffs,9.321520206126003,1,tracker_no_fl_301_keep_s122_2026-07-24
2026-10-04,total,11.996747507669717,1,tracker_no_fl_301_keep_s122_2026-07-24
2026-10-04,new_tariffs,9.321520206126003,1,tracker_no_fl_301_keep_s122_2026-07-24
2026-10-05,total,11.996747507669717,1,tracker_no_fl_301_keep_s122_2026-07-24
2026-10-05,new_tariffs,9.321520206126003,1,tracker_no_fl_301_keep_s122_2026-07-24
2026-10-06,total,11.996747507669717,1,tracker_no_fl_301_keep_s122_2026-07-24
2026-10-06,new_tariffs,9.321520206126003,1,tracker_no_fl_301_keep_s122_2026-07-24
2026-10-07,total,11.996747507669717,1,tracker_no_fl_301_keep_s122_2026-07-24
2026-10-07,new_tariffs,9.321520206126003,1,tracker_no_fl_301_keep_s122_2026-07-24
2026-10-08,total,11.996747507669717,1,tracker_no_fl_301_keep_s122_2026-07-24
2026-10-08,new_tariffs,9.321520206126003,1,tracker_no_fl_301_keep_s122_2026-07-24
2026-10-09,total,11.996747507669717,1,tracker_no_fl_301_keep_s122_2026-07-24
2026-10-09,new_tariffs,9.321520206126003,1,tracker_no_fl_301_keep_s122_2026-07-24
2026-10-10,total,11.996747507669717,1,tracker_no_fl_301_keep_s122_2026-07-24
2026-10-10,new_tariffs,9.321520206126003,1,tracker_no_fl_301_keep_s122_2026-07-24
2026-10-11,total,11.996747507669717,1,tracker_no_fl_301_keep_s122_2026-07-24
2026-10-11,new_tariffs,9.321520206126003,1,tracker_no_fl_301_keep_s122_2026-07-24
2026-10-12,total,11.996747507669717,1,tracker_no_fl_301_keep_s122_2026-07-24
2026-10-12,new_tariffs,9.321520206126003,1,tracker_no_fl_301_keep_s122_2026-07-24
2026-10-13,total,11.996747507669717,1,tracker_no_fl_301_keep_s122_2026-07-24
2026-10-13,new_tariffs,9.321520206126003,1,tracker_no_fl_301_keep_s122_2026-07-24
2026-10-14,total,11.996747507669717,1,tracker_no_fl_301_keep_s122_2026-07-24
2026-10-14,new_tariffs,9.321520206126003,1,tracker_no_fl_301_keep_s122_2026-07-24
2026-10-15,total,11.996747507669717,1,tracker_no_fl_301_keep_s122_2026-07-24
2026-10-15,new_tariffs,9.321520206126003,1,tracker_no_fl_301_keep_s122_2026-07-24
2026-10-16,total,11.996747507669717,1,tracker_no_fl_301_keep_s122_2026-07-24
2026-10-16,new_tariffs,9.321520206126003,1,tracker_no_fl_301_keep_s122_2026-07-24
2026-10-17,total,11.996747507669717,1,tracker_no_fl_301_keep_s122_2026-07-24
2026-10-17,new_tariffs,9.321520206126003,1,tracker_no_fl_301_keep_s122_2026-07-24
2026-10-18,total,11.996747507669717,1,tracker_no_fl_301_keep_s122_2026-07-24
2026-10-18,new_tariffs,9.321520206126003,1,tracker_no_fl_301_keep_s122_2026-07-24
2026-10-19,total,11.996747507669717,1,tracker_no_fl_301_keep_s122_2026-07-24
2026-10-19,new_tariffs,9.321520206126003,1,tracker_no_fl_301_keep_s122_2026-07-24
2026-10-20,total,11.996747507669717,1,tracker_no_fl_301_keep_s122_2026-07-24
2026-10-20,new_tariffs,9.321520206126003,1,tracker_no_fl_301_keep_s122_2026-07-24
2026-10-21,total,11.996747507669717,1,tracker_no_fl_301_keep_s122_2026-07-24
2026-10-21,new_tariffs,9.321520206126003,1,tracker_no_fl_301_keep_s122_2026-07-24
2026-10-22,total,11.996747507669717,1,tracker_no_fl_301_keep_s122_2026-07-24
2026-10-22,new_tariffs,9.321520206126003,1,tracker_no_fl_301_keep_s122_2026-07-24
2026-10-23,total,11.996747507669717,1,tracker_no_fl_301_keep_s122_2026-07-24
2026-10-23,new_tariffs,9.321520206126003,1,tracker_no_fl_301_keep_s122_2026-07-24
2026-10-24,total,11.996747507669717,1,tracker_no_fl_301_keep_s122_2026-07-24
2026-10-24,new_tariffs,9.321520206126003,1,tracker_no_fl_301_keep_s122_2026-07-24
2026-10-25,total,11.996747507669717,1,tracker_no_fl_301_keep_s122_2026-07-24
2026-10-25,new_tariffs,9.321520206126003,1,tracker_no_fl_301_keep_s122_2026-07-24
2026-10-26,total,11.996747507669717,1,tracker_no_fl_301_keep_s122_2026-07-24
2026-10-26,new_tariffs,9.321520206126003,1,tracker_no_fl_301_keep_s122_2026-07-24
2026-10-27,total,11.996747507669717,1,tracker_no_fl_301_keep_s122_2026-07-24
2026-10-27,new_tariffs,9.321520206126003,1,tracker_no_fl_301_keep_s122_2026-07-24
2026-10-28,total,11.996747507669717,1,tracker_no_fl_301_keep_s122_2026-07-24
2026-10-28,new_tariffs,9.321520206126003,1,tracker_no_fl_301_keep_s122_2026-07-24
2026-10-29,total,11.996747507669717,1,tracker_no_fl_301_keep_s122_2026-07-24
2026-10-29,new_tariffs,9.321520206126003,1,tracker_no_fl_301_keep_s122_2026-07-24
2026-10-30,total,11.996747507669717,1,tracker_no_fl_301_keep_s122_2026-07-24
2026-10-30,new_tariffs,9.321520206126003,1,tracker_no_fl_301_keep_s122_2026-07-24
2026-10-31,total,11.996747507669717,1,tracker_no_fl_301_keep_s122_2026-07-24
2026-10-31,new_tariffs,9.321520206126003,1,tracker_no_fl_301_keep_s122_2026-07-24
2026-11-01,total,11.996747507669717,1,tracker_no_fl_301_keep_s122_2026-07-24
2026-11-01,new_tariffs,9.321520206126003,1,tracker_no_fl_301_keep_s122_2026-07-24
2026-11-02,total,11.996747507669717,1,tracker_no_fl_301_keep_s122_2026-07-24
2026-11-02,new_tariffs,9.321520206126003,1,tracker_no_fl_301_keep_s122_2026-07-24
2026-11-03,total,11.996747507669717,1,tracker_no_fl_301_keep_s122_2026-07-24
2026-11-03,new_tariffs,9.321520206126003,1,tracker_no_fl_301_keep_s122_2026-07-24
2026-11-04,total,11.996747507669717,1,tracker_no_fl_301_keep_s122_2026-07-24
2026-11-04,new_tariffs,9.321520206126003,1,tracker_no_fl_301_keep_s122_2026-07-24
2026-11-05,total,11.996747507669717,1,tracker_no_fl_301_keep_s122_2026-07-24
2026-11-05,new_tariffs,9.321520206126003,1,tracker_no_fl_301_keep_s122_2026-07-24
2026-11-06,total,11.996747507669717,1,tracker_no_fl_301_keep_s122_2026-07-24
2026-11-06,new_tariffs,9.321520206126003,1,tracker_no_fl_301_keep_s122_2026-07-24
2026-11-07,total,11.996747507669717,1,tracker_no_fl_301_keep_s122_2026-07-24
2026-11-07,new_tariffs,9.321520206126003,1,tracker_no_fl_301_keep_s122_2026-07-24
2026-11-08,total,11.996747507669717,1,tracker_no_fl_301_keep_s122_2026-07-24
2026-11-08,new_tariffs,9.321520206126003,1,tracker_no_fl_301_keep_s122_2026-07-24
2026-11-09,total,11.996747507669717,1,tracker_no_fl_301_keep_s122_2026-07-24
2026-11-09,new_tariffs,9.321520206126003,1,tracker_no_fl_301_keep_s122_2026-07-24
2026-11-10,total,12.087465495297101,1,tracker_no_fl_301_keep_s122_2026-07-24
2026-11-10,new_tariffs,9.412238193753385,1,tracker_no_fl_301_keep_s122_2026-07-24
2026-11-11,total,12.087465495297101,1,tracker_no_fl_301_keep_s122_2026-07-24
2026-11-11,new_tariffs,9.412238193753385,1,tracker_no_fl_301_keep_s122_2026-07-24
2026-11-12,total,12.087465495297101,1,tracker_no_fl_301_keep_s122_2026-07-24
2026-11-12,new_tariffs,9.412238193753385,1,tracker_no_fl_301_keep_s122_2026-07-24
2026-11-13,total,12.087465495297101,1,tracker_no_fl_301_keep_s122_2026-07-24
2026-11-13,new_tariffs,9.412238193753385,1,tracker_no_fl_301_keep_s122_2026-07-24
2026-11-14,total,12.087465495297101,1,tracker_no_fl_301_keep_s122_2026-07-24
2026-11-14,new_tariffs,9.412238193753385,1,tracker_no_fl_301_keep_s122_2026-07-24
2026-11-15,total,12.087465495297101,1,tracker_no_fl_301_keep_s122_2026-07-24
2026-11-15,new_tariffs,9.412238193753385,1,tracker_no_fl_301_keep_s122_2026-07-24
2026-11-16,total,12.087465495297101,1,tracker_no_fl_301_keep_s122_2026-07-24
2026-11-16,new_tariffs,9.412238193753385,1,tracker_no_fl_301_keep_s122_2026-07-24
2026-11-17,total,12.087465495297101,1,tracker_no_fl_301_keep_s122_2026-07-24
2026-11-17,new_tariffs,9.412238193753385,1,tracker_no_fl_301_keep_s122_2026-07-24
2026-11-18,total,12.087465495297101,1,tracker_no_fl_301_keep_s122_2026-07-24
2026-11-18,new_tariffs,9.412238193753385,1,tracker_no_fl_301_keep_s122_2026-07-24
2026-11-19,total,12.087465495297101,1,tracker_no_fl_301_keep_s122_2026-07-24
2026-11-19,new_tariffs,9.412238193753385,1,tracker_no_fl_301_keep_s122_2026-07-24
2026-11-20,total,12.087465495297101,1,tracker_no_fl_301_keep_s122_2026-07-24
2026-11-20,new_tariffs,9.412238193753385,1,tracker_no_fl_301_keep_s122_2026-07-24
2026-11-21,total,12.087465495297101,1,tracker_no_fl_301_keep_s122_2026-07-24
2026-11-21,new_tariffs,9.412238193753385,1,tracker_no_fl_301_keep_s122_2026-07-24
2026-11-22,total,12.087465495297101,1,tracker_no_fl_301_keep_s122_2026-07-24
2026-11-22,new_tariffs,9.412238193753385,1,tracker_no_fl_301_keep_s122_2026-07-24
2026-11-23,total,12.087465495297101,1,tracker_no_fl_301_keep_s122_2026-07-24
2026-11-23,new_tariffs,9.412238193753385,1,tracker_no_fl_301_keep_s122_2026-07-24
2026-11-24,total,12.087465495297101,1,tracker_no_fl_301_keep_s122_2026-07-24
2026-11-24,new_tariffs,9.412238193753385,1,tracker_no_fl_301_keep_s122_2026-07-24
2026-11-25,total,12.087465495297101,1,tracker_no_fl_301_keep_s122_2026-07-24
2026-11-25,new_tariffs,9.412238193753385,1,tracker_no_fl_301_keep_s122_2026-07-24
2026-11-26,total,12.087465495297101,1,tracker_no_fl_301_keep_s122_2026-07-24
2026-11-26,new_tariffs,9.412238193753385,1,tracker_no_fl_301_keep_s122_2026-07-24
2026-11-27,total,12.087465495297101,1,tracker_no_fl_301_keep_s122_2026-07-24
2026-11-27,new_tariffs,9.412238193753385,1,tracker_no_fl_301_keep_s122_2026-07-24
2026-11-28,total,12.087465495297101,1,tracker_no_fl_301_keep_s122_2026-07-24
2026-11-28,new_tariffs,9.412238193753385,1,tracker_no_fl_301_keep_s122_2026-07-24
2026-11-29,total,12.087465495297101,1,tracker_no_fl_301_keep_s122_2026-07-24
2026-11-29,new_tariffs,9.412238193753385,1,tracker_no_fl_301_keep_s122_2026-07-24
2026-11-30,total,12.087465495297101,1,tracker_no_fl_301_keep_s122_2026-07-24
2026-11-30,new_tariffs,9.412238193753385,1,tracker_no_fl_301_keep_s122_2026-07-24
2026-12-01,total,12.087465495297101,1,tracker_no_fl_301_keep_s122_2026-07-24
2026-12-01,new_tariffs,9.412238193753385,1,tracker_no_fl_301_keep_s122_2026-07-24
2026-12-02,total,12.087465495297101,1,tracker_no_fl_301_keep_s122_2026-07-24
2026-12-02,new_tariffs,9.412238193753385,1,tracker_no_fl_301_keep_s122_2026-07-24
2026-12-03,total,12.087465495297101,1,tracker_no_fl_301_keep_s122_2026-07-24
2026-12-03,new_tariffs,9.412238193753385,1,tracker_no_fl_301_keep_s122_2026-07-24
2026-12-04,total,12.087465495297101,1,tracker_no_fl_301_keep_s122_2026-07-24
2026-12-04,new_tariffs,9.412238193753385,1,tracker_no_fl_301_keep_s122_2026-07-24
2026-12-05,total,12.087465495297101,1,tracker_no_fl_301_keep_s122_2026-07-24
2026-12-05,new_tariffs,9.412238193753385,1,tracker_no_fl_301_keep_s122_2026-07-24
2026-12-06,total,12.087465495297101,1,tracker_no_fl_301_keep_s122_2026-07-24
2026-12-06,new_tariffs,9.412238193753385,1,tracker_no_fl_301_keep_s122_2026-07-24
2026-12-07,total,12.087465495297101,1,tracker_no_fl_301_keep_s122_2026-07-24
2026-12-07,new_tariffs,9.412238193753385,1,tracker_no_fl_301_keep_s122_2026-07-24
2026-12-08,total,12.087465495297101,1,tracker_no_fl_301_keep_s122_2026-07-24
2026-12-08,new_tariffs,9.412238193753385,1,tracker_no_fl_301_keep_s122_2026-07-24
2026-12-09,total,12.087465495297101,1,tracker_no_fl_301_keep_s122_2026-07-24
2026-12-09,new_tariffs,9.412238193753385,1,tracker_no_fl_301_keep_s122_2026-07-24
2026-12-10,total,12.087465495297101,1,tracker_no_fl_301_keep_s122_2026-07-24
2026-12-10,new_tariffs,9.412238193753385,1,tracker_no_fl_301_keep_s122_2026-07-24
2026-12-11,total,12.087465495297101,1,tracker_no_fl_301_keep_s122_2026-07-24
2026-12-11,new_tariffs,9.412238193753385,1,tracker_no_fl_301_keep_s122_2026-07-24
2026-12-12,total,12.087465495297101,1,tracker_no_fl_301_keep_s122_2026-07-24
2026-12-12,new_tariffs,9.412238193753385,1,tracker_no_fl_301_keep_s122_2026-07-24
2026-12-13,total,12.087465495297101,1,tracker_no_fl_301_keep_s122_2026-07-24
2026-12-13,new_tariffs,9.412238193753385,1,tracker_no_fl_301_keep_s122_2026-07-24
2026-12-14,total,12.087465495297101,1,tracker_no_fl_301_keep_s122_2026-07-24
2026-12-14,new_tariffs,9.412238193753385,1,tracker_no_fl_301_keep_s122_2026-07-24
2026-12-15,total,12.087465495297101,1,tracker_no_fl_301_keep_s122_2026-07-24
2026-12-15,new_tariffs,9.412238193753385,1,tracker_no_fl_301_keep_s122_2026-07-24
2026-12-16,total,12.087465495297101,1,tracker_no_fl_301_keep_s122_2026-07-24
2026-12-16,new_tariffs,9.412238193753385,1,tracker_no_fl_301_keep_s122_2026-07-24
2026-12-17,total,12.087465495297101,1,tracker_no_fl_301_keep_s122_2026-07-24
2026-12-17,new_tariffs,9.412238193753385,1,tracker_no_fl_301_keep_s122_2026-07-24
2026-12-18,total,12.087465495297101,1,tracker_no_fl_301_keep_s122_2026-07-24
2026-12-18,new_tariffs,9.412238193753385,1,tracker_no_fl_301_keep_s122_2026-07-24
2026-12-19,total,12.087465495297101,1,tracker_no_fl_301_keep_s122_2026-07-24
2026-12-19,new_tariffs,9.412238193753385,1,tracker_no_fl_301_keep_s122_2026-07-24
2026-12-20,total,12.087465495297101,1,tracker_no_fl_301_keep_s122_2026-07-24
2026-12-20,new_tariffs,9.412238193753385,1,tracker_no_fl_301_keep_s122_2026-07-24
2026-12-21,total,12.087465495297101,1,tracker_no_fl_301_keep_s122_2026-07-24
2026-12-21,new_tariffs,9.412238193753385,1,tracker_no_fl_301_keep_s122_2026-07-24
2026-12-22,total,12.087465495297101,1,tracker_no_fl_301_keep_s122_2026-07-24
2026-12-22,new_tariffs,9.412238193753385,1,tracker_no_fl_301_keep_s122_2026-07-24
2026-12-23,total,12.087465495297101,1,tracker_no_fl_301_keep_s122_2026-07-24
2026-12-23,new_tariffs,9.412238193753385,1,tracker_no_fl_301_keep_s122_2026-07-24
2026-12-24,total,12.087465495297101,1,tracker_no_fl_301_keep_s122_2026-07-24
2026-12-24,new_tariffs,9.412238193753385,1,tracker_no_fl_301_keep_s122_2026-07-24
2026-12-25,total,12.087465495297101,1,tracker_no_fl_301_keep_s122_2026-07-24
2026-12-25,new_tariffs,9.412238193753385,1,tracker_no_fl_301_keep_s122_2026-07-24
2026-12-26,total,12.087465495297101,1,tracker_no_fl_301_keep_s122_2026-07-24
2026-12-26,new_tariffs,9.412238193753385,1,tracker_no_fl_301_keep_s122_2026-07-24
2026-12-27,total,12.087465495297101,1,tracker_no_fl_301_keep_s122_2026-07-24
2026-12-27,new_tariffs,9.412238193753385,1,tracker_no_fl_301_keep_s122_2026-07-24
2026-12-28,total,12.087465495297101,1,tracker_no_fl_301_keep_s122_2026-07-24
2026-12-28,new_tariffs,9.412238193753385,1,tracker_no_fl_301_keep_s122_2026-07-24
2026-12-29,total,12.087465495297101,1,tracker_no_fl_301_keep_s122_2026-07-24
2026-12-29,new_tariffs,9.412238193753385,1,tracker_no_fl_301_keep_s122_2026-07-24
2026-12-30,total,12.087465495297101,1,tracker_no_fl_301_keep_s122_2026-07-24
2026-12-30,new_tariffs,9.412238193753385,1,tracker_no_fl_301_keep_s122_2026-07-24
2026-12-31,total,12.087465495297101,1,tracker_no_fl_301_keep_s122_2026-07-24
2026-12-31,new_tariffs,9.412238193753385,1,tracker_no_fl_301_keep_s122_2026-07-24
