time,series,value,dollars,state
1998,Business income taxes,1.86701,nominal,Alabama
1998,"Estate, gift, excise and other",0.469755,nominal,Alabama
1998,Income tax not withheld and SECA,3.27508,nominal,Alabama
1998,Income tax withheld and FICA,11.5408,nominal,Alabama
1999,Business income taxes,1.76768,nominal,Alabama
1999,"Estate, gift, excise and other",0.547442,nominal,Alabama
1999,Income tax not withheld and SECA,3.40626,nominal,Alabama
1999,Income tax withheld and FICA,12.3969,nominal,Alabama
2000,Business income taxes,1.5416,nominal,Alabama
2000,"Estate, gift, excise and other",0.560144,nominal,Alabama
2000,Income tax not withheld and SECA,3.6027,nominal,Alabama
2000,Income tax withheld and FICA,13.1648,nominal,Alabama
2001,Business income taxes,1.06454,nominal,Alabama
2001,"Estate, gift, excise and other",0.420891,nominal,Alabama
2001,Income tax not withheld and SECA,3.54493,nominal,Alabama
2001,Income tax withheld and FICA,13.1507,nominal,Alabama
2002,Business income taxes,1.86764,nominal,Alabama
2002,"Estate, gift, excise and other",0.508081,nominal,Alabama
2002,Income tax not withheld and SECA,3.06887,nominal,Alabama
2002,Income tax withheld and FICA,13.2064,nominal,Alabama
2003,Business income taxes,1.47236,nominal,Alabama
2003,"Estate, gift, excise and other",0.364939,nominal,Alabama
2003,Income tax not withheld and SECA,2.88465,nominal,Alabama
2003,Income tax withheld and FICA,13.1853,nominal,Alabama
2004,Business income taxes,1.93141,nominal,Alabama
2004,"Estate, gift, excise and other",0.432603,nominal,Alabama
2004,Income tax not withheld and SECA,2.85552,nominal,Alabama
2004,Income tax withheld and FICA,13.2698,nominal,Alabama
2005,Business income taxes,2.1981,nominal,Alabama
2005,"Estate, gift, excise and other",0.477773,nominal,Alabama
2005,Income tax not withheld and SECA,3.52326,nominal,Alabama
2005,Income tax withheld and FICA,14.1997,nominal,Alabama
2006,Business income taxes,2.43313,nominal,Alabama
2006,"Estate, gift, excise and other",0.560808,nominal,Alabama
2006,Income tax not withheld and SECA,4.25914,nominal,Alabama
2006,Income tax withheld and FICA,14.9266,nominal,Alabama
2007,Business income taxes,3.33326,nominal,Alabama
2007,"Estate, gift, excise and other",0.484726,nominal,Alabama
2007,Income tax not withheld and SECA,4.95552,nominal,Alabama
2007,Income tax withheld and FICA,15.3756,nominal,Alabama
2008,Business income taxes,2.2292,nominal,Alabama
2008,"Estate, gift, excise and other",0.483743,nominal,Alabama
2008,Income tax not withheld and SECA,4.95484,nominal,Alabama
2008,Income tax withheld and FICA,16.8957,nominal,Alabama
2009,Business income taxes,0.690741,nominal,Alabama
2009,"Estate, gift, excise and other",0.554133,nominal,Alabama
2009,Income tax not withheld and SECA,3.63046,nominal,Alabama
2009,Income tax withheld and FICA,15.2181,nominal,Alabama
2010,Business income taxes,1.07955,nominal,Alabama
2010,"Estate, gift, excise and other",0.441921,nominal,Alabama
2010,Income tax not withheld and SECA,3.23332,nominal,Alabama
2010,Income tax withheld and FICA,15.1407,nominal,Alabama
2011,Business income taxes,0.979201,nominal,Alabama
2011,"Estate, gift, excise and other",0.332907,nominal,Alabama
2011,Income tax not withheld and SECA,3.55459,nominal,Alabama
2011,Income tax withheld and FICA,15.528,nominal,Alabama
2012,Business income taxes,1.10286,nominal,Alabama
2012,"Estate, gift, excise and other",0.422947,nominal,Alabama
2012,Income tax not withheld and SECA,3.42139,nominal,Alabama
2012,Income tax withheld and FICA,15.9357,nominal,Alabama
2013,Business income taxes,1.1422,nominal,Alabama
2013,"Estate, gift, excise and other",0.531794,nominal,Alabama
2013,Income tax not withheld and SECA,4.05526,nominal,Alabama
2013,Income tax withheld and FICA,18.0365,nominal,Alabama
2014,Business income taxes,1.48458,nominal,Alabama
2014,"Estate, gift, excise and other",0.685558,nominal,Alabama
2014,Income tax not withheld and SECA,4.1598,nominal,Alabama
2014,Income tax withheld and FICA,17.4593,nominal,Alabama
2015,Business income taxes,1.46583,nominal,Alabama
2015,"Estate, gift, excise and other",0.66239,nominal,Alabama
2015,Income tax not withheld and SECA,4.68797,nominal,Alabama
2015,Income tax withheld and FICA,18.2541,nominal,Alabama
2016,Business income taxes,1.57171,nominal,Alabama
2016,"Estate, gift, excise and other",0.706984,nominal,Alabama
2016,Income tax not withheld and SECA,4.8227,nominal,Alabama
2016,Income tax withheld and FICA,18.6684,nominal,Alabama
2017,Business income taxes,1.59917,nominal,Alabama
2017,"Estate, gift, excise and other",0.610369,nominal,Alabama
2017,Income tax not withheld and SECA,5.02818,nominal,Alabama
2017,Income tax withheld and FICA,19.3462,nominal,Alabama
2018,Business income taxes,1.14716,nominal,Alabama
2018,"Estate, gift, excise and other",0.680309,nominal,Alabama
2018,Income tax not withheld and SECA,5.42233,nominal,Alabama
2018,Income tax withheld and FICA,19.475,nominal,Alabama
2019,Business income taxes,1.2445600000000001,nominal,Alabama
2019,"Estate, gift, excise and other",0.567847,nominal,Alabama
2019,Income tax not withheld and SECA,5.03448,nominal,Alabama
2019,Income tax withheld and FICA,19.6641,nominal,Alabama
2020,Business income taxes,1.07025,nominal,Alabama
2020,"Estate, gift, excise and other",0.671528,nominal,Alabama
2020,Income tax not withheld and SECA,5.03562,nominal,Alabama
2020,Income tax withheld and FICA,19.6111,nominal,Alabama
2021,Business income taxes,1.78911,nominal,Alabama
2021,"Estate, gift, excise and other",0.822368,nominal,Alabama
2021,Income tax not withheld and SECA,6.45816,nominal,Alabama
2021,Income tax withheld and FICA,21.3444,nominal,Alabama
2022,Business income taxes,1.93643,nominal,Alabama
2022,"Estate, gift, excise and other",1.1816,nominal,Alabama
2022,Income tax not withheld and SECA,9.25544,nominal,Alabama
2022,Income tax withheld and FICA,23.6841,nominal,Alabama
2023,Business income taxes,2.06911,nominal,Alabama
2023,"Estate, gift, excise and other",1.0381,nominal,Alabama
2023,Income tax not withheld and SECA,7.73328,nominal,Alabama
2023,Income tax withheld and FICA,24.9892,nominal,Alabama
2024,Business income taxes,2.08172,nominal,Alabama
2024,"Estate, gift, excise and other",1.14908,nominal,Alabama
2024,Income tax not withheld and SECA,8.47547,nominal,Alabama
2024,Income tax withheld and FICA,25.9521,nominal,Alabama
2025,Business income taxes,1.8752,nominal,Alabama
2025,"Estate, gift, excise and other",1.04958,nominal,Alabama
2025,Income tax not withheld and SECA,9.3445,nominal,Alabama
2025,Income tax withheld and FICA,27.2871,nominal,Alabama
1998,Business income taxes,0.116308,nominal,Alaska
1998,"Estate, gift, excise and other",0.0587576,nominal,Alaska
1998,Income tax not withheld and SECA,0.673243,nominal,Alaska
1998,Income tax withheld and FICA,1.83655,nominal,Alaska
1999,Business income taxes,0.108131,nominal,Alaska
1999,"Estate, gift, excise and other",0.0622385,nominal,Alaska
1999,Income tax not withheld and SECA,0.711133,nominal,Alaska
1999,Income tax withheld and FICA,1.96548,nominal,Alaska
2000,Business income taxes,0.0915746,nominal,Alaska
2000,"Estate, gift, excise and other",0.0662893,nominal,Alaska
2000,Income tax not withheld and SECA,0.736965,nominal,Alaska
2000,Income tax withheld and FICA,2.0823,nominal,Alaska
2001,Business income taxes,0.07873,nominal,Alaska
2001,"Estate, gift, excise and other",0.0998851,nominal,Alaska
2001,Income tax not withheld and SECA,0.793326,nominal,Alaska
2001,Income tax withheld and FICA,2.22781,nominal,Alaska
2002,Business income taxes,0.117146,nominal,Alaska
2002,"Estate, gift, excise and other",0.0911222,nominal,Alaska
2002,Income tax not withheld and SECA,0.719383,nominal,Alaska
2002,Income tax withheld and FICA,2.2834,nominal,Alaska
2003,Business income taxes,0.125947,nominal,Alaska
2003,"Estate, gift, excise and other",0.108405,nominal,Alaska
2003,Income tax not withheld and SECA,0.680895,nominal,Alaska
2003,Income tax withheld and FICA,2.33342,nominal,Alaska
2004,Business income taxes,0.124599,nominal,Alaska
2004,"Estate, gift, excise and other",0.0783565,nominal,Alaska
2004,Income tax not withheld and SECA,0.64182,nominal,Alaska
2004,Income tax withheld and FICA,2.42235,nominal,Alaska
2005,Business income taxes,0.151873,nominal,Alaska
2005,"Estate, gift, excise and other",0.072633,nominal,Alaska
2005,Income tax not withheld and SECA,0.74938,nominal,Alaska
2005,Income tax withheld and FICA,2.54587,nominal,Alaska
2006,Business income taxes,0.310985,nominal,Alaska
2006,"Estate, gift, excise and other",0.0789959,nominal,Alaska
2006,Income tax not withheld and SECA,0.906663,nominal,Alaska
2006,Income tax withheld and FICA,2.76111,nominal,Alaska
2007,Business income taxes,0.257764,nominal,Alaska
2007,"Estate, gift, excise and other",0.073368,nominal,Alaska
2007,Income tax not withheld and SECA,1.01006,nominal,Alaska
2007,Income tax withheld and FICA,2.946,nominal,Alaska
2008,Business income taxes,0.31638,nominal,Alaska
2008,"Estate, gift, excise and other",0.0896454,nominal,Alaska
2008,Income tax not withheld and SECA,1.10129,nominal,Alaska
2008,Income tax withheld and FICA,3.24131,nominal,Alaska
2009,Business income taxes,0.222515,nominal,Alaska
2009,"Estate, gift, excise and other",0.11204,nominal,Alaska
2009,Income tax not withheld and SECA,0.984895,nominal,Alaska
2009,Income tax withheld and FICA,3.35071,nominal,Alaska
2010,Business income taxes,0.199875,nominal,Alaska
2010,"Estate, gift, excise and other",0.106701,nominal,Alaska
2010,Income tax not withheld and SECA,0.91946,nominal,Alaska
2010,Income tax withheld and FICA,3.45917,nominal,Alaska
2011,Business income taxes,0.219033,nominal,Alaska
2011,"Estate, gift, excise and other",0.127761,nominal,Alaska
2011,Income tax not withheld and SECA,0.947038,nominal,Alaska
2011,Income tax withheld and FICA,3.56674,nominal,Alaska
2012,Business income taxes,0.19106,nominal,Alaska
2012,"Estate, gift, excise and other",0.10597,nominal,Alaska
2012,Income tax not withheld and SECA,0.973966,nominal,Alaska
2012,Income tax withheld and FICA,3.62778,nominal,Alaska
2013,Business income taxes,0.179154,nominal,Alaska
2013,"Estate, gift, excise and other",0.116379,nominal,Alaska
2013,Income tax not withheld and SECA,1.09571,nominal,Alaska
2013,Income tax withheld and FICA,3.90146,nominal,Alaska
2014,Business income taxes,0.179898,nominal,Alaska
2014,"Estate, gift, excise and other",0.121565,nominal,Alaska
2014,Income tax not withheld and SECA,1.14133,nominal,Alaska
2014,Income tax withheld and FICA,4.00627,nominal,Alaska
2015,Business income taxes,0.194313,nominal,Alaska
2015,"Estate, gift, excise and other",0.150257,nominal,Alaska
2015,Income tax not withheld and SECA,1.29402,nominal,Alaska
2015,Income tax withheld and FICA,4.07905,nominal,Alaska
2016,Business income taxes,0.187371,nominal,Alaska
2016,"Estate, gift, excise and other",0.153818,nominal,Alaska
2016,Income tax not withheld and SECA,1.29204,nominal,Alaska
2016,Income tax withheld and FICA,3.95238,nominal,Alaska
2017,Business income taxes,0.173808,nominal,Alaska
2017,"Estate, gift, excise and other",0.1352,nominal,Alaska
2017,Income tax not withheld and SECA,1.1083,nominal,Alaska
2017,Income tax withheld and FICA,3.98263,nominal,Alaska
2018,Business income taxes,0.111474,nominal,Alaska
2018,"Estate, gift, excise and other",0.180385,nominal,Alaska
2018,Income tax not withheld and SECA,1.12804,nominal,Alaska
2018,Income tax withheld and FICA,3.86748,nominal,Alaska
2019,Business income taxes,0.102408,nominal,Alaska
2019,"Estate, gift, excise and other",0.215669,nominal,Alaska
2019,Income tax not withheld and SECA,1.1064,nominal,Alaska
2019,Income tax withheld and FICA,3.971,nominal,Alaska
2020,Business income taxes,0.097953,nominal,Alaska
2020,"Estate, gift, excise and other",0.361718,nominal,Alaska
2020,Income tax not withheld and SECA,1.09149,nominal,Alaska
2020,Income tax withheld and FICA,3.95499,nominal,Alaska
2021,Business income taxes,0.110764,nominal,Alaska
2021,"Estate, gift, excise and other",0.281254,nominal,Alaska
2021,Income tax not withheld and SECA,1.22178,nominal,Alaska
2021,Income tax withheld and FICA,4.13646,nominal,Alaska
2022,Business income taxes,0.150882,nominal,Alaska
2022,"Estate, gift, excise and other",0.308509,nominal,Alaska
2022,Income tax not withheld and SECA,1.68914,nominal,Alaska
2022,Income tax withheld and FICA,4.42391,nominal,Alaska
2023,Business income taxes,0.14241,nominal,Alaska
2023,"Estate, gift, excise and other",0.29956700000000003,nominal,Alaska
2023,Income tax not withheld and SECA,1.59128,nominal,Alaska
2023,Income tax withheld and FICA,4.70611,nominal,Alaska
2024,Business income taxes,0.156252,nominal,Alaska
2024,"Estate, gift, excise and other",0.375392,nominal,Alaska
2024,Income tax not withheld and SECA,1.65122,nominal,Alaska
2024,Income tax withheld and FICA,5.09307,nominal,Alaska
2025,Business income taxes,0.202926,nominal,Alaska
2025,"Estate, gift, excise and other",0.338587,nominal,Alaska
2025,Income tax not withheld and SECA,1.84742,nominal,Alaska
2025,Income tax withheld and FICA,5.51208,nominal,Alaska
1998,Business income taxes,1.67756,nominal,Arizona
1998,"Estate, gift, excise and other",1.59601,nominal,Arizona
1998,Income tax not withheld and SECA,4.6415,nominal,Arizona
1998,Income tax withheld and FICA,12.8509,nominal,Arizona
1999,Business income taxes,1.33993,nominal,Arizona
1999,"Estate, gift, excise and other",2.38194,nominal,Arizona
1999,Income tax not withheld and SECA,5.1406,nominal,Arizona
1999,Income tax withheld and FICA,13.9946,nominal,Arizona
2000,Business income taxes,1.80681,nominal,Arizona
2000,"Estate, gift, excise and other",2.20431,nominal,Arizona
2000,Income tax not withheld and SECA,5.60688,nominal,Arizona
2000,Income tax withheld and FICA,15.5548,nominal,Arizona
2001,Business income taxes,1.28533,nominal,Arizona
2001,"Estate, gift, excise and other",2.41615,nominal,Arizona
2001,Income tax not withheld and SECA,5.8432,nominal,Arizona
2001,Income tax withheld and FICA,16.514,nominal,Arizona
2002,Business income taxes,1.89644,nominal,Arizona
2002,"Estate, gift, excise and other",2.19868,nominal,Arizona
2002,Income tax not withheld and SECA,4.68319,nominal,Arizona
2002,Income tax withheld and FICA,16.1234,nominal,Arizona
2003,Business income taxes,0.942155,nominal,Arizona
2003,"Estate, gift, excise and other",1.40795,nominal,Arizona
2003,Income tax not withheld and SECA,4.30559,nominal,Arizona
2003,Income tax withheld and FICA,16.5753,nominal,Arizona
2004,Business income taxes,1.89489,nominal,Arizona
2004,"Estate, gift, excise and other",0.881257,nominal,Arizona
2004,Income tax not withheld and SECA,4.36147,nominal,Arizona
2004,Income tax withheld and FICA,18.2072,nominal,Arizona
2005,Business income taxes,2.35692,nominal,Arizona
2005,"Estate, gift, excise and other",1.09696,nominal,Arizona
2005,Income tax not withheld and SECA,6.06034,nominal,Arizona
2005,Income tax withheld and FICA,19.6629,nominal,Arizona
2006,Business income taxes,2.79546,nominal,Arizona
2006,"Estate, gift, excise and other",1.04745,nominal,Arizona
2006,Income tax not withheld and SECA,8.42311,nominal,Arizona
2006,Income tax withheld and FICA,20.3727,nominal,Arizona
2007,Business income taxes,2.39955,nominal,Arizona
2007,"Estate, gift, excise and other",1.83271,nominal,Arizona
2007,Income tax not withheld and SECA,8.76884,nominal,Arizona
2007,Income tax withheld and FICA,22.4841,nominal,Arizona
2008,Business income taxes,2.20036,nominal,Arizona
2008,"Estate, gift, excise and other",1.73616,nominal,Arizona
2008,Income tax not withheld and SECA,7.89016,nominal,Arizona
2008,Income tax withheld and FICA,23.987,nominal,Arizona
2009,Business income taxes,2.4714,nominal,Arizona
2009,"Estate, gift, excise and other",1.6059,nominal,Arizona
2009,Income tax not withheld and SECA,5.02742,nominal,Arizona
2009,Income tax withheld and FICA,23.2675,nominal,Arizona
2010,Business income taxes,3.00392,nominal,Arizona
2010,"Estate, gift, excise and other",1.55426,nominal,Arizona
2010,Income tax not withheld and SECA,4.43116,nominal,Arizona
2010,Income tax withheld and FICA,22.6888,nominal,Arizona
2011,Business income taxes,1.83613,nominal,Arizona
2011,"Estate, gift, excise and other",1.50667,nominal,Arizona
2011,Income tax not withheld and SECA,5.06312,nominal,Arizona
2011,Income tax withheld and FICA,24.5145,nominal,Arizona
2012,Business income taxes,3.40892,nominal,Arizona
2012,"Estate, gift, excise and other",1.7299,nominal,Arizona
2012,Income tax not withheld and SECA,5.5911,nominal,Arizona
2012,Income tax withheld and FICA,24.1205,nominal,Arizona
2013,Business income taxes,2.92632,nominal,Arizona
2013,"Estate, gift, excise and other",1.96883,nominal,Arizona
2013,Income tax not withheld and SECA,6.5745,nominal,Arizona
2013,Income tax withheld and FICA,25.2994,nominal,Arizona
2014,Business income taxes,4.38001,nominal,Arizona
2014,"Estate, gift, excise and other",2.1991,nominal,Arizona
2014,Income tax not withheld and SECA,7.13049,nominal,Arizona
2014,Income tax withheld and FICA,26.8206,nominal,Arizona
2015,Business income taxes,3.86239,nominal,Arizona
2015,"Estate, gift, excise and other",2.18196,nominal,Arizona
2015,Income tax not withheld and SECA,8.14912,nominal,Arizona
2015,Income tax withheld and FICA,28.4378,nominal,Arizona
2016,Business income taxes,2.56387,nominal,Arizona
2016,"Estate, gift, excise and other",2.31866,nominal,Arizona
2016,Income tax not withheld and SECA,8.45419,nominal,Arizona
2016,Income tax withheld and FICA,28.7003,nominal,Arizona
2017,Business income taxes,3.24809,nominal,Arizona
2017,"Estate, gift, excise and other",2.04406,nominal,Arizona
2017,Income tax not withheld and SECA,8.60772,nominal,Arizona
2017,Income tax withheld and FICA,30.0283,nominal,Arizona
2018,Business income taxes,2.62253,nominal,Arizona
2018,"Estate, gift, excise and other",2.34162,nominal,Arizona
2018,Income tax not withheld and SECA,10.1021,nominal,Arizona
2018,Income tax withheld and FICA,31.1606,nominal,Arizona
2019,Business income taxes,1.82325,nominal,Arizona
2019,"Estate, gift, excise and other",2.26013,nominal,Arizona
2019,Income tax not withheld and SECA,10.2254,nominal,Arizona
2019,Income tax withheld and FICA,33.4344,nominal,Arizona
2020,Business income taxes,3.91868,nominal,Arizona
2020,"Estate, gift, excise and other",1.41508,nominal,Arizona
2020,Income tax not withheld and SECA,10.4837,nominal,Arizona
2020,Income tax withheld and FICA,33.4892,nominal,Arizona
2021,Business income taxes,4.43249,nominal,Arizona
2021,"Estate, gift, excise and other",1.2597,nominal,Arizona
2021,Income tax not withheld and SECA,14.1392,nominal,Arizona
2021,Income tax withheld and FICA,37.8343,nominal,Arizona
2022,Business income taxes,5.11678,nominal,Arizona
2022,"Estate, gift, excise and other",2.76061,nominal,Arizona
2022,Income tax not withheld and SECA,18.8657,nominal,Arizona
2022,Income tax withheld and FICA,45.0718,nominal,Arizona
2023,Business income taxes,6.28067,nominal,Arizona
2023,"Estate, gift, excise and other",1.82985,nominal,Arizona
2023,Income tax not withheld and SECA,16.6289,nominal,Arizona
2023,Income tax withheld and FICA,46.013,nominal,Arizona
2024,Business income taxes,7.45165,nominal,Arizona
2024,"Estate, gift, excise and other",2.8055,nominal,Arizona
2024,Income tax not withheld and SECA,17.5585,nominal,Arizona
2024,Income tax withheld and FICA,50.7372,nominal,Arizona
2025,Business income taxes,3.68633,nominal,Arizona
2025,"Estate, gift, excise and other",3.20881,nominal,Arizona
2025,Income tax not withheld and SECA,19.8968,nominal,Arizona
2025,Income tax withheld and FICA,54.913,nominal,Arizona
1998,Business income taxes,3.19709,nominal,Arkansas
1998,"Estate, gift, excise and other",0.615159,nominal,Arkansas
1998,Income tax not withheld and SECA,1.85477,nominal,Arkansas
1998,Income tax withheld and FICA,9.09159,nominal,Arkansas
1999,Business income taxes,4.06911,nominal,Arkansas
1999,"Estate, gift, excise and other",0.772263,nominal,Arkansas
1999,Income tax not withheld and SECA,1.92071,nominal,Arkansas
1999,Income tax withheld and FICA,10.2645,nominal,Arkansas
2000,Business income taxes,3.48266,nominal,Arkansas
2000,"Estate, gift, excise and other",0.76104,nominal,Arkansas
2000,Income tax not withheld and SECA,2.07872,nominal,Arkansas
2000,Income tax withheld and FICA,11.4207,nominal,Arkansas
2001,Business income taxes,3.93837,nominal,Arkansas
2001,"Estate, gift, excise and other",0.703815,nominal,Arkansas
2001,Income tax not withheld and SECA,2.09551,nominal,Arkansas
2001,Income tax withheld and FICA,12.2662,nominal,Arkansas
2002,Business income taxes,4.72118,nominal,Arkansas
2002,"Estate, gift, excise and other",0.618667,nominal,Arkansas
2002,Income tax not withheld and SECA,1.89371,nominal,Arkansas
2002,Income tax withheld and FICA,12.468,nominal,Arkansas
2003,Business income taxes,4.41346,nominal,Arkansas
2003,"Estate, gift, excise and other",0.739415,nominal,Arkansas
2003,Income tax not withheld and SECA,1.6023,nominal,Arkansas
2003,Income tax withheld and FICA,13.0936,nominal,Arkansas
2004,Business income taxes,5.20495,nominal,Arkansas
2004,"Estate, gift, excise and other",0.812259,nominal,Arkansas
2004,Income tax not withheld and SECA,1.60341,nominal,Arkansas
2004,Income tax withheld and FICA,12.9557,nominal,Arkansas
2005,Business income taxes,6.08559,nominal,Arkansas
2005,"Estate, gift, excise and other",1.00572,nominal,Arkansas
2005,Income tax not withheld and SECA,1.94298,nominal,Arkansas
2005,Income tax withheld and FICA,14.978,nominal,Arkansas
2006,Business income taxes,6.82321,nominal,Arkansas
2006,"Estate, gift, excise and other",0.857656,nominal,Arkansas
2006,Income tax not withheld and SECA,2.28294,nominal,Arkansas
2006,Income tax withheld and FICA,16.076,nominal,Arkansas
2007,Business income taxes,6.62373,nominal,Arkansas
2007,"Estate, gift, excise and other",0.944479,nominal,Arkansas
2007,Income tax not withheld and SECA,2.54422,nominal,Arkansas
2007,Income tax withheld and FICA,17.2277,nominal,Arkansas
2008,Business income taxes,6.25433,nominal,Arkansas
2008,"Estate, gift, excise and other",1.08132,nominal,Arkansas
2008,Income tax not withheld and SECA,2.80119,nominal,Arkansas
2008,Income tax withheld and FICA,18.0282,nominal,Arkansas
2009,Business income taxes,5.52466,nominal,Arkansas
2009,"Estate, gift, excise and other",1.10824,nominal,Arkansas
2009,Income tax not withheld and SECA,2.1045,nominal,Arkansas
2009,Income tax withheld and FICA,16.9899,nominal,Arkansas
2010,Business income taxes,7.18111,nominal,Arkansas
2010,"Estate, gift, excise and other",2.47637,nominal,Arkansas
2010,Income tax not withheld and SECA,1.91364,nominal,Arkansas
2010,Income tax withheld and FICA,16.6786,nominal,Arkansas
2011,Business income taxes,5.25923,nominal,Arkansas
2011,"Estate, gift, excise and other",1.3055,nominal,Arkansas
2011,Income tax not withheld and SECA,2.13105,nominal,Arkansas
2011,Income tax withheld and FICA,17.1715,nominal,Arkansas
2012,Business income taxes,6.30463,nominal,Arkansas
2012,"Estate, gift, excise and other",0.924807,nominal,Arkansas
2012,Income tax not withheld and SECA,2.22026,nominal,Arkansas
2012,Income tax withheld and FICA,15.8501,nominal,Arkansas
2013,Business income taxes,7.4498,nominal,Arkansas
2013,"Estate, gift, excise and other",0.99199,nominal,Arkansas
2013,Income tax not withheld and SECA,2.90466,nominal,Arkansas
2013,Income tax withheld and FICA,17.4258,nominal,Arkansas
2014,Business income taxes,7.61131,nominal,Arkansas
2014,"Estate, gift, excise and other",1.09142,nominal,Arkansas
2014,Income tax not withheld and SECA,3.01781,nominal,Arkansas
2014,Income tax withheld and FICA,19.0083,nominal,Arkansas
2015,Business income taxes,7.65727,nominal,Arkansas
2015,"Estate, gift, excise and other",1.27211,nominal,Arkansas
2015,Income tax not withheld and SECA,3.48756,nominal,Arkansas
2015,Income tax withheld and FICA,20.0918,nominal,Arkansas
2016,Business income taxes,6.34648,nominal,Arkansas
2016,"Estate, gift, excise and other",1.1155,nominal,Arkansas
2016,Income tax not withheld and SECA,3.1752,nominal,Arkansas
2016,Income tax withheld and FICA,21.4046,nominal,Arkansas
2017,Business income taxes,5.04735,nominal,Arkansas
2017,"Estate, gift, excise and other",1.04185,nominal,Arkansas
2017,Income tax not withheld and SECA,3.57765,nominal,Arkansas
2017,Income tax withheld and FICA,22.7915,nominal,Arkansas
2018,Business income taxes,3.95082,nominal,Arkansas
2018,"Estate, gift, excise and other",1.32722,nominal,Arkansas
2018,Income tax not withheld and SECA,4.15784,nominal,Arkansas
2018,Income tax withheld and FICA,22.5937,nominal,Arkansas
2019,Business income taxes,3.07833,nominal,Arkansas
2019,"Estate, gift, excise and other",1.07618,nominal,Arkansas
2019,Income tax not withheld and SECA,3.51237,nominal,Arkansas
2019,Income tax withheld and FICA,22.9053,nominal,Arkansas
2020,Business income taxes,4.02009,nominal,Arkansas
2020,"Estate, gift, excise and other",0.992356,nominal,Arkansas
2020,Income tax not withheld and SECA,3.38989,nominal,Arkansas
2020,Income tax withheld and FICA,23.2707,nominal,Arkansas
2021,Business income taxes,4.92759,nominal,Arkansas
2021,"Estate, gift, excise and other",1.1796,nominal,Arkansas
2021,Income tax not withheld and SECA,4.39103,nominal,Arkansas
2021,Income tax withheld and FICA,25.4739,nominal,Arkansas
2022,Business income taxes,4.84656,nominal,Arkansas
2022,"Estate, gift, excise and other",1.4058,nominal,Arkansas
2022,Income tax not withheld and SECA,6.98381,nominal,Arkansas
2022,Income tax withheld and FICA,26.9958,nominal,Arkansas
2023,Business income taxes,3.689,nominal,Arkansas
2023,"Estate, gift, excise and other",1.29595,nominal,Arkansas
2023,Income tax not withheld and SECA,4.79392,nominal,Arkansas
2023,Income tax withheld and FICA,29.5827,nominal,Arkansas
2024,Business income taxes,4.45022,nominal,Arkansas
2024,"Estate, gift, excise and other",1.19842,nominal,Arkansas
2024,Income tax not withheld and SECA,6.1285,nominal,Arkansas
2024,Income tax withheld and FICA,30.4071,nominal,Arkansas
2025,Business income taxes,3.51859,nominal,Arkansas
2025,"Estate, gift, excise and other",1.05924,nominal,Arkansas
2025,Income tax not withheld and SECA,5.23511,nominal,Arkansas
2025,Income tax withheld and FICA,32.1803,nominal,Arkansas
1998,Business income taxes,22.3181,nominal,California
1998,"Estate, gift, excise and other",8.19754,nominal,California
1998,Income tax not withheld and SECA,42.9933,nominal,California
1998,Income tax withheld and FICA,125.597,nominal,California
1999,Business income taxes,22.7924,nominal,California
1999,"Estate, gift, excise and other",9.5843,nominal,California
1999,Income tax not withheld and SECA,46.8285,nominal,California
1999,Income tax withheld and FICA,137.606,nominal,California
2000,Business income taxes,27.4874,nominal,California
2000,"Estate, gift, excise and other",9.36048,nominal,California
2000,Income tax not withheld and SECA,61.6942,nominal,California
2000,Income tax withheld and FICA,160.059,nominal,California
2001,Business income taxes,20.3513,nominal,California
2001,"Estate, gift, excise and other",9.82623,nominal,California
2001,Income tax not withheld and SECA,69.714,nominal,California
2001,Income tax withheld and FICA,164.982,nominal,California
2002,Business income taxes,21.6557,nominal,California
2002,"Estate, gift, excise and other",8.67546,nominal,California
2002,Income tax not withheld and SECA,47.9904,nominal,California
2002,Income tax withheld and FICA,153.98,nominal,California
2003,Business income taxes,22.246,nominal,California
2003,"Estate, gift, excise and other",7.84001,nominal,California
2003,Income tax not withheld and SECA,43.6904,nominal,California
2003,Income tax withheld and FICA,153.834,nominal,California
2004,Business income taxes,28.2524,nominal,California
2004,"Estate, gift, excise and other",8.12667,nominal,California
2004,Income tax not withheld and SECA,44.2944,nominal,California
2004,Income tax withheld and FICA,157.258,nominal,California
2005,Business income taxes,33.2784,nominal,California
2005,"Estate, gift, excise and other",8.47547,nominal,California
2005,Income tax not withheld and SECA,56.0522,nominal,California
2005,Income tax withheld and FICA,167.978,nominal,California
2006,Business income taxes,44.4195,nominal,California
2006,"Estate, gift, excise and other",4.4053,nominal,California
2006,Income tax not withheld and SECA,66.2855,nominal,California
2006,Income tax withheld and FICA,179.715,nominal,California
2007,Business income taxes,40.5656,nominal,California
2007,"Estate, gift, excise and other",9.59229,nominal,California
2007,Income tax not withheld and SECA,69.1718,nominal,California
2007,Income tax withheld and FICA,194.669,nominal,California
2008,Business income taxes,40.4404,nominal,California
2008,"Estate, gift, excise and other",10.0323,nominal,California
2008,Income tax not withheld and SECA,69.5515,nominal,California
2008,Income tax withheld and FICA,198.059,nominal,California
2009,Business income taxes,27.0951,nominal,California
2009,"Estate, gift, excise and other",9.34297,nominal,California
2009,Income tax not withheld and SECA,46.9987,nominal,California
2009,Income tax withheld and FICA,181.432,nominal,California
2010,Business income taxes,41.0984,nominal,California
2010,"Estate, gift, excise and other",8.52827,nominal,California
2010,Income tax not withheld and SECA,43.8323,nominal,California
2010,Income tax withheld and FICA,179.894,nominal,California
2011,Business income taxes,35.0869,nominal,California
2011,"Estate, gift, excise and other",6.80369,nominal,California
2011,Income tax not withheld and SECA,52.7876,nominal,California
2011,Income tax withheld and FICA,186.549,nominal,California
2012,Business income taxes,37.1814,nominal,California
2012,"Estate, gift, excise and other",8.04436,nominal,California
2012,Income tax not withheld and SECA,53.8479,nominal,California
2012,Income tax withheld and FICA,193.49,nominal,California
2013,Business income taxes,35.6398,nominal,California
2013,"Estate, gift, excise and other",10.7813,nominal,California
2013,Income tax not withheld and SECA,68.1363,nominal,California
2013,Income tax withheld and FICA,219.867,nominal,California
2014,Business income taxes,46.2368,nominal,California
2014,"Estate, gift, excise and other",12.3208,nominal,California
2014,Income tax not withheld and SECA,73.8906,nominal,California
2014,Income tax withheld and FICA,236.745,nominal,California
2015,Business income taxes,51.291,nominal,California
2015,"Estate, gift, excise and other",13.0704,nominal,California
2015,Income tax not withheld and SECA,87.8894,nominal,California
2015,Income tax withheld and FICA,253.601,nominal,California
2016,Business income taxes,48.4164,nominal,California
2016,"Estate, gift, excise and other",13.5395,nominal,California
2016,Income tax not withheld and SECA,89.6318,nominal,California
2016,Income tax withheld and FICA,271.092,nominal,California
2017,Business income taxes,47.2745,nominal,California
2017,"Estate, gift, excise and other",14.5649,nominal,California
2017,Income tax not withheld and SECA,90.2712,nominal,California
2017,Income tax withheld and FICA,288.365,nominal,California
2018,Business income taxes,46.7003,nominal,California
2018,"Estate, gift, excise and other",14.8953,nominal,California
2018,Income tax not withheld and SECA,101.391,nominal,California
2018,Income tax withheld and FICA,293.569,nominal,California
2019,Business income taxes,43.7197,nominal,California
2019,"Estate, gift, excise and other",11.8682,nominal,California
2019,Income tax not withheld and SECA,109.141,nominal,California
2019,Income tax withheld and FICA,307.298,nominal,California
2020,Business income taxes,44.0761,nominal,California
2020,"Estate, gift, excise and other",11.338,nominal,California
2020,Income tax not withheld and SECA,104.552,nominal,California
2020,Income tax withheld and FICA,307.452,nominal,California
2021,Business income taxes,65.0667,nominal,California
2021,"Estate, gift, excise and other",13.3431,nominal,California
2021,Income tax not withheld and SECA,137.607,nominal,California
2021,Income tax withheld and FICA,371.6,nominal,California
2022,Business income taxes,77.3619,nominal,California
2022,"Estate, gift, excise and other",17.7368,nominal,California
2022,Income tax not withheld and SECA,174.511,nominal,California
2022,Income tax withheld and FICA,427.217,nominal,California
2023,Business income taxes,52.424,nominal,California
2023,"Estate, gift, excise and other",11.9861,nominal,California
2023,Income tax not withheld and SECA,80.2265,nominal,California
2023,Income tax withheld and FICA,424.342,nominal,California
2024,Business income taxes,153.996,nominal,California
2024,"Estate, gift, excise and other",20.7242,nominal,California
2024,Income tax not withheld and SECA,182.865,nominal,California
2024,Income tax withheld and FICA,448.066,nominal,California
2025,Business income taxes,109.443,nominal,California
2025,"Estate, gift, excise and other",19.0679,nominal,California
2025,Income tax not withheld and SECA,143.555,nominal,California
2025,Income tax withheld and FICA,494.48,nominal,California
1998,Business income taxes,1.65362,nominal,Colorado
1998,"Estate, gift, excise and other",1.07833,nominal,Colorado
1998,Income tax not withheld and SECA,5.46035,nominal,Colorado
1998,Income tax withheld and FICA,21.5302,nominal,Colorado
1999,Business income taxes,1.99533,nominal,Colorado
1999,"Estate, gift, excise and other",1.10972,nominal,Colorado
1999,Income tax not withheld and SECA,5.99762,nominal,Colorado
1999,Income tax withheld and FICA,23.2875,nominal,Colorado
2000,Business income taxes,3.89656,nominal,Colorado
2000,"Estate, gift, excise and other",1.46419,nominal,Colorado
2000,Income tax not withheld and SECA,7.57116,nominal,Colorado
2000,Income tax withheld and FICA,24.4386,nominal,Colorado
2001,Business income taxes,1.32643,nominal,Colorado
2001,"Estate, gift, excise and other",1.65534,nominal,Colorado
2001,Income tax not withheld and SECA,7.95844,nominal,Colorado
2001,Income tax withheld and FICA,25.1327,nominal,Colorado
2002,Business income taxes,1.19843,nominal,Colorado
2002,"Estate, gift, excise and other",1.30924,nominal,Colorado
2002,Income tax not withheld and SECA,6.13288,nominal,Colorado
2002,Income tax withheld and FICA,27.7852,nominal,Colorado
2003,Business income taxes,1.07104,nominal,Colorado
2003,"Estate, gift, excise and other",1.52853,nominal,Colorado
2003,Income tax not withheld and SECA,5.48042,nominal,Colorado
2003,Income tax withheld and FICA,25.6592,nominal,Colorado
2004,Business income taxes,2.13119,nominal,Colorado
2004,"Estate, gift, excise and other",2.02382,nominal,Colorado
2004,Income tax not withheld and SECA,5.0092,nominal,Colorado
2004,Income tax withheld and FICA,25.4968,nominal,Colorado
2005,Business income taxes,3.00106,nominal,Colorado
2005,"Estate, gift, excise and other",1.79744,nominal,Colorado
2005,Income tax not withheld and SECA,6.18799,nominal,Colorado
2005,Income tax withheld and FICA,26.783,nominal,Colorado
2006,Business income taxes,3.18031,nominal,Colorado
2006,"Estate, gift, excise and other",1.92248,nominal,Colorado
2006,Income tax not withheld and SECA,7.76563,nominal,Colorado
2006,Income tax withheld and FICA,29.4404,nominal,Colorado
2007,Business income taxes,4.09308,nominal,Colorado
2007,"Estate, gift, excise and other",1.86361,nominal,Colorado
2007,Income tax not withheld and SECA,8.77936,nominal,Colorado
2007,Income tax withheld and FICA,30.6681,nominal,Colorado
2008,Business income taxes,4.63362,nominal,Colorado
2008,"Estate, gift, excise and other",1.78552,nominal,Colorado
2008,Income tax not withheld and SECA,8.90407,nominal,Colorado
2008,Income tax withheld and FICA,32.934,nominal,Colorado
2009,Business income taxes,2.85647,nominal,Colorado
2009,"Estate, gift, excise and other",1.84845,nominal,Colorado
2009,Income tax not withheld and SECA,6.29611,nominal,Colorado
2009,Income tax withheld and FICA,27.4836,nominal,Colorado
2010,Business income taxes,3.82085,nominal,Colorado
2010,"Estate, gift, excise and other",1.96374,nominal,Colorado
2010,Income tax not withheld and SECA,5.84609,nominal,Colorado
2010,Income tax withheld and FICA,27.6577,nominal,Colorado
2011,Business income taxes,3.62559,nominal,Colorado
2011,"Estate, gift, excise and other",1.48067,nominal,Colorado
2011,Income tax not withheld and SECA,6.78091,nominal,Colorado
2011,Income tax withheld and FICA,28.4414,nominal,Colorado
2012,Business income taxes,3.96852,nominal,Colorado
2012,"Estate, gift, excise and other",1.40426,nominal,Colorado
2012,Income tax not withheld and SECA,7.13391,nominal,Colorado
2012,Income tax withheld and FICA,28.746,nominal,Colorado
2013,Business income taxes,5.14153,nominal,Colorado
2013,"Estate, gift, excise and other",1.42272,nominal,Colorado
2013,Income tax not withheld and SECA,8.87002,nominal,Colorado
2013,Income tax withheld and FICA,31.1046,nominal,Colorado
2014,Business income taxes,7.33914,nominal,Colorado
2014,"Estate, gift, excise and other",1.44645,nominal,Colorado
2014,Income tax not withheld and SECA,9.43273,nominal,Colorado
2014,Income tax withheld and FICA,33.7846,nominal,Colorado
2015,Business income taxes,-2.05185,nominal,Colorado
2015,"Estate, gift, excise and other",1.62259,nominal,Colorado
2015,Income tax not withheld and SECA,11.093,nominal,Colorado
2015,Income tax withheld and FICA,36.547,nominal,Colorado
2016,Business income taxes,3.59532,nominal,Colorado
2016,"Estate, gift, excise and other",1.50301,nominal,Colorado
2016,Income tax not withheld and SECA,11.2261,nominal,Colorado
2016,Income tax withheld and FICA,38.426,nominal,Colorado
2017,Business income taxes,2.8995,nominal,Colorado
2017,"Estate, gift, excise and other",1.5745,nominal,Colorado
2017,Income tax not withheld and SECA,11.4702,nominal,Colorado
2017,Income tax withheld and FICA,40.7981,nominal,Colorado
2018,Business income taxes,2.86941,nominal,Colorado
2018,"Estate, gift, excise and other",1.56966,nominal,Colorado
2018,Income tax not withheld and SECA,12.7205,nominal,Colorado
2018,Income tax withheld and FICA,41.5482,nominal,Colorado
2019,Business income taxes,2.86141,nominal,Colorado
2019,"Estate, gift, excise and other",1.6743,nominal,Colorado
2019,Income tax not withheld and SECA,13.2424,nominal,Colorado
2019,Income tax withheld and FICA,42.1834,nominal,Colorado
2020,Business income taxes,2.48243,nominal,Colorado
2020,"Estate, gift, excise and other",1.55022,nominal,Colorado
2020,Income tax not withheld and SECA,12.7771,nominal,Colorado
2020,Income tax withheld and FICA,41.851,nominal,Colorado
2021,Business income taxes,4.86863,nominal,Colorado
2021,"Estate, gift, excise and other",1.81222,nominal,Colorado
2021,Income tax not withheld and SECA,16.1735,nominal,Colorado
2021,Income tax withheld and FICA,45.6184,nominal,Colorado
2022,Business income taxes,7.52365,nominal,Colorado
2022,"Estate, gift, excise and other",1.79639,nominal,Colorado
2022,Income tax not withheld and SECA,23.3933,nominal,Colorado
2022,Income tax withheld and FICA,55.7353,nominal,Colorado
2023,Business income taxes,4.74407,nominal,Colorado
2023,"Estate, gift, excise and other",1.84658,nominal,Colorado
2023,Income tax not withheld and SECA,18.9233,nominal,Colorado
2023,Income tax withheld and FICA,60.3427,nominal,Colorado
2024,Business income taxes,5.80416,nominal,Colorado
2024,"Estate, gift, excise and other",1.86116,nominal,Colorado
2024,Income tax not withheld and SECA,19.7631,nominal,Colorado
2024,Income tax withheld and FICA,59.3156,nominal,Colorado
2025,Business income taxes,4.8939,nominal,Colorado
2025,"Estate, gift, excise and other",2.40356,nominal,Colorado
2025,Income tax not withheld and SECA,23.0676,nominal,Colorado
2025,Income tax withheld and FICA,66.2612,nominal,Colorado
1998,Business income taxes,5.53849,nominal,Connecticut
1998,"Estate, gift, excise and other",1.18365,nominal,Connecticut
1998,Income tax not withheld and SECA,6.74711,nominal,Connecticut
1998,Income tax withheld and FICA,21.4851,nominal,Connecticut
1999,Business income taxes,6.16714,nominal,Connecticut
1999,"Estate, gift, excise and other",0.900724,nominal,Connecticut
1999,Income tax not withheld and SECA,7.18006,nominal,Connecticut
1999,Income tax withheld and FICA,24.1762,nominal,Connecticut
2000,Business income taxes,6.01553,nominal,Connecticut
2000,"Estate, gift, excise and other",0.864228,nominal,Connecticut
2000,Income tax not withheld and SECA,8.46056,nominal,Connecticut
2000,Income tax withheld and FICA,25.0034,nominal,Connecticut
2001,Business income taxes,6.61481,nominal,Connecticut
2001,"Estate, gift, excise and other",0.91536,nominal,Connecticut
2001,Income tax not withheld and SECA,9.69285,nominal,Connecticut
2001,Income tax withheld and FICA,25.8834,nominal,Connecticut
2002,Business income taxes,6.66059,nominal,Connecticut
2002,"Estate, gift, excise and other",0.872754,nominal,Connecticut
2002,Income tax not withheld and SECA,7.51257,nominal,Connecticut
2002,Income tax withheld and FICA,24.6588,nominal,Connecticut
2003,Business income taxes,6.69086,nominal,Connecticut
2003,"Estate, gift, excise and other",0.857059,nominal,Connecticut
2003,Income tax not withheld and SECA,6.47429,nominal,Connecticut
2003,Income tax withheld and FICA,24.7235,nominal,Connecticut
2004,Business income taxes,8.10768,nominal,Connecticut
2004,"Estate, gift, excise and other",1.32983,nominal,Connecticut
2004,Income tax not withheld and SECA,6.57976,nominal,Connecticut
2004,Income tax withheld and FICA,25.8922,nominal,Connecticut
2005,Business income taxes,9.1996,nominal,Connecticut
2005,"Estate, gift, excise and other",1.44376,nominal,Connecticut
2005,Income tax not withheld and SECA,8.39063,nominal,Connecticut
2005,Income tax withheld and FICA,27.0971,nominal,Connecticut
2006,Business income taxes,10.3509,nominal,Connecticut
2006,"Estate, gift, excise and other",1.13701,nominal,Connecticut
2006,Income tax not withheld and SECA,9.66328,nominal,Connecticut
2006,Income tax withheld and FICA,29.2991,nominal,Connecticut
2007,Business income taxes,11.8556,nominal,Connecticut
2007,"Estate, gift, excise and other",1.02917,nominal,Connecticut
2007,Income tax not withheld and SECA,10.9435,nominal,Connecticut
2007,Income tax withheld and FICA,30.4076,nominal,Connecticut
2008,Business income taxes,6.68242,nominal,Connecticut
2008,"Estate, gift, excise and other",1.12531,nominal,Connecticut
2008,Income tax not withheld and SECA,12.3785,nominal,Connecticut
2008,Income tax withheld and FICA,34.2349,nominal,Connecticut
2009,Business income taxes,4.80075,nominal,Connecticut
2009,"Estate, gift, excise and other",1.65908,nominal,Connecticut
2009,Income tax not withheld and SECA,7.87317,nominal,Connecticut
2009,Income tax withheld and FICA,30.3511,nominal,Connecticut
2010,Business income taxes,5.22862,nominal,Connecticut
2010,"Estate, gift, excise and other",1.11736,nominal,Connecticut
2010,Income tax not withheld and SECA,8.01893,nominal,Connecticut
2010,Income tax withheld and FICA,29.6326,nominal,Connecticut
2011,Business income taxes,4.47185,nominal,Connecticut
2011,"Estate, gift, excise and other",1.97663,nominal,Connecticut
2011,Income tax not withheld and SECA,8.39669,nominal,Connecticut
2011,Income tax withheld and FICA,30.7168,nominal,Connecticut
2012,Business income taxes,5.43146,nominal,Connecticut
2012,"Estate, gift, excise and other",2.08984,nominal,Connecticut
2012,Income tax not withheld and SECA,8.60518,nominal,Connecticut
2012,Income tax withheld and FICA,31.1362,nominal,Connecticut
2013,Business income taxes,6.939,nominal,Connecticut
2013,"Estate, gift, excise and other",2.41714,nominal,Connecticut
2013,Income tax not withheld and SECA,10.9461,nominal,Connecticut
2013,Income tax withheld and FICA,33.4011,nominal,Connecticut
2014,Business income taxes,8.63307,nominal,Connecticut
2014,"Estate, gift, excise and other",2.75224,nominal,Connecticut
2014,Income tax not withheld and SECA,11.6902,nominal,Connecticut
2014,Income tax withheld and FICA,34.6218,nominal,Connecticut
2015,Business income taxes,8.30411,nominal,Connecticut
2015,"Estate, gift, excise and other",2.72588,nominal,Connecticut
2015,Income tax not withheld and SECA,13.0526,nominal,Connecticut
2015,Income tax withheld and FICA,35.0919,nominal,Connecticut
2016,Business income taxes,11.8773,nominal,Connecticut
2016,"Estate, gift, excise and other",2.58336,nominal,Connecticut
2016,Income tax not withheld and SECA,11.3945,nominal,Connecticut
2016,Income tax withheld and FICA,37.0557,nominal,Connecticut
2017,Business income taxes,8.67009,nominal,Connecticut
2017,"Estate, gift, excise and other",1.53426,nominal,Connecticut
2017,Income tax not withheld and SECA,10.3515,nominal,Connecticut
2017,Income tax withheld and FICA,36.9844,nominal,Connecticut
2018,Business income taxes,7.11633,nominal,Connecticut
2018,"Estate, gift, excise and other",1.52682,nominal,Connecticut
2018,Income tax not withheld and SECA,12.0216,nominal,Connecticut
2018,Income tax withheld and FICA,33.0644,nominal,Connecticut
2019,Business income taxes,8.14724,nominal,Connecticut
2019,"Estate, gift, excise and other",2.95627,nominal,Connecticut
2019,Income tax not withheld and SECA,12.0694,nominal,Connecticut
2019,Income tax withheld and FICA,33.9199,nominal,Connecticut
2020,Business income taxes,6.7183,nominal,Connecticut
2020,"Estate, gift, excise and other",1.08363,nominal,Connecticut
2020,Income tax not withheld and SECA,11.4426,nominal,Connecticut
2020,Income tax withheld and FICA,33.1263,nominal,Connecticut
2021,Business income taxes,8.25799,nominal,Connecticut
2021,"Estate, gift, excise and other",2.18807,nominal,Connecticut
2021,Income tax not withheld and SECA,14.9605,nominal,Connecticut
2021,Income tax withheld and FICA,34.8552,nominal,Connecticut
2022,Business income taxes,11.1087,nominal,Connecticut
2022,"Estate, gift, excise and other",2.30531,nominal,Connecticut
2022,Income tax not withheld and SECA,20.6829,nominal,Connecticut
2022,Income tax withheld and FICA,38.0603,nominal,Connecticut
2023,Business income taxes,11.4069,nominal,Connecticut
2023,"Estate, gift, excise and other",2.27049,nominal,Connecticut
2023,Income tax not withheld and SECA,15.3381,nominal,Connecticut
2023,Income tax withheld and FICA,43.0621,nominal,Connecticut
2024,Business income taxes,10.2945,nominal,Connecticut
2024,"Estate, gift, excise and other",1.95689,nominal,Connecticut
2024,Income tax not withheld and SECA,16.8075,nominal,Connecticut
2024,Income tax withheld and FICA,40.3473,nominal,Connecticut
2025,Business income taxes,8.7082,nominal,Connecticut
2025,"Estate, gift, excise and other",2.56152,nominal,Connecticut
2025,Income tax not withheld and SECA,20.6623,nominal,Connecticut
2025,Income tax withheld and FICA,43.785,nominal,Connecticut
1998,Business income taxes,2.729,nominal,Delaware
1998,"Estate, gift, excise and other",0.136372,nominal,Delaware
1998,Income tax not withheld and SECA,1.0722,nominal,Delaware
1998,Income tax withheld and FICA,4.58067,nominal,Delaware
1999,Business income taxes,2.95505,nominal,Delaware
1999,"Estate, gift, excise and other",0.163678,nominal,Delaware
1999,Income tax not withheld and SECA,1.26496,nominal,Delaware
1999,Income tax withheld and FICA,4.83312,nominal,Delaware
2000,Business income taxes,5.23784,nominal,Delaware
2000,"Estate, gift, excise and other",0.219844,nominal,Delaware
2000,Income tax not withheld and SECA,1.3129,nominal,Delaware
2000,Income tax withheld and FICA,5.07029,nominal,Delaware
2001,Business income taxes,2.48405,nominal,Delaware
2001,"Estate, gift, excise and other",0.313129,nominal,Delaware
2001,Income tax not withheld and SECA,1.29363,nominal,Delaware
2001,Income tax withheld and FICA,6.07463,nominal,Delaware
2002,Business income taxes,3.82338,nominal,Delaware
2002,"Estate, gift, excise and other",0.210776,nominal,Delaware
2002,Income tax not withheld and SECA,0.989351,nominal,Delaware
2002,Income tax withheld and FICA,6.7657,nominal,Delaware
2003,Business income taxes,3.44227,nominal,Delaware
2003,"Estate, gift, excise and other",0.182705,nominal,Delaware
2003,Income tax not withheld and SECA,0.958494,nominal,Delaware
2003,Income tax withheld and FICA,5.89752,nominal,Delaware
2004,Business income taxes,3.92231,nominal,Delaware
2004,"Estate, gift, excise and other",0.164079,nominal,Delaware
2004,Income tax not withheld and SECA,0.942005,nominal,Delaware
2004,Income tax withheld and FICA,6.12282,nominal,Delaware
2005,Business income taxes,4.82694,nominal,Delaware
2005,"Estate, gift, excise and other",0.246871,nominal,Delaware
2005,Income tax not withheld and SECA,1.61311,nominal,Delaware
2005,Income tax withheld and FICA,6.54048,nominal,Delaware
2006,Business income taxes,4.83804,nominal,Delaware
2006,"Estate, gift, excise and other",0.233073,nominal,Delaware
2006,Income tax not withheld and SECA,1.94883,nominal,Delaware
2006,Income tax withheld and FICA,10.2025,nominal,Delaware
2007,Business income taxes,5.10123,nominal,Delaware
2007,"Estate, gift, excise and other",0.217646,nominal,Delaware
2007,Income tax not withheld and SECA,2.25361,nominal,Delaware
2007,Income tax withheld and FICA,9.28518,nominal,Delaware
2008,Business income taxes,8.70595,nominal,Delaware
2008,"Estate, gift, excise and other",0.150394,nominal,Delaware
2008,Income tax not withheld and SECA,2.47117,nominal,Delaware
2008,Income tax withheld and FICA,10.2615,nominal,Delaware
2009,Business income taxes,2.72577,nominal,Delaware
2009,"Estate, gift, excise and other",0.735968,nominal,Delaware
2009,Income tax not withheld and SECA,0.803517,nominal,Delaware
2009,Income tax withheld and FICA,9.4181,nominal,Delaware
2010,Business income taxes,5.7476,nominal,Delaware
2010,"Estate, gift, excise and other",0.902177,nominal,Delaware
2010,Income tax not withheld and SECA,0.72928,nominal,Delaware
2010,Income tax withheld and FICA,7.94882,nominal,Delaware
2011,Business income taxes,7.57776,nominal,Delaware
2011,"Estate, gift, excise and other",1.46023,nominal,Delaware
2011,Income tax not withheld and SECA,0.793748,nominal,Delaware
2011,Income tax withheld and FICA,11.2565,nominal,Delaware
2012,Business income taxes,7.08755,nominal,Delaware
2012,"Estate, gift, excise and other",2.09023,nominal,Delaware
2012,Income tax not withheld and SECA,0.81455,nominal,Delaware
2012,Income tax withheld and FICA,11.8431,nominal,Delaware
2013,Business income taxes,5.77142,nominal,Delaware
2013,"Estate, gift, excise and other",1.27193,nominal,Delaware
2013,Income tax not withheld and SECA,0.950605,nominal,Delaware
2013,Income tax withheld and FICA,12.0679,nominal,Delaware
2014,Business income taxes,4.3354,nominal,Delaware
2014,"Estate, gift, excise and other",1.35534,nominal,Delaware
2014,Income tax not withheld and SECA,0.980907,nominal,Delaware
2014,Income tax withheld and FICA,12.3683,nominal,Delaware
2015,Business income taxes,9.1187,nominal,Delaware
2015,"Estate, gift, excise and other",1.36381,nominal,Delaware
2015,Income tax not withheld and SECA,1.13708,nominal,Delaware
2015,Income tax withheld and FICA,11.0213,nominal,Delaware
2016,Business income taxes,4.11138,nominal,Delaware
2016,"Estate, gift, excise and other",1.6105,nominal,Delaware
2016,Income tax not withheld and SECA,1.21717,nominal,Delaware
2016,Income tax withheld and FICA,13.0319,nominal,Delaware
2017,Business income taxes,2.62643,nominal,Delaware
2017,"Estate, gift, excise and other",1.39932,nominal,Delaware
2017,Income tax not withheld and SECA,1.17395,nominal,Delaware
2017,Income tax withheld and FICA,11.8817,nominal,Delaware
2018,Business income taxes,2.48679,nominal,Delaware
2018,"Estate, gift, excise and other",2.06042,nominal,Delaware
2018,Income tax not withheld and SECA,1.43233,nominal,Delaware
2018,Income tax withheld and FICA,13.0591,nominal,Delaware
2019,Business income taxes,2.69508,nominal,Delaware
2019,"Estate, gift, excise and other",2.50554,nominal,Delaware
2019,Income tax not withheld and SECA,1.24496,nominal,Delaware
2019,Income tax withheld and FICA,13.6284,nominal,Delaware
2020,Business income taxes,3.30819,nominal,Delaware
2020,"Estate, gift, excise and other",1.64378,nominal,Delaware
2020,Income tax not withheld and SECA,1.39806,nominal,Delaware
2020,Income tax withheld and FICA,14.237,nominal,Delaware
2021,Business income taxes,14.4578,nominal,Delaware
2021,"Estate, gift, excise and other",3.45106,nominal,Delaware
2021,Income tax not withheld and SECA,1.7683,nominal,Delaware
2021,Income tax withheld and FICA,12.7044,nominal,Delaware
2022,Business income taxes,3.83645,nominal,Delaware
2022,"Estate, gift, excise and other",5.23921,nominal,Delaware
2022,Income tax not withheld and SECA,2.23561,nominal,Delaware
2022,Income tax withheld and FICA,15.9496,nominal,Delaware
2023,Business income taxes,6.17722,nominal,Delaware
2023,"Estate, gift, excise and other",2.8161,nominal,Delaware
2023,Income tax not withheld and SECA,1.97333,nominal,Delaware
2023,Income tax withheld and FICA,14.5031,nominal,Delaware
2024,Business income taxes,4.04819,nominal,Delaware
2024,"Estate, gift, excise and other",2.8742,nominal,Delaware
2024,Income tax not withheld and SECA,2.07813,nominal,Delaware
2024,Income tax withheld and FICA,11.5306,nominal,Delaware
2025,Business income taxes,3.86512,nominal,Delaware
2025,"Estate, gift, excise and other",3.77965,nominal,Delaware
2025,Income tax not withheld and SECA,2.39972,nominal,Delaware
2025,Income tax withheld and FICA,12.1808,nominal,Delaware
2002,Business income taxes,2.49049,nominal,District of Columbia
2002,"Estate, gift, excise and other",0.668166,nominal,District of Columbia
2002,Income tax not withheld and SECA,1.17296,nominal,District of Columbia
2002,Income tax withheld and FICA,10.4186,nominal,District of Columbia
2003,Business income taxes,4.29781,nominal,District of Columbia
2003,"Estate, gift, excise and other",0.829159,nominal,District of Columbia
2003,Income tax not withheld and SECA,1.08104,nominal,District of Columbia
2003,Income tax withheld and FICA,13.2049,nominal,District of Columbia
2004,Business income taxes,2.32276,nominal,District of Columbia
2004,"Estate, gift, excise and other",0.703057,nominal,District of Columbia
2004,Income tax not withheld and SECA,1.07438,nominal,District of Columbia
2004,Income tax withheld and FICA,12.8306,nominal,District of Columbia
2005,Business income taxes,2.47362,nominal,District of Columbia
2005,"Estate, gift, excise and other",0.47285,nominal,District of Columbia
2005,Income tax not withheld and SECA,1.35355,nominal,District of Columbia
2005,Income tax withheld and FICA,13.8891,nominal,District of Columbia
2006,Business income taxes,1.12438,nominal,District of Columbia
2006,"Estate, gift, excise and other",0.478637,nominal,District of Columbia
2006,Income tax not withheld and SECA,1.58565,nominal,District of Columbia
2006,Income tax withheld and FICA,14.2703,nominal,District of Columbia
2007,Business income taxes,3.40916,nominal,District of Columbia
2007,"Estate, gift, excise and other",0.598053,nominal,District of Columbia
2007,Income tax not withheld and SECA,1.97364,nominal,District of Columbia
2007,Income tax withheld and FICA,14.4127,nominal,District of Columbia
2008,Business income taxes,1.50598,nominal,District of Columbia
2008,"Estate, gift, excise and other",0.746926,nominal,District of Columbia
2008,Income tax not withheld and SECA,1.8852,nominal,District of Columbia
2008,Income tax withheld and FICA,15.294,nominal,District of Columbia
2009,Business income taxes,1.46655,nominal,District of Columbia
2009,"Estate, gift, excise and other",0.585546,nominal,District of Columbia
2009,Income tax not withheld and SECA,1.39238,nominal,District of Columbia
2009,Income tax withheld and FICA,16.0432,nominal,District of Columbia
2010,Business income taxes,0.456571,nominal,District of Columbia
2010,"Estate, gift, excise and other",0.532173,nominal,District of Columbia
2010,Income tax not withheld and SECA,1.33708,nominal,District of Columbia
2010,Income tax withheld and FICA,16.0747,nominal,District of Columbia
2011,Business income taxes,0.442343,nominal,District of Columbia
2011,"Estate, gift, excise and other",0.469831,nominal,District of Columbia
2011,Income tax not withheld and SECA,1.79344,nominal,District of Columbia
2011,Income tax withheld and FICA,16.9135,nominal,District of Columbia
2012,Business income taxes,0.392793,nominal,District of Columbia
2012,"Estate, gift, excise and other",0.690179,nominal,District of Columbia
2012,Income tax not withheld and SECA,1.59309,nominal,District of Columbia
2012,Income tax withheld and FICA,18.0716,nominal,District of Columbia
2013,Business income taxes,1.62577,nominal,District of Columbia
2013,"Estate, gift, excise and other",0.533761,nominal,District of Columbia
2013,Income tax not withheld and SECA,2.11587,nominal,District of Columbia
2013,Income tax withheld and FICA,20.1889,nominal,District of Columbia
2014,Business income taxes,1.32231,nominal,District of Columbia
2014,"Estate, gift, excise and other",0.688821,nominal,District of Columbia
2014,Income tax not withheld and SECA,2.11753,nominal,District of Columbia
2014,Income tax withheld and FICA,22.3041,nominal,District of Columbia
2015,Business income taxes,4.28502,nominal,District of Columbia
2015,"Estate, gift, excise and other",0.655121,nominal,District of Columbia
2015,Income tax not withheld and SECA,2.41391,nominal,District of Columbia
2015,Income tax withheld and FICA,18.2297,nominal,District of Columbia
2016,Business income taxes,2.252,nominal,District of Columbia
2016,"Estate, gift, excise and other",0.694171,nominal,District of Columbia
2016,Income tax not withheld and SECA,2.43365,nominal,District of Columbia
2016,Income tax withheld and FICA,21.8759,nominal,District of Columbia
2017,Business income taxes,1.74718,nominal,District of Columbia
2017,"Estate, gift, excise and other",0.679768,nominal,District of Columbia
2017,Income tax not withheld and SECA,2.50028,nominal,District of Columbia
2017,Income tax withheld and FICA,23.3757,nominal,District of Columbia
2018,Business income taxes,3.11406,nominal,District of Columbia
2018,"Estate, gift, excise and other",0.708045,nominal,District of Columbia
2018,Income tax not withheld and SECA,2.65227,nominal,District of Columbia
2018,Income tax withheld and FICA,21.9693,nominal,District of Columbia
2019,Business income taxes,1.07748,nominal,District of Columbia
2019,"Estate, gift, excise and other",0.723585,nominal,District of Columbia
2019,Income tax not withheld and SECA,2.93942,nominal,District of Columbia
2019,Income tax withheld and FICA,22.7893,nominal,District of Columbia
2020,Business income taxes,1.7445,nominal,District of Columbia
2020,"Estate, gift, excise and other",0.635776,nominal,District of Columbia
2020,Income tax not withheld and SECA,2.97473,nominal,District of Columbia
2020,Income tax withheld and FICA,25.9237,nominal,District of Columbia
2021,Business income taxes,9.68151,nominal,District of Columbia
2021,"Estate, gift, excise and other",0.786194,nominal,District of Columbia
2021,Income tax not withheld and SECA,4.11348,nominal,District of Columbia
2021,Income tax withheld and FICA,20.0223,nominal,District of Columbia
2022,Business income taxes,4.47342,nominal,District of Columbia
2022,"Estate, gift, excise and other",1.15042,nominal,District of Columbia
2022,Income tax not withheld and SECA,4.82731,nominal,District of Columbia
2022,Income tax withheld and FICA,27.2602,nominal,District of Columbia
2023,Business income taxes,3.99263,nominal,District of Columbia
2023,"Estate, gift, excise and other",1.01186,nominal,District of Columbia
2023,Income tax not withheld and SECA,3.6646,nominal,District of Columbia
2023,Income tax withheld and FICA,28.8671,nominal,District of Columbia
2024,Business income taxes,4.0886,nominal,District of Columbia
2024,"Estate, gift, excise and other",1.04884,nominal,District of Columbia
2024,Income tax not withheld and SECA,4.19596,nominal,District of Columbia
2024,Income tax withheld and FICA,35.9102,nominal,District of Columbia
2025,Business income taxes,2.94178,nominal,District of Columbia
2025,"Estate, gift, excise and other",1.24636,nominal,District of Columbia
2025,Income tax not withheld and SECA,4.63878,nominal,District of Columbia
2025,Income tax withheld and FICA,32.8384,nominal,District of Columbia
1998,Business income taxes,5.18163,nominal,Florida
1998,"Estate, gift, excise and other",3.42731,nominal,Florida
1998,Income tax not withheld and SECA,22.3706,nominal,Florida
1998,Income tax withheld and FICA,49.9584,nominal,Florida
1999,Business income taxes,5.06724,nominal,Florida
1999,"Estate, gift, excise and other",4.0473,nominal,Florida
1999,Income tax not withheld and SECA,24.0842,nominal,Florida
1999,Income tax withheld and FICA,51.3162,nominal,Florida
2000,Business income taxes,6.4394,nominal,Florida
2000,"Estate, gift, excise and other",4.44366,nominal,Florida
2000,Income tax not withheld and SECA,26.326,nominal,Florida
2000,Income tax withheld and FICA,60.13,nominal,Florida
2001,Business income taxes,5.36565,nominal,Florida
2001,"Estate, gift, excise and other",4.22892,nominal,Florida
2001,Income tax not withheld and SECA,27.2552,nominal,Florida
2001,Income tax withheld and FICA,62.9427,nominal,Florida
2002,Business income taxes,5.90537,nominal,Florida
2002,"Estate, gift, excise and other",4.30091,nominal,Florida
2002,Income tax not withheld and SECA,22.3349,nominal,Florida
2002,Income tax withheld and FICA,61.9661,nominal,Florida
2003,Business income taxes,4.99202,nominal,Florida
2003,"Estate, gift, excise and other",3.99008,nominal,Florida
2003,Income tax not withheld and SECA,20.8797,nominal,Florida
2003,Income tax withheld and FICA,61.3848,nominal,Florida
2004,Business income taxes,4.44778,nominal,Florida
2004,"Estate, gift, excise and other",4.10282,nominal,Florida
2004,Income tax not withheld and SECA,20.8387,nominal,Florida
2004,Income tax withheld and FICA,64.8884,nominal,Florida
2005,Business income taxes,8.44396,nominal,Florida
2005,"Estate, gift, excise and other",4.39611,nominal,Florida
2005,Income tax not withheld and SECA,29.3601,nominal,Florida
2005,Income tax withheld and FICA,73.3622,nominal,Florida
2006,Business income taxes,9.90066,nominal,Florida
2006,"Estate, gift, excise and other",4.41724,nominal,Florida
2006,Income tax not withheld and SECA,36.9432,nominal,Florida
2006,Income tax withheld and FICA,80.0002,nominal,Florida
2007,Business income taxes,7.92871,nominal,Florida
2007,"Estate, gift, excise and other",3.92416,nominal,Florida
2007,Income tax not withheld and SECA,39.3877,nominal,Florida
2007,Income tax withheld and FICA,85.2359,nominal,Florida
2008,Business income taxes,5.9777,nominal,Florida
2008,"Estate, gift, excise and other",4.39122,nominal,Florida
2008,Income tax not withheld and SECA,37.4457,nominal,Florida
2008,Income tax withheld and FICA,86.5233,nominal,Florida
2009,Business income taxes,4.4263,nominal,Florida
2009,"Estate, gift, excise and other",4.43879,nominal,Florida
2009,Income tax not withheld and SECA,24.0334,nominal,Florida
2009,Income tax withheld and FICA,77.2583,nominal,Florida
2010,Business income taxes,6.61625,nominal,Florida
2010,"Estate, gift, excise and other",3.74855,nominal,Florida
2010,Income tax not withheld and SECA,21.522,nominal,Florida
2010,Income tax withheld and FICA,79.478,nominal,Florida
2011,Business income taxes,5.63822,nominal,Florida
2011,"Estate, gift, excise and other",3.19846,nominal,Florida
2011,Income tax not withheld and SECA,25.1465,nominal,Florida
2011,Income tax withheld and FICA,82.7755,nominal,Florida
2012,Business income taxes,6.60935,nominal,Florida
2012,"Estate, gift, excise and other",4.32079,nominal,Florida
2012,Income tax not withheld and SECA,26.6938,nominal,Florida
2012,Income tax withheld and FICA,84.6257,nominal,Florida
2013,Business income taxes,8.23521,nominal,Florida
2013,"Estate, gift, excise and other",5.62198,nominal,Florida
2013,Income tax not withheld and SECA,33.9524,nominal,Florida
2013,Income tax withheld and FICA,93.3685,nominal,Florida
2014,Business income taxes,9.01586,nominal,Florida
2014,"Estate, gift, excise and other",6.40252,nominal,Florida
2014,Income tax not withheld and SECA,36.7667,nominal,Florida
2014,Income tax withheld and FICA,102.168,nominal,Florida
2015,Business income taxes,10.6239,nominal,Florida
2015,"Estate, gift, excise and other",7.14804,nominal,Florida
2015,Income tax not withheld and SECA,43.5583,nominal,Florida
2015,Income tax withheld and FICA,116.059,nominal,Florida
2016,Business income taxes,11.7733,nominal,Florida
2016,"Estate, gift, excise and other",7.61089,nominal,Florida
2016,Income tax not withheld and SECA,45.4877,nominal,Florida
2016,Income tax withheld and FICA,123.546,nominal,Florida
2017,Business income taxes,9.05726,nominal,Florida
2017,"Estate, gift, excise and other",7.11077,nominal,Florida
2017,Income tax not withheld and SECA,45.6437,nominal,Florida
2017,Income tax withheld and FICA,131.057,nominal,Florida
2018,Business income taxes,9.22402,nominal,Florida
2018,"Estate, gift, excise and other",8.69682,nominal,Florida
2018,Income tax not withheld and SECA,52.7814,nominal,Florida
2018,Income tax withheld and FICA,134.992,nominal,Florida
2019,Business income taxes,7.48259,nominal,Florida
2019,"Estate, gift, excise and other",7.88289,nominal,Florida
2019,Income tax not withheld and SECA,53.7592,nominal,Florida
2019,Income tax withheld and FICA,140.9,nominal,Florida
2020,Business income taxes,7.37086,nominal,Florida
2020,"Estate, gift, excise and other",7.3071,nominal,Florida
2020,Income tax not withheld and SECA,54.6318,nominal,Florida
2020,Income tax withheld and FICA,140.448,nominal,Florida
2021,Business income taxes,13.4053,nominal,Florida
2021,"Estate, gift, excise and other",8.8963,nominal,Florida
2021,Income tax not withheld and SECA,74.8954,nominal,Florida
2021,Income tax withheld and FICA,155.129,nominal,Florida
2022,Business income taxes,15.7139,nominal,Florida
2022,"Estate, gift, excise and other",13.7546,nominal,Florida
2022,Income tax not withheld and SECA,112.643,nominal,Florida
2022,Income tax withheld and FICA,179.531,nominal,Florida
2023,Business income taxes,19.759,nominal,Florida
2023,"Estate, gift, excise and other",10.3486,nominal,Florida
2023,Income tax not withheld and SECA,89.4767,nominal,Florida
2023,Income tax withheld and FICA,191.082,nominal,Florida
2024,Business income taxes,17.9053,nominal,Florida
2024,"Estate, gift, excise and other",11.9578,nominal,Florida
2024,Income tax not withheld and SECA,97.5061,nominal,Florida
2024,Income tax withheld and FICA,198.055,nominal,Florida
2025,Business income taxes,15.6394,nominal,Florida
2025,"Estate, gift, excise and other",14.1803,nominal,Florida
2025,Income tax not withheld and SECA,116.68,nominal,Florida
2025,Income tax withheld and FICA,211.464,nominal,Florida
1998,Business income taxes,8.30129,nominal,Georgia
1998,"Estate, gift, excise and other",2.8444,nominal,Georgia
1998,Income tax not withheld and SECA,7.45133,nominal,Georgia
1998,Income tax withheld and FICA,32.1776,nominal,Georgia
1999,Business income taxes,10.4102,nominal,Georgia
1999,"Estate, gift, excise and other",2.992,nominal,Georgia
1999,Income tax not withheld and SECA,8.13085,nominal,Georgia
1999,Income tax withheld and FICA,35.235,nominal,Georgia
2000,Business income taxes,10.8434,nominal,Georgia
2000,"Estate, gift, excise and other",3.23582,nominal,Georgia
2000,Income tax not withheld and SECA,8.82101,nominal,Georgia
2000,Income tax withheld and FICA,38.1397,nominal,Georgia
2001,Business income taxes,6.58512,nominal,Georgia
2001,"Estate, gift, excise and other",2.77999,nominal,Georgia
2001,Income tax not withheld and SECA,9.36364,nominal,Georgia
2001,Income tax withheld and FICA,40.0369,nominal,Georgia
2002,Business income taxes,9.76176,nominal,Georgia
2002,"Estate, gift, excise and other",3.49724,nominal,Georgia
2002,Income tax not withheld and SECA,7.59121,nominal,Georgia
2002,Income tax withheld and FICA,39.4806,nominal,Georgia
2003,Business income taxes,6.89059,nominal,Georgia
2003,"Estate, gift, excise and other",3.51649,nominal,Georgia
2003,Income tax not withheld and SECA,6.98662,nominal,Georgia
2003,Income tax withheld and FICA,39.4536,nominal,Georgia
2004,Business income taxes,9.19508,nominal,Georgia
2004,"Estate, gift, excise and other",3.71856,nominal,Georgia
2004,Income tax not withheld and SECA,6.63842,nominal,Georgia
2004,Income tax withheld and FICA,39.5317,nominal,Georgia
2005,Business income taxes,10.8777,nominal,Georgia
2005,"Estate, gift, excise and other",3.82325,nominal,Georgia
2005,Income tax not withheld and SECA,8.00997,nominal,Georgia
2005,Income tax withheld and FICA,43.3529,nominal,Georgia
2006,Business income taxes,14.583,nominal,Georgia
2006,"Estate, gift, excise and other",3.86341,nominal,Georgia
2006,Income tax not withheld and SECA,9.91175,nominal,Georgia
2006,Income tax withheld and FICA,46.4663,nominal,Georgia
2007,Business income taxes,11.7566,nominal,Georgia
2007,"Estate, gift, excise and other",2.88376,nominal,Georgia
2007,Income tax not withheld and SECA,11.3442,nominal,Georgia
2007,Income tax withheld and FICA,49.2334,nominal,Georgia
2008,Business income taxes,8.71504,nominal,Georgia
2008,"Estate, gift, excise and other",2.68212,nominal,Georgia
2008,Income tax not withheld and SECA,10.7309,nominal,Georgia
2008,Income tax withheld and FICA,46.9411,nominal,Georgia
2009,Business income taxes,5.67137,nominal,Georgia
2009,"Estate, gift, excise and other",2.6205,nominal,Georgia
2009,Income tax not withheld and SECA,7.57749,nominal,Georgia
2009,Income tax withheld and FICA,43.6169,nominal,Georgia
2010,Business income taxes,7.83315,nominal,Georgia
2010,"Estate, gift, excise and other",3.1816,nominal,Georgia
2010,Income tax not withheld and SECA,6.80836,nominal,Georgia
2010,Income tax withheld and FICA,42.6826,nominal,Georgia
2011,Business income taxes,6.03022,nominal,Georgia
2011,"Estate, gift, excise and other",3.04556,nominal,Georgia
2011,Income tax not withheld and SECA,7.50618,nominal,Georgia
2011,Income tax withheld and FICA,44.0191,nominal,Georgia
2012,Business income taxes,8.41702,nominal,Georgia
2012,"Estate, gift, excise and other",3.54343,nominal,Georgia
2012,Income tax not withheld and SECA,8.08677,nominal,Georgia
2012,Income tax withheld and FICA,45.4511,nominal,Georgia
2013,Business income taxes,10.397,nominal,Georgia
2013,"Estate, gift, excise and other",3.89259,nominal,Georgia
2013,Income tax not withheld and SECA,9.70499,nominal,Georgia
2013,Income tax withheld and FICA,50.3066,nominal,Georgia
2014,Business income taxes,10.7369,nominal,Georgia
2014,"Estate, gift, excise and other",4.88036,nominal,Georgia
2014,Income tax not withheld and SECA,10.533,nominal,Georgia
2014,Income tax withheld and FICA,53.4155,nominal,Georgia
2015,Business income taxes,12.7649,nominal,Georgia
2015,"Estate, gift, excise and other",4.26891,nominal,Georgia
2015,Income tax not withheld and SECA,12.4806,nominal,Georgia
2015,Income tax withheld and FICA,56.9322,nominal,Georgia
2016,Business income taxes,12.5677,nominal,Georgia
2016,"Estate, gift, excise and other",4.56225,nominal,Georgia
2016,Income tax not withheld and SECA,12.6254,nominal,Georgia
2016,Income tax withheld and FICA,61.0527,nominal,Georgia
2017,Business income taxes,12.7839,nominal,Georgia
2017,"Estate, gift, excise and other",4.58412,nominal,Georgia
2017,Income tax not withheld and SECA,13.0215,nominal,Georgia
2017,Income tax withheld and FICA,63.8878,nominal,Georgia
2018,Business income taxes,8.9695,nominal,Georgia
2018,"Estate, gift, excise and other",5.05464,nominal,Georgia
2018,Income tax not withheld and SECA,14.353,nominal,Georgia
2018,Income tax withheld and FICA,64.4278,nominal,Georgia
2019,Business income taxes,7.22677,nominal,Georgia
2019,"Estate, gift, excise and other",4.97879,nominal,Georgia
2019,Income tax not withheld and SECA,14.786,nominal,Georgia
2019,Income tax withheld and FICA,67.3143,nominal,Georgia
2020,Business income taxes,7.7861,nominal,Georgia
2020,"Estate, gift, excise and other",3.38627,nominal,Georgia
2020,Income tax not withheld and SECA,14.7208,nominal,Georgia
2020,Income tax withheld and FICA,65.5034,nominal,Georgia
2021,Business income taxes,13.578,nominal,Georgia
2021,"Estate, gift, excise and other",4.0849,nominal,Georgia
2021,Income tax not withheld and SECA,18.9979,nominal,Georgia
2021,Income tax withheld and FICA,70.6171,nominal,Georgia
2022,Business income taxes,16.4022,nominal,Georgia
2022,"Estate, gift, excise and other",6.79957,nominal,Georgia
2022,Income tax not withheld and SECA,26.535,nominal,Georgia
2022,Income tax withheld and FICA,81.411,nominal,Georgia
2023,Business income taxes,17.4555,nominal,Georgia
2023,"Estate, gift, excise and other",7.6118,nominal,Georgia
2023,Income tax not withheld and SECA,22.973,nominal,Georgia
2023,Income tax withheld and FICA,85.4938,nominal,Georgia
2024,Business income taxes,23.4782,nominal,Georgia
2024,"Estate, gift, excise and other",7.77165,nominal,Georgia
2024,Income tax not withheld and SECA,24.2118,nominal,Georgia
2024,Income tax withheld and FICA,89.35,nominal,Georgia
2025,Business income taxes,14.6701,nominal,Georgia
2025,"Estate, gift, excise and other",8.90975,nominal,Georgia
2025,Income tax not withheld and SECA,26.9015,nominal,Georgia
2025,Income tax withheld and FICA,94.6093,nominal,Georgia
1998,Business income taxes,0.390821,nominal,Hawaii
1998,"Estate, gift, excise and other",0.195885,nominal,Hawaii
1998,Income tax not withheld and SECA,1.03736,nominal,Hawaii
1998,Income tax withheld and FICA,3.06691,nominal,Hawaii
1999,Business income taxes,0.586558,nominal,Hawaii
1999,"Estate, gift, excise and other",0.216269,nominal,Hawaii
1999,Income tax not withheld and SECA,1.04077,nominal,Hawaii
1999,Income tax withheld and FICA,3.72262,nominal,Hawaii
2000,Business income taxes,0.501902,nominal,Hawaii
2000,"Estate, gift, excise and other",0.192712,nominal,Hawaii
2000,Income tax not withheld and SECA,1.24335,nominal,Hawaii
2000,Income tax withheld and FICA,4.29889,nominal,Hawaii
2001,Business income taxes,0.348429,nominal,Hawaii
2001,"Estate, gift, excise and other",0.340576,nominal,Hawaii
2001,Income tax not withheld and SECA,1.34777,nominal,Hawaii
2001,Income tax withheld and FICA,4.65261,nominal,Hawaii
2002,Business income taxes,0.606173,nominal,Hawaii
2002,"Estate, gift, excise and other",0.19374,nominal,Hawaii
2002,Income tax not withheld and SECA,1.19602,nominal,Hawaii
2002,Income tax withheld and FICA,3.56403,nominal,Hawaii
2003,Business income taxes,0.381241,nominal,Hawaii
2003,"Estate, gift, excise and other",0.185129,nominal,Hawaii
2003,Income tax not withheld and SECA,1.07123,nominal,Hawaii
2003,Income tax withheld and FICA,3.62483,nominal,Hawaii
2004,Business income taxes,0.460777,nominal,Hawaii
2004,"Estate, gift, excise and other",0.208216,nominal,Hawaii
2004,Income tax not withheld and SECA,1.22792,nominal,Hawaii
2004,Income tax withheld and FICA,6.49787,nominal,Hawaii
2005,Business income taxes,0.582688,nominal,Hawaii
2005,"Estate, gift, excise and other",0.28279,nominal,Hawaii
2005,Income tax not withheld and SECA,1.47914,nominal,Hawaii
2005,Income tax withheld and FICA,4.33587,nominal,Hawaii
2006,Business income taxes,0.655818,nominal,Hawaii
2006,"Estate, gift, excise and other",0.305369,nominal,Hawaii
2006,Income tax not withheld and SECA,1.82011,nominal,Hawaii
2006,Income tax withheld and FICA,4.34103,nominal,Hawaii
2007,Business income taxes,0.677846,nominal,Hawaii
2007,"Estate, gift, excise and other",0.250964,nominal,Hawaii
2007,Income tax not withheld and SECA,1.87898,nominal,Hawaii
2007,Income tax withheld and FICA,4.8587,nominal,Hawaii
2008,Business income taxes,0.735937,nominal,Hawaii
2008,"Estate, gift, excise and other",0.278747,nominal,Hawaii
2008,Income tax not withheld and SECA,2.02268,nominal,Hawaii
2008,Income tax withheld and FICA,5.45257,nominal,Hawaii
2009,Business income taxes,0.423772,nominal,Hawaii
2009,"Estate, gift, excise and other",0.247246,nominal,Hawaii
2009,Income tax not withheld and SECA,1.29785,nominal,Hawaii
2009,Income tax withheld and FICA,4.77872,nominal,Hawaii
2010,Business income taxes,0.494126,nominal,Hawaii
2010,"Estate, gift, excise and other",0.250928,nominal,Hawaii
2010,Income tax not withheld and SECA,1.17849,nominal,Hawaii
2010,Income tax withheld and FICA,4.35729,nominal,Hawaii
2011,Business income taxes,0.36538,nominal,Hawaii
2011,"Estate, gift, excise and other",0.216822,nominal,Hawaii
2011,Income tax not withheld and SECA,1.2403,nominal,Hawaii
2011,Income tax withheld and FICA,4.30522,nominal,Hawaii
2012,Business income taxes,0.39872,nominal,Hawaii
2012,"Estate, gift, excise and other",0.246544,nominal,Hawaii
2012,Income tax not withheld and SECA,1.27701,nominal,Hawaii
2012,Income tax withheld and FICA,4.5893,nominal,Hawaii
2013,Business income taxes,0.383103,nominal,Hawaii
2013,"Estate, gift, excise and other",0.299929,nominal,Hawaii
2013,Income tax not withheld and SECA,1.49199,nominal,Hawaii
2013,Income tax withheld and FICA,4.96471,nominal,Hawaii
2014,Business income taxes,0.376857,nominal,Hawaii
2014,"Estate, gift, excise and other",0.366215,nominal,Hawaii
2014,Income tax not withheld and SECA,1.65961,nominal,Hawaii
2014,Income tax withheld and FICA,5.3201599999999996,nominal,Hawaii
2015,Business income taxes,0.476171,nominal,Hawaii
2015,"Estate, gift, excise and other",0.368085,nominal,Hawaii
2015,Income tax not withheld and SECA,1.87544,nominal,Hawaii
2015,Income tax withheld and FICA,5.5016,nominal,Hawaii
2016,Business income taxes,0.581689,nominal,Hawaii
2016,"Estate, gift, excise and other",0.455741,nominal,Hawaii
2016,Income tax not withheld and SECA,1.95757,nominal,Hawaii
2016,Income tax withheld and FICA,5.81688,nominal,Hawaii
2017,Business income taxes,0.700144,nominal,Hawaii
2017,"Estate, gift, excise and other",0.363014,nominal,Hawaii
2017,Income tax not withheld and SECA,2.09676,nominal,Hawaii
2017,Income tax withheld and FICA,6.25529,nominal,Hawaii
2018,Business income taxes,0.683176,nominal,Hawaii
2018,"Estate, gift, excise and other",0.448008,nominal,Hawaii
2018,Income tax not withheld and SECA,2.29291,nominal,Hawaii
2018,Income tax withheld and FICA,6.16763,nominal,Hawaii
2019,Business income taxes,0.539647,nominal,Hawaii
2019,"Estate, gift, excise and other",0.389911,nominal,Hawaii
2019,Income tax not withheld and SECA,2.16125,nominal,Hawaii
2019,Income tax withheld and FICA,6.15548,nominal,Hawaii
2020,Business income taxes,0.540505,nominal,Hawaii
2020,"Estate, gift, excise and other",0.292391,nominal,Hawaii
2020,Income tax not withheld and SECA,2.09636,nominal,Hawaii
2020,Income tax withheld and FICA,5.889,nominal,Hawaii
2021,Business income taxes,0.601545,nominal,Hawaii
2021,"Estate, gift, excise and other",0.282387,nominal,Hawaii
2021,Income tax not withheld and SECA,2.56346,nominal,Hawaii
2021,Income tax withheld and FICA,6.04687,nominal,Hawaii
2022,Business income taxes,0.629434,nominal,Hawaii
2022,"Estate, gift, excise and other",0.403762,nominal,Hawaii
2022,Income tax not withheld and SECA,3.8909,nominal,Hawaii
2022,Income tax withheld and FICA,6.65966,nominal,Hawaii
2023,Business income taxes,0.62915,nominal,Hawaii
2023,"Estate, gift, excise and other",0.427162,nominal,Hawaii
2023,Income tax not withheld and SECA,3.27104,nominal,Hawaii
2023,Income tax withheld and FICA,6.99539,nominal,Hawaii
2024,Business income taxes,0.54267,nominal,Hawaii
2024,"Estate, gift, excise and other",0.456014,nominal,Hawaii
2024,Income tax not withheld and SECA,3.1003,nominal,Hawaii
2024,Income tax withheld and FICA,7.30381,nominal,Hawaii
2025,Business income taxes,0.476399,nominal,Hawaii
2025,"Estate, gift, excise and other",0.582788,nominal,Hawaii
2025,Income tax not withheld and SECA,3.5478,nominal,Hawaii
2025,Income tax withheld and FICA,7.87514,nominal,Hawaii
1998,Business income taxes,0.52905,nominal,Idaho
1998,"Estate, gift, excise and other",0.0844015,nominal,Idaho
1998,Income tax not withheld and SECA,1.03834,nominal,Idaho
1998,Income tax withheld and FICA,3.69428,nominal,Idaho
1999,Business income taxes,0.601333,nominal,Idaho
1999,"Estate, gift, excise and other",0.108852,nominal,Idaho
1999,Income tax not withheld and SECA,1.06259,nominal,Idaho
1999,Income tax withheld and FICA,4.33537,nominal,Idaho
2000,Business income taxes,0.846025,nominal,Idaho
2000,"Estate, gift, excise and other",0.139361,nominal,Idaho
2000,Income tax not withheld and SECA,1.25899,nominal,Idaho
2000,Income tax withheld and FICA,5.08532,nominal,Idaho
2001,Business income taxes,1.00496,nominal,Idaho
2001,"Estate, gift, excise and other",0.248278,nominal,Idaho
2001,Income tax not withheld and SECA,1.30572,nominal,Idaho
2001,Income tax withheld and FICA,5.50258,nominal,Idaho
2002,Business income taxes,0.506782,nominal,Idaho
2002,"Estate, gift, excise and other",0.10154,nominal,Idaho
2002,Income tax not withheld and SECA,1.01618,nominal,Idaho
2002,Income tax withheld and FICA,5.27049,nominal,Idaho
2003,Business income taxes,0.496204,nominal,Idaho
2003,"Estate, gift, excise and other",0.134125,nominal,Idaho
2003,Income tax not withheld and SECA,0.969781,nominal,Idaho
2003,Income tax withheld and FICA,5.15667,nominal,Idaho
2004,Business income taxes,0.261352,nominal,Idaho
2004,"Estate, gift, excise and other",0.123962,nominal,Idaho
2004,Income tax not withheld and SECA,0.949646,nominal,Idaho
2004,Income tax withheld and FICA,5.14465,nominal,Idaho
2005,Business income taxes,0.778778,nominal,Idaho
2005,"Estate, gift, excise and other",0.117734,nominal,Idaho
2005,Income tax not withheld and SECA,1.29444,nominal,Idaho
2005,Income tax withheld and FICA,5.61784,nominal,Idaho
2006,Business income taxes,0.603353,nominal,Idaho
2006,"Estate, gift, excise and other",0.127296,nominal,Idaho
2006,Income tax not withheld and SECA,1.73427,nominal,Idaho
2006,Income tax withheld and FICA,5.81471,nominal,Idaho
2007,Business income taxes,0.65003,nominal,Idaho
2007,"Estate, gift, excise and other",0.128851,nominal,Idaho
2007,Income tax not withheld and SECA,1.93694,nominal,Idaho
2007,Income tax withheld and FICA,6.309,nominal,Idaho
2008,Business income taxes,0.391321,nominal,Idaho
2008,"Estate, gift, excise and other",0.167108,nominal,Idaho
2008,Income tax not withheld and SECA,1.91395,nominal,Idaho
2008,Income tax withheld and FICA,6.12797,nominal,Idaho
2009,Business income taxes,0.501992,nominal,Idaho
2009,"Estate, gift, excise and other",0.162813,nominal,Idaho
2009,Income tax not withheld and SECA,1.27431,nominal,Idaho
2009,Income tax withheld and FICA,4.92052,nominal,Idaho
2010,Business income taxes,0.207477,nominal,Idaho
2010,"Estate, gift, excise and other",0.102906,nominal,Idaho
2010,Income tax not withheld and SECA,1.13553,nominal,Idaho
2010,Income tax withheld and FICA,4.77096,nominal,Idaho
2011,Business income taxes,0.286609,nominal,Idaho
2011,"Estate, gift, excise and other",0.117673,nominal,Idaho
2011,Income tax not withheld and SECA,1.22367,nominal,Idaho
2011,Income tax withheld and FICA,4.71792,nominal,Idaho
2012,Business income taxes,0.367921,nominal,Idaho
2012,"Estate, gift, excise and other",0.125159,nominal,Idaho
2012,Income tax not withheld and SECA,1.31946,nominal,Idaho
2012,Income tax withheld and FICA,5.80995,nominal,Idaho
2013,Business income taxes,0.505957,nominal,Idaho
2013,"Estate, gift, excise and other",0.141829,nominal,Idaho
2013,Income tax not withheld and SECA,1.63577,nominal,Idaho
2013,Income tax withheld and FICA,6.38559,nominal,Idaho
2014,Business income taxes,0.33388,nominal,Idaho
2014,"Estate, gift, excise and other",0.241084,nominal,Idaho
2014,Income tax not withheld and SECA,1.76974,nominal,Idaho
2014,Income tax withheld and FICA,6.87904,nominal,Idaho
2015,Business income taxes,0.268962,nominal,Idaho
2015,"Estate, gift, excise and other",0.241615,nominal,Idaho
2015,Income tax not withheld and SECA,2.02378,nominal,Idaho
2015,Income tax withheld and FICA,7.25067,nominal,Idaho
2016,Business income taxes,0.278643,nominal,Idaho
2016,"Estate, gift, excise and other",0.207212,nominal,Idaho
2016,Income tax not withheld and SECA,2.09706,nominal,Idaho
2016,Income tax withheld and FICA,7.50033,nominal,Idaho
2017,Business income taxes,0.337112,nominal,Idaho
2017,"Estate, gift, excise and other",0.205694,nominal,Idaho
2017,Income tax not withheld and SECA,2.20209,nominal,Idaho
2017,Income tax withheld and FICA,7.64112,nominal,Idaho
2018,Business income taxes,0.337959,nominal,Idaho
2018,"Estate, gift, excise and other",0.236027,nominal,Idaho
2018,Income tax not withheld and SECA,2.37521,nominal,Idaho
2018,Income tax withheld and FICA,7.90921,nominal,Idaho
2019,Business income taxes,0.439295,nominal,Idaho
2019,"Estate, gift, excise and other",0.2201,nominal,Idaho
2019,Income tax not withheld and SECA,2.53143,nominal,Idaho
2019,Income tax withheld and FICA,8.15235,nominal,Idaho
2020,Business income taxes,0.590379,nominal,Idaho
2020,"Estate, gift, excise and other",0.199516,nominal,Idaho
2020,Income tax not withheld and SECA,2.72264,nominal,Idaho
2020,Income tax withheld and FICA,8.10654,nominal,Idaho
2021,Business income taxes,0.783783,nominal,Idaho
2021,"Estate, gift, excise and other",0.296927,nominal,Idaho
2021,Income tax not withheld and SECA,3.84004,nominal,Idaho
2021,Income tax withheld and FICA,9.13965,nominal,Idaho
2022,Business income taxes,0.871918,nominal,Idaho
2022,"Estate, gift, excise and other",0.32904,nominal,Idaho
2022,Income tax not withheld and SECA,5.69769,nominal,Idaho
2022,Income tax withheld and FICA,10.4262,nominal,Idaho
2023,Business income taxes,1.10614,nominal,Idaho
2023,"Estate, gift, excise and other",0.24142,nominal,Idaho
2023,Income tax not withheld and SECA,4.72698,nominal,Idaho
2023,Income tax withheld and FICA,11.6825,nominal,Idaho
2024,Business income taxes,0.879264,nominal,Idaho
2024,"Estate, gift, excise and other",0.24542,nominal,Idaho
2024,Income tax not withheld and SECA,4.62984,nominal,Idaho
2024,Income tax withheld and FICA,12.1648,nominal,Idaho
2025,Business income taxes,0.673444,nominal,Idaho
2025,"Estate, gift, excise and other",0.250823,nominal,Idaho
2025,Income tax not withheld and SECA,5.37493,nominal,Idaho
2025,Income tax withheld and FICA,12.1661,nominal,Idaho
1998,Business income taxes,14.9253,nominal,Illinois
1998,"Estate, gift, excise and other",4.91651,nominal,Illinois
1998,Income tax not withheld and SECA,16.9819,nominal,Illinois
1998,Income tax withheld and FICA,67.711,nominal,Illinois
1999,Business income taxes,14.1212,nominal,Illinois
1999,"Estate, gift, excise and other",6.18651,nominal,Illinois
1999,Income tax not withheld and SECA,18.2363,nominal,Illinois
1999,Income tax withheld and FICA,72.2182,nominal,Illinois
2000,Business income taxes,12.6554,nominal,Illinois
2000,"Estate, gift, excise and other",5.81505,nominal,Illinois
2000,Income tax not withheld and SECA,20.266,nominal,Illinois
2000,Income tax withheld and FICA,76.4121,nominal,Illinois
2001,Business income taxes,11.6775,nominal,Illinois
2001,"Estate, gift, excise and other",4.05244,nominal,Illinois
2001,Income tax not withheld and SECA,20.5048,nominal,Illinois
2001,Income tax withheld and FICA,76.7848,nominal,Illinois
2002,Business income taxes,11.9921,nominal,Illinois
2002,"Estate, gift, excise and other",5.89935,nominal,Illinois
2002,Income tax not withheld and SECA,15.6542,nominal,Illinois
2002,Income tax withheld and FICA,77.9749,nominal,Illinois
2003,Business income taxes,12.4042,nominal,Illinois
2003,"Estate, gift, excise and other",4.66113,nominal,Illinois
2003,Income tax not withheld and SECA,14.1554,nominal,Illinois
2003,Income tax withheld and FICA,74.6344,nominal,Illinois
2004,Business income taxes,17.5811,nominal,Illinois
2004,"Estate, gift, excise and other",5.07348,nominal,Illinois
2004,Income tax not withheld and SECA,13.7913,nominal,Illinois
2004,Income tax withheld and FICA,72.0307,nominal,Illinois
2005,Business income taxes,18.9827,nominal,Illinois
2005,"Estate, gift, excise and other",7.0042,nominal,Illinois
2005,Income tax not withheld and SECA,16.9542,nominal,Illinois
2005,Income tax withheld and FICA,76.2412,nominal,Illinois
2006,Business income taxes,24.1439,nominal,Illinois
2006,"Estate, gift, excise and other",3.66758,nominal,Illinois
2006,Income tax not withheld and SECA,19.6801,nominal,Illinois
2006,Income tax withheld and FICA,82.4001,nominal,Illinois
2007,Business income taxes,23.0779,nominal,Illinois
2007,"Estate, gift, excise and other",3.29486,nominal,Illinois
2007,Income tax not withheld and SECA,22.7666,nominal,Illinois
2007,Income tax withheld and FICA,86.3187,nominal,Illinois
2008,Business income taxes,18.7534,nominal,Illinois
2008,"Estate, gift, excise and other",6.09378,nominal,Illinois
2008,Income tax not withheld and SECA,24.7333,nominal,Illinois
2008,Income tax withheld and FICA,85.2907,nominal,Illinois
2009,Business income taxes,12.9917,nominal,Illinois
2009,"Estate, gift, excise and other",5.00666,nominal,Illinois
2009,Income tax not withheld and SECA,15.9674,nominal,Illinois
2009,Income tax withheld and FICA,82.1651,nominal,Illinois
2010,Business income taxes,13.5222,nominal,Illinois
2010,"Estate, gift, excise and other",4.31054,nominal,Illinois
2010,Income tax not withheld and SECA,14.1185,nominal,Illinois
2010,Income tax withheld and FICA,79.0875,nominal,Illinois
2011,Business income taxes,15.1066,nominal,Illinois
2011,"Estate, gift, excise and other",4.82645,nominal,Illinois
2011,Income tax not withheld and SECA,16.7239,nominal,Illinois
2011,Income tax withheld and FICA,82.4595,nominal,Illinois
2012,Business income taxes,17.337,nominal,Illinois
2012,"Estate, gift, excise and other",5.3862,nominal,Illinois
2012,Income tax not withheld and SECA,16.2306,nominal,Illinois
2012,Income tax withheld and FICA,85.4774,nominal,Illinois
2013,Business income taxes,16.2065,nominal,Illinois
2013,"Estate, gift, excise and other",6.54426,nominal,Illinois
2013,Income tax not withheld and SECA,20.7219,nominal,Illinois
2013,Income tax withheld and FICA,93.595,nominal,Illinois
2014,Business income taxes,20.035,nominal,Illinois
2014,"Estate, gift, excise and other",8.10857,nominal,Illinois
2014,Income tax not withheld and SECA,22.1218,nominal,Illinois
2014,Income tax withheld and FICA,98.0668,nominal,Illinois
2015,Business income taxes,20.3708,nominal,Illinois
2015,"Estate, gift, excise and other",8.73933,nominal,Illinois
2015,Income tax not withheld and SECA,24.7712,nominal,Illinois
2015,Income tax withheld and FICA,104.161,nominal,Illinois
2016,Business income taxes,19.0346,nominal,Illinois
2016,"Estate, gift, excise and other",7.77184,nominal,Illinois
2016,Income tax not withheld and SECA,24.8581,nominal,Illinois
2016,Income tax withheld and FICA,110.274,nominal,Illinois
2017,Business income taxes,18.9736,nominal,Illinois
2017,"Estate, gift, excise and other",6.55831,nominal,Illinois
2017,Income tax not withheld and SECA,23.5284,nominal,Illinois
2017,Income tax withheld and FICA,113.266,nominal,Illinois
2018,Business income taxes,13.6437,nominal,Illinois
2018,"Estate, gift, excise and other",9.7371,nominal,Illinois
2018,Income tax not withheld and SECA,26.2486,nominal,Illinois
2018,Income tax withheld and FICA,111.56,nominal,Illinois
2019,Business income taxes,14.505,nominal,Illinois
2019,"Estate, gift, excise and other",8.37602,nominal,Illinois
2019,Income tax not withheld and SECA,26.3385,nominal,Illinois
2019,Income tax withheld and FICA,113.055,nominal,Illinois
2020,Business income taxes,14.0997,nominal,Illinois
2020,"Estate, gift, excise and other",6.94973,nominal,Illinois
2020,Income tax not withheld and SECA,25.7588,nominal,Illinois
2020,Income tax withheld and FICA,109.627,nominal,Illinois
2021,Business income taxes,20.4259,nominal,Illinois
2021,"Estate, gift, excise and other",8.45396,nominal,Illinois
2021,Income tax not withheld and SECA,33.6606,nominal,Illinois
2021,Income tax withheld and FICA,121.183,nominal,Illinois
2022,Business income taxes,24.5941,nominal,Illinois
2022,"Estate, gift, excise and other",15.3709,nominal,Illinois
2022,Income tax not withheld and SECA,45.5705,nominal,Illinois
2022,Income tax withheld and FICA,137.474,nominal,Illinois
2023,Business income taxes,26.5424,nominal,Illinois
2023,"Estate, gift, excise and other",10.3385,nominal,Illinois
2023,Income tax not withheld and SECA,33.5828,nominal,Illinois
2023,Income tax withheld and FICA,142.935,nominal,Illinois
2024,Business income taxes,25.8866,nominal,Illinois
2024,"Estate, gift, excise and other",11.2945,nominal,Illinois
2024,Income tax not withheld and SECA,36.0875,nominal,Illinois
2024,Income tax withheld and FICA,148.766,nominal,Illinois
2025,Business income taxes,21.486,nominal,Illinois
2025,"Estate, gift, excise and other",12.6019,nominal,Illinois
2025,Income tax not withheld and SECA,40.6462,nominal,Illinois
2025,Income tax withheld and FICA,152.967,nominal,Illinois
1998,Business income taxes,2.68664,nominal,Indiana
1998,"Estate, gift, excise and other",0.92658,nominal,Indiana
1998,Income tax not withheld and SECA,5.13196,nominal,Indiana
1998,Income tax withheld and FICA,22.8778,nominal,Indiana
1999,Business income taxes,2.212,nominal,Indiana
1999,"Estate, gift, excise and other",0.935409,nominal,Indiana
1999,Income tax not withheld and SECA,5.6834,nominal,Indiana
1999,Income tax withheld and FICA,23.8505,nominal,Indiana
2000,Business income taxes,1.76113,nominal,Indiana
2000,"Estate, gift, excise and other",1.24149,nominal,Indiana
2000,Income tax not withheld and SECA,5.86049,nominal,Indiana
2000,Income tax withheld and FICA,25.0281,nominal,Indiana
2001,Business income taxes,1.70964,nominal,Indiana
2001,"Estate, gift, excise and other",0.919466,nominal,Indiana
2001,Income tax not withheld and SECA,5.67027,nominal,Indiana
2001,Income tax withheld and FICA,25.2732,nominal,Indiana
2002,Business income taxes,2.62385,nominal,Indiana
2002,"Estate, gift, excise and other",0.86872,nominal,Indiana
2002,Income tax not withheld and SECA,4.79242,nominal,Indiana
2002,Income tax withheld and FICA,25.7142,nominal,Indiana
2003,Business income taxes,1.7815,nominal,Indiana
2003,"Estate, gift, excise and other",0.738847,nominal,Indiana
2003,Income tax not withheld and SECA,4.39265,nominal,Indiana
2003,Income tax withheld and FICA,26.153,nominal,Indiana
2004,Business income taxes,2.271,nominal,Indiana
2004,"Estate, gift, excise and other",0.978002,nominal,Indiana
2004,Income tax not withheld and SECA,4.05746,nominal,Indiana
2004,Income tax withheld and FICA,24.886,nominal,Indiana
2005,Business income taxes,3.86177,nominal,Indiana
2005,"Estate, gift, excise and other",1.0039,nominal,Indiana
2005,Income tax not withheld and SECA,4.82288,nominal,Indiana
2005,Income tax withheld and FICA,28.0632,nominal,Indiana
2006,Business income taxes,5.17959,nominal,Indiana
2006,"Estate, gift, excise and other",0.81319,nominal,Indiana
2006,Income tax not withheld and SECA,5.60767,nominal,Indiana
2006,Income tax withheld and FICA,28.2515,nominal,Indiana
2007,Business income taxes,4.85415,nominal,Indiana
2007,"Estate, gift, excise and other",0.783408,nominal,Indiana
2007,Income tax not withheld and SECA,6.01912,nominal,Indiana
2007,Income tax withheld and FICA,31.0114,nominal,Indiana
2008,Business income taxes,4.43319,nominal,Indiana
2008,"Estate, gift, excise and other",0.716479,nominal,Indiana
2008,Income tax not withheld and SECA,6.46886,nominal,Indiana
2008,Income tax withheld and FICA,31.6129,nominal,Indiana
2009,Business income taxes,2.88324,nominal,Indiana
2009,"Estate, gift, excise and other",0.74242,nominal,Indiana
2009,Income tax not withheld and SECA,4.5145,nominal,Indiana
2009,Income tax withheld and FICA,33.9687,nominal,Indiana
2010,Business income taxes,3.96567,nominal,Indiana
2010,"Estate, gift, excise and other",0.664609,nominal,Indiana
2010,Income tax not withheld and SECA,4.34136,nominal,Indiana
2010,Income tax withheld and FICA,34.3483,nominal,Indiana
2011,Business income taxes,2.79347,nominal,Indiana
2011,"Estate, gift, excise and other",0.951169,nominal,Indiana
2011,Income tax not withheld and SECA,4.86754,nominal,Indiana
2011,Income tax withheld and FICA,35.2744,nominal,Indiana
2012,Business income taxes,3.22836,nominal,Indiana
2012,"Estate, gift, excise and other",1.21295,nominal,Indiana
2012,Income tax not withheld and SECA,5.06798,nominal,Indiana
2012,Income tax withheld and FICA,41.7292,nominal,Indiana
2013,Business income taxes,3.61607,nominal,Indiana
2013,"Estate, gift, excise and other",1.36782,nominal,Indiana
2013,Income tax not withheld and SECA,6.24791,nominal,Indiana
2013,Income tax withheld and FICA,39.7627,nominal,Indiana
2014,Business income taxes,4.56192,nominal,Indiana
2014,"Estate, gift, excise and other",2.57683,nominal,Indiana
2014,Income tax not withheld and SECA,6.61114,nominal,Indiana
2014,Income tax withheld and FICA,40.8567,nominal,Indiana
2015,Business income taxes,4.89155,nominal,Indiana
2015,"Estate, gift, excise and other",2.78179,nominal,Indiana
2015,Income tax not withheld and SECA,7.31764,nominal,Indiana
2015,Income tax withheld and FICA,42.9818,nominal,Indiana
2016,Business income taxes,4.24552,nominal,Indiana
2016,"Estate, gift, excise and other",2.25625,nominal,Indiana
2016,Income tax not withheld and SECA,7.48539,nominal,Indiana
2016,Income tax withheld and FICA,43.1515,nominal,Indiana
2017,Business income taxes,3.62476,nominal,Indiana
2017,"Estate, gift, excise and other",1.20675,nominal,Indiana
2017,Income tax not withheld and SECA,7.52706,nominal,Indiana
2017,Income tax withheld and FICA,46.5824,nominal,Indiana
2018,Business income taxes,3.87908,nominal,Indiana
2018,"Estate, gift, excise and other",1.08622,nominal,Indiana
2018,Income tax not withheld and SECA,7.84118,nominal,Indiana
2018,Income tax withheld and FICA,45.8924,nominal,Indiana
2019,Business income taxes,3.3758,nominal,Indiana
2019,"Estate, gift, excise and other",2.90842,nominal,Indiana
2019,Income tax not withheld and SECA,7.4324,nominal,Indiana
2019,Income tax withheld and FICA,46.9104,nominal,Indiana
2020,Business income taxes,4.11122,nominal,Indiana
2020,"Estate, gift, excise and other",2.5874,nominal,Indiana
2020,Income tax not withheld and SECA,7.24451,nominal,Indiana
2020,Income tax withheld and FICA,46.4606,nominal,Indiana
2021,Business income taxes,5.21246,nominal,Indiana
2021,"Estate, gift, excise and other",1.34655,nominal,Indiana
2021,Income tax not withheld and SECA,9.3864,nominal,Indiana
2021,Income tax withheld and FICA,49.2278,nominal,Indiana
2022,Business income taxes,7.22379,nominal,Indiana
2022,"Estate, gift, excise and other",1.35461,nominal,Indiana
2022,Income tax not withheld and SECA,13.6575,nominal,Indiana
2022,Income tax withheld and FICA,56.8578,nominal,Indiana
2023,Business income taxes,9.08582,nominal,Indiana
2023,"Estate, gift, excise and other",1.22269,nominal,Indiana
2023,Income tax not withheld and SECA,11.8218,nominal,Indiana
2023,Income tax withheld and FICA,57.6387,nominal,Indiana
2024,Business income taxes,10.0351,nominal,Indiana
2024,"Estate, gift, excise and other",1.65424,nominal,Indiana
2024,Income tax not withheld and SECA,12.2087,nominal,Indiana
2024,Income tax withheld and FICA,60.0285,nominal,Indiana
2025,Business income taxes,7.25554,nominal,Indiana
2025,"Estate, gift, excise and other",2.05621,nominal,Indiana
2025,Income tax not withheld and SECA,13.4241,nominal,Indiana
2025,Income tax withheld and FICA,59.9399,nominal,Indiana
1998,Business income taxes,1.81955,nominal,Iowa
1998,"Estate, gift, excise and other",0.307754,nominal,Iowa
1998,Income tax not withheld and SECA,2.69989,nominal,Iowa
1998,Income tax withheld and FICA,8.59547,nominal,Iowa
1999,Business income taxes,1.80729,nominal,Iowa
1999,"Estate, gift, excise and other",0.319169,nominal,Iowa
1999,Income tax not withheld and SECA,2.70449,nominal,Iowa
1999,Income tax withheld and FICA,9.36133,nominal,Iowa
2000,Business income taxes,1.4446,nominal,Iowa
2000,"Estate, gift, excise and other",0.381884,nominal,Iowa
2000,Income tax not withheld and SECA,2.89545,nominal,Iowa
2000,Income tax withheld and FICA,9.92438,nominal,Iowa
2001,Business income taxes,1.26824,nominal,Iowa
2001,"Estate, gift, excise and other",0.376466,nominal,Iowa
2001,Income tax not withheld and SECA,2.78353,nominal,Iowa
2001,Income tax withheld and FICA,10.4857,nominal,Iowa
2002,Business income taxes,1.40981,nominal,Iowa
2002,"Estate, gift, excise and other",0.295069,nominal,Iowa
2002,Income tax not withheld and SECA,2.28306,nominal,Iowa
2002,Income tax withheld and FICA,10.583,nominal,Iowa
2003,Business income taxes,1.65635,nominal,Iowa
2003,"Estate, gift, excise and other",0.315109,nominal,Iowa
2003,Income tax not withheld and SECA,2.08184,nominal,Iowa
2003,Income tax withheld and FICA,10.5056,nominal,Iowa
2004,Business income taxes,1.62689,nominal,Iowa
2004,"Estate, gift, excise and other",0.312345,nominal,Iowa
2004,Income tax not withheld and SECA,1.92396,nominal,Iowa
2004,Income tax withheld and FICA,10.6799,nominal,Iowa
2005,Business income taxes,3.01119,nominal,Iowa
2005,"Estate, gift, excise and other",0.374468,nominal,Iowa
2005,Income tax not withheld and SECA,2.37355,nominal,Iowa
2005,Income tax withheld and FICA,11.4084,nominal,Iowa
2006,Business income taxes,1.9811,nominal,Iowa
2006,"Estate, gift, excise and other",0.429187,nominal,Iowa
2006,Income tax not withheld and SECA,2.65675,nominal,Iowa
2006,Income tax withheld and FICA,12.3335,nominal,Iowa
2007,Business income taxes,2.04798,nominal,Iowa
2007,"Estate, gift, excise and other",0.35426,nominal,Iowa
2007,Income tax not withheld and SECA,3.0135,nominal,Iowa
2007,Income tax withheld and FICA,13.0208,nominal,Iowa
2008,Business income taxes,2.30078,nominal,Iowa
2008,"Estate, gift, excise and other",0.28624,nominal,Iowa
2008,Income tax not withheld and SECA,3.37984,nominal,Iowa
2008,Income tax withheld and FICA,13.7166,nominal,Iowa
2009,Business income taxes,1.42744,nominal,Iowa
2009,"Estate, gift, excise and other",0.326754,nominal,Iowa
2009,Income tax not withheld and SECA,2.8325,nominal,Iowa
2009,Income tax withheld and FICA,13.0277,nominal,Iowa
2010,Business income taxes,1.74473,nominal,Iowa
2010,"Estate, gift, excise and other",0.278125,nominal,Iowa
2010,Income tax not withheld and SECA,2.5776,nominal,Iowa
2010,Income tax withheld and FICA,12.9756,nominal,Iowa
2011,Business income taxes,1.32536,nominal,Iowa
2011,"Estate, gift, excise and other",0.261443,nominal,Iowa
2011,Income tax not withheld and SECA,2.81393,nominal,Iowa
2011,Income tax withheld and FICA,13.4046,nominal,Iowa
2012,Business income taxes,1.31507,nominal,Iowa
2012,"Estate, gift, excise and other",0.341162,nominal,Iowa
2012,Income tax not withheld and SECA,3.18715,nominal,Iowa
2012,Income tax withheld and FICA,13.9102,nominal,Iowa
2013,Business income taxes,1.26581,nominal,Iowa
2013,"Estate, gift, excise and other",0.408812,nominal,Iowa
2013,Income tax not withheld and SECA,4.20099,nominal,Iowa
2013,Income tax withheld and FICA,15.3138,nominal,Iowa
2014,Business income taxes,1.54438,nominal,Iowa
2014,"Estate, gift, excise and other",0.510704,nominal,Iowa
2014,Income tax not withheld and SECA,4.04474,nominal,Iowa
2014,Income tax withheld and FICA,16.2094,nominal,Iowa
2015,Business income taxes,1.96593,nominal,Iowa
2015,"Estate, gift, excise and other",0.579076,nominal,Iowa
2015,Income tax not withheld and SECA,4.38471,nominal,Iowa
2015,Income tax withheld and FICA,17.0397,nominal,Iowa
2016,Business income taxes,1.54023,nominal,Iowa
2016,"Estate, gift, excise and other",0.519167,nominal,Iowa
2016,Income tax not withheld and SECA,4.17792,nominal,Iowa
2016,Income tax withheld and FICA,17.7094,nominal,Iowa
2017,Business income taxes,1.41637,nominal,Iowa
2017,"Estate, gift, excise and other",0.480682,nominal,Iowa
2017,Income tax not withheld and SECA,4.06218,nominal,Iowa
2017,Income tax withheld and FICA,18.6831,nominal,Iowa
2018,Business income taxes,1.1308,nominal,Iowa
2018,"Estate, gift, excise and other",0.626237,nominal,Iowa
2018,Income tax not withheld and SECA,4.18643,nominal,Iowa
2018,Income tax withheld and FICA,19.1685,nominal,Iowa
2019,Business income taxes,0.886122,nominal,Iowa
2019,"Estate, gift, excise and other",0.477709,nominal,Iowa
2019,Income tax not withheld and SECA,4.03412,nominal,Iowa
2019,Income tax withheld and FICA,19.5166,nominal,Iowa
2020,Business income taxes,1.07009,nominal,Iowa
2020,"Estate, gift, excise and other",0.455435,nominal,Iowa
2020,Income tax not withheld and SECA,3.95088,nominal,Iowa
2020,Income tax withheld and FICA,18.9758,nominal,Iowa
2021,Business income taxes,1.88886,nominal,Iowa
2021,"Estate, gift, excise and other",0.561403,nominal,Iowa
2021,Income tax not withheld and SECA,5.12188,nominal,Iowa
2021,Income tax withheld and FICA,20.7219,nominal,Iowa
2022,Business income taxes,2.30616,nominal,Iowa
2022,"Estate, gift, excise and other",0.768169,nominal,Iowa
2022,Income tax not withheld and SECA,6.45844,nominal,Iowa
2022,Income tax withheld and FICA,24.5507,nominal,Iowa
2023,Business income taxes,1.57036,nominal,Iowa
2023,"Estate, gift, excise and other",0.574594,nominal,Iowa
2023,Income tax not withheld and SECA,6.43583,nominal,Iowa
2023,Income tax withheld and FICA,25.0636,nominal,Iowa
2024,Business income taxes,1.94903,nominal,Iowa
2024,"Estate, gift, excise and other",0.672163,nominal,Iowa
2024,Income tax not withheld and SECA,6.57473,nominal,Iowa
2024,Income tax withheld and FICA,26.4003,nominal,Iowa
2025,Business income taxes,1.74995,nominal,Iowa
2025,"Estate, gift, excise and other",0.695032,nominal,Iowa
2025,Income tax not withheld and SECA,6.87819,nominal,Iowa
2025,Income tax withheld and FICA,27.4089,nominal,Iowa
1998,Business income taxes,1.49887,nominal,Kansas
1998,"Estate, gift, excise and other",1.95945,nominal,Kansas
1998,Income tax not withheld and SECA,2.7266,nominal,Kansas
1998,Income tax withheld and FICA,9.13511,nominal,Kansas
1999,Business income taxes,0.886224,nominal,Kansas
1999,"Estate, gift, excise and other",2.41456,nominal,Kansas
1999,Income tax not withheld and SECA,2.79233,nominal,Kansas
1999,Income tax withheld and FICA,10.0077,nominal,Kansas
2000,Business income taxes,1.03414,nominal,Kansas
2000,"Estate, gift, excise and other",2.49155,nominal,Kansas
2000,Income tax not withheld and SECA,3.05408,nominal,Kansas
2000,Income tax withheld and FICA,11.2356,nominal,Kansas
2001,Business income taxes,0.913488,nominal,Kansas
2001,"Estate, gift, excise and other",2.76548,nominal,Kansas
2001,Income tax not withheld and SECA,3.06051,nominal,Kansas
2001,Income tax withheld and FICA,11.6573,nominal,Kansas
2002,Business income taxes,0.926707,nominal,Kansas
2002,"Estate, gift, excise and other",1.93748,nominal,Kansas
2002,Income tax not withheld and SECA,2.39268,nominal,Kansas
2002,Income tax withheld and FICA,11.0363,nominal,Kansas
2003,Business income taxes,0.731812,nominal,Kansas
2003,"Estate, gift, excise and other",1.73858,nominal,Kansas
2003,Income tax not withheld and SECA,2.23158,nominal,Kansas
2003,Income tax withheld and FICA,10.8143,nominal,Kansas
2004,Business income taxes,1.03608,nominal,Kansas
2004,"Estate, gift, excise and other",1.9689,nominal,Kansas
2004,Income tax not withheld and SECA,2.09418,nominal,Kansas
2004,Income tax withheld and FICA,10.7982,nominal,Kansas
2005,Business income taxes,1.60672,nominal,Kansas
2005,"Estate, gift, excise and other",2.77372,nominal,Kansas
2005,Income tax not withheld and SECA,2.48484,nominal,Kansas
2005,Income tax withheld and FICA,11.9332,nominal,Kansas
2006,Business income taxes,2.67151,nominal,Kansas
2006,"Estate, gift, excise and other",1.69914,nominal,Kansas
2006,Income tax not withheld and SECA,3.1062,nominal,Kansas
2006,Income tax withheld and FICA,12.6501,nominal,Kansas
2007,Business income taxes,2.08374,nominal,Kansas
2007,"Estate, gift, excise and other",2.25107,nominal,Kansas
2007,Income tax not withheld and SECA,3.59987,nominal,Kansas
2007,Income tax withheld and FICA,14.3766,nominal,Kansas
2008,Business income taxes,2.09532,nominal,Kansas
2008,"Estate, gift, excise and other",1.54229,nominal,Kansas
2008,Income tax not withheld and SECA,3.86406,nominal,Kansas
2008,Income tax withheld and FICA,14.6759,nominal,Kansas
2009,Business income taxes,1.26719,nominal,Kansas
2009,"Estate, gift, excise and other",2.3166,nominal,Kansas
2009,Income tax not withheld and SECA,3.06378,nominal,Kansas
2009,Income tax withheld and FICA,13.7268,nominal,Kansas
2010,Business income taxes,1.18524,nominal,Kansas
2010,"Estate, gift, excise and other",1.76458,nominal,Kansas
2010,Income tax not withheld and SECA,2.67185,nominal,Kansas
2010,Income tax withheld and FICA,13.1993,nominal,Kansas
2011,Business income taxes,1.43846,nominal,Kansas
2011,"Estate, gift, excise and other",1.56896,nominal,Kansas
2011,Income tax not withheld and SECA,3.1245,nominal,Kansas
2011,Income tax withheld and FICA,13.6263,nominal,Kansas
2012,Business income taxes,1.98001,nominal,Kansas
2012,"Estate, gift, excise and other",1.83191,nominal,Kansas
2012,Income tax not withheld and SECA,3.41805,nominal,Kansas
2012,Income tax withheld and FICA,14.6746,nominal,Kansas
2013,Business income taxes,2.65941,nominal,Kansas
2013,"Estate, gift, excise and other",2.1975,nominal,Kansas
2013,Income tax not withheld and SECA,4.11065,nominal,Kansas
2013,Income tax withheld and FICA,15.7612,nominal,Kansas
2014,Business income taxes,2.1661,nominal,Kansas
2014,"Estate, gift, excise and other",2.32253,nominal,Kansas
2014,Income tax not withheld and SECA,4.4449,nominal,Kansas
2014,Income tax withheld and FICA,16.9634,nominal,Kansas
2015,Business income taxes,1.96525,nominal,Kansas
2015,"Estate, gift, excise and other",2.20579,nominal,Kansas
2015,Income tax not withheld and SECA,5.31993,nominal,Kansas
2015,Income tax withheld and FICA,17.5283,nominal,Kansas
2016,Business income taxes,1.28316,nominal,Kansas
2016,"Estate, gift, excise and other",2.20569,nominal,Kansas
2016,Income tax not withheld and SECA,4.53217,nominal,Kansas
2016,Income tax withheld and FICA,17.2706,nominal,Kansas
2017,Business income taxes,1.63712,nominal,Kansas
2017,"Estate, gift, excise and other",1.87809,nominal,Kansas
2017,Income tax not withheld and SECA,4.33886,nominal,Kansas
2017,Income tax withheld and FICA,17.7091,nominal,Kansas
2018,Business income taxes,1.42361,nominal,Kansas
2018,"Estate, gift, excise and other",2.13209,nominal,Kansas
2018,Income tax not withheld and SECA,4.53494,nominal,Kansas
2018,Income tax withheld and FICA,17.7231,nominal,Kansas
2019,Business income taxes,1.08313,nominal,Kansas
2019,"Estate, gift, excise and other",2.31019,nominal,Kansas
2019,Income tax not withheld and SECA,4.57566,nominal,Kansas
2019,Income tax withheld and FICA,18.3689,nominal,Kansas
2020,Business income taxes,0.878776,nominal,Kansas
2020,"Estate, gift, excise and other",1.91894,nominal,Kansas
2020,Income tax not withheld and SECA,4.35893,nominal,Kansas
2020,Income tax withheld and FICA,18.1038,nominal,Kansas
2021,Business income taxes,2.15546,nominal,Kansas
2021,"Estate, gift, excise and other",2.04211,nominal,Kansas
2021,Income tax not withheld and SECA,5.86792,nominal,Kansas
2021,Income tax withheld and FICA,19.0878,nominal,Kansas
2022,Business income taxes,2.72047,nominal,Kansas
2022,"Estate, gift, excise and other",2.35242,nominal,Kansas
2022,Income tax not withheld and SECA,7.45918,nominal,Kansas
2022,Income tax withheld and FICA,22.9691,nominal,Kansas
2023,Business income taxes,2.46761,nominal,Kansas
2023,"Estate, gift, excise and other",1.72819,nominal,Kansas
2023,Income tax not withheld and SECA,6.27605,nominal,Kansas
2023,Income tax withheld and FICA,22.0585,nominal,Kansas
2024,Business income taxes,1.72232,nominal,Kansas
2024,"Estate, gift, excise and other",1.7178,nominal,Kansas
2024,Income tax not withheld and SECA,6.45883,nominal,Kansas
2024,Income tax withheld and FICA,21.4601,nominal,Kansas
2025,Business income taxes,1.65499,nominal,Kansas
2025,"Estate, gift, excise and other",1.32979,nominal,Kansas
2025,Income tax not withheld and SECA,7.3038,nominal,Kansas
2025,Income tax withheld and FICA,23.1303,nominal,Kansas
1998,Business income taxes,1.6361,nominal,Kentucky
1998,"Estate, gift, excise and other",0.651445,nominal,Kentucky
1998,Income tax not withheld and SECA,2.90683,nominal,Kentucky
1998,Income tax withheld and FICA,11.3433,nominal,Kentucky
1999,Business income taxes,1.46871,nominal,Kentucky
1999,"Estate, gift, excise and other",0.573606,nominal,Kentucky
1999,Income tax not withheld and SECA,3.06517,nominal,Kentucky
1999,Income tax withheld and FICA,11.6941,nominal,Kentucky
2000,Business income taxes,1.41312,nominal,Kentucky
2000,"Estate, gift, excise and other",0.638189,nominal,Kentucky
2000,Income tax not withheld and SECA,3.16244,nominal,Kentucky
2000,Income tax withheld and FICA,12.6853,nominal,Kentucky
2001,Business income taxes,1.21526,nominal,Kentucky
2001,"Estate, gift, excise and other",0.572663,nominal,Kentucky
2001,Income tax not withheld and SECA,3.2068,nominal,Kentucky
2001,Income tax withheld and FICA,12.7768,nominal,Kentucky
2002,Business income taxes,1.334,nominal,Kentucky
2002,"Estate, gift, excise and other",0.509052,nominal,Kentucky
2002,Income tax not withheld and SECA,2.77268,nominal,Kentucky
2002,Income tax withheld and FICA,12.7176,nominal,Kentucky
2003,Business income taxes,1.03686,nominal,Kentucky
2003,"Estate, gift, excise and other",0.488716,nominal,Kentucky
2003,Income tax not withheld and SECA,2.53066,nominal,Kentucky
2003,Income tax withheld and FICA,12.756,nominal,Kentucky
2004,Business income taxes,1.21768,nominal,Kentucky
2004,"Estate, gift, excise and other",0.528191,nominal,Kentucky
2004,Income tax not withheld and SECA,2.33259,nominal,Kentucky
2004,Income tax withheld and FICA,13.4367,nominal,Kentucky
2005,Business income taxes,1.48325,nominal,Kentucky
2005,"Estate, gift, excise and other",0.479182,nominal,Kentucky
2005,Income tax not withheld and SECA,2.76689,nominal,Kentucky
2005,Income tax withheld and FICA,14.3064,nominal,Kentucky
2006,Business income taxes,1.6063,nominal,Kentucky
2006,"Estate, gift, excise and other",0.434888,nominal,Kentucky
2006,Income tax not withheld and SECA,3.28518,nominal,Kentucky
2006,Income tax withheld and FICA,16.3836,nominal,Kentucky
2007,Business income taxes,1.51876,nominal,Kentucky
2007,"Estate, gift, excise and other",0.428255,nominal,Kentucky
2007,Income tax not withheld and SECA,3.54673,nominal,Kentucky
2007,Income tax withheld and FICA,17.6568,nominal,Kentucky
2008,Business income taxes,1.67037,nominal,Kentucky
2008,"Estate, gift, excise and other",0.517429,nominal,Kentucky
2008,Income tax not withheld and SECA,3.71266,nominal,Kentucky
2008,Income tax withheld and FICA,19.0372,nominal,Kentucky
2009,Business income taxes,1.44615,nominal,Kentucky
2009,"Estate, gift, excise and other",0.495287,nominal,Kentucky
2009,Income tax not withheld and SECA,2.82277,nominal,Kentucky
2009,Income tax withheld and FICA,18.5495,nominal,Kentucky
2010,Business income taxes,1.72732,nominal,Kentucky
2010,"Estate, gift, excise and other",0.463593,nominal,Kentucky
2010,Income tax not withheld and SECA,2.62512,nominal,Kentucky
2010,Income tax withheld and FICA,18.5674,nominal,Kentucky
2011,Business income taxes,1.84902,nominal,Kentucky
2011,"Estate, gift, excise and other",0.444161,nominal,Kentucky
2011,Income tax not withheld and SECA,2.87328,nominal,Kentucky
2011,Income tax withheld and FICA,19.2852,nominal,Kentucky
2012,Business income taxes,1.76414,nominal,Kentucky
2012,"Estate, gift, excise and other",0.48435,nominal,Kentucky
2012,Income tax not withheld and SECA,2.78464,nominal,Kentucky
2012,Income tax withheld and FICA,20.0527,nominal,Kentucky
2013,Business income taxes,2.28264,nominal,Kentucky
2013,"Estate, gift, excise and other",0.71304,nominal,Kentucky
2013,Income tax not withheld and SECA,3.3938,nominal,Kentucky
2013,Income tax withheld and FICA,21.3547,nominal,Kentucky
2014,Business income taxes,2.32436,nominal,Kentucky
2014,"Estate, gift, excise and other",1.13971,nominal,Kentucky
2014,Income tax not withheld and SECA,3.52707,nominal,Kentucky
2014,Income tax withheld and FICA,23.1371,nominal,Kentucky
2015,Business income taxes,2.62986,nominal,Kentucky
2015,"Estate, gift, excise and other",1.5762,nominal,Kentucky
2015,Income tax not withheld and SECA,4.33757,nominal,Kentucky
2015,Income tax withheld and FICA,24.1648,nominal,Kentucky
2016,Business income taxes,2.48234,nominal,Kentucky
2016,"Estate, gift, excise and other",1.62497,nominal,Kentucky
2016,Income tax not withheld and SECA,4.14946,nominal,Kentucky
2016,Income tax withheld and FICA,25.9938,nominal,Kentucky
2017,Business income taxes,2.669,nominal,Kentucky
2017,"Estate, gift, excise and other",0.635419,nominal,Kentucky
2017,Income tax not withheld and SECA,4.07268,nominal,Kentucky
2017,Income tax withheld and FICA,27.7498,nominal,Kentucky
2018,Business income taxes,2.86645,nominal,Kentucky
2018,"Estate, gift, excise and other",0.673419,nominal,Kentucky
2018,Income tax not withheld and SECA,4.56977,nominal,Kentucky
2018,Income tax withheld and FICA,26.6453,nominal,Kentucky
2019,Business income taxes,2.27275,nominal,Kentucky
2019,"Estate, gift, excise and other",1.67509,nominal,Kentucky
2019,Income tax not withheld and SECA,4.58427,nominal,Kentucky
2019,Income tax withheld and FICA,27.0629,nominal,Kentucky
2020,Business income taxes,2.66257,nominal,Kentucky
2020,"Estate, gift, excise and other",1.75081,nominal,Kentucky
2020,Income tax not withheld and SECA,4.29232,nominal,Kentucky
2020,Income tax withheld and FICA,28.691,nominal,Kentucky
2021,Business income taxes,3.0523,nominal,Kentucky
2021,"Estate, gift, excise and other",0.876141,nominal,Kentucky
2021,Income tax not withheld and SECA,5.04579,nominal,Kentucky
2021,Income tax withheld and FICA,27.7266,nominal,Kentucky
2022,Business income taxes,4.17522,nominal,Kentucky
2022,"Estate, gift, excise and other",1.03386,nominal,Kentucky
2022,Income tax not withheld and SECA,7.01321,nominal,Kentucky
2022,Income tax withheld and FICA,33.9306,nominal,Kentucky
2023,Business income taxes,4.0247,nominal,Kentucky
2023,"Estate, gift, excise and other",0.779452,nominal,Kentucky
2023,Income tax not withheld and SECA,6.11492,nominal,Kentucky
2023,Income tax withheld and FICA,37.2448,nominal,Kentucky
2024,Business income taxes,3.4274,nominal,Kentucky
2024,"Estate, gift, excise and other",0.841049,nominal,Kentucky
2024,Income tax not withheld and SECA,6.42735,nominal,Kentucky
2024,Income tax withheld and FICA,39.4899,nominal,Kentucky
2025,Business income taxes,3.5891,nominal,Kentucky
2025,"Estate, gift, excise and other",0.716359,nominal,Kentucky
2025,Income tax not withheld and SECA,5.68593,nominal,Kentucky
2025,Income tax withheld and FICA,43.9889,nominal,Kentucky
1998,Business income taxes,1.67351,nominal,Louisiana
1998,"Estate, gift, excise and other",0.502316,nominal,Louisiana
1998,Income tax not withheld and SECA,3.72146,nominal,Louisiana
1998,Income tax withheld and FICA,12.6601,nominal,Louisiana
1999,Business income taxes,1.41916,nominal,Louisiana
1999,"Estate, gift, excise and other",0.559834,nominal,Louisiana
1999,Income tax not withheld and SECA,3.61057,nominal,Louisiana
1999,Income tax withheld and FICA,9.87469,nominal,Louisiana
2000,Business income taxes,1.39381,nominal,Louisiana
2000,"Estate, gift, excise and other",0.501099,nominal,Louisiana
2000,Income tax not withheld and SECA,3.67062,nominal,Louisiana
2000,Income tax withheld and FICA,10.6346,nominal,Louisiana
2001,Business income taxes,0.987891,nominal,Louisiana
2001,"Estate, gift, excise and other",0.534959,nominal,Louisiana
2001,Income tax not withheld and SECA,3.88263,nominal,Louisiana
2001,Income tax withheld and FICA,13.8127,nominal,Louisiana
2002,Business income taxes,1.01238,nominal,Louisiana
2002,"Estate, gift, excise and other",0.388907,nominal,Louisiana
2002,Income tax not withheld and SECA,3.52074,nominal,Louisiana
2002,Income tax withheld and FICA,17.7426,nominal,Louisiana
2003,Business income taxes,1.23248,nominal,Louisiana
2003,"Estate, gift, excise and other",0.415637,nominal,Louisiana
2003,Income tax not withheld and SECA,3.04164,nominal,Louisiana
2003,Income tax withheld and FICA,15.1881,nominal,Louisiana
2004,Business income taxes,0.854664,nominal,Louisiana
2004,"Estate, gift, excise and other",0.425934,nominal,Louisiana
2004,Income tax not withheld and SECA,2.97419,nominal,Louisiana
2004,Income tax withheld and FICA,16.086,nominal,Louisiana
2005,Business income taxes,1.15091,nominal,Louisiana
2005,"Estate, gift, excise and other",0.582402,nominal,Louisiana
2005,Income tax not withheld and SECA,3.35594,nominal,Louisiana
2005,Income tax withheld and FICA,20.5581,nominal,Louisiana
2006,Business income taxes,1.16511,nominal,Louisiana
2006,"Estate, gift, excise and other",0.573116,nominal,Louisiana
2006,Income tax not withheld and SECA,3.37361,nominal,Louisiana
2006,Income tax withheld and FICA,22.2119,nominal,Louisiana
2007,Business income taxes,2.08248,nominal,Louisiana
2007,"Estate, gift, excise and other",0.44441,nominal,Louisiana
2007,Income tax not withheld and SECA,6.77747,nominal,Louisiana
2007,Income tax withheld and FICA,24.3722,nominal,Louisiana
2008,Business income taxes,2.34485,nominal,Louisiana
2008,"Estate, gift, excise and other",0.602639,nominal,Louisiana
2008,Income tax not withheld and SECA,5.70148,nominal,Louisiana
2008,Income tax withheld and FICA,26.5857,nominal,Louisiana
2009,Business income taxes,1.32623,nominal,Louisiana
2009,"Estate, gift, excise and other",0.809922,nominal,Louisiana
2009,Income tax not withheld and SECA,5.67864,nominal,Louisiana
2009,Income tax withheld and FICA,27.0681,nominal,Louisiana
2010,Business income taxes,1.69256,nominal,Louisiana
2010,"Estate, gift, excise and other",0.588903,nominal,Louisiana
2010,Income tax not withheld and SECA,4.24604,nominal,Louisiana
2010,Income tax withheld and FICA,28.035,nominal,Louisiana
2011,Business income taxes,1.54107,nominal,Louisiana
2011,"Estate, gift, excise and other",0.569142,nominal,Louisiana
2011,Income tax not withheld and SECA,4.94863,nominal,Louisiana
2011,Income tax withheld and FICA,28.8292,nominal,Louisiana
2012,Business income taxes,1.10274,nominal,Louisiana
2012,"Estate, gift, excise and other",0.689881,nominal,Louisiana
2012,Income tax not withheld and SECA,4.76337,nominal,Louisiana
2012,Income tax withheld and FICA,28.2551,nominal,Louisiana
2013,Business income taxes,1.5109,nominal,Louisiana
2013,"Estate, gift, excise and other",0.784751,nominal,Louisiana
2013,Income tax not withheld and SECA,6.08615,nominal,Louisiana
2013,Income tax withheld and FICA,31.8032,nominal,Louisiana
2014,Business income taxes,1.60443,nominal,Louisiana
2014,"Estate, gift, excise and other",1.15096,nominal,Louisiana
2014,Income tax not withheld and SECA,6.64309,nominal,Louisiana
2014,Income tax withheld and FICA,33.6246,nominal,Louisiana
2015,Business income taxes,1.10788,nominal,Louisiana
2015,"Estate, gift, excise and other",1.12247,nominal,Louisiana
2015,Income tax not withheld and SECA,6.86582,nominal,Louisiana
2015,Income tax withheld and FICA,33.532,nominal,Louisiana
2016,Business income taxes,1.23918,nominal,Louisiana
2016,"Estate, gift, excise and other",0.784891,nominal,Louisiana
2016,Income tax not withheld and SECA,6.05266,nominal,Louisiana
2016,Income tax withheld and FICA,33.4669,nominal,Louisiana
2017,Business income taxes,1.8027,nominal,Louisiana
2017,"Estate, gift, excise and other",0.761029,nominal,Louisiana
2017,Income tax not withheld and SECA,5.73586,nominal,Louisiana
2017,Income tax withheld and FICA,34.4251,nominal,Louisiana
2018,Business income taxes,1.06381,nominal,Louisiana
2018,"Estate, gift, excise and other",0.806861,nominal,Louisiana
2018,Income tax not withheld and SECA,5.96983,nominal,Louisiana
2018,Income tax withheld and FICA,34.1416,nominal,Louisiana
2019,Business income taxes,0.77279,nominal,Louisiana
2019,"Estate, gift, excise and other",0.767711,nominal,Louisiana
2019,Income tax not withheld and SECA,5.99574,nominal,Louisiana
2019,Income tax withheld and FICA,31.8941,nominal,Louisiana
2020,Business income taxes,0.773098,nominal,Louisiana
2020,"Estate, gift, excise and other",0.656933,nominal,Louisiana
2020,Income tax not withheld and SECA,5.55577,nominal,Louisiana
2020,Income tax withheld and FICA,28.9952,nominal,Louisiana
2021,Business income taxes,0.790192,nominal,Louisiana
2021,"Estate, gift, excise and other",0.779719,nominal,Louisiana
2021,Income tax not withheld and SECA,6.14823,nominal,Louisiana
2021,Income tax withheld and FICA,31.6596,nominal,Louisiana
2022,Business income taxes,1.44915,nominal,Louisiana
2022,"Estate, gift, excise and other",0.986002,nominal,Louisiana
2022,Income tax not withheld and SECA,9.42926,nominal,Louisiana
2022,Income tax withheld and FICA,37.8103,nominal,Louisiana
2023,Business income taxes,2.42378,nominal,Louisiana
2023,"Estate, gift, excise and other",0.90169,nominal,Louisiana
2023,Income tax not withheld and SECA,8.35793,nominal,Louisiana
2023,Income tax withheld and FICA,32.9502,nominal,Louisiana
2024,Business income taxes,1.31531,nominal,Louisiana
2024,"Estate, gift, excise and other",0.818007,nominal,Louisiana
2024,Income tax not withheld and SECA,8.4539,nominal,Louisiana
2024,Income tax withheld and FICA,31.2974,nominal,Louisiana
2025,Business income taxes,1.59309,nominal,Louisiana
2025,"Estate, gift, excise and other",1.14909,nominal,Louisiana
2025,Income tax not withheld and SECA,9.33195,nominal,Louisiana
2025,Income tax withheld and FICA,45.9468,nominal,Louisiana
1998,Business income taxes,0.281014,nominal,Maine
1998,"Estate, gift, excise and other",0.204799,nominal,Maine
1998,Income tax not withheld and SECA,1.02646,nominal,Maine
1998,Income tax withheld and FICA,3.11267,nominal,Maine
1999,Business income taxes,0.521731,nominal,Maine
1999,"Estate, gift, excise and other",0.240825,nominal,Maine
1999,Income tax not withheld and SECA,1.12349,nominal,Maine
1999,Income tax withheld and FICA,3.35264,nominal,Maine
2000,Business income taxes,0.469481,nominal,Maine
2000,"Estate, gift, excise and other",0.31646,nominal,Maine
2000,Income tax not withheld and SECA,1.23878,nominal,Maine
2000,Income tax withheld and FICA,3.54497,nominal,Maine
2001,Business income taxes,0.281586,nominal,Maine
2001,"Estate, gift, excise and other",0.347939,nominal,Maine
2001,Income tax not withheld and SECA,1.38217,nominal,Maine
2001,Income tax withheld and FICA,3.72634,nominal,Maine
2002,Business income taxes,0.340476,nominal,Maine
2002,"Estate, gift, excise and other",0.249285,nominal,Maine
2002,Income tax not withheld and SECA,1.11761,nominal,Maine
2002,Income tax withheld and FICA,3.59555,nominal,Maine
2003,Business income taxes,0.321962,nominal,Maine
2003,"Estate, gift, excise and other",0.22235,nominal,Maine
2003,Income tax not withheld and SECA,1.03022,nominal,Maine
2003,Income tax withheld and FICA,3.61924,nominal,Maine
2004,Business income taxes,0.326757,nominal,Maine
2004,"Estate, gift, excise and other",0.259648,nominal,Maine
2004,Income tax not withheld and SECA,0.991733,nominal,Maine
2004,Income tax withheld and FICA,3.90859,nominal,Maine
2005,Business income taxes,0.378624,nominal,Maine
2005,"Estate, gift, excise and other",0.239335,nominal,Maine
2005,Income tax not withheld and SECA,1.1131,nominal,Maine
2005,Income tax withheld and FICA,3.98634,nominal,Maine
2006,Business income taxes,0.490185,nominal,Maine
2006,"Estate, gift, excise and other",0.283076,nominal,Maine
2006,Income tax not withheld and SECA,1.27888,nominal,Maine
2006,Income tax withheld and FICA,4.24809,nominal,Maine
2007,Business income taxes,0.321537,nominal,Maine
2007,"Estate, gift, excise and other",0.305482,nominal,Maine
2007,Income tax not withheld and SECA,1.40195,nominal,Maine
2007,Income tax withheld and FICA,4.26025,nominal,Maine
2008,Business income taxes,0.431929,nominal,Maine
2008,"Estate, gift, excise and other",0.291899,nominal,Maine
2008,Income tax not withheld and SECA,1.40151,nominal,Maine
2008,Income tax withheld and FICA,4.61163,nominal,Maine
2009,Business income taxes,0.177487,nominal,Maine
2009,"Estate, gift, excise and other",0.279854,nominal,Maine
2009,Income tax not withheld and SECA,0.992771,nominal,Maine
2009,Income tax withheld and FICA,4.65569,nominal,Maine
2010,Business income taxes,0.220052,nominal,Maine
2010,"Estate, gift, excise and other",0.188062,nominal,Maine
2010,Income tax not withheld and SECA,0.904156,nominal,Maine
2010,Income tax withheld and FICA,4.58357,nominal,Maine
2011,Business income taxes,0.408867,nominal,Maine
2011,"Estate, gift, excise and other",0.216484,nominal,Maine
2011,Income tax not withheld and SECA,1.05434,nominal,Maine
2011,Income tax withheld and FICA,4.47346,nominal,Maine
2012,Business income taxes,0.509393,nominal,Maine
2012,"Estate, gift, excise and other",0.21995,nominal,Maine
2012,Income tax not withheld and SECA,1.01611,nominal,Maine
2012,Income tax withheld and FICA,4.48374,nominal,Maine
2013,Business income taxes,0.290224,nominal,Maine
2013,"Estate, gift, excise and other",0.306249,nominal,Maine
2013,Income tax not withheld and SECA,1.25251,nominal,Maine
2013,Income tax withheld and FICA,4.89567,nominal,Maine
2014,Business income taxes,0.292164,nominal,Maine
2014,"Estate, gift, excise and other",0.240709,nominal,Maine
2014,Income tax not withheld and SECA,1.25977,nominal,Maine
2014,Income tax withheld and FICA,5.10887,nominal,Maine
2015,Business income taxes,0.305706,nominal,Maine
2015,"Estate, gift, excise and other",0.310206,nominal,Maine
2015,Income tax not withheld and SECA,1.44818,nominal,Maine
2015,Income tax withheld and FICA,5.40019,nominal,Maine
2016,Business income taxes,0.393879,nominal,Maine
2016,"Estate, gift, excise and other",0.30587,nominal,Maine
2016,Income tax not withheld and SECA,1.45806,nominal,Maine
2016,Income tax withheld and FICA,5.69419,nominal,Maine
2017,Business income taxes,0.382005,nominal,Maine
2017,"Estate, gift, excise and other",0.219229,nominal,Maine
2017,Income tax not withheld and SECA,1.56685,nominal,Maine
2017,Income tax withheld and FICA,5.91519,nominal,Maine
2018,Business income taxes,0.197973,nominal,Maine
2018,"Estate, gift, excise and other",0.144134,nominal,Maine
2018,Income tax not withheld and SECA,1.66131,nominal,Maine
2018,Income tax withheld and FICA,5.92205,nominal,Maine
2019,Business income taxes,0.280065,nominal,Maine
2019,"Estate, gift, excise and other",0.158072,nominal,Maine
2019,Income tax not withheld and SECA,1.67717,nominal,Maine
2019,Income tax withheld and FICA,6.01557,nominal,Maine
2020,Business income taxes,0.252983,nominal,Maine
2020,"Estate, gift, excise and other",0.12586,nominal,Maine
2020,Income tax not withheld and SECA,1.68604,nominal,Maine
2020,Income tax withheld and FICA,6.03287,nominal,Maine
2021,Business income taxes,0.561919,nominal,Maine
2021,"Estate, gift, excise and other",0.327457,nominal,Maine
2021,Income tax not withheld and SECA,2.23694,nominal,Maine
2021,Income tax withheld and FICA,6.69083,nominal,Maine
2022,Business income taxes,0.728551,nominal,Maine
2022,"Estate, gift, excise and other",0.391885,nominal,Maine
2022,Income tax not withheld and SECA,3.19976,nominal,Maine
2022,Income tax withheld and FICA,7.33727,nominal,Maine
2023,Business income taxes,0.87201,nominal,Maine
2023,"Estate, gift, excise and other",0.240678,nominal,Maine
2023,Income tax not withheld and SECA,2.66474,nominal,Maine
2023,Income tax withheld and FICA,7.85505,nominal,Maine
2024,Business income taxes,0.848421,nominal,Maine
2024,"Estate, gift, excise and other",0.22922,nominal,Maine
2024,Income tax not withheld and SECA,2.83986,nominal,Maine
2024,Income tax withheld and FICA,8.25136,nominal,Maine
2025,Business income taxes,0.772624,nominal,Maine
2025,"Estate, gift, excise and other",0.41121,nominal,Maine
2025,Income tax not withheld and SECA,3.22332,nominal,Maine
2025,Income tax withheld and FICA,8.80251,nominal,Maine
2002,Business income taxes,3.25625,nominal,Maryland
2002,"Estate, gift, excise and other",1.23211,nominal,Maryland
2002,Income tax not withheld and SECA,6.64907,nominal,Maryland
2002,Income tax withheld and FICA,30.5001,nominal,Maryland
2003,Business income taxes,1.85729,nominal,Maryland
2003,"Estate, gift, excise and other",0.923634,nominal,Maryland
2003,Income tax not withheld and SECA,6.12978,nominal,Maryland
2003,Income tax withheld and FICA,29.3407,nominal,Maryland
2004,Business income taxes,2.36157,nominal,Maryland
2004,"Estate, gift, excise and other",0.896589,nominal,Maryland
2004,Income tax not withheld and SECA,6.0578,nominal,Maryland
2004,Income tax withheld and FICA,31.5775,nominal,Maryland
2005,Business income taxes,3.05486,nominal,Maryland
2005,"Estate, gift, excise and other",0.794275,nominal,Maryland
2005,Income tax not withheld and SECA,7.71096,nominal,Maryland
2005,Income tax withheld and FICA,35.2645,nominal,Maryland
2006,Business income taxes,4.24276,nominal,Maryland
2006,"Estate, gift, excise and other",0.886222,nominal,Maryland
2006,Income tax not withheld and SECA,8.84719,nominal,Maryland
2006,Income tax withheld and FICA,37.2669,nominal,Maryland
2007,Business income taxes,3.75893,nominal,Maryland
2007,"Estate, gift, excise and other",0.696965,nominal,Maryland
2007,Income tax not withheld and SECA,9.61322,nominal,Maryland
2007,Income tax withheld and FICA,39.636,nominal,Maryland
2008,Business income taxes,4.34448,nominal,Maryland
2008,"Estate, gift, excise and other",1.02802,nominal,Maryland
2008,Income tax not withheld and SECA,9.68809,nominal,Maryland
2008,Income tax withheld and FICA,39.0712,nominal,Maryland
2009,Business income taxes,2.18696,nominal,Maryland
2009,"Estate, gift, excise and other",0.973872,nominal,Maryland
2009,Income tax not withheld and SECA,6.7457,nominal,Maryland
2009,Income tax withheld and FICA,34.5784,nominal,Maryland
2010,Business income taxes,3.90192,nominal,Maryland
2010,"Estate, gift, excise and other",0.714064,nominal,Maryland
2010,Income tax not withheld and SECA,6.66203,nominal,Maryland
2010,Income tax withheld and FICA,36.3942,nominal,Maryland
2011,Business income taxes,3.12877,nominal,Maryland
2011,"Estate, gift, excise and other",0.763454,nominal,Maryland
2011,Income tax not withheld and SECA,7.30387,nominal,Maryland
2011,Income tax withheld and FICA,37.8872,nominal,Maryland
2012,Business income taxes,2.62643,nominal,Maryland
2012,"Estate, gift, excise and other",0.752443,nominal,Maryland
2012,Income tax not withheld and SECA,7.55452,nominal,Maryland
2012,Income tax withheld and FICA,37.1736,nominal,Maryland
2013,Business income taxes,2.66264,nominal,Maryland
2013,"Estate, gift, excise and other",1.26717,nominal,Maryland
2013,Income tax not withheld and SECA,8.87278,nominal,Maryland
2013,Income tax withheld and FICA,43.5299,nominal,Maryland
2014,Business income taxes,3.1762,nominal,Maryland
2014,"Estate, gift, excise and other",1.29922,nominal,Maryland
2014,Income tax not withheld and SECA,9.46697,nominal,Maryland
2014,Income tax withheld and FICA,45.6712,nominal,Maryland
2015,Business income taxes,3.61679,nominal,Maryland
2015,"Estate, gift, excise and other",1.39908,nominal,Maryland
2015,Income tax not withheld and SECA,10.4529,nominal,Maryland
2015,Income tax withheld and FICA,48.468,nominal,Maryland
2016,Business income taxes,4.04098,nominal,Maryland
2016,"Estate, gift, excise and other",1.45314,nominal,Maryland
2016,Income tax not withheld and SECA,10.4789,nominal,Maryland
2016,Income tax withheld and FICA,51.7278,nominal,Maryland
2017,Business income taxes,4.12132,nominal,Maryland
2017,"Estate, gift, excise and other",1.07856,nominal,Maryland
2017,Income tax not withheld and SECA,10.4212,nominal,Maryland
2017,Income tax withheld and FICA,55.6258,nominal,Maryland
2018,Business income taxes,2.93616,nominal,Maryland
2018,"Estate, gift, excise and other",1.37182,nominal,Maryland
2018,Income tax not withheld and SECA,11.3254,nominal,Maryland
2018,Income tax withheld and FICA,56.9278,nominal,Maryland
2019,Business income taxes,3.11897,nominal,Maryland
2019,"Estate, gift, excise and other",2.21479,nominal,Maryland
2019,Income tax not withheld and SECA,12.2008,nominal,Maryland
2019,Income tax withheld and FICA,60.9387,nominal,Maryland
2020,Business income taxes,3.16038,nominal,Maryland
2020,"Estate, gift, excise and other",1.31479,nominal,Maryland
2020,Income tax not withheld and SECA,12.0261,nominal,Maryland
2020,Income tax withheld and FICA,63.171,nominal,Maryland
2021,Business income taxes,3.66331,nominal,Maryland
2021,"Estate, gift, excise and other",1.90376,nominal,Maryland
2021,Income tax not withheld and SECA,14.982,nominal,Maryland
2021,Income tax withheld and FICA,68.3829,nominal,Maryland
2022,Business income taxes,4.2003,nominal,Maryland
2022,"Estate, gift, excise and other",1.92183,nominal,Maryland
2022,Income tax not withheld and SECA,18.6072,nominal,Maryland
2022,Income tax withheld and FICA,55.9292,nominal,Maryland
2023,Business income taxes,4.4842,nominal,Maryland
2023,"Estate, gift, excise and other",1.46701,nominal,Maryland
2023,Income tax not withheld and SECA,14.9902,nominal,Maryland
2023,Income tax withheld and FICA,53.8371,nominal,Maryland
2024,Business income taxes,4.38668,nominal,Maryland
2024,"Estate, gift, excise and other",1.44545,nominal,Maryland
2024,Income tax not withheld and SECA,16.833,nominal,Maryland
2024,Income tax withheld and FICA,84.7795,nominal,Maryland
2025,Business income taxes,4.15823,nominal,Maryland
2025,"Estate, gift, excise and other",2.1321,nominal,Maryland
2025,Income tax not withheld and SECA,18.8069,nominal,Maryland
2025,Income tax withheld and FICA,69.3241,nominal,Maryland
1998,Business income taxes,5.32084,nominal,Massachusetts
1998,"Estate, gift, excise and other",1.3754,nominal,Massachusetts
1998,Income tax not withheld and SECA,10.1499,nominal,Massachusetts
1998,Income tax withheld and FICA,35.7714,nominal,Massachusetts
1999,Business income taxes,5.53853,nominal,Massachusetts
1999,"Estate, gift, excise and other",1.57143,nominal,Massachusetts
1999,Income tax not withheld and SECA,11.2828,nominal,Massachusetts
1999,Income tax withheld and FICA,39.4539,nominal,Massachusetts
2000,Business income taxes,5.33592,nominal,Massachusetts
2000,"Estate, gift, excise and other",1.58861,nominal,Massachusetts
2000,Income tax not withheld and SECA,14.0586,nominal,Massachusetts
2000,Income tax withheld and FICA,43.3241,nominal,Massachusetts
2001,Business income taxes,5.17829,nominal,Massachusetts
2001,"Estate, gift, excise and other",1.62407,nominal,Massachusetts
2001,Income tax not withheld and SECA,17.1698,nominal,Massachusetts
2001,Income tax withheld and FICA,45.5764,nominal,Massachusetts
2002,Business income taxes,4.30436,nominal,Massachusetts
2002,"Estate, gift, excise and other",1.60197,nominal,Massachusetts
2002,Income tax not withheld and SECA,11.6779,nominal,Massachusetts
2002,Income tax withheld and FICA,42.8053,nominal,Massachusetts
2003,Business income taxes,3.49569,nominal,Massachusetts
2003,"Estate, gift, excise and other",1.34899,nominal,Massachusetts
2003,Income tax not withheld and SECA,9.48254,nominal,Massachusetts
2003,Income tax withheld and FICA,41.7264,nominal,Massachusetts
2004,Business income taxes,3.9557,nominal,Massachusetts
2004,"Estate, gift, excise and other",1.61813,nominal,Massachusetts
2004,Income tax not withheld and SECA,9.41586,nominal,Massachusetts
2004,Income tax withheld and FICA,44.0703,nominal,Massachusetts
2005,Business income taxes,6.23438,nominal,Massachusetts
2005,"Estate, gift, excise and other",1.50287,nominal,Massachusetts
2005,Income tax not withheld and SECA,11.5638,nominal,Massachusetts
2005,Income tax withheld and FICA,45.0721,nominal,Massachusetts
2006,Business income taxes,7.0061,nominal,Massachusetts
2006,"Estate, gift, excise and other",1.59561,nominal,Massachusetts
2006,Income tax not withheld and SECA,13.3116,nominal,Massachusetts
2006,Income tax withheld and FICA,47.7156,nominal,Massachusetts
2007,Business income taxes,7.62706,nominal,Massachusetts
2007,"Estate, gift, excise and other",1.45878,nominal,Massachusetts
2007,Income tax not withheld and SECA,14.8144,nominal,Massachusetts
2007,Income tax withheld and FICA,50.8821,nominal,Massachusetts
2008,Business income taxes,7.70852,nominal,Massachusetts
2008,"Estate, gift, excise and other",1.6545,nominal,Massachusetts
2008,Income tax not withheld and SECA,16.203,nominal,Massachusetts
2008,Income tax withheld and FICA,55.8014,nominal,Massachusetts
2009,Business income taxes,5.01459,nominal,Massachusetts
2009,"Estate, gift, excise and other",1.84126,nominal,Massachusetts
2009,Income tax not withheld and SECA,10.3027,nominal,Massachusetts
2009,Income tax withheld and FICA,52.9495,nominal,Massachusetts
2010,Business income taxes,5.57565,nominal,Massachusetts
2010,"Estate, gift, excise and other",1.6652,nominal,Massachusetts
2010,Income tax not withheld and SECA,10.2083,nominal,Massachusetts
2010,Income tax withheld and FICA,53.9691,nominal,Massachusetts
2011,Business income taxes,6.00607,nominal,Massachusetts
2011,"Estate, gift, excise and other",1.6987,nominal,Massachusetts
2011,Income tax not withheld and SECA,12.5264,nominal,Massachusetts
2011,Income tax withheld and FICA,56.987,nominal,Massachusetts
2012,Business income taxes,5.27852,nominal,Massachusetts
2012,"Estate, gift, excise and other",2.0269,nominal,Massachusetts
2012,Income tax not withheld and SECA,12.5344,nominal,Massachusetts
2012,Income tax withheld and FICA,59.9872,nominal,Massachusetts
2013,Business income taxes,5.99925,nominal,Massachusetts
2013,"Estate, gift, excise and other",2.63767,nominal,Massachusetts
2013,Income tax not withheld and SECA,15.0901,nominal,Massachusetts
2013,Income tax withheld and FICA,66.7367,nominal,Massachusetts
2014,Business income taxes,9.27774,nominal,Massachusetts
2014,"Estate, gift, excise and other",2.99827,nominal,Massachusetts
2014,Income tax not withheld and SECA,17.4089,nominal,Massachusetts
2014,Income tax withheld and FICA,70.476,nominal,Massachusetts
2015,Business income taxes,8.78671,nominal,Massachusetts
2015,"Estate, gift, excise and other",3.45628,nominal,Massachusetts
2015,Income tax not withheld and SECA,20.3503,nominal,Massachusetts
2015,Income tax withheld and FICA,75.4559,nominal,Massachusetts
2016,Business income taxes,8.11708,nominal,Massachusetts
2016,"Estate, gift, excise and other",2.92261,nominal,Massachusetts
2016,Income tax not withheld and SECA,19.4793,nominal,Massachusetts
2016,Income tax withheld and FICA,78.2999,nominal,Massachusetts
2017,Business income taxes,9.08112,nominal,Massachusetts
2017,"Estate, gift, excise and other",2.77706,nominal,Massachusetts
2017,Income tax not withheld and SECA,18.9525,nominal,Massachusetts
2017,Income tax withheld and FICA,82.1857,nominal,Massachusetts
2018,Business income taxes,7.89267,nominal,Massachusetts
2018,"Estate, gift, excise and other",3.36036,nominal,Massachusetts
2018,Income tax not withheld and SECA,22.3922,nominal,Massachusetts
2018,Income tax withheld and FICA,84.3532,nominal,Massachusetts
2019,Business income taxes,7.28228,nominal,Massachusetts
2019,"Estate, gift, excise and other",3.11809,nominal,Massachusetts
2019,Income tax not withheld and SECA,23.2283,nominal,Massachusetts
2019,Income tax withheld and FICA,86.4065,nominal,Massachusetts
2020,Business income taxes,7.22612,nominal,Massachusetts
2020,"Estate, gift, excise and other",2.68353,nominal,Massachusetts
2020,Income tax not withheld and SECA,21.84,nominal,Massachusetts
2020,Income tax withheld and FICA,87.325,nominal,Massachusetts
2021,Business income taxes,10.4959,nominal,Massachusetts
2021,"Estate, gift, excise and other",3.62549,nominal,Massachusetts
2021,Income tax not withheld and SECA,28.711,nominal,Massachusetts
2021,Income tax withheld and FICA,101.473,nominal,Massachusetts
2022,Business income taxes,15.8326,nominal,Massachusetts
2022,"Estate, gift, excise and other",4.43429,nominal,Massachusetts
2022,Income tax not withheld and SECA,38.7022,nominal,Massachusetts
2022,Income tax withheld and FICA,110.881,nominal,Massachusetts
2023,Business income taxes,13.3598,nominal,Massachusetts
2023,"Estate, gift, excise and other",3.40527,nominal,Massachusetts
2023,Income tax not withheld and SECA,29.4356,nominal,Massachusetts
2023,Income tax withheld and FICA,107.475,nominal,Massachusetts
2024,Business income taxes,12.3779,nominal,Massachusetts
2024,"Estate, gift, excise and other",2.92671,nominal,Massachusetts
2024,Income tax not withheld and SECA,28.7374,nominal,Massachusetts
2024,Income tax withheld and FICA,112.478,nominal,Massachusetts
2025,Business income taxes,13.5492,nominal,Massachusetts
2025,"Estate, gift, excise and other",4.60601,nominal,Massachusetts
2025,Income tax not withheld and SECA,35.0134,nominal,Massachusetts
2025,Income tax withheld and FICA,126.595,nominal,Massachusetts
1998,Business income taxes,7.14884,nominal,Michigan
1998,"Estate, gift, excise and other",1.15528,nominal,Michigan
1998,Income tax not withheld and SECA,8.77225,nominal,Michigan
1998,Income tax withheld and FICA,50.2926,nominal,Michigan
1999,Business income taxes,6.55225,nominal,Michigan
1999,"Estate, gift, excise and other",1.35919,nominal,Michigan
1999,Income tax not withheld and SECA,9.65615,nominal,Michigan
1999,Income tax withheld and FICA,53.7095,nominal,Michigan
2000,Business income taxes,7.11709,nominal,Michigan
2000,"Estate, gift, excise and other",1.35584,nominal,Michigan
2000,Income tax not withheld and SECA,10.3513,nominal,Michigan
2000,Income tax withheld and FICA,56.8499,nominal,Michigan
2001,Business income taxes,3.41768,nominal,Michigan
2001,"Estate, gift, excise and other",1.28379,nominal,Michigan
2001,Income tax not withheld and SECA,9.84188,nominal,Michigan
2001,Income tax withheld and FICA,54.977,nominal,Michigan
2002,Business income taxes,4.08286,nominal,Michigan
2002,"Estate, gift, excise and other",1.06211,nominal,Michigan
2002,Income tax not withheld and SECA,7.66697,nominal,Michigan
2002,Income tax withheld and FICA,53.4989,nominal,Michigan
2003,Business income taxes,3.61965,nominal,Michigan
2003,"Estate, gift, excise and other",1.01091,nominal,Michigan
2003,Income tax not withheld and SECA,7.07051,nominal,Michigan
2003,Income tax withheld and FICA,53.0626,nominal,Michigan
2004,Business income taxes,4.16375,nominal,Michigan
2004,"Estate, gift, excise and other",1.08036,nominal,Michigan
2004,Income tax not withheld and SECA,6.62271,nominal,Michigan
2004,Income tax withheld and FICA,51.8778,nominal,Michigan
2005,Business income taxes,6.16103,nominal,Michigan
2005,"Estate, gift, excise and other",1.5341,nominal,Michigan
2005,Income tax not withheld and SECA,8.16127,nominal,Michigan
2005,Income tax withheld and FICA,52.6436,nominal,Michigan
2006,Business income taxes,7.63653,nominal,Michigan
2006,"Estate, gift, excise and other",1.38207,nominal,Michigan
2006,Income tax not withheld and SECA,8.88984,nominal,Michigan
2006,Income tax withheld and FICA,52.1277,nominal,Michigan
2007,Business income taxes,6.99584,nominal,Michigan
2007,"Estate, gift, excise and other",1.37644,nominal,Michigan
2007,Income tax not withheld and SECA,9.22502,nominal,Michigan
2007,Income tax withheld and FICA,52.3266,nominal,Michigan
2008,Business income taxes,4.89578,nominal,Michigan
2008,"Estate, gift, excise and other",1.20997,nominal,Michigan
2008,Income tax not withheld and SECA,9.61582,nominal,Michigan
2008,Income tax withheld and FICA,50.8966,nominal,Michigan
2009,Business income taxes,3.42915,nominal,Michigan
2009,"Estate, gift, excise and other",1.05675,nominal,Michigan
2009,Income tax not withheld and SECA,6.61857,nominal,Michigan
2009,Income tax withheld and FICA,44.9462,nominal,Michigan
2010,Business income taxes,3.03738,nominal,Michigan
2010,"Estate, gift, excise and other",0.957762,nominal,Michigan
2010,Income tax not withheld and SECA,6.27773,nominal,Michigan
2010,Income tax withheld and FICA,43.5245,nominal,Michigan
2011,Business income taxes,3.48535,nominal,Michigan
2011,"Estate, gift, excise and other",0.826095,nominal,Michigan
2011,Income tax not withheld and SECA,7.48629,nominal,Michigan
2011,Income tax withheld and FICA,43.8281,nominal,Michigan
2012,Business income taxes,3.84144,nominal,Michigan
2012,"Estate, gift, excise and other",0.953311,nominal,Michigan
2012,Income tax not withheld and SECA,7.89791,nominal,Michigan
2012,Income tax withheld and FICA,46.5175,nominal,Michigan
2013,Business income taxes,4.94208,nominal,Michigan
2013,"Estate, gift, excise and other",1.54152,nominal,Michigan
2013,Income tax not withheld and SECA,11.3065,nominal,Michigan
2013,Income tax withheld and FICA,51.1247,nominal,Michigan
2014,Business income taxes,5.02256,nominal,Michigan
2014,"Estate, gift, excise and other",1.55044,nominal,Michigan
2014,Income tax not withheld and SECA,10.7595,nominal,Michigan
2014,Income tax withheld and FICA,53.8513,nominal,Michigan
2015,Business income taxes,6.31232,nominal,Michigan
2015,"Estate, gift, excise and other",2.17939,nominal,Michigan
2015,Income tax not withheld and SECA,12.7388,nominal,Michigan
2015,Income tax withheld and FICA,56.7179,nominal,Michigan
2016,Business income taxes,6.53916,nominal,Michigan
2016,"Estate, gift, excise and other",1.89274,nominal,Michigan
2016,Income tax not withheld and SECA,12.8072,nominal,Michigan
2016,Income tax withheld and FICA,59.9963,nominal,Michigan
2017,Business income taxes,5.30541,nominal,Michigan
2017,"Estate, gift, excise and other",1.70862,nominal,Michigan
2017,Income tax not withheld and SECA,12.9985,nominal,Michigan
2017,Income tax withheld and FICA,62.6636,nominal,Michigan
2018,Business income taxes,4.03905,nominal,Michigan
2018,"Estate, gift, excise and other",2.28086,nominal,Michigan
2018,Income tax not withheld and SECA,13.8149,nominal,Michigan
2018,Income tax withheld and FICA,63.1214,nominal,Michigan
2019,Business income taxes,3.64328,nominal,Michigan
2019,"Estate, gift, excise and other",1.67986,nominal,Michigan
2019,Income tax not withheld and SECA,13.3796,nominal,Michigan
2019,Income tax withheld and FICA,62.8807,nominal,Michigan
2020,Business income taxes,3.56607,nominal,Michigan
2020,"Estate, gift, excise and other",1.45748,nominal,Michigan
2020,Income tax not withheld and SECA,12.9052,nominal,Michigan
2020,Income tax withheld and FICA,59.7791,nominal,Michigan
2021,Business income taxes,7.85183,nominal,Michigan
2021,"Estate, gift, excise and other",2.13134,nominal,Michigan
2021,Income tax not withheld and SECA,17.9184,nominal,Michigan
2021,Income tax withheld and FICA,66.1633,nominal,Michigan
2022,Business income taxes,8.33117,nominal,Michigan
2022,"Estate, gift, excise and other",3.0625,nominal,Michigan
2022,Income tax not withheld and SECA,21.9858,nominal,Michigan
2022,Income tax withheld and FICA,74.3491,nominal,Michigan
2023,Business income taxes,7.7068,nominal,Michigan
2023,"Estate, gift, excise and other",2.96631,nominal,Michigan
2023,Income tax not withheld and SECA,17.8562,nominal,Michigan
2023,Income tax withheld and FICA,77.1682,nominal,Michigan
2024,Business income taxes,8.65215,nominal,Michigan
2024,"Estate, gift, excise and other",2.39572,nominal,Michigan
2024,Income tax not withheld and SECA,18.9352,nominal,Michigan
2024,Income tax withheld and FICA,78.582,nominal,Michigan
2025,Business income taxes,6.68909,nominal,Michigan
2025,"Estate, gift, excise and other",2.85522,nominal,Michigan
2025,Income tax not withheld and SECA,21.7045,nominal,Michigan
2025,Income tax withheld and FICA,80.684,nominal,Michigan
1998,Business income taxes,6.02989,nominal,Minnesota
1998,"Estate, gift, excise and other",1.60588,nominal,Minnesota
1998,Income tax not withheld and SECA,5.39231,nominal,Minnesota
1998,Income tax withheld and FICA,33.8743,nominal,Minnesota
1999,Business income taxes,6.15225,nominal,Minnesota
1999,"Estate, gift, excise and other",1.82969,nominal,Minnesota
1999,Income tax not withheld and SECA,6.08592,nominal,Minnesota
1999,Income tax withheld and FICA,36.4464,nominal,Minnesota
2000,Business income taxes,5.9627,nominal,Minnesota
2000,"Estate, gift, excise and other",2.10044,nominal,Minnesota
2000,Income tax not withheld and SECA,6.77378,nominal,Minnesota
2000,Income tax withheld and FICA,40.4043,nominal,Minnesota
2001,Business income taxes,5.63652,nominal,Minnesota
2001,"Estate, gift, excise and other",2.49886,nominal,Minnesota
2001,Income tax not withheld and SECA,6.91266,nominal,Minnesota
2001,Income tax withheld and FICA,42.2211,nominal,Minnesota
2002,Business income taxes,8.20225,nominal,Minnesota
2002,"Estate, gift, excise and other",1.91973,nominal,Minnesota
2002,Income tax not withheld and SECA,5.43483,nominal,Minnesota
2002,Income tax withheld and FICA,42.5871,nominal,Minnesota
2003,Business income taxes,8.5263,nominal,Minnesota
2003,"Estate, gift, excise and other",1.7264,nominal,Minnesota
2003,Income tax not withheld and SECA,5.08845,nominal,Minnesota
2003,Income tax withheld and FICA,42.5649,nominal,Minnesota
2004,Business income taxes,8.48588,nominal,Minnesota
2004,"Estate, gift, excise and other",1.7714,nominal,Minnesota
2004,Income tax not withheld and SECA,4.87806,nominal,Minnesota
2004,Income tax withheld and FICA,42.9328,nominal,Minnesota
2005,Business income taxes,12.2749,nominal,Minnesota
2005,"Estate, gift, excise and other",1.91456,nominal,Minnesota
2005,Income tax not withheld and SECA,5.8023,nominal,Minnesota
2005,Income tax withheld and FICA,47.1568,nominal,Minnesota
2006,Business income taxes,14.2527,nominal,Minnesota
2006,"Estate, gift, excise and other",2.02515,nominal,Minnesota
2006,Income tax not withheld and SECA,6.68464,nominal,Minnesota
2006,Income tax withheld and FICA,49.103,nominal,Minnesota
2007,Business income taxes,16.4254,nominal,Minnesota
2007,"Estate, gift, excise and other",1.92851,nominal,Minnesota
2007,Income tax not withheld and SECA,7.16521,nominal,Minnesota
2007,Income tax withheld and FICA,53.1782,nominal,Minnesota
2008,Business income taxes,16.2029,nominal,Minnesota
2008,"Estate, gift, excise and other",1.92857,nominal,Minnesota
2008,Income tax not withheld and SECA,7.53364,nominal,Minnesota
2008,Income tax withheld and FICA,55.36,nominal,Minnesota
2009,Business income taxes,8.85017,nominal,Minnesota
2009,"Estate, gift, excise and other",2.02688,nominal,Minnesota
2009,Income tax not withheld and SECA,5.42043,nominal,Minnesota
2009,Income tax withheld and FICA,51.3491,nominal,Minnesota
2010,Business income taxes,10.3573,nominal,Minnesota
2010,"Estate, gift, excise and other",1.24624,nominal,Minnesota
2010,Income tax not withheld and SECA,5.0763,nominal,Minnesota
2010,Income tax withheld and FICA,51.3302,nominal,Minnesota
2011,Business income taxes,11.3863,nominal,Minnesota
2011,"Estate, gift, excise and other",1.08058,nominal,Minnesota
2011,Income tax not withheld and SECA,6.15389,nominal,Minnesota
2011,Income tax withheld and FICA,54.056,nominal,Minnesota
2012,Business income taxes,16.1217,nominal,Minnesota
2012,"Estate, gift, excise and other",1.3126,nominal,Minnesota
2012,Income tax not withheld and SECA,6.3314,nominal,Minnesota
2012,Income tax withheld and FICA,54.9197,nominal,Minnesota
2013,Business income taxes,18.0535,nominal,Minnesota
2013,"Estate, gift, excise and other",1.59293,nominal,Minnesota
2013,Income tax not withheld and SECA,8.11016,nominal,Minnesota
2013,Income tax withheld and FICA,62.9472,nominal,Minnesota
2014,Business income taxes,19.4176,nominal,Minnesota
2014,"Estate, gift, excise and other",3.20712,nominal,Minnesota
2014,Income tax not withheld and SECA,8.37338,nominal,Minnesota
2014,Income tax withheld and FICA,65.2292,nominal,Minnesota
2015,Business income taxes,24.3297,nominal,Minnesota
2015,"Estate, gift, excise and other",3.88252,nominal,Minnesota
2015,Income tax not withheld and SECA,9.57387,nominal,Minnesota
2015,Income tax withheld and FICA,69.1418,nominal,Minnesota
2016,Business income taxes,19.7745,nominal,Minnesota
2016,"Estate, gift, excise and other",3.72509,nominal,Minnesota
2016,Income tax not withheld and SECA,9.55541,nominal,Minnesota
2016,Income tax withheld and FICA,70.6415,nominal,Minnesota
2017,Business income taxes,18.5387,nominal,Minnesota
2017,"Estate, gift, excise and other",1.78459,nominal,Minnesota
2017,Income tax not withheld and SECA,9.22224,nominal,Minnesota
2017,Income tax withheld and FICA,74.884,nominal,Minnesota
2018,Business income taxes,12.1414,nominal,Minnesota
2018,"Estate, gift, excise and other",2.05171,nominal,Minnesota
2018,Income tax not withheld and SECA,10.0328,nominal,Minnesota
2018,Income tax withheld and FICA,75.1282,nominal,Minnesota
2019,Business income taxes,12.0298,nominal,Minnesota
2019,"Estate, gift, excise and other",4.3931,nominal,Minnesota
2019,Income tax not withheld and SECA,9.95747,nominal,Minnesota
2019,Income tax withheld and FICA,76.262200000000007,nominal,Minnesota
2020,Business income taxes,12.2963,nominal,Minnesota
2020,"Estate, gift, excise and other",4.56783,nominal,Minnesota
2020,Income tax not withheld and SECA,9.75605,nominal,Minnesota
2020,Income tax withheld and FICA,72.9598,nominal,Minnesota
2021,Business income taxes,14.8685,nominal,Minnesota
2021,"Estate, gift, excise and other",1.68774,nominal,Minnesota
2021,Income tax not withheld and SECA,12.4499,nominal,Minnesota
2021,Income tax withheld and FICA,79.2744,nominal,Minnesota
2022,Business income taxes,14.7427,nominal,Minnesota
2022,"Estate, gift, excise and other",1.82891,nominal,Minnesota
2022,Income tax not withheld and SECA,16.6173,nominal,Minnesota
2022,Income tax withheld and FICA,88.9511,nominal,Minnesota
2023,Business income taxes,13.0506,nominal,Minnesota
2023,"Estate, gift, excise and other",1.59328,nominal,Minnesota
2023,Income tax not withheld and SECA,13.2162,nominal,Minnesota
2023,Income tax withheld and FICA,91.3885,nominal,Minnesota
2024,Business income taxes,13.3135,nominal,Minnesota
2024,"Estate, gift, excise and other",1.98099,nominal,Minnesota
2024,Income tax not withheld and SECA,14.0751,nominal,Minnesota
2024,Income tax withheld and FICA,92.9002,nominal,Minnesota
2025,Business income taxes,10.9834,nominal,Minnesota
2025,"Estate, gift, excise and other",2.49938,nominal,Minnesota
2025,Income tax not withheld and SECA,15.4013,nominal,Minnesota
2025,Income tax withheld and FICA,97.3804,nominal,Minnesota
1998,Business income taxes,0.616072,nominal,Mississippi
1998,"Estate, gift, excise and other",0.355812,nominal,Mississippi
1998,Income tax not withheld and SECA,1.75451,nominal,Mississippi
1998,Income tax withheld and FICA,5.65904,nominal,Mississippi
1999,Business income taxes,0.520005,nominal,Mississippi
1999,"Estate, gift, excise and other",0.402161,nominal,Mississippi
1999,Income tax not withheld and SECA,1.82088,nominal,Mississippi
1999,Income tax withheld and FICA,6.1625,nominal,Mississippi
2000,Business income taxes,0.606978,nominal,Mississippi
2000,"Estate, gift, excise and other",0.348769,nominal,Mississippi
2000,Income tax not withheld and SECA,1.85528,nominal,Mississippi
2000,Income tax withheld and FICA,6.94823,nominal,Mississippi
2001,Business income taxes,0.456355,nominal,Mississippi
2001,"Estate, gift, excise and other",0.35676,nominal,Mississippi
2001,Income tax not withheld and SECA,1.90084,nominal,Mississippi
2001,Income tax withheld and FICA,6.6038,nominal,Mississippi
2002,Business income taxes,0.554283,nominal,Mississippi
2002,"Estate, gift, excise and other",0.381798,nominal,Mississippi
2002,Income tax not withheld and SECA,1.71251,nominal,Mississippi
2002,Income tax withheld and FICA,6.36302,nominal,Mississippi
2003,Business income taxes,0.470899,nominal,Mississippi
2003,"Estate, gift, excise and other",0.374258,nominal,Mississippi
2003,Income tax not withheld and SECA,1.54737,nominal,Mississippi
2003,Income tax withheld and FICA,6.62189,nominal,Mississippi
2004,Business income taxes,0.583703,nominal,Mississippi
2004,"Estate, gift, excise and other",0.406276,nominal,Mississippi
2004,Income tax not withheld and SECA,1.5066,nominal,Mississippi
2004,Income tax withheld and FICA,6.45482,nominal,Mississippi
2005,Business income taxes,0.531464,nominal,Mississippi
2005,"Estate, gift, excise and other",0.402837,nominal,Mississippi
2005,Income tax not withheld and SECA,1.68346,nominal,Mississippi
2005,Income tax withheld and FICA,6.24184,nominal,Mississippi
2006,Business income taxes,0.76581,nominal,Mississippi
2006,"Estate, gift, excise and other",0.439435,nominal,Mississippi
2006,Income tax not withheld and SECA,1.72167,nominal,Mississippi
2006,Income tax withheld and FICA,6.87682,nominal,Mississippi
2007,Business income taxes,0.831147,nominal,Mississippi
2007,"Estate, gift, excise and other",0.386338,nominal,Mississippi
2007,Income tax not withheld and SECA,2.549,nominal,Mississippi
2007,Income tax withheld and FICA,7.10222,nominal,Mississippi
2008,Business income taxes,1.61063,nominal,Mississippi
2008,"Estate, gift, excise and other",0.366305,nominal,Mississippi
2008,Income tax not withheld and SECA,2.24372,nominal,Mississippi
2008,Income tax withheld and FICA,8.47667,nominal,Mississippi
2009,Business income taxes,0.55485,nominal,Mississippi
2009,"Estate, gift, excise and other",0.379486,nominal,Mississippi
2009,Income tax not withheld and SECA,1.93986,nominal,Mississippi
2009,Income tax withheld and FICA,6.72892,nominal,Mississippi
2010,Business income taxes,0.509831,nominal,Mississippi
2010,"Estate, gift, excise and other",0.364176,nominal,Mississippi
2010,Income tax not withheld and SECA,1.70779,nominal,Mississippi
2010,Income tax withheld and FICA,6.51132,nominal,Mississippi
2011,Business income taxes,0.538662,nominal,Mississippi
2011,"Estate, gift, excise and other",0.301373,nominal,Mississippi
2011,Income tax not withheld and SECA,1.77805,nominal,Mississippi
2011,Income tax withheld and FICA,6.56545,nominal,Mississippi
2012,Business income taxes,0.609194,nominal,Mississippi
2012,"Estate, gift, excise and other",0.215386,nominal,Mississippi
2012,Income tax not withheld and SECA,1.82302,nominal,Mississippi
2012,Income tax withheld and FICA,7.81095,nominal,Mississippi
2013,Business income taxes,0.491179,nominal,Mississippi
2013,"Estate, gift, excise and other",0.268588,nominal,Mississippi
2013,Income tax not withheld and SECA,2.20946,nominal,Mississippi
2013,Income tax withheld and FICA,7.46099,nominal,Mississippi
2014,Business income taxes,0.693586,nominal,Mississippi
2014,"Estate, gift, excise and other",0.291341,nominal,Mississippi
2014,Income tax not withheld and SECA,2.29842,nominal,Mississippi
2014,Income tax withheld and FICA,7.72794,nominal,Mississippi
2015,Business income taxes,0.74784,nominal,Mississippi
2015,"Estate, gift, excise and other",0.312042,nominal,Mississippi
2015,Income tax not withheld and SECA,2.4344,nominal,Mississippi
2015,Income tax withheld and FICA,7.97438,nominal,Mississippi
2016,Business income taxes,0.659542,nominal,Mississippi
2016,"Estate, gift, excise and other",0.355526,nominal,Mississippi
2016,Income tax not withheld and SECA,2.41302,nominal,Mississippi
2016,Income tax withheld and FICA,9.15765,nominal,Mississippi
2017,Business income taxes,0.570425,nominal,Mississippi
2017,"Estate, gift, excise and other",0.296104,nominal,Mississippi
2017,Income tax not withheld and SECA,2.45672,nominal,Mississippi
2017,Income tax withheld and FICA,8.41741,nominal,Mississippi
2018,Business income taxes,0.467409,nominal,Mississippi
2018,"Estate, gift, excise and other",0.30696,nominal,Mississippi
2018,Income tax not withheld and SECA,2.37921,nominal,Mississippi
2018,Income tax withheld and FICA,8.30682,nominal,Mississippi
2019,Business income taxes,0.311847,nominal,Mississippi
2019,"Estate, gift, excise and other",0.268922,nominal,Mississippi
2019,Income tax not withheld and SECA,2.31375,nominal,Mississippi
2019,Income tax withheld and FICA,8.37868,nominal,Mississippi
2020,Business income taxes,0.373881,nominal,Mississippi
2020,"Estate, gift, excise and other",0.259649,nominal,Mississippi
2020,Income tax not withheld and SECA,2.22708,nominal,Mississippi
2020,Income tax withheld and FICA,8.35837,nominal,Mississippi
2021,Business income taxes,0.615839,nominal,Mississippi
2021,"Estate, gift, excise and other",0.479439,nominal,Mississippi
2021,Income tax not withheld and SECA,2.74215,nominal,Mississippi
2021,Income tax withheld and FICA,8.81422,nominal,Mississippi
2022,Business income taxes,1.04143,nominal,Mississippi
2022,"Estate, gift, excise and other",0.41104,nominal,Mississippi
2022,Income tax not withheld and SECA,3.90554,nominal,Mississippi
2022,Income tax withheld and FICA,9.8082,nominal,Mississippi
2023,Business income taxes,1.03114,nominal,Mississippi
2023,"Estate, gift, excise and other",0.415518,nominal,Mississippi
2023,Income tax not withheld and SECA,3.57123,nominal,Mississippi
2023,Income tax withheld and FICA,10.1327,nominal,Mississippi
2024,Business income taxes,0.808678,nominal,Mississippi
2024,"Estate, gift, excise and other",0.439022,nominal,Mississippi
2024,Income tax not withheld and SECA,3.65751,nominal,Mississippi
2024,Income tax withheld and FICA,10.2847,nominal,Mississippi
2025,Business income taxes,1.04787,nominal,Mississippi
2025,"Estate, gift, excise and other",0.46182,nominal,Mississippi
2025,Income tax not withheld and SECA,4.07423,nominal,Mississippi
2025,Income tax withheld and FICA,10.5778,nominal,Mississippi
1998,Business income taxes,5.02416,nominal,Missouri
1998,"Estate, gift, excise and other",2.39759,nominal,Missouri
1998,Income tax not withheld and SECA,5.17109,nominal,Missouri
1998,Income tax withheld and FICA,27.1082,nominal,Missouri
1999,Business income taxes,4.88982,nominal,Missouri
1999,"Estate, gift, excise and other",2.3933,nominal,Missouri
1999,Income tax not withheld and SECA,5.51656,nominal,Missouri
1999,Income tax withheld and FICA,27.4339,nominal,Missouri
2000,Business income taxes,5.20172,nominal,Missouri
2000,"Estate, gift, excise and other",2.01423,nominal,Missouri
2000,Income tax not withheld and SECA,5.91885,nominal,Missouri
2000,Income tax withheld and FICA,27.5177,nominal,Missouri
2001,Business income taxes,4.95878,nominal,Missouri
2001,"Estate, gift, excise and other",2.02673,nominal,Missouri
2001,Income tax not withheld and SECA,6.0665,nominal,Missouri
2001,Income tax withheld and FICA,28.9761,nominal,Missouri
2002,Business income taxes,4.4803,nominal,Missouri
2002,"Estate, gift, excise and other",2.62427,nominal,Missouri
2002,Income tax not withheld and SECA,4.93956,nominal,Missouri
2002,Income tax withheld and FICA,29.1018,nominal,Missouri
2003,Business income taxes,3.33267,nominal,Missouri
2003,"Estate, gift, excise and other",3.50416,nominal,Missouri
2003,Income tax not withheld and SECA,4.38789,nominal,Missouri
2003,Income tax withheld and FICA,26.8957,nominal,Missouri
2004,Business income taxes,4.12434,nominal,Missouri
2004,"Estate, gift, excise and other",1.81658,nominal,Missouri
2004,Income tax not withheld and SECA,4.10976,nominal,Missouri
2004,Income tax withheld and FICA,28.2758,nominal,Missouri
2005,Business income taxes,4.48152,nominal,Missouri
2005,"Estate, gift, excise and other",1.71717,nominal,Missouri
2005,Income tax not withheld and SECA,4.96017,nominal,Missouri
2005,Income tax withheld and FICA,28.3962,nominal,Missouri
2006,Business income taxes,5.82007,nominal,Missouri
2006,"Estate, gift, excise and other",1.7396,nominal,Missouri
2006,Income tax not withheld and SECA,5.99902,nominal,Missouri
2006,Income tax withheld and FICA,30.9021,nominal,Missouri
2007,Business income taxes,5.85665,nominal,Missouri
2007,"Estate, gift, excise and other",1.60766,nominal,Missouri
2007,Income tax not withheld and SECA,6.56922,nominal,Missouri
2007,Income tax withheld and FICA,34.5346,nominal,Missouri
2008,Business income taxes,5.66543,nominal,Missouri
2008,"Estate, gift, excise and other",1.81531,nominal,Missouri
2008,Income tax not withheld and SECA,6.86685,nominal,Missouri
2008,Income tax withheld and FICA,33.9504,nominal,Missouri
2009,Business income taxes,3.86127,nominal,Missouri
2009,"Estate, gift, excise and other",1.92029,nominal,Missouri
2009,Income tax not withheld and SECA,5.14684,nominal,Missouri
2009,Income tax withheld and FICA,33.3816,nominal,Missouri
2010,Business income taxes,5.71066,nominal,Missouri
2010,"Estate, gift, excise and other",1.74165,nominal,Missouri
2010,Income tax not withheld and SECA,4.9488,nominal,Missouri
2010,Income tax withheld and FICA,33.6989,nominal,Missouri
2011,Business income taxes,5.21496,nominal,Missouri
2011,"Estate, gift, excise and other",1.63349,nominal,Missouri
2011,Income tax not withheld and SECA,5.10436,nominal,Missouri
2011,Income tax withheld and FICA,34.8422,nominal,Missouri
2012,Business income taxes,6.08267,nominal,Missouri
2012,"Estate, gift, excise and other",1.80928,nominal,Missouri
2012,Income tax not withheld and SECA,5.34567,nominal,Missouri
2012,Income tax withheld and FICA,35.1756,nominal,Missouri
2013,Business income taxes,6.83239,nominal,Missouri
2013,"Estate, gift, excise and other",2.01332,nominal,Missouri
2013,Income tax not withheld and SECA,6.40903,nominal,Missouri
2013,Income tax withheld and FICA,39.1577,nominal,Missouri
2014,Business income taxes,9.94657,nominal,Missouri
2014,"Estate, gift, excise and other",2.33492,nominal,Missouri
2014,Income tax not withheld and SECA,6.98895,nominal,Missouri
2014,Income tax withheld and FICA,42.2415,nominal,Missouri
2015,Business income taxes,8.47314,nominal,Missouri
2015,"Estate, gift, excise and other",2.45019,nominal,Missouri
2015,Income tax not withheld and SECA,8.01708,nominal,Missouri
2015,Income tax withheld and FICA,45.1721,nominal,Missouri
2016,Business income taxes,9.97598,nominal,Missouri
2016,"Estate, gift, excise and other",2.51491,nominal,Missouri
2016,Income tax not withheld and SECA,7.97348,nominal,Missouri
2016,Income tax withheld and FICA,46.0214,nominal,Missouri
2017,Business income taxes,12.2388,nominal,Missouri
2017,"Estate, gift, excise and other",3.39788,nominal,Missouri
2017,Income tax not withheld and SECA,7.74916,nominal,Missouri
2017,Income tax withheld and FICA,48.5353,nominal,Missouri
2018,Business income taxes,4.85756,nominal,Missouri
2018,"Estate, gift, excise and other",2.75716,nominal,Missouri
2018,Income tax not withheld and SECA,8.07113,nominal,Missouri
2018,Income tax withheld and FICA,47.4533,nominal,Missouri
2019,Business income taxes,3.48138,nominal,Missouri
2019,"Estate, gift, excise and other",2.85296,nominal,Missouri
2019,Income tax not withheld and SECA,8.4169,nominal,Missouri
2019,Income tax withheld and FICA,49.3978,nominal,Missouri
2020,Business income taxes,6.21656,nominal,Missouri
2020,"Estate, gift, excise and other",2.8489,nominal,Missouri
2020,Income tax not withheld and SECA,8.44535,nominal,Missouri
2020,Income tax withheld and FICA,47.746,nominal,Missouri
2021,Business income taxes,7.83397,nominal,Missouri
2021,"Estate, gift, excise and other",1.93652,nominal,Missouri
2021,Income tax not withheld and SECA,10.6705,nominal,Missouri
2021,Income tax withheld and FICA,54.097,nominal,Missouri
2022,Business income taxes,5.67602,nominal,Missouri
2022,"Estate, gift, excise and other",2.57317,nominal,Missouri
2022,Income tax not withheld and SECA,14.5176,nominal,Missouri
2022,Income tax withheld and FICA,70.6932,nominal,Missouri
2023,Business income taxes,10.7246,nominal,Missouri
2023,"Estate, gift, excise and other",2.2124,nominal,Missouri
2023,Income tax not withheld and SECA,11.4399,nominal,Missouri
2023,Income tax withheld and FICA,88.7117,nominal,Missouri
2024,Business income taxes,6.61443,nominal,Missouri
2024,"Estate, gift, excise and other",2.33346,nominal,Missouri
2024,Income tax not withheld and SECA,12.6867,nominal,Missouri
2024,Income tax withheld and FICA,71.5973,nominal,Missouri
2025,Business income taxes,8.36225,nominal,Missouri
2025,"Estate, gift, excise and other",3.53032,nominal,Missouri
2025,Income tax not withheld and SECA,13.6724,nominal,Missouri
2025,Income tax withheld and FICA,69.3814,nominal,Missouri
1998,Business income taxes,0.17379,nominal,Montana
1998,"Estate, gift, excise and other",0.114255,nominal,Montana
1998,Income tax not withheld and SECA,0.756572,nominal,Montana
1998,Income tax withheld and FICA,1.67935,nominal,Montana
1999,Business income taxes,0.499964,nominal,Montana
1999,"Estate, gift, excise and other",0.114803,nominal,Montana
1999,Income tax not withheld and SECA,0.792654,nominal,Montana
1999,Income tax withheld and FICA,1.85895,nominal,Montana
2000,Business income taxes,0.29636,nominal,Montana
2000,"Estate, gift, excise and other",0.335538,nominal,Montana
2000,Income tax not withheld and SECA,0.875743,nominal,Montana
2000,Income tax withheld and FICA,2.16744,nominal,Montana
2001,Business income taxes,0.304709,nominal,Montana
2001,"Estate, gift, excise and other",0.116962,nominal,Montana
2001,Income tax not withheld and SECA,0.910324,nominal,Montana
2001,Income tax withheld and FICA,2.04663,nominal,Montana
2002,Business income taxes,0.150459,nominal,Montana
2002,"Estate, gift, excise and other",0.12071,nominal,Montana
2002,Income tax not withheld and SECA,0.799893,nominal,Montana
2002,Income tax withheld and FICA,2.04805,nominal,Montana
2003,Business income taxes,-0.033648,nominal,Montana
2003,"Estate, gift, excise and other",0.261056,nominal,Montana
2003,Income tax not withheld and SECA,0.766717,nominal,Montana
2003,Income tax withheld and FICA,2.1018,nominal,Montana
2004,Business income taxes,0.120677,nominal,Montana
2004,"Estate, gift, excise and other",0.103692,nominal,Montana
2004,Income tax not withheld and SECA,0.719875,nominal,Montana
2004,Income tax withheld and FICA,2.1898,nominal,Montana
2005,Business income taxes,0.164392,nominal,Montana
2005,"Estate, gift, excise and other",0.111566,nominal,Montana
2005,Income tax not withheld and SECA,0.921831,nominal,Montana
2005,Income tax withheld and FICA,2.39832,nominal,Montana
2006,Business income taxes,0.193276,nominal,Montana
2006,"Estate, gift, excise and other",0.137006,nominal,Montana
2006,Income tax not withheld and SECA,1.12683,nominal,Montana
2006,Income tax withheld and FICA,2.62405,nominal,Montana
2007,Business income taxes,0.233053,nominal,Montana
2007,"Estate, gift, excise and other",0.162184,nominal,Montana
2007,Income tax not withheld and SECA,1.33417,nominal,Montana
2007,Income tax withheld and FICA,2.79327,nominal,Montana
2008,Business income taxes,0.212189,nominal,Montana
2008,"Estate, gift, excise and other",0.135292,nominal,Montana
2008,Income tax not withheld and SECA,1.37668,nominal,Montana
2008,Income tax withheld and FICA,2.98902,nominal,Montana
2009,Business income taxes,0.177339,nominal,Montana
2009,"Estate, gift, excise and other",0.140242,nominal,Montana
2009,Income tax not withheld and SECA,0.990614,nominal,Montana
2009,Income tax withheld and FICA,2.82782,nominal,Montana
2010,Business income taxes,0.177296,nominal,Montana
2010,"Estate, gift, excise and other",0.145329,nominal,Montana
2010,Income tax not withheld and SECA,0.885058,nominal,Montana
2010,Income tax withheld and FICA,2.79265,nominal,Montana
2011,Business income taxes,0.159792,nominal,Montana
2011,"Estate, gift, excise and other",0.109815,nominal,Montana
2011,Income tax not withheld and SECA,1.05475,nominal,Montana
2011,Income tax withheld and FICA,2.87264,nominal,Montana
2012,Business income taxes,0.156415,nominal,Montana
2012,"Estate, gift, excise and other",0.12637,nominal,Montana
2012,Income tax not withheld and SECA,1.08376,nominal,Montana
2012,Income tax withheld and FICA,3.01718,nominal,Montana
2013,Business income taxes,0.188462,nominal,Montana
2013,"Estate, gift, excise and other",0.129397,nominal,Montana
2013,Income tax not withheld and SECA,1.39195,nominal,Montana
2013,Income tax withheld and FICA,3.28688,nominal,Montana
2014,Business income taxes,0.194463,nominal,Montana
2014,"Estate, gift, excise and other",0.165114,nominal,Montana
2014,Income tax not withheld and SECA,1.45771,nominal,Montana
2014,Income tax withheld and FICA,3.52072,nominal,Montana
2015,Business income taxes,0.214131,nominal,Montana
2015,"Estate, gift, excise and other",0.128408,nominal,Montana
2015,Income tax not withheld and SECA,1.70712,nominal,Montana
2015,Income tax withheld and FICA,3.75543,nominal,Montana
2016,Business income taxes,0.181397,nominal,Montana
2016,"Estate, gift, excise and other",0.139636,nominal,Montana
2016,Income tax not withheld and SECA,1.62594,nominal,Montana
2016,Income tax withheld and FICA,4.02582,nominal,Montana
2017,Business income taxes,0.19098,nominal,Montana
2017,"Estate, gift, excise and other",0.169978,nominal,Montana
2017,Income tax not withheld and SECA,1.5357,nominal,Montana
2017,Income tax withheld and FICA,4.18372,nominal,Montana
2018,Business income taxes,0.157799,nominal,Montana
2018,"Estate, gift, excise and other",0.151513,nominal,Montana
2018,Income tax not withheld and SECA,1.74067,nominal,Montana
2018,Income tax withheld and FICA,4.17937,nominal,Montana
2019,Business income taxes,0.171363,nominal,Montana
2019,"Estate, gift, excise and other",0.128361,nominal,Montana
2019,Income tax not withheld and SECA,1.72247,nominal,Montana
2019,Income tax withheld and FICA,4.33453,nominal,Montana
2020,Business income taxes,0.217632,nominal,Montana
2020,"Estate, gift, excise and other",0.107258,nominal,Montana
2020,Income tax not withheld and SECA,1.80257,nominal,Montana
2020,Income tax withheld and FICA,4.4751,nominal,Montana
2021,Business income taxes,0.40144,nominal,Montana
2021,"Estate, gift, excise and other",0.16742,nominal,Montana
2021,Income tax not withheld and SECA,2.44101,nominal,Montana
2021,Income tax withheld and FICA,4.83502,nominal,Montana
2022,Business income taxes,0.305451,nominal,Montana
2022,"Estate, gift, excise and other",0.243696,nominal,Montana
2022,Income tax not withheld and SECA,4.10489,nominal,Montana
2022,Income tax withheld and FICA,6.02312,nominal,Montana
2023,Business income taxes,0.26348,nominal,Montana
2023,"Estate, gift, excise and other",0.215688,nominal,Montana
2023,Income tax not withheld and SECA,3.06876,nominal,Montana
2023,Income tax withheld and FICA,6.40593,nominal,Montana
2024,Business income taxes,0.250642,nominal,Montana
2024,"Estate, gift, excise and other",0.187658,nominal,Montana
2024,Income tax not withheld and SECA,3.29024,nominal,Montana
2024,Income tax withheld and FICA,6.95998,nominal,Montana
2025,Business income taxes,0.268981,nominal,Montana
2025,"Estate, gift, excise and other",0.2279,nominal,Montana
2025,Income tax not withheld and SECA,3.6536,nominal,Montana
2025,Income tax withheld and FICA,10.8114,nominal,Montana
1998,Business income taxes,2.72207,nominal,Nebraska
1998,"Estate, gift, excise and other",1.18479,nominal,Nebraska
1998,Income tax not withheld and SECA,1.737,nominal,Nebraska
1998,Income tax withheld and FICA,6.45944,nominal,Nebraska
1999,Business income taxes,2.7663,nominal,Nebraska
1999,"Estate, gift, excise and other",1.16289,nominal,Nebraska
1999,Income tax not withheld and SECA,1.94976,nominal,Nebraska
1999,Income tax withheld and FICA,6.86668,nominal,Nebraska
2000,Business income taxes,2.21591,nominal,Nebraska
2000,"Estate, gift, excise and other",1.07339,nominal,Nebraska
2000,Income tax not withheld and SECA,2.04319,nominal,Nebraska
2000,Income tax withheld and FICA,7.32939,nominal,Nebraska
2001,Business income taxes,2.12876,nominal,Nebraska
2001,"Estate, gift, excise and other",1.28946,nominal,Nebraska
2001,Income tax not withheld and SECA,2.02531,nominal,Nebraska
2001,Income tax withheld and FICA,7.67558,nominal,Nebraska
2002,Business income taxes,2.29087,nominal,Nebraska
2002,"Estate, gift, excise and other",1.2475,nominal,Nebraska
2002,Income tax not withheld and SECA,1.62601,nominal,Nebraska
2002,Income tax withheld and FICA,7.34427,nominal,Nebraska
2003,Business income taxes,3.90787,nominal,Nebraska
2003,"Estate, gift, excise and other",1.17478,nominal,Nebraska
2003,Income tax not withheld and SECA,1.42494,nominal,Nebraska
2003,Income tax withheld and FICA,7.35913,nominal,Nebraska
2004,Business income taxes,4.1244,nominal,Nebraska
2004,"Estate, gift, excise and other",1.26118,nominal,Nebraska
2004,Income tax not withheld and SECA,1.37392,nominal,Nebraska
2004,Income tax withheld and FICA,7.63313,nominal,Nebraska
2005,Business income taxes,4.59337,nominal,Nebraska
2005,"Estate, gift, excise and other",1.43819,nominal,Nebraska
2005,Income tax not withheld and SECA,1.65429,nominal,Nebraska
2005,Income tax withheld and FICA,8.4358,nominal,Nebraska
2006,Business income taxes,5.21113,nominal,Nebraska
2006,"Estate, gift, excise and other",1.35354,nominal,Nebraska
2006,Income tax not withheld and SECA,1.91655,nominal,Nebraska
2006,Income tax withheld and FICA,8.9,nominal,Nebraska
2007,Business income taxes,6.05992,nominal,Nebraska
2007,"Estate, gift, excise and other",1.31699,nominal,Nebraska
2007,Income tax not withheld and SECA,2.16065,nominal,Nebraska
2007,Income tax withheld and FICA,9.5057,nominal,Nebraska
2008,Business income taxes,7.41756,nominal,Nebraska
2008,"Estate, gift, excise and other",1.32624,nominal,Nebraska
2008,Income tax not withheld and SECA,2.31568,nominal,Nebraska
2008,Income tax withheld and FICA,10.3072,nominal,Nebraska
2009,Business income taxes,3.9417,nominal,Nebraska
2009,"Estate, gift, excise and other",1.23311,nominal,Nebraska
2009,Income tax not withheld and SECA,1.87453,nominal,Nebraska
2009,Income tax withheld and FICA,9.15106,nominal,Nebraska
2010,Business income taxes,5.34338,nominal,Nebraska
2010,"Estate, gift, excise and other",1.29493,nominal,Nebraska
2010,Income tax not withheld and SECA,1.66544,nominal,Nebraska
2010,Income tax withheld and FICA,9.33819,nominal,Nebraska
2011,Business income taxes,2.69789,nominal,Nebraska
2011,"Estate, gift, excise and other",1.1315,nominal,Nebraska
2011,Income tax not withheld and SECA,2.05248,nominal,Nebraska
2011,Income tax withheld and FICA,9.78231,nominal,Nebraska
2012,Business income taxes,6.14952,nominal,Nebraska
2012,"Estate, gift, excise and other",1.2981,nominal,Nebraska
2012,Income tax not withheld and SECA,2.09981,nominal,Nebraska
2012,Income tax withheld and FICA,10.2478,nominal,Nebraska
2013,Business income taxes,7.73046,nominal,Nebraska
2013,"Estate, gift, excise and other",1.42842,nominal,Nebraska
2013,Income tax not withheld and SECA,2.82892,nominal,Nebraska
2013,Income tax withheld and FICA,11.8142,nominal,Nebraska
2014,Business income taxes,7.26917,nominal,Nebraska
2014,"Estate, gift, excise and other",1.55166,nominal,Nebraska
2014,Income tax not withheld and SECA,2.75281,nominal,Nebraska
2014,Income tax withheld and FICA,12.3113,nominal,Nebraska
2015,Business income taxes,6.87002,nominal,Nebraska
2015,"Estate, gift, excise and other",1.7034,nominal,Nebraska
2015,Income tax not withheld and SECA,3.31761,nominal,Nebraska
2015,Income tax withheld and FICA,13.2127,nominal,Nebraska
2016,Business income taxes,6.72266,nominal,Nebraska
2016,"Estate, gift, excise and other",1.55429,nominal,Nebraska
2016,Income tax not withheld and SECA,2.87505,nominal,Nebraska
2016,Income tax withheld and FICA,14.0273,nominal,Nebraska
2017,Business income taxes,6.83639,nominal,Nebraska
2017,"Estate, gift, excise and other",1.49362,nominal,Nebraska
2017,Income tax not withheld and SECA,2.71668,nominal,Nebraska
2017,Income tax withheld and FICA,14.4033,nominal,Nebraska
2018,Business income taxes,6.09645,nominal,Nebraska
2018,"Estate, gift, excise and other",1.64737,nominal,Nebraska
2018,Income tax not withheld and SECA,2.85977,nominal,Nebraska
2018,Income tax withheld and FICA,14.7087,nominal,Nebraska
2019,Business income taxes,6.10659,nominal,Nebraska
2019,"Estate, gift, excise and other",1.65647,nominal,Nebraska
2019,Income tax not withheld and SECA,2.82232,nominal,Nebraska
2019,Income tax withheld and FICA,14.9657,nominal,Nebraska
2020,Business income taxes,4.68803,nominal,Nebraska
2020,"Estate, gift, excise and other",1.24995,nominal,Nebraska
2020,Income tax not withheld and SECA,2.84584,nominal,Nebraska
2020,Income tax withheld and FICA,14.9997,nominal,Nebraska
2021,Business income taxes,7.12462,nominal,Nebraska
2021,"Estate, gift, excise and other",1.36484,nominal,Nebraska
2021,Income tax not withheld and SECA,3.88813,nominal,Nebraska
2021,Income tax withheld and FICA,16.1501,nominal,Nebraska
2022,Business income taxes,6.16014,nominal,Nebraska
2022,"Estate, gift, excise and other",1.67561,nominal,Nebraska
2022,Income tax not withheld and SECA,5.33192,nominal,Nebraska
2022,Income tax withheld and FICA,17.5982,nominal,Nebraska
2023,Business income taxes,7.53568,nominal,Nebraska
2023,"Estate, gift, excise and other",1.81372,nominal,Nebraska
2023,Income tax not withheld and SECA,4.73674,nominal,Nebraska
2023,Income tax withheld and FICA,17.7648,nominal,Nebraska
2024,Business income taxes,20.3239,nominal,Nebraska
2024,"Estate, gift, excise and other",1.60782,nominal,Nebraska
2024,Income tax not withheld and SECA,4.608,nominal,Nebraska
2024,Income tax withheld and FICA,17.4237,nominal,Nebraska
2025,Business income taxes,19.7428,nominal,Nebraska
2025,"Estate, gift, excise and other",1.98724,nominal,Nebraska
2025,Income tax not withheld and SECA,4.89945,nominal,Nebraska
2025,Income tax withheld and FICA,17.5316,nominal,Nebraska
1998,Business income taxes,0.765793,nominal,Nevada
1998,"Estate, gift, excise and other",0.265303,nominal,Nevada
1998,Income tax not withheld and SECA,2.83443,nominal,Nevada
1998,Income tax withheld and FICA,5.64138,nominal,Nevada
1999,Business income taxes,0.853603,nominal,Nevada
1999,"Estate, gift, excise and other",0.410495,nominal,Nevada
1999,Income tax not withheld and SECA,3.3622,nominal,Nevada
1999,Income tax withheld and FICA,6.20457,nominal,Nevada
2000,Business income taxes,1.0157,nominal,Nevada
2000,"Estate, gift, excise and other",0.366164,nominal,Nevada
2000,Income tax not withheld and SECA,3.76648,nominal,Nevada
2000,Income tax withheld and FICA,6.74405,nominal,Nevada
2001,Business income taxes,0.927178,nominal,Nevada
2001,"Estate, gift, excise and other",0.387901,nominal,Nevada
2001,Income tax not withheld and SECA,4.06454,nominal,Nevada
2001,Income tax withheld and FICA,6.91959,nominal,Nevada
2002,Business income taxes,1.88614,nominal,Nevada
2002,"Estate, gift, excise and other",0.283391,nominal,Nevada
2002,Income tax not withheld and SECA,3.14109,nominal,Nevada
2002,Income tax withheld and FICA,6.83113,nominal,Nevada
2003,Business income taxes,2.7084,nominal,Nevada
2003,"Estate, gift, excise and other",0.267924,nominal,Nevada
2003,Income tax not withheld and SECA,3.01991,nominal,Nevada
2003,Income tax withheld and FICA,7.17352,nominal,Nevada
2004,Business income taxes,1.76789,nominal,Nevada
2004,"Estate, gift, excise and other",0.432284,nominal,Nevada
2004,Income tax not withheld and SECA,3.26967,nominal,Nevada
2004,Income tax withheld and FICA,7.82386,nominal,Nevada
2005,Business income taxes,2.1907,nominal,Nevada
2005,"Estate, gift, excise and other",0.328748,nominal,Nevada
2005,Income tax not withheld and SECA,5.39537,nominal,Nevada
2005,Income tax withheld and FICA,8.79587,nominal,Nevada
2006,Business income taxes,3.27007,nominal,Nevada
2006,"Estate, gift, excise and other",0.3179,nominal,Nevada
2006,Income tax not withheld and SECA,6.25604,nominal,Nevada
2006,Income tax withheld and FICA,9.27913,nominal,Nevada
2007,Business income taxes,2.58503,nominal,Nevada
2007,"Estate, gift, excise and other",0.37347,nominal,Nevada
2007,Income tax not withheld and SECA,6.16689,nominal,Nevada
2007,Income tax withheld and FICA,10.4936,nominal,Nevada
2008,Business income taxes,1.6084,nominal,Nevada
2008,"Estate, gift, excise and other",0.358114,nominal,Nevada
2008,Income tax not withheld and SECA,5.72078,nominal,Nevada
2008,Income tax withheld and FICA,10.0661,nominal,Nevada
2009,Business income taxes,0.728916,nominal,Nevada
2009,"Estate, gift, excise and other",0.513978,nominal,Nevada
2009,Income tax not withheld and SECA,3.31119,nominal,Nevada
2009,Income tax withheld and FICA,9.21649,nominal,Nevada
2010,Business income taxes,0.798983,nominal,Nevada
2010,"Estate, gift, excise and other",0.428179,nominal,Nevada
2010,Income tax not withheld and SECA,2.99882,nominal,Nevada
2010,Income tax withheld and FICA,8.65539,nominal,Nevada
2011,Business income taxes,0.559943,nominal,Nevada
2011,"Estate, gift, excise and other",0.653442,nominal,Nevada
2011,Income tax not withheld and SECA,3.1582,nominal,Nevada
2011,Income tax withheld and FICA,8.66114,nominal,Nevada
2012,Business income taxes,0.757762,nominal,Nevada
2012,"Estate, gift, excise and other",0.558482,nominal,Nevada
2012,Income tax not withheld and SECA,3.45376,nominal,Nevada
2012,Income tax withheld and FICA,8.95742,nominal,Nevada
2013,Business income taxes,0.87952,nominal,Nevada
2013,"Estate, gift, excise and other",0.774644,nominal,Nevada
2013,Income tax not withheld and SECA,4.41625,nominal,Nevada
2013,Income tax withheld and FICA,9.78784,nominal,Nevada
2014,Business income taxes,0.77791,nominal,Nevada
2014,"Estate, gift, excise and other",1.00381,nominal,Nevada
2014,Income tax not withheld and SECA,4.51721,nominal,Nevada
2014,Income tax withheld and FICA,10.2797,nominal,Nevada
2015,Business income taxes,0.867208,nominal,Nevada
2015,"Estate, gift, excise and other",1.67842,nominal,Nevada
2015,Income tax not withheld and SECA,5.24361,nominal,Nevada
2015,Income tax withheld and FICA,10.6608,nominal,Nevada
2016,Business income taxes,0.767939,nominal,Nevada
2016,"Estate, gift, excise and other",1.69444,nominal,Nevada
2016,Income tax not withheld and SECA,5.79626,nominal,Nevada
2016,Income tax withheld and FICA,11.6526,nominal,Nevada
2017,Business income taxes,0.974505,nominal,Nevada
2017,"Estate, gift, excise and other",2.04406,nominal,Nevada
2017,Income tax not withheld and SECA,6.49702,nominal,Nevada
2017,Income tax withheld and FICA,12.0551,nominal,Nevada
2018,Business income taxes,1.0476,nominal,Nevada
2018,"Estate, gift, excise and other",2.97332,nominal,Nevada
2018,Income tax not withheld and SECA,6.90937,nominal,Nevada
2018,Income tax withheld and FICA,12.3876,nominal,Nevada
2019,Business income taxes,0.703842,nominal,Nevada
2019,"Estate, gift, excise and other",2.55857,nominal,Nevada
2019,Income tax not withheld and SECA,7.71495,nominal,Nevada
2019,Income tax withheld and FICA,12.7922,nominal,Nevada
2020,Business income taxes,0.797965,nominal,Nevada
2020,"Estate, gift, excise and other",3.52404,nominal,Nevada
2020,Income tax not withheld and SECA,6.62693,nominal,Nevada
2020,Income tax withheld and FICA,12.4397,nominal,Nevada
2021,Business income taxes,1.19492,nominal,Nevada
2021,"Estate, gift, excise and other",4.19743,nominal,Nevada
2021,Income tax not withheld and SECA,9.71442,nominal,Nevada
2021,Income tax withheld and FICA,13.7124,nominal,Nevada
2022,Business income taxes,2.71198,nominal,Nevada
2022,"Estate, gift, excise and other",5.93243,nominal,Nevada
2022,Income tax not withheld and SECA,14.1011,nominal,Nevada
2022,Income tax withheld and FICA,16.5638,nominal,Nevada
2023,Business income taxes,2.18348,nominal,Nevada
2023,"Estate, gift, excise and other",3.57766,nominal,Nevada
2023,Income tax not withheld and SECA,11.4461,nominal,Nevada
2023,Income tax withheld and FICA,17.5398,nominal,Nevada
2024,Business income taxes,1.78138,nominal,Nevada
2024,"Estate, gift, excise and other",5.42061,nominal,Nevada
2024,Income tax not withheld and SECA,11.8046,nominal,Nevada
2024,Income tax withheld and FICA,19.028,nominal,Nevada
2025,Business income taxes,1.53874,nominal,Nevada
2025,"Estate, gift, excise and other",5.33283,nominal,Nevada
2025,Income tax not withheld and SECA,13.4148,nominal,Nevada
2025,Income tax withheld and FICA,18.4617,nominal,Nevada
1998,Business income taxes,0.343259,nominal,New Hampshire
1998,"Estate, gift, excise and other",0.184981,nominal,New Hampshire
1998,Income tax not withheld and SECA,1.59706,nominal,New Hampshire
1998,Income tax withheld and FICA,4.16468,nominal,New Hampshire
1999,Business income taxes,0.354542,nominal,New Hampshire
1999,"Estate, gift, excise and other",0.217371,nominal,New Hampshire
1999,Income tax not withheld and SECA,1.64581,nominal,New Hampshire
1999,Income tax withheld and FICA,4.56333,nominal,New Hampshire
2000,Business income taxes,0.386159,nominal,New Hampshire
2000,"Estate, gift, excise and other",0.264164,nominal,New Hampshire
2000,Income tax not withheld and SECA,2.01879,nominal,New Hampshire
2000,Income tax withheld and FICA,5.27326,nominal,New Hampshire
2001,Business income taxes,0.246928,nominal,New Hampshire
2001,"Estate, gift, excise and other",0.303801,nominal,New Hampshire
2001,Income tax not withheld and SECA,2.27714,nominal,New Hampshire
2001,Income tax withheld and FICA,5.36905,nominal,New Hampshire
2002,Business income taxes,0.282205,nominal,New Hampshire
2002,"Estate, gift, excise and other",0.217802,nominal,New Hampshire
2002,Income tax not withheld and SECA,1.60764,nominal,New Hampshire
2002,Income tax withheld and FICA,5.2505,nominal,New Hampshire
2003,Business income taxes,0.322588,nominal,New Hampshire
2003,"Estate, gift, excise and other",0.293376,nominal,New Hampshire
2003,Income tax not withheld and SECA,1.36479,nominal,New Hampshire
2003,Income tax withheld and FICA,5.38528,nominal,New Hampshire
2004,Business income taxes,0.355208,nominal,New Hampshire
2004,"Estate, gift, excise and other",0.157149,nominal,New Hampshire
2004,Income tax not withheld and SECA,1.33778,nominal,New Hampshire
2004,Income tax withheld and FICA,5.3332,nominal,New Hampshire
2005,Business income taxes,0.495426,nominal,New Hampshire
2005,"Estate, gift, excise and other",0.151665,nominal,New Hampshire
2005,Income tax not withheld and SECA,1.63537,nominal,New Hampshire
2005,Income tax withheld and FICA,5.92258,nominal,New Hampshire
2006,Business income taxes,0.580687,nominal,New Hampshire
2006,"Estate, gift, excise and other",0.227469,nominal,New Hampshire
2006,Income tax not withheld and SECA,1.87164,nominal,New Hampshire
2006,Income tax withheld and FICA,6.43267,nominal,New Hampshire
2007,Business income taxes,0.518388,nominal,New Hampshire
2007,"Estate, gift, excise and other",0.167162,nominal,New Hampshire
2007,Income tax not withheld and SECA,2.03166,nominal,New Hampshire
2007,Income tax withheld and FICA,6.58699,nominal,New Hampshire
2008,Business income taxes,0.146722,nominal,New Hampshire
2008,"Estate, gift, excise and other",0.218067,nominal,New Hampshire
2008,Income tax not withheld and SECA,2.09626,nominal,New Hampshire
2008,Income tax withheld and FICA,8.17967,nominal,New Hampshire
2009,Business income taxes,0.467026,nominal,New Hampshire
2009,"Estate, gift, excise and other",0.243828,nominal,New Hampshire
2009,Income tax not withheld and SECA,1.49969,nominal,New Hampshire
2009,Income tax withheld and FICA,6.5293,nominal,New Hampshire
2010,Business income taxes,0.142498,nominal,New Hampshire
2010,"Estate, gift, excise and other",0.269398,nominal,New Hampshire
2010,Income tax not withheld and SECA,1.30046,nominal,New Hampshire
2010,Income tax withheld and FICA,6.66497,nominal,New Hampshire
2011,Business income taxes,0.335589,nominal,New Hampshire
2011,"Estate, gift, excise and other",0.221106,nominal,New Hampshire
2011,Income tax not withheld and SECA,1.59506,nominal,New Hampshire
2011,Income tax withheld and FICA,6.55062,nominal,New Hampshire
2012,Business income taxes,0.20526,nominal,New Hampshire
2012,"Estate, gift, excise and other",0.437033,nominal,New Hampshire
2012,Income tax not withheld and SECA,1.5845,nominal,New Hampshire
2012,Income tax withheld and FICA,6.5809,nominal,New Hampshire
2013,Business income taxes,0.277679,nominal,New Hampshire
2013,"Estate, gift, excise and other",0.688056,nominal,New Hampshire
2013,Income tax not withheld and SECA,1.8268,nominal,New Hampshire
2013,Income tax withheld and FICA,7.20945,nominal,New Hampshire
2014,Business income taxes,0.23641,nominal,New Hampshire
2014,"Estate, gift, excise and other",1.16619,nominal,New Hampshire
2014,Income tax not withheld and SECA,1.97303,nominal,New Hampshire
2014,Income tax withheld and FICA,7.66815,nominal,New Hampshire
2015,Business income taxes,0.296413,nominal,New Hampshire
2015,"Estate, gift, excise and other",0.590926,nominal,New Hampshire
2015,Income tax not withheld and SECA,2.41043,nominal,New Hampshire
2015,Income tax withheld and FICA,8.01722,nominal,New Hampshire
2016,Business income taxes,0.236307,nominal,New Hampshire
2016,"Estate, gift, excise and other",0.63193,nominal,New Hampshire
2016,Income tax not withheld and SECA,2.29734,nominal,New Hampshire
2016,Income tax withheld and FICA,8.31242,nominal,New Hampshire
2017,Business income taxes,0.261057,nominal,New Hampshire
2017,"Estate, gift, excise and other",0.684946,nominal,New Hampshire
2017,Income tax not withheld and SECA,2.4058,nominal,New Hampshire
2017,Income tax withheld and FICA,8.78655,nominal,New Hampshire
2018,Business income taxes,0.198895,nominal,New Hampshire
2018,"Estate, gift, excise and other",0.753543,nominal,New Hampshire
2018,Income tax not withheld and SECA,2.83033,nominal,New Hampshire
2018,Income tax withheld and FICA,8.5085,nominal,New Hampshire
2019,Business income taxes,0.17165,nominal,New Hampshire
2019,"Estate, gift, excise and other",0.666079,nominal,New Hampshire
2019,Income tax not withheld and SECA,2.77453,nominal,New Hampshire
2019,Income tax withheld and FICA,8.5964,nominal,New Hampshire
2020,Business income taxes,0.19269,nominal,New Hampshire
2020,"Estate, gift, excise and other",0.788953,nominal,New Hampshire
2020,Income tax not withheld and SECA,2.80774,nominal,New Hampshire
2020,Income tax withheld and FICA,8.32923,nominal,New Hampshire
2021,Business income taxes,0.453066,nominal,New Hampshire
2021,"Estate, gift, excise and other",1.11838,nominal,New Hampshire
2021,Income tax not withheld and SECA,3.80922,nominal,New Hampshire
2021,Income tax withheld and FICA,9.08299,nominal,New Hampshire
2022,Business income taxes,0.421875,nominal,New Hampshire
2022,"Estate, gift, excise and other",1.24748,nominal,New Hampshire
2022,Income tax not withheld and SECA,5.31734,nominal,New Hampshire
2022,Income tax withheld and FICA,10.2555,nominal,New Hampshire
2023,Business income taxes,0.504343,nominal,New Hampshire
2023,"Estate, gift, excise and other",1.16118,nominal,New Hampshire
2023,Income tax not withheld and SECA,4.41995,nominal,New Hampshire
2023,Income tax withheld and FICA,11.5835,nominal,New Hampshire
2024,Business income taxes,0.608318,nominal,New Hampshire
2024,"Estate, gift, excise and other",1.23618,nominal,New Hampshire
2024,Income tax not withheld and SECA,4.49917,nominal,New Hampshire
2024,Income tax withheld and FICA,10.6884,nominal,New Hampshire
2025,Business income taxes,0.466682,nominal,New Hampshire
2025,"Estate, gift, excise and other",1.21459,nominal,New Hampshire
2025,Income tax not withheld and SECA,5.29272,nominal,New Hampshire
2025,Income tax withheld and FICA,10.9205,nominal,New Hampshire
1998,Business income taxes,10.9651,nominal,New Jersey
1998,"Estate, gift, excise and other",2.79074,nominal,New Jersey
1998,Income tax not withheld and SECA,11.7173,nominal,New Jersey
1998,Income tax withheld and FICA,53.4562,nominal,New Jersey
1999,Business income taxes,13.2488,nominal,New Jersey
1999,"Estate, gift, excise and other",3.06043,nominal,New Jersey
1999,Income tax not withheld and SECA,12.6637,nominal,New Jersey
1999,Income tax withheld and FICA,56.4631,nominal,New Jersey
2000,Business income taxes,12.7475,nominal,New Jersey
2000,"Estate, gift, excise and other",3.50004,nominal,New Jersey
2000,Income tax not withheld and SECA,14.9138,nominal,New Jersey
2000,Income tax withheld and FICA,64.6991,nominal,New Jersey
2001,Business income taxes,9.08782,nominal,New Jersey
2001,"Estate, gift, excise and other",3.31791,nominal,New Jersey
2001,Income tax not withheld and SECA,16.5266,nominal,New Jersey
2001,Income tax withheld and FICA,65.4314,nominal,New Jersey
2002,Business income taxes,9.90225,nominal,New Jersey
2002,"Estate, gift, excise and other",2.91729,nominal,New Jersey
2002,Income tax not withheld and SECA,12.5939,nominal,New Jersey
2002,Income tax withheld and FICA,65.8624,nominal,New Jersey
2003,Business income taxes,7.9339,nominal,New Jersey
2003,"Estate, gift, excise and other",2.68916,nominal,New Jersey
2003,Income tax not withheld and SECA,11.7262,nominal,New Jersey
2003,Income tax withheld and FICA,64.1646,nominal,New Jersey
2004,Business income taxes,11.535,nominal,New Jersey
2004,"Estate, gift, excise and other",2.82686,nominal,New Jersey
2004,Income tax not withheld and SECA,11.0531,nominal,New Jersey
2004,Income tax withheld and FICA,65.6671,nominal,New Jersey
2005,Business income taxes,15.9897,nominal,New Jersey
2005,"Estate, gift, excise and other",2.65189,nominal,New Jersey
2005,Income tax not withheld and SECA,13.4203,nominal,New Jersey
2005,Income tax withheld and FICA,69.9356,nominal,New Jersey
2006,Business income taxes,17.387,nominal,New Jersey
2006,"Estate, gift, excise and other",2.68904,nominal,New Jersey
2006,Income tax not withheld and SECA,14.7127,nominal,New Jersey
2006,Income tax withheld and FICA,73.7523,nominal,New Jersey
2007,Business income taxes,23.9533,nominal,New Jersey
2007,"Estate, gift, excise and other",2.57821,nominal,New Jersey
2007,Income tax not withheld and SECA,16.3366,nominal,New Jersey
2007,Income tax withheld and FICA,78.8104,nominal,New Jersey
2008,Business income taxes,19.6497,nominal,New Jersey
2008,"Estate, gift, excise and other",2.20629,nominal,New Jersey
2008,Income tax not withheld and SECA,17.9434,nominal,New Jersey
2008,Income tax withheld and FICA,82.7357,nominal,New Jersey
2009,Business income taxes,14.9509,nominal,New Jersey
2009,"Estate, gift, excise and other",2.17151,nominal,New Jersey
2009,Income tax not withheld and SECA,12.9442,nominal,New Jersey
2009,Income tax withheld and FICA,73.4821,nominal,New Jersey
2010,Business income taxes,30.7362,nominal,New Jersey
2010,"Estate, gift, excise and other",2.17414,nominal,New Jersey
2010,Income tax not withheld and SECA,12.4809,nominal,New Jersey
2010,Income tax withheld and FICA,73.5513,nominal,New Jersey
2011,Business income taxes,16.6575,nominal,New Jersey
2011,"Estate, gift, excise and other",2.78483,nominal,New Jersey
2011,Income tax not withheld and SECA,13.2157,nominal,New Jersey
2011,Income tax withheld and FICA,79.4453,nominal,New Jersey
2012,Business income taxes,17.4599,nominal,New Jersey
2012,"Estate, gift, excise and other",2.77139,nominal,New Jersey
2012,Income tax not withheld and SECA,13.6838,nominal,New Jersey
2012,Income tax withheld and FICA,77.4624,nominal,New Jersey
2013,Business income taxes,19.1091,nominal,New Jersey
2013,"Estate, gift, excise and other",4.33118,nominal,New Jersey
2013,Income tax not withheld and SECA,15.7288,nominal,New Jersey
2013,Income tax withheld and FICA,88.8829,nominal,New Jersey
2014,Business income taxes,21.8138,nominal,New Jersey
2014,"Estate, gift, excise and other",4.30264,nominal,New Jersey
2014,Income tax not withheld and SECA,18.1617,nominal,New Jersey
2014,Income tax withheld and FICA,90.5917,nominal,New Jersey
2015,Business income taxes,36.256100000000004,nominal,New Jersey
2015,"Estate, gift, excise and other",4.14431,nominal,New Jersey
2015,Income tax not withheld and SECA,20.21,nominal,New Jersey
2015,Income tax withheld and FICA,93.3071,nominal,New Jersey
2016,Business income taxes,25.5667,nominal,New Jersey
2016,"Estate, gift, excise and other",3.92558,nominal,New Jersey
2016,Income tax not withheld and SECA,19.8838,nominal,New Jersey
2016,Income tax withheld and FICA,93.6358,nominal,New Jersey
2017,Business income taxes,24.5213,nominal,New Jersey
2017,"Estate, gift, excise and other",3.6207,nominal,New Jersey
2017,Income tax not withheld and SECA,20.1567,nominal,New Jersey
2017,Income tax withheld and FICA,95.5368,nominal,New Jersey
2018,Business income taxes,14.5925,nominal,New Jersey
2018,"Estate, gift, excise and other",5.47172,nominal,New Jersey
2018,Income tax not withheld and SECA,22.6277,nominal,New Jersey
2018,Income tax withheld and FICA,96.2849,nominal,New Jersey
2019,Business income taxes,15.8437,nominal,New Jersey
2019,"Estate, gift, excise and other",4.67997,nominal,New Jersey
2019,Income tax not withheld and SECA,23.0227,nominal,New Jersey
2019,Income tax withheld and FICA,96.712,nominal,New Jersey
2020,Business income taxes,13.7649,nominal,New Jersey
2020,"Estate, gift, excise and other",3.94685,nominal,New Jersey
2020,Income tax not withheld and SECA,21.9572,nominal,New Jersey
2020,Income tax withheld and FICA,91.659,nominal,New Jersey
2021,Business income taxes,25.1251,nominal,New Jersey
2021,"Estate, gift, excise and other",4.68624,nominal,New Jersey
2021,Income tax not withheld and SECA,27.1081,nominal,New Jersey
2021,Income tax withheld and FICA,99.2369,nominal,New Jersey
2022,Business income taxes,29.3774,nominal,New Jersey
2022,"Estate, gift, excise and other",5.64388,nominal,New Jersey
2022,Income tax not withheld and SECA,35.5634,nominal,New Jersey
2022,Income tax withheld and FICA,116.24,nominal,New Jersey
2023,Business income taxes,29.5414,nominal,New Jersey
2023,"Estate, gift, excise and other",4.26317,nominal,New Jersey
2023,Income tax not withheld and SECA,29.2919,nominal,New Jersey
2023,Income tax withheld and FICA,117.44,nominal,New Jersey
2024,Business income taxes,28.5147,nominal,New Jersey
2024,"Estate, gift, excise and other",5.44237,nominal,New Jersey
2024,Income tax not withheld and SECA,31.3236,nominal,New Jersey
2024,Income tax withheld and FICA,117.945,nominal,New Jersey
2025,Business income taxes,27.1666,nominal,New Jersey
2025,"Estate, gift, excise and other",5.57745,nominal,New Jersey
2025,Income tax not withheld and SECA,36.4633,nominal,New Jersey
2025,Income tax withheld and FICA,122.88,nominal,New Jersey
1998,Business income taxes,0.225197,nominal,New Mexico
1998,"Estate, gift, excise and other",0.223752,nominal,New Mexico
1998,Income tax not withheld and SECA,1.22144,nominal,New Mexico
1998,Income tax withheld and FICA,3.93172,nominal,New Mexico
1999,Business income taxes,0.203919,nominal,New Mexico
1999,"Estate, gift, excise and other",0.283615,nominal,New Mexico
1999,Income tax not withheld and SECA,1.27899,nominal,New Mexico
1999,Income tax withheld and FICA,4.15828,nominal,New Mexico
2000,Business income taxes,0.258655,nominal,New Mexico
2000,"Estate, gift, excise and other",0.257781,nominal,New Mexico
2000,Income tax not withheld and SECA,1.3814,nominal,New Mexico
2000,Income tax withheld and FICA,4.29872,nominal,New Mexico
2001,Business income taxes,0.374447,nominal,New Mexico
2001,"Estate, gift, excise and other",0.264386,nominal,New Mexico
2001,Income tax not withheld and SECA,1.08689,nominal,New Mexico
2001,Income tax withheld and FICA,4.70927,nominal,New Mexico
2002,Business income taxes,0.431889,nominal,New Mexico
2002,"Estate, gift, excise and other",0.248775,nominal,New Mexico
2002,Income tax not withheld and SECA,1.69147,nominal,New Mexico
2002,Income tax withheld and FICA,4.7744,nominal,New Mexico
2003,Business income taxes,0.257641,nominal,New Mexico
2003,"Estate, gift, excise and other",0.19808,nominal,New Mexico
2003,Income tax not withheld and SECA,1.15937,nominal,New Mexico
2003,Income tax withheld and FICA,4.6558,nominal,New Mexico
2004,Business income taxes,0.171491,nominal,New Mexico
2004,"Estate, gift, excise and other",0.165372,nominal,New Mexico
2004,Income tax not withheld and SECA,1.15682,nominal,New Mexico
2004,Income tax withheld and FICA,4.55671,nominal,New Mexico
2005,Business income taxes,0.293155,nominal,New Mexico
2005,"Estate, gift, excise and other",0.129511,nominal,New Mexico
2005,Income tax not withheld and SECA,1.38816,nominal,New Mexico
2005,Income tax withheld and FICA,4.83122,nominal,New Mexico
2006,Business income taxes,0.346719,nominal,New Mexico
2006,"Estate, gift, excise and other",0.129581,nominal,New Mexico
2006,Income tax not withheld and SECA,1.80165,nominal,New Mexico
2006,Income tax withheld and FICA,5.23567,nominal,New Mexico
2007,Business income taxes,0.38577,nominal,New Mexico
2007,"Estate, gift, excise and other",0.154386,nominal,New Mexico
2007,Income tax not withheld and SECA,2.1416,nominal,New Mexico
2007,Income tax withheld and FICA,5.66439,nominal,New Mexico
2008,Business income taxes,0.817494,nominal,New Mexico
2008,"Estate, gift, excise and other",0.180087,nominal,New Mexico
2008,Income tax not withheld and SECA,2.23712,nominal,New Mexico
2008,Income tax withheld and FICA,6.6242,nominal,New Mexico
2009,Business income taxes,0.284268,nominal,New Mexico
2009,"Estate, gift, excise and other",0.289057,nominal,New Mexico
2009,Income tax not withheld and SECA,1.56913,nominal,New Mexico
2009,Income tax withheld and FICA,6.04636,nominal,New Mexico
2010,Business income taxes,0.208234,nominal,New Mexico
2010,"Estate, gift, excise and other",0.241412,nominal,New Mexico
2010,Income tax not withheld and SECA,1.31766,nominal,New Mexico
2010,Income tax withheld and FICA,5.84608,nominal,New Mexico
2011,Business income taxes,0.143804,nominal,New Mexico
2011,"Estate, gift, excise and other",0.455861,nominal,New Mexico
2011,Income tax not withheld and SECA,1.57521,nominal,New Mexico
2011,Income tax withheld and FICA,5.86443,nominal,New Mexico
2012,Business income taxes,0.150549,nominal,New Mexico
2012,"Estate, gift, excise and other",0.295502,nominal,New Mexico
2012,Income tax not withheld and SECA,1.55329,nominal,New Mexico
2012,Income tax withheld and FICA,5.86686,nominal,New Mexico
2013,Business income taxes,0.201375,nominal,New Mexico
2013,"Estate, gift, excise and other",0.324088,nominal,New Mexico
2013,Income tax not withheld and SECA,1.86711,nominal,New Mexico
2013,Income tax withheld and FICA,6.15419,nominal,New Mexico
2014,Business income taxes,0.231314,nominal,New Mexico
2014,"Estate, gift, excise and other",0.374968,nominal,New Mexico
2014,Income tax not withheld and SECA,2.01155,nominal,New Mexico
2014,Income tax withheld and FICA,6.14059,nominal,New Mexico
2015,Business income taxes,0.248014,nominal,New Mexico
2015,"Estate, gift, excise and other",0.296064,nominal,New Mexico
2015,Income tax not withheld and SECA,2.13101,nominal,New Mexico
2015,Income tax withheld and FICA,6.29458,nominal,New Mexico
2016,Business income taxes,0.200103,nominal,New Mexico
2016,"Estate, gift, excise and other",0.206591,nominal,New Mexico
2016,Income tax not withheld and SECA,1.95625,nominal,New Mexico
2016,Income tax withheld and FICA,6.37602,nominal,New Mexico
2017,Business income taxes,0.142271,nominal,New Mexico
2017,"Estate, gift, excise and other",0.16096,nominal,New Mexico
2017,Income tax not withheld and SECA,2.15932,nominal,New Mexico
2017,Income tax withheld and FICA,6.51661,nominal,New Mexico
2018,Business income taxes,0.099218,nominal,New Mexico
2018,"Estate, gift, excise and other",0.265361,nominal,New Mexico
2018,Income tax not withheld and SECA,2.18748,nominal,New Mexico
2018,Income tax withheld and FICA,6.45024,nominal,New Mexico
2019,Business income taxes,0.102441,nominal,New Mexico
2019,"Estate, gift, excise and other",0.128888,nominal,New Mexico
2019,Income tax not withheld and SECA,2.27066,nominal,New Mexico
2019,Income tax withheld and FICA,6.76841,nominal,New Mexico
2020,Business income taxes,0.233378,nominal,New Mexico
2020,"Estate, gift, excise and other",0.146959,nominal,New Mexico
2020,Income tax not withheld and SECA,2.3889,nominal,New Mexico
2020,Income tax withheld and FICA,6.87241,nominal,New Mexico
2021,Business income taxes,0.234252,nominal,New Mexico
2021,"Estate, gift, excise and other",0.231524,nominal,New Mexico
2021,Income tax not withheld and SECA,2.76377,nominal,New Mexico
2021,Income tax withheld and FICA,7.0707700000000004,nominal,New Mexico
2022,Business income taxes,0.223693,nominal,New Mexico
2022,"Estate, gift, excise and other",0.251783,nominal,New Mexico
2022,Income tax not withheld and SECA,3.31129,nominal,New Mexico
2022,Income tax withheld and FICA,7.86828,nominal,New Mexico
2023,Business income taxes,0.294579,nominal,New Mexico
2023,"Estate, gift, excise and other",0.458537,nominal,New Mexico
2023,Income tax not withheld and SECA,3.13671,nominal,New Mexico
2023,Income tax withheld and FICA,8.58654,nominal,New Mexico
2024,Business income taxes,0.233919,nominal,New Mexico
2024,"Estate, gift, excise and other",0.257757,nominal,New Mexico
2024,Income tax not withheld and SECA,3.25305,nominal,New Mexico
2024,Income tax withheld and FICA,9.10653,nominal,New Mexico
2025,Business income taxes,0.236655,nominal,New Mexico
2025,"Estate, gift, excise and other",0.273597,nominal,New Mexico
2025,Income tax not withheld and SECA,3.8957,nominal,New Mexico
2025,Income tax withheld and FICA,9.49223,nominal,New Mexico
1998,Business income taxes,23.5165,nominal,New York
1998,"Estate, gift, excise and other",4.79787,nominal,New York
1998,Income tax not withheld and SECA,28.0042,nominal,New York
1998,Income tax withheld and FICA,109.429,nominal,New York
1999,Business income taxes,21.8104,nominal,New York
1999,"Estate, gift, excise and other",5.46584,nominal,New York
1999,Income tax not withheld and SECA,29.976,nominal,New York
1999,Income tax withheld and FICA,115.12,nominal,New York
2000,Business income taxes,25.9878,nominal,New York
2000,"Estate, gift, excise and other",5.35982,nominal,New York
2000,Income tax not withheld and SECA,35.1784,nominal,New York
2000,Income tax withheld and FICA,124.836,nominal,New York
2001,Business income taxes,19.8136,nominal,New York
2001,"Estate, gift, excise and other",5.32628,nominal,New York
2001,Income tax not withheld and SECA,37.5955,nominal,New York
2001,Income tax withheld and FICA,132.691,nominal,New York
2002,Business income taxes,20.9795,nominal,New York
2002,"Estate, gift, excise and other",5.14258,nominal,New York
2002,Income tax not withheld and SECA,30.0597,nominal,New York
2002,Income tax withheld and FICA,125.842,nominal,New York
2003,Business income taxes,18.3497,nominal,New York
2003,"Estate, gift, excise and other",4.30102,nominal,New York
2003,Income tax not withheld and SECA,25.5081,nominal,New York
2003,Income tax withheld and FICA,120.304,nominal,New York
2004,Business income taxes,20.3998,nominal,New York
2004,"Estate, gift, excise and other",5.01659,nominal,New York
2004,Income tax not withheld and SECA,25.1399,nominal,New York
2004,Income tax withheld and FICA,121.392,nominal,New York
2005,Business income taxes,32.5431,nominal,New York
2005,"Estate, gift, excise and other",5.5971,nominal,New York
2005,Income tax not withheld and SECA,31.8241,nominal,New York
2005,Income tax withheld and FICA,128.598,nominal,New York
2006,Business income taxes,39.1141,nominal,New York
2006,"Estate, gift, excise and other",4.92627,nominal,New York
2006,Income tax not withheld and SECA,36.5407,nominal,New York
2006,Income tax withheld and FICA,134.356,nominal,New York
2007,Business income taxes,47.5704,nominal,New York
2007,"Estate, gift, excise and other",4.74539,nominal,New York
2007,Income tax not withheld and SECA,44.1454,nominal,New York
2007,Income tax withheld and FICA,148.212,nominal,New York
2008,Business income taxes,32.711,nominal,New York
2008,"Estate, gift, excise and other",5.07156,nominal,New York
2008,Income tax not withheld and SECA,49.4135,nominal,New York
2008,Income tax withheld and FICA,142.451,nominal,New York
2009,Business income taxes,18.2132,nominal,New York
2009,"Estate, gift, excise and other",5.4171,nominal,New York
2009,Income tax not withheld and SECA,33.3482,nominal,New York
2009,Income tax withheld and FICA,136.468,nominal,New York
2010,Business income taxes,22.7359,nominal,New York
2010,"Estate, gift, excise and other",5.34718,nominal,New York
2010,Income tax not withheld and SECA,31.4126,nominal,New York
2010,Income tax withheld and FICA,140.714,nominal,New York
2011,Business income taxes,21.4632,nominal,New York
2011,"Estate, gift, excise and other",4.51031,nominal,New York
2011,Income tax not withheld and SECA,35.9494,nominal,New York
2011,Income tax withheld and FICA,140.226,nominal,New York
2012,Business income taxes,21.2694,nominal,New York
2012,"Estate, gift, excise and other",5.15858,nominal,New York
2012,Income tax not withheld and SECA,35.2514,nominal,New York
2012,Income tax withheld and FICA,139.489,nominal,New York
2013,Business income taxes,25.433,nominal,New York
2013,"Estate, gift, excise and other",8.05418,nominal,New York
2013,Income tax not withheld and SECA,43.6989,nominal,New York
2013,Income tax withheld and FICA,154.694,nominal,New York
2014,Business income taxes,28.6648,nominal,New York
2014,"Estate, gift, excise and other",7.6783,nominal,New York
2014,Income tax not withheld and SECA,51.3603,nominal,New York
2014,Income tax withheld and FICA,162.915,nominal,New York
2015,Business income taxes,30.8397,nominal,New York
2015,"Estate, gift, excise and other",9.26797,nominal,New York
2015,Income tax not withheld and SECA,57.8063,nominal,New York
2015,Income tax withheld and FICA,171.803,nominal,New York
2016,Business income taxes,28.8105,nominal,New York
2016,"Estate, gift, excise and other",8.25774,nominal,New York
2016,Income tax not withheld and SECA,55.7129,nominal,New York
2016,Income tax withheld and FICA,173.208,nominal,New York
2017,Business income taxes,26.1302,nominal,New York
2017,"Estate, gift, excise and other",7.55022,nominal,New York
2017,Income tax not withheld and SECA,51.9404,nominal,New York
2017,Income tax withheld and FICA,182.733,nominal,New York
2018,Business income taxes,21.5977,nominal,New York
2018,"Estate, gift, excise and other",8.90069,nominal,New York
2018,Income tax not withheld and SECA,64.3712,nominal,New York
2018,Income tax withheld and FICA,186.351,nominal,New York
2019,Business income taxes,38.7389,nominal,New York
2019,"Estate, gift, excise and other",8.62968,nominal,New York
2019,Income tax not withheld and SECA,64.6555,nominal,New York
2019,Income tax withheld and FICA,192.969,nominal,New York
2020,Business income taxes,31.3243,nominal,New York
2020,"Estate, gift, excise and other",8.19995,nominal,New York
2020,Income tax not withheld and SECA,59.2222,nominal,New York
2020,Income tax withheld and FICA,190.641,nominal,New York
2021,Business income taxes,34.8752,nominal,New York
2021,"Estate, gift, excise and other",10.1226,nominal,New York
2021,Income tax not withheld and SECA,80.7093,nominal,New York
2021,Income tax withheld and FICA,204.437,nominal,New York
2022,Business income taxes,42.3738,nominal,New York
2022,"Estate, gift, excise and other",12.9019,nominal,New York
2022,Income tax not withheld and SECA,101.315,nominal,New York
2022,Income tax withheld and FICA,236.545,nominal,New York
2023,Business income taxes,39.0969,nominal,New York
2023,"Estate, gift, excise and other",9.98708,nominal,New York
2023,Income tax not withheld and SECA,73.7299,nominal,New York
2023,Income tax withheld and FICA,251.017,nominal,New York
2024,Business income taxes,37.4207,nominal,New York
2024,"Estate, gift, excise and other",10.3328,nominal,New York
2024,Income tax not withheld and SECA,78.199,nominal,New York
2024,Income tax withheld and FICA,258.495,nominal,New York
2025,Business income taxes,39.4143,nominal,New York
2025,"Estate, gift, excise and other",12.2312,nominal,New York
2025,Income tax not withheld and SECA,94.7288,nominal,New York
2025,Income tax withheld and FICA,264.979,nominal,New York
1998,Business income taxes,5.08808,nominal,North Carolina
1998,"Estate, gift, excise and other",0.877975,nominal,North Carolina
1998,Income tax not withheld and SECA,6.88349,nominal,North Carolina
1998,Income tax withheld and FICA,25.4708,nominal,North Carolina
1999,Business income taxes,5.44384,nominal,North Carolina
1999,"Estate, gift, excise and other",1.06606,nominal,North Carolina
1999,Income tax not withheld and SECA,7.22084,nominal,North Carolina
1999,Income tax withheld and FICA,27.9662,nominal,North Carolina
2000,Business income taxes,5.58791,nominal,North Carolina
2000,"Estate, gift, excise and other",1.14919,nominal,North Carolina
2000,Income tax not withheld and SECA,7.67738,nominal,North Carolina
2000,Income tax withheld and FICA,30.5327,nominal,North Carolina
2001,Business income taxes,5.62049,nominal,North Carolina
2001,"Estate, gift, excise and other",1.01642,nominal,North Carolina
2001,Income tax not withheld and SECA,7.96732,nominal,North Carolina
2001,Income tax withheld and FICA,32.327,nominal,North Carolina
2002,Business income taxes,7.36553,nominal,North Carolina
2002,"Estate, gift, excise and other",0.927731,nominal,North Carolina
2002,Income tax not withheld and SECA,6.41932,nominal,North Carolina
2002,Income tax withheld and FICA,33.0949,nominal,North Carolina
2003,Business income taxes,7.406,nominal,North Carolina
2003,"Estate, gift, excise and other",0.853947,nominal,North Carolina
2003,Income tax not withheld and SECA,5.85996,nominal,North Carolina
2003,Income tax withheld and FICA,34.2447,nominal,North Carolina
2004,Business income taxes,11.2513,nominal,North Carolina
2004,"Estate, gift, excise and other",1.0117,nominal,North Carolina
2004,Income tax not withheld and SECA,5.63116,nominal,North Carolina
2004,Income tax withheld and FICA,36.0852,nominal,North Carolina
2005,Business income taxes,13.8446,nominal,North Carolina
2005,"Estate, gift, excise and other",1.06188,nominal,North Carolina
2005,Income tax not withheld and SECA,7.1251,nominal,North Carolina
2005,Income tax withheld and FICA,38.494,nominal,North Carolina
2006,Business income taxes,20.3439,nominal,North Carolina
2006,"Estate, gift, excise and other",1.01343,nominal,North Carolina
2006,Income tax not withheld and SECA,8.68406,nominal,North Carolina
2006,Income tax withheld and FICA,39.3231,nominal,North Carolina
2007,Business income taxes,19.0195,nominal,North Carolina
2007,"Estate, gift, excise and other",1.13027,nominal,North Carolina
2007,Income tax not withheld and SECA,9.84558,nominal,North Carolina
2007,Income tax withheld and FICA,45.9083,nominal,North Carolina
2008,Business income taxes,13.0175,nominal,North Carolina
2008,"Estate, gift, excise and other",1.08703,nominal,North Carolina
2008,Income tax not withheld and SECA,10.0655,nominal,North Carolina
2008,Income tax withheld and FICA,49.7476,nominal,North Carolina
2009,Business income taxes,9.03951,nominal,North Carolina
2009,"Estate, gift, excise and other",0.878002,nominal,North Carolina
2009,Income tax not withheld and SECA,6.94628,nominal,North Carolina
2009,Income tax withheld and FICA,46.4845,nominal,North Carolina
2010,Business income taxes,5.79867,nominal,North Carolina
2010,"Estate, gift, excise and other",0.756842,nominal,North Carolina
2010,Income tax not withheld and SECA,6.18954,nominal,North Carolina
2010,Income tax withheld and FICA,44.8039,nominal,North Carolina
2011,Business income taxes,4.98358,nominal,North Carolina
2011,"Estate, gift, excise and other",0.639103,nominal,North Carolina
2011,Income tax not withheld and SECA,6.92465,nominal,North Carolina
2011,Income tax withheld and FICA,44.2625,nominal,North Carolina
2012,Business income taxes,6.4118,nominal,North Carolina
2012,"Estate, gift, excise and other",0.789122,nominal,North Carolina
2012,Income tax not withheld and SECA,7.227,nominal,North Carolina
2012,Income tax withheld and FICA,47.1721,nominal,North Carolina
2013,Business income taxes,6.96769,nominal,North Carolina
2013,"Estate, gift, excise and other",0.967885,nominal,North Carolina
2013,Income tax not withheld and SECA,8.48401,nominal,North Carolina
2013,Income tax withheld and FICA,49.6829,nominal,North Carolina
2014,Business income taxes,8.69848,nominal,North Carolina
2014,"Estate, gift, excise and other",1.20181,nominal,North Carolina
2014,Income tax not withheld and SECA,9.31499,nominal,North Carolina
2014,Income tax withheld and FICA,53.2562,nominal,North Carolina
2015,Business income taxes,10.8073,nominal,North Carolina
2015,"Estate, gift, excise and other",1.43318,nominal,North Carolina
2015,Income tax not withheld and SECA,11.1234,nominal,North Carolina
2015,Income tax withheld and FICA,55.3726,nominal,North Carolina
2016,Business income taxes,10.5748,nominal,North Carolina
2016,"Estate, gift, excise and other",1.31719,nominal,North Carolina
2016,Income tax not withheld and SECA,11.8947,nominal,North Carolina
2016,Income tax withheld and FICA,59.9277,nominal,North Carolina
2017,Business income taxes,8.71052,nominal,North Carolina
2017,"Estate, gift, excise and other",1.09581,nominal,North Carolina
2017,Income tax not withheld and SECA,12.0357,nominal,North Carolina
2017,Income tax withheld and FICA,61.014,nominal,North Carolina
2018,Business income taxes,5.74892,nominal,North Carolina
2018,"Estate, gift, excise and other",1.62705,nominal,North Carolina
2018,Income tax not withheld and SECA,13.0716,nominal,North Carolina
2018,Income tax withheld and FICA,62.092,nominal,North Carolina
2019,Business income taxes,6.37605,nominal,North Carolina
2019,"Estate, gift, excise and other",1.15851,nominal,North Carolina
2019,Income tax not withheld and SECA,13.4725,nominal,North Carolina
2019,Income tax withheld and FICA,66.7711,nominal,North Carolina
2020,Business income taxes,4.76576,nominal,North Carolina
2020,"Estate, gift, excise and other",1.17929,nominal,North Carolina
2020,Income tax not withheld and SECA,13.7675,nominal,North Carolina
2020,Income tax withheld and FICA,67.066,nominal,North Carolina
2021,Business income taxes,11.9998,nominal,North Carolina
2021,"Estate, gift, excise and other",1.61264,nominal,North Carolina
2021,Income tax not withheld and SECA,17.3991,nominal,North Carolina
2021,Income tax withheld and FICA,76.1268,nominal,North Carolina
2022,Business income taxes,11.8113,nominal,North Carolina
2022,"Estate, gift, excise and other",2.03218,nominal,North Carolina
2022,Income tax not withheld and SECA,25.1335,nominal,North Carolina
2022,Income tax withheld and FICA,82.9892,nominal,North Carolina
2023,Business income taxes,12.8629,nominal,North Carolina
2023,"Estate, gift, excise and other",2.19227,nominal,North Carolina
2023,Income tax not withheld and SECA,20.9895,nominal,North Carolina
2023,Income tax withheld and FICA,84.5659,nominal,North Carolina
2024,Business income taxes,11.263,nominal,North Carolina
2024,"Estate, gift, excise and other",2.30149,nominal,North Carolina
2024,Income tax not withheld and SECA,21.6964,nominal,North Carolina
2024,Income tax withheld and FICA,89.7736,nominal,North Carolina
2025,Business income taxes,8.36491,nominal,North Carolina
2025,"Estate, gift, excise and other",2.37071,nominal,North Carolina
2025,Income tax not withheld and SECA,23.8602,nominal,North Carolina
2025,Income tax withheld and FICA,93.2803,nominal,North Carolina
1998,Business income taxes,0.181057,nominal,North Dakota
1998,"Estate, gift, excise and other",0.0523246,nominal,North Dakota
1998,Income tax not withheld and SECA,0.589874,nominal,North Dakota
1998,Income tax withheld and FICA,1.69408,nominal,North Dakota
1999,Business income taxes,0.189881,nominal,North Dakota
1999,"Estate, gift, excise and other",0.0650143,nominal,North Dakota
1999,Income tax not withheld and SECA,0.58385,nominal,North Dakota
1999,Income tax withheld and FICA,1.77251,nominal,North Dakota
2000,Business income taxes,0.250454,nominal,North Dakota
2000,"Estate, gift, excise and other",0.0546073,nominal,North Dakota
2000,Income tax not withheld and SECA,0.611333,nominal,North Dakota
2000,Income tax withheld and FICA,1.95709,nominal,North Dakota
2001,Business income taxes,0.210524,nominal,North Dakota
2001,"Estate, gift, excise and other",0.0538671,nominal,North Dakota
2001,Income tax not withheld and SECA,0.643644,nominal,North Dakota
2001,Income tax withheld and FICA,2.03447,nominal,North Dakota
2002,Business income taxes,0.208395,nominal,North Dakota
2002,"Estate, gift, excise and other",0.0581228,nominal,North Dakota
2002,Income tax not withheld and SECA,0.563618,nominal,North Dakota
2002,Income tax withheld and FICA,1.88782,nominal,North Dakota
2003,Business income taxes,0.176744,nominal,North Dakota
2003,"Estate, gift, excise and other",0.054776,nominal,North Dakota
2003,Income tax not withheld and SECA,0.506149,nominal,North Dakota
2003,Income tax withheld and FICA,1.98379,nominal,North Dakota
2004,Business income taxes,0.158334,nominal,North Dakota
2004,"Estate, gift, excise and other",0.0779172,nominal,North Dakota
2004,Income tax not withheld and SECA,0.495155,nominal,North Dakota
2004,Income tax withheld and FICA,2.09367,nominal,North Dakota
2005,Business income taxes,0.189536,nominal,North Dakota
2005,"Estate, gift, excise and other",0.048432,nominal,North Dakota
2005,Income tax not withheld and SECA,0.591242,nominal,North Dakota
2005,Income tax withheld and FICA,2.0994,nominal,North Dakota
2006,Business income taxes,0.305275,nominal,North Dakota
2006,"Estate, gift, excise and other",0.0484684,nominal,North Dakota
2006,Income tax not withheld and SECA,0.707331,nominal,North Dakota
2006,Income tax withheld and FICA,2.27233,nominal,North Dakota
2007,Business income taxes,0.326497,nominal,North Dakota
2007,"Estate, gift, excise and other",0.080035,nominal,North Dakota
2007,Income tax not withheld and SECA,0.795609,nominal,North Dakota
2007,Income tax withheld and FICA,2.4576,nominal,North Dakota
2008,Business income taxes,0.432439,nominal,North Dakota
2008,"Estate, gift, excise and other",0.0504306,nominal,North Dakota
2008,Income tax not withheld and SECA,0.996336,nominal,North Dakota
2008,Income tax withheld and FICA,2.67056,nominal,North Dakota
2009,Business income taxes,0.261179,nominal,North Dakota
2009,"Estate, gift, excise and other",0.0716635,nominal,North Dakota
2009,Income tax not withheld and SECA,1.04357,nominal,North Dakota
2009,Income tax withheld and FICA,2.73953,nominal,North Dakota
2010,Business income taxes,0.230949,nominal,North Dakota
2010,"Estate, gift, excise and other",0.055229,nominal,North Dakota
2010,Income tax not withheld and SECA,0.970506,nominal,North Dakota
2010,Income tax withheld and FICA,3.02679,nominal,North Dakota
2011,Business income taxes,0.243707,nominal,North Dakota
2011,"Estate, gift, excise and other",0.106449,nominal,North Dakota
2011,Income tax not withheld and SECA,1.27601,nominal,North Dakota
2011,Income tax withheld and FICA,3.29122,nominal,North Dakota
2012,Business income taxes,0.301698,nominal,North Dakota
2012,"Estate, gift, excise and other",0.124126,nominal,North Dakota
2012,Income tax not withheld and SECA,1.60246,nominal,North Dakota
2012,Income tax withheld and FICA,3.63657,nominal,North Dakota
2013,Business income taxes,0.892267,nominal,North Dakota
2013,"Estate, gift, excise and other",0.110137,nominal,North Dakota
2013,Income tax not withheld and SECA,2.33113,nominal,North Dakota
2013,Income tax withheld and FICA,4.22802,nominal,North Dakota
2014,Business income taxes,0.560449,nominal,North Dakota
2014,"Estate, gift, excise and other",0.129043,nominal,North Dakota
2014,Income tax not withheld and SECA,2.36046,nominal,North Dakota
2014,Income tax withheld and FICA,4.5352,nominal,North Dakota
2015,Business income taxes,0.35345,nominal,North Dakota
2015,"Estate, gift, excise and other",0.147208,nominal,North Dakota
2015,Income tax not withheld and SECA,2.38189,nominal,North Dakota
2015,Income tax withheld and FICA,4.82869,nominal,North Dakota
2016,Business income taxes,0.28564,nominal,North Dakota
2016,"Estate, gift, excise and other",0.14315,nominal,North Dakota
2016,Income tax not withheld and SECA,1.77599,nominal,North Dakota
2016,Income tax withheld and FICA,4.72087,nominal,North Dakota
2017,Business income taxes,0.27303500000000003,nominal,North Dakota
2017,"Estate, gift, excise and other",0.108084,nominal,North Dakota
2017,Income tax not withheld and SECA,1.4913,nominal,North Dakota
2017,Income tax withheld and FICA,4.76785,nominal,North Dakota
2018,Business income taxes,0.207681,nominal,North Dakota
2018,"Estate, gift, excise and other",0.149092,nominal,North Dakota
2018,Income tax not withheld and SECA,1.60488,nominal,North Dakota
2018,Income tax withheld and FICA,4.6172,nominal,North Dakota
2019,Business income taxes,0.256862,nominal,North Dakota
2019,"Estate, gift, excise and other",0.11341,nominal,North Dakota
2019,Income tax not withheld and SECA,1.60467,nominal,North Dakota
2019,Income tax withheld and FICA,4.665,nominal,North Dakota
2020,Business income taxes,0.294977,nominal,North Dakota
2020,"Estate, gift, excise and other",0.163276,nominal,North Dakota
2020,Income tax not withheld and SECA,1.6014,nominal,North Dakota
2020,Income tax withheld and FICA,4.83551,nominal,North Dakota
2021,Business income taxes,0.543507,nominal,North Dakota
2021,"Estate, gift, excise and other",0.104065,nominal,North Dakota
2021,Income tax not withheld and SECA,1.84702,nominal,North Dakota
2021,Income tax withheld and FICA,5.09448,nominal,North Dakota
2022,Business income taxes,0.469612,nominal,North Dakota
2022,"Estate, gift, excise and other",0.146752,nominal,North Dakota
2022,Income tax not withheld and SECA,2.91273,nominal,North Dakota
2022,Income tax withheld and FICA,5.47939,nominal,North Dakota
2023,Business income taxes,0.527407,nominal,North Dakota
2023,"Estate, gift, excise and other",0.17263,nominal,North Dakota
2023,Income tax not withheld and SECA,2.58589,nominal,North Dakota
2023,Income tax withheld and FICA,6.14968,nominal,North Dakota
2024,Business income taxes,0.630325,nominal,North Dakota
2024,"Estate, gift, excise and other",0.216159,nominal,North Dakota
2024,Income tax not withheld and SECA,2.60872,nominal,North Dakota
2024,Income tax withheld and FICA,6.29372,nominal,North Dakota
2025,Business income taxes,0.563996,nominal,North Dakota
2025,"Estate, gift, excise and other",0.139114,nominal,North Dakota
2025,Income tax not withheld and SECA,2.74314,nominal,North Dakota
2025,Income tax withheld and FICA,6.83768,nominal,North Dakota
1998,Business income taxes,10.2761,nominal,Ohio
1998,"Estate, gift, excise and other",4.00248,nominal,Ohio
1998,Income tax not withheld and SECA,10.7034,nominal,Ohio
1998,Income tax withheld and FICA,52.5455,nominal,Ohio
1999,Business income taxes,10.8043,nominal,Ohio
1999,"Estate, gift, excise and other",5.62033,nominal,Ohio
1999,Income tax not withheld and SECA,11.5988,nominal,Ohio
1999,Income tax withheld and FICA,54.8143,nominal,Ohio
2000,Business income taxes,9.13287,nominal,Ohio
2000,"Estate, gift, excise and other",4.59358,nominal,Ohio
2000,Income tax not withheld and SECA,11.9871,nominal,Ohio
2000,Income tax withheld and FICA,62.9276,nominal,Ohio
2001,Business income taxes,6.78774,nominal,Ohio
2001,"Estate, gift, excise and other",3.76471,nominal,Ohio
2001,Income tax not withheld and SECA,11.4288,nominal,Ohio
2001,Income tax withheld and FICA,63.3491,nominal,Ohio
2002,Business income taxes,10.0159,nominal,Ohio
2002,"Estate, gift, excise and other",4.05031,nominal,Ohio
2002,Income tax not withheld and SECA,9.11795,nominal,Ohio
2002,Income tax withheld and FICA,63.6265,nominal,Ohio
2003,Business income taxes,9.60626,nominal,Ohio
2003,"Estate, gift, excise and other",4.0346,nominal,Ohio
2003,Income tax not withheld and SECA,8.23569,nominal,Ohio
2003,Income tax withheld and FICA,63.3657,nominal,Ohio
2004,Business income taxes,9.91204,nominal,Ohio
2004,"Estate, gift, excise and other",4.3409,nominal,Ohio
2004,Income tax not withheld and SECA,7.69053,nominal,Ohio
2004,Income tax withheld and FICA,65.9103,nominal,Ohio
2005,Business income taxes,12.4487,nominal,Ohio
2005,"Estate, gift, excise and other",4.03477,nominal,Ohio
2005,Income tax not withheld and SECA,9.28395,nominal,Ohio
2005,Income tax withheld and FICA,71.0692,nominal,Ohio
2006,Business income taxes,16.3802,nominal,Ohio
2006,"Estate, gift, excise and other",1.59793,nominal,Ohio
2006,Income tax not withheld and SECA,10.3309,nominal,Ohio
2006,Income tax withheld and FICA,62.3143,nominal,Ohio
2007,Business income taxes,15.3664,nominal,Ohio
2007,"Estate, gift, excise and other",1.35589,nominal,Ohio
2007,Income tax not withheld and SECA,11.3076,nominal,Ohio
2007,Income tax withheld and FICA,77.7429,nominal,Ohio
2008,Business income taxes,12.5352,nominal,Ohio
2008,"Estate, gift, excise and other",3.82534,nominal,Ohio
2008,Income tax not withheld and SECA,11.8204,nominal,Ohio
2008,Income tax withheld and FICA,82.8481,nominal,Ohio
2009,Business income taxes,8.82653,nominal,Ohio
2009,"Estate, gift, excise and other",4.12229,nominal,Ohio
2009,Income tax not withheld and SECA,8.05106,nominal,Ohio
2009,Income tax withheld and FICA,82.6385,nominal,Ohio
2010,Business income taxes,9.735,nominal,Ohio
2010,"Estate, gift, excise and other",4.01631,nominal,Ohio
2010,Income tax not withheld and SECA,7.60898,nominal,Ohio
2010,Income tax withheld and FICA,85.1227,nominal,Ohio
2011,Business income taxes,9.54817,nominal,Ohio
2011,"Estate, gift, excise and other",3.74454,nominal,Ohio
2011,Income tax not withheld and SECA,8.86515,nominal,Ohio
2011,Income tax withheld and FICA,89.9115,nominal,Ohio
2012,Business income taxes,11.6041,nominal,Ohio
2012,"Estate, gift, excise and other",4.69936,nominal,Ohio
2012,Income tax not withheld and SECA,9.66481,nominal,Ohio
2012,Income tax withheld and FICA,85.126,nominal,Ohio
2013,Business income taxes,12.1417,nominal,Ohio
2013,"Estate, gift, excise and other",5.28723,nominal,Ohio
2013,Income tax not withheld and SECA,11.8081,nominal,Ohio
2013,Income tax withheld and FICA,95.494,nominal,Ohio
2014,Business income taxes,12.2862,nominal,Ohio
2014,"Estate, gift, excise and other",5.7702,nominal,Ohio
2014,Income tax not withheld and SECA,12.0323,nominal,Ohio
2014,Income tax withheld and FICA,99.8124,nominal,Ohio
2015,Business income taxes,14.6492,nominal,Ohio
2015,"Estate, gift, excise and other",6.45128,nominal,Ohio
2015,Income tax not withheld and SECA,13.8173,nominal,Ohio
2015,Income tax withheld and FICA,106.063,nominal,Ohio
2016,Business income taxes,11.6735,nominal,Ohio
2016,"Estate, gift, excise and other",6.20278,nominal,Ohio
2016,Income tax not withheld and SECA,13.6874,nominal,Ohio
2016,Income tax withheld and FICA,109.55,nominal,Ohio
2017,Business income taxes,11.0864,nominal,Ohio
2017,"Estate, gift, excise and other",5.68154,nominal,Ohio
2017,Income tax not withheld and SECA,13.3066,nominal,Ohio
2017,Income tax withheld and FICA,112.012,nominal,Ohio
2018,Business income taxes,9.30393,nominal,Ohio
2018,"Estate, gift, excise and other",6.13168,nominal,Ohio
2018,Income tax not withheld and SECA,14.5067,nominal,Ohio
2018,Income tax withheld and FICA,110.949,nominal,Ohio
2019,Business income taxes,9.45874,nominal,Ohio
2019,"Estate, gift, excise and other",5.93758,nominal,Ohio
2019,Income tax not withheld and SECA,14.7586,nominal,Ohio
2019,Income tax withheld and FICA,114.55,nominal,Ohio
2020,Business income taxes,8.66047,nominal,Ohio
2020,"Estate, gift, excise and other",7.15425,nominal,Ohio
2020,Income tax not withheld and SECA,14.2764,nominal,Ohio
2020,Income tax withheld and FICA,114.218,nominal,Ohio
2021,Business income taxes,15.2798,nominal,Ohio
2021,"Estate, gift, excise and other",8.47862,nominal,Ohio
2021,Income tax not withheld and SECA,17.8199,nominal,Ohio
2021,Income tax withheld and FICA,121.513,nominal,Ohio
2022,Business income taxes,17.3972,nominal,Ohio
2022,"Estate, gift, excise and other",9.4322,nominal,Ohio
2022,Income tax not withheld and SECA,24.7929,nominal,Ohio
2022,Income tax withheld and FICA,136.422,nominal,Ohio
2023,Business income taxes,15.2049,nominal,Ohio
2023,"Estate, gift, excise and other",9.04292,nominal,Ohio
2023,Income tax not withheld and SECA,20.7292,nominal,Ohio
2023,Income tax withheld and FICA,141.383,nominal,Ohio
2024,Business income taxes,18.2718,nominal,Ohio
2024,"Estate, gift, excise and other",9.34852,nominal,Ohio
2024,Income tax not withheld and SECA,21.3842,nominal,Ohio
2024,Income tax withheld and FICA,158.336,nominal,Ohio
2025,Business income taxes,15.9672,nominal,Ohio
2025,"Estate, gift, excise and other",10.8323,nominal,Ohio
2025,Income tax not withheld and SECA,24.757,nominal,Ohio
2025,Income tax withheld and FICA,158.645,nominal,Ohio
1998,Business income taxes,1.23165,nominal,Oklahoma
1998,"Estate, gift, excise and other",3.74151,nominal,Oklahoma
1998,Income tax not withheld and SECA,2.72829,nominal,Oklahoma
1998,Income tax withheld and FICA,9.84826,nominal,Oklahoma
1999,Business income taxes,1.00547,nominal,Oklahoma
1999,"Estate, gift, excise and other",4.94868,nominal,Oklahoma
1999,Income tax not withheld and SECA,2.72918,nominal,Oklahoma
1999,Income tax withheld and FICA,9.30397,nominal,Oklahoma
2000,Business income taxes,1.42494,nominal,Oklahoma
2000,"Estate, gift, excise and other",4.9618,nominal,Oklahoma
2000,Income tax not withheld and SECA,2.91328,nominal,Oklahoma
2000,Income tax withheld and FICA,9.81343,nominal,Oklahoma
2001,Business income taxes,2.28073,nominal,Oklahoma
2001,"Estate, gift, excise and other",5.03336,nominal,Oklahoma
2001,Income tax not withheld and SECA,3.24205,nominal,Oklahoma
2001,Income tax withheld and FICA,10.5576,nominal,Oklahoma
2002,Business income taxes,1.04278,nominal,Oklahoma
2002,"Estate, gift, excise and other",4.32885,nominal,Oklahoma
2002,Income tax not withheld and SECA,2.9053,nominal,Oklahoma
2002,Income tax withheld and FICA,9.93619,nominal,Oklahoma
2003,Business income taxes,1.30947,nominal,Oklahoma
2003,"Estate, gift, excise and other",5.63492,nominal,Oklahoma
2003,Income tax not withheld and SECA,2.50807,nominal,Oklahoma
2003,Income tax withheld and FICA,10.1827,nominal,Oklahoma
2004,Business income taxes,2.30384,nominal,Oklahoma
2004,"Estate, gift, excise and other",5.33578,nominal,Oklahoma
2004,Income tax not withheld and SECA,2.60499,nominal,Oklahoma
2004,Income tax withheld and FICA,10.1742,nominal,Oklahoma
2005,Business income taxes,6.29369,nominal,Oklahoma
2005,"Estate, gift, excise and other",5.86005,nominal,Oklahoma
2005,Income tax not withheld and SECA,3.24301,nominal,Oklahoma
2005,Income tax withheld and FICA,13.1136,nominal,Oklahoma
2006,Business income taxes,8.96114,nominal,Oklahoma
2006,"Estate, gift, excise and other",5.88126,nominal,Oklahoma
2006,Income tax not withheld and SECA,4.25701,nominal,Oklahoma
2006,Income tax withheld and FICA,12.0487,nominal,Oklahoma
2007,Business income taxes,7.57187,nominal,Oklahoma
2007,"Estate, gift, excise and other",3.54997,nominal,Oklahoma
2007,Income tax not withheld and SECA,5.07603,nominal,Oklahoma
2007,Income tax withheld and FICA,13.1267,nominal,Oklahoma
2008,Business income taxes,6.15923,nominal,Oklahoma
2008,"Estate, gift, excise and other",4.36543,nominal,Oklahoma
2008,Income tax not withheld and SECA,5.40265,nominal,Oklahoma
2008,Income tax withheld and FICA,14.2747,nominal,Oklahoma
2009,Business income taxes,2.38798,nominal,Oklahoma
2009,"Estate, gift, excise and other",4.51022,nominal,Oklahoma
2009,Income tax not withheld and SECA,4.14133,nominal,Oklahoma
2009,Income tax withheld and FICA,13.2579,nominal,Oklahoma
2010,Business income taxes,2.80702,nominal,Oklahoma
2010,"Estate, gift, excise and other",4.28773,nominal,Oklahoma
2010,Income tax not withheld and SECA,3.14148,nominal,Oklahoma
2010,Income tax withheld and FICA,13.1622,nominal,Oklahoma
2011,Business income taxes,3.11878,nominal,Oklahoma
2011,"Estate, gift, excise and other",3.38913,nominal,Oklahoma
2011,Income tax not withheld and SECA,3.82287,nominal,Oklahoma
2011,Income tax withheld and FICA,14.0693,nominal,Oklahoma
2012,Business income taxes,3.98269,nominal,Oklahoma
2012,"Estate, gift, excise and other",3.85145,nominal,Oklahoma
2012,Income tax not withheld and SECA,4.23411,nominal,Oklahoma
2012,Income tax withheld and FICA,15.019,nominal,Oklahoma
2013,Business income taxes,3.60257,nominal,Oklahoma
2013,"Estate, gift, excise and other",4.41612,nominal,Oklahoma
2013,Income tax not withheld and SECA,5.19309,nominal,Oklahoma
2013,Income tax withheld and FICA,16.845,nominal,Oklahoma
2014,Business income taxes,4.04906,nominal,Oklahoma
2014,"Estate, gift, excise and other",4.97197,nominal,Oklahoma
2014,Income tax not withheld and SECA,5.45522,nominal,Oklahoma
2014,Income tax withheld and FICA,18.1347,nominal,Oklahoma
2015,Business income taxes,3.33091,nominal,Oklahoma
2015,"Estate, gift, excise and other",5.91473,nominal,Oklahoma
2015,Income tax not withheld and SECA,5.76601,nominal,Oklahoma
2015,Income tax withheld and FICA,18.9306,nominal,Oklahoma
2016,Business income taxes,1.37929,nominal,Oklahoma
2016,"Estate, gift, excise and other",4.51674,nominal,Oklahoma
2016,Income tax not withheld and SECA,4.90932,nominal,Oklahoma
2016,Income tax withheld and FICA,17.1481,nominal,Oklahoma
2017,Business income taxes,0.846993,nominal,Oklahoma
2017,"Estate, gift, excise and other",4.32203,nominal,Oklahoma
2017,Income tax not withheld and SECA,4.47685,nominal,Oklahoma
2017,Income tax withheld and FICA,17.4672,nominal,Oklahoma
2018,Business income taxes,1.01016,nominal,Oklahoma
2018,"Estate, gift, excise and other",4.44523,nominal,Oklahoma
2018,Income tax not withheld and SECA,4.99187,nominal,Oklahoma
2018,Income tax withheld and FICA,17.4609,nominal,Oklahoma
2019,Business income taxes,1.65983,nominal,Oklahoma
2019,"Estate, gift, excise and other",4.3371,nominal,Oklahoma
2019,Income tax not withheld and SECA,4.88757,nominal,Oklahoma
2019,Income tax withheld and FICA,18.2489,nominal,Oklahoma
2020,Business income taxes,0.918356,nominal,Oklahoma
2020,"Estate, gift, excise and other",4.0392,nominal,Oklahoma
2020,Income tax not withheld and SECA,4.27402,nominal,Oklahoma
2020,Income tax withheld and FICA,17.5158,nominal,Oklahoma
2021,Business income taxes,0.999036,nominal,Oklahoma
2021,"Estate, gift, excise and other",4.61332,nominal,Oklahoma
2021,Income tax not withheld and SECA,4.80042,nominal,Oklahoma
2021,Income tax withheld and FICA,18.151,nominal,Oklahoma
2022,Business income taxes,5.36399,nominal,Oklahoma
2022,"Estate, gift, excise and other",5.34898,nominal,Oklahoma
2022,Income tax not withheld and SECA,7.22571,nominal,Oklahoma
2022,Income tax withheld and FICA,20.8326,nominal,Oklahoma
2023,Business income taxes,4.14918,nominal,Oklahoma
2023,"Estate, gift, excise and other",5.22731,nominal,Oklahoma
2023,Income tax not withheld and SECA,6.88436,nominal,Oklahoma
2023,Income tax withheld and FICA,21.9082,nominal,Oklahoma
2024,Business income taxes,4.16777,nominal,Oklahoma
2024,"Estate, gift, excise and other",5.09331,nominal,Oklahoma
2024,Income tax not withheld and SECA,7.14452,nominal,Oklahoma
2024,Income tax withheld and FICA,22.8683,nominal,Oklahoma
2025,Business income taxes,4.47369,nominal,Oklahoma
2025,"Estate, gift, excise and other",4.21888,nominal,Oklahoma
2025,Income tax not withheld and SECA,7.38013,nominal,Oklahoma
2025,Income tax withheld and FICA,23.0714,nominal,Oklahoma
1998,Business income taxes,1.52465,nominal,Oregon
1998,"Estate, gift, excise and other",0.475503,nominal,Oregon
1998,Income tax not withheld and SECA,3.76068,nominal,Oregon
1998,Income tax withheld and FICA,11.0573,nominal,Oregon
1999,Business income taxes,1.13829,nominal,Oregon
1999,"Estate, gift, excise and other",0.549761,nominal,Oregon
1999,Income tax not withheld and SECA,3.73612,nominal,Oregon
1999,Income tax withheld and FICA,12.2163,nominal,Oregon
2000,Business income taxes,1.41728,nominal,Oregon
2000,"Estate, gift, excise and other",0.589991,nominal,Oregon
2000,Income tax not withheld and SECA,4.14334,nominal,Oregon
2000,Income tax withheld and FICA,13.9174,nominal,Oregon
2001,Business income taxes,0.994518,nominal,Oregon
2001,"Estate, gift, excise and other",0.509767,nominal,Oregon
2001,Income tax not withheld and SECA,4.21432,nominal,Oregon
2001,Income tax withheld and FICA,14.124,nominal,Oregon
2002,Business income taxes,1.04652,nominal,Oregon
2002,"Estate, gift, excise and other",0.571798,nominal,Oregon
2002,Income tax not withheld and SECA,3.17511,nominal,Oregon
2002,Income tax withheld and FICA,13.5996,nominal,Oregon
2003,Business income taxes,0.763313,nominal,Oregon
2003,"Estate, gift, excise and other",0.504171,nominal,Oregon
2003,Income tax not withheld and SECA,2.96356,nominal,Oregon
2003,Income tax withheld and FICA,13.3091,nominal,Oregon
2004,Business income taxes,1.26202,nominal,Oregon
2004,"Estate, gift, excise and other",0.555267,nominal,Oregon
2004,Income tax not withheld and SECA,2.88368,nominal,Oregon
2004,Income tax withheld and FICA,14.1793,nominal,Oregon
2005,Business income taxes,1.546,nominal,Oregon
2005,"Estate, gift, excise and other",0.502381,nominal,Oregon
2005,Income tax not withheld and SECA,3.64994,nominal,Oregon
2005,Income tax withheld and FICA,14.0154,nominal,Oregon
2006,Business income taxes,2.13855,nominal,Oregon
2006,"Estate, gift, excise and other",0.581983,nominal,Oregon
2006,Income tax not withheld and SECA,4.37913,nominal,Oregon
2006,Income tax withheld and FICA,16.0194,nominal,Oregon
2007,Business income taxes,2.07136,nominal,Oregon
2007,"Estate, gift, excise and other",0.500697,nominal,Oregon
2007,Income tax not withheld and SECA,4.92692,nominal,Oregon
2007,Income tax withheld and FICA,15.9676,nominal,Oregon
2008,Business income taxes,1.92298,nominal,Oregon
2008,"Estate, gift, excise and other",0.523698,nominal,Oregon
2008,Income tax not withheld and SECA,5.12771,nominal,Oregon
2008,Income tax withheld and FICA,18.5646,nominal,Oregon
2009,Business income taxes,1.14779,nominal,Oregon
2009,"Estate, gift, excise and other",0.545505,nominal,Oregon
2009,Income tax not withheld and SECA,3.34231,nominal,Oregon
2009,Income tax withheld and FICA,16.701,nominal,Oregon
2010,Business income taxes,1.07041,nominal,Oregon
2010,"Estate, gift, excise and other",0.492585,nominal,Oregon
2010,Income tax not withheld and SECA,3.08348,nominal,Oregon
2010,Income tax withheld and FICA,16.4924,nominal,Oregon
2011,Business income taxes,1.34716,nominal,Oregon
2011,"Estate, gift, excise and other",0.370248,nominal,Oregon
2011,Income tax not withheld and SECA,3.40876,nominal,Oregon
2011,Income tax withheld and FICA,17.2402,nominal,Oregon
2012,Business income taxes,1.22981,nominal,Oregon
2012,"Estate, gift, excise and other",0.515168,nominal,Oregon
2012,Income tax not withheld and SECA,3.58878,nominal,Oregon
2012,Income tax withheld and FICA,17.3828,nominal,Oregon
2013,Business income taxes,1.67451,nominal,Oregon
2013,"Estate, gift, excise and other",0.517723,nominal,Oregon
2013,Income tax not withheld and SECA,4.41211,nominal,Oregon
2013,Income tax withheld and FICA,19.1115,nominal,Oregon
2014,Business income taxes,1.9203,nominal,Oregon
2014,"Estate, gift, excise and other",1.12425,nominal,Oregon
2014,Income tax not withheld and SECA,4.82708,nominal,Oregon
2014,Income tax withheld and FICA,20.5376,nominal,Oregon
2015,Business income taxes,1.98994,nominal,Oregon
2015,"Estate, gift, excise and other",1.37748,nominal,Oregon
2015,Income tax not withheld and SECA,5.63,nominal,Oregon
2015,Income tax withheld and FICA,22.2217,nominal,Oregon
2016,Business income taxes,1.07422,nominal,Oregon
2016,"Estate, gift, excise and other",1.35565,nominal,Oregon
2016,Income tax not withheld and SECA,6.01202,nominal,Oregon
2016,Income tax withheld and FICA,23.5136,nominal,Oregon
2017,Business income taxes,1.13978,nominal,Oregon
2017,"Estate, gift, excise and other",0.671679,nominal,Oregon
2017,Income tax not withheld and SECA,6.36385,nominal,Oregon
2017,Income tax withheld and FICA,24.1705,nominal,Oregon
2018,Business income taxes,0.998183,nominal,Oregon
2018,"Estate, gift, excise and other",0.963882,nominal,Oregon
2018,Income tax not withheld and SECA,7.0244,nominal,Oregon
2018,Income tax withheld and FICA,24.8157,nominal,Oregon
2019,Business income taxes,1.36173,nominal,Oregon
2019,"Estate, gift, excise and other",1.42237,nominal,Oregon
2019,Income tax not withheld and SECA,7.1484,nominal,Oregon
2019,Income tax withheld and FICA,25.1086,nominal,Oregon
2020,Business income taxes,1.24221,nominal,Oregon
2020,"Estate, gift, excise and other",1.0501,nominal,Oregon
2020,Income tax not withheld and SECA,7.0046,nominal,Oregon
2020,Income tax withheld and FICA,25.9605,nominal,Oregon
2021,Business income taxes,2.39082,nominal,Oregon
2021,"Estate, gift, excise and other",0.961516,nominal,Oregon
2021,Income tax not withheld and SECA,8.54673,nominal,Oregon
2021,Income tax withheld and FICA,28.168,nominal,Oregon
2022,Business income taxes,2.38273,nominal,Oregon
2022,"Estate, gift, excise and other",1.13499,nominal,Oregon
2022,Income tax not withheld and SECA,11.5051,nominal,Oregon
2022,Income tax withheld and FICA,29.0265,nominal,Oregon
2023,Business income taxes,2.40596,nominal,Oregon
2023,"Estate, gift, excise and other",1.44403,nominal,Oregon
2023,Income tax not withheld and SECA,9.20249,nominal,Oregon
2023,Income tax withheld and FICA,27.9428,nominal,Oregon
2024,Business income taxes,2.63426,nominal,Oregon
2024,"Estate, gift, excise and other",0.822123,nominal,Oregon
2024,Income tax not withheld and SECA,9.5207,nominal,Oregon
2024,Income tax withheld and FICA,28.9997,nominal,Oregon
2025,Business income taxes,1.953,nominal,Oregon
2025,"Estate, gift, excise and other",0.977479,nominal,Oregon
2025,Income tax not withheld and SECA,10.3547,nominal,Oregon
2025,Income tax withheld and FICA,32.2303,nominal,Oregon
1998,Business income taxes,10.1862,nominal,Pennsylvania
1998,"Estate, gift, excise and other",3.48965,nominal,Pennsylvania
1998,Income tax not withheld and SECA,13.0857,nominal,Pennsylvania
1998,Income tax withheld and FICA,53.5803,nominal,Pennsylvania
1999,Business income taxes,9.6711,nominal,Pennsylvania
1999,"Estate, gift, excise and other",3.80891,nominal,Pennsylvania
1999,Income tax not withheld and SECA,14.0622,nominal,Pennsylvania
1999,Income tax withheld and FICA,55.9305,nominal,Pennsylvania
2000,Business income taxes,9.52706,nominal,Pennsylvania
2000,"Estate, gift, excise and other",3.63908,nominal,Pennsylvania
2000,Income tax not withheld and SECA,15.0673,nominal,Pennsylvania
2000,Income tax withheld and FICA,60.1169,nominal,Pennsylvania
2001,Business income taxes,6.15554,nominal,Pennsylvania
2001,"Estate, gift, excise and other",3.45949,nominal,Pennsylvania
2001,Income tax not withheld and SECA,15.2616,nominal,Pennsylvania
2001,Income tax withheld and FICA,62.4762,nominal,Pennsylvania
2002,Business income taxes,8.87763,nominal,Pennsylvania
2002,"Estate, gift, excise and other",3.28328,nominal,Pennsylvania
2002,Income tax not withheld and SECA,12.0092,nominal,Pennsylvania
2002,Income tax withheld and FICA,61.318,nominal,Pennsylvania
2003,Business income taxes,5.37409,nominal,Pennsylvania
2003,"Estate, gift, excise and other",3.14021,nominal,Pennsylvania
2003,Income tax not withheld and SECA,10.7231,nominal,Pennsylvania
2003,Income tax withheld and FICA,62.5749,nominal,Pennsylvania
2004,Business income taxes,8.74153,nominal,Pennsylvania
2004,"Estate, gift, excise and other",3.24507,nominal,Pennsylvania
2004,Income tax not withheld and SECA,10.3699,nominal,Pennsylvania
2004,Income tax withheld and FICA,65.4848,nominal,Pennsylvania
2005,Business income taxes,10.1778,nominal,Pennsylvania
2005,"Estate, gift, excise and other",3.57863,nominal,Pennsylvania
2005,Income tax not withheld and SECA,12.3214,nominal,Pennsylvania
2005,Income tax withheld and FICA,69.0098,nominal,Pennsylvania
2006,Business income taxes,12.5617,nominal,Pennsylvania
2006,"Estate, gift, excise and other",4.1112,nominal,Pennsylvania
2006,Income tax not withheld and SECA,15.0414,nominal,Pennsylvania
2006,Income tax withheld and FICA,70.7978,nominal,Pennsylvania
2007,Business income taxes,13.8896,nominal,Pennsylvania
2007,"Estate, gift, excise and other",3.95116,nominal,Pennsylvania
2007,Income tax not withheld and SECA,16.4843,nominal,Pennsylvania
2007,Income tax withheld and FICA,78.0432,nominal,Pennsylvania
2008,Business income taxes,12.9011,nominal,Pennsylvania
2008,"Estate, gift, excise and other",3.95521,nominal,Pennsylvania
2008,Income tax not withheld and SECA,18.0109,nominal,Pennsylvania
2008,Income tax withheld and FICA,81.6875,nominal,Pennsylvania
2009,Business income taxes,10.6128,nominal,Pennsylvania
2009,"Estate, gift, excise and other",3.83756,nominal,Pennsylvania
2009,Income tax not withheld and SECA,12.3546,nominal,Pennsylvania
2009,Income tax withheld and FICA,79.809,nominal,Pennsylvania
2010,Business income taxes,10.2351,nominal,Pennsylvania
2010,"Estate, gift, excise and other",4.43359,nominal,Pennsylvania
2010,Income tax not withheld and SECA,11.3892,nominal,Pennsylvania
2010,Income tax withheld and FICA,75.8008,nominal,Pennsylvania
2011,Business income taxes,9.17997,nominal,Pennsylvania
2011,"Estate, gift, excise and other",3.50585,nominal,Pennsylvania
2011,Income tax not withheld and SECA,13.1603,nominal,Pennsylvania
2011,Income tax withheld and FICA,77.2883,nominal,Pennsylvania
2012,Business income taxes,11.2227,nominal,Pennsylvania
2012,"Estate, gift, excise and other",4.07101,nominal,Pennsylvania
2012,Income tax not withheld and SECA,13.1494,nominal,Pennsylvania
2012,Income tax withheld and FICA,80.5185,nominal,Pennsylvania
2013,Business income taxes,11.9027,nominal,Pennsylvania
2013,"Estate, gift, excise and other",4.45463,nominal,Pennsylvania
2013,Income tax not withheld and SECA,16.0282,nominal,Pennsylvania
2013,Income tax withheld and FICA,88.012200000000007,nominal,Pennsylvania
2014,Business income taxes,12.6194,nominal,Pennsylvania
2014,"Estate, gift, excise and other",5.67607,nominal,Pennsylvania
2014,Income tax not withheld and SECA,16.8137,nominal,Pennsylvania
2014,Income tax withheld and FICA,91.2649,nominal,Pennsylvania
2015,Business income taxes,16.0958,nominal,Pennsylvania
2015,"Estate, gift, excise and other",6.65168,nominal,Pennsylvania
2015,Income tax not withheld and SECA,18.9096,nominal,Pennsylvania
2015,Income tax withheld and FICA,94.4518,nominal,Pennsylvania
2016,Business income taxes,14.2313,nominal,Pennsylvania
2016,"Estate, gift, excise and other",5.87916,nominal,Pennsylvania
2016,Income tax not withheld and SECA,19.6895,nominal,Pennsylvania
2016,Income tax withheld and FICA,96.1241,nominal,Pennsylvania
2017,Business income taxes,15.0418,nominal,Pennsylvania
2017,"Estate, gift, excise and other",4.37917,nominal,Pennsylvania
2017,Income tax not withheld and SECA,18.6132,nominal,Pennsylvania
2017,Income tax withheld and FICA,101.763,nominal,Pennsylvania
2018,Business income taxes,9.04608,nominal,Pennsylvania
2018,"Estate, gift, excise and other",5.53032,nominal,Pennsylvania
2018,Income tax not withheld and SECA,20.6717,nominal,Pennsylvania
2018,Income tax withheld and FICA,101.021,nominal,Pennsylvania
2019,Business income taxes,11.3027,nominal,Pennsylvania
2019,"Estate, gift, excise and other",5.67063,nominal,Pennsylvania
2019,Income tax not withheld and SECA,21.285,nominal,Pennsylvania
2019,Income tax withheld and FICA,103.715,nominal,Pennsylvania
2020,Business income taxes,13.7641,nominal,Pennsylvania
2020,"Estate, gift, excise and other",5.49056,nominal,Pennsylvania
2020,Income tax not withheld and SECA,19.6914,nominal,Pennsylvania
2020,Income tax withheld and FICA,101.506,nominal,Pennsylvania
2021,Business income taxes,15.4735,nominal,Pennsylvania
2021,"Estate, gift, excise and other",5.8351,nominal,Pennsylvania
2021,Income tax not withheld and SECA,25.39,nominal,Pennsylvania
2021,Income tax withheld and FICA,107.61,nominal,Pennsylvania
2022,Business income taxes,16.0446,nominal,Pennsylvania
2022,"Estate, gift, excise and other",6.58041,nominal,Pennsylvania
2022,Income tax not withheld and SECA,35.5471,nominal,Pennsylvania
2022,Income tax withheld and FICA,119.241,nominal,Pennsylvania
2023,Business income taxes,17.7536,nominal,Pennsylvania
2023,"Estate, gift, excise and other",5.73703,nominal,Pennsylvania
2023,Income tax not withheld and SECA,28.3428,nominal,Pennsylvania
2023,Income tax withheld and FICA,122.556,nominal,Pennsylvania
2024,Business income taxes,17.9603,nominal,Pennsylvania
2024,"Estate, gift, excise and other",5.64546,nominal,Pennsylvania
2024,Income tax not withheld and SECA,29.7043,nominal,Pennsylvania
2024,Income tax withheld and FICA,126.02,nominal,Pennsylvania
2025,Business income taxes,15.2806,nominal,Pennsylvania
2025,"Estate, gift, excise and other",7.98867,nominal,Pennsylvania
2025,Income tax not withheld and SECA,34.3069,nominal,Pennsylvania
2025,Income tax withheld and FICA,131.336,nominal,Pennsylvania
1998,Business income taxes,1.17931,nominal,Rhode Island
1998,"Estate, gift, excise and other",0.195037,nominal,Rhode Island
1998,Income tax not withheld and SECA,1.22791,nominal,Rhode Island
1998,Income tax withheld and FICA,4.06678,nominal,Rhode Island
1999,Business income taxes,1.96212,nominal,Rhode Island
1999,"Estate, gift, excise and other",0.160887,nominal,Rhode Island
1999,Income tax not withheld and SECA,1.16357,nominal,Rhode Island
1999,Income tax withheld and FICA,4.35421,nominal,Rhode Island
2000,Business income taxes,2.07308,nominal,Rhode Island
2000,"Estate, gift, excise and other",0.181597,nominal,Rhode Island
2000,Income tax not withheld and SECA,1.32978,nominal,Rhode Island
2000,Income tax withheld and FICA,4.67306,nominal,Rhode Island
2001,Business income taxes,1.06231,nominal,Rhode Island
2001,"Estate, gift, excise and other",0.160428,nominal,Rhode Island
2001,Income tax not withheld and SECA,1.50748,nominal,Rhode Island
2001,Income tax withheld and FICA,4.96599,nominal,Rhode Island
2002,Business income taxes,1.68167,nominal,Rhode Island
2002,"Estate, gift, excise and other",0.117691,nominal,Rhode Island
2002,Income tax not withheld and SECA,1.13233,nominal,Rhode Island
2002,Income tax withheld and FICA,5.01043,nominal,Rhode Island
2003,Business income taxes,1.50095,nominal,Rhode Island
2003,"Estate, gift, excise and other",0.115195,nominal,Rhode Island
2003,Income tax not withheld and SECA,1.03164,nominal,Rhode Island
2003,Income tax withheld and FICA,6.0158,nominal,Rhode Island
2004,Business income taxes,1.49327,nominal,Rhode Island
2004,"Estate, gift, excise and other",0.131559,nominal,Rhode Island
2004,Income tax not withheld and SECA,1.02864,nominal,Rhode Island
2004,Income tax withheld and FICA,5.89138,nominal,Rhode Island
2005,Business income taxes,1.67342,nominal,Rhode Island
2005,"Estate, gift, excise and other",0.186634,nominal,Rhode Island
2005,Income tax not withheld and SECA,1.24194,nominal,Rhode Island
2005,Income tax withheld and FICA,6.61057,nominal,Rhode Island
2006,Business income taxes,2.38339,nominal,Rhode Island
2006,"Estate, gift, excise and other",0.145075,nominal,Rhode Island
2006,Income tax not withheld and SECA,1.35688,nominal,Rhode Island
2006,Income tax withheld and FICA,6.50765,nominal,Rhode Island
2007,Business income taxes,3.26929,nominal,Rhode Island
2007,"Estate, gift, excise and other",0.122438,nominal,Rhode Island
2007,Income tax not withheld and SECA,1.49005,nominal,Rhode Island
2007,Income tax withheld and FICA,7.08504,nominal,Rhode Island
2008,Business income taxes,3.01709,nominal,Rhode Island
2008,"Estate, gift, excise and other",0.167615,nominal,Rhode Island
2008,Income tax not withheld and SECA,1.51747,nominal,Rhode Island
2008,Income tax withheld and FICA,6.92626,nominal,Rhode Island
2009,Business income taxes,2.74513,nominal,Rhode Island
2009,"Estate, gift, excise and other",0.183424,nominal,Rhode Island
2009,Income tax not withheld and SECA,0.997726,nominal,Rhode Island
2009,Income tax withheld and FICA,6.98292,nominal,Rhode Island
2010,Business income taxes,2.57985,nominal,Rhode Island
2010,"Estate, gift, excise and other",0.141479,nominal,Rhode Island
2010,Income tax not withheld and SECA,0.916156,nominal,Rhode Island
2010,Income tax withheld and FICA,6.87296,nominal,Rhode Island
2011,Business income taxes,2.21233,nominal,Rhode Island
2011,"Estate, gift, excise and other",0.14867,nominal,Rhode Island
2011,Income tax not withheld and SECA,1.05992,nominal,Rhode Island
2011,Income tax withheld and FICA,7.00717,nominal,Rhode Island
2012,Business income taxes,2.32732,nominal,Rhode Island
2012,"Estate, gift, excise and other",0.173136,nominal,Rhode Island
2012,Income tax not withheld and SECA,1.08068,nominal,Rhode Island
2012,Income tax withheld and FICA,7.41121,nominal,Rhode Island
2013,Business income taxes,3.26956,nominal,Rhode Island
2013,"Estate, gift, excise and other",0.299527,nominal,Rhode Island
2013,Income tax not withheld and SECA,1.24727,nominal,Rhode Island
2013,Income tax withheld and FICA,8.19477,nominal,Rhode Island
2014,Business income taxes,3.6839,nominal,Rhode Island
2014,"Estate, gift, excise and other",0.397395,nominal,Rhode Island
2014,Income tax not withheld and SECA,1.32605,nominal,Rhode Island
2014,Income tax withheld and FICA,8.48056,nominal,Rhode Island
2015,Business income taxes,3.52753,nominal,Rhode Island
2015,"Estate, gift, excise and other",0.424241,nominal,Rhode Island
2015,Income tax not withheld and SECA,1.53009,nominal,Rhode Island
2015,Income tax withheld and FICA,8.89146,nominal,Rhode Island
2016,Business income taxes,3.46255,nominal,Rhode Island
2016,"Estate, gift, excise and other",0.422209,nominal,Rhode Island
2016,Income tax not withheld and SECA,1.4727,nominal,Rhode Island
2016,Income tax withheld and FICA,9.25,nominal,Rhode Island
2017,Business income taxes,3.45622,nominal,Rhode Island
2017,"Estate, gift, excise and other",0.348585,nominal,Rhode Island
2017,Income tax not withheld and SECA,1.45818,nominal,Rhode Island
2017,Income tax withheld and FICA,9.65448,nominal,Rhode Island
2018,Business income taxes,3.02474,nominal,Rhode Island
2018,"Estate, gift, excise and other",0.392554,nominal,Rhode Island
2018,Income tax not withheld and SECA,1.6382,nominal,Rhode Island
2018,Income tax withheld and FICA,9.67011,nominal,Rhode Island
2019,Business income taxes,2.40703,nominal,Rhode Island
2019,"Estate, gift, excise and other",0.344412,nominal,Rhode Island
2019,Income tax not withheld and SECA,1.63324,nominal,Rhode Island
2019,Income tax withheld and FICA,9.94096,nominal,Rhode Island
2020,Business income taxes,2.48756,nominal,Rhode Island
2020,"Estate, gift, excise and other",0.3984,nominal,Rhode Island
2020,Income tax not withheld and SECA,1.6829,nominal,Rhode Island
2020,Income tax withheld and FICA,9.19848,nominal,Rhode Island
2021,Business income taxes,3.80791,nominal,Rhode Island
2021,"Estate, gift, excise and other",0.342193,nominal,Rhode Island
2021,Income tax not withheld and SECA,2.0688,nominal,Rhode Island
2021,Income tax withheld and FICA,10.2727,nominal,Rhode Island
2022,Business income taxes,3.5287,nominal,Rhode Island
2022,"Estate, gift, excise and other",0.297962,nominal,Rhode Island
2022,Income tax not withheld and SECA,2.7081,nominal,Rhode Island
2022,Income tax withheld and FICA,13.277,nominal,Rhode Island
2023,Business income taxes,2.89813,nominal,Rhode Island
2023,"Estate, gift, excise and other",0.351246,nominal,Rhode Island
2023,Income tax not withheld and SECA,2.21274,nominal,Rhode Island
2023,Income tax withheld and FICA,13.3879,nominal,Rhode Island
2024,Business income taxes,2.54421,nominal,Rhode Island
2024,"Estate, gift, excise and other",0.198236,nominal,Rhode Island
2024,Income tax not withheld and SECA,2.51072,nominal,Rhode Island
2024,Income tax withheld and FICA,13.6807,nominal,Rhode Island
2025,Business income taxes,0.675342,nominal,Rhode Island
2025,"Estate, gift, excise and other",0.356194,nominal,Rhode Island
2025,Income tax not withheld and SECA,2.81305,nominal,Rhode Island
2025,Income tax withheld and FICA,13.9099,nominal,Rhode Island
1998,Business income taxes,1.09947,nominal,South Carolina
1998,"Estate, gift, excise and other",0.421717,nominal,South Carolina
1998,Income tax not withheld and SECA,2.80906,nominal,South Carolina
1998,Income tax withheld and FICA,11.4134,nominal,South Carolina
1999,Business income taxes,0.99595,nominal,South Carolina
1999,"Estate, gift, excise and other",0.509831,nominal,South Carolina
1999,Income tax not withheld and SECA,3.02229,nominal,South Carolina
1999,Income tax withheld and FICA,12.7197,nominal,South Carolina
2000,Business income taxes,1.20528,nominal,South Carolina
2000,"Estate, gift, excise and other",0.389707,nominal,South Carolina
2000,Income tax not withheld and SECA,3.27298,nominal,South Carolina
2000,Income tax withheld and FICA,11.5869,nominal,South Carolina
2001,Business income taxes,0.998081,nominal,South Carolina
2001,"Estate, gift, excise and other",0.409104,nominal,South Carolina
2001,Income tax not withheld and SECA,3.20209,nominal,South Carolina
2001,Income tax withheld and FICA,11.7362,nominal,South Carolina
2002,Business income taxes,0.889445,nominal,South Carolina
2002,"Estate, gift, excise and other",0.422091,nominal,South Carolina
2002,Income tax not withheld and SECA,2.68914,nominal,South Carolina
2002,Income tax withheld and FICA,11.166,nominal,South Carolina
2003,Business income taxes,0.723067,nominal,South Carolina
2003,"Estate, gift, excise and other",0.397272,nominal,South Carolina
2003,Income tax not withheld and SECA,2.53081,nominal,South Carolina
2003,Income tax withheld and FICA,11.348,nominal,South Carolina
2004,Business income taxes,0.839709,nominal,South Carolina
2004,"Estate, gift, excise and other",0.409739,nominal,South Carolina
2004,Income tax not withheld and SECA,2.39609,nominal,South Carolina
2004,Income tax withheld and FICA,11.7116,nominal,South Carolina
2005,Business income taxes,0.859247,nominal,South Carolina
2005,"Estate, gift, excise and other",0.381996,nominal,South Carolina
2005,Income tax not withheld and SECA,3.11515,nominal,South Carolina
2005,Income tax withheld and FICA,12.616,nominal,South Carolina
2006,Business income taxes,1.17798,nominal,South Carolina
2006,"Estate, gift, excise and other",0.744397,nominal,South Carolina
2006,Income tax not withheld and SECA,3.94218,nominal,South Carolina
2006,Income tax withheld and FICA,25.247,nominal,South Carolina
2007,Business income taxes,1.24965,nominal,South Carolina
2007,"Estate, gift, excise and other",0.698828,nominal,South Carolina
2007,Income tax not withheld and SECA,4.48864,nominal,South Carolina
2007,Income tax withheld and FICA,14.0623,nominal,South Carolina
2008,Business income taxes,1.11894,nominal,South Carolina
2008,"Estate, gift, excise and other",0.487134,nominal,South Carolina
2008,Income tax not withheld and SECA,4.43827,nominal,South Carolina
2008,Income tax withheld and FICA,14.3355,nominal,South Carolina
2009,Business income taxes,0.937804,nominal,South Carolina
2009,"Estate, gift, excise and other",0.465277,nominal,South Carolina
2009,Income tax not withheld and SECA,2.95473,nominal,South Carolina
2009,Income tax withheld and FICA,13.4488,nominal,South Carolina
2010,Business income taxes,1.01247,nominal,South Carolina
2010,"Estate, gift, excise and other",0.453389,nominal,South Carolina
2010,Income tax not withheld and SECA,2.69329,nominal,South Carolina
2010,Income tax withheld and FICA,13.2017,nominal,South Carolina
2011,Business income taxes,0.884984,nominal,South Carolina
2011,"Estate, gift, excise and other",0.323112,nominal,South Carolina
2011,Income tax not withheld and SECA,3.0658,nominal,South Carolina
2011,Income tax withheld and FICA,13.1911,nominal,South Carolina
2012,Business income taxes,1.21152,nominal,South Carolina
2012,"Estate, gift, excise and other",0.400463,nominal,South Carolina
2012,Income tax not withheld and SECA,3.14806,nominal,South Carolina
2012,Income tax withheld and FICA,13.7971,nominal,South Carolina
2013,Business income taxes,1.17482,nominal,South Carolina
2013,"Estate, gift, excise and other",0.505348,nominal,South Carolina
2013,Income tax not withheld and SECA,3.82754,nominal,South Carolina
2013,Income tax withheld and FICA,14.9381,nominal,South Carolina
2014,Business income taxes,1.5677,nominal,South Carolina
2014,"Estate, gift, excise and other",0.587474,nominal,South Carolina
2014,Income tax not withheld and SECA,4.22826,nominal,South Carolina
2014,Income tax withheld and FICA,15.8586,nominal,South Carolina
2015,Business income taxes,1.73162,nominal,South Carolina
2015,"Estate, gift, excise and other",0.64965,nominal,South Carolina
2015,Income tax not withheld and SECA,5.00665,nominal,South Carolina
2015,Income tax withheld and FICA,16.6983,nominal,South Carolina
2016,Business income taxes,1.70841,nominal,South Carolina
2016,"Estate, gift, excise and other",0.759313,nominal,South Carolina
2016,Income tax not withheld and SECA,5.28249,nominal,South Carolina
2016,Income tax withheld and FICA,17.7367,nominal,South Carolina
2017,Business income taxes,1.95343,nominal,South Carolina
2017,"Estate, gift, excise and other",0.605932,nominal,South Carolina
2017,Income tax not withheld and SECA,5.44926,nominal,South Carolina
2017,Income tax withheld and FICA,18.6274,nominal,South Carolina
2018,Business income taxes,1.40569,nominal,South Carolina
2018,"Estate, gift, excise and other",0.704042,nominal,South Carolina
2018,Income tax not withheld and SECA,6.0468,nominal,South Carolina
2018,Income tax withheld and FICA,20.396,nominal,South Carolina
2019,Business income taxes,1.26872,nominal,South Carolina
2019,"Estate, gift, excise and other",0.763401,nominal,South Carolina
2019,Income tax not withheld and SECA,6.28342,nominal,South Carolina
2019,Income tax withheld and FICA,19.5695,nominal,South Carolina
2020,Business income taxes,0.981044,nominal,South Carolina
2020,"Estate, gift, excise and other",0.695231,nominal,South Carolina
2020,Income tax not withheld and SECA,6.69611,nominal,South Carolina
2020,Income tax withheld and FICA,19.1319,nominal,South Carolina
2021,Business income taxes,1.52427,nominal,South Carolina
2021,"Estate, gift, excise and other",0.733275,nominal,South Carolina
2021,Income tax not withheld and SECA,8.19344,nominal,South Carolina
2021,Income tax withheld and FICA,20.6591,nominal,South Carolina
2022,Business income taxes,2.0795,nominal,South Carolina
2022,"Estate, gift, excise and other",1.12958,nominal,South Carolina
2022,Income tax not withheld and SECA,12.0389,nominal,South Carolina
2022,Income tax withheld and FICA,23.5431,nominal,South Carolina
2023,Business income taxes,1.61164,nominal,South Carolina
2023,"Estate, gift, excise and other",0.759992,nominal,South Carolina
2023,Income tax not withheld and SECA,10.252,nominal,South Carolina
2023,Income tax withheld and FICA,25.0895,nominal,South Carolina
2024,Business income taxes,1.70615,nominal,South Carolina
2024,"Estate, gift, excise and other",0.870922,nominal,South Carolina
2024,Income tax not withheld and SECA,11.4452,nominal,South Carolina
2024,Income tax withheld and FICA,25.8548,nominal,South Carolina
2025,Business income taxes,3.0514,nominal,South Carolina
2025,"Estate, gift, excise and other",1.12657,nominal,South Carolina
2025,Income tax not withheld and SECA,13.2142,nominal,South Carolina
2025,Income tax withheld and FICA,27.1459,nominal,South Carolina
1998,Business income taxes,0.309793,nominal,South Dakota
1998,"Estate, gift, excise and other",0.0581475,nominal,South Dakota
1998,Income tax not withheld and SECA,0.93762,nominal,South Dakota
1998,Income tax withheld and FICA,1.76584,nominal,South Dakota
1999,Business income taxes,0.391508,nominal,South Dakota
1999,"Estate, gift, excise and other",0.0829713,nominal,South Dakota
1999,Income tax not withheld and SECA,1.01398,nominal,South Dakota
1999,Income tax withheld and FICA,1.98543,nominal,South Dakota
2000,Business income taxes,0.443229,nominal,South Dakota
2000,"Estate, gift, excise and other",0.0950997,nominal,South Dakota
2000,Income tax not withheld and SECA,1.20095,nominal,South Dakota
2000,Income tax withheld and FICA,2.37133,nominal,South Dakota
2001,Business income taxes,0.238378,nominal,South Dakota
2001,"Estate, gift, excise and other",0.076084,nominal,South Dakota
2001,Income tax not withheld and SECA,1.15191,nominal,South Dakota
2001,Income tax withheld and FICA,2.48482,nominal,South Dakota
2002,Business income taxes,0.0824671,nominal,South Dakota
2002,"Estate, gift, excise and other",0.0615811,nominal,South Dakota
2002,Income tax not withheld and SECA,0.986993,nominal,South Dakota
2002,Income tax withheld and FICA,2.44231,nominal,South Dakota
2003,Business income taxes,0.112289,nominal,South Dakota
2003,"Estate, gift, excise and other",0.0972487,nominal,South Dakota
2003,Income tax not withheld and SECA,0.845077,nominal,South Dakota
2003,Income tax withheld and FICA,2.32005,nominal,South Dakota
2004,Business income taxes,0.174084,nominal,South Dakota
2004,"Estate, gift, excise and other",0.0984821,nominal,South Dakota
2004,Income tax not withheld and SECA,0.824111,nominal,South Dakota
2004,Income tax withheld and FICA,2.19716,nominal,South Dakota
2005,Business income taxes,0.137132,nominal,South Dakota
2005,"Estate, gift, excise and other",0.081228,nominal,South Dakota
2005,Income tax not withheld and SECA,1.2413,nominal,South Dakota
2005,Income tax withheld and FICA,2.38458,nominal,South Dakota
2006,Business income taxes,0.261933,nominal,South Dakota
2006,"Estate, gift, excise and other",0.129745,nominal,South Dakota
2006,Income tax not withheld and SECA,1.33119,nominal,South Dakota
2006,Income tax withheld and FICA,2.65423,nominal,South Dakota
2007,Business income taxes,0.221842,nominal,South Dakota
2007,"Estate, gift, excise and other",0.100913,nominal,South Dakota
2007,Income tax not withheld and SECA,1.73302,nominal,South Dakota
2007,Income tax withheld and FICA,2.70978,nominal,South Dakota
2008,Business income taxes,0.179045,nominal,South Dakota
2008,"Estate, gift, excise and other",0.105647,nominal,South Dakota
2008,Income tax not withheld and SECA,1.59599,nominal,South Dakota
2008,Income tax withheld and FICA,2.97996,nominal,South Dakota
2009,Business income taxes,0.17129,nominal,South Dakota
2009,"Estate, gift, excise and other",0.708185,nominal,South Dakota
2009,Income tax not withheld and SECA,1.13609,nominal,South Dakota
2009,Income tax withheld and FICA,2.87326,nominal,South Dakota
2010,Business income taxes,0.143337,nominal,South Dakota
2010,"Estate, gift, excise and other",0.260369,nominal,South Dakota
2010,Income tax not withheld and SECA,0.997768,nominal,South Dakota
2010,Income tax withheld and FICA,2.90352,nominal,South Dakota
2011,Business income taxes,0.189462,nominal,South Dakota
2011,"Estate, gift, excise and other",0.355361,nominal,South Dakota
2011,Income tax not withheld and SECA,1.12748,nominal,South Dakota
2011,Income tax withheld and FICA,2.95264,nominal,South Dakota
2012,Business income taxes,0.235097,nominal,South Dakota
2012,"Estate, gift, excise and other",0.483136,nominal,South Dakota
2012,Income tax not withheld and SECA,1.28844,nominal,South Dakota
2012,Income tax withheld and FICA,3.12958,nominal,South Dakota
2013,Business income taxes,0.239288,nominal,South Dakota
2013,"Estate, gift, excise and other",0.922254,nominal,South Dakota
2013,Income tax not withheld and SECA,1.71267,nominal,South Dakota
2013,Income tax withheld and FICA,3.44328,nominal,South Dakota
2014,Business income taxes,0.404686,nominal,South Dakota
2014,"Estate, gift, excise and other",0.867105,nominal,South Dakota
2014,Income tax not withheld and SECA,1.74332,nominal,South Dakota
2014,Income tax withheld and FICA,3.71848,nominal,South Dakota
2015,Business income taxes,0.552853,nominal,South Dakota
2015,"Estate, gift, excise and other",1.14806,nominal,South Dakota
2015,Income tax not withheld and SECA,2.08552,nominal,South Dakota
2015,Income tax withheld and FICA,3.9457,nominal,South Dakota
2016,Business income taxes,0.43463,nominal,South Dakota
2016,"Estate, gift, excise and other",1.3272,nominal,South Dakota
2016,Income tax not withheld and SECA,1.90492,nominal,South Dakota
2016,Income tax withheld and FICA,4.11294,nominal,South Dakota
2017,Business income taxes,0.538298,nominal,South Dakota
2017,"Estate, gift, excise and other",1.31826,nominal,South Dakota
2017,Income tax not withheld and SECA,1.7052,nominal,South Dakota
2017,Income tax withheld and FICA,4.31116,nominal,South Dakota
2018,Business income taxes,0.296888,nominal,South Dakota
2018,"Estate, gift, excise and other",1.71695,nominal,South Dakota
2018,Income tax not withheld and SECA,1.7182,nominal,South Dakota
2018,Income tax withheld and FICA,4.46837,nominal,South Dakota
2019,Business income taxes,0.187711,nominal,South Dakota
2019,"Estate, gift, excise and other",1.35688,nominal,South Dakota
2019,Income tax not withheld and SECA,1.79406,nominal,South Dakota
2019,Income tax withheld and FICA,4.6907,nominal,South Dakota
2020,Business income taxes,0.161289,nominal,South Dakota
2020,"Estate, gift, excise and other",1.70759,nominal,South Dakota
2020,Income tax not withheld and SECA,1.64251,nominal,South Dakota
2020,Income tax withheld and FICA,4.54116,nominal,South Dakota
2021,Business income taxes,0.30526,nominal,South Dakota
2021,"Estate, gift, excise and other",3.3756,nominal,South Dakota
2021,Income tax not withheld and SECA,2.28564,nominal,South Dakota
2021,Income tax withheld and FICA,5.55858,nominal,South Dakota
2022,Business income taxes,0.397462,nominal,South Dakota
2022,"Estate, gift, excise and other",4.16217,nominal,South Dakota
2022,Income tax not withheld and SECA,3.10819,nominal,South Dakota
2022,Income tax withheld and FICA,5.82976,nominal,South Dakota
2023,Business income taxes,0.378564,nominal,South Dakota
2023,"Estate, gift, excise and other",1.91368,nominal,South Dakota
2023,Income tax not withheld and SECA,2.78162,nominal,South Dakota
2023,Income tax withheld and FICA,5.96656,nominal,South Dakota
2024,Business income taxes,0.341392,nominal,South Dakota
2024,"Estate, gift, excise and other",3.0685,nominal,South Dakota
2024,Income tax not withheld and SECA,2.92177,nominal,South Dakota
2024,Income tax withheld and FICA,6.43862,nominal,South Dakota
2025,Business income taxes,0.411413,nominal,South Dakota
2025,"Estate, gift, excise and other",4.04795,nominal,South Dakota
2025,Income tax not withheld and SECA,3.24861,nominal,South Dakota
2025,Income tax withheld and FICA,6.69809,nominal,South Dakota
1998,Business income taxes,3.19262,nominal,Tennessee
1998,"Estate, gift, excise and other",0.954067,nominal,Tennessee
1998,Income tax not withheld and SECA,5.14906,nominal,Tennessee
1998,Income tax withheld and FICA,22.6598,nominal,Tennessee
1999,Business income taxes,3.70832,nominal,Tennessee
1999,"Estate, gift, excise and other",0.962517,nominal,Tennessee
1999,Income tax not withheld and SECA,5.22238,nominal,Tennessee
1999,Income tax withheld and FICA,24.0889,nominal,Tennessee
2000,Business income taxes,4.16954,nominal,Tennessee
2000,"Estate, gift, excise and other",1.16792,nominal,Tennessee
2000,Income tax not withheld and SECA,5.43042,nominal,Tennessee
2000,Income tax withheld and FICA,25.9417,nominal,Tennessee
2001,Business income taxes,2.94582,nominal,Tennessee
2001,"Estate, gift, excise and other",0.969342,nominal,Tennessee
2001,Income tax not withheld and SECA,5.50701,nominal,Tennessee
2001,Income tax withheld and FICA,27.0996,nominal,Tennessee
2002,Business income taxes,2.9602,nominal,Tennessee
2002,"Estate, gift, excise and other",1.34079,nominal,Tennessee
2002,Income tax not withheld and SECA,4.65126,nominal,Tennessee
2002,Income tax withheld and FICA,26.8726,nominal,Tennessee
2003,Business income taxes,3.20207,nominal,Tennessee
2003,"Estate, gift, excise and other",0.927999,nominal,Tennessee
2003,Income tax not withheld and SECA,4.17789,nominal,Tennessee
2003,Income tax withheld and FICA,26.9428,nominal,Tennessee
2004,Business income taxes,3.29252,nominal,Tennessee
2004,"Estate, gift, excise and other",1.07092,nominal,Tennessee
2004,Income tax not withheld and SECA,4.25644,nominal,Tennessee
2004,Income tax withheld and FICA,28.1824,nominal,Tennessee
2005,Business income taxes,4.50541,nominal,Tennessee
2005,"Estate, gift, excise and other",1.26866,nominal,Tennessee
2005,Income tax not withheld and SECA,5.12017,nominal,Tennessee
2005,Income tax withheld and FICA,31.1663,nominal,Tennessee
2006,Business income taxes,6.66398,nominal,Tennessee
2006,"Estate, gift, excise and other",1.3234,nominal,Tennessee
2006,Income tax not withheld and SECA,6.0548,nominal,Tennessee
2006,Income tax withheld and FICA,33.3505,nominal,Tennessee
2007,Business income taxes,5.53554,nominal,Tennessee
2007,"Estate, gift, excise and other",1.47351,nominal,Tennessee
2007,Income tax not withheld and SECA,7.08882,nominal,Tennessee
2007,Income tax withheld and FICA,33.6489,nominal,Tennessee
2008,Business income taxes,4.26682,nominal,Tennessee
2008,"Estate, gift, excise and other",1.39185,nominal,Tennessee
2008,Income tax not withheld and SECA,7.03691,nominal,Tennessee
2008,Income tax withheld and FICA,36.532,nominal,Tennessee
2009,Business income taxes,3.65131,nominal,Tennessee
2009,"Estate, gift, excise and other",1.25055,nominal,Tennessee
2009,Income tax not withheld and SECA,4.92736,nominal,Tennessee
2009,Income tax withheld and FICA,34.2187,nominal,Tennessee
2010,Business income taxes,4.53639,nominal,Tennessee
2010,"Estate, gift, excise and other",1.26367,nominal,Tennessee
2010,Income tax not withheld and SECA,4.47785,nominal,Tennessee
2010,Income tax withheld and FICA,34.2794,nominal,Tennessee
2011,Business income taxes,3.35094,nominal,Tennessee
2011,"Estate, gift, excise and other",1.31128,nominal,Tennessee
2011,Income tax not withheld and SECA,5.05128,nominal,Tennessee
2011,Income tax withheld and FICA,35.4761,nominal,Tennessee
2012,Business income taxes,3.90399,nominal,Tennessee
2012,"Estate, gift, excise and other",1.54256,nominal,Tennessee
2012,Income tax not withheld and SECA,5.225,nominal,Tennessee
2012,Income tax withheld and FICA,36.3388,nominal,Tennessee
2013,Business income taxes,5.51184,nominal,Tennessee
2013,"Estate, gift, excise and other",1.76925,nominal,Tennessee
2013,Income tax not withheld and SECA,6.45045,nominal,Tennessee
2013,Income tax withheld and FICA,40.1777,nominal,Tennessee
2014,Business income taxes,5.90508,nominal,Tennessee
2014,"Estate, gift, excise and other",1.99214,nominal,Tennessee
2014,Income tax not withheld and SECA,6.8468,nominal,Tennessee
2014,Income tax withheld and FICA,42.1927,nominal,Tennessee
2015,Business income taxes,7.00423,nominal,Tennessee
2015,"Estate, gift, excise and other",2.06315,nominal,Tennessee
2015,Income tax not withheld and SECA,8.16934,nominal,Tennessee
2015,Income tax withheld and FICA,45.4719,nominal,Tennessee
2016,Business income taxes,6.94046,nominal,Tennessee
2016,"Estate, gift, excise and other",2.09199,nominal,Tennessee
2016,Income tax not withheld and SECA,8.27505,nominal,Tennessee
2016,Income tax withheld and FICA,47.6952,nominal,Tennessee
2017,Business income taxes,6.89425,nominal,Tennessee
2017,"Estate, gift, excise and other",1.95656,nominal,Tennessee
2017,Income tax not withheld and SECA,8.88592,nominal,Tennessee
2017,Income tax withheld and FICA,51.3325,nominal,Tennessee
2018,Business income taxes,5.36533,nominal,Tennessee
2018,"Estate, gift, excise and other",2.56735,nominal,Tennessee
2018,Income tax not withheld and SECA,9.54532,nominal,Tennessee
2018,Income tax withheld and FICA,51.4102,nominal,Tennessee
2019,Business income taxes,4.68281,nominal,Tennessee
2019,"Estate, gift, excise and other",2.50324,nominal,Tennessee
2019,Income tax not withheld and SECA,10.0018,nominal,Tennessee
2019,Income tax withheld and FICA,52.5814,nominal,Tennessee
2020,Business income taxes,4.54508,nominal,Tennessee
2020,"Estate, gift, excise and other",2.51501,nominal,Tennessee
2020,Income tax not withheld and SECA,9.86745,nominal,Tennessee
2020,Income tax withheld and FICA,50.2186,nominal,Tennessee
2021,Business income taxes,8.87315,nominal,Tennessee
2021,"Estate, gift, excise and other",2.70309,nominal,Tennessee
2021,Income tax not withheld and SECA,13.405,nominal,Tennessee
2021,Income tax withheld and FICA,57.3813,nominal,Tennessee
2022,Business income taxes,7.9975,nominal,Tennessee
2022,"Estate, gift, excise and other",3.70917,nominal,Tennessee
2022,Income tax not withheld and SECA,18.1246,nominal,Tennessee
2022,Income tax withheld and FICA,65.5566,nominal,Tennessee
2023,Business income taxes,7.77409,nominal,Tennessee
2023,"Estate, gift, excise and other",3.65903,nominal,Tennessee
2023,Income tax not withheld and SECA,16.3864,nominal,Tennessee
2023,Income tax withheld and FICA,67.7436,nominal,Tennessee
2024,Business income taxes,8.48151,nominal,Tennessee
2024,"Estate, gift, excise and other",3.82842,nominal,Tennessee
2024,Income tax not withheld and SECA,19.4281,nominal,Tennessee
2024,Income tax withheld and FICA,69.1906,nominal,Tennessee
2025,Business income taxes,4.33093,nominal,Tennessee
2025,"Estate, gift, excise and other",3.6553,nominal,Tennessee
2025,Income tax not withheld and SECA,14.7507,nominal,Tennessee
2025,Income tax withheld and FICA,71.5894,nominal,Tennessee
1998,Business income taxes,14.5262,nominal,Texas
1998,"Estate, gift, excise and other",13.9024,nominal,Texas
1998,Income tax not withheld and SECA,21.9971,nominal,Texas
1998,Income tax withheld and FICA,71.9306,nominal,Texas
1999,Business income taxes,13.098,nominal,Texas
1999,"Estate, gift, excise and other",18.6439,nominal,Texas
1999,Income tax not withheld and SECA,23.6606,nominal,Texas
1999,Income tax withheld and FICA,80.2486,nominal,Texas
2000,Business income taxes,20.3107,nominal,Texas
2000,"Estate, gift, excise and other",16.9114,nominal,Texas
2000,Income tax not withheld and SECA,25.8537,nominal,Texas
2000,Income tax withheld and FICA,89.5076,nominal,Texas
2001,Business income taxes,17.5982,nominal,Texas
2001,"Estate, gift, excise and other",16.4607,nominal,Texas
2001,Income tax not withheld and SECA,28.9496,nominal,Texas
2001,Income tax withheld and FICA,98.1698,nominal,Texas
2002,Business income taxes,13.7025,nominal,Texas
2002,"Estate, gift, excise and other",16.0254,nominal,Texas
2002,Income tax not withheld and SECA,22.8141,nominal,Texas
2002,Income tax withheld and FICA,93.8982,nominal,Texas
2003,Business income taxes,11.4871,nominal,Texas
2003,"Estate, gift, excise and other",15.0006,nominal,Texas
2003,Income tax not withheld and SECA,19.7566,nominal,Texas
2003,Income tax withheld and FICA,95.6903,nominal,Texas
2004,Business income taxes,17.1276,nominal,Texas
2004,"Estate, gift, excise and other",18.3398,nominal,Texas
2004,Income tax not withheld and SECA,20.2925,nominal,Texas
2004,Income tax withheld and FICA,96.9313,nominal,Texas
2005,Business income taxes,29.1865,nominal,Texas
2005,"Estate, gift, excise and other",14.9203,nominal,Texas
2005,Income tax not withheld and SECA,25.4291,nominal,Texas
2005,Income tax withheld and FICA,99.8568,nominal,Texas
2006,Business income taxes,37.0045,nominal,Texas
2006,"Estate, gift, excise and other",23.434,nominal,Texas
2006,Income tax not withheld and SECA,31.9451,nominal,Texas
2006,Income tax withheld and FICA,112.353,nominal,Texas
2007,Business income taxes,41.8234,nominal,Texas
2007,"Estate, gift, excise and other",23.846,nominal,Texas
2007,Income tax not withheld and SECA,38.7383,nominal,Texas
2007,Income tax withheld and FICA,120.983,nominal,Texas
2008,Business income taxes,39.9717,nominal,Texas
2008,"Estate, gift, excise and other",18.4668,nominal,Texas
2008,Income tax not withheld and SECA,41.5619,nominal,Texas
2008,Income tax withheld and FICA,135.676,nominal,Texas
2009,Business income taxes,24.2352,nominal,Texas
2009,"Estate, gift, excise and other",20.6038,nominal,Texas
2009,Income tax not withheld and SECA,31.6868,nominal,Texas
2009,Income tax withheld and FICA,123.996,nominal,Texas
2010,Business income taxes,24.9914,nominal,Texas
2010,"Estate, gift, excise and other",19.0834,nominal,Texas
2010,Income tax not withheld and SECA,26.479,nominal,Texas
2010,Income tax withheld and FICA,118.588,nominal,Texas
2011,Business income taxes,21.8809,nominal,Texas
2011,"Estate, gift, excise and other",19.31,nominal,Texas
2011,Income tax not withheld and SECA,32.2134,nominal,Texas
2011,Income tax withheld and FICA,124.891,nominal,Texas
2012,Business income taxes,27.9843,nominal,Texas
2012,"Estate, gift, excise and other",22.6828,nominal,Texas
2012,Income tax not withheld and SECA,36.7058,nominal,Texas
2012,Income tax withheld and FICA,132.087,nominal,Texas
2013,Business income taxes,33.9332,nominal,Texas
2013,"Estate, gift, excise and other",24.9145,nominal,Texas
2013,Income tax not withheld and SECA,44.1356,nominal,Texas
2013,Income tax withheld and FICA,146.929,nominal,Texas
2014,Business income taxes,32.5855,nominal,Texas
2014,"Estate, gift, excise and other",26.1041,nominal,Texas
2014,Income tax not withheld and SECA,48.6323,nominal,Texas
2014,Income tax withheld and FICA,158.014,nominal,Texas
2015,Business income taxes,32.0838,nominal,Texas
2015,"Estate, gift, excise and other",26.6742,nominal,Texas
2015,Income tax not withheld and SECA,55.2704,nominal,Texas
2015,Income tax withheld and FICA,165.876,nominal,Texas
2016,Business income taxes,19.0217,nominal,Texas
2016,"Estate, gift, excise and other",27.8653,nominal,Texas
2016,Income tax not withheld and SECA,49.3254,nominal,Texas
2016,Income tax withheld and FICA,164.916,nominal,Texas
2017,Business income taxes,22.9396,nominal,Texas
2017,"Estate, gift, excise and other",27.5773,nominal,Texas
2017,Income tax not withheld and SECA,47.2556,nominal,Texas
2017,Income tax withheld and FICA,173.183,nominal,Texas
2018,Business income taxes,15.7563,nominal,Texas
2018,"Estate, gift, excise and other",29.8419,nominal,Texas
2018,Income tax not withheld and SECA,56.434,nominal,Texas
2018,Income tax withheld and FICA,178.016,nominal,Texas
2019,Business income taxes,18.4702,nominal,Texas
2019,"Estate, gift, excise and other",30.2342,nominal,Texas
2019,Income tax not withheld and SECA,56.3144,nominal,Texas
2019,Income tax withheld and FICA,187.311,nominal,Texas
2020,Business income taxes,14.5085,nominal,Texas
2020,"Estate, gift, excise and other",23.2725,nominal,Texas
2020,Income tax not withheld and SECA,52.8563,nominal,Texas
2020,Income tax withheld and FICA,184.848,nominal,Texas
2021,Business income taxes,27.144,nominal,Texas
2021,"Estate, gift, excise and other",25.3983,nominal,Texas
2021,Income tax not withheld and SECA,63.9216,nominal,Texas
2021,Income tax withheld and FICA,195.608,nominal,Texas
2022,Business income taxes,36.395,nominal,Texas
2022,"Estate, gift, excise and other",34.1953,nominal,Texas
2022,Income tax not withheld and SECA,94.3987,nominal,Texas
2022,Income tax withheld and FICA,235.879,nominal,Texas
2023,Business income taxes,33.5959,nominal,Texas
2023,"Estate, gift, excise and other",43.2653,nominal,Texas
2023,Income tax not withheld and SECA,90.0029,nominal,Texas
2023,Income tax withheld and FICA,246.147,nominal,Texas
2024,Business income taxes,30.7032,nominal,Texas
2024,"Estate, gift, excise and other",34.0223,nominal,Texas
2024,Income tax not withheld and SECA,86.4714,nominal,Texas
2024,Income tax withheld and FICA,266.238,nominal,Texas
2025,Business income taxes,37.0486,nominal,Texas
2025,"Estate, gift, excise and other",40.8226,nominal,Texas
2025,Income tax not withheld and SECA,103.036,nominal,Texas
2025,Income tax withheld and FICA,298.612,nominal,Texas
1998,Business income taxes,213.27,nominal,United States
1998,"Estate, gift, excise and other",81.5141,nominal,United States
1998,Income tax not withheld and SECA,314.168,nominal,United States
1998,Income tax withheld and FICA,1160.46,nominal,United States
1999,Business income taxes,216.325,nominal,United States
1999,"Estate, gift, excise and other",98.1604,nominal,United States
1999,Income tax not withheld and SECA,340.366,nominal,United States
1999,Income tax withheld and FICA,1249.3,nominal,United States
2000,Business income taxes,235.655,nominal,United States
2000,"Estate, gift, excise and other",96.281,nominal,United States
2000,Income tax not withheld and SECA,391.154,nominal,United States
2000,Income tax withheld and FICA,1373.83,nominal,United States
2001,Business income taxes,186.732,nominal,United States
2001,"Estate, gift, excise and other",93.4335,nominal,United States
2001,Income tax not withheld and SECA,419.408,nominal,United States
2001,Income tax withheld and FICA,1429.26,nominal,United States
2002,Business income taxes,211.438,nominal,United States
2002,"Estate, gift, excise and other",90.6914,nominal,United States
2002,Income tax not withheld and SECA,324.019,nominal,United States
2002,Income tax withheld and FICA,1390.48,nominal,United States
2003,Business income taxes,194.146,nominal,United States
2003,"Estate, gift, excise and other",86.5918,nominal,United States
2003,Income tax not withheld and SECA,289.569,nominal,United States
2003,Income tax withheld and FICA,1382.62,nominal,United States
2004,Business income taxes,230.619,nominal,United States
2004,"Estate, gift, excise and other",91.5261,nominal,United States
2004,Income tax not withheld and SECA,284.448,nominal,United States
2004,Income tax withheld and FICA,1411.91,nominal,United States
2005,Business income taxes,307.095,nominal,United States
2005,"Estate, gift, excise and other",94.3437,nominal,United States
2005,Income tax not withheld and SECA,363.939,nominal,United States
2005,Income tax withheld and FICA,1503.52,nominal,United States
2006,Business income taxes,380.925,nominal,United States
2006,"Estate, gift, excise and other",98.8837,nominal,United States
2006,Income tax not withheld and SECA,432.32,nominal,United States
2006,Income tax withheld and FICA,1606.55,nominal,United States
2007,Business income taxes,395.32,nominal,United States
2007,"Estate, gift, excise and other",92.1622,nominal,United States
2007,Income tax not withheld and SECA,485.136,nominal,United States
2007,Income tax withheld and FICA,1716.33,nominal,United States
2008,Business income taxes,354.063,nominal,United States
2008,"Estate, gift, excise and other",93.8017,nominal,United States
2008,Income tax not withheld and SECA,506.046,nominal,United States
2008,Income tax withheld and FICA,1788.28,nominal,United States
2009,Business income taxes,225.482,nominal,United States
2009,"Estate, gift, excise and other",97.7454,nominal,United States
2009,Income tax not withheld and SECA,348.583,nominal,United States
2009,Income tax withheld and FICA,1673.53,nominal,United States
2010,Business income taxes,277.937,nominal,United States
2010,"Estate, gift, excise and other",90.4338,nominal,United States
2010,Income tax not withheld and SECA,315.361,nominal,United States
2010,Income tax withheld and FICA,1661.32,nominal,United States
2011,Business income taxes,242.848,nominal,United States
2011,"Estate, gift, excise and other",85.0243,nominal,United States
2011,Income tax not withheld and SECA,364.819,nominal,United States
2011,Income tax withheld and FICA,1722.26,nominal,United States
2012,Business income taxes,281.462,nominal,United States
2012,"Estate, gift, excise and other",98.9914,nominal,United States
2012,Income tax not withheld and SECA,377.16,nominal,United States
2012,Income tax withheld and FICA,1766.71,nominal,United States
2013,Business income taxes,311.994,nominal,United States
2013,"Estate, gift, excise and other",118.967,nominal,United States
2013,Income tax not withheld and SECA,470.353,nominal,United States
2013,Income tax withheld and FICA,1953.75,nominal,United States
2014,Business income taxes,353.141,nominal,United States
2014,"Estate, gift, excise and other",135.289,nominal,United States
2014,Income tax not withheld and SECA,508.124,nominal,United States
2014,Income tax withheld and FICA,2067.75,nominal,United States
2015,Business income taxes,389.889,nominal,United States
2015,"Estate, gift, excise and other",146.23,nominal,United States
2015,Income tax not withheld and SECA,582.95,nominal,United States
2015,Income tax withheld and FICA,2183.61,nominal,United States
2016,Business income taxes,345.552,nominal,United States
2016,"Estate, gift, excise and other",142.247,nominal,United States
2016,Income tax not withheld and SECA,577.728,nominal,United States
2016,Income tax withheld and FICA,2267.92,nominal,United States
2017,Business income taxes,338.529,nominal,United States
2017,"Estate, gift, excise and other",130.55,nominal,United States
2017,Income tax not withheld and SECA,568.851,nominal,United States
2017,Income tax withheld and FICA,2378.78,nominal,United States
2018,Business income taxes,262.742,nominal,United States
2018,"Estate, gift, excise and other",151.17,nominal,United States
2018,Income tax not withheld and SECA,648.657,nominal,United States
2018,Income tax withheld and FICA,2402.9,nominal,United States
2019,Business income taxes,277.058,nominal,United States
2019,"Estate, gift, excise and other",150.447,nominal,United States
2019,Income tax not withheld and SECA,656.989,nominal,United States
2019,Income tax withheld and FICA,2480.09,nominal,United States
2020,Business income taxes,263.563,nominal,United States
2020,"Estate, gift, excise and other",135.439,nominal,United States
2020,Income tax not withheld and SECA,637.66,nominal,United States
2020,Income tax withheld and FICA,2456.41,nominal,United States
2021,Business income taxes,419.009,nominal,United States
2021,"Estate, gift, excise and other",151.921,nominal,United States
2021,Income tax not withheld and SECA,834.341,nominal,United States
2021,Income tax withheld and FICA,2706.3,nominal,United States
2022,Business income taxes,475.871,nominal,United States
2022,"Estate, gift, excise and other",202.389,nominal,United States
2022,Income tax not withheld and SECA,1134,nominal,United States
2022,Income tax withheld and FICA,3089.26,nominal,United States
2023,Business income taxes,456.941,nominal,United States
2023,"Estate, gift, excise and other",177.098,nominal,United States
2023,Income tax not withheld and SECA,860.714,nominal,United States
2023,Income tax withheld and FICA,3199.58,nominal,United States
2024,Business income taxes,565.086,nominal,United States
2024,"Estate, gift, excise and other",184.695,nominal,United States
2024,Income tax not withheld and SECA,999.781,nominal,United States
2024,Income tax withheld and FICA,3350.93,nominal,United States
2025,Business income taxes,486.384,nominal,United States
2025,"Estate, gift, excise and other",212.337,nominal,United States
2025,Income tax not withheld and SECA,1078.15,nominal,United States
2025,Income tax withheld and FICA,3536.89,nominal,United States
1998,Business income taxes,0.758817,nominal,Utah
1998,"Estate, gift, excise and other",0.275978,nominal,Utah
1998,Income tax not withheld and SECA,1.90052,nominal,Utah
1998,Income tax withheld and FICA,6.27381,nominal,Utah
1999,Business income taxes,0.919882,nominal,Utah
1999,"Estate, gift, excise and other",0.438201,nominal,Utah
1999,Income tax not withheld and SECA,1.81979,nominal,Utah
1999,Income tax withheld and FICA,6.91133,nominal,Utah
2000,Business income taxes,0.709913,nominal,Utah
2000,"Estate, gift, excise and other",0.621156,nominal,Utah
2000,Income tax not withheld and SECA,2.00397,nominal,Utah
2000,Income tax withheld and FICA,6.68765,nominal,Utah
2001,Business income taxes,0.41392,nominal,Utah
2001,"Estate, gift, excise and other",0.364645,nominal,Utah
2001,Income tax not withheld and SECA,1.9726,nominal,Utah
2001,Income tax withheld and FICA,6.97309,nominal,Utah
2002,Business income taxes,0.573944,nominal,Utah
2002,"Estate, gift, excise and other",0.359954,nominal,Utah
2002,Income tax not withheld and SECA,1.64599,nominal,Utah
2002,Income tax withheld and FICA,6.53804,nominal,Utah
2003,Business income taxes,0.694274,nominal,Utah
2003,"Estate, gift, excise and other",0.31146,nominal,Utah
2003,Income tax not withheld and SECA,1.54614,nominal,Utah
2003,Income tax withheld and FICA,6.75366,nominal,Utah
2004,Business income taxes,0.648792,nominal,Utah
2004,"Estate, gift, excise and other",0.31538,nominal,Utah
2004,Income tax not withheld and SECA,1.58927,nominal,Utah
2004,Income tax withheld and FICA,7.04016,nominal,Utah
2005,Business income taxes,0.778071,nominal,Utah
2005,"Estate, gift, excise and other",1.44245,nominal,Utah
2005,Income tax not withheld and SECA,1.98104,nominal,Utah
2005,Income tax withheld and FICA,7.44691,nominal,Utah
2006,Business income taxes,1.14356,nominal,Utah
2006,"Estate, gift, excise and other",0.796091,nominal,Utah
2006,Income tax not withheld and SECA,2.87524,nominal,Utah
2006,Income tax withheld and FICA,8.42602,nominal,Utah
2007,Business income taxes,1.24787,nominal,Utah
2007,"Estate, gift, excise and other",1.02717,nominal,Utah
2007,Income tax not withheld and SECA,3.27001,nominal,Utah
2007,Income tax withheld and FICA,9.5186,nominal,Utah
2008,Business income taxes,1.99758,nominal,Utah
2008,"Estate, gift, excise and other",0.997719,nominal,Utah
2008,Income tax not withheld and SECA,3.35155,nominal,Utah
2008,Income tax withheld and FICA,10.7781,nominal,Utah
2009,Business income taxes,0.686104,nominal,Utah
2009,"Estate, gift, excise and other",0.778546,nominal,Utah
2009,Income tax not withheld and SECA,2.28019,nominal,Utah
2009,Income tax withheld and FICA,10.526,nominal,Utah
2010,Business income taxes,0.91828,nominal,Utah
2010,"Estate, gift, excise and other",0.480988,nominal,Utah
2010,Income tax not withheld and SECA,2.04058,nominal,Utah
2010,Income tax withheld and FICA,10.0883,nominal,Utah
2011,Business income taxes,1.60289,nominal,Utah
2011,"Estate, gift, excise and other",0.587056,nominal,Utah
2011,Income tax not withheld and SECA,2.12786,nominal,Utah
2011,Income tax withheld and FICA,10.3831,nominal,Utah
2012,Business income taxes,1.80952,nominal,Utah
2012,"Estate, gift, excise and other",0.697237,nominal,Utah
2012,Income tax not withheld and SECA,2.27749,nominal,Utah
2012,Income tax withheld and FICA,10.8579,nominal,Utah
2013,Business income taxes,1.52628,nominal,Utah
2013,"Estate, gift, excise and other",0.806159,nominal,Utah
2013,Income tax not withheld and SECA,3.1344,nominal,Utah
2013,Income tax withheld and FICA,12.1909,nominal,Utah
2014,Business income taxes,1.55784,nominal,Utah
2014,"Estate, gift, excise and other",0.828058,nominal,Utah
2014,Income tax not withheld and SECA,3.28426,nominal,Utah
2014,Income tax withheld and FICA,12.719,nominal,Utah
2015,Business income taxes,1.31243,nominal,Utah
2015,"Estate, gift, excise and other",1.00528,nominal,Utah
2015,Income tax not withheld and SECA,3.96137,nominal,Utah
2015,Income tax withheld and FICA,13.8996,nominal,Utah
2016,Business income taxes,1.25258,nominal,Utah
2016,"Estate, gift, excise and other",0.886096,nominal,Utah
2016,Income tax not withheld and SECA,4.08852,nominal,Utah
2016,Income tax withheld and FICA,14.9024,nominal,Utah
2017,Business income taxes,1.30279,nominal,Utah
2017,"Estate, gift, excise and other",0.919192,nominal,Utah
2017,Income tax not withheld and SECA,4.43973,nominal,Utah
2017,Income tax withheld and FICA,15.824,nominal,Utah
2018,Business income taxes,0.992792,nominal,Utah
2018,"Estate, gift, excise and other",0.984116,nominal,Utah
2018,Income tax not withheld and SECA,4.85088,nominal,Utah
2018,Income tax withheld and FICA,16.5736,nominal,Utah
2019,Business income taxes,0.890527,nominal,Utah
2019,"Estate, gift, excise and other",0.940464,nominal,Utah
2019,Income tax not withheld and SECA,4.89247,nominal,Utah
2019,Income tax withheld and FICA,17.6116,nominal,Utah
2020,Business income taxes,1.10044,nominal,Utah
2020,"Estate, gift, excise and other",0.82585,nominal,Utah
2020,Income tax not withheld and SECA,5.53889,nominal,Utah
2020,Income tax withheld and FICA,17.6727,nominal,Utah
2021,Business income taxes,1.58704,nominal,Utah
2021,"Estate, gift, excise and other",1.00056,nominal,Utah
2021,Income tax not withheld and SECA,7.64782,nominal,Utah
2021,Income tax withheld and FICA,21.3015,nominal,Utah
2022,Business income taxes,1.64345,nominal,Utah
2022,"Estate, gift, excise and other",1.22811,nominal,Utah
2022,Income tax not withheld and SECA,10.9126,nominal,Utah
2022,Income tax withheld and FICA,24.2846,nominal,Utah
2023,Business income taxes,1.94541,nominal,Utah
2023,"Estate, gift, excise and other",0.83432,nominal,Utah
2023,Income tax not withheld and SECA,8.40028,nominal,Utah
2023,Income tax withheld and FICA,25.8121,nominal,Utah
2024,Business income taxes,1.87447,nominal,Utah
2024,"Estate, gift, excise and other",0.754444,nominal,Utah
2024,Income tax not withheld and SECA,8.64876,nominal,Utah
2024,Income tax withheld and FICA,27.0179,nominal,Utah
2025,Business income taxes,2.49192,nominal,Utah
2025,"Estate, gift, excise and other",1.20929,nominal,Utah
2025,Income tax not withheld and SECA,10.2366,nominal,Utah
2025,Income tax withheld and FICA,29.0746,nominal,Utah
1998,Business income taxes,0.227313,nominal,Vermont
1998,"Estate, gift, excise and other",0.0772468,nominal,Vermont
1998,Income tax not withheld and SECA,0.608577,nominal,Vermont
1998,Income tax withheld and FICA,1.70135,nominal,Vermont
1999,Business income taxes,0.286281,nominal,Vermont
1999,"Estate, gift, excise and other",0.130169,nominal,Vermont
1999,Income tax not withheld and SECA,0.645025,nominal,Vermont
1999,Income tax withheld and FICA,1.84313,nominal,Vermont
2000,Business income taxes,0.612193,nominal,Vermont
2000,"Estate, gift, excise and other",0.12544,nominal,Vermont
2000,Income tax not withheld and SECA,0.727616,nominal,Vermont
2000,Income tax withheld and FICA,2.00195,nominal,Vermont
2001,Business income taxes,0.238846,nominal,Vermont
2001,"Estate, gift, excise and other",0.0857011,nominal,Vermont
2001,Income tax not withheld and SECA,0.784134,nominal,Vermont
2001,Income tax withheld and FICA,2.27209,nominal,Vermont
2002,Business income taxes,0.168557,nominal,Vermont
2002,"Estate, gift, excise and other",0.110437,nominal,Vermont
2002,Income tax not withheld and SECA,0.627025,nominal,Vermont
2002,Income tax withheld and FICA,2.10114,nominal,Vermont
2003,Business income taxes,0.196133,nominal,Vermont
2003,"Estate, gift, excise and other",0.105817,nominal,Vermont
2003,Income tax not withheld and SECA,0.569603,nominal,Vermont
2003,Income tax withheld and FICA,2.16377,nominal,Vermont
2004,Business income taxes,0.226227,nominal,Vermont
2004,"Estate, gift, excise and other",0.0996107,nominal,Vermont
2004,Income tax not withheld and SECA,0.539877,nominal,Vermont
2004,Income tax withheld and FICA,2.21363,nominal,Vermont
2005,Business income taxes,0.235105,nominal,Vermont
2005,"Estate, gift, excise and other",0.090952,nominal,Vermont
2005,Income tax not withheld and SECA,0.646322,nominal,Vermont
2005,Income tax withheld and FICA,2.33899,nominal,Vermont
2006,Business income taxes,0.193703,nominal,Vermont
2006,"Estate, gift, excise and other",0.0919576,nominal,Vermont
2006,Income tax not withheld and SECA,0.76629,nominal,Vermont
2006,Income tax withheld and FICA,2.55368,nominal,Vermont
2007,Business income taxes,0.176827,nominal,Vermont
2007,"Estate, gift, excise and other",0.104511,nominal,Vermont
2007,Income tax not withheld and SECA,0.879501,nominal,Vermont
2007,Income tax withheld and FICA,2.64527,nominal,Vermont
2008,Business income taxes,0.202432,nominal,Vermont
2008,"Estate, gift, excise and other",0.0764357,nominal,Vermont
2008,Income tax not withheld and SECA,0.918821,nominal,Vermont
2008,Income tax withheld and FICA,2.52403,nominal,Vermont
2009,Business income taxes,0.209377,nominal,Vermont
2009,"Estate, gift, excise and other",0.119894,nominal,Vermont
2009,Income tax not withheld and SECA,0.629036,nominal,Vermont
2009,Income tax withheld and FICA,2.40832,nominal,Vermont
2010,Business income taxes,0.201278,nominal,Vermont
2010,"Estate, gift, excise and other",0.0615669,nominal,Vermont
2010,Income tax not withheld and SECA,0.544562,nominal,Vermont
2010,Income tax withheld and FICA,2.40113,nominal,Vermont
2011,Business income taxes,0.200691,nominal,Vermont
2011,"Estate, gift, excise and other",0.054281,nominal,Vermont
2011,Income tax not withheld and SECA,0.604664,nominal,Vermont
2011,Income tax withheld and FICA,2.47371,nominal,Vermont
2012,Business income taxes,0.255605,nominal,Vermont
2012,"Estate, gift, excise and other",0.060571,nominal,Vermont
2012,Income tax not withheld and SECA,0.678201,nominal,Vermont
2012,Income tax withheld and FICA,2.53051,nominal,Vermont
2013,Business income taxes,0.320442,nominal,Vermont
2013,"Estate, gift, excise and other",0.156007,nominal,Vermont
2013,Income tax not withheld and SECA,0.754383,nominal,Vermont
2013,Income tax withheld and FICA,2.81502,nominal,Vermont
2014,Business income taxes,0.351999,nominal,Vermont
2014,"Estate, gift, excise and other",0.105056,nominal,Vermont
2014,Income tax not withheld and SECA,0.822239,nominal,Vermont
2014,Income tax withheld and FICA,3.04532,nominal,Vermont
2015,Business income taxes,0.359193,nominal,Vermont
2015,"Estate, gift, excise and other",0.088718,nominal,Vermont
2015,Income tax not withheld and SECA,0.936599,nominal,Vermont
2015,Income tax withheld and FICA,3.11077,nominal,Vermont
2016,Business income taxes,0.2,nominal,Vermont
2016,"Estate, gift, excise and other",0.118219,nominal,Vermont
2016,Income tax not withheld and SECA,0.88405,nominal,Vermont
2016,Income tax withheld and FICA,3.25858,nominal,Vermont
2017,Business income taxes,0.242481,nominal,Vermont
2017,"Estate, gift, excise and other",0.061307,nominal,Vermont
2017,Income tax not withheld and SECA,0.854479,nominal,Vermont
2017,Income tax withheld and FICA,3.26468,nominal,Vermont
2018,Business income taxes,0.081587,nominal,Vermont
2018,"Estate, gift, excise and other",0.102307,nominal,Vermont
2018,Income tax not withheld and SECA,1.0233,nominal,Vermont
2018,Income tax withheld and FICA,3.21033,nominal,Vermont
2019,Business income taxes,0.146603,nominal,Vermont
2019,"Estate, gift, excise and other",0.09075,nominal,Vermont
2019,Income tax not withheld and SECA,1.00866,nominal,Vermont
2019,Income tax withheld and FICA,3.25908,nominal,Vermont
2020,Business income taxes,0.121707,nominal,Vermont
2020,"Estate, gift, excise and other",0.12687,nominal,Vermont
2020,Income tax not withheld and SECA,0.996445,nominal,Vermont
2020,Income tax withheld and FICA,3.2306,nominal,Vermont
2021,Business income taxes,0.200988,nominal,Vermont
2021,"Estate, gift, excise and other",0.128219,nominal,Vermont
2021,Income tax not withheld and SECA,1.1744,nominal,Vermont
2021,Income tax withheld and FICA,3.4983,nominal,Vermont
2022,Business income taxes,0.189861,nominal,Vermont
2022,"Estate, gift, excise and other",0.15213,nominal,Vermont
2022,Income tax not withheld and SECA,1.66186,nominal,Vermont
2022,Income tax withheld and FICA,3.79943,nominal,Vermont
2023,Business income taxes,0.338538,nominal,Vermont
2023,"Estate, gift, excise and other",0.110822,nominal,Vermont
2023,Income tax not withheld and SECA,1.38933,nominal,Vermont
2023,Income tax withheld and FICA,3.82205,nominal,Vermont
2024,Business income taxes,0.409883,nominal,Vermont
2024,"Estate, gift, excise and other",0.110294,nominal,Vermont
2024,Income tax not withheld and SECA,1.55232,nominal,Vermont
2024,Income tax withheld and FICA,3.97613,nominal,Vermont
2025,Business income taxes,0.307676,nominal,Vermont
2025,"Estate, gift, excise and other",0.172483,nominal,Vermont
2025,Income tax not withheld and SECA,1.85885,nominal,Vermont
2025,Income tax withheld and FICA,4.11256,nominal,Vermont
1998,Business income taxes,4.79963,nominal,Virginia
1998,"Estate, gift, excise and other",2.49628,nominal,Virginia
1998,Income tax not withheld and SECA,6.64992,nominal,Virginia
1998,Income tax withheld and FICA,25.9522,nominal,Virginia
1999,Business income taxes,5.07862,nominal,Virginia
1999,"Estate, gift, excise and other",2.88094,nominal,Virginia
1999,Income tax not withheld and SECA,7.7564,nominal,Virginia
1999,Income tax withheld and FICA,31.7301,nominal,Virginia
2000,Business income taxes,5.21882,nominal,Virginia
2000,"Estate, gift, excise and other",2.07878,nominal,Virginia
2000,Income tax not withheld and SECA,8.92964,nominal,Virginia
2000,Income tax withheld and FICA,33.8642,nominal,Virginia
2001,Business income taxes,4.02468,nominal,Virginia
2001,"Estate, gift, excise and other",2.66377,nominal,Virginia
2001,Income tax not withheld and SECA,9.21585,nominal,Virginia
2001,Income tax withheld and FICA,35.472,nominal,Virginia
2002,Business income taxes,6.89963,nominal,Virginia
2002,"Estate, gift, excise and other",2.70354,nominal,Virginia
2002,Income tax not withheld and SECA,7.57549,nominal,Virginia
2002,Income tax withheld and FICA,32.4802,nominal,Virginia
2003,Business income taxes,7.24976,nominal,Virginia
2003,"Estate, gift, excise and other",1.33249,nominal,Virginia
2003,Income tax not withheld and SECA,7.41604,nominal,Virginia
2003,Income tax withheld and FICA,31.0966,nominal,Virginia
2004,Business income taxes,4.89557,nominal,Virginia
2004,"Estate, gift, excise and other",1.44128,nominal,Virginia
2004,Income tax not withheld and SECA,7.3615,nominal,Virginia
2004,Income tax withheld and FICA,33.3182,nominal,Virginia
2005,Business income taxes,6.38684,nominal,Virginia
2005,"Estate, gift, excise and other",2.7664,nominal,Virginia
2005,Income tax not withheld and SECA,9.41574,nominal,Virginia
2005,Income tax withheld and FICA,35.8615,nominal,Virginia
2006,Business income taxes,8.86788,nominal,Virginia
2006,"Estate, gift, excise and other",2.77811,nominal,Virginia
2006,Income tax not withheld and SECA,11.0226,nominal,Virginia
2006,Income tax withheld and FICA,38.6385,nominal,Virginia
2007,Business income taxes,8.0186,nominal,Virginia
2007,"Estate, gift, excise and other",1.45176,nominal,Virginia
2007,Income tax not withheld and SECA,11.7412,nominal,Virginia
2007,Income tax withheld and FICA,40.7784,nominal,Virginia
2008,Business income taxes,11.631,nominal,Virginia
2008,"Estate, gift, excise and other",1.71047,nominal,Virginia
2008,Income tax not withheld and SECA,11.8972,nominal,Virginia
2008,Income tax withheld and FICA,41.6269,nominal,Virginia
2009,Business income taxes,7.2299,nominal,Virginia
2009,"Estate, gift, excise and other",1.64202,nominal,Virginia
2009,Income tax not withheld and SECA,8.85109,nominal,Virginia
2009,Income tax withheld and FICA,40.8753,nominal,Virginia
2010,Business income taxes,7.04789,nominal,Virginia
2010,"Estate, gift, excise and other",1.34123,nominal,Virginia
2010,Income tax not withheld and SECA,8.37245,nominal,Virginia
2010,Income tax withheld and FICA,41.1932,nominal,Virginia
2011,Business income taxes,6.53277,nominal,Virginia
2011,"Estate, gift, excise and other",1.256,nominal,Virginia
2011,Income tax not withheld and SECA,9.48294,nominal,Virginia
2011,Income tax withheld and FICA,42.8023,nominal,Virginia
2012,Business income taxes,9.99406,nominal,Virginia
2012,"Estate, gift, excise and other",1.31277,nominal,Virginia
2012,Income tax not withheld and SECA,9.71299,nominal,Virginia
2012,Income tax withheld and FICA,43.2776,nominal,Virginia
2013,Business income taxes,10.5146,nominal,Virginia
2013,"Estate, gift, excise and other",1.86416,nominal,Virginia
2013,Income tax not withheld and SECA,11.3757,nominal,Virginia
2013,Income tax withheld and FICA,47.6108,nominal,Virginia
2014,Business income taxes,11.3781,nominal,Virginia
2014,"Estate, gift, excise and other",1.8081,nominal,Virginia
2014,Income tax not withheld and SECA,11.9335,nominal,Virginia
2014,Income tax withheld and FICA,49.9291,nominal,Virginia
2015,Business income taxes,11.7761,nominal,Virginia
2015,"Estate, gift, excise and other",2.03947,nominal,Virginia
2015,Income tax not withheld and SECA,13.7347,nominal,Virginia
2015,Income tax withheld and FICA,52.6925,nominal,Virginia
2016,Business income taxes,12.8456,nominal,Virginia
2016,"Estate, gift, excise and other",1.92778,nominal,Virginia
2016,Income tax not withheld and SECA,13.8665,nominal,Virginia
2016,Income tax withheld and FICA,54.9771,nominal,Virginia
2017,Business income taxes,14.0235,nominal,Virginia
2017,"Estate, gift, excise and other",1.69197,nominal,Virginia
2017,Income tax not withheld and SECA,13.7593,nominal,Virginia
2017,Income tax withheld and FICA,57.709,nominal,Virginia
2018,Business income taxes,9.69635,nominal,Virginia
2018,"Estate, gift, excise and other",1.99684,nominal,Virginia
2018,Income tax not withheld and SECA,15.2881,nominal,Virginia
2018,Income tax withheld and FICA,57.8637,nominal,Virginia
2019,Business income taxes,6.96881,nominal,Virginia
2019,"Estate, gift, excise and other",1.80741,nominal,Virginia
2019,Income tax not withheld and SECA,15.9795,nominal,Virginia
2019,Income tax withheld and FICA,58.8187,nominal,Virginia
2020,Business income taxes,7.4978,nominal,Virginia
2020,"Estate, gift, excise and other",1.72137,nominal,Virginia
2020,Income tax not withheld and SECA,16.1178,nominal,Virginia
2020,Income tax withheld and FICA,59.5575,nominal,Virginia
2021,Business income taxes,15.9452,nominal,Virginia
2021,"Estate, gift, excise and other",1.9572,nominal,Virginia
2021,Income tax not withheld and SECA,20.0441,nominal,Virginia
2021,Income tax withheld and FICA,70.121,nominal,Virginia
2022,Business income taxes,14.1059,nominal,Virginia
2022,"Estate, gift, excise and other",2.19793,nominal,Virginia
2022,Income tax not withheld and SECA,26.8176,nominal,Virginia
2022,Income tax withheld and FICA,74.3878,nominal,Virginia
2023,Business income taxes,11.8039,nominal,Virginia
2023,"Estate, gift, excise and other",1.48698,nominal,Virginia
2023,Income tax not withheld and SECA,21.9559,nominal,Virginia
2023,Income tax withheld and FICA,78.7439,nominal,Virginia
2024,Business income taxes,13.9645,nominal,Virginia
2024,"Estate, gift, excise and other",1.73555,nominal,Virginia
2024,Income tax not withheld and SECA,23.7278,nominal,Virginia
2024,Income tax withheld and FICA,82.8385,nominal,Virginia
2025,Business income taxes,11.0945,nominal,Virginia
2025,"Estate, gift, excise and other",2.40965,nominal,Virginia
2025,Income tax not withheld and SECA,27.2175,nominal,Virginia
2025,Income tax withheld and FICA,85.2233,nominal,Virginia
1998,Business income taxes,2.88951,nominal,Washington
1998,"Estate, gift, excise and other",1.03937,nominal,Washington
1998,Income tax not withheld and SECA,7.6656,nominal,Washington
1998,Income tax withheld and FICA,25.387,nominal,Washington
1999,Business income taxes,3.79489,nominal,Washington
1999,"Estate, gift, excise and other",1.29478,nominal,Washington
1999,Income tax not withheld and SECA,8.88749,nominal,Washington
1999,Income tax withheld and FICA,29.4148,nominal,Washington
2000,Business income taxes,3.33594,nominal,Washington
2000,"Estate, gift, excise and other",1.33189,nominal,Washington
2000,Income tax not withheld and SECA,11.0038,nominal,Washington
2000,Income tax withheld and FICA,32.1731,nominal,Washington
2001,Business income taxes,2.41761,nominal,Washington
2001,"Estate, gift, excise and other",1.18243,nominal,Washington
2001,Income tax not withheld and SECA,10.1265,nominal,Washington
2001,Income tax withheld and FICA,30.7028,nominal,Washington
2002,Business income taxes,5.3346,nominal,Washington
2002,"Estate, gift, excise and other",1.34792,nominal,Washington
2002,Income tax not withheld and SECA,7.44446,nominal,Washington
2002,Income tax withheld and FICA,28.1977,nominal,Washington
2003,Business income taxes,5.26996,nominal,Washington
2003,"Estate, gift, excise and other",1.17741,nominal,Washington
2003,Income tax not withheld and SECA,6.8079,nominal,Washington
2003,Income tax withheld and FICA,28.6509,nominal,Washington
2004,Business income taxes,5.54447,nominal,Washington
2004,"Estate, gift, excise and other",1.51505,nominal,Washington
2004,Income tax not withheld and SECA,6.53156,nominal,Washington
2004,Income tax withheld and FICA,28.5769,nominal,Washington
2005,Business income taxes,7.10464,nominal,Washington
2005,"Estate, gift, excise and other",1.62529,nominal,Washington
2005,Income tax not withheld and SECA,8.56332,nominal,Washington
2005,Income tax withheld and FICA,28.7035,nominal,Washington
2006,Business income taxes,8.73722,nominal,Washington
2006,"Estate, gift, excise and other",1.76062,nominal,Washington
2006,Income tax not withheld and SECA,10.9677,nominal,Washington
2006,Income tax withheld and FICA,35.2665,nominal,Washington
2007,Business income taxes,10.0061,nominal,Washington
2007,"Estate, gift, excise and other",1.41733,nominal,Washington
2007,Income tax not withheld and SECA,11.6368,nominal,Washington
2007,Income tax withheld and FICA,34.3895,nominal,Washington
2008,Business income taxes,11.7946,nominal,Washington
2008,"Estate, gift, excise and other",1.45552,nominal,Washington
2008,Income tax not withheld and SECA,13.1719,nominal,Washington
2008,Income tax withheld and FICA,40.4653,nominal,Washington
2009,Business income taxes,5.16165,nominal,Washington
2009,"Estate, gift, excise and other",1.24497,nominal,Washington
2009,Income tax not withheld and SECA,8.44281,nominal,Washington
2009,Income tax withheld and FICA,33.7383,nominal,Washington
2010,Business income taxes,4.52642,nominal,Washington
2010,"Estate, gift, excise and other",1.14127,nominal,Washington
2010,Income tax not withheld and SECA,7.5395200000000004,nominal,Washington
2010,Income tax withheld and FICA,35.2299,nominal,Washington
2011,Business income taxes,4.79373,nominal,Washington
2011,"Estate, gift, excise and other",1.17605,nominal,Washington
2011,Income tax not withheld and SECA,9.38939,nominal,Washington
2011,Income tax withheld and FICA,37.1724,nominal,Washington
2012,Business income taxes,3.79398,nominal,Washington
2012,"Estate, gift, excise and other",1.36517,nominal,Washington
2012,Income tax not withheld and SECA,8.75598,nominal,Washington
2012,Income tax withheld and FICA,38.5287,nominal,Washington
2013,Business income taxes,4.21284,nominal,Washington
2013,"Estate, gift, excise and other",1.60283,nominal,Washington
2013,Income tax not withheld and SECA,11.8986,nominal,Washington
2013,Income tax withheld and FICA,42.1659,nominal,Washington
2014,Business income taxes,5.61279,nominal,Washington
2014,"Estate, gift, excise and other",1.99228,nominal,Washington
2014,Income tax not withheld and SECA,13.1339,nominal,Washington
2014,Income tax withheld and FICA,47.0738,nominal,Washington
2015,Business income taxes,6.28948,nominal,Washington
2015,"Estate, gift, excise and other",2.18157,nominal,Washington
2015,Income tax not withheld and SECA,14.1823,nominal,Washington
2015,Income tax withheld and FICA,50.6811,nominal,Washington
2016,Business income taxes,5.25072,nominal,Washington
2016,"Estate, gift, excise and other",2.01543,nominal,Washington
2016,Income tax not withheld and SECA,15.3942,nominal,Washington
2016,Income tax withheld and FICA,54.4231,nominal,Washington
2017,Business income taxes,6.98581,nominal,Washington
2017,"Estate, gift, excise and other",2.21095,nominal,Washington
2017,Income tax not withheld and SECA,16.2635,nominal,Washington
2017,Income tax withheld and FICA,60.4154,nominal,Washington
2018,Business income taxes,4.9449,nominal,Washington
2018,"Estate, gift, excise and other",2.47954,nominal,Washington
2018,Income tax not withheld and SECA,18.0202,nominal,Washington
2018,Income tax withheld and FICA,64.9594,nominal,Washington
2019,Business income taxes,9.8775,nominal,Washington
2019,"Estate, gift, excise and other",2.9464,nominal,Washington
2019,Income tax not withheld and SECA,18.0709,nominal,Washington
2019,Income tax withheld and FICA,69.715,nominal,Washington
2020,Business income taxes,7.77146,nominal,Washington
2020,"Estate, gift, excise and other",2.6749,nominal,Washington
2020,Income tax not withheld and SECA,18.7158,nominal,Washington
2020,Income tax withheld and FICA,71.8798,nominal,Washington
2021,Business income taxes,12.6726,nominal,Washington
2021,"Estate, gift, excise and other",2.34162,nominal,Washington
2021,Income tax not withheld and SECA,23.6207,nominal,Washington
2021,Income tax withheld and FICA,81.2275,nominal,Washington
2022,Business income taxes,15.7379,nominal,Washington
2022,"Estate, gift, excise and other",4.23068,nominal,Washington
2022,Income tax not withheld and SECA,32.1117,nominal,Washington
2022,Income tax withheld and FICA,96.3862,nominal,Washington
2023,Business income taxes,24.0989,nominal,Washington
2023,"Estate, gift, excise and other",3.71969,nominal,Washington
2023,Income tax not withheld and SECA,23.6063,nominal,Washington
2023,Income tax withheld and FICA,104.017,nominal,Washington
2024,Business income taxes,23.1586,nominal,Washington
2024,"Estate, gift, excise and other",3.48993,nominal,Washington
2024,Income tax not withheld and SECA,23.8966,nominal,Washington
2024,Income tax withheld and FICA,110.785,nominal,Washington
2025,Business income taxes,26.1393,nominal,Washington
2025,"Estate, gift, excise and other",4.79994,nominal,Washington
2025,Income tax not withheld and SECA,28.1761,nominal,Washington
2025,Income tax withheld and FICA,113.179,nominal,Washington
1998,Business income taxes,0.291564,nominal,West Virginia
1998,"Estate, gift, excise and other",0.199742,nominal,West Virginia
1998,Income tax not withheld and SECA,0.972063,nominal,West Virginia
1998,Income tax withheld and FICA,3.34555,nominal,West Virginia
1999,Business income taxes,0.289314,nominal,West Virginia
1999,"Estate, gift, excise and other",0.197588,nominal,West Virginia
1999,Income tax not withheld and SECA,1.0085,nominal,West Virginia
1999,Income tax withheld and FICA,3.37301,nominal,West Virginia
2000,Business income taxes,0.267499,nominal,West Virginia
2000,"Estate, gift, excise and other",0.194206,nominal,West Virginia
2000,Income tax not withheld and SECA,1.03977,nominal,West Virginia
2000,Income tax withheld and FICA,3.51455,nominal,West Virginia
2001,Business income taxes,0.21077099999999999,nominal,West Virginia
2001,"Estate, gift, excise and other",0.172664,nominal,West Virginia
2001,Income tax not withheld and SECA,1.06809,nominal,West Virginia
2001,Income tax withheld and FICA,3.64426,nominal,West Virginia
2002,Business income taxes,0.233721,nominal,West Virginia
2002,"Estate, gift, excise and other",0.171588,nominal,West Virginia
2002,Income tax not withheld and SECA,0.989645,nominal,West Virginia
2002,Income tax withheld and FICA,3.5329,nominal,West Virginia
2003,Business income taxes,0.193661,nominal,West Virginia
2003,"Estate, gift, excise and other",0.157735,nominal,West Virginia
2003,Income tax not withheld and SECA,0.865264,nominal,West Virginia
2003,Income tax withheld and FICA,3.61333,nominal,West Virginia
2004,Business income taxes,0.249566,nominal,West Virginia
2004,"Estate, gift, excise and other",0.17849,nominal,West Virginia
2004,Income tax not withheld and SECA,0.784599,nominal,West Virginia
2004,Income tax withheld and FICA,4.01377,nominal,West Virginia
2005,Business income taxes,0.426525,nominal,West Virginia
2005,"Estate, gift, excise and other",0.199722,nominal,West Virginia
2005,Income tax not withheld and SECA,0.910785,nominal,West Virginia
2005,Income tax withheld and FICA,3.93272,nominal,West Virginia
2006,Business income taxes,0.531996,nominal,West Virginia
2006,"Estate, gift, excise and other",0.236031,nominal,West Virginia
2006,Income tax not withheld and SECA,1.13784,nominal,West Virginia
2006,Income tax withheld and FICA,4.27318,nominal,West Virginia
2007,Business income taxes,0.616179,nominal,West Virginia
2007,"Estate, gift, excise and other",0.175925,nominal,West Virginia
2007,Income tax not withheld and SECA,1.20183,nominal,West Virginia
2007,Income tax withheld and FICA,4.52802,nominal,West Virginia
2008,Business income taxes,0.505988,nominal,West Virginia
2008,"Estate, gift, excise and other",0.217084,nominal,West Virginia
2008,Income tax not withheld and SECA,1.30507,nominal,West Virginia
2008,Income tax withheld and FICA,4.85617,nominal,West Virginia
2009,Business income taxes,0.370444,nominal,West Virginia
2009,"Estate, gift, excise and other",0.179944,nominal,West Virginia
2009,Income tax not withheld and SECA,1.14354,nominal,West Virginia
2009,Income tax withheld and FICA,4.63833,nominal,West Virginia
2010,Business income taxes,0.240635,nominal,West Virginia
2010,"Estate, gift, excise and other",0.157025,nominal,West Virginia
2010,Income tax not withheld and SECA,1.06696,nominal,West Virginia
2010,Income tax withheld and FICA,4.536,nominal,West Virginia
2011,Business income taxes,0.297252,nominal,West Virginia
2011,"Estate, gift, excise and other",0.129865,nominal,West Virginia
2011,Income tax not withheld and SECA,1.2057,nominal,West Virginia
2011,Income tax withheld and FICA,4.75356,nominal,West Virginia
2012,Business income taxes,0.31574,nominal,West Virginia
2012,"Estate, gift, excise and other",0.142229,nominal,West Virginia
2012,Income tax not withheld and SECA,1.233,nominal,West Virginia
2012,Income tax withheld and FICA,4.80753,nominal,West Virginia
2013,Business income taxes,0.364399,nominal,West Virginia
2013,"Estate, gift, excise and other",0.141883,nominal,West Virginia
2013,Income tax not withheld and SECA,1.24294,nominal,West Virginia
2013,Income tax withheld and FICA,5.05019,nominal,West Virginia
2014,Business income taxes,0.374563,nominal,West Virginia
2014,"Estate, gift, excise and other",0.131188,nominal,West Virginia
2014,Income tax not withheld and SECA,1.29481,nominal,West Virginia
2014,Income tax withheld and FICA,5.0847,nominal,West Virginia
2015,Business income taxes,0.349649,nominal,West Virginia
2015,"Estate, gift, excise and other",0.192542,nominal,West Virginia
2015,Income tax not withheld and SECA,1.53785,nominal,West Virginia
2015,Income tax withheld and FICA,5.29425,nominal,West Virginia
2016,Business income taxes,0.220567,nominal,West Virginia
2016,"Estate, gift, excise and other",0.12145,nominal,West Virginia
2016,Income tax not withheld and SECA,1.33296,nominal,West Virginia
2016,Income tax withheld and FICA,5.24026,nominal,West Virginia
2017,Business income taxes,0.243825,nominal,West Virginia
2017,"Estate, gift, excise and other",0.133253,nominal,West Virginia
2017,Income tax not withheld and SECA,1.2598,nominal,West Virginia
2017,Income tax withheld and FICA,5.34361,nominal,West Virginia
2018,Business income taxes,0.201692,nominal,West Virginia
2018,"Estate, gift, excise and other",0.131147,nominal,West Virginia
2018,Income tax not withheld and SECA,1.35221,nominal,West Virginia
2018,Income tax withheld and FICA,5.22609,nominal,West Virginia
2019,Business income taxes,0.187042,nominal,West Virginia
2019,"Estate, gift, excise and other",0.169402,nominal,West Virginia
2019,Income tax not withheld and SECA,1.31927,nominal,West Virginia
2019,Income tax withheld and FICA,5.36422,nominal,West Virginia
2020,Business income taxes,0.206362,nominal,West Virginia
2020,"Estate, gift, excise and other",0.123016,nominal,West Virginia
2020,Income tax not withheld and SECA,1.21584,nominal,West Virginia
2020,Income tax withheld and FICA,5.22323,nominal,West Virginia
2021,Business income taxes,0.246126,nominal,West Virginia
2021,"Estate, gift, excise and other",0.119958,nominal,West Virginia
2021,Income tax not withheld and SECA,1.40713,nominal,West Virginia
2021,Income tax withheld and FICA,5.37036,nominal,West Virginia
2022,Business income taxes,0.352395,nominal,West Virginia
2022,"Estate, gift, excise and other",0.124111,nominal,West Virginia
2022,Income tax not withheld and SECA,2.02786,nominal,West Virginia
2022,Income tax withheld and FICA,5.93026,nominal,West Virginia
2023,Business income taxes,0.352894,nominal,West Virginia
2023,"Estate, gift, excise and other",0.137883,nominal,West Virginia
2023,Income tax not withheld and SECA,1.90402,nominal,West Virginia
2023,Income tax withheld and FICA,6.22143,nominal,West Virginia
2024,Business income taxes,0.281894,nominal,West Virginia
2024,"Estate, gift, excise and other",0.138424,nominal,West Virginia
2024,Income tax not withheld and SECA,1.78749,nominal,West Virginia
2024,Income tax withheld and FICA,6.48625,nominal,West Virginia
2025,Business income taxes,0.281545,nominal,West Virginia
2025,"Estate, gift, excise and other",0.193147,nominal,West Virginia
2025,Income tax not withheld and SECA,2.08079,nominal,West Virginia
2025,Income tax withheld and FICA,6.7854,nominal,West Virginia
1998,Business income taxes,4.20175,nominal,Wisconsin
1998,"Estate, gift, excise and other",0.826082,nominal,Wisconsin
1998,Income tax not withheld and SECA,5.29379,nominal,Wisconsin
1998,Income tax withheld and FICA,22.0498,nominal,Wisconsin
1999,Business income taxes,3.88898,nominal,Wisconsin
1999,"Estate, gift, excise and other",0.858041,nominal,Wisconsin
1999,Income tax not withheld and SECA,5.69499,nominal,Wisconsin
1999,Income tax withheld and FICA,22.806,nominal,Wisconsin
2000,Business income taxes,4.28653,nominal,Wisconsin
2000,"Estate, gift, excise and other",0.936227,nominal,Wisconsin
2000,Income tax not withheld and SECA,6.06112,nominal,Wisconsin
2000,Income tax withheld and FICA,24.6066,nominal,Wisconsin
2001,Business income taxes,3.25362,nominal,Wisconsin
2001,"Estate, gift, excise and other",0.87125,nominal,Wisconsin
2001,Income tax not withheld and SECA,6.10767,nominal,Wisconsin
2001,Income tax withheld and FICA,25.6573,nominal,Wisconsin
2002,Business income taxes,4.08668,nominal,Wisconsin
2002,"Estate, gift, excise and other",0.837703,nominal,Wisconsin
2002,Income tax not withheld and SECA,5.00236,nominal,Wisconsin
2002,Income tax withheld and FICA,24.7213,nominal,Wisconsin
2003,Business income taxes,3.5878,nominal,Wisconsin
2003,"Estate, gift, excise and other",0.681601,nominal,Wisconsin
2003,Income tax not withheld and SECA,4.75705,nominal,Wisconsin
2003,Income tax withheld and FICA,25.1265,nominal,Wisconsin
2004,Business income taxes,3.72771,nominal,Wisconsin
2004,"Estate, gift, excise and other",0.725027,nominal,Wisconsin
2004,Income tax not withheld and SECA,4.46418,nominal,Wisconsin
2004,Income tax withheld and FICA,25.7943,nominal,Wisconsin
2005,Business income taxes,5.06366,nominal,Wisconsin
2005,"Estate, gift, excise and other",0.789219,nominal,Wisconsin
2005,Income tax not withheld and SECA,5.33706,nominal,Wisconsin
2005,Income tax withheld and FICA,26.7833,nominal,Wisconsin
2006,Business income taxes,6.10247,nominal,Wisconsin
2006,"Estate, gift, excise and other",0.801523,nominal,Wisconsin
2006,Income tax not withheld and SECA,6.29996,nominal,Wisconsin
2006,Income tax withheld and FICA,28.482,nominal,Wisconsin
2007,Business income taxes,6.28762,nominal,Wisconsin
2007,"Estate, gift, excise and other",0.861846,nominal,Wisconsin
2007,Income tax not withheld and SECA,6.99887,nominal,Wisconsin
2007,Income tax withheld and FICA,29.63,nominal,Wisconsin
2008,Business income taxes,6.46635,nominal,Wisconsin
2008,"Estate, gift, excise and other",0.819447,nominal,Wisconsin
2008,Income tax not withheld and SECA,6.99368,nominal,Wisconsin
2008,Income tax withheld and FICA,31.3073,nominal,Wisconsin
2009,Business income taxes,3.28805,nominal,Wisconsin
2009,"Estate, gift, excise and other",0.997002,nominal,Wisconsin
2009,Income tax not withheld and SECA,5.09693,nominal,Wisconsin
2009,Income tax withheld and FICA,29.2604,nominal,Wisconsin
2010,Business income taxes,4.10973,nominal,Wisconsin
2010,"Estate, gift, excise and other",0.888961,nominal,Wisconsin
2010,Income tax not withheld and SECA,4.73907,nominal,Wisconsin
2010,Income tax withheld and FICA,28.475,nominal,Wisconsin
2011,Business income taxes,3.4639,nominal,Wisconsin
2011,"Estate, gift, excise and other",0.794874,nominal,Wisconsin
2011,Income tax not withheld and SECA,5.14831,nominal,Wisconsin
2011,Income tax withheld and FICA,29.4597,nominal,Wisconsin
2012,Business income taxes,4.6417,nominal,Wisconsin
2012,"Estate, gift, excise and other",1.54266,nominal,Wisconsin
2012,Income tax not withheld and SECA,5.38081,nominal,Wisconsin
2012,Income tax withheld and FICA,29.9329,nominal,Wisconsin
2013,Business income taxes,5.01629,nominal,Wisconsin
2013,"Estate, gift, excise and other",1.23718,nominal,Wisconsin
2013,Income tax not withheld and SECA,7.0926,nominal,Wisconsin
2013,Income tax withheld and FICA,33.0345,nominal,Wisconsin
2014,Business income taxes,6.02144,nominal,Wisconsin
2014,"Estate, gift, excise and other",1.70311,nominal,Wisconsin
2014,Income tax not withheld and SECA,7.16361,nominal,Wisconsin
2014,Income tax withheld and FICA,34.7039,nominal,Wisconsin
2015,Business income taxes,5.7249,nominal,Wisconsin
2015,"Estate, gift, excise and other",1.66953,nominal,Wisconsin
2015,Income tax not withheld and SECA,8.00309,nominal,Wisconsin
2015,Income tax withheld and FICA,36.3513,nominal,Wisconsin
2016,Business income taxes,4.74932,nominal,Wisconsin
2016,"Estate, gift, excise and other",1.64298,nominal,Wisconsin
2016,Income tax not withheld and SECA,8.29556,nominal,Wisconsin
2016,Income tax withheld and FICA,37.7803,nominal,Wisconsin
2017,Business income taxes,4.88695,nominal,Wisconsin
2017,"Estate, gift, excise and other",1.46129,nominal,Wisconsin
2017,Income tax not withheld and SECA,8.16733,nominal,Wisconsin
2017,Income tax withheld and FICA,38.5735,nominal,Wisconsin
2018,Business income taxes,3.27593,nominal,Wisconsin
2018,"Estate, gift, excise and other",1.89202,nominal,Wisconsin
2018,Income tax not withheld and SECA,8.46577,nominal,Wisconsin
2018,Income tax withheld and FICA,38.3591,nominal,Wisconsin
2019,Business income taxes,3.52574,nominal,Wisconsin
2019,"Estate, gift, excise and other",1.75939,nominal,Wisconsin
2019,Income tax not withheld and SECA,8.48778,nominal,Wisconsin
2019,Income tax withheld and FICA,39.0996,nominal,Wisconsin
2020,Business income taxes,2.93926,nominal,Wisconsin
2020,"Estate, gift, excise and other",1.59536,nominal,Wisconsin
2020,Income tax not withheld and SECA,8.53209,nominal,Wisconsin
2020,Income tax withheld and FICA,37.2739,nominal,Wisconsin
2021,Business income taxes,6.4518,nominal,Wisconsin
2021,"Estate, gift, excise and other",2.41907,nominal,Wisconsin
2021,Income tax not withheld and SECA,10.6827,nominal,Wisconsin
2021,Income tax withheld and FICA,42.0296,nominal,Wisconsin
2022,Business income taxes,5.3626,nominal,Wisconsin
2022,"Estate, gift, excise and other",2.50164,nominal,Wisconsin
2022,Income tax not withheld and SECA,14.3585,nominal,Wisconsin
2022,Income tax withheld and FICA,48.1731,nominal,Wisconsin
2023,Business income taxes,5.68718,nominal,Wisconsin
2023,"Estate, gift, excise and other",2.48337,nominal,Wisconsin
2023,Income tax not withheld and SECA,11.9951,nominal,Wisconsin
2023,Income tax withheld and FICA,49.2354,nominal,Wisconsin
2024,Business income taxes,5.67181,nominal,Wisconsin
2024,"Estate, gift, excise and other",2.52941,nominal,Wisconsin
2024,Income tax not withheld and SECA,12.9736,nominal,Wisconsin
2024,Income tax withheld and FICA,50.602,nominal,Wisconsin
2025,Business income taxes,6.1278,nominal,Wisconsin
2025,"Estate, gift, excise and other",3.15499,nominal,Wisconsin
2025,Income tax not withheld and SECA,14.7195,nominal,Wisconsin
2025,Income tax withheld and FICA,52.3627,nominal,Wisconsin
1998,Business income taxes,0.0788193,nominal,Wyoming
1998,"Estate, gift, excise and other",0.330159,nominal,Wyoming
1998,Income tax not withheld and SECA,0.843106,nominal,Wyoming
1998,Income tax withheld and FICA,1.05578,nominal,Wyoming
1999,Business income taxes,0.0667382,nominal,Wyoming
1999,"Estate, gift, excise and other",0.257485,nominal,Wyoming
1999,Income tax not withheld and SECA,0.801553,nominal,Wyoming
1999,Income tax withheld and FICA,1.1536,nominal,Wyoming
2000,Business income taxes,0.083372,nominal,Wyoming
2000,"Estate, gift, excise and other",0.14691,nominal,Wyoming
2000,Income tax not withheld and SECA,0.928884,nominal,Wyoming
2000,Income tax withheld and FICA,1.19806,nominal,Wyoming
2001,Business income taxes,0.08711,nominal,Wyoming
2001,"Estate, gift, excise and other",0.364581,nominal,Wyoming
2001,Income tax not withheld and SECA,1.18789,nominal,Wyoming
2001,Income tax withheld and FICA,1.32086,nominal,Wyoming
2002,Business income taxes,0.0711965,nominal,Wyoming
2002,"Estate, gift, excise and other",0.363051,nominal,Wyoming
2002,Income tax not withheld and SECA,0.895779,nominal,Wyoming
2002,Income tax withheld and FICA,1.40536,nominal,Wyoming
2003,Business income taxes,0.061815,nominal,Wyoming
2003,"Estate, gift, excise and other",0.467165,nominal,Wyoming
2003,Income tax not withheld and SECA,0.747062,nominal,Wyoming
2003,Income tax withheld and FICA,1.4363,nominal,Wyoming
2004,Business income taxes,0.108409,nominal,Wyoming
2004,"Estate, gift, excise and other",0.478399,nominal,Wyoming
2004,Income tax not withheld and SECA,0.875184,nominal,Wyoming
2004,Income tax withheld and FICA,1.472,nominal,Wyoming
2005,Business income taxes,0.448779,nominal,Wyoming
2005,"Estate, gift, excise and other",0.093452,nominal,Wyoming
2005,Income tax not withheld and SECA,0.969959,nominal,Wyoming
2005,Income tax withheld and FICA,1.57405,nominal,Wyoming
2006,Business income taxes,0.525501,nominal,Wyoming
2006,"Estate, gift, excise and other",0.313528,nominal,Wyoming
2006,Income tax not withheld and SECA,1.4132,nominal,Wyoming
2006,Income tax withheld and FICA,1.70402,nominal,Wyoming
2007,Business income taxes,0.67818,nominal,Wyoming
2007,"Estate, gift, excise and other",0.150704,nominal,Wyoming
2007,Income tax not withheld and SECA,1.97061,nominal,Wyoming
2007,Income tax withheld and FICA,1.92518,nominal,Wyoming
2008,Business income taxes,0.984343,nominal,Wyoming
2008,"Estate, gift, excise and other",0.217249,nominal,Wyoming
2008,Income tax not withheld and SECA,1.76927,nominal,Wyoming
2008,Income tax withheld and FICA,2.15869,nominal,Wyoming
2009,Business income taxes,0.21441,nominal,Wyoming
2009,"Estate, gift, excise and other",0.274925,nominal,Wyoming
2009,Income tax not withheld and SECA,1.2231,nominal,Wyoming
2009,Income tax withheld and FICA,2.12126,nominal,Wyoming
2010,Business income taxes,0.725151,nominal,Wyoming
2010,"Estate, gift, excise and other",0.218796,nominal,Wyoming
2010,Income tax not withheld and SECA,0.888999,nominal,Wyoming
2010,Income tax withheld and FICA,1.9972,nominal,Wyoming
2011,Business income taxes,0.106111,nominal,Wyoming
2011,"Estate, gift, excise and other",0.149434,nominal,Wyoming
2011,Income tax not withheld and SECA,1.18526,nominal,Wyoming
2011,Income tax withheld and FICA,2.07565,nominal,Wyoming
2012,Business income taxes,0.175685,nominal,Wyoming
2012,"Estate, gift, excise and other",0.252784,nominal,Wyoming
2012,Income tax not withheld and SECA,1.20249,nominal,Wyoming
2012,Income tax withheld and FICA,2.19742,nominal,Wyoming
2013,Business income taxes,0.134181,nominal,Wyoming
2013,"Estate, gift, excise and other",0.320469,nominal,Wyoming
2013,Income tax not withheld and SECA,2.4386,nominal,Wyoming
2013,Income tax withheld and FICA,2.41206,nominal,Wyoming
2014,Business income taxes,0.185588,nominal,Wyoming
2014,"Estate, gift, excise and other",0.358659,nominal,Wyoming
2014,Income tax not withheld and SECA,1.7786,nominal,Wyoming
2014,Income tax withheld and FICA,2.56872,nominal,Wyoming
2015,Business income taxes,0.20855,nominal,Wyoming
2015,"Estate, gift, excise and other",0.447252,nominal,Wyoming
2015,Income tax not withheld and SECA,2.05143,nominal,Wyoming
2015,Income tax withheld and FICA,2.57692,nominal,Wyoming
2016,Business income taxes,0.152712,nominal,Wyoming
2016,"Estate, gift, excise and other",0.311638,nominal,Wyoming
2016,Income tax not withheld and SECA,1.57378,nominal,Wyoming
2016,Income tax withheld and FICA,2.4375,nominal,Wyoming
2017,Business income taxes,0.10089,nominal,Wyoming
2017,"Estate, gift, excise and other",0.464295,nominal,Wyoming
2017,Income tax not withheld and SECA,1.3982,nominal,Wyoming
2017,Income tax withheld and FICA,2.43032,nominal,Wyoming
2018,Business income taxes,0.078787,nominal,Wyoming
2018,"Estate, gift, excise and other",0.677821,nominal,Wyoming
2018,Income tax not withheld and SECA,1.82583,nominal,Wyoming
2018,Income tax withheld and FICA,2.34821,nominal,Wyoming
2019,Business income taxes,0.106419,nominal,Wyoming
2019,"Estate, gift, excise and other",0.58177,nominal,Wyoming
2019,Income tax not withheld and SECA,1.68211,nominal,Wyoming
2019,Income tax withheld and FICA,2.3737,nominal,Wyoming
2020,Business income taxes,0.123756,nominal,Wyoming
2020,"Estate, gift, excise and other",0.714518,nominal,Wyoming
2020,Income tax not withheld and SECA,1.6499,nominal,Wyoming
2020,Income tax withheld and FICA,2.37159,nominal,Wyoming
2021,Business income taxes,0.177625,nominal,Wyoming
2021,"Estate, gift, excise and other",0.848305,nominal,Wyoming
2021,Income tax not withheld and SECA,2.59662,nominal,Wyoming
2021,Income tax withheld and FICA,2.46725,nominal,Wyoming
2022,Business income taxes,0.215087,nominal,Wyoming
2022,"Estate, gift, excise and other",1.5375,nominal,Wyoming
2022,Income tax not withheld and SECA,3.50408,nominal,Wyoming
2022,Income tax withheld and FICA,2.69807,nominal,Wyoming
2023,Business income taxes,0.2535,nominal,Wyoming
2023,"Estate, gift, excise and other",1.06771,nominal,Wyoming
2023,Income tax not withheld and SECA,3.05881,nominal,Wyoming
2023,Income tax withheld and FICA,2.85447,nominal,Wyoming
2024,Business income taxes,0.205279,nominal,Wyoming
2024,"Estate, gift, excise and other",1.21434,nominal,Wyoming
2024,Income tax not withheld and SECA,3.22398,nominal,Wyoming
2024,Income tax withheld and FICA,3.02562,nominal,Wyoming
2025,Business income taxes,0.252041,nominal,Wyoming
2025,"Estate, gift, excise and other",1.53253,nominal,Wyoming
2025,Income tax not withheld and SECA,3.55954,nominal,Wyoming
2025,Income tax withheld and FICA,3.22665,nominal,Wyoming
1998,"In the printed total, not in its parts",0,nominal,Arkansas
1999,"In the printed total, not in its parts",0,nominal,Arkansas
2000,"In the printed total, not in its parts",0,nominal,Arkansas
2001,"In the printed total, not in its parts",0,nominal,Arkansas
2002,"In the printed total, not in its parts",0,nominal,Arkansas
2003,"In the printed total, not in its parts",0,nominal,Arkansas
2004,"In the printed total, not in its parts",0,nominal,Arkansas
2005,"In the printed total, not in its parts",0,nominal,Arkansas
2006,"In the printed total, not in its parts",1.65749,nominal,Arkansas
2007,"In the printed total, not in its parts",0,nominal,Arkansas
2008,"In the printed total, not in its parts",0,nominal,Arkansas
2009,"In the printed total, not in its parts",0,nominal,Arkansas
2010,"In the printed total, not in its parts",0,nominal,Arkansas
2011,"In the printed total, not in its parts",0.4588,nominal,Arkansas
2012,"In the printed total, not in its parts",0,nominal,Arkansas
2013,"In the printed total, not in its parts",0,nominal,Arkansas
2014,"In the printed total, not in its parts",0,nominal,Arkansas
2015,"In the printed total, not in its parts",0,nominal,Arkansas
2016,"In the printed total, not in its parts",0,nominal,Arkansas
2017,"In the printed total, not in its parts",0,nominal,Arkansas
2018,"In the printed total, not in its parts",0,nominal,Arkansas
2019,"In the printed total, not in its parts",0,nominal,Arkansas
2020,"In the printed total, not in its parts",0,nominal,Arkansas
2021,"In the printed total, not in its parts",0,nominal,Arkansas
2022,"In the printed total, not in its parts",0,nominal,Arkansas
2023,"In the printed total, not in its parts",0,nominal,Arkansas
2024,"In the printed total, not in its parts",0,nominal,Arkansas
2025,"In the printed total, not in its parts",0,nominal,Arkansas
1998,"In the printed total, not in its parts",0,nominal,California
1999,"In the printed total, not in its parts",0,nominal,California
2000,"In the printed total, not in its parts",0,nominal,California
2001,"In the printed total, not in its parts",0,nominal,California
2002,"In the printed total, not in its parts",0,nominal,California
2003,"In the printed total, not in its parts",0,nominal,California
2004,"In the printed total, not in its parts",0,nominal,California
2005,"In the printed total, not in its parts",0,nominal,California
2006,"In the printed total, not in its parts",4.69599,nominal,California
2007,"In the printed total, not in its parts",0,nominal,California
2008,"In the printed total, not in its parts",0,nominal,California
2009,"In the printed total, not in its parts",0,nominal,California
2010,"In the printed total, not in its parts",0,nominal,California
2011,"In the printed total, not in its parts",0,nominal,California
2012,"In the printed total, not in its parts",0,nominal,California
2013,"In the printed total, not in its parts",0,nominal,California
2014,"In the printed total, not in its parts",0,nominal,California
2015,"In the printed total, not in its parts",0,nominal,California
2016,"In the printed total, not in its parts",0,nominal,California
2017,"In the printed total, not in its parts",0,nominal,California
2018,"In the printed total, not in its parts",0,nominal,California
2019,"In the printed total, not in its parts",0,nominal,California
2020,"In the printed total, not in its parts",0,nominal,California
2021,"In the printed total, not in its parts",0,nominal,California
2022,"In the printed total, not in its parts",0,nominal,California
2023,"In the printed total, not in its parts",0,nominal,California
2024,"In the printed total, not in its parts",0,nominal,California
2025,"In the printed total, not in its parts",0,nominal,California
1998,Business income taxes,3.41562,real,Alabama
1998,"Estate, gift, excise and other",0.859397,real,Alabama
1998,Income tax not withheld and SECA,5.99162,real,Alabama
1998,Income tax withheld and FICA,21.1135,real,Alabama
1999,Business income taxes,3.19302,real,Alabama
1999,"Estate, gift, excise and other",0.988862,real,Alabama
1999,Income tax not withheld and SECA,6.15283,real,Alabama
1999,Income tax withheld and FICA,22.3929,real,Alabama
2000,Business income taxes,2.72834,real,Alabama
2000,"Estate, gift, excise and other",0.991348,real,Alabama
2000,Income tax not withheld and SECA,6.3761,real,Alabama
2000,Income tax withheld and FICA,23.2992,real,Alabama
2001,Business income taxes,1.84041,real,Alabama
2001,"Estate, gift, excise and other",0.727649,real,Alabama
2001,Income tax not withheld and SECA,6.1286,real,Alabama
2001,Income tax withheld and FICA,22.7354,real,Alabama
2002,Business income taxes,3.17757,real,Alabama
2002,"Estate, gift, excise and other",0.864442,real,Alabama
2002,Income tax not withheld and SECA,5.22133,real,Alabama
2002,Income tax withheld and FICA,22.4692,real,Alabama
2003,Business income taxes,2.45852,real,Alabama
2003,"Estate, gift, excise and other",0.609371,real,Alabama
2003,Income tax not withheld and SECA,4.81676,real,Alabama
2003,Income tax withheld and FICA,22.0167,real,Alabama
2004,Business income taxes,3.1477,real,Alabama
2004,"Estate, gift, excise and other",0.705029,real,Alabama
2004,Income tax not withheld and SECA,4.65375,real,Alabama
2004,Income tax withheld and FICA,21.6263,real,Alabama
2005,Business income taxes,3.47612,real,Alabama
2005,"Estate, gift, excise and other",0.75556,real,Alabama
2005,Income tax not withheld and SECA,5.57176,real,Alabama
2005,Income tax withheld and FICA,22.4557,real,Alabama
2006,Business income taxes,3.72682,real,Alabama
2006,"Estate, gift, excise and other",0.858988,real,Alabama
2006,Income tax not withheld and SECA,6.52371,real,Alabama
2006,Income tax withheld and FICA,22.8631,real,Alabama
2007,Business income taxes,4.97043,real,Alabama
2007,"Estate, gift, excise and other",0.722804,real,Alabama
2007,Income tax not withheld and SECA,7.38948,real,Alabama
2007,Income tax withheld and FICA,22.9275,real,Alabama
2008,Business income taxes,3.25499,real,Alabama
2008,"Estate, gift, excise and other",0.706341,real,Alabama
2008,Income tax not withheld and SECA,7.23485,real,Alabama
2008,Income tax withheld and FICA,24.6704,real,Alabama
2009,Business income taxes,0.998312,real,Alabama
2009,"Estate, gift, excise and other",0.800876,real,Alabama
2009,Income tax not withheld and SECA,5.24702,real,Alabama
2009,Income tax withheld and FICA,21.9944,real,Alabama
2010,Business income taxes,1.54723,real,Alabama
2010,"Estate, gift, excise and other",0.633371,real,Alabama
2010,Income tax not withheld and SECA,4.63406,real,Alabama
2010,Income tax withheld and FICA,21.7,real,Alabama
2011,Business income taxes,1.37582,real,Alabama
2011,"Estate, gift, excise and other",0.467748,real,Alabama
2011,Income tax not withheld and SECA,4.99435,real,Alabama
2011,Income tax withheld and FICA,21.8174,real,Alabama
2012,Business income taxes,1.52182,real,Alabama
2012,"Estate, gift, excise and other",0.583614,real,Alabama
2012,Income tax not withheld and SECA,4.7211,real,Alabama
2012,Income tax withheld and FICA,21.9894,real,Alabama
2013,Business income taxes,1.54814,real,Alabama
2013,"Estate, gift, excise and other",0.720798,real,Alabama
2013,Income tax not withheld and SECA,5.49653,real,Alabama
2013,Income tax withheld and FICA,24.4469,real,Alabama
2014,Business income taxes,1.97691,real,Alabama
2014,"Estate, gift, excise and other",0.912909,real,Alabama
2014,Income tax not withheld and SECA,5.5393,real,Alabama
2014,Income tax withheld and FICA,23.2493,real,Alabama
2015,Business income taxes,1.93069,real,Alabama
2015,"Estate, gift, excise and other",0.872456,real,Alabama
2015,Income tax not withheld and SECA,6.17468,real,Alabama
2015,Income tax withheld and FICA,24.043,real,Alabama
2016,Business income taxes,2.05352,real,Alabama
2016,"Estate, gift, excise and other",0.92371,real,Alabama
2016,Income tax not withheld and SECA,6.3011,real,Alabama
2016,Income tax withheld and FICA,24.3912,real,Alabama
2017,Business income taxes,2.05559,real,Alabama
2017,"Estate, gift, excise and other",0.784572,real,Alabama
2017,Income tax not withheld and SECA,6.46325,real,Alabama
2017,Income tax withheld and FICA,24.8677,real,Alabama
2018,Business income taxes,1.4426,real,Alabama
2018,"Estate, gift, excise and other",0.855515,real,Alabama
2018,Income tax not withheld and SECA,6.81879,real,Alabama
2018,Income tax withheld and FICA,24.4906,real,Alabama
2019,Business income taxes,1.53679,real,Alabama
2019,"Estate, gift, excise and other",0.701181,real,Alabama
2019,Income tax not withheld and SECA,6.21661,real,Alabama
2019,Income tax withheld and FICA,24.2814,real,Alabama
2020,Business income taxes,1.30476,real,Alabama
2020,"Estate, gift, excise and other",0.818672,real,Alabama
2020,Income tax not withheld and SECA,6.13901,real,Alabama
2020,Income tax withheld and FICA,23.9082,real,Alabama
2021,Business income taxes,2.1094,real,Alabama
2021,"Estate, gift, excise and other",0.969588,real,Alabama
2021,Income tax not withheld and SECA,7.61429,real,Alabama
2021,Income tax withheld and FICA,25.1655,real,Alabama
2022,Business income taxes,2.13216,real,Alabama
2022,"Estate, gift, excise and other",1.30103,real,Alabama
2022,Income tax not withheld and SECA,10.1909,real,Alabama
2022,Income tax withheld and FICA,26.078,real,Alabama
2023,Business income taxes,2.17726,real,Alabama
2023,"Estate, gift, excise and other",1.09236,real,Alabama
2023,Income tax not withheld and SECA,8.13752,real,Alabama
2023,Income tax withheld and FICA,26.2954,real,Alabama
2024,Business income taxes,2.13625,real,Alabama
2024,"Estate, gift, excise and other",1.17918,real,Alabama
2024,Income tax not withheld and SECA,8.6975,real,Alabama
2024,Income tax withheld and FICA,26.632,real,Alabama
2025,Business income taxes,1.8752,real,Alabama
2025,"Estate, gift, excise and other",1.04958,real,Alabama
2025,Income tax not withheld and SECA,9.3445,real,Alabama
2025,Income tax withheld and FICA,27.2871,real,Alabama
1998,Business income taxes,0.21278,real,Alaska
1998,"Estate, gift, excise and other",0.107495,real,Alaska
1998,Income tax not withheld and SECA,1.23167,real,Alaska
1998,Income tax withheld and FICA,3.35989,real,Alaska
1999,Business income taxes,0.19532,real,Alaska
1999,"Estate, gift, excise and other",0.112423,real,Alaska
1999,Income tax not withheld and SECA,1.28454,real,Alaska
1999,Income tax withheld and FICA,3.55031,real,Alaska
2000,Business income taxes,0.16207,real,Alaska
2000,"Estate, gift, excise and other",0.117319,real,Alaska
2000,Income tax not withheld and SECA,1.30429,real,Alaska
2000,Income tax withheld and FICA,3.68527,real,Alaska
2001,Business income taxes,0.136111,real,Alaska
2001,"Estate, gift, excise and other",0.172685,real,Alaska
2001,Income tax not withheld and SECA,1.37153,real,Alaska
2001,Income tax withheld and FICA,3.8515,real,Alaska
2002,Business income taxes,0.199311,real,Alaska
2002,"Estate, gift, excise and other",0.155034,real,Alaska
2002,Income tax not withheld and SECA,1.22395,real,Alaska
2002,Income tax withheld and FICA,3.88494,real,Alaska
2003,Business income taxes,0.210305,real,Alaska
2003,"Estate, gift, excise and other",0.181013,real,Alaska
2003,Income tax not withheld and SECA,1.13695,real,Alaska
2003,Income tax withheld and FICA,3.89632,real,Alaska
2004,Business income taxes,0.203063,real,Alaska
2004,"Estate, gift, excise and other",0.127701,real,Alaska
2004,Income tax not withheld and SECA,1.046,real,Alaska
2004,Income tax withheld and FICA,3.9478,real,Alaska
2005,Business income taxes,0.240175,real,Alaska
2005,"Estate, gift, excise and other",0.114863,real,Alaska
2005,Income tax not withheld and SECA,1.18508,real,Alaska
2005,Income tax withheld and FICA,4.02609,real,Alaska
2006,Business income taxes,0.476335,real,Alaska
2006,"Estate, gift, excise and other",0.120998,real,Alaska
2006,Income tax not withheld and SECA,1.38873,real,Alaska
2006,Income tax withheld and FICA,4.22919,real,Alaska
2007,Business income taxes,0.384367,real,Alaska
2007,"Estate, gift, excise and other",0.109403,real,Alaska
2007,Income tax not withheld and SECA,1.50617,real,Alaska
2007,Income tax withheld and FICA,4.39296,real,Alaska
2008,Business income taxes,0.461965,real,Alaska
2008,"Estate, gift, excise and other",0.130896,real,Alaska
2008,Income tax not withheld and SECA,1.60805,real,Alaska
2008,Income tax withheld and FICA,4.73283,real,Alaska
2009,Business income taxes,0.321595,real,Alaska
2009,"Estate, gift, excise and other",0.161929,real,Alaska
2009,Income tax not withheld and SECA,1.42345,real,Alaska
2009,Income tax withheld and FICA,4.8427,real,Alaska
2010,Business income taxes,0.286465,real,Alaska
2010,"Estate, gift, excise and other",0.152927,real,Alaska
2010,Income tax not withheld and SECA,1.31779,real,Alaska
2010,Income tax withheld and FICA,4.95776,real,Alaska
2011,Business income taxes,0.307751,real,Alaska
2011,"Estate, gift, excise and other",0.17951,real,Alaska
2011,Income tax not withheld and SECA,1.33063,real,Alaska
2011,Income tax withheld and FICA,5.01142,real,Alaska
2012,Business income taxes,0.263639,real,Alaska
2012,"Estate, gift, excise and other",0.146225,real,Alaska
2012,Income tax not withheld and SECA,1.34395,real,Alaska
2012,Income tax withheld and FICA,5.00589,real,Alaska
2013,Business income taxes,0.242827,real,Alaska
2013,"Estate, gift, excise and other",0.157741,real,Alaska
2013,Income tax not withheld and SECA,1.48513,real,Alaska
2013,Income tax withheld and FICA,5.28808,real,Alaska
2014,Business income taxes,0.239557,real,Alaska
2014,"Estate, gift, excise and other",0.161879,real,Alaska
2014,Income tax not withheld and SECA,1.51983,real,Alaska
2014,Income tax withheld and FICA,5.33486,real,Alaska
2015,Business income taxes,0.255936,real,Alaska
2015,"Estate, gift, excise and other",0.197909,real,Alaska
2015,Income tax not withheld and SECA,1.7044,real,Alaska
2015,Income tax withheld and FICA,5.37265,real,Alaska
2016,Business income taxes,0.24481,real,Alaska
2016,"Estate, gift, excise and other",0.200971,real,Alaska
2016,Income tax not withheld and SECA,1.68812,real,Alaska
2016,Income tax withheld and FICA,5.16399,real,Alaska
2017,Business income taxes,0.223414,real,Alaska
2017,"Estate, gift, excise and other",0.173787,real,Alaska
2017,Income tax not withheld and SECA,1.42462,real,Alaska
2017,Income tax withheld and FICA,5.11931,real,Alaska
2018,Business income taxes,0.140183,real,Alaska
2018,"Estate, gift, excise and other",0.226841,real,Alaska
2018,Income tax not withheld and SECA,1.41856,real,Alaska
2018,Income tax withheld and FICA,4.8635,real,Alaska
2019,Business income taxes,0.126454,real,Alaska
2019,"Estate, gift, excise and other",0.266309,real,Alaska
2019,Income tax not withheld and SECA,1.36619,real,Alaska
2019,Income tax withheld and FICA,4.90342,real,Alaska
2020,Business income taxes,0.119416,real,Alaska
2020,"Estate, gift, excise and other",0.440977,real,Alaska
2020,Income tax not withheld and SECA,1.33066,real,Alaska
2020,Income tax withheld and FICA,4.8216,real,Alaska
2021,Business income taxes,0.130593,real,Alaska
2021,"Estate, gift, excise and other",0.331604,real,Alaska
2021,Income tax not withheld and SECA,1.4405,real,Alaska
2021,Income tax withheld and FICA,4.87696,real,Alaska
2022,Business income taxes,0.166132,real,Alaska
2022,"Estate, gift, excise and other",0.339692,real,Alaska
2022,Income tax not withheld and SECA,1.85987,real,Alaska
2022,Income tax withheld and FICA,4.87106,real,Alaska
2023,Business income taxes,0.149854,real,Alaska
2023,"Estate, gift, excise and other",0.315226,real,Alaska
2023,Income tax not withheld and SECA,1.67446,real,Alaska
2023,Income tax withheld and FICA,4.95211,real,Alaska
2024,Business income taxes,0.160345,real,Alaska
2024,"Estate, gift, excise and other",0.385226,real,Alaska
2024,Income tax not withheld and SECA,1.69447,real,Alaska
2024,Income tax withheld and FICA,5.22649,real,Alaska
2025,Business income taxes,0.202926,real,Alaska
2025,"Estate, gift, excise and other",0.338587,real,Alaska
2025,Income tax not withheld and SECA,1.84742,real,Alaska
2025,Income tax withheld and FICA,5.51208,real,Alaska
1998,Business income taxes,3.06903,real,Arizona
1998,"Estate, gift, excise and other",2.91983,real,Arizona
1998,Income tax not withheld and SECA,8.49144,real,Arizona
1998,Income tax withheld and FICA,23.5103,real,Arizona
1999,Business income taxes,2.42036,real,Arizona
1999,"Estate, gift, excise and other",4.30258,real,Arizona
1999,Income tax not withheld and SECA,9.28563,real,Arizona
1999,Income tax withheld and FICA,25.2789,real,Arizona
2000,Business income taxes,3.1977,real,Arizona
2000,"Estate, gift, excise and other",3.90121,real,Arizona
2000,Income tax not withheld and SECA,9.92312,real,Arizona
2000,Income tax withheld and FICA,27.5291,real,Arizona
2001,Business income taxes,2.22212,real,Arizona
2001,"Estate, gift, excise and other",4.17711,real,Arizona
2001,Income tax not withheld and SECA,10.1019,real,Arizona
2001,Income tax withheld and FICA,28.5499,real,Arizona
2002,Business income taxes,3.22658,real,Arizona
2002,"Estate, gift, excise and other",3.7408,real,Arizona
2002,Income tax not withheld and SECA,7.9679,real,Arizona
2002,Income tax withheld and FICA,27.4321,real,Arizona
2003,Business income taxes,1.5732,real,Arizona
2003,"Estate, gift, excise and other",2.35097,real,Arizona
2003,Income tax not withheld and SECA,7.18942,real,Arizona
2003,Income tax withheld and FICA,27.6772,real,Arizona
2004,Business income taxes,3.08817,real,Arizona
2004,"Estate, gift, excise and other",1.43622,real,Arizona
2004,Income tax not withheld and SECA,7.10805,real,Arizona
2004,Income tax withheld and FICA,29.673,real,Arizona
2005,Business income taxes,3.72728,real,Arizona
2005,"Estate, gift, excise and other",1.73476,real,Arizona
2005,Income tax not withheld and SECA,9.58394,real,Arizona
2005,Income tax withheld and FICA,31.0954,real,Arizona
2006,Business income taxes,4.2818,real,Arizona
2006,"Estate, gift, excise and other",1.60438,real,Arizona
2006,Income tax not withheld and SECA,12.9017,real,Arizona
2006,Income tax withheld and FICA,31.2048,real,Arizona
2007,Business income taxes,3.57811,real,Arizona
2007,"Estate, gift, excise and other",2.73287,real,Arizona
2007,Income tax not withheld and SECA,13.0757,real,Arizona
2007,Income tax withheld and FICA,33.5274,real,Arizona
2008,Business income taxes,3.21288,real,Arizona
2008,"Estate, gift, excise and other",2.53507,real,Arizona
2008,Income tax not withheld and SECA,11.5209,real,Arizona
2008,Income tax withheld and FICA,35.0248,real,Arizona
2009,Business income taxes,3.57186,real,Arizona
2009,"Estate, gift, excise and other",2.32098,real,Arizona
2009,Income tax not withheld and SECA,7.26603,real,Arizona
2009,Income tax withheld and FICA,33.628,real,Arizona
2010,Business income taxes,4.30528,real,Arizona
2010,"Estate, gift, excise and other",2.2276,real,Arizona
2010,Income tax not withheld and SECA,6.35084,real,Arizona
2010,Income tax withheld and FICA,32.5181,real,Arizona
2011,Business income taxes,2.57984,real,Arizona
2011,"Estate, gift, excise and other",2.11694,real,Arizona
2011,Income tax not withheld and SECA,7.1139,real,Arizona
2011,Income tax withheld and FICA,34.4439,real,Arizona
2012,Business income taxes,4.70389,real,Arizona
2012,"Estate, gift, excise and other",2.38704,real,Arizona
2012,Income tax not withheld and SECA,7.71502,real,Arizona
2012,Income tax withheld and FICA,33.2833,real,Arizona
2013,Business income taxes,3.96636,real,Arizona
2013,"Estate, gift, excise and other",2.66857,real,Arizona
2013,Income tax not withheld and SECA,8.91114,real,Arizona
2013,Income tax withheld and FICA,34.291,real,Arizona
2014,Business income taxes,5.83255,real,Arizona
2014,"Estate, gift, excise and other",2.92839,real,Arizona
2014,Income tax not withheld and SECA,9.49517,real,Arizona
2014,Income tax withheld and FICA,35.7151,real,Arizona
2015,Business income taxes,5.08728,real,Arizona
2015,"Estate, gift, excise and other",2.87393,real,Arizona
2015,Income tax not withheld and SECA,10.7335,real,Arizona
2015,Income tax withheld and FICA,37.4564,real,Arizona
2016,Business income taxes,3.34983,real,Arizona
2016,"Estate, gift, excise and other",3.02945,real,Arizona
2016,Income tax not withheld and SECA,11.0458,real,Arizona
2016,Income tax withheld and FICA,37.4983,real,Arizona
2017,Business income taxes,4.17512,real,Arizona
2017,"Estate, gift, excise and other",2.62744,real,Arizona
2017,Income tax not withheld and SECA,11.0644,real,Arizona
2017,Income tax withheld and FICA,38.5986,real,Arizona
2018,Business income taxes,3.29793,real,Arizona
2018,"Estate, gift, excise and other",2.94467,real,Arizona
2018,Income tax not withheld and SECA,12.7038,real,Arizona
2018,Income tax withheld and FICA,39.1857,real,Arizona
2019,Business income taxes,2.25136,real,Arizona
2019,"Estate, gift, excise and other",2.79082,real,Arizona
2019,Income tax not withheld and SECA,12.6264,real,Arizona
2019,Income tax withheld and FICA,41.285,real,Arizona
2020,Business income taxes,4.77732,real,Arizona
2020,"Estate, gift, excise and other",1.72514,real,Arizona
2020,Income tax not withheld and SECA,12.7808,real,Arizona
2020,Income tax withheld and FICA,40.8273,real,Arizona
2021,Business income taxes,5.226,real,Arizona
2021,"Estate, gift, excise and other",1.48521,real,Arizona
2021,Income tax not withheld and SECA,16.6704,real,Arizona
2021,Income tax withheld and FICA,44.6074,real,Arizona
2022,Business income taxes,5.63396,real,Arizona
2022,"Estate, gift, excise and other",3.03964,real,Arizona
2022,Income tax not withheld and SECA,20.7725,real,Arizona
2022,Income tax withheld and FICA,49.6275,real,Arizona
2023,Business income taxes,6.60897,real,Arizona
2023,"Estate, gift, excise and other",1.9255,real,Arizona
2023,Income tax not withheld and SECA,17.4982,real,Arizona
2023,Income tax withheld and FICA,48.4181,real,Arizona
2024,Business income taxes,7.64686,real,Arizona
2024,"Estate, gift, excise and other",2.879,real,Arizona
2024,Income tax not withheld and SECA,18.0185,real,Arizona
2024,Income tax withheld and FICA,52.0663,real,Arizona
2025,Business income taxes,3.68633,real,Arizona
2025,"Estate, gift, excise and other",3.20881,real,Arizona
2025,Income tax not withheld and SECA,19.8968,real,Arizona
2025,Income tax withheld and FICA,54.913,real,Arizona
1998,Business income taxes,5.84895,real,Arkansas
1998,"Estate, gift, excise and other",1.12541,real,Arkansas
1998,Income tax not withheld and SECA,3.39323,real,Arkansas
1998,Income tax withheld and FICA,16.6327,real,Arkansas
1999,Business income taxes,7.35016,real,Arkansas
1999,"Estate, gift, excise and other",1.39496,real,Arkansas
1999,Income tax not withheld and SECA,3.46944,real,Arkansas
1999,Income tax withheld and FICA,18.5411,real,Arkansas
2000,Business income taxes,6.16365,real,Arkansas
2000,"Estate, gift, excise and other",1.3469,real,Arkansas
2000,Income tax not withheld and SECA,3.67894,real,Arkansas
2000,Income tax withheld and FICA,20.2125,real,Arkansas
2001,Business income taxes,6.80879,real,Arkansas
2001,"Estate, gift, excise and other",1.21678,real,Arkansas
2001,Income tax not withheld and SECA,3.62278,real,Arkansas
2001,Income tax withheld and FICA,21.2062,real,Arkansas
2002,Business income taxes,8.03255,real,Arkansas
2002,"Estate, gift, excise and other",1.05259,real,Arkansas
2002,Income tax not withheld and SECA,3.22194,real,Arkansas
2002,Income tax withheld and FICA,21.2129,real,Arkansas
2003,Business income taxes,7.36955,real,Arkansas
2003,"Estate, gift, excise and other",1.23467,real,Arkansas
2003,Income tax not withheld and SECA,2.6755,real,Arkansas
2003,Income tax withheld and FICA,21.8635,real,Arkansas
2004,Business income taxes,8.48269,real,Arkansas
2004,"Estate, gift, excise and other",1.32377,real,Arkansas
2004,Income tax not withheld and SECA,2.61314,real,Arkansas
2004,Income tax withheld and FICA,21.1143,real,Arkansas
2005,Business income taxes,9.62388,real,Arkansas
2005,"Estate, gift, excise and other",1.59047,real,Arkansas
2005,Income tax not withheld and SECA,3.07267,real,Arkansas
2005,Income tax withheld and FICA,23.6866,real,Arkansas
2006,Business income taxes,10.4511,real,Arkansas
2006,"Estate, gift, excise and other",1.31367,real,Arkansas
2006,Income tax not withheld and SECA,3.49677,real,Arkansas
2006,Income tax withheld and FICA,24.6236,real,Arkansas
2007,Business income taxes,9.87704,real,Arkansas
2007,"Estate, gift, excise and other",1.40837,real,Arkansas
2007,Income tax not withheld and SECA,3.79384,real,Arkansas
2007,Income tax withheld and FICA,25.6893,real,Arkansas
2008,Business income taxes,9.13231,real,Arkansas
2008,"Estate, gift, excise and other",1.5789,real,Arkansas
2008,Income tax not withheld and SECA,4.09018,real,Arkansas
2008,Income tax withheld and FICA,26.324,real,Arkansas
2009,Business income taxes,7.98467,real,Arkansas
2009,"Estate, gift, excise and other",1.60171,real,Arkansas
2009,Income tax not withheld and SECA,3.04158,real,Arkansas
2009,Income tax withheld and FICA,24.5551,real,Arkansas
2010,Business income taxes,10.2921,real,Arkansas
2010,"Estate, gift, excise and other",3.54919,real,Arkansas
2010,Income tax not withheld and SECA,2.74268,real,Arkansas
2010,Income tax withheld and FICA,23.9041,real,Arkansas
2011,Business income taxes,7.38944,real,Arkansas
2011,"Estate, gift, excise and other",1.83429,real,Arkansas
2011,Income tax not withheld and SECA,2.99422,real,Arkansas
2011,Income tax withheld and FICA,24.1267,real,Arkansas
2012,Business income taxes,8.6996,real,Arkansas
2012,"Estate, gift, excise and other",1.27612,real,Arkansas
2012,Income tax not withheld and SECA,3.06368,real,Arkansas
2012,Income tax withheld and FICA,21.8712,real,Arkansas
2013,Business income taxes,10.0975,real,Arkansas
2013,"Estate, gift, excise and other",1.34455,real,Arkansas
2013,Income tax not withheld and SECA,3.937,real,Arkansas
2013,Income tax withheld and FICA,23.6191,real,Arkansas
2014,Business income taxes,10.1354,real,Arkansas
2014,"Estate, gift, excise and other",1.45337,real,Arkansas
2014,Income tax not withheld and SECA,4.01861,real,Arkansas
2014,Income tax withheld and FICA,25.312,real,Arkansas
2015,Business income taxes,10.0857,real,Arkansas
2015,"Estate, gift, excise and other",1.67554,real,Arkansas
2015,Income tax not withheld and SECA,4.59358,real,Arkansas
2015,Income tax withheld and FICA,26.4636,real,Arkansas
2016,Business income taxes,8.29199,real,Arkansas
2016,"Estate, gift, excise and other",1.45745,real,Arkansas
2016,Income tax not withheld and SECA,4.14856,real,Arkansas
2016,Income tax withheld and FICA,27.9661,real,Arkansas
2017,Business income taxes,6.4879,real,Arkansas
2017,"Estate, gift, excise and other",1.33921,real,Arkansas
2017,Income tax not withheld and SECA,4.59873,real,Arkansas
2017,Income tax withheld and FICA,29.2963,real,Arkansas
2018,Business income taxes,4.96831,real,Arkansas
2018,"Estate, gift, excise and other",1.66903,real,Arkansas
2018,Income tax not withheld and SECA,5.22865,real,Arkansas
2018,Income tax withheld and FICA,28.4124,real,Arkansas
2019,Business income taxes,3.80114,real,Arkansas
2019,"Estate, gift, excise and other",1.32887,real,Arkansas
2019,Income tax not withheld and SECA,4.33709,real,Arkansas
2019,Income tax withheld and FICA,28.2837,real,Arkansas
2020,Business income taxes,4.90097,real,Arkansas
2020,"Estate, gift, excise and other",1.2098,real,Arkansas
2020,Income tax not withheld and SECA,4.13268,real,Arkansas
2020,Income tax withheld and FICA,28.3698,real,Arkansas
2021,Business income taxes,5.80973,real,Arkansas
2021,"Estate, gift, excise and other",1.39077,real,Arkansas
2021,Income tax not withheld and SECA,5.17711,real,Arkansas
2021,Income tax withheld and FICA,30.034300000000002,real,Arkansas
2022,Business income taxes,5.33643,real,Arkansas
2022,"Estate, gift, excise and other",1.54789,real,Arkansas
2022,Income tax not withheld and SECA,7.6897,real,Arkansas
2022,Income tax withheld and FICA,29.7244,real,Arkansas
2023,Business income taxes,3.88183,real,Arkansas
2023,"Estate, gift, excise and other",1.36369,real,Arkansas
2023,Income tax not withheld and SECA,5.0445,real,Arkansas
2023,Income tax withheld and FICA,31.1291,real,Arkansas
2024,Business income taxes,4.5668,real,Arkansas
2024,"Estate, gift, excise and other",1.22981,real,Arkansas
2024,Income tax not withheld and SECA,6.28905,real,Arkansas
2024,Income tax withheld and FICA,31.2037,real,Arkansas
2025,Business income taxes,3.51859,real,Arkansas
2025,"Estate, gift, excise and other",1.05924,real,Arkansas
2025,Income tax not withheld and SECA,5.23511,real,Arkansas
2025,Income tax withheld and FICA,32.1803,real,Arkansas
1998,Business income taxes,40.8301,real,California
1998,"Estate, gift, excise and other",14.9971,real,California
1998,Income tax not withheld and SECA,78.6545,real,California
1998,Income tax withheld and FICA,229.775,real,California
1999,Business income taxes,41.1707,real,California
1999,"Estate, gift, excise and other",17.3124,real,California
1999,Income tax not withheld and SECA,84.5878,real,California
1999,Income tax withheld and FICA,248.562,real,California
2000,Business income taxes,48.6475,real,California
2000,"Estate, gift, excise and other",16.5663,real,California
2000,Income tax not withheld and SECA,109.187,real,California
2000,Income tax withheld and FICA,283.274,real,California
2001,Business income taxes,35.184,real,California
2001,"Estate, gift, excise and other",16.9879,real,California
2001,Income tax not withheld and SECA,120.524,real,California
2001,Income tax withheld and FICA,285.225,real,California
2002,Business income taxes,36.8448,real,California
2002,"Estate, gift, excise and other",14.7603,real,California
2002,Income tax not withheld and SECA,81.6502,real,California
2002,Income tax withheld and FICA,261.979,real,California
2003,Business income taxes,37.1462,real,California
2003,"Estate, gift, excise and other",13.0912,real,California
2003,Income tax not withheld and SECA,72.9538,real,California
2003,Income tax withheld and FICA,256.871,real,California
2004,Business income taxes,46.044,real,California
2004,"Estate, gift, excise and other",13.2443,real,California
2004,Income tax not withheld and SECA,72.1882,real,California
2004,Income tax withheld and FICA,256.289,real,California
2005,Business income taxes,52.6272,real,California
2005,"Estate, gift, excise and other",13.4033,real,California
2005,Income tax not withheld and SECA,88.6421,real,California
2005,Income tax withheld and FICA,265.643,real,California
2006,Business income taxes,68.0372,real,California
2006,"Estate, gift, excise and other",6.74758,real,California
2006,Income tax not withheld and SECA,101.529,real,California
2006,Income tax withheld and FICA,275.269,real,California
2007,Business income taxes,60.4897,real,California
2007,"Estate, gift, excise and other",14.3036,real,California
2007,Income tax not withheld and SECA,103.146,real,California
2007,Income tax withheld and FICA,290.283,real,California
2008,Business income taxes,59.0494,real,California
2008,"Estate, gift, excise and other",14.6488,real,California
2008,Income tax not withheld and SECA,101.556,real,California
2008,Income tax withheld and FICA,289.197,real,California
2009,Business income taxes,39.1599,real,California
2009,"Estate, gift, excise and other",13.5032,real,California
2009,Income tax not withheld and SECA,67.9261,real,California
2009,Income tax withheld and FICA,262.219,real,California
2010,Business income taxes,58.9032,real,California
2010,"Estate, gift, excise and other",12.2229,real,California
2010,Income tax not withheld and SECA,62.8214,real,California
2010,Income tax withheld and FICA,257.828,real,California
2011,Business income taxes,49.2986,real,California
2011,"Estate, gift, excise and other",9.55947,real,California
2011,Income tax not withheld and SECA,74.1688,real,California
2011,Income tax withheld and FICA,262.109,real,California
2012,Business income taxes,51.3057,real,California
2012,"Estate, gift, excise and other",11.1002,real,California
2012,Income tax not withheld and SECA,74.3034,real,California
2012,Income tax withheld and FICA,266.992,real,California
2013,Business income taxes,48.3065,real,California
2013,"Estate, gift, excise and other",14.613,real,California
2013,Income tax not withheld and SECA,92.3526,real,California
2013,Income tax withheld and FICA,298.01,real,California
2014,Business income taxes,61.5703,real,California
2014,"Estate, gift, excise and other",16.4068,real,California
2014,Income tax not withheld and SECA,98.3949,real,California
2014,Income tax withheld and FICA,315.256,real,California
2015,Business income taxes,67.5571,real,California
2015,"Estate, gift, excise and other",17.2155,real,California
2015,Income tax not withheld and SECA,115.762,real,California
2015,Income tax withheld and FICA,334.026,real,California
2016,Business income taxes,63.2584,real,California
2016,"Estate, gift, excise and other",17.69,real,California
2016,Income tax not withheld and SECA,117.108,real,California
2016,Income tax withheld and FICA,354.195,real,California
2017,Business income taxes,60.7669,real,California
2017,"Estate, gift, excise and other",18.721800000000002,real,California
2017,Income tax not withheld and SECA,116.035,real,California
2017,Income tax withheld and FICA,370.666,real,California
2018,Business income taxes,58.7274,real,California
2018,"Estate, gift, excise and other",18.7314,real,California
2018,Income tax not withheld and SECA,127.503,real,California
2018,Income tax withheld and FICA,369.175,real,California
2019,Business income taxes,53.9854,real,California
2019,"Estate, gift, excise and other",14.655,real,California
2019,Income tax not withheld and SECA,134.768,real,California
2019,Income tax withheld and FICA,379.454,real,California
2020,Business income taxes,53.734,real,California
2020,"Estate, gift, excise and other",13.8224,real,California
2020,Income tax not withheld and SECA,127.461,real,California
2020,Income tax withheld and FICA,374.82,real,California
2021,Business income taxes,76.7149,real,California
2021,"Estate, gift, excise and other",15.7317,real,California
2021,Income tax not withheld and SECA,162.241,real,California
2021,Income tax withheld and FICA,438.123,real,California
2022,Business income taxes,85.1812,real,California
2022,"Estate, gift, excise and other",19.5296,real,California
2022,Income tax not withheld and SECA,192.15,real,California
2022,Income tax withheld and FICA,470.398,real,California
2023,Business income taxes,55.1643,real,California
2023,"Estate, gift, excise and other",12.6127,real,California
2023,Income tax not withheld and SECA,84.4201,real,California
2023,Income tax withheld and FICA,446.523,real,California
2024,Business income taxes,158.03,real,California
2024,"Estate, gift, excise and other",21.2671,real,California
2024,Income tax not withheld and SECA,187.656,real,California
2024,Income tax withheld and FICA,459.804,real,California
2025,Business income taxes,109.443,real,California
2025,"Estate, gift, excise and other",19.0679,real,California
2025,Income tax not withheld and SECA,143.555,real,California
2025,Income tax withheld and FICA,494.48,real,California
1998,Business income taxes,3.02523,real,Colorado
1998,"Estate, gift, excise and other",1.97277,real,Colorado
1998,Income tax not withheld and SECA,9.98949,real,Colorado
1998,Income tax withheld and FICA,39.3886,real,Colorado
1999,Business income taxes,3.60422,real,Colorado
1999,"Estate, gift, excise and other",2.00453,real,Colorado
1999,Income tax not withheld and SECA,10.8337,real,Colorado
1999,Income tax withheld and FICA,42.0649,real,Colorado
2000,Business income taxes,6.89617,real,Colorado
2000,"Estate, gift, excise and other",2.59134,real,Colorado
2000,Income tax not withheld and SECA,13.3995,real,Colorado
2000,Income tax withheld and FICA,43.2517,real,Colorado
2001,Business income taxes,2.29318,real,Colorado
2001,"Estate, gift, excise and other",2.8618,real,Colorado
2001,Income tax not withheld and SECA,13.7588,real,Colorado
2001,Income tax withheld and FICA,43.4503,real,Colorado
2002,Business income taxes,2.039,real,Colorado
2002,"Estate, gift, excise and other",2.22752,real,Colorado
2002,Income tax not withheld and SECA,10.4344,real,Colorado
2002,Income tax withheld and FICA,47.2733,real,Colorado
2003,Business income taxes,1.78841,real,Colorado
2003,"Estate, gift, excise and other",2.55232,real,Colorado
2003,Income tax not withheld and SECA,9.15114,real,Colorado
2003,Income tax withheld and FICA,42.8455,real,Colorado
2004,Business income taxes,3.47328,real,Colorado
2004,"Estate, gift, excise and other",3.29829,real,Colorado
2004,Income tax not withheld and SECA,8.16368,real,Colorado
2004,Income tax withheld and FICA,41.5531,real,Colorado
2005,Business income taxes,4.74594,real,Colorado
2005,"Estate, gift, excise and other",2.8425,real,Colorado
2005,Income tax not withheld and SECA,9.78581,real,Colorado
2005,Income tax withheld and FICA,42.3552,real,Colorado
2006,Business income taxes,4.87128,real,Colorado
2006,"Estate, gift, excise and other",2.94466,real,Colorado
2006,Income tax not withheld and SECA,11.8946,real,Colorado
2006,Income tax withheld and FICA,45.0939,real,Colorado
2007,Business income taxes,6.10344,real,Colorado
2007,"Estate, gift, excise and other",2.77894,real,Colorado
2007,Income tax not withheld and SECA,13.0914,real,Colorado
2007,Income tax withheld and FICA,45.7311,real,Colorado
2008,Business income taxes,6.76582,real,Colorado
2008,"Estate, gift, excise and other",2.60714,real,Colorado
2008,Income tax not withheld and SECA,13.0013,real,Colorado
2008,Income tax withheld and FICA,48.0889,real,Colorado
2009,Business income taxes,4.1284,real,Colorado
2009,"Estate, gift, excise and other",2.67152,real,Colorado
2009,Income tax not withheld and SECA,9.09963,real,Colorado
2009,Income tax withheld and FICA,39.7214,real,Colorado
2010,Business income taxes,5.47614,real,Colorado
2010,"Estate, gift, excise and other",2.81447,real,Colorado
2010,Income tax not withheld and SECA,8.37874,real,Colorado
2010,Income tax withheld and FICA,39.6397,real,Colorado
2011,Business income taxes,5.09411,real,Colorado
2011,"Estate, gift, excise and other",2.0804,real,Colorado
2011,Income tax not withheld and SECA,9.52746,real,Colorado
2011,Income tax withheld and FICA,39.9613,real,Colorado
2012,Business income taxes,5.47606,real,Colorado
2012,"Estate, gift, excise and other",1.93771,real,Colorado
2012,Income tax not withheld and SECA,9.84392,real,Colorado
2012,Income tax withheld and FICA,39.6659,real,Colorado
2013,Business income taxes,6.96888,real,Colorado
2013,"Estate, gift, excise and other",1.92837,real,Colorado
2013,Income tax not withheld and SECA,12.0225,real,Colorado
2013,Income tax withheld and FICA,42.1595,real,Colorado
2014,Business income taxes,9.77301,real,Colorado
2014,"Estate, gift, excise and other",1.92613,real,Colorado
2014,Income tax not withheld and SECA,12.5609,real,Colorado
2014,Income tax withheld and FICA,44.9885,real,Colorado
2015,Business income taxes,-2.70257,real,Colorado
2015,"Estate, gift, excise and other",2.13717,real,Colorado
2015,Income tax not withheld and SECA,14.610900000000001,real,Colorado
2015,Income tax withheld and FICA,48.1373,real,Colorado
2016,Business income taxes,4.69746,real,Colorado
2016,"Estate, gift, excise and other",1.96376,real,Colorado
2016,Income tax not withheld and SECA,14.6675,real,Colorado
2016,Income tax withheld and FICA,50.2055,real,Colorado
2017,Business income taxes,3.72703,real,Colorado
2017,"Estate, gift, excise and other",2.02388,real,Colorado
2017,Income tax not withheld and SECA,14.7438,real,Colorado
2017,Income tax withheld and FICA,52.4421,real,Colorado
2018,Business income taxes,3.60839,real,Colorado
2018,"Estate, gift, excise and other",1.97391,real,Colorado
2018,Income tax not withheld and SECA,15.9966,real,Colorado
2018,Income tax withheld and FICA,52.2484,real,Colorado
2019,Business income taxes,3.53328,real,Colorado
2019,"Estate, gift, excise and other",2.06744,real,Colorado
2019,Income tax not withheld and SECA,16.3518,real,Colorado
2019,Income tax withheld and FICA,52.0883,real,Colorado
2020,Business income taxes,3.02637,real,Colorado
2020,"Estate, gift, excise and other",1.8899,real,Colorado
2020,Income tax not withheld and SECA,15.5768,real,Colorado
2020,Income tax withheld and FICA,51.0213,real,Colorado
2021,Business income taxes,5.74021,real,Colorado
2021,"Estate, gift, excise and other",2.13664,real,Colorado
2021,Income tax not withheld and SECA,19.0689,real,Colorado
2021,Income tax withheld and FICA,53.785,real,Colorado
2022,Business income taxes,8.28411,real,Colorado
2022,"Estate, gift, excise and other",1.97797,real,Colorado
2022,Income tax not withheld and SECA,25.7578,real,Colorado
2022,Income tax withheld and FICA,61.3688,real,Colorado
2023,Business income taxes,4.99205,real,Colorado
2023,"Estate, gift, excise and other",1.94311,real,Colorado
2023,Income tax not withheld and SECA,19.9124,real,Colorado
2023,Income tax withheld and FICA,63.4969,real,Colorado
2024,Business income taxes,5.95622,real,Colorado
2024,"Estate, gift, excise and other",1.90992,real,Colorado
2024,Income tax not withheld and SECA,20.2808,real,Colorado
2024,Income tax withheld and FICA,60.8695,real,Colorado
2025,Business income taxes,4.8939,real,Colorado
2025,"Estate, gift, excise and other",2.40356,real,Colorado
2025,Income tax not withheld and SECA,23.0676,real,Colorado
2025,Income tax withheld and FICA,66.2612,real,Colorado
1998,Business income taxes,10.1324,real,Connecticut
1998,"Estate, gift, excise and other",2.16544,real,Connecticut
1998,Income tax not withheld and SECA,12.3436,real,Connecticut
1998,Income tax withheld and FICA,39.3062,real,Connecticut
1999,Business income taxes,11.1399,real,Connecticut
1999,"Estate, gift, excise and other",1.62701,real,Connecticut
1999,Income tax not withheld and SECA,12.9696,real,Connecticut
1999,Income tax withheld and FICA,43.6702,real,Connecticut
2000,Business income taxes,10.6463,real,Connecticut
2000,"Estate, gift, excise and other",1.52952,real,Connecticut
2000,Income tax not withheld and SECA,14.9736,real,Connecticut
2000,Income tax withheld and FICA,44.2512,real,Connecticut
2001,Business income taxes,11.4359,real,Connecticut
2001,"Estate, gift, excise and other",1.5825,real,Connecticut
2001,Income tax not withheld and SECA,16.7573,real,Connecticut
2001,Income tax withheld and FICA,44.748,real,Connecticut
2002,Business income taxes,11.3322,real,Connecticut
2002,"Estate, gift, excise and other",1.48489,real,Connecticut
2002,Income tax not withheld and SECA,12.7818,real,Connecticut
2002,Income tax withheld and FICA,41.9541,real,Connecticut
2003,Business income taxes,11.1723,real,Connecticut
2003,"Estate, gift, excise and other",1.43111,real,Connecticut
2003,Income tax not withheld and SECA,10.8107,real,Connecticut
2003,Income tax withheld and FICA,41.283,real,Connecticut
2004,Business income taxes,13.2134,real,Connecticut
2004,"Estate, gift, excise and other",2.16728,real,Connecticut
2004,Income tax not withheld and SECA,10.7233,real,Connecticut
2004,Income tax withheld and FICA,42.1975,real,Connecticut
2005,Business income taxes,14.548400000000001,real,Connecticut
2005,"Estate, gift, excise and other",2.28318,real,Connecticut
2005,Income tax not withheld and SECA,13.2691,real,Connecticut
2005,Income tax withheld and FICA,42.852,real,Connecticut
2006,Business income taxes,15.8544,real,Connecticut
2006,"Estate, gift, excise and other",1.74156,real,Connecticut
2006,Income tax not withheld and SECA,14.8012,real,Connecticut
2006,Income tax withheld and FICA,44.8774,real,Connecticut
2007,Business income taxes,17.6786,real,Connecticut
2007,"Estate, gift, excise and other",1.53466,real,Connecticut
2007,Income tax not withheld and SECA,16.3185,real,Connecticut
2007,Income tax withheld and FICA,45.3426,real,Connecticut
2008,Business income taxes,9.75739,real,Connecticut
2008,"Estate, gift, excise and other",1.64313,real,Connecticut
2008,Income tax not withheld and SECA,18.0746,real,Connecticut
2008,Income tax withheld and FICA,49.9883,real,Connecticut
2009,Business income taxes,6.93843,real,Connecticut
2009,"Estate, gift, excise and other",2.39782,real,Connecticut
2009,Income tax not withheld and SECA,11.3789,real,Connecticut
2009,Income tax withheld and FICA,43.8658,real,Connecticut
2010,Business income taxes,7.49378,real,Connecticut
2010,"Estate, gift, excise and other",1.60143,real,Connecticut
2010,Income tax not withheld and SECA,11.4929,real,Connecticut
2010,Income tax withheld and FICA,42.4702,real,Connecticut
2011,Business income taxes,6.28314,real,Connecticut
2011,"Estate, gift, excise and other",2.77724,real,Connecticut
2011,Income tax not withheld and SECA,11.7977,real,Connecticut
2011,Income tax withheld and FICA,43.1584,real,Connecticut
2012,Business income taxes,7.49474,real,Connecticut
2012,"Estate, gift, excise and other",2.88373,real,Connecticut
2012,Income tax not withheld and SECA,11.8741,real,Connecticut
2012,Income tax withheld and FICA,42.9641,real,Connecticut
2013,Business income taxes,9.40519,real,Connecticut
2013,"Estate, gift, excise and other",3.27621,real,Connecticut
2013,Income tax not withheld and SECA,14.8365,real,Connecticut
2013,Income tax withheld and FICA,45.2721,real,Connecticut
2014,Business income taxes,11.496,real,Connecticut
2014,"Estate, gift, excise and other",3.66496,real,Connecticut
2014,Income tax not withheld and SECA,15.567,real,Connecticut
2014,Income tax withheld and FICA,46.1034,real,Connecticut
2015,Business income taxes,10.9376,real,Connecticut
2015,"Estate, gift, excise and other",3.59035,real,Connecticut
2015,Income tax not withheld and SECA,17.1921,real,Connecticut
2015,Income tax withheld and FICA,46.2208,real,Connecticut
2016,Business income taxes,15.5182,real,Connecticut
2016,"Estate, gift, excise and other",3.37528,real,Connecticut
2016,Income tax not withheld and SECA,14.8874,real,Connecticut
2016,Income tax withheld and FICA,48.4152,real,Connecticut
2017,Business income taxes,11.1446,real,Connecticut
2017,"Estate, gift, excise and other",1.97215,real,Connecticut
2017,Income tax not withheld and SECA,13.3059,real,Connecticut
2017,Income tax withheld and FICA,47.54,real,Connecticut
2018,Business income taxes,8.94907,real,Connecticut
2018,"Estate, gift, excise and other",1.92003,real,Connecticut
2018,Income tax not withheld and SECA,15.1177,real,Connecticut
2018,Income tax withheld and FICA,41.5797,real,Connecticut
2019,Business income taxes,10.0603,real,Connecticut
2019,"Estate, gift, excise and other",3.65042,real,Connecticut
2019,Income tax not withheld and SECA,14.9034,real,Connecticut
2019,Income tax withheld and FICA,41.8845,real,Connecticut
2020,Business income taxes,8.1904,real,Connecticut
2020,"Estate, gift, excise and other",1.32108,real,Connecticut
2020,Income tax not withheld and SECA,13.9498,real,Connecticut
2020,Income tax withheld and FICA,40.3848,real,Connecticut
2021,Business income taxes,9.73633,real,Connecticut
2021,"Estate, gift, excise and other",2.57977,real,Connecticut
2021,Income tax not withheld and SECA,17.6387,real,Connecticut
2021,Income tax withheld and FICA,41.0949,real,Connecticut
2022,Business income taxes,12.2315,real,Connecticut
2022,"Estate, gift, excise and other",2.53832,real,Connecticut
2022,Income tax not withheld and SECA,22.7735,real,Connecticut
2022,Income tax withheld and FICA,41.9073,real,Connecticut
2023,Business income taxes,12.0032,real,Connecticut
2023,"Estate, gift, excise and other",2.38917,real,Connecticut
2023,Income tax not withheld and SECA,16.1399,real,Connecticut
2023,Income tax withheld and FICA,45.313,real,Connecticut
2024,Business income taxes,10.5642,real,Connecticut
2024,"Estate, gift, excise and other",2.00816,real,Connecticut
2024,Income tax not withheld and SECA,17.2478,real,Connecticut
2024,Income tax withheld and FICA,41.4043,real,Connecticut
2025,Business income taxes,8.7082,real,Connecticut
2025,"Estate, gift, excise and other",2.56152,real,Connecticut
2025,Income tax not withheld and SECA,20.6623,real,Connecticut
2025,Income tax withheld and FICA,43.785,real,Connecticut
1998,Business income taxes,4.99259,real,Delaware
1998,"Estate, gift, excise and other",0.249488,real,Delaware
1998,Income tax not withheld and SECA,1.96155,real,Delaware
1998,Income tax withheld and FICA,8.38014,real,Delaware
1999,Business income taxes,5.33781,real,Delaware
1999,"Estate, gift, excise and other",0.295657,real,Delaware
1999,Income tax not withheld and SECA,2.28493,real,Delaware
1999,Income tax withheld and FICA,8.73022,real,Delaware
2000,Business income taxes,9.26998,real,Delaware
2000,"Estate, gift, excise and other",0.389082,real,Delaware
2000,Income tax not withheld and SECA,2.32358,real,Delaware
2000,Income tax withheld and FICA,8.97345,real,Delaware
2001,Business income taxes,4.2945,real,Delaware
2001,"Estate, gift, excise and other",0.541347,real,Delaware
2001,Income tax not withheld and SECA,2.23646,real,Delaware
2001,Income tax withheld and FICA,10.502,real,Delaware
2002,Business income taxes,6.50504,real,Delaware
2002,"Estate, gift, excise and other",0.358611,real,Delaware
2002,Income tax not withheld and SECA,1.68327,real,Delaware
2002,Income tax withheld and FICA,11.5111,real,Delaware
2003,Business income taxes,5.74786,real,Delaware
2003,"Estate, gift, excise and other",0.305078,real,Delaware
2003,Income tax not withheld and SECA,1.60048,real,Delaware
2003,Income tax withheld and FICA,9.84761,real,Delaware
2004,Business income taxes,6.39234,real,Delaware
2004,"Estate, gift, excise and other",0.267405,real,Delaware
2004,Income tax not withheld and SECA,1.53522,real,Delaware
2004,Income tax withheld and FICA,9.9786,real,Delaware
2005,Business income taxes,7.63342,real,Delaware
2005,"Estate, gift, excise and other",0.390407,real,Delaware
2005,Income tax not withheld and SECA,2.551,real,Delaware
2005,Income tax withheld and FICA,10.3432,real,Delaware
2006,Business income taxes,7.41042,real,Delaware
2006,"Estate, gift, excise and other",0.356997,real,Delaware
2006,Income tax not withheld and SECA,2.98502,real,Delaware
2006,Income tax withheld and FICA,15.6272,real,Delaware
2007,Business income taxes,7.60675,real,Delaware
2007,"Estate, gift, excise and other",0.324545,real,Delaware
2007,Income tax not withheld and SECA,3.3605,real,Delaware
2007,Income tax withheld and FICA,13.8457,real,Delaware
2008,Business income taxes,12.7121,real,Delaware
2008,"Estate, gift, excise and other",0.2196,real,Delaware
2008,Income tax not withheld and SECA,3.6083,real,Delaware
2008,Income tax withheld and FICA,14.9834,real,Delaware
2009,Business income taxes,3.93949,real,Delaware
2009,"Estate, gift, excise and other",1.06368,real,Delaware
2009,Income tax not withheld and SECA,1.16131,real,Delaware
2009,Income tax withheld and FICA,13.6118,real,Delaware
2010,Business income taxes,8.23759,real,Delaware
2010,"Estate, gift, excise and other",1.29302,real,Delaware
2010,Income tax not withheld and SECA,1.04522,real,Delaware
2010,Income tax withheld and FICA,11.3924,real,Delaware
2011,Business income taxes,10.6471,real,Delaware
2011,"Estate, gift, excise and other",2.05168,real,Delaware
2011,Income tax not withheld and SECA,1.11525,real,Delaware
2011,Income tax withheld and FICA,15.8159,real,Delaware
2012,Business income taxes,9.77994,real,Delaware
2012,"Estate, gift, excise and other",2.88426,real,Delaware
2012,Income tax not withheld and SECA,1.12398,real,Delaware
2012,Income tax withheld and FICA,16.342,real,Delaware
2013,Business income taxes,7.82264,real,Delaware
2013,"Estate, gift, excise and other",1.72399,real,Delaware
2013,Income tax not withheld and SECA,1.28846,real,Delaware
2013,Income tax withheld and FICA,16.3569,real,Delaware
2014,Business income taxes,5.77314,real,Delaware
2014,"Estate, gift, excise and other",1.80482,real,Delaware
2014,Income tax not withheld and SECA,1.3062,real,Delaware
2014,Income tax withheld and FICA,16.47,real,Delaware
2015,Business income taxes,12.0105,real,Delaware
2015,"Estate, gift, excise and other",1.79632,real,Delaware
2015,Income tax not withheld and SECA,1.49768,real,Delaware
2015,Income tax withheld and FICA,14.5165,real,Delaware
2016,Business income taxes,5.37173,real,Delaware
2016,"Estate, gift, excise and other",2.10419,real,Delaware
2016,Income tax not withheld and SECA,1.59029,real,Delaware
2016,Income tax withheld and FICA,17.0268,real,Delaware
2017,Business income taxes,3.37603,real,Delaware
2017,"Estate, gift, excise and other",1.79869,real,Delaware
2017,Income tax not withheld and SECA,1.50901,real,Delaware
2017,Income tax withheld and FICA,15.2728,real,Delaware
2018,Business income taxes,3.12724,real,Delaware
2018,"Estate, gift, excise and other",2.59106,real,Delaware
2018,Income tax not withheld and SECA,1.80121,real,Delaware
2018,Income tax withheld and FICA,16.4224,real,Delaware
2019,Business income taxes,3.3279,real,Delaware
2019,"Estate, gift, excise and other",3.09385,real,Delaware
2019,Income tax not withheld and SECA,1.53728,real,Delaware
2019,Income tax withheld and FICA,16.8284,real,Delaware
2020,Business income taxes,4.03308,real,Delaware
2020,"Estate, gift, excise and other",2.00396,real,Delaware
2020,Income tax not withheld and SECA,1.70439,real,Delaware
2020,Income tax withheld and FICA,17.3566,real,Delaware
2021,Business income taxes,17.046,real,Delaware
2021,"Estate, gift, excise and other",4.06887,real,Delaware
2021,Income tax not withheld and SECA,2.08486,real,Delaware
2021,Income tax withheld and FICA,14.9788,real,Delaware
2022,Business income taxes,4.22422,real,Delaware
2022,"Estate, gift, excise and other",5.76876,real,Delaware
2022,Income tax not withheld and SECA,2.46158,real,Delaware
2022,Income tax withheld and FICA,17.5618,real,Delaware
2023,Business income taxes,6.50011,real,Delaware
2023,"Estate, gift, excise and other",2.96331,real,Delaware
2023,Income tax not withheld and SECA,2.07648,real,Delaware
2023,Income tax withheld and FICA,15.2612,real,Delaware
2024,Business income taxes,4.15425,real,Delaware
2024,"Estate, gift, excise and other",2.9495,real,Delaware
2024,Income tax not withheld and SECA,2.13257,real,Delaware
2024,Income tax withheld and FICA,11.8327,real,Delaware
2025,Business income taxes,3.86512,real,Delaware
2025,"Estate, gift, excise and other",3.77965,real,Delaware
2025,Income tax not withheld and SECA,2.39972,real,Delaware
2025,Income tax withheld and FICA,12.1808,real,Delaware
2002,Business income taxes,4.23728,real,District of Columbia
2002,"Estate, gift, excise and other",1.13681,real,District of Columbia
2002,Income tax not withheld and SECA,1.99566,real,District of Columbia
2002,Income tax withheld and FICA,17.7261,real,District of Columbia
2003,Business income taxes,7.17643,real,District of Columbia
2003,"Estate, gift, excise and other",1.38452,real,District of Columbia
2003,Income tax not withheld and SECA,1.80511,real,District of Columbia
2003,Income tax withheld and FICA,22.0494,real,District of Columbia
2004,Business income taxes,3.78549,real,District of Columbia
2004,"Estate, gift, excise and other",1.1458,real,District of Columbia
2004,Income tax not withheld and SECA,1.75095,real,District of Columbia
2004,Income tax withheld and FICA,20.9105,real,District of Columbia
2005,Business income taxes,3.91183,real,District of Columbia
2005,"Estate, gift, excise and other",0.747775,real,District of Columbia
2005,Income tax not withheld and SECA,2.14053,real,District of Columbia
2005,Income tax withheld and FICA,21.9645,real,District of Columbia
2006,Business income taxes,1.72221,real,District of Columbia
2006,"Estate, gift, excise and other",0.733127,real,District of Columbia
2006,Income tax not withheld and SECA,2.42874,real,District of Columbia
2006,Income tax withheld and FICA,21.8577,real,District of Columbia
2007,Business income taxes,5.0836,real,District of Columbia
2007,"Estate, gift, excise and other",0.891793,real,District of Columbia
2007,Income tax not withheld and SECA,2.94301,real,District of Columbia
2007,Income tax withheld and FICA,21.4916,real,District of Columbia
2008,Business income taxes,2.19897,real,District of Columbia
2008,"Estate, gift, excise and other",1.09063,real,District of Columbia
2008,Income tax not withheld and SECA,2.75269,real,District of Columbia
2008,Income tax withheld and FICA,22.3317,real,District of Columbia
2009,Business income taxes,2.11957,real,District of Columbia
2009,"Estate, gift, excise and other",0.846277,real,District of Columbia
2009,Income tax not withheld and SECA,2.01238,real,District of Columbia
2009,Income tax withheld and FICA,23.1869,real,District of Columbia
2010,Business income taxes,0.654369,real,District of Columbia
2010,"Estate, gift, excise and other",0.762723,real,District of Columbia
2010,Income tax not withheld and SECA,1.91633,real,District of Columbia
2010,Income tax withheld and FICA,23.0386,real,District of Columbia
2011,Business income taxes,0.62151,real,District of Columbia
2011,"Estate, gift, excise and other",0.660132,real,District of Columbia
2011,Income tax not withheld and SECA,2.51985,real,District of Columbia
2011,Income tax withheld and FICA,23.7642,real,District of Columbia
2012,Business income taxes,0.542006,real,District of Columbia
2012,"Estate, gift, excise and other",0.952362,real,District of Columbia
2012,Income tax not withheld and SECA,2.19827,real,District of Columbia
2012,Income tax withheld and FICA,24.9366,real,District of Columbia
2013,Business income taxes,2.20358,real,District of Columbia
2013,"Estate, gift, excise and other",0.723465,real,District of Columbia
2013,Income tax not withheld and SECA,2.86788,real,District of Columbia
2013,Income tax withheld and FICA,27.3643,real,District of Columbia
2014,Business income taxes,1.76082,real,District of Columbia
2014,"Estate, gift, excise and other",0.917254,real,District of Columbia
2014,Income tax not withheld and SECA,2.81977,real,District of Columbia
2014,Income tax withheld and FICA,29.7007,real,District of Columbia
2015,Business income taxes,5.64394,real,District of Columbia
2015,"Estate, gift, excise and other",0.862882,real,District of Columbia
2015,Income tax not withheld and SECA,3.17944,real,District of Columbia
2015,Income tax withheld and FICA,24.0109,real,District of Columbia
2016,Business income taxes,2.94234,real,District of Columbia
2016,"Estate, gift, excise and other",0.906969,real,District of Columbia
2016,Income tax not withheld and SECA,3.17969,real,District of Columbia
2016,Income tax withheld and FICA,28.5819,real,District of Columbia
2017,Business income taxes,2.24584,real,District of Columbia
2017,"Estate, gift, excise and other",0.873778,real,District of Columbia
2017,Income tax not withheld and SECA,3.21388,real,District of Columbia
2017,Income tax withheld and FICA,30.0473,real,District of Columbia
2018,Business income taxes,3.91605,real,District of Columbia
2018,"Estate, gift, excise and other",0.890394,real,District of Columbia
2018,Income tax not withheld and SECA,3.33534,real,District of Columbia
2018,Income tax withheld and FICA,27.6273,real,District of Columbia
2019,Business income taxes,1.33047,real,District of Columbia
2019,"Estate, gift, excise and other",0.893487,real,District of Columbia
2019,Income tax not withheld and SECA,3.62961,real,District of Columbia
2019,Income tax withheld and FICA,28.1404,real,District of Columbia
2020,Business income taxes,2.12675,real,District of Columbia
2020,"Estate, gift, excise and other",0.775086,real,District of Columbia
2020,Income tax not withheld and SECA,3.62654,real,District of Columbia
2020,Income tax withheld and FICA,31.6041,real,District of Columbia
2021,Business income taxes,11.4147,real,District of Columbia
2021,"Estate, gift, excise and other",0.926938,real,District of Columbia
2021,Income tax not withheld and SECA,4.84987,real,District of Columbia
2021,Income tax withheld and FICA,23.6067,real,District of Columbia
2022,Business income taxes,4.92557,real,District of Columbia
2022,"Estate, gift, excise and other",1.2667,real,District of Columbia
2022,Income tax not withheld and SECA,5.31523,real,District of Columbia
2022,Income tax withheld and FICA,30.0156,real,District of Columbia
2023,Business income taxes,4.20133,real,District of Columbia
2023,"Estate, gift, excise and other",1.06476,real,District of Columbia
2023,Income tax not withheld and SECA,3.85616,real,District of Columbia
2023,Income tax withheld and FICA,30.3761,real,District of Columbia
2024,Business income taxes,4.19571,real,District of Columbia
2024,"Estate, gift, excise and other",1.07632,real,District of Columbia
2024,Income tax not withheld and SECA,4.30589,real,District of Columbia
2024,Income tax withheld and FICA,36.851,real,District of Columbia
2025,Business income taxes,2.94178,real,District of Columbia
2025,"Estate, gift, excise and other",1.24636,real,District of Columbia
2025,Income tax not withheld and SECA,4.63878,real,District of Columbia
2025,Income tax withheld and FICA,32.8384,real,District of Columbia
1998,Business income taxes,9.47957,real,Florida
1998,"Estate, gift, excise and other",6.27012,real,Florida
1998,Income tax not withheld and SECA,40.9261,real,Florida
1998,Income tax withheld and FICA,91.3968,real,Florida
1999,Business income taxes,9.15311,real,Florida
1999,"Estate, gift, excise and other",7.31078,real,Florida
1999,Income tax not withheld and SECA,43.5041,real,Florida
1999,Income tax withheld and FICA,92.6942,real,Florida
2000,Business income taxes,11.3965,real,Florida
2000,"Estate, gift, excise and other",7.86443,real,Florida
2000,Income tax not withheld and SECA,46.592,real,Florida
2000,Income tax withheld and FICA,106.419,real,Florida
2001,Business income taxes,9.27632,real,Florida
2001,"Estate, gift, excise and other",7.31109,real,Florida
2001,Income tax not withheld and SECA,47.1196,real,Florida
2001,Income tax withheld and FICA,108.817,real,Florida
2002,Business income taxes,10.0473,real,Florida
2002,"Estate, gift, excise and other",7.3175,real,Florida
2002,Income tax not withheld and SECA,38.0002,real,Florida
2002,Income tax withheld and FICA,105.428,real,Florida
2003,Business income taxes,8.33562,real,Florida
2003,"Estate, gift, excise and other",6.66258,real,Florida
2003,Income tax not withheld and SECA,34.8647,real,Florida
2003,Income tax withheld and FICA,102.5,real,Florida
2004,Business income taxes,7.24872,real,Florida
2004,"Estate, gift, excise and other",6.68653,real,Florida
2004,Income tax not withheld and SECA,33.9617,real,Florida
2004,Income tax withheld and FICA,105.751,real,Florida
2005,Business income taxes,13.3535,real,Florida
2005,"Estate, gift, excise and other",6.95211,real,Florida
2005,Income tax not withheld and SECA,46.4306,real,Florida
2005,Income tax withheld and FICA,116.016,real,Florida
2006,Business income taxes,15.1648,real,Florida
2006,"Estate, gift, excise and other",6.76588,real,Florida
2006,Income tax not withheld and SECA,56.5859,real,Florida
2006,Income tax withheld and FICA,122.536,real,Florida
2007,Business income taxes,11.823,real,Florida
2007,"Estate, gift, excise and other",5.85156,real,Florida
2007,Income tax not withheld and SECA,58.7334,real,Florida
2007,Income tax withheld and FICA,127.1,real,Florida
2008,Business income taxes,8.72838,real,Florida
2008,"Estate, gift, excise and other",6.41188,real,Florida
2008,Income tax not withheld and SECA,54.6766,real,Florida
2008,Income tax withheld and FICA,126.338,real,Florida
2009,Business income taxes,6.39724,real,Florida
2009,"Estate, gift, excise and other",6.41529,real,Florida
2009,Income tax not withheld and SECA,34.735,real,Florida
2009,Income tax withheld and FICA,111.66,real,Florida
2010,Business income taxes,9.48256,real,Florida
2010,"Estate, gift, excise and other",5.3725,real,Florida
2010,Income tax not withheld and SECA,30.8458,real,Florida
2010,Income tax withheld and FICA,113.91,real,Florida
2011,Business income taxes,7.92193,real,Florida
2011,"Estate, gift, excise and other",4.49397,real,Florida
2011,Income tax not withheld and SECA,35.3319,real,Florida
2011,Income tax withheld and FICA,116.303,real,Florida
2012,Business income taxes,9.12009,real,Florida
2012,"Estate, gift, excise and other",5.96216,real,Florida
2012,Income tax not withheld and SECA,36.8342,real,Florida
2012,Income tax withheld and FICA,116.773,real,Florida
2013,Business income taxes,11.1621,real,Florida
2013,"Estate, gift, excise and other",7.62008,real,Florida
2013,Income tax not withheld and SECA,46.0193,real,Florida
2013,Income tax withheld and FICA,126.552,real,Florida
2014,Business income taxes,12.0058,real,Florida
2014,"Estate, gift, excise and other",8.52578,real,Florida
2014,Income tax not withheld and SECA,48.9596,real,Florida
2014,Income tax withheld and FICA,136.05,real,Florida
2015,Business income taxes,13.9931,real,Florida
2015,"Estate, gift, excise and other",9.41492,real,Florida
2015,Income tax not withheld and SECA,57.3721,real,Florida
2015,Income tax withheld and FICA,152.865,real,Florida
2016,Business income taxes,15.3824,real,Florida
2016,"Estate, gift, excise and other",9.944,real,Florida
2016,Income tax not withheld and SECA,59.4319,real,Florida
2016,Income tax withheld and FICA,161.419,real,Florida
2017,Business income taxes,11.6423,real,Florida
2017,"Estate, gift, excise and other",9.14023,real,Florida
2017,Income tax not withheld and SECA,58.6707,real,Florida
2017,Income tax withheld and FICA,168.462,real,Florida
2018,Business income taxes,11.5996,real,Florida
2018,"Estate, gift, excise and other",10.9366,real,Florida
2018,Income tax not withheld and SECA,66.3747,real,Florida
2018,Income tax withheld and FICA,169.757,real,Florida
2019,Business income taxes,9.23955,real,Florida
2019,"Estate, gift, excise and other",9.73385,real,Florida
2019,Income tax not withheld and SECA,66.3822,real,Florida
2019,Income tax withheld and FICA,173.984,real,Florida
2020,Business income taxes,8.98594,real,Florida
2020,"Estate, gift, excise and other",8.90821,real,Florida
2020,Income tax not withheld and SECA,66.6025,real,Florida
2020,Income tax withheld and FICA,171.223,real,Florida
2021,Business income taxes,15.8051,real,Florida
2021,"Estate, gift, excise and other",10.4889,real,Florida
2021,Income tax not withheld and SECA,88.3031,real,Florida
2021,Income tax withheld and FICA,182.9,real,Florida
2022,Business income taxes,17.3022,real,Florida
2022,"Estate, gift, excise and other",15.1449,real,Florida
2022,Income tax not withheld and SECA,124.028,real,Florida
2022,Income tax withheld and FICA,197.677,real,Florida
2023,Business income taxes,20.7919,real,Florida
2023,"Estate, gift, excise and other",10.8895,real,Florida
2023,Income tax not withheld and SECA,94.1538,real,Florida
2023,Income tax withheld and FICA,201.071,real,Florida
2024,Business income taxes,18.3743,real,Florida
2024,"Estate, gift, excise and other",12.271,real,Florida
2024,Income tax not withheld and SECA,100.06,real,Florida
2024,Income tax withheld and FICA,203.243,real,Florida
2025,Business income taxes,15.6394,real,Florida
2025,"Estate, gift, excise and other",14.1803,real,Florida
2025,Income tax not withheld and SECA,116.68,real,Florida
2025,Income tax withheld and FICA,211.464,real,Florida
1998,Business income taxes,15.1869,real,Georgia
1998,"Estate, gift, excise and other",5.2037,real,Georgia
1998,Income tax not withheld and SECA,13.6319,real,Georgia
1998,Income tax withheld and FICA,58.8676,real,Georgia
1999,Business income taxes,18.8043,real,Georgia
1999,"Estate, gift, excise and other",5.40455,real,Georgia
1999,Income tax not withheld and SECA,14.687,real,Georgia
1999,Income tax withheld and FICA,63.6461,real,Georgia
2000,Business income taxes,19.1908,real,Georgia
2000,"Estate, gift, excise and other",5.72679,real,Georgia
2000,Income tax not withheld and SECA,15.6115,real,Georgia
2000,Income tax withheld and FICA,67.4999,real,Georgia
2001,Business income taxes,11.3846,real,Georgia
2001,"Estate, gift, excise and other",4.80614,real,Georgia
2001,Income tax not withheld and SECA,16.1882,real,Georgia
2001,Income tax withheld and FICA,69.2171,real,Georgia
2002,Business income taxes,16.6085,real,Georgia
2002,"Estate, gift, excise and other",5.95015,real,Georgia
2002,Income tax not withheld and SECA,12.9156,real,Georgia
2002,Income tax withheld and FICA,67.1717,real,Georgia
2003,Business income taxes,11.5058,real,Georgia
2003,"Estate, gift, excise and other",5.8718,real,Georgia
2003,Income tax not withheld and SECA,11.6662,real,Georgia
2003,Income tax withheld and FICA,65.8792,real,Georgia
2004,Business income taxes,14.9856,real,Georgia
2004,"Estate, gift, excise and other",6.06027,real,Georgia
2004,Income tax not withheld and SECA,10.8189,real,Georgia
2004,Income tax withheld and FICA,64.4263,real,Georgia
2005,Business income taxes,17.2022,real,Georgia
2005,"Estate, gift, excise and other",6.04617,real,Georgia
2005,Income tax not withheld and SECA,12.6671,real,Georgia
2005,Income tax withheld and FICA,68.5591,real,Georgia
2006,Business income taxes,22.3367,real,Georgia
2006,"Estate, gift, excise and other",5.91758,real,Georgia
2006,Income tax not withheld and SECA,15.1818,real,Georgia
2006,Income tax withheld and FICA,71.1723,real,Georgia
2007,Business income taxes,17.531,real,Georgia
2007,"Estate, gift, excise and other",4.30016,real,Georgia
2007,Income tax not withheld and SECA,16.9161,real,Georgia
2007,Income tax withheld and FICA,73.4148,real,Georgia
2008,Business income taxes,12.7253,real,Georgia
2008,"Estate, gift, excise and other",3.91632,real,Georgia
2008,Income tax not withheld and SECA,15.6688,real,Georgia
2008,Income tax withheld and FICA,68.5414,real,Georgia
2009,Business income taxes,8.19671,real,Georgia
2009,"Estate, gift, excise and other",3.78735,real,Georgia
2009,Income tax not withheld and SECA,10.9516,real,Georgia
2009,Income tax withheld and FICA,63.0385,real,Georgia
2010,Business income taxes,11.2267,real,Georgia
2010,"Estate, gift, excise and other",4.55995,real,Georgia
2010,Income tax not withheld and SECA,9.7579,real,Georgia
2010,Income tax withheld and FICA,61.1737,real,Georgia
2011,Business income taxes,8.47271,real,Georgia
2011,"Estate, gift, excise and other",4.27914,real,Georgia
2011,Income tax not withheld and SECA,10.5465,real,Georgia
2011,Income tax withheld and FICA,61.8487,real,Georgia
2012,Business income taxes,11.6144,real,Georgia
2012,"Estate, gift, excise and other",4.8895,real,Georgia
2012,Income tax not withheld and SECA,11.1587,real,Georgia
2012,Income tax withheld and FICA,62.7169,real,Georgia
2013,Business income taxes,14.0922,real,Georgia
2013,"Estate, gift, excise and other",5.27606,real,Georgia
2013,Income tax not withheld and SECA,13.1542,real,Georgia
2013,Income tax withheld and FICA,68.1861,real,Georgia
2014,Business income taxes,14.2975,real,Georgia
2014,"Estate, gift, excise and other",6.49882,real,Georgia
2014,Income tax not withheld and SECA,14.026,real,Georgia
2014,Income tax withheld and FICA,71.1296,real,Georgia
2015,Business income taxes,16.8131,real,Georgia
2015,"Estate, gift, excise and other",5.62273,real,Georgia
2015,Income tax not withheld and SECA,16.4386,real,Georgia
2015,Income tax withheld and FICA,74.9873,real,Georgia
2016,Business income taxes,16.4203,real,Georgia
2016,"Estate, gift, excise and other",5.96081,real,Georgia
2016,Income tax not withheld and SECA,16.4957,real,Georgia
2016,Income tax withheld and FICA,79.7684,real,Georgia
2017,Business income taxes,16.4325,real,Georgia
2017,"Estate, gift, excise and other",5.89247,real,Georgia
2017,Income tax not withheld and SECA,16.738,real,Georgia
2017,Income tax withheld and FICA,82.1218,real,Georgia
2018,Business income taxes,11.2795,real,Georgia
2018,"Estate, gift, excise and other",6.3564,real,Georgia
2018,Income tax not withheld and SECA,18.0494,real,Georgia
2018,Income tax withheld and FICA,81.0205,real,Georgia
2019,Business income taxes,8.92367,real,Georgia
2019,"Estate, gift, excise and other",6.14784,real,Georgia
2019,Income tax not withheld and SECA,18.2578,real,Georgia
2019,Income tax withheld and FICA,83.1201,real,Georgia
2020,Business income taxes,9.49217,real,Georgia
2020,"Estate, gift, excise and other",4.12827,real,Georgia
2020,Income tax not withheld and SECA,17.9464,real,Georgia
2020,Income tax withheld and FICA,79.8563,real,Georgia
2021,Business income taxes,16.0087,real,Georgia
2021,"Estate, gift, excise and other",4.81617,real,Georgia
2021,Income tax not withheld and SECA,22.3989,real,Georgia
2021,Income tax withheld and FICA,83.259,real,Georgia
2022,Business income taxes,18.06,real,Georgia
2022,"Estate, gift, excise and other",7.48684,real,Georgia
2022,Income tax not withheld and SECA,29.2171,real,Georgia
2022,Income tax withheld and FICA,89.6396,real,Georgia
2023,Business income taxes,18.3679,real,Georgia
2023,"Estate, gift, excise and other",8.00968,real,Georgia
2023,Income tax not withheld and SECA,24.1739,real,Georgia
2023,Income tax withheld and FICA,89.9627,real,Georgia
2024,Business income taxes,24.0933,real,Georgia
2024,"Estate, gift, excise and other",7.97524,real,Georgia
2024,Income tax not withheld and SECA,24.8461,real,Georgia
2024,Income tax withheld and FICA,91.6907,real,Georgia
2025,Business income taxes,14.6701,real,Georgia
2025,"Estate, gift, excise and other",8.90975,real,Georgia
2025,Income tax not withheld and SECA,26.9015,real,Georgia
2025,Income tax withheld and FICA,94.6093,real,Georgia
1998,Business income taxes,0.714991,real,Hawaii
1998,"Estate, gift, excise and other",0.358363,real,Hawaii
1998,Income tax not withheld and SECA,1.8978,real,Hawaii
1998,Income tax withheld and FICA,5.61078,real,Hawaii
1999,Business income taxes,1.05952,real,Hawaii
1999,"Estate, gift, excise and other",0.390654,real,Hawaii
1999,Income tax not withheld and SECA,1.87997,real,Hawaii
1999,Income tax withheld and FICA,6.7243,real,Hawaii
2000,Business income taxes,0.888271,real,Hawaii
2000,"Estate, gift, excise and other",0.341064,real,Hawaii
2000,Income tax not withheld and SECA,2.20049,real,Hawaii
2000,Income tax withheld and FICA,7.60822,real,Hawaii
2001,Business income taxes,0.602376,real,Hawaii
2001,"Estate, gift, excise and other",0.588798,real,Hawaii
2001,Income tax not withheld and SECA,2.33007,real,Hawaii
2001,Income tax withheld and FICA,8.04358,real,Hawaii
2002,Business income taxes,1.03133,real,Hawaii
2002,"Estate, gift, excise and other",0.329626,real,Hawaii
2002,Income tax not withheld and SECA,2.03489,real,Hawaii
2002,Income tax withheld and FICA,6.06378,real,Hawaii
2003,Business income taxes,0.636592,real,Hawaii
2003,"Estate, gift, excise and other",0.309127,real,Hawaii
2003,Income tax not withheld and SECA,1.78873,real,Hawaii
2003,Income tax withheld and FICA,6.0527,real,Hawaii
2004,Business income taxes,0.750946,real,Hawaii
2004,"Estate, gift, excise and other",0.339337,real,Hawaii
2004,Income tax not withheld and SECA,2.00118,real,Hawaii
2004,Income tax withheld and FICA,10.5898,real,Hawaii
2005,Business income taxes,0.921475,real,Hawaii
2005,"Estate, gift, excise and other",0.44721,real,Hawaii
2005,Income tax not withheld and SECA,2.33914,real,Hawaii
2005,Income tax withheld and FICA,6.85683,real,Hawaii
2006,Business income taxes,1.00452,real,Hawaii
2006,"Estate, gift, excise and other",0.467733,real,Hawaii
2006,Income tax not withheld and SECA,2.78786,real,Hawaii
2006,Income tax withheld and FICA,6.64914,real,Hawaii
2007,Business income taxes,1.01078,real,Hawaii
2007,"Estate, gift, excise and other",0.374227,real,Hawaii
2007,Income tax not withheld and SECA,2.80187,real,Hawaii
2007,Income tax withheld and FICA,7.2451,real,Hawaii
2008,Business income taxes,1.07458,real,Hawaii
2008,"Estate, gift, excise and other",0.407015,real,Hawaii
2008,Income tax not withheld and SECA,2.95343,real,Hawaii
2008,Income tax withheld and FICA,7.96162,real,Hawaii
2009,Business income taxes,0.612468,real,Hawaii
2009,"Estate, gift, excise and other",0.35734,real,Hawaii
2009,Income tax not withheld and SECA,1.87576,real,Hawaii
2009,Income tax withheld and FICA,6.90658,real,Hawaii
2010,Business income taxes,0.708192,real,Hawaii
2010,"Estate, gift, excise and other",0.359636,real,Hawaii
2010,Income tax not withheld and SECA,1.68904,real,Hawaii
2010,Income tax withheld and FICA,6.24496,real,Hawaii
2011,Business income taxes,0.513374,real,Hawaii
2011,"Estate, gift, excise and other",0.304644,real,Hawaii
2011,Income tax not withheld and SECA,1.74267,real,Hawaii
2011,Income tax withheld and FICA,6.04902,real,Hawaii
2012,Business income taxes,0.550184,real,Hawaii
2012,"Estate, gift, excise and other",0.3402,real,Hawaii
2012,Income tax not withheld and SECA,1.76212,real,Hawaii
2012,Income tax withheld and FICA,6.33267,real,Hawaii
2013,Business income taxes,0.519262,real,Hawaii
2013,"Estate, gift, excise and other",0.406527,real,Hawaii
2013,Income tax not withheld and SECA,2.02225,real,Hawaii
2013,Income tax withheld and FICA,6.72921,real,Hawaii
2014,Business income taxes,0.501834,real,Hawaii
2014,"Estate, gift, excise and other",0.487662,real,Hawaii
2014,Income tax not withheld and SECA,2.20998,real,Hawaii
2014,Income tax withheld and FICA,7.08448,real,Hawaii
2015,Business income taxes,0.627181,real,Hawaii
2015,"Estate, gift, excise and other",0.484817,real,Hawaii
2015,Income tax not withheld and SECA,2.4702,real,Hawaii
2015,Income tax withheld and FICA,7.24634,real,Hawaii
2016,Business income taxes,0.760006,real,Hawaii
2016,"Estate, gift, excise and other",0.595448,real,Hawaii
2016,Income tax not withheld and SECA,2.55767,real,Hawaii
2016,Income tax withheld and FICA,7.60004,real,Hawaii
2017,Business income taxes,0.89997,real,Hawaii
2017,"Estate, gift, excise and other",0.466621,real,Hawaii
2017,Income tax not withheld and SECA,2.69519,real,Hawaii
2017,Income tax withheld and FICA,8.0406,real,Hawaii
2018,Business income taxes,0.85912,real,Hawaii
2018,"Estate, gift, excise and other",0.563387,real,Hawaii
2018,Income tax not withheld and SECA,2.88342,real,Hawaii
2018,Income tax withheld and FICA,7.75603,real,Hawaii
2019,Business income taxes,0.66636,real,Hawaii
2019,"Estate, gift, excise and other",0.481465,real,Hawaii
2019,Income tax not withheld and SECA,2.66873,real,Hawaii
2019,Income tax withheld and FICA,7.60083,real,Hawaii
2020,Business income taxes,0.658939,real,Hawaii
2020,"Estate, gift, excise and other",0.356458,real,Hawaii
2020,Income tax not withheld and SECA,2.55571,real,Hawaii
2020,Income tax withheld and FICA,7.17938,real,Hawaii
2021,Business income taxes,0.709233,real,Hawaii
2021,"Estate, gift, excise and other",0.33294,real,Hawaii
2021,Income tax not withheld and SECA,3.02237,real,Hawaii
2021,Income tax withheld and FICA,7.12938,real,Hawaii
2022,Business income taxes,0.693054,real,Hawaii
2022,"Estate, gift, excise and other",0.444572,real,Hawaii
2022,Income tax not withheld and SECA,4.28417,real,Hawaii
2022,Income tax withheld and FICA,7.33278,real,Hawaii
2023,Business income taxes,0.662037,real,Hawaii
2023,"Estate, gift, excise and other",0.44949,real,Hawaii
2023,Income tax not withheld and SECA,3.44202,real,Hawaii
2023,Income tax withheld and FICA,7.36106,real,Hawaii
2024,Business income taxes,0.556886,real,Hawaii
2024,"Estate, gift, excise and other",0.46796,real,Hawaii
2024,Income tax not withheld and SECA,3.18152,real,Hawaii
2024,Income tax withheld and FICA,7.49514,real,Hawaii
2025,Business income taxes,0.476399,real,Hawaii
2025,"Estate, gift, excise and other",0.582788,real,Hawaii
2025,Income tax not withheld and SECA,3.5478,real,Hawaii
2025,Income tax withheld and FICA,7.87514,real,Hawaii
1998,Business income taxes,0.967876,real,Idaho
1998,"Estate, gift, excise and other",0.154409,real,Idaho
1998,Income tax not withheld and SECA,1.8996,real,Idaho
1998,Income tax withheld and FICA,6.75853,real,Idaho
1999,Business income taxes,1.08621,real,Idaho
1999,"Estate, gift, excise and other",0.196623,real,Idaho
1999,Income tax not withheld and SECA,1.91939,real,Idaho
1999,Income tax withheld and FICA,7.83113,real,Idaho
2000,Business income taxes,1.4973,real,Idaho
2000,"Estate, gift, excise and other",0.246642,real,Idaho
2000,Income tax not withheld and SECA,2.22818,real,Idaho
2000,Income tax withheld and FICA,9.00004,real,Idaho
2001,Business income taxes,1.73741,real,Idaho
2001,"Estate, gift, excise and other",0.42923,real,Idaho
2001,Income tax not withheld and SECA,2.25738,real,Idaho
2001,Income tax withheld and FICA,9.51304,real,Idaho
2002,Business income taxes,0.862231,real,Idaho
2002,"Estate, gift, excise and other",0.172758,real,Idaho
2002,Income tax not withheld and SECA,1.72891,real,Idaho
2002,Income tax withheld and FICA,8.96713,real,Idaho
2003,Business income taxes,0.828556,real,Idaho
2003,"Estate, gift, excise and other",0.22396,real,Idaho
2003,Income tax not withheld and SECA,1.61933,real,Idaho
2003,Income tax withheld and FICA,8.61055,real,Idaho
2004,Business income taxes,0.425935,real,Idaho
2004,"Estate, gift, excise and other",0.202025,real,Idaho
2004,Income tax not withheld and SECA,1.54767,real,Idaho
2004,Income tax withheld and FICA,8.38443,real,Idaho
2005,Business income taxes,1.23158,real,Idaho
2005,"Estate, gift, excise and other",0.186187,real,Idaho
2005,Income tax not withheld and SECA,2.04705,real,Idaho
2005,Income tax withheld and FICA,8.88416,real,Idaho
2006,Business income taxes,0.924154,real,Idaho
2006,"Estate, gift, excise and other",0.194979,real,Idaho
2006,Income tax not withheld and SECA,2.65638,real,Idaho
2006,Income tax withheld and FICA,8.90638,real,Idaho
2007,Business income taxes,0.969299,real,Idaho
2007,"Estate, gift, excise and other",0.192137,real,Idaho
2007,Income tax not withheld and SECA,2.88829,real,Idaho
2007,Income tax withheld and FICA,9.40772,real,Idaho
2008,Business income taxes,0.571391,real,Idaho
2008,"Estate, gift, excise and other",0.244004,real,Idaho
2008,Income tax not withheld and SECA,2.79467,real,Idaho
2008,Income tax withheld and FICA,8.94781,real,Idaho
2009,Business income taxes,0.725518,real,Idaho
2009,"Estate, gift, excise and other",0.23531,real,Idaho
2009,Income tax not withheld and SECA,1.84173,real,Idaho
2009,Income tax withheld and FICA,7.11151,real,Idaho
2010,Business income taxes,0.297361,real,Idaho
2010,"Estate, gift, excise and other",0.147488,real,Idaho
2010,Income tax not withheld and SECA,1.62747,real,Idaho
2010,Income tax withheld and FICA,6.83785,real,Idaho
2011,Business income taxes,0.402698,real,Idaho
2011,"Estate, gift, excise and other",0.165335,real,Idaho
2011,Income tax not withheld and SECA,1.7193,real,Idaho
2011,Income tax withheld and FICA,6.62887,real,Idaho
2012,Business income taxes,0.507685,real,Idaho
2012,"Estate, gift, excise and other",0.172704,real,Idaho
2012,Income tax not withheld and SECA,1.8207,real,Idaho
2012,Income tax withheld and FICA,8.01701,real,Idaho
2013,Business income taxes,0.685779,real,Idaho
2013,"Estate, gift, excise and other",0.192236,real,Idaho
2013,Income tax not withheld and SECA,2.21714,real,Idaho
2013,Income tax withheld and FICA,8.65509,real,Idaho
2014,Business income taxes,0.444604,real,Idaho
2014,"Estate, gift, excise and other",0.321034,real,Idaho
2014,Income tax not withheld and SECA,2.35664,real,Idaho
2014,Income tax withheld and FICA,9.16033,real,Idaho
2015,Business income taxes,0.354259,real,Idaho
2015,"Estate, gift, excise and other",0.318239,real,Idaho
2015,Income tax not withheld and SECA,2.66558,real,Idaho
2015,Income tax withheld and FICA,9.5501,real,Idaho
2016,Business income taxes,0.364061,real,Idaho
2016,"Estate, gift, excise and other",0.270733,real,Idaho
2016,Income tax not withheld and SECA,2.73991,real,Idaho
2016,Income tax withheld and FICA,9.79956,real,Idaho
2017,Business income taxes,0.433326,real,Idaho
2017,"Estate, gift, excise and other",0.2644,real,Idaho
2017,Income tax not withheld and SECA,2.83059,real,Idaho
2017,Income tax withheld and FICA,9.82195,real,Idaho
2018,Business income taxes,0.424996,real,Idaho
2018,"Estate, gift, excise and other",0.296813,real,Idaho
2018,Income tax not withheld and SECA,2.98692,real,Idaho
2018,Income tax withheld and FICA,9.94613,real,Idaho
2019,Business income taxes,0.542444,real,Idaho
2019,"Estate, gift, excise and other",0.271782,real,Idaho
2019,Income tax not withheld and SECA,3.12583,real,Idaho
2019,Income tax withheld and FICA,10.0666,real,Idaho
2020,Business income taxes,0.719741,real,Idaho
2020,"Estate, gift, excise and other",0.243234,real,Idaho
2020,Income tax not withheld and SECA,3.31921,real,Idaho
2020,Income tax withheld and FICA,9.88282,real,Idaho
2021,Business income taxes,0.924095,real,Idaho
2021,"Estate, gift, excise and other",0.350083,real,Idaho
2021,Income tax not withheld and SECA,4.52748,real,Idaho
2021,Income tax withheld and FICA,10.7758,real,Idaho
2022,Business income taxes,0.960048,real,Idaho
2022,"Estate, gift, excise and other",0.362298,real,Idaho
2022,Income tax not withheld and SECA,6.2735900000000004,real,Idaho
2022,Income tax withheld and FICA,11.4801,real,Idaho
2023,Business income taxes,1.16396,real,Idaho
2023,"Estate, gift, excise and other",0.254039,real,Idaho
2023,Income tax not withheld and SECA,4.97407,real,Idaho
2023,Income tax withheld and FICA,12.2932,real,Idaho
2024,Business income taxes,0.902298,real,Idaho
2024,"Estate, gift, excise and other",0.251849,real,Idaho
2024,Income tax not withheld and SECA,4.75112,real,Idaho
2024,Income tax withheld and FICA,12.4835,real,Idaho
2025,Business income taxes,0.673444,real,Idaho
2025,"Estate, gift, excise and other",0.250823,real,Idaho
2025,Income tax not withheld and SECA,5.37493,real,Idaho
2025,Income tax withheld and FICA,12.1661,real,Idaho
1998,Business income taxes,27.3052,real,Illinois
1998,"Estate, gift, excise and other",8.99454,real,Illinois
1998,Income tax not withheld and SECA,31.0677,real,Illinois
1998,Income tax withheld and FICA,123.875,real,Illinois
1999,Business income taxes,25.5076,real,Illinois
1999,"Estate, gift, excise and other",11.1749,real,Illinois
1999,Income tax not withheld and SECA,32.9409,real,Illinois
1999,Income tax withheld and FICA,130.45,real,Illinois
2000,Business income taxes,22.3977,real,Illinois
2000,"Estate, gift, excise and other",10.2915,real,Illinois
2000,Income tax not withheld and SECA,35.867,real,Illinois
2000,Income tax withheld and FICA,135.235,real,Illinois
2001,Business income taxes,20.1884,real,Illinois
2001,"Estate, gift, excise and other",7.00599,real,Illinois
2001,Income tax not withheld and SECA,35.4494,real,Illinois
2001,Income tax withheld and FICA,132.748,real,Illinois
2002,Business income taxes,20.4031,real,Illinois
2002,"Estate, gift, excise and other",10.0371,real,Illinois
2002,Income tax not withheld and SECA,26.6337,real,Illinois
2002,Income tax withheld and FICA,132.665,real,Illinois
2003,Business income taxes,20.7124,real,Illinois
2003,"Estate, gift, excise and other",7.7831,real,Illinois
2003,Income tax not withheld and SECA,23.6364,real,Illinois
2003,Income tax withheld and FICA,124.624,real,Illinois
2004,Business income taxes,28.6526,real,Illinois
2004,"Estate, gift, excise and other",8.26844,real,Illinois
2004,Income tax not withheld and SECA,22.4762,real,Illinois
2004,Income tax withheld and FICA,117.391,real,Illinois
2005,Business income taxes,30.0196,real,Illinois
2005,"Estate, gift, excise and other",11.0766,real,Illinois
2005,Income tax not withheld and SECA,26.8117,real,Illinois
2005,Income tax withheld and FICA,120.569,real,Illinois
2006,Business income taxes,36.9812,real,Illinois
2006,"Estate, gift, excise and other",5.61762,real,Illinois
2006,Income tax not withheld and SECA,30.1439,real,Illinois
2006,Income tax withheld and FICA,126.212,real,Illinois
2007,Business income taxes,34.4128,real,Illinois
2007,"Estate, gift, excise and other",4.91316,real,Illinois
2007,Income tax not withheld and SECA,33.9487,real,Illinois
2007,Income tax withheld and FICA,128.715,real,Illinois
2008,Business income taxes,27.3829,real,Illinois
2008,"Estate, gift, excise and other",8.89788,real,Illinois
2008,Income tax not withheld and SECA,36.1145,real,Illinois
2008,Income tax withheld and FICA,124.538,real,Illinois
2009,Business income taxes,18.7766,real,Illinois
2009,"Estate, gift, excise and other",7.23601,real,Illinois
2009,Income tax not withheld and SECA,23.0774,real,Illinois
2009,Income tax withheld and FICA,118.751,real,Illinois
2010,Business income taxes,19.3803,real,Illinois
2010,"Estate, gift, excise and other",6.17796,real,Illinois
2010,Income tax not withheld and SECA,20.235,real,Illinois
2010,Income tax withheld and FICA,113.35,real,Illinois
2011,Business income taxes,21.2254,real,Illinois
2011,"Estate, gift, excise and other",6.78137,real,Illinois
2011,Income tax not withheld and SECA,23.4978,real,Illinois
2011,Income tax withheld and FICA,115.859,real,Illinois
2012,Business income taxes,23.923,real,Illinois
2012,"Estate, gift, excise and other",7.43228,real,Illinois
2012,Income tax not withheld and SECA,22.3962,real,Illinois
2012,Income tax withheld and FICA,117.948,real,Illinois
2013,Business income taxes,21.9664,real,Illinois
2013,"Estate, gift, excise and other",8.87015,real,Illinois
2013,Income tax not withheld and SECA,28.0866,real,Illinois
2013,Income tax withheld and FICA,126.86,real,Illinois
2014,Business income taxes,26.6791,real,Illinois
2014,"Estate, gift, excise and other",10.7976,real,Illinois
2014,Income tax not withheld and SECA,29.458,real,Illinois
2014,Income tax withheld and FICA,130.589,real,Illinois
2015,Business income taxes,26.8311,real,Illinois
2015,"Estate, gift, excise and other",11.5109,real,Illinois
2015,Income tax not withheld and SECA,32.6269,real,Illinois
2015,Income tax withheld and FICA,137.194,real,Illinois
2016,Business income taxes,24.8696,real,Illinois
2016,"Estate, gift, excise and other",10.1543,real,Illinois
2016,Income tax not withheld and SECA,32.4783,real,Illinois
2016,Income tax withheld and FICA,144.079,real,Illinois
2017,Business income taxes,24.3888,real,Illinois
2017,"Estate, gift, excise and other",8.4301,real,Illinois
2017,Income tax not withheld and SECA,30.2436,real,Illinois
2017,Income tax withheld and FICA,145.593,real,Illinois
2018,Business income taxes,17.1574,real,Illinois
2018,"Estate, gift, excise and other",12.2448,real,Illinois
2018,Income tax not withheld and SECA,33.0087,real,Illinois
2018,Income tax withheld and FICA,140.291,real,Illinois
2019,Business income taxes,17.9109,real,Illinois
2019,"Estate, gift, excise and other",10.3428,real,Illinois
2019,Income tax not withheld and SECA,32.523,real,Illinois
2019,Income tax withheld and FICA,139.601,real,Illinois
2020,Business income taxes,17.1891,real,Illinois
2020,"Estate, gift, excise and other",8.47254,real,Illinois
2020,Income tax not withheld and SECA,31.403,real,Illinois
2020,Income tax withheld and FICA,133.648,real,Illinois
2021,Business income taxes,24.0825,real,Illinois
2021,"Estate, gift, excise and other",9.96738,real,Illinois
2021,Income tax not withheld and SECA,39.6865,real,Illinois
2021,Income tax withheld and FICA,142.877,real,Illinois
2022,Business income taxes,27.08,real,Illinois
2022,"Estate, gift, excise and other",16.9245,real,Illinois
2022,Income tax not withheld and SECA,50.1765,real,Illinois
2022,Income tax withheld and FICA,151.369,real,Illinois
2023,Business income taxes,27.9298,real,Illinois
2023,"Estate, gift, excise and other",10.8789,real,Illinois
2023,Income tax not withheld and SECA,35.3382,real,Illinois
2023,Income tax withheld and FICA,150.407,real,Illinois
2024,Business income taxes,26.5648,real,Illinois
2024,"Estate, gift, excise and other",11.5904,real,Illinois
2024,Income tax not withheld and SECA,37.0329,real,Illinois
2024,Income tax withheld and FICA,152.663,real,Illinois
2025,Business income taxes,21.486,real,Illinois
2025,"Estate, gift, excise and other",12.6019,real,Illinois
2025,Income tax not withheld and SECA,40.6462,real,Illinois
2025,Income tax withheld and FICA,152.967,real,Illinois
1998,Business income taxes,4.91509,real,Indiana
1998,"Estate, gift, excise and other",1.69514,real,Indiana
1998,Income tax not withheld and SECA,9.38871,real,Indiana
1998,Income tax withheld and FICA,41.8539,real,Indiana
1999,Business income taxes,3.99561,real,Indiana
1999,"Estate, gift, excise and other",1.68966,real,Indiana
1999,Income tax not withheld and SECA,10.2661,real,Indiana
1999,Income tax withheld and FICA,43.0819,real,Indiana
2000,Business income taxes,3.11686,real,Indiana
2000,"Estate, gift, excise and other",2.19721,real,Indiana
2000,Income tax not withheld and SECA,10.372,real,Indiana
2000,Income tax withheld and FICA,44.2949,real,Indiana
2001,Business income taxes,2.95569,real,Indiana
2001,"Estate, gift, excise and other",1.5896,real,Indiana
2001,Income tax not withheld and SECA,9.80295,real,Indiana
2001,Income tax withheld and FICA,43.6931,real,Indiana
2002,Business income taxes,4.46417,real,Indiana
2002,"Estate, gift, excise and other",1.47803,real,Indiana
2002,Income tax not withheld and SECA,8.15374,real,Indiana
2002,Income tax withheld and FICA,43.7498,real,Indiana
2003,Business income taxes,2.97473,real,Indiana
2003,"Estate, gift, excise and other",1.23372,real,Indiana
2003,Income tax not withheld and SECA,7.3348,real,Indiana
2003,Income tax withheld and FICA,43.67,real,Indiana
2004,Business income taxes,3.70113,real,Indiana
2004,"Estate, gift, excise and other",1.59389,real,Indiana
2004,Income tax not withheld and SECA,6.6126,real,Indiana
2004,Income tax withheld and FICA,40.5576,real,Indiana
2005,Business income taxes,6.10709,real,Indiana
2005,"Estate, gift, excise and other",1.5876,real,Indiana
2005,Income tax not withheld and SECA,7.627,real,Indiana
2005,Income tax withheld and FICA,44.3798,real,Indiana
2006,Business income taxes,7.93357,real,Indiana
2006,"Estate, gift, excise and other",1.24556,real,Indiana
2006,Income tax not withheld and SECA,8.58926,real,Indiana
2006,Income tax withheld and FICA,43.2728,real,Indiana
2007,Business income taxes,7.23831,real,Indiana
2007,"Estate, gift, excise and other",1.16819,real,Indiana
2007,Income tax not withheld and SECA,8.97547,real,Indiana
2007,Income tax withheld and FICA,46.2429,real,Indiana
2008,Business income taxes,6.47315,real,Indiana
2008,"Estate, gift, excise and other",1.04617,real,Indiana
2008,Income tax not withheld and SECA,9.44556,real,Indiana
2008,Income tax withheld and FICA,46.1598,real,Indiana
2009,Business income taxes,4.16708,real,Indiana
2009,"Estate, gift, excise and other",1.073,real,Indiana
2009,Income tax not withheld and SECA,6.5247,real,Indiana
2009,Income tax withheld and FICA,49.0942,real,Indiana
2010,Business income taxes,5.68368,real,Indiana
2010,"Estate, gift, excise and other",0.952533,real,Indiana
2010,Income tax not withheld and SECA,6.22213,real,Indiana
2010,Income tax withheld and FICA,49.2287,real,Indiana
2011,Business income taxes,3.92494,real,Indiana
2011,"Estate, gift, excise and other",1.33643,real,Indiana
2011,Income tax not withheld and SECA,6.8391,real,Indiana
2011,Income tax withheld and FICA,49.562,real,Indiana
2012,Business income taxes,4.45474,real,Indiana
2012,"Estate, gift, excise and other",1.67373,real,Indiana
2012,Income tax not withheld and SECA,6.99318,real,Indiana
2012,Income tax withheld and FICA,57.5812,real,Indiana
2013,Business income taxes,4.90125,real,Indiana
2013,"Estate, gift, excise and other",1.85395,real,Indiana
2013,Income tax not withheld and SECA,8.46848,real,Indiana
2013,Income tax withheld and FICA,53.8947,real,Indiana
2014,Business income taxes,6.07478,real,Indiana
2014,"Estate, gift, excise and other",3.43138,real,Indiana
2014,Income tax not withheld and SECA,8.80358,real,Indiana
2014,Income tax withheld and FICA,54.4059,real,Indiana
2015,Business income taxes,6.44283,real,Indiana
2015,"Estate, gift, excise and other",3.66398,real,Indiana
2015,Income tax not withheld and SECA,9.63831,real,Indiana
2015,Income tax withheld and FICA,56.6128,real,Indiana
2016,Business income taxes,5.54698,real,Indiana
2016,"Estate, gift, excise and other",2.94791,real,Indiana
2016,Income tax not withheld and SECA,9.78003,real,Indiana
2016,Income tax withheld and FICA,56.3796,real,Indiana
2017,Business income taxes,4.6593,real,Indiana
2017,"Estate, gift, excise and other",1.55116,real,Indiana
2017,Income tax not withheld and SECA,9.67534,real,Indiana
2017,Income tax withheld and FICA,59.8773,real,Indiana
2018,Business income taxes,4.8781,real,Indiana
2018,"Estate, gift, excise and other",1.36596,real,Indiana
2018,Income tax not withheld and SECA,9.86059,real,Indiana
2018,Income tax withheld and FICA,57.7115,real,Indiana
2019,Business income taxes,4.16846,real,Indiana
2019,"Estate, gift, excise and other",3.59134,real,Indiana
2019,Income tax not withheld and SECA,9.17757,real,Indiana
2019,Income tax withheld and FICA,57.9253,real,Indiana
2020,Business income taxes,5.01206,real,Indiana
2020,"Estate, gift, excise and other",3.15435,real,Indiana
2020,Income tax not withheld and SECA,8.83191,real,Indiana
2020,Income tax withheld and FICA,56.6409,real,Indiana
2021,Business income taxes,6.14559,real,Indiana
2021,"Estate, gift, excise and other",1.58761,real,Indiana
2021,Income tax not withheld and SECA,11.0667,real,Indiana
2021,Income tax withheld and FICA,58.0405,real,Indiana
2022,Business income taxes,7.95394,real,Indiana
2022,"Estate, gift, excise and other",1.49153,real,Indiana
2022,Income tax not withheld and SECA,15.0379,real,Indiana
2022,Income tax withheld and FICA,62.6047,real,Indiana
2023,Business income taxes,9.56075,real,Indiana
2023,"Estate, gift, excise and other",1.2866,real,Indiana
2023,Income tax not withheld and SECA,12.4397,real,Indiana
2023,Income tax withheld and FICA,60.6516,real,Indiana
2024,Business income taxes,10.298,real,Indiana
2024,"Estate, gift, excise and other",1.69757,real,Indiana
2024,Income tax not withheld and SECA,12.5286,real,Indiana
2024,Income tax withheld and FICA,61.601,real,Indiana
2025,Business income taxes,7.25554,real,Indiana
2025,"Estate, gift, excise and other",2.05621,real,Indiana
2025,Income tax not withheld and SECA,13.4241,real,Indiana
2025,Income tax withheld and FICA,59.9399,real,Indiana
1998,Business income taxes,3.32879,real,Iowa
1998,"Estate, gift, excise and other",0.563023,real,Iowa
1998,Income tax not withheld and SECA,4.93934,real,Iowa
1998,Income tax withheld and FICA,15.7251,real,Iowa
1999,Business income taxes,3.26456,real,Iowa
1999,"Estate, gift, excise and other",0.576525,real,Iowa
1999,Income tax not withheld and SECA,4.88521,real,Iowa
1999,Income tax withheld and FICA,16.9097,real,Iowa
2000,Business income taxes,2.55667,real,Iowa
2000,"Estate, gift, excise and other",0.675861,real,Iowa
2000,Income tax not withheld and SECA,5.12439,real,Iowa
2000,Income tax withheld and FICA,17.5643,real,Iowa
2001,Business income taxes,2.19257,real,Iowa
2001,"Estate, gift, excise and other",0.650847,real,Iowa
2001,Income tax not withheld and SECA,4.81227,real,Iowa
2001,Income tax withheld and FICA,18.128,real,Iowa
2002,Business income taxes,2.39862,real,Iowa
2002,"Estate, gift, excise and other",0.502026,real,Iowa
2002,Income tax not withheld and SECA,3.88436,real,Iowa
2002,Income tax withheld and FICA,18.0057,real,Iowa
2003,Business income taxes,2.76575,real,Iowa
2003,"Estate, gift, excise and other",0.526165,real,Iowa
2003,Income tax not withheld and SECA,3.47624,real,Iowa
2003,Income tax withheld and FICA,17.5421,real,Iowa
2004,Business income taxes,2.6514,real,Iowa
2004,"Estate, gift, excise and other",0.50904,real,Iowa
2004,Income tax not withheld and SECA,3.13555,real,Iowa
2004,Income tax withheld and FICA,17.4054,real,Iowa
2005,Business income taxes,4.76196,real,Iowa
2005,"Estate, gift, excise and other",0.592191,real,Iowa
2005,Income tax not withheld and SECA,3.75358,real,Iowa
2005,Income tax withheld and FICA,18.0415,real,Iowa
2006,Business income taxes,3.03445,real,Iowa
2006,"Estate, gift, excise and other",0.657385,real,Iowa
2006,Income tax not withheld and SECA,4.06933,real,Iowa
2006,Income tax withheld and FICA,18.8912,real,Iowa
2007,Business income taxes,3.05386,real,Iowa
2007,"Estate, gift, excise and other",0.528258,real,Iowa
2007,Income tax not withheld and SECA,4.49361,real,Iowa
2007,Income tax withheld and FICA,19.4161,real,Iowa
2008,Business income taxes,3.3595,real,Iowa
2008,"Estate, gift, excise and other",0.417956,real,Iowa
2008,Income tax not withheld and SECA,4.9351,real,Iowa
2008,Income tax withheld and FICA,20.0284,real,Iowa
2009,Business income taxes,2.06304,real,Iowa
2009,"Estate, gift, excise and other",0.47225,real,Iowa
2009,Income tax not withheld and SECA,4.09376,real,Iowa
2009,Income tax withheld and FICA,18.8287,real,Iowa
2010,Business income taxes,2.50059,real,Iowa
2010,"Estate, gift, excise and other",0.398615,real,Iowa
2010,Income tax not withheld and SECA,3.69428,real,Iowa
2010,Income tax withheld and FICA,18.597,real,Iowa
2011,Business income taxes,1.86219,real,Iowa
2011,"Estate, gift, excise and other",0.367338,real,Iowa
2011,Income tax not withheld and SECA,3.95369,real,Iowa
2011,Income tax withheld and FICA,18.834,real,Iowa
2012,Business income taxes,1.81463,real,Iowa
2012,"Estate, gift, excise and other",0.470761,real,Iowa
2012,Income tax not withheld and SECA,4.39787,real,Iowa
2012,Income tax withheld and FICA,19.1944,real,Iowa
2013,Business income taxes,1.7157,real,Iowa
2013,"Estate, gift, excise and other",0.554107,real,Iowa
2013,Income tax not withheld and SECA,5.69406,real,Iowa
2013,Income tax withheld and FICA,20.7565,real,Iowa
2014,Business income taxes,2.05655,real,Iowa
2014,"Estate, gift, excise and other",0.680068,real,Iowa
2014,Income tax not withheld and SECA,5.3861,real,Iowa
2014,Income tax withheld and FICA,21.5849,real,Iowa
2015,Business income taxes,2.58939,real,Iowa
2015,"Estate, gift, excise and other",0.76272,real,Iowa
2015,Income tax not withheld and SECA,5.77524,real,Iowa
2015,Income tax withheld and FICA,22.4435,real,Iowa
2016,Business income taxes,2.01239,real,Iowa
2016,"Estate, gift, excise and other",0.678318,real,Iowa
2016,Income tax not withheld and SECA,5.45866,real,Iowa
2016,Income tax withheld and FICA,23.1382,real,Iowa
2017,Business income taxes,1.82061,real,Iowa
2017,"Estate, gift, excise and other",0.617872,real,Iowa
2017,Income tax not withheld and SECA,5.22156,real,Iowa
2017,Income tax withheld and FICA,24.0153,real,Iowa
2018,Business income taxes,1.42203,real,Iowa
2018,"Estate, gift, excise and other",0.787517,real,Iowa
2018,Income tax not withheld and SECA,5.26459,real,Iowa
2018,Income tax withheld and FICA,24.1051,real,Iowa
2019,Business income taxes,1.09419,real,Iowa
2019,"Estate, gift, excise and other",0.589878,real,Iowa
2019,Income tax not withheld and SECA,4.98136,real,Iowa
2019,Income tax withheld and FICA,24.0993,real,Iowa
2020,Business income taxes,1.30457,real,Iowa
2020,"Estate, gift, excise and other",0.555228,real,Iowa
2020,Income tax not withheld and SECA,4.81659,real,Iowa
2020,Income tax withheld and FICA,23.1337,real,Iowa
2021,Business income taxes,2.227,real,Iowa
2021,"Estate, gift, excise and other",0.661905,real,Iowa
2021,Income tax not withheld and SECA,6.03879,real,Iowa
2021,Income tax withheld and FICA,24.4315,real,Iowa
2022,Business income taxes,2.53925,real,Iowa
2022,"Estate, gift, excise and other",0.845812,real,Iowa
2022,Income tax not withheld and SECA,7.11123,real,Iowa
2022,Income tax withheld and FICA,27.0322,real,Iowa
2023,Business income taxes,1.65245,real,Iowa
2023,"Estate, gift, excise and other",0.604629,real,Iowa
2023,Income tax not withheld and SECA,6.77224,real,Iowa
2023,Income tax withheld and FICA,26.3737,real,Iowa
2024,Business income taxes,2.00009,real,Iowa
2024,"Estate, gift, excise and other",0.689772,real,Iowa
2024,Income tax not withheld and SECA,6.74697,real,Iowa
2024,Income tax withheld and FICA,27.0919,real,Iowa
2025,Business income taxes,1.74995,real,Iowa
2025,"Estate, gift, excise and other",0.695032,real,Iowa
2025,Income tax not withheld and SECA,6.87819,real,Iowa
2025,Income tax withheld and FICA,27.4089,real,Iowa
1998,Business income taxes,2.74211,real,Kansas
1998,"Estate, gift, excise and other",3.58473,real,Kansas
1998,Income tax not withheld and SECA,4.9882,real,Kansas
1998,Income tax withheld and FICA,16.7123,real,Kansas
1999,Business income taxes,1.60082,real,Kansas
1999,"Estate, gift, excise and other",4.3615,real,Kansas
1999,Income tax not withheld and SECA,5.04387,real,Kansas
1999,Income tax withheld and FICA,18.0772,real,Kansas
2000,Business income taxes,1.83022,real,Kansas
2000,"Estate, gift, excise and other",4.40957,real,Kansas
2000,Income tax not withheld and SECA,5.40514,real,Kansas
2000,Income tax withheld and FICA,19.8849,real,Kansas
2001,Business income taxes,1.57927,real,Kansas
2001,"Estate, gift, excise and other",4.78105,real,Kansas
2001,Income tax not withheld and SECA,5.29111,real,Kansas
2001,Income tax withheld and FICA,20.1534,real,Kansas
2002,Business income taxes,1.57669,real,Kansas
2002,"Estate, gift, excise and other",3.2964,real,Kansas
2002,Income tax not withheld and SECA,4.07087,real,Kansas
2002,Income tax withheld and FICA,18.777,real,Kansas
2003,Business income taxes,1.22197,real,Kansas
2003,"Estate, gift, excise and other",2.90306,real,Kansas
2003,Income tax not withheld and SECA,3.72627,real,Kansas
2003,Income tax withheld and FICA,18.0576,real,Kansas
2004,Business income taxes,1.68853,real,Kansas
2004,"Estate, gift, excise and other",3.2088,real,Kansas
2004,Income tax not withheld and SECA,3.41297,real,Kansas
2004,Income tax withheld and FICA,17.5983,real,Kansas
2005,Business income taxes,2.5409,real,Kansas
2005,"Estate, gift, excise and other",4.38641,real,Kansas
2005,Income tax not withheld and SECA,3.92957,real,Kansas
2005,Income tax withheld and FICA,18.8713,real,Kansas
2006,Business income taxes,4.09194,real,Kansas
2006,"Estate, gift, excise and other",2.60257,real,Kansas
2006,Income tax not withheld and SECA,4.75775,real,Kansas
2006,Income tax withheld and FICA,19.3761,real,Kansas
2007,Business income taxes,3.10719,real,Kansas
2007,"Estate, gift, excise and other",3.3567,real,Kansas
2007,Income tax not withheld and SECA,5.36798,real,Kansas
2007,Income tax withheld and FICA,21.4377,real,Kansas
2008,Business income taxes,3.0595,real,Kansas
2008,"Estate, gift, excise and other",2.25199,real,Kansas
2008,Income tax not withheld and SECA,5.64213,real,Kansas
2008,Income tax withheld and FICA,21.4292,real,Kansas
2009,Business income taxes,1.83145,real,Kansas
2009,"Estate, gift, excise and other",3.34813,real,Kansas
2009,Income tax not withheld and SECA,4.42802,real,Kansas
2009,Income tax withheld and FICA,19.839,real,Kansas
2010,Business income taxes,1.69872,real,Kansas
2010,"Estate, gift, excise and other",2.52904,real,Kansas
2010,Income tax not withheld and SECA,3.82936,real,Kansas
2010,Income tax withheld and FICA,18.9175,real,Kansas
2011,Business income taxes,2.0211,real,Kansas
2011,"Estate, gift, excise and other",2.20445,real,Kansas
2011,Income tax not withheld and SECA,4.39005,real,Kansas
2011,Income tax withheld and FICA,19.1455,real,Kansas
2012,Business income taxes,2.73217,real,Kansas
2012,"Estate, gift, excise and other",2.52781,real,Kansas
2012,Income tax not withheld and SECA,4.71649,real,Kansas
2012,Income tax withheld and FICA,20.2492,real,Kansas
2013,Business income taxes,3.60459,real,Kansas
2013,"Estate, gift, excise and other",2.97852,real,Kansas
2013,Income tax not withheld and SECA,5.57161,real,Kansas
2013,Income tax withheld and FICA,21.3629,real,Kansas
2014,Business income taxes,2.88444,real,Kansas
2014,"Estate, gift, excise and other",3.09275,real,Kansas
2014,Income tax not withheld and SECA,5.91896,real,Kansas
2014,Income tax withheld and FICA,22.589,real,Kansas
2015,Business income taxes,2.5885,real,Kansas
2015,"Estate, gift, excise and other",2.90532,real,Kansas
2015,Income tax not withheld and SECA,7.00705,real,Kansas
2015,Income tax withheld and FICA,23.0871,real,Kansas
2016,Business income taxes,1.67651,real,Kansas
2016,"Estate, gift, excise and other",2.88184,real,Kansas
2016,Income tax not withheld and SECA,5.9215,real,Kansas
2016,Income tax withheld and FICA,22.5649,real,Kansas
2017,Business income taxes,2.10437,real,Kansas
2017,"Estate, gift, excise and other",2.41411,real,Kansas
2017,Income tax not withheld and SECA,5.5772,real,Kansas
2017,Income tax withheld and FICA,22.7634,real,Kansas
2018,Business income taxes,1.79025,real,Kansas
2018,"Estate, gift, excise and other",2.68119,real,Kansas
2018,Income tax not withheld and SECA,5.70287,real,Kansas
2018,Income tax withheld and FICA,22.2875,real,Kansas
2019,Business income taxes,1.33745,real,Kansas
2019,"Estate, gift, excise and other",2.85263,real,Kansas
2019,Income tax not withheld and SECA,5.65005,real,Kansas
2019,Income tax withheld and FICA,22.6821,real,Kansas
2020,Business income taxes,1.07133,real,Kansas
2020,"Estate, gift, excise and other",2.33941,real,Kansas
2020,Income tax not withheld and SECA,5.31405,real,Kansas
2020,Income tax withheld and FICA,22.0706,real,Kansas
2021,Business income taxes,2.54133,real,Kansas
2021,"Estate, gift, excise and other",2.40769,real,Kansas
2021,Income tax not withheld and SECA,6.91839,real,Kansas
2021,Income tax withheld and FICA,22.5048,real,Kansas
2022,Business income taxes,2.99544,real,Kansas
2022,"Estate, gift, excise and other",2.5902,real,Kansas
2022,Income tax not withheld and SECA,8.21312,real,Kansas
2022,Income tax withheld and FICA,25.2907,real,Kansas
2023,Business income taxes,2.5966,real,Kansas
2023,"Estate, gift, excise and other",1.81853,real,Kansas
2023,Income tax not withheld and SECA,6.60411,real,Kansas
2023,Income tax withheld and FICA,23.2115,real,Kansas
2024,Business income taxes,1.76744,real,Kansas
2024,"Estate, gift, excise and other",1.7628,real,Kansas
2024,Income tax not withheld and SECA,6.62803,real,Kansas
2024,Income tax withheld and FICA,22.0223,real,Kansas
2025,Business income taxes,1.65499,real,Kansas
2025,"Estate, gift, excise and other",1.32979,real,Kansas
2025,Income tax not withheld and SECA,7.3038,real,Kansas
2025,Income tax withheld and FICA,23.1303,real,Kansas
1998,Business income taxes,2.99317,real,Kentucky
1998,"Estate, gift, excise and other",1.19179,real,Kentucky
1998,Income tax not withheld and SECA,5.31793,real,Kentucky
1998,Income tax withheld and FICA,20.7521,real,Kentucky
1999,Business income taxes,2.65298,real,Kentucky
1999,"Estate, gift, excise and other",1.03612,real,Kentucky
1999,Income tax not withheld and SECA,5.53672,real,Kentucky
1999,Income tax withheld and FICA,21.1234,real,Kentucky
2000,Business income taxes,2.50095,real,Kentucky
2000,"Estate, gift, excise and other",1.12947,real,Kentucky
2000,Income tax not withheld and SECA,5.59692,real,Kentucky
2000,Income tax withheld and FICA,22.4506,real,Kentucky
2001,Business income taxes,2.10098,real,Kentucky
2001,"Estate, gift, excise and other",0.990038,real,Kentucky
2001,Income tax not withheld and SECA,5.54402,real,Kentucky
2001,Income tax withheld and FICA,22.0889,real,Kentucky
2002,Business income taxes,2.26966,real,Kentucky
2002,"Estate, gift, excise and other",0.866092,real,Kentucky
2002,Income tax not withheld and SECA,4.71739,real,Kentucky
2002,Income tax withheld and FICA,21.6375,real,Kentucky
2003,Business income taxes,1.73133,real,Kentucky
2003,"Estate, gift, excise and other",0.816052,real,Kentucky
2003,Income tax not withheld and SECA,4.22567,real,Kentucky
2003,Income tax withheld and FICA,21.2998,real,Kentucky
2004,Business income taxes,1.9845,real,Kentucky
2004,"Estate, gift, excise and other",0.860813,real,Kentucky
2004,Income tax not withheld and SECA,3.80151,real,Kentucky
2004,Income tax withheld and FICA,21.8983,real,Kentucky
2005,Business income taxes,2.34564,real,Kentucky
2005,"Estate, gift, excise and other",0.757788,real,Kentucky
2005,Income tax not withheld and SECA,4.37561,real,Kentucky
2005,Income tax withheld and FICA,22.6244,real,Kentucky
2006,Business income taxes,2.46037,real,Kentucky
2006,"Estate, gift, excise and other",0.666117,real,Kentucky
2006,Income tax not withheld and SECA,5.0319,real,Kentucky
2006,Income tax withheld and FICA,25.0947,real,Kentucky
2007,Business income taxes,2.26471,real,Kentucky
2007,"Estate, gift, excise and other",0.638597,real,Kentucky
2007,Income tax not withheld and SECA,5.28874,real,Kentucky
2007,Income tax withheld and FICA,26.3291,real,Kentucky
2008,Business income taxes,2.43901,real,Kentucky
2008,"Estate, gift, excise and other",0.755528,real,Kentucky
2008,Income tax not withheld and SECA,5.42107,real,Kentucky
2008,Income tax withheld and FICA,27.7974,real,Kentucky
2009,Business income taxes,2.09008,real,Kentucky
2009,"Estate, gift, excise and other",0.715827,real,Kentucky
2009,Income tax not withheld and SECA,4.07969,real,Kentucky
2009,Income tax withheld and FICA,26.8092,real,Kentucky
2010,Business income taxes,2.47563,real,Kentucky
2010,"Estate, gift, excise and other",0.664433,real,Kentucky
2010,Income tax not withheld and SECA,3.76239,real,Kentucky
2010,Income tax withheld and FICA,26.6112,real,Kentucky
2011,Business income taxes,2.59795,real,Kentucky
2011,"Estate, gift, excise and other",0.624065,real,Kentucky
2011,Income tax not withheld and SECA,4.03708,real,Kentucky
2011,Income tax withheld and FICA,27.0965,real,Kentucky
2012,Business income taxes,2.4343,real,Kentucky
2012,"Estate, gift, excise and other",0.668343,real,Kentucky
2012,Income tax not withheld and SECA,3.84246,real,Kentucky
2012,Income tax withheld and FICA,27.6702,real,Kentucky
2013,Business income taxes,3.09391,real,Kentucky
2013,"Estate, gift, excise and other",0.966461,real,Kentucky
2013,Income tax not withheld and SECA,4.59998,real,Kentucky
2013,Income tax withheld and FICA,28.9443,real,Kentucky
2014,Business income taxes,3.09518,real,Kentucky
2014,"Estate, gift, excise and other",1.51767,real,Kentucky
2014,Income tax not withheld and SECA,4.69674,real,Kentucky
2014,Income tax withheld and FICA,30.8101,real,Kentucky
2015,Business income taxes,3.46388,real,Kentucky
2015,"Estate, gift, excise and other",2.07606,real,Kentucky
2015,Income tax not withheld and SECA,5.71316,real,Kentucky
2015,Income tax withheld and FICA,31.8282,real,Kentucky
2016,Business income taxes,3.24331,real,Kentucky
2016,"Estate, gift, excise and other",2.1231,real,Kentucky
2016,Income tax not withheld and SECA,5.42148,real,Kentucky
2016,Income tax withheld and FICA,33.9622,real,Kentucky
2017,Business income taxes,3.43074,real,Kentucky
2017,"Estate, gift, excise and other",0.816772,real,Kentucky
2017,Income tax not withheld and SECA,5.23505,real,Kentucky
2017,Income tax withheld and FICA,35.6698,real,Kentucky
2018,Business income taxes,3.60467,real,Kentucky
2018,"Estate, gift, excise and other",0.84685,real,Kentucky
2018,Income tax not withheld and SECA,5.74666,real,Kentucky
2018,Income tax withheld and FICA,33.5075,real,Kentucky
2019,Business income taxes,2.80641,real,Kentucky
2019,"Estate, gift, excise and other",2.06842,real,Kentucky
2019,Income tax not withheld and SECA,5.66068,real,Kentucky
2019,Income tax withheld and FICA,33.4175,real,Kentucky
2020,Business income taxes,3.24598,real,Kentucky
2020,"Estate, gift, excise and other",2.13444,real,Kentucky
2020,Income tax not withheld and SECA,5.23284,real,Kentucky
2020,Income tax withheld and FICA,34.9777,real,Kentucky
2021,Business income taxes,3.59872,real,Kentucky
2021,"Estate, gift, excise and other",1.03299,real,Kentucky
2021,Income tax not withheld and SECA,5.94909,real,Kentucky
2021,Income tax withheld and FICA,32.6902,real,Kentucky
2022,Business income taxes,4.59723,real,Kentucky
2022,"Estate, gift, excise and other",1.13836,real,Kentucky
2022,Income tax not withheld and SECA,7.72207,real,Kentucky
2022,Income tax withheld and FICA,37.3601,real,Kentucky
2023,Business income taxes,4.23508,real,Kentucky
2023,"Estate, gift, excise and other",0.820195,real,Kentucky
2023,Income tax not withheld and SECA,6.43455,real,Kentucky
2023,Income tax withheld and FICA,39.1916,real,Kentucky
2024,Business income taxes,3.51719,real,Kentucky
2024,"Estate, gift, excise and other",0.863082,real,Kentucky
2024,Income tax not withheld and SECA,6.59573,real,Kentucky
2024,Income tax withheld and FICA,40.5244,real,Kentucky
2025,Business income taxes,3.5891,real,Kentucky
2025,"Estate, gift, excise and other",0.716359,real,Kentucky
2025,Income tax not withheld and SECA,5.68593,real,Kentucky
2025,Income tax withheld and FICA,43.9889,real,Kentucky
1998,Business income taxes,3.06161,real,Louisiana
1998,"Estate, gift, excise and other",0.918966,real,Louisiana
1998,Income tax not withheld and SECA,6.80825,real,Louisiana
1998,Income tax withheld and FICA,23.1612,real,Louisiana
1999,Business income taxes,2.56348,real,Louisiana
1999,"Estate, gift, excise and other",1.01125,real,Louisiana
1999,Income tax not withheld and SECA,6.52188,real,Louisiana
1999,Income tax withheld and FICA,17.837,real,Louisiana
2000,Business income taxes,2.46678,real,Louisiana
2000,"Estate, gift, excise and other",0.886849,real,Louisiana
2000,Income tax not withheld and SECA,6.4963,real,Louisiana
2000,Income tax withheld and FICA,18.8211,real,Louisiana
2001,Business income taxes,1.7079,real,Louisiana
2001,"Estate, gift, excise and other",0.924855,real,Louisiana
2001,Income tax not withheld and SECA,6.71241,real,Louisiana
2001,Income tax withheld and FICA,23.8798,real,Louisiana
2002,Business income taxes,1.72245,real,Louisiana
2002,"Estate, gift, excise and other",0.66168,real,Louisiana
2002,Income tax not withheld and SECA,5.99013,real,Louisiana
2002,Income tax withheld and FICA,30.187,real,Louisiana
2003,Business income taxes,2.05798,real,Louisiana
2003,"Estate, gift, excise and other",0.694026,real,Louisiana
2003,Income tax not withheld and SECA,5.07889,real,Louisiana
2003,Income tax withheld and FICA,25.361,real,Louisiana
2004,Business income taxes,1.39288,real,Louisiana
2004,"Estate, gift, excise and other",0.69416,real,Louisiana
2004,Income tax not withheld and SECA,4.84714,real,Louisiana
2004,Income tax withheld and FICA,26.216,real,Louisiana
2005,Business income taxes,1.82008,real,Louisiana
2005,"Estate, gift, excise and other",0.921023,real,Louisiana
2005,Income tax not withheld and SECA,5.30716,real,Louisiana
2005,Income tax withheld and FICA,32.511,real,Louisiana
2006,Business income taxes,1.7846,real,Louisiana
2006,"Estate, gift, excise and other",0.87784,real,Louisiana
2006,Income tax not withheld and SECA,5.16735,real,Louisiana
2006,Income tax withheld and FICA,34.0219,real,Louisiana
2007,Business income taxes,3.10532,real,Louisiana
2007,"Estate, gift, excise and other",0.662686,real,Louisiana
2007,Income tax not withheld and SECA,10.1063,real,Louisiana
2007,Income tax withheld and FICA,36.3429,real,Louisiana
2008,Business income taxes,3.42385,real,Louisiana
2008,"Estate, gift, excise and other",0.879949,real,Louisiana
2008,Income tax not withheld and SECA,8.32506,real,Louisiana
2008,Income tax withheld and FICA,38.8193,real,Louisiana
2009,Business income taxes,1.91677,real,Louisiana
2009,"Estate, gift, excise and other",1.17056,real,Louisiana
2009,Income tax not withheld and SECA,8.20722,real,Louisiana
2009,Income tax withheld and FICA,39.1209,real,Louisiana
2010,Business income taxes,2.42582,real,Louisiana
2010,"Estate, gift, excise and other",0.844029,real,Louisiana
2010,Income tax not withheld and SECA,6.08552,real,Louisiana
2010,Income tax withheld and FICA,40.1805,real,Louisiana
2011,Business income taxes,2.16527,real,Louisiana
2011,"Estate, gift, excise and other",0.799668,real,Louisiana
2011,Income tax not withheld and SECA,6.95303,real,Louisiana
2011,Income tax withheld and FICA,40.5062,real,Louisiana
2012,Business income taxes,1.52164,real,Louisiana
2012,"Estate, gift, excise and other",0.95195,real,Louisiana
2012,Income tax not withheld and SECA,6.57286,real,Louisiana
2012,Income tax withheld and FICA,38.9885,real,Louisiana
2013,Business income taxes,2.04789,real,Louisiana
2013,"Estate, gift, excise and other",1.06366,real,Louisiana
2013,Income tax not withheld and SECA,8.24922,real,Louisiana
2013,Income tax withheld and FICA,43.1063,real,Louisiana
2014,Business income taxes,2.13651,real,Louisiana
2014,"Estate, gift, excise and other",1.53265,real,Louisiana
2014,Income tax not withheld and SECA,8.84614,real,Louisiana
2014,Income tax withheld and FICA,44.7755,real,Louisiana
2015,Business income taxes,1.45922,real,Louisiana
2015,"Estate, gift, excise and other",1.47844,real,Louisiana
2015,Income tax not withheld and SECA,9.0432,real,Louisiana
2015,Income tax withheld and FICA,44.1661,real,Louisiana
2016,Business income taxes,1.61905,real,Louisiana
2016,"Estate, gift, excise and other",1.0255,real,Louisiana
2016,Income tax not withheld and SECA,7.90811,real,Louisiana
2016,Income tax withheld and FICA,43.7262,real,Louisiana
2017,Business income taxes,2.3172,real,Louisiana
2017,"Estate, gift, excise and other",0.978232,real,Louisiana
2017,Income tax not withheld and SECA,7.37292,real,Louisiana
2017,Income tax withheld and FICA,44.2502,real,Louisiana
2018,Business income taxes,1.33778,real,Louisiana
2018,"Estate, gift, excise and other",1.01466,real,Louisiana
2018,Income tax not withheld and SECA,7.50729,real,Louisiana
2018,Income tax withheld and FICA,42.9344,real,Louisiana
2019,Business income taxes,0.954246,real,Louisiana
2019,"Estate, gift, excise and other",0.947975,real,Louisiana
2019,Income tax not withheld and SECA,7.40357,real,Louisiana
2019,Income tax withheld and FICA,39.383,real,Louisiana
2020,Business income taxes,0.942497,real,Louisiana
2020,"Estate, gift, excise and other",0.800878,real,Louisiana
2020,Income tax not withheld and SECA,6.77314,real,Louisiana
2020,Income tax withheld and FICA,35.3485,real,Louisiana
2021,Business income taxes,0.931652,real,Louisiana
2021,"Estate, gift, excise and other",0.919304,real,Louisiana
2021,Income tax not withheld and SECA,7.24889,real,Louisiana
2021,Income tax withheld and FICA,37.3272,real,Louisiana
2022,Business income taxes,1.59562,real,Louisiana
2022,"Estate, gift, excise and other",1.08566,real,Louisiana
2022,Income tax not withheld and SECA,10.3823,real,Louisiana
2022,Income tax withheld and FICA,41.632,real,Louisiana
2023,Business income taxes,2.55047,real,Louisiana
2023,"Estate, gift, excise and other",0.948823,real,Louisiana
2023,Income tax not withheld and SECA,8.79481,real,Louisiana
2023,Income tax withheld and FICA,34.6725,real,Louisiana
2024,Business income taxes,1.34977,real,Louisiana
2024,"Estate, gift, excise and other",0.839436,real,Louisiana
2024,Income tax not withheld and SECA,8.67537,real,Louisiana
2024,Income tax withheld and FICA,32.1173,real,Louisiana
2025,Business income taxes,1.59309,real,Louisiana
2025,"Estate, gift, excise and other",1.14909,real,Louisiana
2025,Income tax not withheld and SECA,9.33195,real,Louisiana
2025,Income tax withheld and FICA,45.9468,real,Louisiana
1998,Business income taxes,0.514103,real,Maine
1998,"Estate, gift, excise and other",0.374672,real,Maine
1998,Income tax not withheld and SECA,1.87787,real,Maine
1998,Income tax withheld and FICA,5.69451,real,Maine
1999,Business income taxes,0.942419,real,Maine
1999,"Estate, gift, excise and other",0.43501,real,Maine
1999,Income tax not withheld and SECA,2.02939,real,Maine
1999,Income tax withheld and FICA,6.05598,real,Maine
2000,Business income taxes,0.830893,real,Maine
2000,"Estate, gift, excise and other",0.560074,real,Maine
2000,Income tax not withheld and SECA,2.1924,real,Maine
2000,Income tax withheld and FICA,6.27392,real,Maine
2001,Business income taxes,0.486815,real,Maine
2001,"Estate, gift, excise and other",0.601528,real,Maine
2001,Income tax not withheld and SECA,2.38953,real,Maine
2001,Income tax withheld and FICA,6.44221,real,Maine
2002,Business income taxes,0.57928,real,Maine
2002,"Estate, gift, excise and other",0.424129,real,Maine
2002,Income tax not withheld and SECA,1.90149,real,Maine
2002,Income tax withheld and FICA,6.11742,real,Maine
2003,Business income taxes,0.537608,real,Maine
2003,"Estate, gift, excise and other",0.371278,real,Maine
2003,Income tax not withheld and SECA,1.72025,real,Maine
2003,Income tax withheld and FICA,6.04337,real,Maine
2004,Business income taxes,0.532528,real,Maine
2004,"Estate, gift, excise and other",0.423158,real,Maine
2004,Income tax not withheld and SECA,1.61626,real,Maine
2004,Income tax withheld and FICA,6.36998,real,Maine
2005,Business income taxes,0.598764,real,Maine
2005,"Estate, gift, excise and other",0.378489,real,Maine
2005,Income tax not withheld and SECA,1.76027,real,Maine
2005,Income tax withheld and FICA,6.30408,real,Maine
2006,Business income taxes,0.750815,real,Maine
2006,"Estate, gift, excise and other",0.433587,real,Maine
2006,Income tax not withheld and SECA,1.95886,real,Maine
2006,Income tax withheld and FICA,6.50679,real,Maine
2007,Business income taxes,0.479463,real,Maine
2007,"Estate, gift, excise and other",0.455523,real,Maine
2007,Income tax not withheld and SECA,2.0905300000000002,real,Maine
2007,Income tax withheld and FICA,6.35271,real,Maine
2008,Business income taxes,0.630685,real,Maine
2008,"Estate, gift, excise and other",0.426218,real,Maine
2008,Income tax not withheld and SECA,2.04642,real,Maine
2008,Income tax withheld and FICA,6.7337,real,Maine
2009,Business income taxes,0.256518,real,Maine
2009,"Estate, gift, excise and other",0.404466,real,Maine
2009,Income tax not withheld and SECA,1.43483,real,Maine
2009,Income tax withheld and FICA,6.72876,real,Maine
2010,Business income taxes,0.315383,real,Maine
2010,"Estate, gift, excise and other",0.269535,real,Maine
2010,Income tax not withheld and SECA,1.29586,real,Maine
2010,Income tax withheld and FICA,6.56928,real,Maine
2011,Business income taxes,0.574475,real,Maine
2011,"Estate, gift, excise and other",0.304169,real,Maine
2011,Income tax not withheld and SECA,1.48138,real,Maine
2011,Income tax withheld and FICA,6.2854,real,Maine
2012,Business income taxes,0.702899,real,Maine
2012,"Estate, gift, excise and other",0.303504,real,Maine
2012,Income tax not withheld and SECA,1.4021,real,Maine
2012,Income tax withheld and FICA,6.187,real,Maine
2013,Business income taxes,0.393372,real,Maine
2013,"Estate, gift, excise and other",0.415093,real,Maine
2013,Income tax not withheld and SECA,1.69766,real,Maine
2013,Income tax withheld and FICA,6.63564,real,Maine
2014,Business income taxes,0.389054,real,Maine
2014,"Estate, gift, excise and other",0.320535,real,Maine
2014,Income tax not withheld and SECA,1.67754,real,Maine
2014,Income tax withheld and FICA,6.80312,real,Maine
2015,Business income taxes,0.402656,real,Maine
2015,"Estate, gift, excise and other",0.408583,real,Maine
2015,Income tax not withheld and SECA,1.90745,real,Maine
2015,Income tax withheld and FICA,7.11277,real,Maine
2016,Business income taxes,0.514623,real,Maine
2016,"Estate, gift, excise and other",0.399634,real,Maine
2016,Income tax not withheld and SECA,1.90503,real,Maine
2016,Income tax withheld and FICA,7.43974,real,Maine
2017,Business income taxes,0.491032,real,Maine
2017,"Estate, gift, excise and other",0.281798,real,Maine
2017,Income tax not withheld and SECA,2.01404,real,Maine
2017,Income tax withheld and FICA,7.60342,real,Maine
2018,Business income taxes,0.248959,real,Maine
2018,"Estate, gift, excise and other",0.181254,real,Maine
2018,Income tax not withheld and SECA,2.08916,real,Maine
2018,Income tax withheld and FICA,7.4472,real,Maine
2019,Business income taxes,0.345826,real,Maine
2019,"Estate, gift, excise and other",0.195188,real,Maine
2019,Income tax not withheld and SECA,2.07098,real,Maine
2019,Income tax withheld and FICA,7.42807,real,Maine
2020,Business income taxes,0.308416,real,Maine
2020,"Estate, gift, excise and other",0.153439,real,Maine
2020,Income tax not withheld and SECA,2.05548,real,Maine
2020,Income tax withheld and FICA,7.35477,real,Maine
2021,Business income taxes,0.662513,real,Maine
2021,"Estate, gift, excise and other",0.386078,real,Maine
2021,Income tax not withheld and SECA,2.6374,real,Maine
2021,Income tax withheld and FICA,7.88861,real,Maine
2022,Business income taxes,0.80219,real,Maine
2022,"Estate, gift, excise and other",0.431495,real,Maine
2022,Income tax not withheld and SECA,3.52317,real,Maine
2022,Income tax withheld and FICA,8.07888,real,Maine
2023,Business income taxes,0.917591,real,Maine
2023,"Estate, gift, excise and other",0.253259,real,Maine
2023,Income tax not withheld and SECA,2.80403,real,Maine
2023,Income tax withheld and FICA,8.26565,real,Maine
2024,Business income taxes,0.870647,real,Maine
2024,"Estate, gift, excise and other",0.235225,real,Maine
2024,Income tax not withheld and SECA,2.91425,real,Maine
2024,Income tax withheld and FICA,8.46752,real,Maine
2025,Business income taxes,0.772624,real,Maine
2025,"Estate, gift, excise and other",0.41121,real,Maine
2025,Income tax not withheld and SECA,3.22332,real,Maine
2025,Income tax withheld and FICA,8.80251,real,Maine
2002,Business income taxes,5.54014,real,Maryland
2002,"Estate, gift, excise and other",2.09629,real,Maryland
2002,Income tax not withheld and SECA,11.3126,real,Maryland
2002,Income tax withheld and FICA,51.8924,real,Maryland
2003,Business income taxes,3.10128,real,Maryland
2003,"Estate, gift, excise and other",1.54227,real,Maryland
2003,Income tax not withheld and SECA,10.2354,real,Maryland
2003,Income tax withheld and FICA,48.9928,real,Maryland
2004,Business income taxes,3.84874,real,Maryland
2004,"Estate, gift, excise and other",1.46121,real,Maryland
2004,Income tax not withheld and SECA,9.87262,real,Maryland
2004,Income tax withheld and FICA,51.463,real,Maryland
2005,Business income taxes,4.83102,real,Maryland
2005,"Estate, gift, excise and other",1.25608,real,Maryland
2005,Income tax not withheld and SECA,12.1943,real,Maryland
2005,Income tax withheld and FICA,55.768,real,Maryland
2006,Business income taxes,6.49863,real,Maryland
2006,"Estate, gift, excise and other",1.35742,real,Maryland
2006,Income tax not withheld and SECA,13.5512,real,Maryland
2006,Income tax withheld and FICA,57.0816,real,Maryland
2007,Business income taxes,5.60516,real,Maryland
2007,"Estate, gift, excise and other",1.03929,real,Maryland
2007,Income tax not withheld and SECA,14.3348,real,Maryland
2007,Income tax withheld and FICA,59.1036,real,Maryland
2008,Business income taxes,6.34363,real,Maryland
2008,"Estate, gift, excise and other",1.50107,real,Maryland
2008,Income tax not withheld and SECA,14.1461,real,Maryland
2008,Income tax withheld and FICA,57.0501,real,Maryland
2009,Business income taxes,3.16077,real,Maryland
2009,"Estate, gift, excise and other",1.40752,real,Maryland
2009,Income tax not withheld and SECA,9.74941,real,Maryland
2009,Income tax withheld and FICA,49.9755,real,Maryland
2010,Business income taxes,5.59232,real,Maryland
2010,"Estate, gift, excise and other",1.02341,real,Maryland
2010,Income tax not withheld and SECA,9.54817,real,Maryland
2010,Income tax withheld and FICA,52.161,real,Maryland
2011,Business income taxes,4.39605,real,Maryland
2011,"Estate, gift, excise and other",1.07268,real,Maryland
2011,Income tax not withheld and SECA,10.2622,real,Maryland
2011,Income tax withheld and FICA,53.233,real,Maryland
2012,Business income taxes,3.62415,real,Maryland
2012,"Estate, gift, excise and other",1.03828,real,Maryland
2012,Income tax not withheld and SECA,10.4243,real,Maryland
2012,Income tax withheld and FICA,51.295,real,Maryland
2013,Business income taxes,3.60896,real,Maryland
2013,"Estate, gift, excise and other",1.71754,real,Maryland
2013,Income tax not withheld and SECA,12.0262,real,Maryland
2013,Income tax withheld and FICA,59.0008,real,Maryland
2014,Business income taxes,4.22952,real,Maryland
2014,"Estate, gift, excise and other",1.73008,real,Maryland
2014,Income tax not withheld and SECA,12.6065,real,Maryland
2014,Income tax withheld and FICA,60.8171,real,Maryland
2015,Business income taxes,4.7638,real,Maryland
2015,"Estate, gift, excise and other",1.84277,real,Maryland
2015,Income tax not withheld and SECA,13.7679,real,Maryland
2015,Income tax withheld and FICA,63.8388,real,Maryland
2016,Business income taxes,5.27975,real,Maryland
2016,"Estate, gift, excise and other",1.8986,real,Maryland
2016,Income tax not withheld and SECA,13.6911,real,Maryland
2016,Income tax withheld and FICA,67.5849,real,Maryland
2017,Business income taxes,5.29757,real,Maryland
2017,"Estate, gift, excise and other",1.38639,real,Maryland
2017,Income tax not withheld and SECA,13.3955,real,Maryland
2017,Income tax withheld and FICA,71.5018,real,Maryland
2018,Business income taxes,3.69234,real,Maryland
2018,"Estate, gift, excise and other",1.72512,real,Maryland
2018,Income tax not withheld and SECA,14.2421,real,Maryland
2018,Income tax withheld and FICA,71.5889,real,Maryland
2019,Business income taxes,3.85132,real,Maryland
2019,"Estate, gift, excise and other",2.73483,real,Maryland
2019,Income tax not withheld and SECA,15.0656,real,Maryland
2019,Income tax withheld and FICA,75.2475,real,Maryland
2020,Business income taxes,3.85287,real,Maryland
2020,"Estate, gift, excise and other",1.60288,real,Maryland
2020,Income tax not withheld and SECA,14.6612,real,Maryland
2020,Income tax withheld and FICA,77.0128,real,Maryland
2021,Business income taxes,4.31911,real,Maryland
2021,"Estate, gift, excise and other",2.24457,real,Maryland
2021,Income tax not withheld and SECA,17.6641,real,Maryland
2021,Income tax withheld and FICA,80.6248,real,Maryland
2022,Business income taxes,4.62485,real,Maryland
2022,"Estate, gift, excise and other",2.11608,real,Maryland
2022,Income tax not withheld and SECA,20.4879,real,Maryland
2022,Income tax withheld and FICA,61.5823,real,Maryland
2023,Business income taxes,4.7186,real,Maryland
2023,"Estate, gift, excise and other",1.54369,real,Maryland
2023,Income tax not withheld and SECA,15.7738,real,Maryland
2023,Income tax withheld and FICA,56.6513,real,Maryland
2024,Business income taxes,4.5016,real,Maryland
2024,"Estate, gift, excise and other",1.48332,real,Maryland
2024,Income tax not withheld and SECA,17.274,real,Maryland
2024,Income tax withheld and FICA,87.0005,real,Maryland
2025,Business income taxes,4.15823,real,Maryland
2025,"Estate, gift, excise and other",2.1321,real,Maryland
2025,Income tax not withheld and SECA,18.8069,real,Maryland
2025,Income tax withheld and FICA,69.3241,real,Maryland
1998,Business income taxes,9.73426,real,Massachusetts
1998,"Estate, gift, excise and other",2.51623,real,Massachusetts
1998,Income tax not withheld and SECA,18.5687,real,Massachusetts
1998,Income tax withheld and FICA,65.4422,real,Massachusetts
1999,Business income taxes,10.0044,real,Massachusetts
1999,"Estate, gift, excise and other",2.83852,real,Massachusetts
1999,Income tax not withheld and SECA,20.3805,real,Massachusetts
1999,Income tax withheld and FICA,71.2668,real,Massachusetts
2000,Business income taxes,9.44357,real,Massachusetts
2000,"Estate, gift, excise and other",2.81153,real,Massachusetts
2000,Income tax not withheld and SECA,24.8811,real,Massachusetts
2000,Income tax withheld and FICA,76.6754,real,Massachusetts
2001,Business income taxes,8.9524,real,Massachusetts
2001,"Estate, gift, excise and other",2.80775,real,Massachusetts
2001,Income tax not withheld and SECA,29.6837,real,Massachusetts
2001,Income tax withheld and FICA,78.7939,real,Massachusetts
2002,Business income taxes,7.32338,real,Massachusetts
2002,"Estate, gift, excise and other",2.72556,real,Massachusetts
2002,Income tax not withheld and SECA,19.8687,real,Massachusetts
2002,Income tax withheld and FICA,72.8283,real,Massachusetts
2003,Business income taxes,5.83706,real,Massachusetts
2003,"Estate, gift, excise and other",2.25253,real,Massachusetts
2003,Income tax not withheld and SECA,15.8338,real,Massachusetts
2003,Income tax withheld and FICA,69.6743,real,Massachusetts
2004,Business income taxes,6.44676,real,Massachusetts
2004,"Estate, gift, excise and other",2.63712,real,Massachusetts
2004,Income tax not withheld and SECA,15.3454,real,Massachusetts
2004,Income tax withheld and FICA,71.823,real,Massachusetts
2005,Business income taxes,9.85918,real,Massachusetts
2005,"Estate, gift, excise and other",2.37666,real,Massachusetts
2005,Income tax not withheld and SECA,18.2873,real,Massachusetts
2005,Income tax withheld and FICA,71.2779,real,Massachusetts
2006,Business income taxes,10.7312,real,Massachusetts
2006,"Estate, gift, excise and other",2.44399,real,Massachusetts
2006,Income tax not withheld and SECA,20.3894,real,Massachusetts
2006,Income tax withheld and FICA,73.0858,real,Massachusetts
2007,Business income taxes,11.3732,real,Massachusetts
2007,"Estate, gift, excise and other",2.17528,real,Massachusetts
2007,Income tax not withheld and SECA,22.0907,real,Massachusetts
2007,Income tax withheld and FICA,75.8733,real,Massachusetts
2008,Business income taxes,11.2557,real,Massachusetts
2008,"Estate, gift, excise and other",2.41584,real,Massachusetts
2008,Income tax not withheld and SECA,23.6589,real,Massachusetts
2008,Income tax withheld and FICA,81.4789,real,Massachusetts
2009,Business income taxes,7.24748,real,Massachusetts
2009,"Estate, gift, excise and other",2.66113,real,Massachusetts
2009,Income tax not withheld and SECA,14.8903,real,Massachusetts
2009,Income tax withheld and FICA,76.5267,real,Massachusetts
2010,Business income taxes,7.99115,real,Massachusetts
2010,"Estate, gift, excise and other",2.3866,real,Massachusetts
2010,Income tax not withheld and SECA,14.6308,real,Massachusetts
2010,Income tax withheld and FICA,77.3497,real,Massachusetts
2011,Business income taxes,8.43878,real,Massachusetts
2011,"Estate, gift, excise and other",2.38674,real,Massachusetts
2011,Income tax not withheld and SECA,17.6001,real,Massachusetts
2011,Income tax withheld and FICA,80.0692,real,Massachusetts
2012,Business income taxes,7.28371,real,Massachusetts
2012,"Estate, gift, excise and other",2.79688,real,Massachusetts
2012,Income tax not withheld and SECA,17.2959,real,Massachusetts
2012,Income tax withheld and FICA,82.7749,real,Massachusetts
2013,Business income taxes,8.13144,real,Massachusetts
2013,"Estate, gift, excise and other",3.57512,real,Massachusetts
2013,Income tax not withheld and SECA,20.4532,real,Massachusetts
2013,Income tax withheld and FICA,90.4555,real,Massachusetts
2014,Business income taxes,12.3545,real,Massachusetts
2014,"Estate, gift, excise and other",3.99259,real,Massachusetts
2014,Income tax not withheld and SECA,23.1821,real,Massachusetts
2014,Income tax withheld and FICA,93.8479,real,Massachusetts
2015,Business income taxes,11.5733,real,Massachusetts
2015,"Estate, gift, excise and other",4.55238,real,Massachusetts
2015,Income tax not withheld and SECA,26.804,real,Massachusetts
2015,Income tax withheld and FICA,99.3855,real,Massachusetts
2016,Business income taxes,10.6054,real,Massachusetts
2016,"Estate, gift, excise and other",3.81854,real,Massachusetts
2016,Income tax not withheld and SECA,25.4506,real,Massachusetts
2016,Income tax withheld and FICA,102.303,real,Massachusetts
2017,Business income taxes,11.6729,real,Massachusetts
2017,"Estate, gift, excise and other",3.56965,real,Massachusetts
2017,Income tax not withheld and SECA,24.3616,real,Massachusetts
2017,Income tax withheld and FICA,105.642,real,Massachusetts
2018,Business income taxes,9.92534,real,Massachusetts
2018,"Estate, gift, excise and other",4.22578,real,Massachusetts
2018,Income tax not withheld and SECA,28.159,real,Massachusetts
2018,Income tax withheld and FICA,106.077,real,Massachusetts
2019,Business income taxes,8.99221,real,Massachusetts
2019,"Estate, gift, excise and other",3.85024,real,Massachusetts
2019,Income tax not withheld and SECA,28.6825,real,Massachusetts
2019,Income tax withheld and FICA,106.695,real,Massachusetts
2020,Business income taxes,8.80949,real,Massachusetts
2020,"Estate, gift, excise and other",3.27154,real,Massachusetts
2020,Income tax not withheld and SECA,26.6255,real,Massachusetts
2020,Income tax withheld and FICA,106.459,real,Massachusetts
2021,Business income taxes,12.3749,real,Massachusetts
2021,"Estate, gift, excise and other",4.27452,real,Massachusetts
2021,Income tax not withheld and SECA,33.8508,real,Massachusetts
2021,Income tax withheld and FICA,119.638,real,Massachusetts
2022,Business income taxes,17.4329,real,Massachusetts
2022,"Estate, gift, excise and other",4.88249,real,Massachusetts
2022,Income tax not withheld and SECA,42.614,real,Massachusetts
2022,Income tax withheld and FICA,122.089,real,Massachusetts
2023,Business income taxes,14.0581,real,Massachusetts
2023,"Estate, gift, excise and other",3.58327,real,Massachusetts
2023,Income tax not withheld and SECA,30.9743,real,Massachusetts
2023,Income tax withheld and FICA,113.093,real,Massachusetts
2024,Business income taxes,12.7022,real,Massachusetts
2024,"Estate, gift, excise and other",3.00339,real,Massachusetts
2024,Income tax not withheld and SECA,29.4903,real,Massachusetts
2024,Income tax withheld and FICA,115.425,real,Massachusetts
2025,Business income taxes,13.5492,real,Massachusetts
2025,"Estate, gift, excise and other",4.60601,real,Massachusetts
2025,Income tax not withheld and SECA,35.0134,real,Massachusetts
2025,Income tax withheld and FICA,126.595,real,Massachusetts
1998,Business income taxes,13.0785,real,Michigan
1998,"Estate, gift, excise and other",2.11353,real,Michigan
1998,Income tax not withheld and SECA,16.0485,real,Michigan
1998,Income tax withheld and FICA,92.0082,real,Michigan
1999,Business income taxes,11.8355,real,Michigan
1999,"Estate, gift, excise and other",2.45515,real,Michigan
1999,Income tax not withheld and SECA,17.4422,real,Michigan
1999,Income tax withheld and FICA,97.0172,real,Michigan
2000,Business income taxes,12.5959,real,Michigan
2000,"Estate, gift, excise and other",2.39958,real,Michigan
2000,Income tax not withheld and SECA,18.3198,real,Michigan
2000,Income tax withheld and FICA,100.613,real,Michigan
2001,Business income taxes,5.90859,real,Michigan
2001,"Estate, gift, excise and other",2.21945,real,Michigan
2001,Income tax not withheld and SECA,17.015,real,Michigan
2001,Income tax withheld and FICA,95.046,real,Michigan
2002,Business income taxes,6.94651,real,Michigan
2002,"Estate, gift, excise and other",1.80705,real,Michigan
2002,Income tax not withheld and SECA,13.0445,real,Michigan
2002,Income tax withheld and FICA,91.0221,real,Michigan
2003,Business income taxes,6.04404,real,Michigan
2003,"Estate, gift, excise and other",1.68801,real,Michigan
2003,Income tax not withheld and SECA,11.8062,real,Michigan
2003,Income tax withheld and FICA,88.6033,real,Michigan
2004,Business income taxes,6.78582,real,Michigan
2004,"Estate, gift, excise and other",1.7607,real,Michigan
2004,Income tax not withheld and SECA,10.7933,real,Michigan
2004,Income tax withheld and FICA,84.5472,real,Michigan
2005,Business income taxes,9.74317,real,Michigan
2005,"Estate, gift, excise and other",2.42606,real,Michigan
2005,Income tax not withheld and SECA,12.9064,real,Michigan
2005,Income tax withheld and FICA,83.2517,real,Michigan
2006,Business income taxes,11.6969,real,Michigan
2006,"Estate, gift, excise and other",2.11691,real,Michigan
2006,Income tax not withheld and SECA,13.6165,real,Michigan
2006,Income tax withheld and FICA,79.844,real,Michigan
2007,Business income taxes,10.4319,real,Michigan
2007,"Estate, gift, excise and other",2.0525,real,Michigan
2007,Income tax not withheld and SECA,13.756,real,Michigan
2007,Income tax withheld and FICA,78.0273,real,Michigan
2008,Business income taxes,7.14861,real,Michigan
2008,"Estate, gift, excise and other",1.76675,real,Michigan
2008,Income tax not withheld and SECA,14.0406,real,Michigan
2008,Income tax withheld and FICA,74.3171,real,Michigan
2009,Business income taxes,4.95608,real,Michigan
2009,"Estate, gift, excise and other",1.5273,real,Michigan
2009,Income tax not withheld and SECA,9.56568,real,Michigan
2009,Income tax withheld and FICA,64.9598,real,Michigan
2010,Business income taxes,4.3532400000000004,real,Michigan
2010,"Estate, gift, excise and other",1.37269,real,Michigan
2010,Income tax not withheld and SECA,8.99739,real,Michigan
2010,Income tax withheld and FICA,62.3803,real,Michigan
2011,Business income taxes,4.89706,real,Michigan
2011,"Estate, gift, excise and other",1.1607,real,Michigan
2011,Income tax not withheld and SECA,10.5186,real,Michigan
2011,Income tax withheld and FICA,61.5803,real,Michigan
2012,Business income taxes,5.30071,real,Michigan
2012,"Estate, gift, excise and other",1.31545,real,Michigan
2012,Income tax not withheld and SECA,10.8981,real,Michigan
2012,Income tax withheld and FICA,64.1884,real,Michigan
2013,Business income taxes,6.69854,real,Michigan
2013,"Estate, gift, excise and other",2.08939,real,Michigan
2013,Income tax not withheld and SECA,15.325,real,Michigan
2013,Income tax withheld and FICA,69.2949,real,Michigan
2014,Business income taxes,6.68818,real,Michigan
2014,"Estate, gift, excise and other",2.0646,real,Michigan
2014,Income tax not withheld and SECA,14.3277,real,Michigan
2014,Income tax withheld and FICA,71.7099,real,Michigan
2015,Business income taxes,8.31417,real,Michigan
2015,"Estate, gift, excise and other",2.87055,real,Michigan
2015,Income tax not withheld and SECA,16.7786,real,Michigan
2015,Income tax withheld and FICA,74.7051,real,Michigan
2016,Business income taxes,8.54373,real,Michigan
2016,"Estate, gift, excise and other",2.47296,real,Michigan
2016,Income tax not withheld and SECA,16.7333,real,Michigan
2016,Income tax withheld and FICA,78.3881,real,Michigan
2017,Business income taxes,6.81961,real,Michigan
2017,"Estate, gift, excise and other",2.19627,real,Michigan
2017,Income tax not withheld and SECA,16.7084,real,Michigan
2017,Income tax withheld and FICA,80.5482,real,Michigan
2018,Business income taxes,5.07927,real,Michigan
2018,"Estate, gift, excise and other",2.86827,real,Michigan
2018,Income tax not withheld and SECA,17.3727,real,Michigan
2018,Income tax withheld and FICA,79.3776,real,Michigan
2019,Business income taxes,4.49874,real,Michigan
2019,"Estate, gift, excise and other",2.07431,real,Michigan
2019,Income tax not withheld and SECA,16.5212,real,Michigan
2019,Income tax withheld and FICA,77.6455,real,Michigan
2020,Business income taxes,4.34746,real,Michigan
2020,"Estate, gift, excise and other",1.77684,real,Michigan
2020,Income tax not withheld and SECA,15.7329,real,Michigan
2020,Income tax withheld and FICA,72.8777,real,Michigan
2021,Business income taxes,9.25746,real,Michigan
2021,"Estate, gift, excise and other",2.51289,real,Michigan
2021,Income tax not withheld and SECA,21.1261,real,Michigan
2021,Income tax withheld and FICA,78.0079,real,Michigan
2022,Business income taxes,9.17324,real,Michigan
2022,"Estate, gift, excise and other",3.37205,real,Michigan
2022,Income tax not withheld and SECA,24.2081,real,Michigan
2022,Income tax withheld and FICA,81.864,real,Michigan
2023,Business income taxes,8.10965,real,Michigan
2023,"Estate, gift, excise and other",3.12136,real,Michigan
2023,Income tax not withheld and SECA,18.7895,real,Michigan
2023,Income tax withheld and FICA,81.2019,real,Michigan
2024,Business income taxes,8.87881,real,Michigan
2024,"Estate, gift, excise and other",2.45849,real,Michigan
2024,Income tax not withheld and SECA,19.4312,real,Michigan
2024,Income tax withheld and FICA,80.6406,real,Michigan
2025,Business income taxes,6.68909,real,Michigan
2025,"Estate, gift, excise and other",2.85522,real,Michigan
2025,Income tax not withheld and SECA,21.7045,real,Michigan
2025,Income tax withheld and FICA,80.684,real,Michigan
1998,Business income taxes,11.0314,real,Minnesota
1998,"Estate, gift, excise and other",2.93789,real,Minnesota
1998,Income tax not withheld and SECA,9.865,real,Minnesota
1998,Income tax withheld and FICA,61.9717,real,Minnesota
1999,Business income taxes,11.113,real,Minnesota
1999,"Estate, gift, excise and other",3.30504,real,Minnesota
1999,Income tax not withheld and SECA,10.9932,real,Minnesota
1999,Income tax withheld and FICA,65.8343,real,Minnesota
2000,Business income taxes,10.5528,real,Minnesota
2000,"Estate, gift, excise and other",3.71737,real,Minnesota
2000,Income tax not withheld and SECA,11.9883,real,Minnesota
2000,Income tax withheld and FICA,71.5079,real,Minnesota
2001,Business income taxes,9.7446,real,Minnesota
2001,"Estate, gift, excise and other",4.3201,real,Minnesota
2001,Income tax not withheld and SECA,11.9508,real,Minnesota
2001,Income tax withheld and FICA,72.9932,real,Minnesota
2002,Business income taxes,13.9552,real,Minnesota
2002,"Estate, gift, excise and other",3.2662,real,Minnesota
2002,Income tax not withheld and SECA,9.24674,real,Minnesota
2002,Income tax withheld and FICA,72.457,real,Minnesota
2003,Business income taxes,14.2371,real,Minnesota
2003,"Estate, gift, excise and other",2.88271,real,Minnesota
2003,Income tax not withheld and SECA,8.49663,real,Minnesota
2003,Income tax withheld and FICA,71.0744,real,Minnesota
2004,Business income taxes,13.8298,real,Minnesota
2004,"Estate, gift, excise and other",2.88692,real,Minnesota
2004,Income tax not withheld and SECA,7.94996,real,Minnesota
2004,Income tax withheld and FICA,69.9692,real,Minnesota
2005,Business income taxes,19.4118,real,Minnesota
2005,"Estate, gift, excise and other",3.02772,real,Minnesota
2005,Income tax not withheld and SECA,9.17588,real,Minnesota
2005,Income tax withheld and FICA,74.5748,real,Minnesota
2006,Business income taxes,21.8308,real,Minnesota
2006,"Estate, gift, excise and other",3.10193,real,Minnesota
2006,Income tax not withheld and SECA,10.2389,real,Minnesota
2006,Income tax withheld and FICA,75.211,real,Minnesota
2007,Business income taxes,24.4929,real,Minnesota
2007,"Estate, gift, excise and other",2.87572,real,Minnesota
2007,Income tax not withheld and SECA,10.6845,real,Minnesota
2007,Income tax withheld and FICA,79.2972,real,Minnesota
2008,Business income taxes,23.6589,real,Minnesota
2008,"Estate, gift, excise and other",2.81601,real,Minnesota
2008,Income tax not withheld and SECA,11.0003,real,Minnesota
2008,Income tax withheld and FICA,80.8343,real,Minnesota
2009,Business income taxes,12.791,real,Minnesota
2009,"Estate, gift, excise and other",2.92941,real,Minnesota
2009,Income tax not withheld and SECA,7.83402,real,Minnesota
2009,Income tax withheld and FICA,74.2137,real,Minnesota
2010,Business income taxes,14.8444,real,Minnesota
2010,"Estate, gift, excise and other",1.78613,real,Minnesota
2010,Income tax not withheld and SECA,7.27546,real,Minnesota
2010,Income tax withheld and FICA,73.5677,real,Minnesota
2011,Business income taxes,15.9982,real,Minnesota
2011,"Estate, gift, excise and other",1.51827,real,Minnesota
2011,Income tax not withheld and SECA,8.64647,real,Minnesota
2011,Income tax withheld and FICA,75.951,real,Minnesota
2012,Business income taxes,22.2459,real,Minnesota
2012,"Estate, gift, excise and other",1.81123,real,Minnesota
2012,Income tax not withheld and SECA,8.73655,real,Minnesota
2012,Income tax withheld and FICA,75.7824,real,Minnesota
2013,Business income taxes,24.4699,real,Minnesota
2013,"Estate, gift, excise and other",2.15907,real,Minnesota
2013,Income tax not withheld and SECA,10.9926,real,Minnesota
2013,Income tax withheld and FICA,85.3192,real,Minnesota
2014,Business income taxes,25.857,real,Minnesota
2014,"Estate, gift, excise and other",4.27069,real,Minnesota
2014,Income tax not withheld and SECA,11.1502,real,Minnesota
2014,Income tax withheld and FICA,86.8611,real,Minnesota
2015,Business income taxes,32.0454,real,Minnesota
2015,"Estate, gift, excise and other",5.1138,real,Minnesota
2015,Income tax not withheld and SECA,12.6101,real,Minnesota
2015,Income tax withheld and FICA,91.0689,real,Minnesota
2016,Business income taxes,25.8364,real,Minnesota
2016,"Estate, gift, excise and other",4.86702,real,Minnesota
2016,Income tax not withheld and SECA,12.4846,real,Minnesota
2016,Income tax withheld and FICA,92.2966,real,Minnesota
2017,Business income taxes,23.8298,real,Minnesota
2017,"Estate, gift, excise and other",2.29392,real,Minnesota
2017,Income tax not withheld and SECA,11.8543,real,Minnesota
2017,Income tax withheld and FICA,96.2564,real,Minnesota
2018,Business income taxes,15.2683,real,Minnesota
2018,"Estate, gift, excise and other",2.58011,real,Minnesota
2018,Income tax not withheld and SECA,12.6166,real,Minnesota
2018,Income tax withheld and FICA,94.4766,real,Minnesota
2019,Business income taxes,14.8545,real,Minnesota
2019,"Estate, gift, excise and other",5.42463,real,Minnesota
2019,Income tax not withheld and SECA,12.2955,real,Minnesota
2019,Income tax withheld and FICA,94.1691,real,Minnesota
2020,Business income taxes,14.9907,real,Minnesota
2020,"Estate, gift, excise and other",5.56872,real,Minnesota
2020,Income tax not withheld and SECA,11.8938,real,Minnesota
2020,Income tax withheld and FICA,88.9465,real,Minnesota
2021,Business income taxes,17.5303,real,Minnesota
2021,"Estate, gift, excise and other",1.98988,real,Minnesota
2021,Income tax not withheld and SECA,14.6786,real,Minnesota
2021,Income tax withheld and FICA,93.466,real,Minnesota
2022,Business income taxes,16.2328,real,Minnesota
2022,"Estate, gift, excise and other",2.01377,real,Minnesota
2022,Income tax not withheld and SECA,18.2969,real,Minnesota
2022,Income tax withheld and FICA,97.9419,real,Minnesota
2023,Business income taxes,13.7328,real,Minnesota
2023,"Estate, gift, excise and other",1.67657,real,Minnesota
2023,Income tax not withheld and SECA,13.907,real,Minnesota
2023,Income tax withheld and FICA,96.1655,real,Minnesota
2024,Business income taxes,13.6622,real,Minnesota
2024,"Estate, gift, excise and other",2.03289,real,Minnesota
2024,Income tax not withheld and SECA,14.4438,real,Minnesota
2024,Income tax withheld and FICA,95.3339,real,Minnesota
2025,Business income taxes,10.9834,real,Minnesota
2025,"Estate, gift, excise and other",2.49938,real,Minnesota
2025,Income tax not withheld and SECA,15.4013,real,Minnesota
2025,Income tax withheld and FICA,97.3804,real,Minnesota
1998,Business income taxes,1.12708,real,Mississippi
1998,"Estate, gift, excise and other",0.650944,real,Mississippi
1998,Income tax not withheld and SECA,3.20981,real,Mississippi
1998,Income tax withheld and FICA,10.353,real,Mississippi
1999,Business income taxes,0.939302,real,Mississippi
1999,"Estate, gift, excise and other",0.726436,real,Mississippi
1999,Income tax not withheld and SECA,3.28912,real,Mississippi
1999,Income tax withheld and FICA,11.1315,real,Mississippi
2000,Business income taxes,1.07424,real,Mississippi
2000,"Estate, gift, excise and other",0.617254,real,Mississippi
2000,Income tax not withheld and SECA,3.28349,real,Mississippi
2000,Income tax withheld and FICA,12.297,real,Mississippi
2001,Business income taxes,0.788961,real,Mississippi
2001,"Estate, gift, excise and other",0.616778,real,Mississippi
2001,Income tax not withheld and SECA,3.28623,real,Mississippi
2001,Income tax withheld and FICA,11.4169,real,Mississippi
2002,Business income taxes,0.943048,real,Mississippi
2002,"Estate, gift, excise and other",0.649586,real,Mississippi
2002,Income tax not withheld and SECA,2.91363,real,Mississippi
2002,Income tax withheld and FICA,10.8259,real,Mississippi
2003,Business income taxes,0.786302,real,Mississippi
2003,"Estate, gift, excise and other",0.624931,real,Mississippi
2003,Income tax not withheld and SECA,2.58378,real,Mississippi
2003,Income tax withheld and FICA,11.0572,real,Mississippi
2004,Business income taxes,0.951283,real,Mississippi
2004,"Estate, gift, excise and other",0.662123,real,Mississippi
2004,Income tax not withheld and SECA,2.45536,real,Mississippi
2004,Income tax withheld and FICA,10.5197,real,Mississippi
2005,Business income taxes,0.840468,real,Mississippi
2005,"Estate, gift, excise and other",0.637055,real,Mississippi
2005,Income tax not withheld and SECA,2.66225,real,Mississippi
2005,Income tax withheld and FICA,9.87097,real,Mississippi
2006,Business income taxes,1.17299,real,Mississippi
2006,"Estate, gift, excise and other",0.673082,real,Mississippi
2006,Income tax not withheld and SECA,2.63708,real,Mississippi
2006,Income tax withheld and FICA,10.5332,real,Mississippi
2007,Business income taxes,1.23937,real,Mississippi
2007,"Estate, gift, excise and other",0.576092,real,Mississippi
2007,Income tax not withheld and SECA,3.80097,real,Mississippi
2007,Income tax withheld and FICA,10.5905,real,Mississippi
2008,Business income taxes,2.35178,real,Mississippi
2008,"Estate, gift, excise and other",0.534863,real,Mississippi
2008,Income tax not withheld and SECA,3.27618,real,Mississippi
2008,Income tax withheld and FICA,12.3773,real,Mississippi
2009,Business income taxes,0.801912,real,Mississippi
2009,"Estate, gift, excise and other",0.548462,real,Mississippi
2009,Income tax not withheld and SECA,2.80364,real,Mississippi
2009,Income tax withheld and FICA,9.72517,real,Mississippi
2010,Business income taxes,0.730701,real,Mississippi
2010,"Estate, gift, excise and other",0.521945,real,Mississippi
2010,Income tax not withheld and SECA,2.44765,real,Mississippi
2010,Income tax withheld and FICA,9.33218,real,Mississippi
2011,Business income taxes,0.756843,real,Mississippi
2011,"Estate, gift, excise and other",0.423442,real,Mississippi
2011,Income tax not withheld and SECA,2.49824,real,Mississippi
2011,Income tax withheld and FICA,9.22474,real,Mississippi
2012,Business income taxes,0.840612,real,Mississippi
2012,"Estate, gift, excise and other",0.297206,real,Mississippi
2012,Income tax not withheld and SECA,2.51554,real,Mississippi
2012,Income tax withheld and FICA,10.7781,real,Mississippi
2013,Business income taxes,0.665749,real,Mississippi
2013,"Estate, gift, excise and other",0.364047,real,Mississippi
2013,Income tax not withheld and SECA,2.99473,real,Mississippi
2013,Income tax withheld and FICA,10.1127,real,Mississippi
2014,Business income taxes,0.923599,real,Mississippi
2014,"Estate, gift, excise and other",0.387958,real,Mississippi
2014,Income tax not withheld and SECA,3.06064,real,Mississippi
2014,Income tax withheld and FICA,10.2907,real,Mississippi
2015,Business income taxes,0.985005,real,Mississippi
2015,"Estate, gift, excise and other",0.411001,real,Mississippi
2015,Income tax not withheld and SECA,3.20642,real,Mississippi
2015,Income tax withheld and FICA,10.5033,real,Mississippi
2016,Business income taxes,0.861724,real,Mississippi
2016,"Estate, gift, excise and other",0.464512,real,Mississippi
2016,Income tax not withheld and SECA,3.15273,real,Mississippi
2016,Income tax withheld and FICA,11.9649,real,Mississippi
2017,Business income taxes,0.733228,real,Mississippi
2017,"Estate, gift, excise and other",0.380614,real,Mississippi
2017,Income tax not withheld and SECA,3.15788,real,Mississippi
2017,Income tax withheld and FICA,10.8198,real,Mississippi
2018,Business income taxes,0.587785,real,Mississippi
2018,"Estate, gift, excise and other",0.386014,real,Mississippi
2018,Income tax not withheld and SECA,2.99195,real,Mississippi
2018,Income tax withheld and FICA,10.4461,real,Mississippi
2019,Business income taxes,0.385071,real,Mississippi
2019,"Estate, gift, excise and other",0.332067,real,Mississippi
2019,Income tax not withheld and SECA,2.85703,real,Mississippi
2019,Income tax withheld and FICA,10.3461,real,Mississippi
2020,Business income taxes,0.455805,real,Mississippi
2020,"Estate, gift, excise and other",0.316543,real,Mississippi
2020,Income tax not withheld and SECA,2.71507,real,Mississippi
2020,Income tax withheld and FICA,10.1898,real,Mississippi
2021,Business income taxes,0.726086,real,Mississippi
2021,"Estate, gift, excise and other",0.565268,real,Mississippi
2021,Income tax not withheld and SECA,3.23305,real,Mississippi
2021,Income tax withheld and FICA,10.3921,real,Mississippi
2022,Business income taxes,1.14669,real,Mississippi
2022,"Estate, gift, excise and other",0.452586,real,Mississippi
2022,Income tax not withheld and SECA,4.30029,real,Mississippi
2022,Income tax withheld and FICA,10.7996,real,Mississippi
2023,Business income taxes,1.08504,real,Mississippi
2023,"Estate, gift, excise and other",0.437238,real,Mississippi
2023,Income tax not withheld and SECA,3.75791,real,Mississippi
2023,Income tax withheld and FICA,10.6624,real,Mississippi
2024,Business income taxes,0.829863,real,Mississippi
2024,"Estate, gift, excise and other",0.450523,real,Mississippi
2024,Income tax not withheld and SECA,3.75332,real,Mississippi
2024,Income tax withheld and FICA,10.5541,real,Mississippi
2025,Business income taxes,1.04787,real,Mississippi
2025,"Estate, gift, excise and other",0.46182,real,Mississippi
2025,Income tax not withheld and SECA,4.07423,real,Mississippi
2025,Income tax withheld and FICA,10.5778,real,Mississippi
1998,Business income taxes,9.1915,real,Missouri
1998,"Estate, gift, excise and other",4.38629,real,Missouri
1998,Income tax not withheld and SECA,9.4603,real,Missouri
1998,Income tax withheld and FICA,49.5933,real,Missouri
1999,Business income taxes,8.83263,real,Missouri
1999,"Estate, gift, excise and other",4.32309,real,Missouri
1999,Income tax not withheld and SECA,9.96474,real,Missouri
1999,Income tax withheld and FICA,49.5548,real,Missouri
2000,Business income taxes,9.20605,real,Missouri
2000,"Estate, gift, excise and other",3.5648,real,Missouri
2000,Income tax not withheld and SECA,10.4752,real,Missouri
2000,Income tax withheld and FICA,48.7012,real,Missouri
2001,Business income taxes,8.5729,real,Missouri
2001,"Estate, gift, excise and other",3.50388,real,Missouri
2001,Income tax not withheld and SECA,10.488,real,Missouri
2001,Income tax withheld and FICA,50.0948,real,Missouri
2002,Business income taxes,7.62271,real,Missouri
2002,"Estate, gift, excise and other",4.46489,real,Missouri
2002,Income tax not withheld and SECA,8.4041,real,Missouri
2002,Income tax withheld and FICA,49.5134,real,Missouri
2003,Business income taxes,5.56485,real,Missouri
2003,"Estate, gift, excise and other",5.8512,real,Missouri
2003,Income tax not withheld and SECA,7.32684,real,Missouri
2003,Income tax withheld and FICA,44.9101,real,Missouri
2004,Business income taxes,6.72159,real,Missouri
2004,"Estate, gift, excise and other",2.96055,real,Missouri
2004,Income tax not withheld and SECA,6.69783,real,Missouri
2004,Income tax withheld and FICA,46.0822,real,Missouri
2005,Business income taxes,7.08717,real,Missouri
2005,"Estate, gift, excise and other",2.71557,real,Missouri
2005,Income tax not withheld and SECA,7.84412,real,Missouri
2005,Income tax withheld and FICA,44.9063,real,Missouri
2006,Business income taxes,8.91459,real,Missouri
2006,"Estate, gift, excise and other",2.66454,real,Missouri
2006,Income tax not withheld and SECA,9.18869,real,Missouri
2006,Income tax withheld and FICA,47.3327,real,Missouri
2007,Business income taxes,8.73321,real,Missouri
2007,"Estate, gift, excise and other",2.39728,real,Missouri
2007,Income tax not withheld and SECA,9.79577,real,Missouri
2007,Income tax withheld and FICA,51.4966,real,Missouri
2008,Business income taxes,8.27242,real,Missouri
2008,"Estate, gift, excise and other",2.65064,real,Missouri
2008,Income tax not withheld and SECA,10.0267,real,Missouri
2008,Income tax withheld and FICA,49.5729,real,Missouri
2009,Business income taxes,5.5806,real,Missouri
2009,"Estate, gift, excise and other",2.77535,real,Missouri
2009,Income tax not withheld and SECA,7.43861,real,Missouri
2009,Income tax withheld and FICA,48.2457,real,Missouri
2010,Business income taxes,8.18465,real,Missouri
2010,"Estate, gift, excise and other",2.4961700000000002,real,Missouri
2010,Income tax not withheld and SECA,7.09274,real,Missouri
2010,Income tax withheld and FICA,48.298,real,Missouri
2011,Business income taxes,7.32723,real,Missouri
2011,"Estate, gift, excise and other",2.29512,real,Missouri
2011,Income tax not withheld and SECA,7.17184,real,Missouri
2011,Income tax withheld and FICA,48.9547,real,Missouri
2012,Business income taxes,8.39333,real,Missouri
2012,"Estate, gift, excise and other",2.49659,real,Missouri
2012,Income tax not withheld and SECA,7.37636,real,Missouri
2012,Income tax withheld and FICA,48.538,real,Missouri
2013,Business income taxes,9.26069,real,Missouri
2013,"Estate, gift, excise and other",2.72887,real,Missouri
2013,Income tax not withheld and SECA,8.68686,real,Missouri
2013,Income tax withheld and FICA,53.0747,real,Missouri
2014,Business income taxes,13.2451,real,Missouri
2014,"Estate, gift, excise and other",3.10925,real,Missouri
2014,Income tax not withheld and SECA,9.30669,real,Missouri
2014,Income tax withheld and FICA,56.25,real,Missouri
2015,Business income taxes,11.1603,real,Missouri
2015,"Estate, gift, excise and other",3.22723,real,Missouri
2015,Income tax not withheld and SECA,10.5596,real,Missouri
2015,Income tax withheld and FICA,59.4977,real,Missouri
2016,Business income taxes,13.0341,real,Missouri
2016,"Estate, gift, excise and other",3.28585,real,Missouri
2016,Income tax not withheld and SECA,10.4178,real,Missouri
2016,Income tax withheld and FICA,60.1292,real,Missouri
2017,Business income taxes,15.7319,real,Missouri
2017,"Estate, gift, excise and other",4.36765,real,Missouri
2017,Income tax not withheld and SECA,9.96082,real,Missouri
2017,Income tax withheld and FICA,62.3875,real,Missouri
2018,Business income taxes,6.10857,real,Missouri
2018,"Estate, gift, excise and other",3.46723,real,Missouri
2018,Income tax not withheld and SECA,10.1498,real,Missouri
2018,Income tax withheld and FICA,59.6744,real,Missouri
2019,Business income taxes,4.29883,real,Missouri
2019,"Estate, gift, excise and other",3.52286,real,Missouri
2019,Income tax not withheld and SECA,10.3932,real,Missouri
2019,Income tax withheld and FICA,60.9968,real,Missouri
2020,Business income taxes,7.57872,real,Missouri
2020,"Estate, gift, excise and other",3.47314,real,Missouri
2020,Income tax not withheld and SECA,10.2959,real,Missouri
2020,Income tax withheld and FICA,58.208,real,Missouri
2021,Business income taxes,9.2364,real,Missouri
2021,"Estate, gift, excise and other",2.2832,real,Missouri
2021,Income tax not withheld and SECA,12.5808,real,Missouri
2021,Income tax withheld and FICA,63.7814,real,Missouri
2022,Business income taxes,6.24972,real,Missouri
2022,"Estate, gift, excise and other",2.83326,real,Missouri
2022,Income tax not withheld and SECA,15.9849,real,Missouri
2022,Income tax withheld and FICA,77.8386,real,Missouri
2023,Business income taxes,11.2852,real,Missouri
2023,"Estate, gift, excise and other",2.32805,real,Missouri
2023,Income tax not withheld and SECA,12.0379,real,Missouri
2023,Income tax withheld and FICA,93.3488,real,Missouri
2024,Business income taxes,6.78771,real,Missouri
2024,"Estate, gift, excise and other",2.39459,real,Missouri
2024,Income tax not withheld and SECA,13.019,real,Missouri
2024,Income tax withheld and FICA,73.473,real,Missouri
2025,Business income taxes,8.36225,real,Missouri
2025,"Estate, gift, excise and other",3.53032,real,Missouri
2025,Income tax not withheld and SECA,13.6724,real,Missouri
2025,Income tax withheld and FICA,69.3814,real,Missouri
1998,Business income taxes,0.317942,real,Montana
1998,"Estate, gift, excise and other",0.209026,real,Montana
1998,Income tax not withheld and SECA,1.38412,real,Montana
1998,Income tax withheld and FICA,3.0723,real,Montana
1999,Business income taxes,0.903101,real,Montana
1999,"Estate, gift, excise and other",0.207373,real,Montana
1999,Income tax not withheld and SECA,1.4318,real,Montana
1999,Income tax withheld and FICA,3.35787,real,Montana
2000,Business income taxes,0.5245,real,Montana
2000,"Estate, gift, excise and other",0.593838,real,Montana
2000,Income tax not withheld and SECA,1.5499,real,Montana
2000,Income tax withheld and FICA,3.83595,real,Montana
2001,Business income taxes,0.526791,real,Montana
2001,"Estate, gift, excise and other",0.202208,real,Montana
2001,Income tax not withheld and SECA,1.5738,real,Montana
2001,Income tax withheld and FICA,3.53828,real,Montana
2002,Business income taxes,0.255989,real,Montana
2002,"Estate, gift, excise and other",0.205373,real,Montana
2002,Income tax not withheld and SECA,1.36093,real,Montana
2002,Income tax withheld and FICA,3.48452,real,Montana
2003,Business income taxes,-0.056185,real,Montana
2003,"Estate, gift, excise and other",0.435909,real,Montana
2003,Income tax not withheld and SECA,1.28025,real,Montana
2003,Income tax withheld and FICA,3.50956,real,Montana
2004,Business income taxes,0.196672,real,Montana
2004,"Estate, gift, excise and other",0.16899,real,Montana
2004,Income tax not withheld and SECA,1.17321,real,Montana
2004,Income tax withheld and FICA,3.5688,real,Montana
2005,Business income taxes,0.259973,real,Montana
2005,"Estate, gift, excise and other",0.176433,real,Montana
2005,Income tax not withheld and SECA,1.4578,real,Montana
2005,Income tax withheld and FICA,3.79275,real,Montana
2006,Business income taxes,0.29604,real,Montana
2006,"Estate, gift, excise and other",0.209852,real,Montana
2006,Income tax not withheld and SECA,1.72597,real,Montana
2006,Income tax withheld and FICA,4.01925,real,Montana
2007,Business income taxes,0.347519,real,Montana
2007,"Estate, gift, excise and other",0.241842,real,Montana
2007,Income tax not withheld and SECA,1.98947,real,Montana
2007,Income tax withheld and FICA,4.16521,real,Montana
2008,Business income taxes,0.30983,real,Montana
2008,"Estate, gift, excise and other",0.197547,real,Montana
2008,Income tax not withheld and SECA,2.01016,real,Montana
2008,Income tax withheld and FICA,4.36445,real,Montana
2009,Business income taxes,0.256304,real,Montana
2009,"Estate, gift, excise and other",0.202689,real,Montana
2009,Income tax not withheld and SECA,1.43171,real,Montana
2009,Income tax withheld and FICA,4.08698,real,Montana
2010,Business income taxes,0.254105,real,Montana
2010,"Estate, gift, excise and other",0.208289,real,Montana
2010,Income tax not withheld and SECA,1.26848,real,Montana
2010,Income tax withheld and FICA,4.00249,real,Montana
2011,Business income taxes,0.224514,real,Montana
2011,"Estate, gift, excise and other",0.154295,real,Montana
2011,Income tax not withheld and SECA,1.48197,real,Montana
2011,Income tax withheld and FICA,4.03618,real,Montana
2012,Business income taxes,0.215833,real,Montana
2012,"Estate, gift, excise and other",0.174375,real,Montana
2012,Income tax not withheld and SECA,1.49546,real,Montana
2012,Income tax withheld and FICA,4.16333,real,Montana
2013,Business income taxes,0.255443,real,Montana
2013,"Estate, gift, excise and other",0.175386,real,Montana
2013,Income tax not withheld and SECA,1.88666,real,Montana
2013,Income tax withheld and FICA,4.45507,real,Montana
2014,Business income taxes,0.258953,real,Montana
2014,"Estate, gift, excise and other",0.219871,real,Montana
2014,Income tax not withheld and SECA,1.94113,real,Montana
2014,Income tax withheld and FICA,4.68829,real,Montana
2015,Business income taxes,0.282039,real,Montana
2015,"Estate, gift, excise and other",0.16913,real,Montana
2015,Income tax not withheld and SECA,2.24851,real,Montana
2015,Income tax withheld and FICA,4.9464,real,Montana
2016,Business income taxes,0.237004,real,Montana
2016,"Estate, gift, excise and other",0.182441,real,Montana
2016,Income tax not withheld and SECA,2.12437,real,Montana
2016,Income tax withheld and FICA,5.25993,real,Montana
2017,Business income taxes,0.245487,real,Montana
2017,"Estate, gift, excise and other",0.218491,real,Montana
2017,Income tax not withheld and SECA,1.974,real,Montana
2017,Income tax withheld and FICA,5.37778,real,Montana
2018,Business income taxes,0.198438,real,Montana
2018,"Estate, gift, excise and other",0.190533,real,Montana
2018,Income tax not withheld and SECA,2.18896,real,Montana
2018,Income tax withheld and FICA,5.25572,real,Montana
2019,Business income taxes,0.2116,real,Montana
2019,"Estate, gift, excise and other",0.158501,real,Montana
2019,Income tax not withheld and SECA,2.12692,real,Montana
2019,Income tax withheld and FICA,5.35231,real,Montana
2020,Business income taxes,0.265319,real,Montana
2020,"Estate, gift, excise and other",0.130761,real,Montana
2020,Income tax not withheld and SECA,2.19755,real,Montana
2020,Income tax withheld and FICA,5.45567,real,Montana
2021,Business income taxes,0.473306,real,Montana
2021,"Estate, gift, excise and other",0.197391,real,Montana
2021,Income tax not withheld and SECA,2.878,real,Montana
2021,Income tax withheld and FICA,5.70058,real,Montana
2022,Business income taxes,0.336325,real,Montana
2022,"Estate, gift, excise and other",0.268328,real,Montana
2022,Income tax not withheld and SECA,4.51979,real,Montana
2022,Income tax withheld and FICA,6.63191,real,Montana
2023,Business income taxes,0.277253,real,Montana
2023,"Estate, gift, excise and other",0.226962,real,Montana
2023,Income tax not withheld and SECA,3.22917,real,Montana
2023,Income tax withheld and FICA,6.74077,real,Montana
2024,Business income taxes,0.257208,real,Montana
2024,"Estate, gift, excise and other",0.192574,real,Montana
2024,Income tax not withheld and SECA,3.37644,real,Montana
2024,Income tax withheld and FICA,7.14232,real,Montana
2025,Business income taxes,0.268981,real,Montana
2025,"Estate, gift, excise and other",0.2279,real,Montana
2025,Income tax not withheld and SECA,3.6536,real,Montana
2025,Income tax withheld and FICA,10.8114,real,Montana
1998,Business income taxes,4.97991,real,Nebraska
1998,"Estate, gift, excise and other",2.16753,real,Nebraska
1998,Income tax not withheld and SECA,3.17777,real,Nebraska
1998,Income tax withheld and FICA,11.8173,real,Nebraska
1999,Business income taxes,4.99685,real,Nebraska
1999,"Estate, gift, excise and other",2.10056,real,Nebraska
1999,Income tax not withheld and SECA,3.52191,real,Nebraska
1999,Income tax withheld and FICA,12.4035,real,Nebraska
2000,Business income taxes,3.92173,real,Nebraska
2000,"Estate, gift, excise and other",1.8997,real,Nebraska
2000,Income tax not withheld and SECA,3.61605,real,Nebraska
2000,Income tax withheld and FICA,12.9716,real,Nebraska
2001,Business income taxes,3.68027,real,Nebraska
2001,"Estate, gift, excise and other",2.22926,real,Nebraska
2001,Income tax not withheld and SECA,3.50143,real,Nebraska
2001,Income tax withheld and FICA,13.2698,real,Nebraska
2002,Business income taxes,3.89765,real,Nebraska
2002,"Estate, gift, excise and other",2.12247,real,Nebraska
2002,Income tax not withheld and SECA,2.76647,real,Nebraska
2002,Income tax withheld and FICA,12.4954,real,Nebraska
2003,Business income taxes,6.52532,real,Nebraska
2003,"Estate, gift, excise and other",1.96164,real,Nebraska
2003,Income tax not withheld and SECA,2.37934,real,Nebraska
2003,Income tax withheld and FICA,12.2882,real,Nebraska
2004,Business income taxes,6.72169,real,Nebraska
2004,"Estate, gift, excise and other",2.05538,real,Nebraska
2004,Income tax not withheld and SECA,2.23914,real,Nebraska
2004,Income tax withheld and FICA,12.44,real,Nebraska
2005,Business income taxes,7.26405,real,Nebraska
2005,"Estate, gift, excise and other",2.27439,real,Nebraska
2005,Income tax not withheld and SECA,2.61612,real,Nebraska
2005,Income tax withheld and FICA,13.3405,real,Nebraska
2006,Business income taxes,7.98188,real,Nebraska
2006,"Estate, gift, excise and other",2.07322,real,Nebraska
2006,Income tax not withheld and SECA,2.93557,real,Nebraska
2006,Income tax withheld and FICA,13.6321,real,Nebraska
2007,Business income taxes,9.03631,real,Nebraska
2007,"Estate, gift, excise and other",1.96385,real,Nebraska
2007,Income tax not withheld and SECA,3.22187,real,Nebraska
2007,Income tax withheld and FICA,14.1745,real,Nebraska
2008,Business income taxes,10.8308,real,Nebraska
2008,"Estate, gift, excise and other",1.93652,real,Nebraska
2008,Income tax not withheld and SECA,3.38126,real,Nebraska
2008,Income tax withheld and FICA,15.0501,real,Nebraska
2009,Business income taxes,5.69686,real,Nebraska
2009,"Estate, gift, excise and other",1.78218,real,Nebraska
2009,Income tax not withheld and SECA,2.70922,real,Nebraska
2009,Income tax withheld and FICA,13.2258,real,Nebraska
2010,Business income taxes,7.65825,real,Nebraska
2010,"Estate, gift, excise and other",1.85592,real,Nebraska
2010,Income tax not withheld and SECA,2.38695,real,Nebraska
2010,Income tax withheld and FICA,13.3837,real,Nebraska
2011,Business income taxes,3.79065,real,Nebraska
2011,"Estate, gift, excise and other",1.5898,real,Nebraska
2011,Income tax not withheld and SECA,2.88383,real,Nebraska
2011,Income tax withheld and FICA,13.7446,real,Nebraska
2012,Business income taxes,8.48557,real,Nebraska
2012,"Estate, gift, excise and other",1.79121,real,Nebraska
2012,Income tax not withheld and SECA,2.89747,real,Nebraska
2012,Income tax withheld and FICA,14.1407,real,Nebraska
2013,Business income taxes,10.4779,real,Nebraska
2013,"Estate, gift, excise and other",1.93609,real,Nebraska
2013,Income tax not withheld and SECA,3.83434,real,Nebraska
2013,Income tax withheld and FICA,16.013,real,Nebraska
2014,Business income taxes,9.67984,real,Nebraska
2014,"Estate, gift, excise and other",2.06624,real,Nebraska
2014,Income tax not withheld and SECA,3.66572,real,Nebraska
2014,Income tax withheld and FICA,16.394,real,Nebraska
2015,Business income taxes,9.04874,real,Nebraska
2015,"Estate, gift, excise and other",2.24361,real,Nebraska
2015,Income tax not withheld and SECA,4.36974,real,Nebraska
2015,Income tax withheld and FICA,17.4029,real,Nebraska
2016,Business income taxes,8.78349,real,Nebraska
2016,"Estate, gift, excise and other",2.03076,real,Nebraska
2016,Income tax not withheld and SECA,3.7564,real,Nebraska
2016,Income tax withheld and FICA,18.3274,real,Nebraska
2017,Business income taxes,8.78754,real,Nebraska
2017,"Estate, gift, excise and other",1.91991,real,Nebraska
2017,Income tax not withheld and SECA,3.49204,real,Nebraska
2017,Income tax withheld and FICA,18.5141,real,Nebraska
2018,Business income taxes,7.66652,real,Nebraska
2018,"Estate, gift, excise and other",2.07163,real,Nebraska
2018,Income tax not withheld and SECA,3.59627,real,Nebraska
2018,Income tax withheld and FICA,18.4968,real,Nebraska
2019,Business income taxes,7.54045,real,Nebraska
2019,"Estate, gift, excise and other",2.04542,real,Nebraska
2019,Income tax not withheld and SECA,3.48502,real,Nebraska
2019,Income tax withheld and FICA,18.4797,real,Nebraska
2020,Business income taxes,5.71526,real,Nebraska
2020,"Estate, gift, excise and other",1.52383,real,Nebraska
2020,Income tax not withheld and SECA,3.46941,real,Nebraska
2020,Income tax withheld and FICA,18.2864,real,Nebraska
2021,Business income taxes,8.40006,real,Nebraska
2021,"Estate, gift, excise and other",1.60917,real,Nebraska
2021,Income tax not withheld and SECA,4.58418,real,Nebraska
2021,Income tax withheld and FICA,19.0413,real,Nebraska
2022,Business income taxes,6.78278,real,Nebraska
2022,"Estate, gift, excise and other",1.84497,real,Nebraska
2022,Income tax not withheld and SECA,5.87084,real,Nebraska
2022,Income tax withheld and FICA,19.377,real,Nebraska
2023,Business income taxes,7.92959,real,Nebraska
2023,"Estate, gift, excise and other",1.90853,real,Nebraska
2023,Income tax not withheld and SECA,4.98434,real,Nebraska
2023,Income tax withheld and FICA,18.6934,real,Nebraska
2024,Business income taxes,20.8563,real,Nebraska
2024,"Estate, gift, excise and other",1.64995,real,Nebraska
2024,Income tax not withheld and SECA,4.72872,real,Nebraska
2024,Income tax withheld and FICA,17.8802,real,Nebraska
2025,Business income taxes,19.7428,real,Nebraska
2025,"Estate, gift, excise and other",1.98724,real,Nebraska
2025,Income tax not withheld and SECA,4.89945,real,Nebraska
2025,Income tax withheld and FICA,17.5316,real,Nebraska
1998,Business income taxes,1.40099,real,Nevada
1998,"Estate, gift, excise and other",0.48536,real,Nevada
1998,Income tax not withheld and SECA,5.18546,real,Nevada
1998,Income tax withheld and FICA,10.3207,real,Nevada
1999,Business income taxes,1.54189,real,Nevada
1999,"Estate, gift, excise and other",0.74149,real,Nevada
1999,Income tax not withheld and SECA,6.07326,real,Nevada
1999,Income tax withheld and FICA,11.2075,real,Nevada
2000,Business income taxes,1.79759,real,Nevada
2000,"Estate, gift, excise and other",0.64804,real,Nevada
2000,Income tax not withheld and SECA,6.66595,real,Nevada
2000,Income tax withheld and FICA,11.9357,real,Nevada
2001,Business income taxes,1.60294,real,Nevada
2001,"Estate, gift, excise and other",0.670617,real,Nevada
2001,Income tax not withheld and SECA,7.02691,real,Nevada
2001,Income tax withheld and FICA,11.9628,real,Nevada
2002,Business income taxes,3.20905,real,Nevada
2002,"Estate, gift, excise and other",0.482156,real,Nevada
2002,Income tax not withheld and SECA,5.3442,real,Nevada
2002,Income tax withheld and FICA,11.6224,real,Nevada
2003,Business income taxes,4.52245,real,Nevada
2003,"Estate, gift, excise and other",0.447376,real,Nevada
2003,Income tax not withheld and SECA,5.04261,real,Nevada
2003,Income tax withheld and FICA,11.9783,real,Nevada
2004,Business income taxes,2.8812,real,Nevada
2004,"Estate, gift, excise and other",0.70451,real,Nevada
2004,Income tax not withheld and SECA,5.3287,real,Nevada
2004,Income tax withheld and FICA,12.7508,real,Nevada
2005,Business income taxes,3.46441,real,Nevada
2005,"Estate, gift, excise and other",0.519889,real,Nevada
2005,Income tax not withheld and SECA,8.53235,real,Nevada
2005,Income tax withheld and FICA,13.91,real,Nevada
2006,Business income taxes,5.00876,real,Nevada
2006,"Estate, gift, excise and other",0.486927,real,Nevada
2006,Income tax not withheld and SECA,9.58236,real,Nevada
2006,Income tax withheld and FICA,14.2128,real,Nevada
2007,Business income taxes,3.8547,real,Nevada
2007,"Estate, gift, excise and other",0.556904,real,Nevada
2007,Income tax not withheld and SECA,9.19582,real,Nevada
2007,Income tax withheld and FICA,15.6477,real,Nevada
2008,Business income taxes,2.34851,real,Nevada
2008,"Estate, gift, excise and other",0.522903,real,Nevada
2008,Income tax not withheld and SECA,8.35324,real,Nevada
2008,Income tax withheld and FICA,14.6981,real,Nevada
2009,Business income taxes,1.05349,real,Nevada
2009,"Estate, gift, excise and other",0.742841,real,Nevada
2009,Income tax not withheld and SECA,4.78559,real,Nevada
2009,Income tax withheld and FICA,13.3204,real,Nevada
2010,Business income taxes,1.14512,real,Nevada
2010,"Estate, gift, excise and other",0.613676,real,Nevada
2010,Income tax not withheld and SECA,4.29797,real,Nevada
2010,Income tax withheld and FICA,12.4051,real,Nevada
2011,Business income taxes,0.786743,real,Nevada
2011,"Estate, gift, excise and other",0.918113,real,Nevada
2011,Income tax not withheld and SECA,4.43741,real,Nevada
2011,Income tax withheld and FICA,12.1693,real,Nevada
2012,Business income taxes,1.04562,real,Nevada
2012,"Estate, gift, excise and other",0.770636,real,Nevada
2012,Income tax not withheld and SECA,4.76576,real,Nevada
2012,Income tax withheld and FICA,12.3601,real,Nevada
2013,Business income taxes,1.19211,real,Nevada
2013,"Estate, gift, excise and other",1.04996,real,Nevada
2013,Income tax not withheld and SECA,5.98583,real,Nevada
2013,Income tax withheld and FICA,13.2665,real,Nevada
2014,Business income taxes,1.03589,real,Nevada
2014,"Estate, gift, excise and other",1.3367,real,Nevada
2014,Income tax not withheld and SECA,6.01525,real,Nevada
2014,Income tax withheld and FICA,13.6887,real,Nevada
2015,Business income taxes,1.14223,real,Nevada
2015,"Estate, gift, excise and other",2.21071,real,Nevada
2015,Income tax not withheld and SECA,6.90654,real,Nevada
2015,Income tax withheld and FICA,14.0417,real,Nevada
2016,Business income taxes,1.00335,real,Nevada
2016,"Estate, gift, excise and other",2.21387,real,Nevada
2016,Income tax not withheld and SECA,7.57311,real,Nevada
2016,Income tax withheld and FICA,15.2247,real,Nevada
2017,Business income taxes,1.25264,real,Nevada
2017,"Estate, gift, excise and other",2.62745,real,Nevada
2017,Income tax not withheld and SECA,8.35131,real,Nevada
2017,Income tax withheld and FICA,15.4957,real,Nevada
2018,Business income taxes,1.3174,real,Nevada
2018,"Estate, gift, excise and other",3.73906,real,Nevada
2018,Income tax not withheld and SECA,8.6888,real,Nevada
2018,Income tax withheld and FICA,15.5779,real,Nevada
2019,Business income taxes,0.869109,real,Nevada
2019,"Estate, gift, excise and other",3.15934,real,Nevada
2019,Income tax not withheld and SECA,9.52647,real,Nevada
2019,Income tax withheld and FICA,15.7958,real,Nevada
2020,Business income taxes,0.972813,real,Nevada
2020,"Estate, gift, excise and other",4.29622,real,Nevada
2020,Income tax not withheld and SECA,8.079,real,Nevada
2020,Income tax withheld and FICA,15.1655,real,Nevada
2021,Business income taxes,1.40884,real,Nevada
2021,"Estate, gift, excise and other",4.94885,real,Nevada
2021,Income tax not withheld and SECA,11.4535,real,Nevada
2021,Income tax withheld and FICA,16.1672,real,Nevada
2022,Business income taxes,2.9861,real,Nevada
2022,"Estate, gift, excise and other",6.53206,real,Nevada
2022,Income tax not withheld and SECA,15.5264,real,Nevada
2022,Income tax withheld and FICA,18.238,real,Nevada
2023,Business income taxes,2.29761,real,Nevada
2023,"Estate, gift, excise and other",3.76467,real,Nevada
2023,Income tax not withheld and SECA,12.0444,real,Nevada
2023,Income tax withheld and FICA,18.4566,real,Nevada
2024,Business income taxes,1.82804,real,Nevada
2024,"Estate, gift, excise and other",5.56262,real,Nevada
2024,Income tax not withheld and SECA,12.1138,real,Nevada
2024,Income tax withheld and FICA,19.5265,real,Nevada
2025,Business income taxes,1.53874,real,Nevada
2025,"Estate, gift, excise and other",5.33283,real,Nevada
2025,Income tax not withheld and SECA,13.4148,real,Nevada
2025,Income tax withheld and FICA,18.4617,real,Nevada
1998,Business income taxes,0.627979,real,New Hampshire
1998,"Estate, gift, excise and other",0.338415,real,New Hampshire
1998,Income tax not withheld and SECA,2.92175,real,New Hampshire
1998,Income tax withheld and FICA,7.61911,real,New Hampshire
1999,Business income taxes,0.64042,real,New Hampshire
1999,"Estate, gift, excise and other",0.392645,real,New Hampshire
1999,Income tax not withheld and SECA,2.97288,real,New Hampshire
1999,Income tax withheld and FICA,8.24288,real,New Hampshire
2000,Business income taxes,0.683428,real,New Hampshire
2000,"Estate, gift, excise and other",0.467521,real,New Hampshire
2000,Income tax not withheld and SECA,3.57287,real,New Hampshire
2000,Income tax withheld and FICA,9.33266,real,New Hampshire
2001,Business income taxes,0.426898,real,New Hampshire
2001,"Estate, gift, excise and other",0.525222,real,New Hampshire
2001,Income tax not withheld and SECA,3.93679,real,New Hampshire
2001,Income tax withheld and FICA,9.28219,real,New Hampshire
2002,Business income taxes,0.48014,real,New Hampshire
2002,"Estate, gift, excise and other",0.370566,real,New Hampshire
2002,Income tax not withheld and SECA,2.73521,real,New Hampshire
2002,Income tax withheld and FICA,8.93312,real,New Hampshire
2003,Business income taxes,0.538654,real,New Hampshire
2003,"Estate, gift, excise and other",0.489876,real,New Hampshire
2003,Income tax not withheld and SECA,2.27892,real,New Hampshire
2003,Income tax withheld and FICA,8.99227,real,New Hampshire
2004,Business income taxes,0.578895,real,New Hampshire
2004,"Estate, gift, excise and other",0.256111,real,New Hampshire
2004,Income tax not withheld and SECA,2.18023,real,New Hampshire
2004,Income tax withheld and FICA,8.69172,real,New Hampshire
2005,Business income taxes,0.783477,real,New Hampshire
2005,"Estate, gift, excise and other",0.239846,real,New Hampshire
2005,Income tax not withheld and SECA,2.58621,real,New Hampshire
2005,Income tax withheld and FICA,9.36609,real,New Hampshire
2006,Business income taxes,0.889437,real,New Hampshire
2006,"Estate, gift, excise and other",0.348414,real,New Hampshire
2006,Income tax not withheld and SECA,2.86678,real,New Hampshire
2006,Income tax withheld and FICA,9.8529,real,New Hampshire
2007,Business income taxes,0.772999,real,New Hampshire
2007,"Estate, gift, excise and other",0.249265,real,New Hampshire
2007,Income tax not withheld and SECA,3.02953,real,New Hampshire
2007,Income tax withheld and FICA,9.82226,real,New Hampshire
2008,Business income taxes,0.214237,real,New Hampshire
2008,"Estate, gift, excise and other",0.318413,real,New Hampshire
2008,Income tax not withheld and SECA,3.06088,real,New Hampshire
2008,Income tax withheld and FICA,11.9436,real,New Hampshire
2009,Business income taxes,0.674983,real,New Hampshire
2009,"Estate, gift, excise and other",0.3524,real,New Hampshire
2009,Income tax not withheld and SECA,2.16746,real,New Hampshire
2009,Income tax withheld and FICA,9.43665,real,New Hampshire
2010,Business income taxes,0.204231,real,New Hampshire
2010,"Estate, gift, excise and other",0.386108,real,New Hampshire
2010,Income tax not withheld and SECA,1.86385,real,New Hampshire
2010,Income tax withheld and FICA,9.55238,real,New Hampshire
2011,Business income taxes,0.471517,real,New Hampshire
2011,"Estate, gift, excise and other",0.310663,real,New Hampshire
2011,Income tax not withheld and SECA,2.24112,real,New Hampshire
2011,Income tax withheld and FICA,9.20389,real,New Hampshire
2012,Business income taxes,0.283233,real,New Hampshire
2012,"Estate, gift, excise and other",0.603051,real,New Hampshire
2012,Income tax not withheld and SECA,2.18642,real,New Hampshire
2012,Income tax withheld and FICA,9.08082,real,New Hampshire
2013,Business income taxes,0.376369,real,New Hampshire
2013,"Estate, gift, excise and other",0.932597,real,New Hampshire
2013,Income tax not withheld and SECA,2.47607,real,New Hampshire
2013,Income tax withheld and FICA,9.77175,real,New Hampshire
2014,Business income taxes,0.31481,real,New Hampshire
2014,"Estate, gift, excise and other",1.55294,real,New Hampshire
2014,Income tax not withheld and SECA,2.62734,real,New Hampshire
2014,Income tax withheld and FICA,10.2111,real,New Hampshire
2015,Business income taxes,0.390415,real,New Hampshire
2015,"Estate, gift, excise and other",0.778328,real,New Hampshire
2015,Income tax not withheld and SECA,3.17486,real,New Hampshire
2015,Income tax withheld and FICA,10.5597,real,New Hampshire
2016,Business income taxes,0.308747,real,New Hampshire
2016,"Estate, gift, excise and other",0.825648,real,New Hampshire
2016,Income tax not withheld and SECA,3.00159,real,New Hampshire
2016,Income tax withheld and FICA,10.8606,real,New Hampshire
2017,Business income taxes,0.335564,real,New Hampshire
2017,"Estate, gift, excise and other",0.880434,real,New Hampshire
2017,Income tax not withheld and SECA,3.09243,real,New Hampshire
2017,Income tax withheld and FICA,11.2943,real,New Hampshire
2018,Business income taxes,0.250118,real,New Hampshire
2018,"Estate, gift, excise and other",0.947609,real,New Hampshire
2018,Income tax not withheld and SECA,3.55925,real,New Hampshire
2018,Income tax withheld and FICA,10.6998,real,New Hampshire
2019,Business income taxes,0.211955,real,New Hampshire
2019,"Estate, gift, excise and other",0.822479,real,New Hampshire
2019,Income tax not withheld and SECA,3.426,real,New Hampshire
2019,Income tax withheld and FICA,10.6149,real,New Hampshire
2020,Business income taxes,0.234912,real,New Hampshire
2020,"Estate, gift, excise and other",0.961826,real,New Hampshire
2020,Income tax not withheld and SECA,3.42296,real,New Hampshire
2020,Income tax withheld and FICA,10.1543,real,New Hampshire
2021,Business income taxes,0.534174,real,New Hampshire
2021,"Estate, gift, excise and other",1.31859,real,New Hampshire
2021,Income tax not withheld and SECA,4.49114,real,New Hampshire
2021,Income tax withheld and FICA,10.709,real,New Hampshire
2022,Business income taxes,0.464516,real,New Hampshire
2022,"Estate, gift, excise and other",1.37357,real,New Hampshire
2022,Income tax not withheld and SECA,5.85479,real,New Hampshire
2022,Income tax withheld and FICA,11.292,real,New Hampshire
2023,Business income taxes,0.530706,real,New Hampshire
2023,"Estate, gift, excise and other",1.22188,real,New Hampshire
2023,Income tax not withheld and SECA,4.65099,real,New Hampshire
2023,Income tax withheld and FICA,12.1889,real,New Hampshire
2024,Business income taxes,0.624254,real,New Hampshire
2024,"Estate, gift, excise and other",1.26856,real,New Hampshire
2024,Income tax not withheld and SECA,4.61703,real,New Hampshire
2024,Income tax withheld and FICA,10.9684,real,New Hampshire
2025,Business income taxes,0.466682,real,New Hampshire
2025,"Estate, gift, excise and other",1.21459,real,New Hampshire
2025,Income tax not withheld and SECA,5.29272,real,New Hampshire
2025,Income tax withheld and FICA,10.9205,real,New Hampshire
1998,Business income taxes,20.0602,real,New Jersey
1998,"Estate, gift, excise and other",5.10555,real,New Jersey
1998,Income tax not withheld and SECA,21.4364,real,New Jersey
1998,Income tax withheld and FICA,97.7959,real,New Jersey
1999,Business income taxes,23.9318,real,New Jersey
1999,"Estate, gift, excise and other",5.52815,real,New Jersey
1999,Income tax not withheld and SECA,22.8749,real,New Jersey
1999,Income tax withheld and FICA,101.991,real,New Jersey
2000,Business income taxes,22.5606,real,New Jersey
2000,"Estate, gift, excise and other",6.1944,real,New Jersey
2000,Income tax not withheld and SECA,26.3946,real,New Jersey
2000,Income tax withheld and FICA,114.505,real,New Jersey
2001,Business income taxes,15.7113,real,New Jersey
2001,"Estate, gift, excise and other",5.73611,real,New Jersey
2001,Income tax not withheld and SECA,28.5717,real,New Jersey
2001,Income tax withheld and FICA,113.12,real,New Jersey
2002,Business income taxes,16.8475,real,New Jersey
2002,"Estate, gift, excise and other",4.96343,real,New Jersey
2002,Income tax not withheld and SECA,21.427,real,New Jersey
2002,Income tax withheld and FICA,112.057,real,New Jersey
2003,Business income taxes,13.2479,real,New Jersey
2003,"Estate, gift, excise and other",4.49033,real,New Jersey
2003,Income tax not withheld and SECA,19.5802,real,New Jersey
2003,Income tax withheld and FICA,107.141,real,New Jersey
2004,Business income taxes,18.7991,real,New Jersey
2004,"Estate, gift, excise and other",4.60704,real,New Jersey
2004,Income tax not withheld and SECA,18.0136,real,New Jersey
2004,Income tax withheld and FICA,107.02,real,New Jersey
2005,Business income taxes,25.2864,real,New Jersey
2005,"Estate, gift, excise and other",4.19375,real,New Jersey
2005,Income tax not withheld and SECA,21.2231,real,New Jersey
2005,Income tax withheld and FICA,110.598,real,New Jersey
2006,Business income taxes,26.6316,real,New Jersey
2006,"Estate, gift, excise and other",4.1188,real,New Jersey
2006,Income tax not withheld and SECA,22.5355,real,New Jersey
2006,Income tax withheld and FICA,112.966,real,New Jersey
2007,Business income taxes,35.7181,real,New Jersey
2007,"Estate, gift, excise and other",3.84453,real,New Jersey
2007,Income tax not withheld and SECA,24.3605,real,New Jersey
2007,Income tax withheld and FICA,117.519,real,New Jersey
2008,Business income taxes,28.6917,real,New Jersey
2008,"Estate, gift, excise and other",3.22153,real,New Jersey
2008,Income tax not withheld and SECA,26.2003,real,New Jersey
2008,Income tax withheld and FICA,120.807,real,New Jersey
2009,Business income taxes,21.6083,real,New Jersey
2009,"Estate, gift, excise and other",3.13844,real,New Jersey
2009,Income tax not withheld and SECA,18.7079,real,New Jersey
2009,Income tax withheld and FICA,106.202,real,New Jersey
2010,Business income taxes,44.0519,real,New Jersey
2010,"Estate, gift, excise and other",3.11602,real,New Jersey
2010,Income tax not withheld and SECA,17.8879,real,New Jersey
2010,Income tax withheld and FICA,105.415,real,New Jersey
2011,Business income taxes,23.4045,real,New Jersey
2011,"Estate, gift, excise and other",3.9128,real,New Jersey
2011,Income tax not withheld and SECA,18.5686,real,New Jersey
2011,Income tax withheld and FICA,111.624,real,New Jersey
2012,Business income taxes,24.0925,real,New Jersey
2012,"Estate, gift, excise and other",3.82417,real,New Jersey
2012,Income tax not withheld and SECA,18.8819,real,New Jersey
2012,Income tax withheld and FICA,106.889,real,New Jersey
2013,Business income taxes,25.9006,real,New Jersey
2013,"Estate, gift, excise and other",5.87053,real,New Jersey
2013,Income tax not withheld and SECA,21.319,real,New Jersey
2013,Income tax withheld and FICA,120.473,real,New Jersey
2014,Business income taxes,29.0479,real,New Jersey
2014,"Estate, gift, excise and other",5.72952,real,New Jersey
2014,Income tax not withheld and SECA,24.1846,real,New Jersey
2014,Income tax withheld and FICA,120.635,real,New Jersey
2015,Business income taxes,47.7541,real,New Jersey
2015,"Estate, gift, excise and other",5.4586,real,New Jersey
2015,Income tax not withheld and SECA,26.6193,real,New Jersey
2015,Income tax withheld and FICA,122.898,real,New Jersey
2016,Business income taxes,33.4041,real,New Jersey
2016,"Estate, gift, excise and other",5.12896,real,New Jersey
2016,Income tax not withheld and SECA,25.9792,real,New Jersey
2016,Income tax withheld and FICA,122.34,real,New Jersey
2017,Business income taxes,31.5199,real,New Jersey
2017,"Estate, gift, excise and other",4.65407,real,New Jersey
2017,Income tax not withheld and SECA,25.9096,real,New Jersey
2017,Income tax withheld and FICA,122.804,real,New Jersey
2018,Business income taxes,18.3507,real,New Jersey
2018,"Estate, gift, excise and other",6.8809,real,New Jersey
2018,Income tax not withheld and SECA,28.4552,real,New Jersey
2018,Income tax withheld and FICA,121.082,real,New Jersey
2019,Business income taxes,19.564,real,New Jersey
2019,"Estate, gift, excise and other",5.77886,real,New Jersey
2019,Income tax not withheld and SECA,28.4286,real,New Jersey
2019,Income tax withheld and FICA,119.421,real,New Jersey
2020,Business income taxes,16.781,real,New Jersey
2020,"Estate, gift, excise and other",4.81167,real,New Jersey
2020,Income tax not withheld and SECA,26.7684,real,New Jersey
2020,Income tax withheld and FICA,111.743,real,New Jersey
2021,Business income taxes,29.623,real,New Jersey
2021,"Estate, gift, excise and other",5.52517,real,New Jersey
2021,Income tax not withheld and SECA,31.9609,real,New Jersey
2021,Income tax withheld and FICA,117.002,real,New Jersey
2022,Business income taxes,32.3468,real,New Jersey
2022,"Estate, gift, excise and other",6.21434,real,New Jersey
2022,Income tax not withheld and SECA,39.1579,real,New Jersey
2022,Income tax withheld and FICA,127.989,real,New Jersey
2023,Business income taxes,31.0856,real,New Jersey
2023,"Estate, gift, excise and other",4.48601,real,New Jersey
2023,Income tax not withheld and SECA,30.823,real,New Jersey
2023,Income tax withheld and FICA,123.578,real,New Jersey
2024,Business income taxes,29.2617,real,New Jersey
2024,"Estate, gift, excise and other",5.58495,real,New Jersey
2024,Income tax not withheld and SECA,32.1442,real,New Jersey
2024,Income tax withheld and FICA,121.035,real,New Jersey
2025,Business income taxes,27.1666,real,New Jersey
2025,"Estate, gift, excise and other",5.57745,real,New Jersey
2025,Income tax not withheld and SECA,36.4633,real,New Jersey
2025,Income tax withheld and FICA,122.88,real,New Jersey
1998,Business income taxes,0.411988,real,New Mexico
1998,"Estate, gift, excise and other",0.409345,real,New Mexico
1998,Income tax not withheld and SECA,2.23457,real,New Mexico
1998,Income tax withheld and FICA,7.19293,real,New Mexico
1999,Business income taxes,0.368346,real,New Mexico
1999,"Estate, gift, excise and other",0.512303,real,New Mexico
1999,Income tax not withheld and SECA,2.31028,real,New Mexico
1999,Income tax withheld and FICA,7.51123,real,New Mexico
2000,Business income taxes,0.45777,real,New Mexico
2000,"Estate, gift, excise and other",0.456223,real,New Mexico
2000,Income tax not withheld and SECA,2.44481,real,New Mexico
2000,Income tax withheld and FICA,7.60791,real,New Mexico
2001,Business income taxes,0.647356,real,New Mexico
2001,"Estate, gift, excise and other",0.45708,real,New Mexico
2001,Income tax not withheld and SECA,1.87905,real,New Mexico
2001,Income tax withheld and FICA,8.14153,real,New Mexico
2002,Business income taxes,0.734809,real,New Mexico
2002,"Estate, gift, excise and other",0.423262,real,New Mexico
2002,Income tax not withheld and SECA,2.87784,real,New Mexico
2002,Income tax withheld and FICA,8.12309,real,New Mexico
2003,Business income taxes,0.430206,real,New Mexico
2003,"Estate, gift, excise and other",0.330752,real,New Mexico
2003,Income tax not withheld and SECA,1.9359,real,New Mexico
2003,Income tax withheld and FICA,7.77421,real,New Mexico
2004,Business income taxes,0.279486,real,New Mexico
2004,"Estate, gift, excise and other",0.269513,real,New Mexico
2004,Income tax not withheld and SECA,1.88531,real,New Mexico
2004,Income tax withheld and FICA,7.42624,real,New Mexico
2005,Business income taxes,0.463601,real,New Mexico
2005,"Estate, gift, excise and other",0.204811,real,New Mexico
2005,Income tax not withheld and SECA,2.19526,real,New Mexico
2005,Income tax withheld and FICA,7.6402,real,New Mexico
2006,Business income taxes,0.531068,real,New Mexico
2006,"Estate, gift, excise and other",0.198479,real,New Mexico
2006,Income tax not withheld and SECA,2.75958,real,New Mexico
2006,Income tax withheld and FICA,8.01947,real,New Mexico
2007,Business income taxes,0.575245,real,New Mexico
2007,"Estate, gift, excise and other",0.230214,real,New Mexico
2007,Income tax not withheld and SECA,3.19348,real,New Mexico
2007,Income tax withheld and FICA,8.44652,real,New Mexico
2008,Business income taxes,1.19367,real,New Mexico
2008,"Estate, gift, excise and other",0.262955,real,New Mexico
2008,Income tax not withheld and SECA,3.26655,real,New Mexico
2008,Income tax withheld and FICA,9.67238,real,New Mexico
2009,Business income taxes,0.410846,real,New Mexico
2009,"Estate, gift, excise and other",0.417768,real,New Mexico
2009,Income tax not withheld and SECA,2.26783,real,New Mexico
2009,Income tax withheld and FICA,8.73868,real,New Mexico
2010,Business income taxes,0.298446,real,New Mexico
2010,"Estate, gift, excise and other",0.345997,real,New Mexico
2010,Income tax not withheld and SECA,1.8885,real,New Mexico
2010,Income tax withheld and FICA,8.37874,real,New Mexico
2011,Business income taxes,0.202051,real,New Mexico
2011,"Estate, gift, excise and other",0.640504,real,New Mexico
2011,Income tax not withheld and SECA,2.21324,real,New Mexico
2011,Income tax withheld and FICA,8.23978,real,New Mexico
2012,Business income taxes,0.207739,real,New Mexico
2012,"Estate, gift, excise and other",0.407756,real,New Mexico
2012,Income tax not withheld and SECA,2.14335,real,New Mexico
2012,Income tax withheld and FICA,8.09554,real,New Mexico
2013,Business income taxes,0.272945,real,New Mexico
2013,"Estate, gift, excise and other",0.439272,real,New Mexico
2013,Income tax not withheld and SECA,2.53069,real,New Mexico
2013,Income tax withheld and FICA,8.34145,real,New Mexico
2014,Business income taxes,0.308024,real,New Mexico
2014,"Estate, gift, excise and other",0.499318,real,New Mexico
2014,Income tax not withheld and SECA,2.67864,real,New Mexico
2014,Income tax withheld and FICA,8.17698,real,New Mexico
2015,Business income taxes,0.326668,real,New Mexico
2015,"Estate, gift, excise and other",0.389956,real,New Mexico
2015,Income tax not withheld and SECA,2.80682,real,New Mexico
2015,Income tax withheld and FICA,8.2908,real,New Mexico
2016,Business income taxes,0.261445,real,New Mexico
2016,"Estate, gift, excise and other",0.269921,real,New Mexico
2016,Income tax not withheld and SECA,2.55593,real,New Mexico
2016,Income tax withheld and FICA,8.33059,real,New Mexico
2017,Business income taxes,0.182876,real,New Mexico
2017,"Estate, gift, excise and other",0.206899,real,New Mexico
2017,Income tax not withheld and SECA,2.77561,real,New Mexico
2017,Income tax withheld and FICA,8.3765,real,New Mexico
2018,Business income taxes,0.12477,real,New Mexico
2018,"Estate, gift, excise and other",0.333702,real,New Mexico
2018,Income tax not withheld and SECA,2.75083,real,New Mexico
2018,Income tax withheld and FICA,8.11143,real,New Mexico
2019,Business income taxes,0.126495,real,New Mexico
2019,"Estate, gift, excise and other",0.159152,real,New Mexico
2019,Income tax not withheld and SECA,2.80383,real,New Mexico
2019,Income tax withheld and FICA,8.35767,real,New Mexico
2020,Business income taxes,0.284515,real,New Mexico
2020,"Estate, gift, excise and other",0.17916,real,New Mexico
2020,Income tax not withheld and SECA,2.91235,real,New Mexico
2020,Income tax withheld and FICA,8.37827,real,New Mexico
2021,Business income taxes,0.276188,real,New Mexico
2021,"Estate, gift, excise and other",0.272971,real,New Mexico
2021,Income tax not withheld and SECA,3.25854,real,New Mexico
2021,Income tax withheld and FICA,8.33657,real,New Mexico
2022,Business income taxes,0.246303,real,New Mexico
2022,"Estate, gift, excise and other",0.277232,real,New Mexico
2022,Income tax not withheld and SECA,3.64598,real,New Mexico
2022,Income tax withheld and FICA,8.66357,real,New Mexico
2023,Business income taxes,0.309977,real,New Mexico
2023,"Estate, gift, excise and other",0.482506,real,New Mexico
2023,Income tax not withheld and SECA,3.30067,real,New Mexico
2023,Income tax withheld and FICA,9.03537,real,New Mexico
2024,Business income taxes,0.240047,real,New Mexico
2024,"Estate, gift, excise and other",0.264509,real,New Mexico
2024,Income tax not withheld and SECA,3.33827,real,New Mexico
2024,Income tax withheld and FICA,9.34509,real,New Mexico
2025,Business income taxes,0.236655,real,New Mexico
2025,"Estate, gift, excise and other",0.273597,real,New Mexico
2025,Income tax not withheld and SECA,3.8957,real,New Mexico
2025,Income tax withheld and FICA,9.49223,real,New Mexico
1998,Business income taxes,43.0224,real,New York
1998,"Estate, gift, excise and other",8.7775,real,New York
1998,Income tax not withheld and SECA,51.2325,real,New York
1998,Income tax withheld and FICA,200.195,real,New York
1999,Business income taxes,39.3968,real,New York
1999,"Estate, gift, excise and other",9.87312,real,New York
1999,Income tax not withheld and SECA,54.1466,real,New York
1999,Income tax withheld and FICA,207.945,real,New York
2000,Business income taxes,45.9935,real,New York
2000,"Estate, gift, excise and other",9.48586,real,New York
2000,Income tax not withheld and SECA,62.2591,real,New York
2000,Income tax withheld and FICA,220.936,real,New York
2001,Business income taxes,34.2545,real,New York
2001,"Estate, gift, excise and other",9.20824,real,New York
2001,Income tax not withheld and SECA,64.9963,real,New York
2001,Income tax withheld and FICA,229.4,real,New York
2002,Business income taxes,35.6943,real,New York
2002,"Estate, gift, excise and other",8.74951,real,New York
2002,Income tax not withheld and SECA,51.143,real,New York
2002,Income tax withheld and FICA,214.106,real,New York
2003,Business income taxes,30.64,real,New York
2003,"Estate, gift, excise and other",7.18179,real,New York
2003,Income tax not withheld and SECA,42.5931,real,New York
2003,Income tax withheld and FICA,200.881,real,New York
2004,Business income taxes,33.2463,real,New York
2004,"Estate, gift, excise and other",8.17572,real,New York
2004,Income tax not withheld and SECA,40.9715,real,New York
2004,Income tax withheld and FICA,197.838,real,New York
2005,Business income taxes,51.4643,real,New York
2005,"Estate, gift, excise and other",8.85137,real,New York
2005,Income tax not withheld and SECA,50.3272,real,New York
2005,Income tax withheld and FICA,203.368,real,New York
2006,Business income taxes,59.9109,real,New York
2006,"Estate, gift, excise and other",7.54556,real,New York
2006,Income tax not withheld and SECA,55.9694,real,New York
2006,Income tax withheld and FICA,205.793,real,New York
2007,Business income taxes,70.935,real,New York
2007,"Estate, gift, excise and other",7.07614,real,New York
2007,Income tax not withheld and SECA,65.8278,real,New York
2007,Income tax withheld and FICA,221.007,real,New York
2008,Business income taxes,47.7632,real,New York
2008,"Estate, gift, excise and other",7.40527,real,New York
2008,Income tax not withheld and SECA,72.1516,real,New York
2008,Income tax withheld and FICA,208.002,real,New York
2009,Business income taxes,26.3232,real,New York
2009,"Estate, gift, excise and other",7.82921,real,New York
2009,Income tax not withheld and SECA,48.1974,real,New York
2009,Income tax withheld and FICA,197.235,real,New York
2010,Business income taxes,32.5856,real,New York
2010,"Estate, gift, excise and other",7.6637,real,New York
2010,Income tax not withheld and SECA,45.0213,real,New York
2010,Income tax withheld and FICA,201.675,real,New York
2011,Business income taxes,30.1567,real,New York
2011,"Estate, gift, excise and other",6.33717,real,New York
2011,Income tax not withheld and SECA,50.5104,real,New York
2011,Income tax withheld and FICA,197.024,real,New York
2012,Business income taxes,29.3491,real,New York
2012,"Estate, gift, excise and other",7.1182,real,New York
2012,Income tax not withheld and SECA,48.6425,real,New York
2012,Income tax withheld and FICA,192.477,real,New York
2013,Business income taxes,34.4721,real,New York
2013,"Estate, gift, excise and other",10.9167,real,New York
2013,Income tax not withheld and SECA,59.2298,real,New York
2013,Income tax withheld and FICA,209.673,real,New York
2014,Business income taxes,38.1709,real,New York
2014,"Estate, gift, excise and other",10.2247,real,New York
2014,Income tax not withheld and SECA,68.3929,real,New York
2014,Income tax withheld and FICA,216.942,real,New York
2015,Business income taxes,40.62,real,New York
2015,"Estate, gift, excise and other",12.2071,real,New York
2015,Income tax not withheld and SECA,76.1386,real,New York
2015,Income tax withheld and FICA,226.288,real,New York
2016,Business income taxes,37.6423,real,New York
2016,"Estate, gift, excise and other",10.7892,real,New York
2016,Income tax not withheld and SECA,72.7917,real,New York
2016,Income tax withheld and FICA,226.305,real,New York
2017,Business income taxes,33.588,real,New York
2017,"Estate, gift, excise and other",9.7051,real,New York
2017,Income tax not withheld and SECA,66.7646,real,New York
2017,Income tax withheld and FICA,234.886,real,New York
2018,Business income taxes,27.16,real,New York
2018,"Estate, gift, excise and other",11.193,real,New York
2018,Income tax not withheld and SECA,80.9493,real,New York
2018,Income tax withheld and FICA,234.343,real,New York
2019,Business income taxes,47.835,real,New York
2019,"Estate, gift, excise and other",10.656,real,New York
2019,Income tax not withheld and SECA,79.8371,real,New York
2019,Income tax withheld and FICA,238.279,real,New York
2020,Business income taxes,38.188,real,New York
2020,"Estate, gift, excise and other",9.9967,real,New York
2020,Income tax not withheld and SECA,72.1988,real,New York
2020,Income tax withheld and FICA,232.413,real,New York
2021,Business income taxes,41.1186,real,New York
2021,"Estate, gift, excise and other",11.9347,real,New York
2021,Income tax not withheld and SECA,95.1578,real,New York
2021,Income tax withheld and FICA,241.035,real,New York
2022,Business income taxes,46.6567,real,New York
2022,"Estate, gift, excise and other",14.206,real,New York
2022,Income tax not withheld and SECA,111.555,real,New York
2022,Income tax withheld and FICA,260.454,real,New York
2023,Business income taxes,41.1406,real,New York
2023,"Estate, gift, excise and other",10.5091,real,New York
2023,Income tax not withheld and SECA,77.5839,real,New York
2023,Income tax withheld and FICA,264.138,real,New York
2024,Business income taxes,38.401,real,New York
2024,"Estate, gift, excise and other",10.6035,real,New York
2024,Income tax not withheld and SECA,80.2476,real,New York
2024,Income tax withheld and FICA,265.267,real,New York
2025,Business income taxes,39.4143,real,New York
2025,"Estate, gift, excise and other",12.2312,real,New York
2025,Income tax not withheld and SECA,94.7288,real,New York
2025,Income tax withheld and FICA,264.979,real,New York
1998,Business income taxes,9.30843,real,North Carolina
1998,"Estate, gift, excise and other",1.60622,real,North Carolina
1998,Income tax not withheld and SECA,12.5931,real,North Carolina
1998,Income tax withheld and FICA,46.5978,real,North Carolina
1999,Business income taxes,9.83338,real,North Carolina
1999,"Estate, gift, excise and other",1.92566,real,North Carolina
1999,Income tax not withheld and SECA,13.0432,real,North Carolina
1999,Income tax withheld and FICA,50.5163,real,North Carolina
2000,Business income taxes,9.88954,real,North Carolina
2000,"Estate, gift, excise and other",2.03385,real,North Carolina
2000,Income tax not withheld and SECA,13.5875,real,North Carolina
2000,Income tax withheld and FICA,54.0371,real,North Carolina
2001,Business income taxes,9.71689,real,North Carolina
2001,"Estate, gift, excise and other",1.75722,real,North Carolina
2001,Income tax not withheld and SECA,13.7742,real,North Carolina
2001,Income tax withheld and FICA,55.8879,real,North Carolina
2002,Business income taxes,12.5316,real,North Carolina
2002,"Estate, gift, excise and other",1.57843,real,North Carolina
2002,Income tax not withheld and SECA,10.9217,real,North Carolina
2002,Income tax withheld and FICA,56.3072,real,North Carolina
2003,Business income taxes,12.3665,real,North Carolina
2003,"Estate, gift, excise and other",1.42591,real,North Carolina
2003,Income tax not withheld and SECA,9.78489,real,North Carolina
2003,Income tax withheld and FICA,57.1815,real,North Carolina
2004,Business income taxes,18.3367,real,North Carolina
2004,"Estate, gift, excise and other",1.6488,real,North Carolina
2004,Income tax not withheld and SECA,9.17732,real,North Carolina
2004,Income tax withheld and FICA,58.8094,real,North Carolina
2005,Business income taxes,21.8942,real,North Carolina
2005,"Estate, gift, excise and other",1.67928,real,North Carolina
2005,Income tax not withheld and SECA,11.2678,real,North Carolina
2005,Income tax withheld and FICA,60.8753,real,North Carolina
2006,Business income taxes,31.1607,real,North Carolina
2006,"Estate, gift, excise and other",1.55226,real,North Carolina
2006,Income tax not withheld and SECA,13.3014,real,North Carolina
2006,Income tax withheld and FICA,60.2311,real,North Carolina
2007,Business income taxes,28.3611,real,North Carolina
2007,"Estate, gift, excise and other",1.68542,real,North Carolina
2007,Income tax not withheld and SECA,14.6813,real,North Carolina
2007,Income tax withheld and FICA,68.4567,real,North Carolina
2008,Business income taxes,19.0076,real,North Carolina
2008,"Estate, gift, excise and other",1.58724,real,North Carolina
2008,Income tax not withheld and SECA,14.6973,real,North Carolina
2008,Income tax withheld and FICA,72.6393,real,North Carolina
2009,Business income taxes,13.0646,real,North Carolina
2009,"Estate, gift, excise and other",1.26896,real,North Carolina
2009,Income tax not withheld and SECA,10.0393,real,North Carolina
2009,Income tax withheld and FICA,67.183,real,North Carolina
2010,Business income taxes,8.31079,real,North Carolina
2010,"Estate, gift, excise and other",1.08472,real,North Carolina
2010,Income tax not withheld and SECA,8.87099,real,North Carolina
2010,Income tax withheld and FICA,64.2139,real,North Carolina
2011,Business income taxes,7.00213,real,North Carolina
2011,"Estate, gift, excise and other",0.897966,real,North Carolina
2011,Income tax not withheld and SECA,9.72942,real,North Carolina
2011,Income tax withheld and FICA,62.1907,real,North Carolina
2012,Business income taxes,8.84749,real,North Carolina
2012,"Estate, gift, excise and other",1.08889,real,North Carolina
2012,Income tax not withheld and SECA,9.97236,real,North Carolina
2012,Income tax withheld and FICA,65.0917,real,North Carolina
2013,Business income taxes,9.44407,real,North Carolina
2013,"Estate, gift, excise and other",1.31188,real,North Carolina
2013,Income tax not withheld and SECA,11.4993,real,North Carolina
2013,Income tax withheld and FICA,67.3407,real,North Carolina
2014,Business income taxes,11.5831,real,North Carolina
2014,"Estate, gift, excise and other",1.60036,real,North Carolina
2014,Income tax not withheld and SECA,12.4041,real,North Carolina
2014,Income tax withheld and FICA,70.9175,real,North Carolina
2015,Business income taxes,14.2346,real,North Carolina
2015,"Estate, gift, excise and other",1.88769,real,North Carolina
2015,Income tax not withheld and SECA,14.6509,real,North Carolina
2015,Income tax withheld and FICA,72.9331,real,North Carolina
2016,Business income taxes,13.8165,real,North Carolina
2016,"Estate, gift, excise and other",1.72098,real,North Carolina
2016,Income tax not withheld and SECA,15.541,real,North Carolina
2016,Income tax withheld and FICA,78.2985,real,North Carolina
2017,Business income taxes,11.1966,real,North Carolina
2017,"Estate, gift, excise and other",1.40856,real,North Carolina
2017,Income tax not withheld and SECA,15.4707,real,North Carolina
2017,Income tax withheld and FICA,78.4278,real,North Carolina
2018,Business income taxes,7.22949,real,North Carolina
2018,"Estate, gift, excise and other",2.04607,real,North Carolina
2018,Income tax not withheld and SECA,16.438,real,North Carolina
2018,Income tax withheld and FICA,78.083,real,North Carolina
2019,Business income taxes,7.87318,real,North Carolina
2019,"Estate, gift, excise and other",1.43053,real,North Carolina
2019,Income tax not withheld and SECA,16.6359,real,North Carolina
2019,Income tax withheld and FICA,82.4494,real,North Carolina
2020,Business income taxes,5.81002,real,North Carolina
2020,"Estate, gift, excise and other",1.4377,real,North Carolina
2020,Income tax not withheld and SECA,16.7842,real,North Carolina
2020,Income tax withheld and FICA,81.7613,real,North Carolina
2021,Business income taxes,14.1481,real,North Carolina
2021,"Estate, gift, excise and other",1.90134,real,North Carolina
2021,Income tax not withheld and SECA,20.5139,real,North Carolina
2021,Income tax withheld and FICA,89.755,real,North Carolina
2022,Business income taxes,13.0051,real,North Carolina
2022,"Estate, gift, excise and other",2.23758,real,North Carolina
2022,Income tax not withheld and SECA,27.6738,real,North Carolina
2022,Income tax withheld and FICA,91.3774,real,North Carolina
2023,Business income taxes,13.5352,real,North Carolina
2023,"Estate, gift, excise and other",2.30686,real,North Carolina
2023,Income tax not withheld and SECA,22.0866,real,North Carolina
2023,Income tax withheld and FICA,88.9863,real,North Carolina
2024,Business income taxes,11.5581,real,North Carolina
2024,"Estate, gift, excise and other",2.36178,real,North Carolina
2024,Income tax not withheld and SECA,22.2648,real,North Carolina
2024,Income tax withheld and FICA,92.1254,real,North Carolina
2025,Business income taxes,8.36491,real,North Carolina
2025,"Estate, gift, excise and other",2.37071,real,North Carolina
2025,Income tax not withheld and SECA,23.8602,real,North Carolina
2025,Income tax withheld and FICA,93.2803,real,North Carolina
1998,Business income taxes,0.331236,real,North Dakota
1998,"Estate, gift, excise and other",0.0957257,real,North Dakota
1998,Income tax not withheld and SECA,1.07915,real,North Dakota
1998,Income tax withheld and FICA,3.09925,real,North Dakota
1999,Business income taxes,0.342987,real,North Dakota
1999,"Estate, gift, excise and other",0.117437,real,North Dakota
1999,Income tax not withheld and SECA,1.05463,real,North Dakota
1999,Income tax withheld and FICA,3.20174,real,North Dakota
2000,Business income taxes,0.443256,real,North Dakota
2000,"Estate, gift, excise and other",0.0966444,real,North Dakota
2000,Income tax not withheld and SECA,1.08194,real,North Dakota
2000,Income tax withheld and FICA,3.46368,real,North Dakota
2001,Business income taxes,0.36396,real,North Dakota
2001,"Estate, gift, excise and other",0.0931271,real,North Dakota
2001,Income tax not withheld and SECA,1.11275,real,North Dakota
2001,Income tax withheld and FICA,3.51726,real,North Dakota
2002,Business income taxes,0.35456,real,North Dakota
2002,"Estate, gift, excise and other",0.0988893,real,North Dakota
2002,Income tax not withheld and SECA,0.958931,real,North Dakota
2002,Income tax withheld and FICA,3.2119,real,North Dakota
2003,Business income taxes,0.295125,real,North Dakota
2003,"Estate, gift, excise and other",0.0914643,real,North Dakota
2003,Income tax not withheld and SECA,0.845162,real,North Dakota
2003,Income tax withheld and FICA,3.31251,real,North Dakota
2004,Business income taxes,0.258043,real,North Dakota
2004,"Estate, gift, excise and other",0.126985,real,North Dakota
2004,Income tax not withheld and SECA,0.806972,real,North Dakota
2004,Income tax withheld and FICA,3.41213,real,North Dakota
2005,Business income taxes,0.299736,real,North Dakota
2005,"Estate, gift, excise and other",0.0765914,real,North Dakota
2005,Income tax not withheld and SECA,0.935002,real,North Dakota
2005,Income tax withheld and FICA,3.32003,real,North Dakota
2006,Business income taxes,0.467588,real,North Dakota
2006,"Estate, gift, excise and other",0.074239,real,North Dakota
2006,Income tax not withheld and SECA,1.08342,real,North Dakota
2006,Income tax withheld and FICA,3.48052,real,North Dakota
2007,Business income taxes,0.486859,real,North Dakota
2007,"Estate, gift, excise and other",0.119345,real,North Dakota
2007,Income tax not withheld and SECA,1.18638,real,North Dakota
2007,Income tax withheld and FICA,3.66467,real,North Dakota
2008,Business income taxes,0.631429,real,North Dakota
2008,"Estate, gift, excise and other",0.0736366,real,North Dakota
2008,Income tax not withheld and SECA,1.45481,real,North Dakota
2008,Income tax withheld and FICA,3.89944,real,North Dakota
2009,Business income taxes,0.377476,real,North Dakota
2009,"Estate, gift, excise and other",0.103574,real,North Dakota
2009,Income tax not withheld and SECA,1.50825,real,North Dakota
2009,Income tax withheld and FICA,3.95938,real,North Dakota
2010,Business income taxes,0.331002,real,North Dakota
2010,"Estate, gift, excise and other",0.0791554,real,North Dakota
2010,Income tax not withheld and SECA,1.39095,real,North Dakota
2010,Income tax withheld and FICA,4.33807,real,North Dakota
2011,Business income taxes,0.342419,real,North Dakota
2011,"Estate, gift, excise and other",0.149565,real,North Dakota
2011,Income tax not withheld and SECA,1.79285,real,North Dakota
2011,Income tax withheld and FICA,4.6243,real,North Dakota
2012,Business income taxes,0.416306,real,North Dakota
2012,"Estate, gift, excise and other",0.171279,real,North Dakota
2012,Income tax not withheld and SECA,2.2112,real,North Dakota
2012,Income tax withheld and FICA,5.01802,real,North Dakota
2013,Business income taxes,1.20939,real,North Dakota
2013,"Estate, gift, excise and other",0.149281,real,North Dakota
2013,Income tax not withheld and SECA,3.15963,real,North Dakota
2013,Income tax withheld and FICA,5.7307,real,North Dakota
2014,Business income taxes,0.74631,real,North Dakota
2014,"Estate, gift, excise and other",0.171837,real,North Dakota
2014,Income tax not withheld and SECA,3.14325,real,North Dakota
2014,Income tax withheld and FICA,6.0392,real,North Dakota
2015,Business income taxes,0.465541,real,North Dakota
2015,"Estate, gift, excise and other",0.193893,real,North Dakota
2015,Income tax not withheld and SECA,3.13727,real,North Dakota
2015,Income tax withheld and FICA,6.36003,real,North Dakota
2016,Business income taxes,0.373203,real,North Dakota
2016,"Estate, gift, excise and other",0.187033,real,North Dakota
2016,Income tax not withheld and SECA,2.32042,real,North Dakota
2016,Income tax withheld and FICA,6.16806,real,North Dakota
2017,Business income taxes,0.350961,real,North Dakota
2017,"Estate, gift, excise and other",0.138932,real,North Dakota
2017,Income tax not withheld and SECA,1.91693,real,North Dakota
2017,Income tax withheld and FICA,6.12862,real,North Dakota
2018,Business income taxes,0.261167,real,North Dakota
2018,"Estate, gift, excise and other",0.187489,real,North Dakota
2018,Income tax not withheld and SECA,2.0182,real,North Dakota
2018,Income tax withheld and FICA,5.80631,real,North Dakota
2019,Business income taxes,0.317175,real,North Dakota
2019,"Estate, gift, excise and other",0.14004,real,North Dakota
2019,Income tax not withheld and SECA,1.98145,real,North Dakota
2019,Income tax withheld and FICA,5.76038,real,North Dakota
2020,Business income taxes,0.359612,real,North Dakota
2020,"Estate, gift, excise and other",0.199052,real,North Dakota
2020,Income tax not withheld and SECA,1.9523,real,North Dakota
2020,Income tax withheld and FICA,5.89505,real,North Dakota
2021,Business income taxes,0.640805,real,North Dakota
2021,"Estate, gift, excise and other",0.122695,real,North Dakota
2021,Income tax not withheld and SECA,2.17767,real,North Dakota
2021,Income tax withheld and FICA,6.00649,real,North Dakota
2022,Business income taxes,0.517078,real,North Dakota
2022,"Estate, gift, excise and other",0.161585,real,North Dakota
2022,Income tax not withheld and SECA,3.20714,real,North Dakota
2022,Income tax withheld and FICA,6.03322,real,North Dakota
2023,Business income taxes,0.554975,real,North Dakota
2023,"Estate, gift, excise and other",0.181654,real,North Dakota
2023,Income tax not withheld and SECA,2.72105,real,North Dakota
2023,Income tax withheld and FICA,6.47114,real,North Dakota
2024,Business income taxes,0.646838,real,North Dakota
2024,"Estate, gift, excise and other",0.221822,real,North Dakota
2024,Income tax not withheld and SECA,2.67706,real,North Dakota
2024,Income tax withheld and FICA,6.45859,real,North Dakota
2025,Business income taxes,0.563996,real,North Dakota
2025,"Estate, gift, excise and other",0.139114,real,North Dakota
2025,Income tax not withheld and SECA,2.74314,real,North Dakota
2025,Income tax withheld and FICA,6.83768,real,North Dakota
1998,Business income taxes,18.7997,real,Ohio
1998,"Estate, gift, excise and other",7.32237,real,Ohio
1998,Income tax not withheld and SECA,19.5814,real,Ohio
1998,Income tax withheld and FICA,96.1299,real,Ohio
1999,Business income taxes,19.5162,real,Ohio
1999,"Estate, gift, excise and other",10.1522,real,Ohio
1999,Income tax not withheld and SECA,20.9514,real,Ohio
1999,Income tax withheld and FICA,99.0127,real,Ohio
2000,Business income taxes,16.1634,real,Ohio
2000,"Estate, gift, excise and other",8.12976,real,Ohio
2000,Income tax not withheld and SECA,21.2149,real,Ohio
2000,Income tax withheld and FICA,111.37,real,Ohio
2001,Business income taxes,11.7349,real,Ohio
2001,"Estate, gift, excise and other",6.50855,real,Ohio
2001,Income tax not withheld and SECA,19.7585,real,Ohio
2001,Income tax withheld and FICA,109.52,real,Ohio
2002,Business income taxes,17.0409,real,Ohio
2002,"Estate, gift, excise and other",6.89113,real,Ohio
2002,Income tax not withheld and SECA,15.5131,real,Ohio
2002,Income tax withheld and FICA,108.253,real,Ohio
2003,Business income taxes,16.0404,real,Ohio
2003,"Estate, gift, excise and other",6.73692,real,Ohio
2003,Income tax not withheld and SECA,13.7519,real,Ohio
2003,Income tax withheld and FICA,105.807,real,Ohio
2004,Business income taxes,16.154,real,Ohio
2004,"Estate, gift, excise and other",7.07453,real,Ohio
2004,Income tax not withheld and SECA,12.5335,real,Ohio
2004,Income tax withheld and FICA,107.417,real,Ohio
2005,Business income taxes,19.6866,real,Ohio
2005,"Estate, gift, excise and other",6.38066,real,Ohio
2005,Income tax not withheld and SECA,14.6818,real,Ohio
2005,Income tax withheld and FICA,112.39,real,Ohio
2006,Business income taxes,25.0895,real,Ohio
2006,"Estate, gift, excise and other",2.44754,real,Ohio
2006,Income tax not withheld and SECA,15.8239,real,Ohio
2006,Income tax withheld and FICA,95.4467,real,Ohio
2007,Business income taxes,22.9138,real,Ohio
2007,"Estate, gift, excise and other",2.02186,real,Ohio
2007,Income tax not withheld and SECA,16.8614,real,Ohio
2007,Income tax withheld and FICA,115.927,real,Ohio
2008,Business income taxes,18.3034,real,Ohio
2008,"Estate, gift, excise and other",5.5856,real,Ohio
2008,Income tax not withheld and SECA,17.2596,real,Ohio
2008,Income tax withheld and FICA,120.971,real,Ohio
2009,Business income taxes,12.7568,real,Ohio
2009,"Estate, gift, excise and other",5.95785,real,Ohio
2009,Income tax not withheld and SECA,11.636,real,Ohio
2009,Income tax withheld and FICA,119.436,real,Ohio
2010,Business income taxes,13.9524,real,Ohio
2010,"Estate, gift, excise and other",5.75626,real,Ohio
2010,Income tax not withheld and SECA,10.9054,real,Ohio
2010,Income tax withheld and FICA,122,real,Ohio
2011,Business income taxes,13.4156,real,Ohio
2011,"Estate, gift, excise and other",5.26124,real,Ohio
2011,Income tax not withheld and SECA,12.4559,real,Ohio
2011,Income tax withheld and FICA,126.329,real,Ohio
2012,Business income taxes,16.0123,real,Ohio
2012,"Estate, gift, excise and other",6.48453,real,Ohio
2012,Income tax not withheld and SECA,13.3362,real,Ohio
2012,Income tax withheld and FICA,117.463,real,Ohio
2013,Business income taxes,16.4569,real,Ohio
2013,"Estate, gift, excise and other",7.16636,real,Ohio
2013,Income tax not withheld and SECA,16.0048,real,Ohio
2013,Income tax withheld and FICA,129.433,real,Ohio
2014,Business income taxes,16.3606,real,Ohio
2014,"Estate, gift, excise and other",7.68377,real,Ohio
2014,Income tax not withheld and SECA,16.0226,real,Ohio
2014,Income tax withheld and FICA,132.913,real,Ohio
2015,Business income taxes,19.2949,real,Ohio
2015,"Estate, gift, excise and other",8.49719,real,Ohio
2015,Income tax not withheld and SECA,18.1993,real,Ohio
2015,Income tax withheld and FICA,139.7,real,Ohio
2016,Business income taxes,15.252,real,Ohio
2016,"Estate, gift, excise and other",8.10424,real,Ohio
2016,Income tax not withheld and SECA,17.8832,real,Ohio
2016,Income tax withheld and FICA,143.133,real,Ohio
2017,Business income taxes,14.2506,real,Ohio
2017,"Estate, gift, excise and other",7.30309,real,Ohio
2017,Income tax not withheld and SECA,17.1044,real,Ohio
2017,Income tax withheld and FICA,143.981,real,Ohio
2018,Business income taxes,11.7,real,Ohio
2018,"Estate, gift, excise and other",7.71083,real,Ohio
2018,Income tax not withheld and SECA,18.2428,real,Ohio
2018,Income tax withheld and FICA,139.522,real,Ohio
2019,Business income taxes,11.6797,real,Ohio
2019,"Estate, gift, excise and other",7.33176,real,Ohio
2019,Income tax not withheld and SECA,18.224,real,Ohio
2019,Income tax withheld and FICA,141.447,real,Ohio
2020,Business income taxes,10.5581,real,Ohio
2020,"Estate, gift, excise and other",8.72187,real,Ohio
2020,Income tax not withheld and SECA,17.4047,real,Ohio
2020,Income tax withheld and FICA,139.245,real,Ohio
2021,Business income taxes,18.0152,real,Ohio
2021,"Estate, gift, excise and other",9.99646,real,Ohio
2021,Income tax not withheld and SECA,21.01,real,Ohio
2021,Income tax withheld and FICA,143.266,real,Ohio
2022,Business income taxes,19.1556,real,Ohio
2022,"Estate, gift, excise and other",10.3856,real,Ohio
2022,Income tax not withheld and SECA,27.2988,real,Ohio
2022,Income tax withheld and FICA,150.211,real,Ohio
2023,Business income taxes,15.9997,real,Ohio
2023,"Estate, gift, excise and other",9.51561,real,Ohio
2023,Income tax not withheld and SECA,21.8128,real,Ohio
2023,Income tax withheld and FICA,148.773,real,Ohio
2024,Business income taxes,18.7505,real,Ohio
2024,"Estate, gift, excise and other",9.59343,real,Ohio
2024,Income tax not withheld and SECA,21.9444,real,Ohio
2024,Income tax withheld and FICA,162.484,real,Ohio
2025,Business income taxes,15.9672,real,Ohio
2025,"Estate, gift, excise and other",10.8323,real,Ohio
2025,Income tax not withheld and SECA,24.757,real,Ohio
2025,Income tax withheld and FICA,158.645,real,Ohio
1998,Business income taxes,2.25326,real,Oklahoma
1998,"Estate, gift, excise and other",6.84494,real,Oklahoma
1998,Income tax not withheld and SECA,4.99129,real,Oklahoma
1998,Income tax withheld and FICA,18.017,real,Oklahoma
1999,Business income taxes,1.81622,real,Oklahoma
1999,"Estate, gift, excise and other",8.93896,real,Oklahoma
1999,Income tax not withheld and SECA,4.92981,real,Oklahoma
1999,Income tax withheld and FICA,16.8061,real,Oklahoma
2000,Business income taxes,2.52187,real,Oklahoma
2000,"Estate, gift, excise and other",8.78145,real,Oklahoma
2000,Income tax not withheld and SECA,5.15595,real,Oklahoma
2000,Income tax withheld and FICA,17.3679,real,Oklahoma
2001,Business income taxes,3.943,real,Oklahoma
2001,"Estate, gift, excise and other",8.70184,real,Oklahoma
2001,Income tax not withheld and SECA,5.60496,real,Oklahoma
2001,Income tax withheld and FICA,18.2523,real,Oklahoma
2002,Business income taxes,1.77417,real,Oklahoma
2002,"Estate, gift, excise and other",7.36503,real,Oklahoma
2002,Income tax not withheld and SECA,4.94303,real,Oklahoma
2002,Income tax withheld and FICA,16.9053,real,Oklahoma
2003,Business income taxes,2.18653,real,Oklahoma
2003,"Estate, gift, excise and other",9.40913,real,Oklahoma
2003,Income tax not withheld and SECA,4.18794,real,Oklahoma
2003,Income tax withheld and FICA,17.0029,real,Oklahoma
2004,Business income taxes,3.75466,real,Oklahoma
2004,"Estate, gift, excise and other",8.69592,real,Oklahoma
2004,Income tax not withheld and SECA,4.24545,real,Oklahoma
2004,Income tax withheld and FICA,16.5812,real,Oklahoma
2005,Business income taxes,9.95297,real,Oklahoma
2005,"Estate, gift, excise and other",9.26721,real,Oklahoma
2005,Income tax not withheld and SECA,5.12856,real,Oklahoma
2005,Income tax withheld and FICA,20.7382,real,Oklahoma
2006,Business income taxes,13.7258,real,Oklahoma
2006,"Estate, gift, excise and other",9.00831,real,Oklahoma
2006,Income tax not withheld and SECA,6.52045,real,Oklahoma
2006,Income tax withheld and FICA,18.455,real,Oklahoma
2007,Business income taxes,11.2909,real,Oklahoma
2007,"Estate, gift, excise and other",5.29357,real,Oklahoma
2007,Income tax not withheld and SECA,7.56917,real,Oklahoma
2007,Income tax withheld and FICA,19.574,real,Oklahoma
2008,Business income taxes,8.99345,real,Oklahoma
2008,"Estate, gift, excise and other",6.37421,real,Oklahoma
2008,Income tax not withheld and SECA,7.88873,real,Oklahoma
2008,Income tax withheld and FICA,20.8433,real,Oklahoma
2009,Business income taxes,3.45129,real,Oklahoma
2009,"Estate, gift, excise and other",6.51852,real,Oklahoma
2009,Income tax not withheld and SECA,5.98537,real,Oklahoma
2009,Income tax withheld and FICA,19.1613,real,Oklahoma
2010,Business income taxes,4.02309,real,Oklahoma
2010,"Estate, gift, excise and other",6.14527,real,Oklahoma
2010,Income tax not withheld and SECA,4.50244,real,Oklahoma
2010,Income tax withheld and FICA,18.8644,real,Oklahoma
2011,Business income taxes,4.38201,real,Oklahoma
2011,"Estate, gift, excise and other",4.76187,real,Oklahoma
2011,Income tax not withheld and SECA,5.37129,real,Oklahoma
2011,Income tax withheld and FICA,19.768,real,Oklahoma
2012,Business income taxes,5.49562,real,Oklahoma
2012,"Estate, gift, excise and other",5.31453,real,Oklahoma
2012,Income tax not withheld and SECA,5.84254,real,Oklahoma
2012,Income tax withheld and FICA,20.7244,real,Oklahoma
2013,Business income taxes,4.88296,real,Oklahoma
2013,"Estate, gift, excise and other",5.98565,real,Oklahoma
2013,Income tax not withheld and SECA,7.03877,real,Oklahoma
2013,Income tax withheld and FICA,22.8319,real,Oklahoma
2014,Business income taxes,5.39185,real,Oklahoma
2014,"Estate, gift, excise and other",6.62081,real,Oklahoma
2014,Income tax not withheld and SECA,7.26433,real,Oklahoma
2014,Income tax withheld and FICA,24.1487,real,Oklahoma
2015,Business income taxes,4.38725,real,Oklahoma
2015,"Estate, gift, excise and other",7.79049,real,Oklahoma
2015,Income tax not withheld and SECA,7.5946,real,Oklahoma
2015,Income tax withheld and FICA,24.9342,real,Oklahoma
2016,Business income taxes,1.80211,real,Oklahoma
2016,"Estate, gift, excise and other",5.90135,real,Oklahoma
2016,Income tax not withheld and SECA,6.41427,real,Oklahoma
2016,Income tax withheld and FICA,22.4049,real,Oklahoma
2017,Business income taxes,1.08873,real,Oklahoma
2017,"Estate, gift, excise and other",5.55556,real,Oklahoma
2017,Income tax not withheld and SECA,5.75458,real,Oklahoma
2017,Income tax withheld and FICA,22.4525,real,Oklahoma
2018,Business income taxes,1.27031,real,Oklahoma
2018,"Estate, gift, excise and other",5.59005,real,Oklahoma
2018,Income tax not withheld and SECA,6.27747,real,Oklahoma
2018,Income tax withheld and FICA,21.9578,real,Oklahoma
2019,Business income taxes,2.04957,real,Oklahoma
2019,"Estate, gift, excise and other",5.35548,real,Oklahoma
2019,Income tax not withheld and SECA,6.03521,real,Oklahoma
2019,Income tax withheld and FICA,22.5338,real,Oklahoma
2020,Business income taxes,1.11958,real,Oklahoma
2020,"Estate, gift, excise and other",4.92426,real,Oklahoma
2020,Income tax not withheld and SECA,5.21054,real,Oklahoma
2020,Income tax withheld and FICA,21.3538,real,Oklahoma
2021,Business income taxes,1.17788,real,Oklahoma
2021,"Estate, gift, excise and other",5.4392,real,Oklahoma
2021,Income tax not withheld and SECA,5.65978,real,Oklahoma
2021,Income tax withheld and FICA,21.4003,real,Oklahoma
2022,Business income taxes,5.90616,real,Oklahoma
2022,"Estate, gift, excise and other",5.88963,real,Oklahoma
2022,Income tax not withheld and SECA,7.95606,real,Oklahoma
2022,Income tax withheld and FICA,22.9383,real,Oklahoma
2023,Business income taxes,4.36607,real,Oklahoma
2023,"Estate, gift, excise and other",5.50055,real,Oklahoma
2023,Income tax not withheld and SECA,7.24422,real,Oklahoma
2023,Income tax withheld and FICA,23.0534,real,Oklahoma
2024,Business income taxes,4.27695,real,Oklahoma
2024,"Estate, gift, excise and other",5.22674,real,Oklahoma
2024,Income tax not withheld and SECA,7.33169,real,Oklahoma
2024,Income tax withheld and FICA,23.4674,real,Oklahoma
2025,Business income taxes,4.47369,real,Oklahoma
2025,"Estate, gift, excise and other",4.21888,real,Oklahoma
2025,Income tax not withheld and SECA,7.38013,real,Oklahoma
2025,Income tax withheld and FICA,23.0714,real,Oklahoma
1998,Business income taxes,2.78928,real,Oregon
1998,"Estate, gift, excise and other",0.869913,real,Oregon
1998,Income tax not withheld and SECA,6.88,real,Oregon
1998,Income tax withheld and FICA,20.229,real,Oregon
1999,Business income taxes,2.05613,real,Oregon
1999,"Estate, gift, excise and other",0.993051,real,Oregon
1999,Income tax not withheld and SECA,6.74868,real,Oregon
1999,Income tax withheld and FICA,22.0667,real,Oregon
2000,Business income taxes,2.50832,real,Oregon
2000,"Estate, gift, excise and other",1.04417,real,Oregon
2000,Income tax not withheld and SECA,7.33292,real,Oregon
2000,Income tax withheld and FICA,24.6312,real,Oregon
2001,Business income taxes,1.71935,real,Oregon
2001,"Estate, gift, excise and other",0.881302,real,Oregon
2001,Income tax not withheld and SECA,7.28585,real,Oregon
2001,Income tax withheld and FICA,24.418,real,Oregon
2002,Business income taxes,1.78053,real,Oregon
2002,"Estate, gift, excise and other",0.972849,real,Oregon
2002,Income tax not withheld and SECA,5.40208,real,Oregon
2002,Income tax withheld and FICA,23.1381,real,Oregon
2003,Business income taxes,1.27457,real,Oregon
2003,"Estate, gift, excise and other",0.841858,real,Oregon
2003,Income tax not withheld and SECA,4.94852,real,Oregon
2003,Income tax withheld and FICA,22.2235,real,Oregon
2004,Business income taxes,2.05677,real,Oregon
2004,"Estate, gift, excise and other",0.904939,real,Oregon
2004,Income tax not withheld and SECA,4.69965,real,Oregon
2004,Income tax withheld and FICA,23.1085,real,Oregon
2005,Business income taxes,2.44488,real,Oregon
2005,"Estate, gift, excise and other",0.794476,real,Oregon
2005,Income tax not withheld and SECA,5.77209,real,Oregon
2005,Income tax withheld and FICA,22.1643,real,Oregon
2006,Business income taxes,3.27561,real,Oregon
2006,"Estate, gift, excise and other",0.891422,real,Oregon
2006,Income tax not withheld and SECA,6.7075,real,Oregon
2006,Income tax withheld and FICA,24.5369,real,Oregon
2007,Business income taxes,3.08874,real,Oregon
2007,"Estate, gift, excise and other",0.746619,real,Oregon
2007,Income tax not withheld and SECA,7.34683,real,Oregon
2007,Income tax withheld and FICA,23.8103,real,Oregon
2008,Business income taxes,2.80785,real,Oregon
2008,"Estate, gift, excise and other",0.764682,real,Oregon
2008,Income tax not withheld and SECA,7.48727,real,Oregon
2008,Income tax withheld and FICA,27.1072,real,Oregon
2009,Business income taxes,1.65887,real,Oregon
2009,"Estate, gift, excise and other",0.788406,real,Oregon
2009,Income tax not withheld and SECA,4.83057,real,Oregon
2009,Income tax withheld and FICA,24.1376,real,Oregon
2010,Business income taxes,1.53414,real,Oregon
2010,"Estate, gift, excise and other",0.705985,real,Oregon
2010,Income tax not withheld and SECA,4.41931,real,Oregon
2010,Income tax withheld and FICA,23.6372,real,Oregon
2011,Business income taxes,1.89282,real,Oregon
2011,"Estate, gift, excise and other",0.520214,real,Oregon
2011,Income tax not withheld and SECA,4.78944,real,Oregon
2011,Income tax withheld and FICA,24.2232,real,Oregon
2012,Business income taxes,1.69698,real,Oregon
2012,"Estate, gift, excise and other",0.71086800000000006,real,Oregon
2012,Income tax not withheld and SECA,4.95208,real,Oregon
2012,Income tax withheld and FICA,23.9862,real,Oregon
2013,Business income taxes,2.26964,real,Oregon
2013,"Estate, gift, excise and other",0.701726,real,Oregon
2013,Income tax not withheld and SECA,5.98021,real,Oregon
2013,Income tax withheld and FICA,25.9039,real,Oregon
2014,Business income taxes,2.55713,real,Oregon
2014,"Estate, gift, excise and other",1.49708,real,Oregon
2014,Income tax not withheld and SECA,6.42788,real,Oregon
2014,Income tax withheld and FICA,27.3485,real,Oregon
2015,Business income taxes,2.62101,real,Oregon
2015,"Estate, gift, excise and other",1.81433,real,Oregon
2015,Income tax not withheld and SECA,7.41546,real,Oregon
2015,Income tax withheld and FICA,29.269,real,Oregon
2016,Business income taxes,1.40352,real,Oregon
2016,"Estate, gift, excise and other",1.77122,real,Oregon
2016,Income tax not withheld and SECA,7.855,real,Oregon
2016,Income tax withheld and FICA,30.7217,real,Oregon
2017,Business income taxes,1.46508,real,Oregon
2017,"Estate, gift, excise and other",0.863381,real,Oregon
2017,Income tax not withheld and SECA,8.18014,real,Oregon
2017,Income tax withheld and FICA,31.0689,real,Oregon
2018,Business income taxes,1.25525,real,Oregon
2018,"Estate, gift, excise and other",1.21212,real,Oregon
2018,Income tax not withheld and SECA,8.83345,real,Oregon
2018,Income tax withheld and FICA,31.2067,real,Oregon
2019,Business income taxes,1.68147,real,Oregon
2019,"Estate, gift, excise and other",1.75635,real,Oregon
2019,Income tax not withheld and SECA,8.82689,real,Oregon
2019,Income tax withheld and FICA,31.0043,real,Oregon
2020,Business income taxes,1.5144,real,Oregon
2020,"Estate, gift, excise and other",1.28019,real,Oregon
2020,Income tax not withheld and SECA,8.53943,real,Oregon
2020,Income tax withheld and FICA,31.649,real,Oregon
2021,Business income taxes,2.81882,real,Oregon
2021,"Estate, gift, excise and other",1.13365,real,Oregon
2021,Income tax not withheld and SECA,10.0768,real,Oregon
2021,Income tax withheld and FICA,33.2106,real,Oregon
2022,Business income taxes,2.62356,real,Oregon
2022,"Estate, gift, excise and other",1.24971,real,Oregon
2022,Income tax not withheld and SECA,12.668,real,Oregon
2022,Income tax withheld and FICA,31.9603,real,Oregon
2023,Business income taxes,2.53172,real,Oregon
2023,"Estate, gift, excise and other",1.51951,real,Oregon
2023,Income tax not withheld and SECA,9.68353,real,Oregon
2023,Income tax withheld and FICA,29.4034,real,Oregon
2024,Business income taxes,2.70327,real,Oregon
2024,"Estate, gift, excise and other",0.84366,real,Oregon
2024,Income tax not withheld and SECA,9.77011,real,Oregon
2024,Income tax withheld and FICA,29.7595,real,Oregon
2025,Business income taxes,1.953,real,Oregon
2025,"Estate, gift, excise and other",0.977479,real,Oregon
2025,Income tax not withheld and SECA,10.3547,real,Oregon
2025,Income tax withheld and FICA,32.2303,real,Oregon
1998,Business income taxes,18.6352,real,Pennsylvania
1998,"Estate, gift, excise and other",6.38417,real,Pennsylvania
1998,Income tax not withheld and SECA,23.9397,real,Pennsylvania
1998,Income tax withheld and FICA,98.023,real,Pennsylvania
1999,Business income taxes,17.4692,real,Pennsylvania
1999,"Estate, gift, excise and other",6.88015,real,Pennsylvania
1999,Income tax not withheld and SECA,25.401,real,Pennsylvania
1999,Income tax withheld and FICA,101.029,real,Pennsylvania
2000,Business income taxes,16.8611,real,Pennsylvania
2000,"Estate, gift, excise and other",6.44048,real,Pennsylvania
2000,Income tax not withheld and SECA,26.6662,real,Pennsylvania
2000,Income tax withheld and FICA,106.395,real,Pennsylvania
2001,Business income taxes,10.6419,real,Pennsylvania
2001,"Estate, gift, excise and other",5.98089,real,Pennsylvania
2001,Income tax not withheld and SECA,26.3847,real,Pennsylvania
2001,Income tax withheld and FICA,108.011,real,Pennsylvania
2002,Business income taxes,15.1043,real,Pennsylvania
2002,"Estate, gift, excise and other",5.58611,real,Pennsylvania
2002,Income tax not withheld and SECA,20.4323,real,Pennsylvania
2002,Income tax withheld and FICA,104.326,real,Pennsylvania
2003,Business income taxes,8.97359,real,Pennsylvania
2003,"Estate, gift, excise and other",5.24349,real,Pennsylvania
2003,Income tax not withheld and SECA,17.9054,real,Pennsylvania
2003,Income tax withheld and FICA,104.487,real,Pennsylvania
2004,Business income taxes,14.2464,real,Pennsylvania
2004,"Estate, gift, excise and other",5.28861,real,Pennsylvania
2004,Income tax not withheld and SECA,16.9002,real,Pennsylvania
2004,Income tax withheld and FICA,106.723,real,Pennsylvania
2005,Business income taxes,16.0954,real,Pennsylvania
2005,"Estate, gift, excise and other",5.65932,real,Pennsylvania
2005,Income tax not withheld and SECA,19.4853,real,Pennsylvania
2005,Income tax withheld and FICA,109.133,real,Pennsylvania
2006,Business income taxes,19.2407,real,Pennsylvania
2006,"Estate, gift, excise and other",6.29711,real,Pennsylvania
2006,Income tax not withheld and SECA,23.0388,real,Pennsylvania
2006,Income tax withheld and FICA,108.441,real,Pennsylvania
2007,Business income taxes,20.7116,real,Pennsylvania
2007,"Estate, gift, excise and other",5.89181,real,Pennsylvania
2007,Income tax not withheld and SECA,24.5807,real,Pennsylvania
2007,Income tax withheld and FICA,116.375,real,Pennsylvania
2008,Business income taxes,18.8376,real,Pennsylvania
2008,"Estate, gift, excise and other",5.77523,real,Pennsylvania
2008,Income tax not withheld and SECA,26.2987,real,Pennsylvania
2008,Income tax withheld and FICA,119.277,real,Pennsylvania
2009,Business income taxes,15.3385,real,Pennsylvania
2009,"Estate, gift, excise and other",5.54634,real,Pennsylvania
2009,Income tax not withheld and SECA,17.8558,real,Pennsylvania
2009,Income tax withheld and FICA,115.346,real,Pennsylvania
2010,Business income taxes,14.6692,real,Pennsylvania
2010,"Estate, gift, excise and other",6.35432,real,Pennsylvania
2010,Income tax not withheld and SECA,16.3233,real,Pennsylvania
2010,Income tax withheld and FICA,108.639,real,Pennsylvania
2011,Business income taxes,12.8982,real,Pennsylvania
2011,"Estate, gift, excise and other",4.92586,real,Pennsylvania
2011,Income tax not withheld and SECA,18.4908,real,Pennsylvania
2011,Income tax withheld and FICA,108.593,real,Pennsylvania
2012,Business income taxes,15.485900000000001,real,Pennsylvania
2012,"Estate, gift, excise and other",5.61749,real,Pennsylvania
2012,Income tax not withheld and SECA,18.1445,real,Pennsylvania
2012,Income tax withheld and FICA,111.106,real,Pennsylvania
2013,Business income taxes,16.133,real,Pennsylvania
2013,"Estate, gift, excise and other",6.03784,real,Pennsylvania
2013,Income tax not withheld and SECA,21.7248,real,Pennsylvania
2013,Income tax withheld and FICA,119.293,real,Pennsylvania
2014,Business income taxes,16.8044,real,Pennsylvania
2014,"Estate, gift, excise and other",7.55842,real,Pennsylvania
2014,Income tax not withheld and SECA,22.3896,real,Pennsylvania
2014,Income tax withheld and FICA,121.531,real,Pennsylvania
2015,Business income taxes,21.2003,real,Pennsylvania
2015,"Estate, gift, excise and other",8.76115,real,Pennsylvania
2015,Income tax not withheld and SECA,24.9064,real,Pennsylvania
2015,Income tax withheld and FICA,124.406,real,Pennsylvania
2016,Business income taxes,18.5939,real,Pennsylvania
2016,"Estate, gift, excise and other",7.68141,real,Pennsylvania
2016,Income tax not withheld and SECA,25.7253,real,Pennsylvania
2016,Income tax withheld and FICA,125.591,real,Pennsylvania
2017,Business income taxes,19.3349,real,Pennsylvania
2017,"Estate, gift, excise and other",5.62902,real,Pennsylvania
2017,Income tax not withheld and SECA,23.9255,real,Pennsylvania
2017,Income tax withheld and FICA,130.807,real,Pennsylvania
2018,Business income taxes,11.3758,real,Pennsylvania
2018,"Estate, gift, excise and other",6.95459,real,Pennsylvania
2018,Income tax not withheld and SECA,25.9955,real,Pennsylvania
2018,Income tax withheld and FICA,127.038,real,Pennsylvania
2019,Business income taxes,13.9566,real,Pennsylvania
2019,"Estate, gift, excise and other",7.00213,real,Pennsylvania
2019,Income tax not withheld and SECA,26.2829,real,Pennsylvania
2019,Income tax withheld and FICA,128.068,real,Pennsylvania
2020,Business income taxes,16.7801,real,Pennsylvania
2020,"Estate, gift, excise and other",6.69364,real,Pennsylvania
2020,Income tax not withheld and SECA,24.0061,real,Pennsylvania
2020,Income tax withheld and FICA,123.748,real,Pennsylvania
2021,Business income taxes,18.2436,real,Pennsylvania
2021,"Estate, gift, excise and other",6.8797,real,Pennsylvania
2021,Income tax not withheld and SECA,29.9353,real,Pennsylvania
2021,Income tax withheld and FICA,126.875,real,Pennsylvania
2022,Business income taxes,17.6663,real,Pennsylvania
2022,"Estate, gift, excise and other",7.24553,real,Pennsylvania
2022,Income tax not withheld and SECA,39.1401,real,Pennsylvania
2022,Income tax withheld and FICA,131.294,real,Pennsylvania
2023,Business income taxes,18.6816,real,Pennsylvania
2023,"Estate, gift, excise and other",6.03692,real,Pennsylvania
2023,Income tax not withheld and SECA,29.8243,real,Pennsylvania
2023,Income tax withheld and FICA,128.962,real,Pennsylvania
2024,Business income taxes,18.4308,real,Pennsylvania
2024,"Estate, gift, excise and other",5.79336,real,Pennsylvania
2024,Income tax not withheld and SECA,30.4824,real,Pennsylvania
2024,Income tax withheld and FICA,129.321,real,Pennsylvania
2025,Business income taxes,15.2806,real,Pennsylvania
2025,"Estate, gift, excise and other",7.98867,real,Pennsylvania
2025,Income tax not withheld and SECA,34.3069,real,Pennsylvania
2025,Income tax withheld and FICA,131.336,real,Pennsylvania
1998,Business income taxes,2.15749,real,Rhode Island
1998,"Estate, gift, excise and other",0.356812,real,Rhode Island
1998,Income tax not withheld and SECA,2.24642,real,Rhode Island
1998,Income tax withheld and FICA,7.44,real,Rhode Island
1999,Business income taxes,3.54424,real,Rhode Island
1999,"Estate, gift, excise and other",0.290616,real,Rhode Island
1999,Income tax not withheld and SECA,2.10179,real,Rhode Island
1999,Income tax withheld and FICA,7.86514,real,Rhode Island
2000,Business income taxes,3.6689600000000002,real,Rhode Island
2000,"Estate, gift, excise and other",0.321393,real,Rhode Island
2000,Income tax not withheld and SECA,2.35345,real,Rhode Island
2000,Income tax withheld and FICA,8.27042,real,Rhode Island
2001,Business income taxes,1.83656,real,Rhode Island
2001,"Estate, gift, excise and other",0.277353,real,Rhode Island
2001,Income tax not withheld and SECA,2.60618,real,Rhode Island
2001,Income tax withheld and FICA,8.58537,real,Rhode Island
2002,Business income taxes,2.86116,real,Rhode Island
2002,"Estate, gift, excise and other",0.200238,real,Rhode Island
2002,Income tax not withheld and SECA,1.92653,real,Rhode Island
2002,Income tax withheld and FICA,8.52467,real,Rhode Island
2003,Business income taxes,2.50627,real,Rhode Island
2003,"Estate, gift, excise and other",0.192351,real,Rhode Island
2003,Income tax not withheld and SECA,1.72261,real,Rhode Island
2003,Income tax withheld and FICA,10.0451,real,Rhode Island
2004,Business income taxes,2.43363,real,Rhode Island
2004,"Estate, gift, excise and other",0.214407,real,Rhode Island
2004,Income tax not withheld and SECA,1.67642,real,Rhode Island
2004,Income tax withheld and FICA,9.6014,real,Rhode Island
2005,Business income taxes,2.64638,real,Rhode Island
2005,"Estate, gift, excise and other",0.295147,real,Rhode Island
2005,Income tax not withheld and SECA,1.96403,real,Rhode Island
2005,Income tax withheld and FICA,10.4541,real,Rhode Island
2006,Business income taxes,3.65063,real,Rhode Island
2006,"Estate, gift, excise and other",0.222211,real,Rhode Island
2006,Income tax not withheld and SECA,2.07833,real,Rhode Island
2006,Income tax withheld and FICA,9.96775,real,Rhode Island
2007,Business income taxes,4.87503,real,Rhode Island
2007,"Estate, gift, excise and other",0.182575,real,Rhode Island
2007,Income tax not withheld and SECA,2.22191,real,Rhode Island
2007,Income tax withheld and FICA,10.5649,real,Rhode Island
2008,Business income taxes,4.40543,real,Rhode Island
2008,"Estate, gift, excise and other",0.244745,real,Rhode Island
2008,Income tax not withheld and SECA,2.21575,real,Rhode Island
2008,Income tax withheld and FICA,10.1134,real,Rhode Island
2009,Business income taxes,3.96748,real,Rhode Island
2009,"Estate, gift, excise and other",0.265099,real,Rhode Island
2009,Income tax not withheld and SECA,1.44199,real,Rhode Island
2009,Income tax withheld and FICA,10.0923,real,Rhode Island
2010,Business income taxes,3.6975,real,Rhode Island
2010,"Estate, gift, excise and other",0.20277,real,Rhode Island
2010,Income tax not withheld and SECA,1.31306,real,Rhode Island
2010,Income tax withheld and FICA,9.85048,real,Rhode Island
2011,Business income taxes,3.10842,real,Rhode Island
2011,"Estate, gift, excise and other",0.208888,real,Rhode Island
2011,Income tax not withheld and SECA,1.48923,real,Rhode Island
2011,Income tax withheld and FICA,9.84536,real,Rhode Island
2012,Business income taxes,3.21141,real,Rhode Island
2012,"Estate, gift, excise and other",0.238906,real,Rhode Island
2012,Income tax not withheld and SECA,1.49121,real,Rhode Island
2012,Income tax withheld and FICA,10.2265,real,Rhode Island
2013,Business income taxes,4.43159,real,Rhode Island
2013,"Estate, gift, excise and other",0.405982,real,Rhode Island
2013,Income tax not withheld and SECA,1.69056,real,Rhode Island
2013,Income tax withheld and FICA,11.1073,real,Rhode Island
2014,Business income taxes,4.90559,real,Rhode Island
2014,"Estate, gift, excise and other",0.529183,real,Rhode Island
2014,Income tax not withheld and SECA,1.76581,real,Rhode Island
2014,Income tax withheld and FICA,11.293,real,Rhode Island
2015,Business income taxes,4.64622,real,Rhode Island
2015,"Estate, gift, excise and other",0.558782,real,Rhode Island
2015,Income tax not withheld and SECA,2.01533,real,Rhode Island
2015,Income tax withheld and FICA,11.7112,real,Rhode Island
2016,Business income taxes,4.524,real,Rhode Island
2016,"Estate, gift, excise and other",0.551637,real,Rhode Island
2016,Income tax not withheld and SECA,1.92416,real,Rhode Island
2016,Income tax withheld and FICA,12.0856,real,Rhode Island
2017,Business income taxes,4.44264,real,Rhode Island
2017,"Estate, gift, excise and other",0.448074,real,Rhode Island
2017,Income tax not withheld and SECA,1.87436,real,Rhode Island
2017,Income tax withheld and FICA,12.4099,real,Rhode Island
2018,Business income taxes,3.80373,real,Rhode Island
2018,"Estate, gift, excise and other",0.493652,real,Rhode Island
2018,Income tax not withheld and SECA,2.0601,real,Rhode Island
2018,Income tax withheld and FICA,12.1605,real,Rhode Island
2019,Business income taxes,2.97222,real,Rhode Island
2019,"Estate, gift, excise and other",0.425282,real,Rhode Island
2019,Income tax not withheld and SECA,2.01674,real,Rhode Island
2019,Income tax withheld and FICA,12.2752,real,Rhode Island
2020,Business income taxes,3.03262,real,Rhode Island
2020,"Estate, gift, excise and other",0.485696,real,Rhode Island
2020,Income tax not withheld and SECA,2.05165,real,Rhode Island
2020,Income tax withheld and FICA,11.214,real,Rhode Island
2021,Business income taxes,4.4896,real,Rhode Island
2021,"Estate, gift, excise and other",0.403452,real,Rhode Island
2021,Income tax not withheld and SECA,2.43916,real,Rhode Island
2021,Income tax withheld and FICA,12.1117,real,Rhode Island
2022,Business income taxes,3.88537,real,Rhode Island
2022,"Estate, gift, excise and other",0.328079,real,Rhode Island
2022,Income tax not withheld and SECA,2.98182,real,Rhode Island
2022,Income tax withheld and FICA,14.619,real,Rhode Island
2023,Business income taxes,3.04962,real,Rhode Island
2023,"Estate, gift, excise and other",0.369606,real,Rhode Island
2023,Income tax not withheld and SECA,2.3284,real,Rhode Island
2023,Income tax withheld and FICA,14.0877,real,Rhode Island
2024,Business income taxes,2.61086,real,Rhode Island
2024,"Estate, gift, excise and other",0.203429,real,Rhode Island
2024,Income tax not withheld and SECA,2.57649,real,Rhode Island
2024,Income tax withheld and FICA,14.0391,real,Rhode Island
2025,Business income taxes,0.675342,real,Rhode Island
2025,"Estate, gift, excise and other",0.356194,real,Rhode Island
2025,Income tax not withheld and SECA,2.81305,real,Rhode Island
2025,Income tax withheld and FICA,13.9099,real,Rhode Island
1998,Business income taxes,2.01143,real,South Carolina
1998,"Estate, gift, excise and other",0.771514,real,South Carolina
1998,Income tax not withheld and SECA,5.13907,real,South Carolina
1998,Income tax withheld and FICA,20.8803,real,South Carolina
1999,Business income taxes,1.79902,real,South Carolina
1999,"Estate, gift, excise and other",0.920924,real,South Carolina
1999,Income tax not withheld and SECA,5.45926,real,South Carolina
1999,Income tax withheld and FICA,22.9761,real,South Carolina
2000,Business income taxes,2.13312,real,South Carolina
2000,"Estate, gift, excise and other",0.689707,real,South Carolina
2000,Income tax not withheld and SECA,5.79255,real,South Carolina
2000,Income tax withheld and FICA,20.5067,real,South Carolina
2001,Business income taxes,1.72551,real,South Carolina
2001,"Estate, gift, excise and other",0.707273,real,South Carolina
2001,Income tax not withheld and SECA,5.53588,real,South Carolina
2001,Income tax withheld and FICA,20.2899,real,South Carolina
2002,Business income taxes,1.51329,real,South Carolina
2002,"Estate, gift, excise and other",0.71814,real,South Carolina
2002,Income tax not withheld and SECA,4.57526,real,South Carolina
2002,Income tax withheld and FICA,18.9976,real,South Carolina
2003,Business income taxes,1.20737,real,South Carolina
2003,"Estate, gift, excise and other",0.663361,real,South Carolina
2003,Income tax not withheld and SECA,4.22593,real,South Carolina
2003,Income tax withheld and FICA,18.9487,real,South Carolina
2004,Business income taxes,1.36851,real,South Carolina
2004,"Estate, gift, excise and other",0.667767,real,South Carolina
2004,Income tax not withheld and SECA,3.90499,real,South Carolina
2004,Income tax withheld and FICA,19.0868,real,South Carolina
2005,Business income taxes,1.35883,real,South Carolina
2005,"Estate, gift, excise and other",0.604096,real,South Carolina
2005,Income tax not withheld and SECA,4.92636,real,South Carolina
2005,Income tax withheld and FICA,19.9512,real,South Carolina
2006,Business income taxes,1.8043,real,South Carolina
2006,"Estate, gift, excise and other",1.14019,real,South Carolina
2006,Income tax not withheld and SECA,6.03823,real,South Carolina
2006,Income tax withheld and FICA,38.6707,real,South Carolina
2007,Business income taxes,1.86342,real,South Carolina
2007,"Estate, gift, excise and other",1.04206,real,South Carolina
2007,Income tax not withheld and SECA,6.69327,real,South Carolina
2007,Income tax withheld and FICA,20.9692,real,South Carolina
2008,Business income taxes,1.63383,real,South Carolina
2008,"Estate, gift, excise and other",0.711293,real,South Carolina
2008,Income tax not withheld and SECA,6.48058,real,South Carolina
2008,Income tax withheld and FICA,20.9321,real,South Carolina
2009,Business income taxes,1.35539,real,South Carolina
2009,"Estate, gift, excise and other",0.672454,real,South Carolina
2009,Income tax not withheld and SECA,4.27041,real,South Carolina
2009,Income tax withheld and FICA,19.4372,real,South Carolina
2010,Business income taxes,1.45109,real,South Carolina
2010,"Estate, gift, excise and other",0.649807,real,South Carolina
2010,Income tax not withheld and SECA,3.86009,real,South Carolina
2010,Income tax withheld and FICA,18.921,real,South Carolina
2011,Business income taxes,1.24344,real,South Carolina
2011,"Estate, gift, excise and other",0.453986,real,South Carolina
2011,Income tax not withheld and SECA,4.30758,real,South Carolina
2011,Income tax withheld and FICA,18.5341,real,South Carolina
2012,Business income taxes,1.67175,real,South Carolina
2012,"Estate, gift, excise and other",0.552589,real,South Carolina
2012,Income tax not withheld and SECA,4.34393,real,South Carolina
2012,Income tax withheld and FICA,19.0383,real,South Carolina
2013,Business income taxes,1.59236,real,South Carolina
2013,"Estate, gift, excise and other",0.684954,real,South Carolina
2013,Income tax not withheld and SECA,5.18789,real,South Carolina
2013,Income tax withheld and FICA,20.2473,real,South Carolina
2014,Business income taxes,2.0876,real,South Carolina
2014,"Estate, gift, excise and other",0.782297,real,South Carolina
2014,Income tax not withheld and SECA,5.63047,real,South Carolina
2014,Income tax withheld and FICA,21.1177,real,South Carolina
2015,Business income taxes,2.28077,real,South Carolina
2015,"Estate, gift, excise and other",0.855676,real,South Carolina
2015,Income tax not withheld and SECA,6.59443,real,South Carolina
2015,Income tax withheld and FICA,21.9939,real,South Carolina
2016,Business income taxes,2.23213,real,South Carolina
2016,"Estate, gift, excise and other",0.99208,real,South Carolina
2016,Income tax not withheld and SECA,6.90183,real,South Carolina
2016,Income tax withheld and FICA,23.1738,real,South Carolina
2017,Business income taxes,2.51096,real,South Carolina
2017,"Estate, gift, excise and other",0.778869,real,South Carolina
2017,Income tax not withheld and SECA,7.00451,real,South Carolina
2017,Income tax withheld and FICA,23.9438,real,South Carolina
2018,Business income taxes,1.76771,real,South Carolina
2018,"Estate, gift, excise and other",0.88536,real,South Carolina
2018,Income tax not withheld and SECA,7.60408,real,South Carolina
2018,Income tax withheld and FICA,25.6488,real,South Carolina
2019,Business income taxes,1.56662,real,South Carolina
2019,"Estate, gift, excise and other",0.942653,real,South Carolina
2019,Income tax not withheld and SECA,7.75881,real,South Carolina
2019,Income tax withheld and FICA,24.1645,real,South Carolina
2020,Business income taxes,1.19601,real,South Carolina
2020,"Estate, gift, excise and other",0.847568,real,South Carolina
2020,Income tax not withheld and SECA,8.16334,real,South Carolina
2020,Income tax withheld and FICA,23.3241,real,South Carolina
2021,Business income taxes,1.79714,real,South Carolina
2021,"Estate, gift, excise and other",0.864545,real,South Carolina
2021,Income tax not withheld and SECA,9.66023,real,South Carolina
2021,Income tax withheld and FICA,24.3575,real,South Carolina
2022,Business income taxes,2.28968,real,South Carolina
2022,"Estate, gift, excise and other",1.24375,real,South Carolina
2022,Income tax not withheld and SECA,13.2557,real,South Carolina
2022,Income tax withheld and FICA,25.9228,real,South Carolina
2023,Business income taxes,1.69589,real,South Carolina
2023,"Estate, gift, excise and other",0.799718,real,South Carolina
2023,Income tax not withheld and SECA,10.7879,real,South Carolina
2023,Income tax withheld and FICA,26.401,real,South Carolina
2024,Business income taxes,1.75085,real,South Carolina
2024,"Estate, gift, excise and other",0.893738,real,South Carolina
2024,Income tax not withheld and SECA,11.7451,real,South Carolina
2024,Income tax withheld and FICA,26.5321,real,South Carolina
2025,Business income taxes,3.0514,real,South Carolina
2025,"Estate, gift, excise and other",1.12657,real,South Carolina
2025,Income tax not withheld and SECA,13.2142,real,South Carolina
2025,Income tax withheld and FICA,27.1459,real,South Carolina
1998,Business income taxes,0.566753,real,South Dakota
1998,"Estate, gift, excise and other",0.106378,real,South Dakota
1998,Income tax not withheld and SECA,1.71534,real,South Dakota
1998,Income tax withheld and FICA,3.23054,real,South Dakota
1999,Business income taxes,0.707193,real,South Dakota
1999,"Estate, gift, excise and other",0.149874,real,South Dakota
1999,Income tax not withheld and SECA,1.83158,real,South Dakota
1999,Income tax withheld and FICA,3.58634,real,South Dakota
2000,Business income taxes,0.784431,real,South Dakota
2000,"Estate, gift, excise and other",0.168308,real,South Dakota
2000,Income tax not withheld and SECA,2.12545,real,South Dakota
2000,Income tax withheld and FICA,4.1968,real,South Dakota
2001,Business income taxes,0.412115,real,South Dakota
2001,"Estate, gift, excise and other",0.131537,real,South Dakota
2001,Income tax not withheld and SECA,1.99146,real,South Dakota
2001,Income tax withheld and FICA,4.29585,real,South Dakota
2002,Business income taxes,0.140308,real,South Dakota
2002,"Estate, gift, excise and other",0.104773,real,South Dakota
2002,Income tax not withheld and SECA,1.67925,real,South Dakota
2002,Income tax withheld and FICA,4.15531,real,South Dakota
2003,Business income taxes,0.187499,real,South Dakota
2003,"Estate, gift, excise and other",0.162385,real,South Dakota
2003,Income tax not withheld and SECA,1.4111,real,South Dakota
2003,Income tax withheld and FICA,3.87399,real,South Dakota
2004,Business income taxes,0.283711,real,South Dakota
2004,"Estate, gift, excise and other",0.1605,real,South Dakota
2004,Income tax not withheld and SECA,1.34308,real,South Dakota
2004,Income tax withheld and FICA,3.58079,real,South Dakota
2005,Business income taxes,0.216863,real,South Dakota
2005,"Estate, gift, excise and other",0.128456,real,South Dakota
2005,Income tax not withheld and SECA,1.96302,real,South Dakota
2005,Income tax withheld and FICA,3.77103,real,South Dakota
2006,Business income taxes,0.401202,real,South Dakota
2006,"Estate, gift, excise and other",0.198731,real,South Dakota
2006,Income tax not withheld and SECA,2.03897,real,South Dakota
2006,Income tax withheld and FICA,4.06548,real,South Dakota
2007,Business income taxes,0.330802,real,South Dakota
2007,"Estate, gift, excise and other",0.150477,real,South Dakota
2007,Income tax not withheld and SECA,2.58421,real,South Dakota
2007,Income tax withheld and FICA,4.04072,real,South Dakota
2008,Business income taxes,0.261434,real,South Dakota
2008,"Estate, gift, excise and other",0.154261,real,South Dakota
2008,Income tax not withheld and SECA,2.33039,real,South Dakota
2008,Income tax withheld and FICA,4.35122,real,South Dakota
2009,Business income taxes,0.247562,real,South Dakota
2009,"Estate, gift, excise and other",1.02352,real,South Dakota
2009,Income tax not withheld and SECA,1.64197,real,South Dakota
2009,Income tax withheld and FICA,4.15265,real,South Dakota
2010,Business income taxes,0.205433,real,South Dakota
2010,"Estate, gift, excise and other",0.373167,real,South Dakota
2010,Income tax not withheld and SECA,1.43002,real,South Dakota
2010,Income tax withheld and FICA,4.1614,real,South Dakota
2011,Business income taxes,0.266202,real,South Dakota
2011,"Estate, gift, excise and other",0.499297,real,South Dakota
2011,Income tax not withheld and SECA,1.58416,real,South Dakota
2011,Income tax withheld and FICA,4.14858,real,South Dakota
2012,Business income taxes,0.324405,real,South Dakota
2012,"Estate, gift, excise and other",0.666668,real,South Dakota
2012,Income tax not withheld and SECA,1.77789,real,South Dakota
2012,Income tax withheld and FICA,4.31843,real,South Dakota
2013,Business income taxes,0.324334,real,South Dakota
2013,"Estate, gift, excise and other",1.25003,real,South Dakota
2013,Income tax not withheld and SECA,2.32137,real,South Dakota
2013,Income tax withheld and FICA,4.66705,real,South Dakota
2014,Business income taxes,0.538892,real,South Dakota
2014,"Estate, gift, excise and other",1.15466,real,South Dakota
2014,Income tax not withheld and SECA,2.32146,real,South Dakota
2014,Income tax withheld and FICA,4.95164,real,South Dakota
2015,Business income taxes,0.728181,real,South Dakota
2015,"Estate, gift, excise and other",1.51215,real,South Dakota
2015,Income tax not withheld and SECA,2.74691,real,South Dakota
2015,Income tax withheld and FICA,5.19701,real,South Dakota
2016,Business income taxes,0.567866,real,South Dakota
2016,"Estate, gift, excise and other",1.73405,real,South Dakota
2016,Income tax not withheld and SECA,2.48887,real,South Dakota
2016,Income tax withheld and FICA,5.37376,real,South Dakota
2017,Business income taxes,0.691932,real,South Dakota
2017,"Estate, gift, excise and other",1.69449,real,South Dakota
2017,Income tax not withheld and SECA,2.19187,real,South Dakota
2017,Income tax withheld and FICA,5.5416,real,South Dakota
2018,Business income taxes,0.373348,real,South Dakota
2018,"Estate, gift, excise and other",2.15913,real,South Dakota
2018,Income tax not withheld and SECA,2.1607,real,South Dakota
2018,Income tax withheld and FICA,5.61914,real,South Dakota
2019,Business income taxes,0.231787,real,South Dakota
2019,"Estate, gift, excise and other",1.67549,real,South Dakota
2019,Income tax not withheld and SECA,2.21532,real,South Dakota
2019,Income tax withheld and FICA,5.79211,real,South Dakota
2020,Business income taxes,0.19663,real,South Dakota
2020,"Estate, gift, excise and other",2.08176,real,South Dakota
2020,Income tax not withheld and SECA,2.00242,real,South Dakota
2020,Income tax withheld and FICA,5.53621,real,South Dakota
2021,Business income taxes,0.359907,real,South Dakota
2021,"Estate, gift, excise and other",3.97989,real,South Dakota
2021,Income tax not withheld and SECA,2.69481,real,South Dakota
2021,Income tax withheld and FICA,6.55367,real,South Dakota
2022,Business income taxes,0.437636,real,South Dakota
2022,"Estate, gift, excise and other",4.58287,real,South Dakota
2022,Income tax not withheld and SECA,3.42235,real,South Dakota
2022,Income tax withheld and FICA,6.41901,real,South Dakota
2023,Business income taxes,0.398352,real,South Dakota
2023,"Estate, gift, excise and other",2.01371,real,South Dakota
2023,Income tax not withheld and SECA,2.92702,real,South Dakota
2023,Income tax withheld and FICA,6.27844,real,South Dakota
2024,Business income taxes,0.350335,real,South Dakota
2024,"Estate, gift, excise and other",3.14889,real,South Dakota
2024,Income tax not withheld and SECA,2.99831,real,South Dakota
2024,Income tax withheld and FICA,6.6073,real,South Dakota
2025,Business income taxes,0.411413,real,South Dakota
2025,"Estate, gift, excise and other",4.04795,real,South Dakota
2025,Income tax not withheld and SECA,3.24861,real,South Dakota
2025,Income tax withheld and FICA,6.69809,real,South Dakota
1998,Business income taxes,5.84076,real,Tennessee
1998,"Estate, gift, excise and other",1.74543,real,Tennessee
1998,Income tax not withheld and SECA,9.41999,real,Tennessee
1998,Income tax withheld and FICA,41.4551,real,Tennessee
1999,Business income taxes,6.69847,real,Tennessee
1999,"Estate, gift, excise and other",1.73862,real,Tennessee
1999,Income tax not withheld and SECA,9.43335,real,Tennessee
1999,Income tax withheld and FICA,43.5126,real,Tennessee
2000,Business income taxes,7.37928,real,Tennessee
2000,"Estate, gift, excise and other",2.067,real,Tennessee
2000,Income tax not withheld and SECA,9.61081,real,Tennessee
2000,Income tax withheld and FICA,45.9119,real,Tennessee
2001,Business income taxes,5.09283,real,Tennessee
2001,"Estate, gift, excise and other",1.67583,real,Tennessee
2001,Income tax not withheld and SECA,9.5207,real,Tennessee
2001,Income tax withheld and FICA,46.8506,real,Tennessee
2002,Business income taxes,5.03644,real,Tennessee
2002,"Estate, gift, excise and other",2.2812,real,Tennessee
2002,Income tax not withheld and SECA,7.91357,real,Tennessee
2002,Income tax withheld and FICA,45.7207,real,Tennessee
2003,Business income taxes,5.34679,real,Tennessee
2003,"Estate, gift, excise and other",1.54956,real,Tennessee
2003,Income tax not withheld and SECA,6.97619,real,Tennessee
2003,Income tax withheld and FICA,44.9888,real,Tennessee
2004,Business income taxes,5.36594,real,Tennessee
2004,"Estate, gift, excise and other",1.74532,real,Tennessee
2004,Income tax not withheld and SECA,6.93688,real,Tennessee
2004,Income tax withheld and FICA,45.9299,real,Tennessee
2005,Business income taxes,7.12495,real,Tennessee
2005,"Estate, gift, excise and other",2.00628,real,Tennessee
2005,Income tax not withheld and SECA,8.09714,real,Tennessee
2005,Income tax withheld and FICA,49.287,real,Tennessee
2006,Business income taxes,10.2072,real,Tennessee
2006,"Estate, gift, excise and other",2.02705,real,Tennessee
2006,Income tax not withheld and SECA,9.27412,real,Tennessee
2006,Income tax withheld and FICA,51.0829,real,Tennessee
2007,Business income taxes,8.25438,real,Tennessee
2007,"Estate, gift, excise and other",2.19723,real,Tennessee
2007,Income tax not withheld and SECA,10.5706,real,Tennessee
2007,Income tax withheld and FICA,50.1758,real,Tennessee
2008,Business income taxes,6.23024,real,Tennessee
2008,"Estate, gift, excise and other",2.03232,real,Tennessee
2008,Income tax not withheld and SECA,10.275,real,Tennessee
2008,Income tax withheld and FICA,53.3425,real,Tennessee
2009,Business income taxes,5.27716,real,Tennessee
2009,"Estate, gift, excise and other",1.80739,real,Tennessee
2009,Income tax not withheld and SECA,7.12141,real,Tennessee
2009,Income tax withheld and FICA,49.4556,real,Tennessee
2010,Business income taxes,6.50165,real,Tennessee
2010,"Estate, gift, excise and other",1.81111,real,Tennessee
2010,Income tax not withheld and SECA,6.41776,real,Tennessee
2010,Income tax withheld and FICA,49.13,real,Tennessee
2011,Business income taxes,4.70821,real,Tennessee
2011,"Estate, gift, excise and other",1.8424,real,Tennessee
2011,Income tax not withheld and SECA,7.09726,real,Tennessee
2011,Income tax withheld and FICA,49.8454,real,Tennessee
2012,Business income taxes,5.38702,real,Tennessee
2012,"Estate, gift, excise and other",2.12853,real,Tennessee
2012,Income tax not withheld and SECA,7.20985,real,Tennessee
2012,Income tax withheld and FICA,50.143,real,Tennessee
2013,Business income taxes,7.4708,real,Tennessee
2013,"Estate, gift, excise and other",2.39806,real,Tennessee
2013,Income tax not withheld and SECA,8.743,real,Tennessee
2013,Income tax withheld and FICA,54.4572,real,Tennessee
2014,Business income taxes,7.86337,real,Tennessee
2014,"Estate, gift, excise and other",2.65279,real,Tennessee
2014,Income tax not withheld and SECA,9.1174,real,Tennessee
2014,Income tax withheld and FICA,56.185,real,Tennessee
2015,Business income taxes,9.22551,real,Tennessee
2015,"Estate, gift, excise and other",2.71745,real,Tennessee
2015,Income tax not withheld and SECA,10.7601,real,Tennessee
2015,Income tax withheld and FICA,59.8926,real,Tennessee
2016,Business income taxes,9.06805,real,Tennessee
2016,"Estate, gift, excise and other",2.73329,real,Tennessee
2016,Income tax not withheld and SECA,10.8118,real,Tennessee
2016,Income tax withheld and FICA,62.3162,real,Tennessee
2017,Business income taxes,8.86192,real,Tennessee
2017,"Estate, gift, excise and other",2.51498,real,Tennessee
2017,Income tax not withheld and SECA,11.422,real,Tennessee
2017,Income tax withheld and FICA,65.9831,real,Tennessee
2018,Business income taxes,6.74711,real,Tennessee
2018,"Estate, gift, excise and other",3.22855,real,Tennessee
2018,Income tax not withheld and SECA,12.0036,real,Tennessee
2018,Income tax withheld and FICA,64.6503,real,Tennessee
2019,Business income taxes,5.78237,real,Tennessee
2019,"Estate, gift, excise and other",3.09102,real,Tennessee
2019,Income tax not withheld and SECA,12.3503,real,Tennessee
2019,Income tax withheld and FICA,64.9279,real,Tennessee
2020,Business income taxes,5.54098,real,Tennessee
2020,"Estate, gift, excise and other",3.06609,real,Tennessee
2020,Income tax not withheld and SECA,12.0296,real,Tennessee
2020,Income tax withheld and FICA,61.2224,real,Tennessee
2021,Business income taxes,10.4616,real,Tennessee
2021,"Estate, gift, excise and other",3.187,real,Tennessee
2021,Income tax not withheld and SECA,15.8048,real,Tennessee
2021,Income tax withheld and FICA,67.6537,real,Tennessee
2022,Business income taxes,8.80585,real,Tennessee
2022,"Estate, gift, excise and other",4.08407,real,Tennessee
2022,Income tax not withheld and SECA,19.9565,real,Tennessee
2022,Income tax withheld and FICA,72.1828,real,Tennessee
2023,Business income taxes,8.18045,real,Tennessee
2023,"Estate, gift, excise and other",3.85029,real,Tennessee
2023,Income tax not withheld and SECA,17.243,real,Tennessee
2023,Income tax withheld and FICA,71.2847,real,Tennessee
2024,Business income taxes,8.7037,real,Tennessee
2024,"Estate, gift, excise and other",3.92871,real,Tennessee
2024,Income tax not withheld and SECA,19.937,real,Tennessee
2024,Income tax withheld and FICA,71.0032,real,Tennessee
2025,Business income taxes,4.33093,real,Tennessee
2025,"Estate, gift, excise and other",3.6553,real,Tennessee
2025,Income tax not withheld and SECA,14.7507,real,Tennessee
2025,Income tax withheld and FICA,71.5894,real,Tennessee
1998,Business income taxes,26.5751,real,Texas
1998,"Estate, gift, excise and other",25.4339,real,Texas
1998,Income tax not withheld and SECA,40.2428,real,Texas
1998,Income tax withheld and FICA,131.594,real,Texas
1999,Business income taxes,23.6594,real,Texas
1999,"Estate, gift, excise and other",33.677,real,Texas
1999,Income tax not withheld and SECA,42.7389,real,Texas
1999,Income tax withheld and FICA,144.956,real,Texas
2000,Business income taxes,35.946,real,Texas
2000,"Estate, gift, excise and other",29.93,real,Texas
2000,Income tax not withheld and SECA,45.756100000000004,real,Texas
2000,Income tax withheld and FICA,158.411,real,Texas
2001,Business income taxes,30.4243,real,Texas
2001,"Estate, gift, excise and other",28.4578,real,Texas
2001,Income tax not withheld and SECA,50.0491,real,Texas
2001,Income tax withheld and FICA,169.719,real,Texas
2002,Business income taxes,23.3132,real,Texas
2002,"Estate, gift, excise and other",27.2654,real,Texas
2002,Income tax not withheld and SECA,38.8155,real,Texas
2002,Income tax withheld and FICA,159.757,real,Texas
2003,Business income taxes,19.181,real,Texas
2003,"Estate, gift, excise and other",25.0478,real,Texas
2003,Income tax not withheld and SECA,32.9893,real,Texas
2003,Income tax withheld and FICA,159.783,real,Texas
2004,Business income taxes,27.9135,real,Texas
2004,"Estate, gift, excise and other",29.889,real,Texas
2004,Income tax not withheld and SECA,33.0715,real,Texas
2004,Income tax withheld and FICA,157.973,real,Texas
2005,Business income taxes,46.1561,real,Texas
2005,"Estate, gift, excise and other",23.5953,real,Texas
2005,Income tax not withheld and SECA,40.2141,real,Texas
2005,Income tax withheld and FICA,157.916,real,Texas
2006,Business income taxes,56.6797,real,Texas
2006,"Estate, gift, excise and other",35.8937,real,Texas
2006,Income tax not withheld and SECA,48.9303,real,Texas
2006,Income tax withheld and FICA,172.091,real,Texas
2007,Business income taxes,62.3654,real,Texas
2007,"Estate, gift, excise and other",35.5582,real,Texas
2007,Income tax not withheld and SECA,57.765,real,Texas
2007,Income tax withheld and FICA,180.405,real,Texas
2008,Business income taxes,58.3649,real,Texas
2008,"Estate, gift, excise and other",26.9645,real,Texas
2008,Income tax not withheld and SECA,60.687,real,Texas
2008,Income tax withheld and FICA,198.108,real,Texas
2009,Business income taxes,35.0266,real,Texas
2009,"Estate, gift, excise and other",29.7782,real,Texas
2009,Income tax not withheld and SECA,45.7963,real,Texas
2009,Income tax withheld and FICA,179.208,real,Texas
2010,Business income taxes,35.8182,real,Texas
2010,"Estate, gift, excise and other",27.3508,real,Texas
2010,Income tax not withheld and SECA,37.9503,real,Texas
2010,Income tax withheld and FICA,169.964,real,Texas
2011,Business income taxes,30.7436,real,Texas
2011,"Estate, gift, excise and other",27.1314,real,Texas
2011,Income tax not withheld and SECA,45.2612,real,Texas
2011,Income tax withheld and FICA,175.478,real,Texas
2012,Business income taxes,38.6148,real,Texas
2012,"Estate, gift, excise and other",31.2994,real,Texas
2012,Income tax not withheld and SECA,50.6495,real,Texas
2012,Income tax withheld and FICA,182.264,real,Texas
2013,Business income taxes,45.9934,real,Texas
2013,"Estate, gift, excise and other",33.7694,real,Texas
2013,Income tax not withheld and SECA,59.8218,real,Texas
2013,Income tax withheld and FICA,199.149,real,Texas
2014,Business income taxes,43.3918,real,Texas
2014,"Estate, gift, excise and other",34.7609,real,Texas
2014,Income tax not withheld and SECA,64.7601,real,Texas
2014,Income tax withheld and FICA,210.416,real,Texas
2015,Business income taxes,42.2587,real,Texas
2015,"Estate, gift, excise and other",35.1334,real,Texas
2015,Income tax not withheld and SECA,72.7985,real,Texas
2015,Income tax withheld and FICA,218.481,real,Texas
2016,Business income taxes,24.8528,real,Texas
2016,"Estate, gift, excise and other",36.4074,real,Texas
2016,Income tax not withheld and SECA,64.446,real,Texas
2016,Income tax withheld and FICA,215.471,real,Texas
2017,Business income taxes,29.4867,real,Texas
2017,"Estate, gift, excise and other",35.448,real,Texas
2017,Income tax not withheld and SECA,60.7427,real,Texas
2017,Income tax withheld and FICA,222.61,real,Texas
2018,Business income taxes,19.8141,real,Texas
2018,"Estate, gift, excise and other",37.5273,real,Texas
2018,Income tax not withheld and SECA,70.9679,real,Texas
2018,Income tax withheld and FICA,223.862,real,Texas
2019,Business income taxes,22.8071,real,Texas
2019,"Estate, gift, excise and other",37.3333,real,Texas
2019,Income tax not withheld and SECA,69.5374,real,Texas
2019,Income tax withheld and FICA,231.293,real,Texas
2020,Business income taxes,17.6876,real,Texas
2020,"Estate, gift, excise and other",28.3719,real,Texas
2020,Income tax not withheld and SECA,64.438,real,Texas
2020,Income tax withheld and FICA,225.352,real,Texas
2021,Business income taxes,32.0033,real,Texas
2021,"Estate, gift, excise and other",29.9451,real,Texas
2021,Income tax not withheld and SECA,75.3648,real,Texas
2021,Income tax withheld and FICA,230.626,real,Texas
2022,Business income taxes,40.0736,real,Texas
2022,"Estate, gift, excise and other",37.6516,real,Texas
2022,Income tax not withheld and SECA,103.94,real,Texas
2022,Income tax withheld and FICA,259.72,real,Texas
2023,Business income taxes,35.352,real,Texas
2023,"Estate, gift, excise and other",45.5268,real,Texas
2023,Income tax not withheld and SECA,94.7075,real,Texas
2023,Income tax withheld and FICA,259.013,real,Texas
2024,Business income taxes,31.5075,real,Texas
2024,"Estate, gift, excise and other",34.9135,real,Texas
2024,Income tax not withheld and SECA,88.7367,real,Texas
2024,Income tax withheld and FICA,273.213,real,Texas
2025,Business income taxes,37.0486,real,Texas
2025,"Estate, gift, excise and other",40.8226,real,Texas
2025,Income tax not withheld and SECA,103.036,real,Texas
2025,Income tax withheld and FICA,298.612,real,Texas
1998,Business income taxes,390.169,real,United States
1998,"Estate, gift, excise and other",149.127,real,United States
1998,Income tax not withheld and SECA,574.757,real,United States
1998,Income tax withheld and FICA,2123.01,real,United States
1999,Business income taxes,390.755,real,United States
1999,"Estate, gift, excise and other",177.31,real,United States
1999,Income tax not withheld and SECA,614.814,real,United States
1999,Income tax withheld and FICA,2256.65,real,United States
2000,Business income taxes,417.064,real,United States
2000,"Estate, gift, excise and other",170.399,real,United States
2000,Income tax not withheld and SECA,692.269,real,United States
2000,Income tax withheld and FICA,2431.41,real,United States
2001,Business income taxes,322.828,real,United States
2001,"Estate, gift, excise and other",161.531,real,United States
2001,Income tax not withheld and SECA,725.087,real,United States
2001,Income tax withheld and FICA,2470.95,real,United States
2002,Business income taxes,359.737,real,United States
2002,"Estate, gift, excise and other",154.301,real,United States
2002,Income tax not withheld and SECA,551.282,real,United States
2002,Income tax withheld and FICA,2365.74,real,United States
2003,Business income taxes,324.183,real,United States
2003,"Estate, gift, excise and other",144.59,real,United States
2003,Income tax not withheld and SECA,483.519,real,United States
2003,Income tax withheld and FICA,2308.69,real,United States
2004,Business income taxes,375.849,real,United States
2004,"Estate, gift, excise and other",149.163,real,United States
2004,Income tax not withheld and SECA,463.575,real,United States
2004,Income tax withheld and FICA,2301.04,real,United States
2005,Business income taxes,485.646,real,United States
2005,"Estate, gift, excise and other",149.197,real,United States
2005,Income tax not withheld and SECA,575.54,real,United States
2005,Income tax withheld and FICA,2377.69,real,United States
2006,Business income taxes,583.461,real,United States
2006,"Estate, gift, excise and other",151.46,real,United States
2006,Income tax not withheld and SECA,662.184,real,United States
2006,Income tax withheld and FICA,2460.75,real,United States
2007,Business income taxes,589.485,real,United States
2007,"Estate, gift, excise and other",137.429,real,United States
2007,Income tax not withheld and SECA,723.416,real,United States
2007,Income tax withheld and FICA,2559.32,real,United States
2008,Business income taxes,516.987,real,United States
2008,"Estate, gift, excise and other",136.965,real,United States
2008,Income tax not withheld and SECA,738.907,real,United States
2008,Income tax withheld and FICA,2611.17,real,United States
2009,Business income taxes,325.884,real,United States
2009,"Estate, gift, excise and other",141.269,real,United States
2009,Income tax not withheld and SECA,503.8,real,United States
2009,Income tax withheld and FICA,2418.71,real,United States
2010,Business income taxes,398.346,real,United States
2010,"Estate, gift, excise and other",129.612,real,United States
2010,Income tax not withheld and SECA,451.983,real,United States
2010,Income tax withheld and FICA,2381.05,real,United States
2011,Business income taxes,341.212,real,United States
2011,"Estate, gift, excise and other",119.463,real,United States
2011,Income tax not withheld and SECA,512.586,real,United States
2011,Income tax withheld and FICA,2419.85,real,United States
2012,Business income taxes,388.382,real,United States
2012,"Estate, gift, excise and other",136.596,real,United States
2012,Income tax not withheld and SECA,520.434,real,United States
2012,Income tax withheld and FICA,2437.84,real,United States
2013,Business income taxes,422.88,real,United States
2013,"Estate, gift, excise and other",161.248,real,United States
2013,Income tax not withheld and SECA,637.521,real,United States
2013,Income tax withheld and FICA,2648.13,real,United States
2014,Business income taxes,470.253,real,United States
2014,"Estate, gift, excise and other",180.155,real,United States
2014,Income tax not withheld and SECA,676.632,real,United States
2014,Income tax withheld and FICA,2753.47,real,United States
2015,Business income taxes,513.535,real,United States
2015,"Estate, gift, excise and other",192.604,real,United States
2015,Income tax not withheld and SECA,767.823,real,United States
2015,Income tax withheld and FICA,2876.1,real,United States
2016,Business income taxes,451.481,real,United States
2016,"Estate, gift, excise and other",185.853,real,United States
2016,Income tax not withheld and SECA,754.831,real,United States
2016,Income tax withheld and FICA,2963.15,real,United States
2017,Business income taxes,435.148,real,United States
2017,"Estate, gift, excise and other",167.81,real,United States
2017,Income tax not withheld and SECA,731.205,real,United States
2017,Income tax withheld and FICA,3057.7,real,United States
2018,Business income taxes,330.408,real,United States
2018,"Estate, gift, excise and other",190.103,real,United States
2018,Income tax not withheld and SECA,815.711,real,United States
2018,Income tax withheld and FICA,3021.74,real,United States
2019,Business income taxes,342.113,real,United States
2019,"Estate, gift, excise and other",185.773,real,United States
2019,Income tax not withheld and SECA,811.255,real,United States
2019,Income tax withheld and FICA,3062.43,real,United States
2020,Business income taxes,321.314,real,United States
2020,"Estate, gift, excise and other",165.116,real,United States
2020,Income tax not withheld and SECA,777.383,real,United States
2020,Income tax withheld and FICA,2994.65,real,United States
2021,Business income taxes,494.02,real,United States
2021,"Estate, gift, excise and other",179.118,real,United States
2021,Income tax not withheld and SECA,983.704,real,United States
2021,Income tax withheld and FICA,3190.78,real,United States
2022,Business income taxes,523.97,real,United States
2022,"Estate, gift, excise and other",222.846,real,United States
2022,Income tax not withheld and SECA,1248.62,real,United States
2022,Income tax withheld and FICA,3401.51,real,United States
2023,Business income taxes,480.826,real,United States
2023,"Estate, gift, excise and other",186.356,real,United States
2023,Income tax not withheld and SECA,905.705,real,United States
2023,Income tax withheld and FICA,3366.83,real,United States
2024,Business income taxes,579.889,real,United States
2024,"Estate, gift, excise and other",189.533,real,United States
2024,Income tax not withheld and SECA,1025.97,real,United States
2024,Income tax withheld and FICA,3438.71,real,United States
2025,Business income taxes,486.384,real,United States
2025,"Estate, gift, excise and other",212.337,real,United States
2025,Income tax not withheld and SECA,1078.15,real,United States
2025,Income tax withheld and FICA,3536.89,real,United States
1998,Business income taxes,1.38822,real,Utah
1998,"Estate, gift, excise and other",0.504889,real,Utah
1998,Income tax not withheld and SECA,3.47693,real,Utah
1998,Income tax withheld and FICA,11.4777,real,Utah
1999,Business income taxes,1.66161,real,Utah
1999,"Estate, gift, excise and other",0.791537,real,Utah
1999,Income tax not withheld and SECA,3.28714,real,Utah
1999,Income tax withheld and FICA,12.4842,real,Utah
2000,Business income taxes,1.25641,real,Utah
2000,"Estate, gift, excise and other",1.09933,real,Utah
2000,Income tax not withheld and SECA,3.54664,real,Utah
2000,Income tax withheld and FICA,11.8359,real,Utah
2001,Business income taxes,0.715599,real,Utah
2001,"Estate, gift, excise and other",0.63041,real,Utah
2001,Income tax not withheld and SECA,3.41029,real,Utah
2001,Income tax withheld and FICA,12.0553,real,Utah
2002,Business income taxes,0.9765,real,Utah
2002,"Estate, gift, excise and other",0.612421,real,Utah
2002,Income tax not withheld and SECA,2.80046,real,Utah
2002,Income tax withheld and FICA,11.1237,real,Utah
2003,Business income taxes,1.15929,real,Utah
2003,"Estate, gift, excise and other",0.520072,real,Utah
2003,Income tax not withheld and SECA,2.58173,real,Utah
2003,Income tax withheld and FICA,11.2772,real,Utah
2004,Business income taxes,1.05736,real,Utah
2004,"Estate, gift, excise and other",0.513987,real,Utah
2004,Income tax not withheld and SECA,2.59009,real,Utah
2004,Income tax withheld and FICA,11.4736,real,Utah
2005,Business income taxes,1.23046,real,Utah
2005,"Estate, gift, excise and other",2.28112,real,Utah
2005,Income tax not withheld and SECA,3.13285,real,Utah
2005,Income tax withheld and FICA,11.7767,real,Utah
2006,Business income taxes,1.75159,real,Utah
2006,"Estate, gift, excise and other",1.21937,real,Utah
2006,Income tax not withheld and SECA,4.404,real,Utah
2006,Income tax withheld and FICA,12.9061,real,Utah
2007,Business income taxes,1.86077,real,Utah
2007,"Estate, gift, excise and other",1.53168,real,Utah
2007,Income tax not withheld and SECA,4.87611,real,Utah
2007,Income tax withheld and FICA,14.1938,real,Utah
2008,Business income taxes,2.91678,real,Utah
2008,"Estate, gift, excise and other",1.45683,real,Utah
2008,Income tax not withheld and SECA,4.8938,real,Utah
2008,Income tax withheld and FICA,15.7377,real,Utah
2009,Business income taxes,0.991611,real,Utah
2009,"Estate, gift, excise and other",1.12522,real,Utah
2009,Income tax not withheld and SECA,3.29551,real,Utah
2009,Income tax withheld and FICA,15.213,real,Utah
2010,Business income taxes,1.3161,real,Utah
2010,"Estate, gift, excise and other",0.689362,real,Utah
2010,Income tax not withheld and SECA,2.92461,real,Utah
2010,Income tax withheld and FICA,14.4587,real,Utah
2011,Business income taxes,2.25212,real,Utah
2011,"Estate, gift, excise and other",0.824838,real,Utah
2011,Income tax not withheld and SECA,2.98974,real,Utah
2011,Income tax withheld and FICA,14.5887,real,Utah
2012,Business income taxes,2.49691,real,Utah
2012,"Estate, gift, excise and other",0.962101,real,Utah
2012,Income tax not withheld and SECA,3.14265,real,Utah
2012,Income tax withheld and FICA,14.9825,real,Utah
2013,Business income taxes,2.06874,real,Utah
2013,"Estate, gift, excise and other",1.09268,real,Utah
2013,Income tax not withheld and SECA,4.24839,real,Utah
2013,Income tax withheld and FICA,16.5237,real,Utah
2014,Business income taxes,2.07446,real,Utah
2014,"Estate, gift, excise and other",1.10267,real,Utah
2014,Income tax not withheld and SECA,4.37341,real,Utah
2014,Income tax withheld and FICA,16.937,real,Utah
2015,Business income taxes,1.72864,real,Utah
2015,"Estate, gift, excise and other",1.32409,real,Utah
2015,Income tax not withheld and SECA,5.21765,real,Utah
2015,Income tax withheld and FICA,18.3077,real,Utah
2016,Business income taxes,1.63656,real,Utah
2016,"Estate, gift, excise and other",1.15773,real,Utah
2016,Income tax not withheld and SECA,5.34186,real,Utah
2016,Income tax withheld and FICA,19.4707,real,Utah
2017,Business income taxes,1.67461,real,Utah
2017,"Estate, gift, excise and other",1.18154,real,Utah
2017,Income tax not withheld and SECA,5.70686,real,Utah
2017,Income tax withheld and FICA,20.3402,real,Utah
2018,Business income taxes,1.24847,real,Utah
2018,"Estate, gift, excise and other",1.23756,real,Utah
2018,Income tax not withheld and SECA,6.10017,real,Utah
2018,Income tax withheld and FICA,20.842,real,Utah
2019,Business income taxes,1.09963,real,Utah
2019,"Estate, gift, excise and other",1.16129,real,Utah
2019,Income tax not withheld and SECA,6.04125,real,Utah
2019,Income tax withheld and FICA,21.7469,real,Utah
2020,Business income taxes,1.34157,real,Utah
2020,"Estate, gift, excise and other",1.00681,real,Utah
2020,Income tax not withheld and SECA,6.75256,real,Utah
2020,Income tax withheld and FICA,21.5451,real,Utah
2021,Business income taxes,1.87115,real,Utah
2021,"Estate, gift, excise and other",1.17968,real,Utah
2021,Income tax not withheld and SECA,9.01693,real,Utah
2021,Income tax withheld and FICA,25.1149,real,Utah
2022,Business income taxes,1.80956,real,Utah
2022,"Estate, gift, excise and other",1.35224,real,Utah
2022,Income tax not withheld and SECA,12.0156,real,Utah
2022,Income tax withheld and FICA,26.7392,real,Utah
2023,Business income taxes,2.0471,real,Utah
2023,"Estate, gift, excise and other",0.877931,real,Utah
2023,Income tax not withheld and SECA,8.83938,real,Utah
2023,Income tax withheld and FICA,27.1614,real,Utah
2024,Business income taxes,1.92358,real,Utah
2024,"Estate, gift, excise and other",0.774208,real,Utah
2024,Income tax not withheld and SECA,8.87533,real,Utah
2024,Income tax withheld and FICA,27.7257,real,Utah
2025,Business income taxes,2.49192,real,Utah
2025,"Estate, gift, excise and other",1.20929,real,Utah
2025,Income tax not withheld and SECA,10.2366,real,Utah
2025,Income tax withheld and FICA,29.0746,real,Utah
1998,Business income taxes,0.41586,real,Vermont
1998,"Estate, gift, excise and other",0.14132,real,Vermont
1998,Income tax not withheld and SECA,1.11337,real,Vermont
1998,Income tax withheld and FICA,3.11256,real,Vermont
1999,Business income taxes,0.517119,real,Vermont
1999,"Estate, gift, excise and other",0.235129,real,Vermont
1999,Income tax not withheld and SECA,1.16513,real,Vermont
1999,Income tax withheld and FICA,3.3293,real,Vermont
2000,Business income taxes,1.08346,real,Vermont
2000,"Estate, gift, excise and other",0.222005,real,Vermont
2000,Income tax not withheld and SECA,1.28774,real,Vermont
2000,Income tax withheld and FICA,3.54306,real,Vermont
2001,Business income taxes,0.412925,real,Vermont
2001,"Estate, gift, excise and other",0.148163,real,Vermont
2001,Income tax not withheld and SECA,1.35564,real,Vermont
2001,Income tax withheld and FICA,3.92807,real,Vermont
2002,Business income taxes,0.28678,real,Vermont
2002,"Estate, gift, excise and other",0.187897,real,Vermont
2002,Income tax not withheld and SECA,1.06681,real,Vermont
2002,Income tax withheld and FICA,3.57484,real,Vermont
2003,Business income taxes,0.327501,real,Vermont
2003,"Estate, gift, excise and other",0.176693,real,Vermont
2003,Income tax not withheld and SECA,0.951117,real,Vermont
2003,Income tax withheld and FICA,3.61303,real,Vermont
2004,Business income taxes,0.368691,real,Vermont
2004,"Estate, gift, excise and other",0.162339,real,Vermont
2004,Income tax not withheld and SECA,0.879858,real,Vermont
2004,Income tax withheld and FICA,3.60763,real,Vermont
2005,Business income taxes,0.3718,real,Vermont
2005,"Estate, gift, excise and other",0.143833,real,Vermont
2005,Income tax not withheld and SECA,1.02211,real,Vermont
2005,Income tax withheld and FICA,3.69893,real,Vermont
2006,Business income taxes,0.296695,real,Vermont
2006,"Estate, gift, excise and other",0.140851,real,Vermont
2006,Income tax not withheld and SECA,1.17372,real,Vermont
2006,Income tax withheld and FICA,3.91146,real,Vermont
2007,Business income taxes,0.263677,real,Vermont
2007,"Estate, gift, excise and other",0.155843,real,Vermont
2007,Income tax not withheld and SECA,1.31148,real,Vermont
2007,Income tax withheld and FICA,3.94452,real,Vermont
2008,Business income taxes,0.295583,real,Vermont
2008,"Estate, gift, excise and other",0.111608,real,Vermont
2008,Income tax not withheld and SECA,1.34162,real,Vermont
2008,Income tax withheld and FICA,3.68548,real,Vermont
2009,Business income taxes,0.302608,real,Vermont
2009,"Estate, gift, excise and other",0.17328,real,Vermont
2009,Income tax not withheld and SECA,0.909132,real,Vermont
2009,Income tax withheld and FICA,3.48069,real,Vermont
2010,Business income taxes,0.288476,real,Vermont
2010,"Estate, gift, excise and other",0.0882391,real,Vermont
2010,Income tax not withheld and SECA,0.780479,real,Vermont
2010,Income tax withheld and FICA,3.44135,real,Vermont
2011,Business income taxes,0.281979,real,Vermont
2011,"Estate, gift, excise and other",0.0762671,real,Vermont
2011,Income tax not withheld and SECA,0.84957800000000006,real,Vermont
2011,Income tax withheld and FICA,3.47566,real,Vermont
2012,Business income taxes,0.352703,real,Vermont
2012,"Estate, gift, excise and other",0.0835805,real,Vermont
2012,Income tax not withheld and SECA,0.935833,real,Vermont
2012,Income tax withheld and FICA,3.49179,real,Vermont
2013,Business income taxes,0.43433,real,Vermont
2013,"Estate, gift, excise and other",0.211454,real,Vermont
2013,Income tax not withheld and SECA,1.0225,real,Vermont
2013,Income tax withheld and FICA,3.8155,real,Vermont
2014,Business income taxes,0.468732,real,Vermont
2014,"Estate, gift, excise and other",0.139896,real,Vermont
2014,Income tax not withheld and SECA,1.09492,real,Vermont
2014,Income tax withheld and FICA,4.05523,real,Vermont
2015,Business income taxes,0.473105,real,Vermont
2015,"Estate, gift, excise and other",0.116853,real,Vermont
2015,Income tax not withheld and SECA,1.23363,real,Vermont
2015,Income tax withheld and FICA,4.0973,real,Vermont
2016,Business income taxes,0.26131,real,Vermont
2016,"Estate, gift, excise and other",0.154459,real,Vermont
2016,Income tax not withheld and SECA,1.15506,real,Vermont
2016,Income tax withheld and FICA,4.25749,real,Vermont
2017,Business income taxes,0.311687,real,Vermont
2017,"Estate, gift, excise and other",0.0788044,real,Vermont
2017,Income tax not withheld and SECA,1.09835,real,Vermont
2017,Income tax withheld and FICA,4.19644,real,Vermont
2018,Business income taxes,0.102599,real,Vermont
2018,"Estate, gift, excise and other",0.128655,real,Vermont
2018,Income tax not withheld and SECA,1.28684,real,Vermont
2018,Income tax withheld and FICA,4.03712,real,Vermont
2019,Business income taxes,0.181026,real,Vermont
2019,"Estate, gift, excise and other",0.112059,real,Vermont
2019,Income tax not withheld and SECA,1.2455,real,Vermont
2019,Income tax withheld and FICA,4.02434,real,Vermont
2020,Business income taxes,0.148375,real,Vermont
2020,"Estate, gift, excise and other",0.154669,real,Vermont
2020,Income tax not withheld and SECA,1.21478,real,Vermont
2020,Income tax withheld and FICA,3.93849,real,Vermont
2021,Business income taxes,0.236969,real,Vermont
2021,"Estate, gift, excise and other",0.151173,real,Vermont
2021,Income tax not withheld and SECA,1.38464,real,Vermont
2021,Income tax withheld and FICA,4.12456,real,Vermont
2022,Business income taxes,0.209051,real,Vermont
2022,"Estate, gift, excise and other",0.167507,real,Vermont
2022,Income tax not withheld and SECA,1.82983,real,Vermont
2022,Income tax withheld and FICA,4.18346,real,Vermont
2023,Business income taxes,0.356234,real,Vermont
2023,"Estate, gift, excise and other",0.116615,real,Vermont
2023,Income tax not withheld and SECA,1.46195,real,Vermont
2023,Income tax withheld and FICA,4.02183,real,Vermont
2024,Business income taxes,0.420621,real,Vermont
2024,"Estate, gift, excise and other",0.113183,real,Vermont
2024,Income tax not withheld and SECA,1.59298,real,Vermont
2024,Income tax withheld and FICA,4.0803,real,Vermont
2025,Business income taxes,0.307676,real,Vermont
2025,"Estate, gift, excise and other",0.172483,real,Vermont
2025,Income tax not withheld and SECA,1.85885,real,Vermont
2025,Income tax withheld and FICA,4.11256,real,Vermont
1998,Business income taxes,8.78073,real,Virginia
1998,"Estate, gift, excise and other",4.56683,real,Virginia
1998,Income tax not withheld and SECA,12.1658,real,Virginia
1998,Income tax withheld and FICA,47.4784,real,Virginia
1999,Business income taxes,9.17367,real,Virginia
1999,"Estate, gift, excise and other",5.20394,real,Virginia
1999,Income tax not withheld and SECA,14.0106,real,Virginia
1999,Income tax withheld and FICA,57.3152,real,Virginia
2000,Business income taxes,9.23632,real,Virginia
2000,"Estate, gift, excise and other",3.67904,real,Virginia
2000,Income tax not withheld and SECA,15.8038,real,Virginia
2000,Income tax withheld and FICA,59.9332,real,Virginia
2001,Business income taxes,6.95799,real,Virginia
2001,"Estate, gift, excise and other",4.60521,real,Virginia
2001,Income tax not withheld and SECA,15.9327,real,Virginia
2001,Income tax withheld and FICA,61.3252,real,Virginia
2002,Business income taxes,11.7389,real,Virginia
2002,"Estate, gift, excise and other",4.59975,real,Virginia
2002,Income tax not withheld and SECA,12.8888,real,Virginia
2002,Income tax withheld and FICA,55.2613,real,Virginia
2003,Business income taxes,12.1056,real,Virginia
2003,"Estate, gift, excise and other",2.22498,real,Virginia
2003,Income tax not withheld and SECA,12.3832,real,Virginia
2003,Income tax withheld and FICA,51.9247,real,Virginia
2004,Business income taxes,7.9785,real,Virginia
2004,"Estate, gift, excise and other",2.34891,real,Virginia
2004,Income tax not withheld and SECA,11.9973,real,Virginia
2004,Income tax withheld and FICA,54.3,real,Virginia
2005,Business income taxes,10.1003,real,Virginia
2005,"Estate, gift, excise and other",4.37484,real,Virginia
2005,Income tax not withheld and SECA,14.8902,real,Virginia
2005,Income tax withheld and FICA,56.7121,real,Virginia
2006,Business income taxes,13.5829,real,Virginia
2006,"Estate, gift, excise and other",4.25523,real,Virginia
2006,Income tax not withheld and SECA,16.8833,real,Virginia
2006,Income tax withheld and FICA,59.1826,real,Virginia
2007,Business income taxes,11.957,real,Virginia
2007,"Estate, gift, excise and other",2.1648,real,Virginia
2007,Income tax not withheld and SECA,17.508,real,Virginia
2007,Income tax withheld and FICA,60.8071,real,Virginia
2008,Business income taxes,16.9831,real,Virginia
2008,"Estate, gift, excise and other",2.49756,real,Virginia
2008,Income tax not withheld and SECA,17.3717,real,Virginia
2008,Income tax withheld and FICA,60.7818,real,Virginia
2009,Business income taxes,10.4492,real,Virginia
2009,"Estate, gift, excise and other",2.37318,real,Virginia
2009,Income tax not withheld and SECA,12.7923,real,Virginia
2009,Income tax withheld and FICA,59.0761,real,Virginia
2010,Business income taxes,10.1012,real,Virginia
2010,"Estate, gift, excise and other",1.92228,real,Virginia
2010,Income tax not withheld and SECA,11.9996,real,Virginia
2010,Income tax withheld and FICA,59.039,real,Virginia
2011,Business income taxes,9.17882,real,Virginia
2011,"Estate, gift, excise and other",1.76474,real,Virginia
2011,Income tax not withheld and SECA,13.3239,real,Virginia
2011,Income tax withheld and FICA,60.139,real,Virginia
2012,Business income taxes,13.7906,real,Virginia
2012,"Estate, gift, excise and other",1.81146,real,Virginia
2012,Income tax not withheld and SECA,13.4027,real,Virginia
2012,Income tax withheld and FICA,59.7177,real,Virginia
2013,Business income taxes,14.2516,real,Virginia
2013,"Estate, gift, excise and other",2.5267,real,Virginia
2013,Income tax not withheld and SECA,15.4187,real,Virginia
2013,Income tax withheld and FICA,64.5322,real,Virginia
2014,Business income taxes,15.1514,real,Virginia
2014,"Estate, gift, excise and other",2.40772,real,Virginia
2014,Income tax not withheld and SECA,15.891,real,Virginia
2014,Income tax withheld and FICA,66.487,real,Virginia
2015,Business income taxes,15.5108,real,Virginia
2015,"Estate, gift, excise and other",2.68625,real,Virginia
2015,Income tax not withheld and SECA,18.0905,real,Virginia
2015,Income tax withheld and FICA,69.403,real,Virginia
2016,Business income taxes,16.7834,real,Virginia
2016,"Estate, gift, excise and other",2.51874,real,Virginia
2016,Income tax not withheld and SECA,18.1172,real,Virginia
2016,Income tax withheld and FICA,71.8304,real,Virginia
2017,Business income taxes,18.0259,real,Virginia
2017,"Estate, gift, excise and other",2.17487,real,Virginia
2017,Income tax not withheld and SECA,17.6863,real,Virginia
2017,Income tax withheld and FICA,74.1796,real,Virginia
2018,Business income taxes,12.1935,real,Virginia
2018,"Estate, gift, excise and other",2.5111,real,Virginia
2018,Income tax not withheld and SECA,19.2254,real,Virginia
2018,Income tax withheld and FICA,72.7658,real,Virginia
2019,Business income taxes,8.60513,real,Virginia
2019,"Estate, gift, excise and other",2.2318,real,Virginia
2019,Income tax not withheld and SECA,19.7316,real,Virginia
2019,Income tax withheld and FICA,72.6297,real,Virginia
2020,Business income taxes,9.1407,real,Virginia
2020,"Estate, gift, excise and other",2.09856,real,Virginia
2020,Income tax not withheld and SECA,19.6495,real,Virginia
2020,Income tax withheld and FICA,72.6076,real,Virginia
2021,Business income taxes,18.7996,real,Virginia
2021,"Estate, gift, excise and other",2.30757,real,Virginia
2021,Income tax not withheld and SECA,23.6323,real,Virginia
2021,Income tax withheld and FICA,82.674,real,Virginia
2022,Business income taxes,15.5317,real,Virginia
2022,"Estate, gift, excise and other",2.42009,real,Virginia
2022,Income tax not withheld and SECA,29.5283,real,Virginia
2022,Income tax withheld and FICA,81.9066,real,Virginia
2023,Business income taxes,12.4209,real,Virginia
2023,"Estate, gift, excise and other",1.56471,real,Virginia
2023,Income tax not withheld and SECA,23.1036,real,Virginia
2023,Income tax withheld and FICA,82.8599,real,Virginia
2024,Business income taxes,14.3303,real,Virginia
2024,"Estate, gift, excise and other",1.78102,real,Virginia
2024,Income tax not withheld and SECA,24.3494,real,Virginia
2024,Income tax withheld and FICA,85.0086,real,Virginia
2025,Business income taxes,11.0945,real,Virginia
2025,"Estate, gift, excise and other",2.40965,real,Virginia
2025,Income tax not withheld and SECA,27.2175,real,Virginia
2025,Income tax withheld and FICA,85.2233,real,Virginia
1998,Business income taxes,5.28624,real,Washington
1998,"Estate, gift, excise and other",1.90148,real,Washington
1998,Income tax not withheld and SECA,14.0239,real,Washington
1998,Income tax withheld and FICA,46.4445,real,Washington
1999,Business income taxes,6.85482,real,Washington
1999,"Estate, gift, excise and other",2.3388,real,Washington
1999,Income tax not withheld and SECA,16.0538,real,Washington
1999,Income tax withheld and FICA,53.133,real,Washington
2000,Business income taxes,5.90398,real,Washington
2000,"Estate, gift, excise and other",2.35719,real,Washington
2000,Income tax not withheld and SECA,19.4747,real,Washington
2000,Income tax withheld and FICA,56.9402,real,Washington
2001,Business income taxes,4.17963,real,Washington
2001,"Estate, gift, excise and other",2.04423,real,Washington
2001,Income tax not withheld and SECA,17.507,real,Washington
2001,Income tax withheld and FICA,53.0801,real,Washington
2002,Business income taxes,9.07621,real,Washington
2002,"Estate, gift, excise and other",2.29333,real,Washington
2002,Income tax not withheld and SECA,12.6659,real,Washington
2002,Income tax withheld and FICA,47.9751,real,Washington
2003,Business income taxes,8.79971,real,Washington
2003,"Estate, gift, excise and other",1.96602,real,Washington
2003,Income tax not withheld and SECA,11.3677,real,Washington
2003,Income tax withheld and FICA,47.8409,real,Washington
2004,Business income taxes,9.03603,real,Washington
2004,"Estate, gift, excise and other",2.46914,real,Washington
2004,Income tax not withheld and SECA,10.6447,real,Washington
2004,Income tax withheld and FICA,46.5729,real,Washington
2005,Business income taxes,11.2354,real,Washington
2005,"Estate, gift, excise and other",2.57026,real,Washington
2005,Income tax not withheld and SECA,13.5422,real,Washington
2005,Income tax withheld and FICA,45.3923,real,Washington
2006,Business income taxes,13.3828,real,Washington
2006,"Estate, gift, excise and other",2.69674,real,Washington
2006,Income tax not withheld and SECA,16.7992,real,Washington
2006,Income tax withheld and FICA,54.0176,real,Washington
2007,Business income taxes,14.9207,real,Washington
2007,"Estate, gift, excise and other",2.11347,real,Washington
2007,Income tax not withheld and SECA,17.3523,real,Washington
2007,Income tax withheld and FICA,51.2803,real,Washington
2008,Business income taxes,17.222,real,Washington
2008,"Estate, gift, excise and other",2.12529,real,Washington
2008,Income tax not withheld and SECA,19.233,real,Washington
2008,Income tax withheld and FICA,59.0857,real,Washington
2009,Business income taxes,7.46002,real,Washington
2009,"Estate, gift, excise and other",1.79932,real,Washington
2009,Income tax not withheld and SECA,12.2022,real,Washington
2009,Income tax withheld and FICA,48.7612,real,Washington
2010,Business income taxes,6.48737,real,Washington
2010,"Estate, gift, excise and other",1.63569,real,Washington
2010,Income tax not withheld and SECA,10.8058,real,Washington
2010,Income tax withheld and FICA,50.4923,real,Washington
2011,Business income taxes,6.7354,real,Washington
2011,"Estate, gift, excise and other",1.65241,real,Washington
2011,Income tax not withheld and SECA,13.1925,real,Washington
2011,Income tax withheld and FICA,52.2288,real,Washington
2012,Business income taxes,5.23523,real,Washington
2012,"Estate, gift, excise and other",1.88377,real,Washington
2012,Income tax not withheld and SECA,12.0822,real,Washington
2012,Income tax withheld and FICA,53.1649,real,Washington
2013,Business income taxes,5.71012,real,Washington
2013,"Estate, gift, excise and other",2.17249,real,Washington
2013,Income tax not withheld and SECA,16.1275,real,Washington
2013,Income tax withheld and FICA,57.1521,real,Washington
2014,Business income taxes,7.47415,real,Washington
2014,"Estate, gift, excise and other",2.65298,real,Washington
2014,Income tax not withheld and SECA,17.4894,real,Washington
2014,Income tax withheld and FICA,62.6849,real,Washington
2015,Business income taxes,8.28409,real,Washington
2015,"Estate, gift, excise and other",2.87341,real,Washington
2015,Income tax not withheld and SECA,18.68,real,Washington
2015,Income tax withheld and FICA,66.7538,real,Washington
2016,Business income taxes,6.86032,real,Washington
2016,"Estate, gift, excise and other",2.63326,real,Washington
2016,Income tax not withheld and SECA,20.1134,real,Washington
2016,Income tax withheld and FICA,71.1064,real,Washington
2017,Business income taxes,8.97961,real,Washington
2017,"Estate, gift, excise and other",2.84197,real,Washington
2017,Income tax not withheld and SECA,20.9052,real,Washington
2017,Income tax withheld and FICA,77.6584,real,Washington
2018,Business income taxes,6.2184,real,Washington
2018,"Estate, gift, excise and other",3.11812,real,Washington
2018,Income tax not withheld and SECA,22.6611,real,Washington
2018,Income tax withheld and FICA,81.689,real,Washington
2019,Business income taxes,12.1968,real,Washington
2019,"Estate, gift, excise and other",3.63823,real,Washington
2019,Income tax not withheld and SECA,22.314,real,Washington
2019,Income tax withheld and FICA,86.0845,real,Washington
2020,Business income taxes,9.47432,real,Washington
2020,"Estate, gift, excise and other",3.26101,real,Washington
2020,Income tax not withheld and SECA,22.8167,real,Washington
2020,Income tax withheld and FICA,87.6299,real,Washington
2021,Business income taxes,14.9412,real,Washington
2021,"Estate, gift, excise and other",2.76081,real,Washington
2021,Income tax not withheld and SECA,27.8493,real,Washington
2021,Income tax withheld and FICA,95.7688,real,Washington
2022,Business income taxes,17.3286,real,Washington
2022,"Estate, gift, excise and other",4.65829,real,Washington
2022,Income tax not withheld and SECA,35.3574,real,Washington
2022,Income tax withheld and FICA,106.129,real,Washington
2023,Business income taxes,25.3586,real,Washington
2023,"Estate, gift, excise and other",3.91412,real,Washington
2023,Income tax not withheld and SECA,24.8402,real,Washington
2023,Income tax withheld and FICA,109.454,real,Washington
2024,Business income taxes,23.7653,real,Washington
2024,"Estate, gift, excise and other",3.58136,real,Washington
2024,Income tax not withheld and SECA,24.5226,real,Washington
2024,Income tax withheld and FICA,113.687,real,Washington
2025,Business income taxes,26.1393,real,Washington
2025,"Estate, gift, excise and other",4.79994,real,Washington
2025,Income tax not withheld and SECA,28.1761,real,Washington
2025,Income tax withheld and FICA,113.179,real,Washington
1998,Business income taxes,0.533404,real,West Virginia
1998,"Estate, gift, excise and other",0.365419,real,West Virginia
1998,Income tax not withheld and SECA,1.77835,real,West Virginia
1998,Income tax withheld and FICA,6.12055,real,West Virginia
1999,Business income taxes,0.522598,real,West Virginia
1999,"Estate, gift, excise and other",0.35691,real,West Virginia
1999,Income tax not withheld and SECA,1.82168,real,West Virginia
1999,Income tax withheld and FICA,6.09278,real,West Virginia
2000,Business income taxes,0.473422,real,West Virginia
2000,"Estate, gift, excise and other",0.343708,real,West Virginia
2000,Income tax not withheld and SECA,1.8402,real,West Virginia
2000,Income tax withheld and FICA,6.22008,real,West Virginia
2001,Business income taxes,0.364388,real,West Virginia
2001,"Estate, gift, excise and other",0.298507,real,West Virginia
2001,Income tax not withheld and SECA,1.84655,real,West Virginia
2001,Income tax withheld and FICA,6.30032,real,West Virginia
2002,Business income taxes,0.39765,real,West Virginia
2002,"Estate, gift, excise and other",0.291938,real,West Virginia
2002,Income tax not withheld and SECA,1.68377,real,West Virginia
2002,Income tax withheld and FICA,6.01082,real,West Virginia
2003,Business income taxes,0.323373,real,West Virginia
2003,"Estate, gift, excise and other",0.263384,real,West Virginia
2003,Income tax not withheld and SECA,1.44481,real,West Virginia
2003,Income tax withheld and FICA,6.0335,real,West Virginia
2004,Business income taxes,0.406726,real,West Virginia
2004,"Estate, gift, excise and other",0.290892,real,West Virginia
2004,Income tax not withheld and SECA,1.27869,real,West Virginia
2004,Income tax withheld and FICA,6.54138,real,West Virginia
2005,Business income taxes,0.674515,real,West Virginia
2005,"Estate, gift, excise and other",0.315844,real,West Virginia
2005,Income tax not withheld and SECA,1.44033,real,West Virginia
2005,Income tax withheld and FICA,6.21928,real,West Virginia
2006,Business income taxes,0.814857,real,West Virginia
2006,"Estate, gift, excise and other",0.361529,real,West Virginia
2006,Income tax not withheld and SECA,1.74282,real,West Virginia
2006,Income tax withheld and FICA,6.54522,real,West Virginia
2007,Business income taxes,0.918822,real,West Virginia
2007,"Estate, gift, excise and other",0.262332,real,West Virginia
2007,Income tax not withheld and SECA,1.79212,real,West Virginia
2007,Income tax withheld and FICA,6.752,real,West Virginia
2008,Business income taxes,0.738822,real,West Virginia
2008,"Estate, gift, excise and other",0.316977,real,West Virginia
2008,Income tax not withheld and SECA,1.9056,real,West Virginia
2008,Income tax withheld and FICA,7.09078,real,West Virginia
2009,Business income taxes,0.535394,real,West Virginia
2009,"Estate, gift, excise and other",0.260069,real,West Virginia
2009,Income tax not withheld and SECA,1.65274,real,West Virginia
2009,Income tax withheld and FICA,6.70368,real,West Virginia
2010,Business income taxes,0.344884,real,West Virginia
2010,"Estate, gift, excise and other",0.225052,real,West Virginia
2010,Income tax not withheld and SECA,1.52918,real,West Virginia
2010,Income tax withheld and FICA,6.5011,real,West Virginia
2011,Business income taxes,0.417651,real,West Virginia
2011,"Estate, gift, excise and other",0.182466,real,West Virginia
2011,Income tax not withheld and SECA,1.69406,real,West Virginia
2011,Income tax withheld and FICA,6.67895,real,West Virginia
2012,Business income taxes,0.435682,real,West Virginia
2012,"Estate, gift, excise and other",0.196258,real,West Virginia
2012,Income tax not withheld and SECA,1.70139,real,West Virginia
2012,Income tax withheld and FICA,6.6338,real,West Virginia
2013,Business income taxes,0.49391,real,West Virginia
2013,"Estate, gift, excise and other",0.19231,real,West Virginia
2013,Income tax not withheld and SECA,1.68469,real,West Virginia
2013,Income tax withheld and FICA,6.84507,real,West Virginia
2014,Business income taxes,0.498779,real,West Virginia
2014,"Estate, gift, excise and other",0.174694,real,West Virginia
2014,Income tax not withheld and SECA,1.7242,real,West Virginia
2014,Income tax withheld and FICA,6.77093,real,West Virginia
2015,Business income taxes,0.460534,real,West Virginia
2015,"Estate, gift, excise and other",0.253603,real,West Virginia
2015,Income tax not withheld and SECA,2.02556,real,West Virginia
2015,Income tax withheld and FICA,6.97324,real,West Virginia
2016,Business income taxes,0.288182,real,West Virginia
2016,"Estate, gift, excise and other",0.15868,real,West Virginia
2016,Income tax not withheld and SECA,1.74157,real,West Virginia
2016,Income tax withheld and FICA,6.84666,real,West Virginia
2017,Business income taxes,0.313414,real,West Virginia
2017,"Estate, gift, excise and other",0.171284,real,West Virginia
2017,Income tax not withheld and SECA,1.61935,real,West Virginia
2017,Income tax withheld and FICA,6.86871,real,West Virginia
2018,Business income taxes,0.253635,real,West Virginia
2018,"Estate, gift, excise and other",0.164922,real,West Virginia
2018,Income tax not withheld and SECA,1.70045,real,West Virginia
2018,Income tax withheld and FICA,6.57201,real,West Virginia
2019,Business income taxes,0.230961,real,West Virginia
2019,"Estate, gift, excise and other",0.209179,real,West Virginia
2019,Income tax not withheld and SECA,1.62905,real,West Virginia
2019,Income tax withheld and FICA,6.62377,real,West Virginia
2020,Business income taxes,0.251579,real,West Virginia
2020,"Estate, gift, excise and other",0.149971,real,West Virginia
2020,Income tax not withheld and SECA,1.48225,real,West Virginia
2020,Income tax withheld and FICA,6.36773,real,West Virginia
2021,Business income taxes,0.290187,real,West Virginia
2021,"Estate, gift, excise and other",0.141433,real,West Virginia
2021,Income tax not withheld and SECA,1.65904,real,West Virginia
2021,Income tax withheld and FICA,6.33176,real,West Virginia
2022,Business income taxes,0.388013,real,West Virginia
2022,"Estate, gift, excise and other",0.136656,real,West Virginia
2022,Income tax not withheld and SECA,2.23283,real,West Virginia
2022,Income tax withheld and FICA,6.52966,real,West Virginia
2023,Business income taxes,0.37134,real,West Virginia
2023,"Estate, gift, excise and other",0.14509,real,West Virginia
2023,Income tax not withheld and SECA,2.00355,real,West Virginia
2023,Income tax withheld and FICA,6.54663,real,West Virginia
2024,Business income taxes,0.289279,real,West Virginia
2024,"Estate, gift, excise and other",0.14205,real,West Virginia
2024,Income tax not withheld and SECA,1.83432,real,West Virginia
2024,Income tax withheld and FICA,6.65617,real,West Virginia
2025,Business income taxes,0.281545,real,West Virginia
2025,"Estate, gift, excise and other",0.193147,real,West Virginia
2025,Income tax not withheld and SECA,2.08079,real,West Virginia
2025,Income tax withheld and FICA,6.7854,real,West Virginia
1998,Business income taxes,7.68694,real,Wisconsin
1998,"Estate, gift, excise and other",1.51128,real,Wisconsin
1998,Income tax not withheld and SECA,9.68477,real,Wisconsin
1998,Income tax withheld and FICA,40.3392,real,Wisconsin
1999,Business income taxes,7.02479,real,Wisconsin
1999,"Estate, gift, excise and other",1.54991,real,Wisconsin
1999,Income tax not withheld and SECA,10.2871,real,Wisconsin
1999,Income tax withheld and FICA,41.1952,real,Wisconsin
2000,Business income taxes,7.58634,real,Wisconsin
2000,"Estate, gift, excise and other",1.65694,real,Wisconsin
2000,Income tax not withheld and SECA,10.727,real,Wisconsin
2000,Income tax withheld and FICA,43.549,real,Wisconsin
2001,Business income taxes,5.62497,real,Wisconsin
2001,"Estate, gift, excise and other",1.50624,real,Wisconsin
2001,Income tax not withheld and SECA,10.5591,real,Wisconsin
2001,Income tax withheld and FICA,44.3571,real,Wisconsin
2002,Business income taxes,6.95302,real,Wisconsin
2002,"Estate, gift, excise and other",1.42525,real,Wisconsin
2002,Income tax not withheld and SECA,8.51094,real,Wisconsin
2002,Income tax withheld and FICA,42.0605,real,Wisconsin
2003,Business income taxes,5.99086,real,Wisconsin
2003,"Estate, gift, excise and other",1.13813,real,Wisconsin
2003,Income tax not withheld and SECA,7.94327,real,Wisconsin
2003,Income tax withheld and FICA,41.9559,real,Wisconsin
2004,Business income taxes,6.07519,real,Wisconsin
2004,"Estate, gift, excise and other",1.1816,real,Wisconsin
2004,Income tax not withheld and SECA,7.27544,real,Wisconsin
2004,Income tax withheld and FICA,42.0379,real,Wisconsin
2005,Business income taxes,8.00777,real,Wisconsin
2005,"Estate, gift, excise and other",1.24809,real,Wisconsin
2005,Income tax not withheld and SECA,8.44013,real,Wisconsin
2005,Income tax withheld and FICA,42.3557,real,Wisconsin
2006,Business income taxes,9.34714,real,Wisconsin
2006,"Estate, gift, excise and other",1.22769,real,Wisconsin
2006,Income tax not withheld and SECA,9.64963,real,Wisconsin
2006,Income tax withheld and FICA,43.6258,real,Wisconsin
2007,Business income taxes,9.37584,real,Wisconsin
2007,"Estate, gift, excise and other",1.28515,real,Wisconsin
2007,Income tax not withheld and SECA,10.4364,real,Wisconsin
2007,Income tax withheld and FICA,44.1831,real,Wisconsin
2008,Business income taxes,9.44189,real,Wisconsin
2008,"Estate, gift, excise and other",1.19652,real,Wisconsin
2008,Income tax not withheld and SECA,10.2119,real,Wisconsin
2008,Income tax withheld and FICA,45.7136,real,Wisconsin
2009,Business income taxes,4.75215,real,Wisconsin
2009,"Estate, gift, excise and other",1.44095,real,Wisconsin
2009,Income tax not withheld and SECA,7.36647,real,Wisconsin
2009,Income tax withheld and FICA,42.2894,real,Wisconsin
2010,Business income taxes,5.89015,real,Wisconsin
2010,"Estate, gift, excise and other",1.27408,real,Wisconsin
2010,Income tax not withheld and SECA,6.79214,real,Wisconsin
2010,Income tax withheld and FICA,40.811,real,Wisconsin
2011,Business income taxes,4.86693,real,Wisconsin
2011,"Estate, gift, excise and other",1.11683,real,Wisconsin
2011,Income tax not withheld and SECA,7.23359,real,Wisconsin
2011,Income tax withheld and FICA,41.3921,real,Wisconsin
2012,Business income taxes,6.40497,real,Wisconsin
2012,"Estate, gift, excise and other",2.12868,real,Wisconsin
2012,Income tax not withheld and SECA,7.42485,real,Wisconsin
2012,Income tax withheld and FICA,41.3037,real,Wisconsin
2013,Business income taxes,6.79913,real,Wisconsin
2013,"Estate, gift, excise and other",1.67689,real,Wisconsin
2013,Income tax not withheld and SECA,9.61338,real,Wisconsin
2013,Income tax withheld and FICA,44.7752,real,Wisconsin
2014,Business income taxes,8.01832,real,Wisconsin
2014,"Estate, gift, excise and other",2.26791,real,Wisconsin
2014,Income tax not withheld and SECA,9.53927,real,Wisconsin
2014,Income tax withheld and FICA,46.2127,real,Wisconsin
2015,Business income taxes,7.54046,real,Wisconsin
2015,"Estate, gift, excise and other",2.1989899999999998,real,Wisconsin
2015,Income tax not withheld and SECA,10.5411,real,Wisconsin
2015,Income tax withheld and FICA,47.8795,real,Wisconsin
2016,Business income taxes,6.20522,real,Wisconsin
2016,"Estate, gift, excise and other",2.14664,real,Wisconsin
2016,Income tax not withheld and SECA,10.8386,real,Wisconsin
2016,Income tax withheld and FICA,49.3619,real,Wisconsin
2017,Business income taxes,6.28171,real,Wisconsin
2017,"Estate, gift, excise and other",1.87835,real,Wisconsin
2017,Income tax not withheld and SECA,10.4983,real,Wisconsin
2017,Income tax withheld and FICA,49.5826,real,Wisconsin
2018,Business income taxes,4.11961,real,Wisconsin
2018,"Estate, gift, excise and other",2.37929,real,Wisconsin
2018,Income tax not withheld and SECA,10.646,real,Wisconsin
2018,Income tax withheld and FICA,48.238,real,Wisconsin
2019,Business income taxes,4.35361,real,Wisconsin
2019,"Estate, gift, excise and other",2.1725,real,Wisconsin
2019,Income tax not withheld and SECA,10.4808,real,Wisconsin
2019,Income tax withheld and FICA,48.2804,real,Wisconsin
2020,Business income taxes,3.58331,real,Wisconsin
2020,"Estate, gift, excise and other",1.94494,real,Wisconsin
2020,Income tax not withheld and SECA,10.4016,real,Wisconsin
2020,Income tax withheld and FICA,45.4413,real,Wisconsin
2021,Business income taxes,7.6068,real,Wisconsin
2021,"Estate, gift, excise and other",2.85213,real,Wisconsin
2021,Income tax not withheld and SECA,12.5952,real,Wisconsin
2021,Income tax withheld and FICA,49.5537,real,Wisconsin
2022,Business income taxes,5.90462,real,Wisconsin
2022,"Estate, gift, excise and other",2.7545,real,Wisconsin
2022,Income tax not withheld and SECA,15.8098,real,Wisconsin
2022,Income tax withheld and FICA,53.0422,real,Wisconsin
2023,Business income taxes,5.98446,real,Wisconsin
2023,"Estate, gift, excise and other",2.61318,real,Wisconsin
2023,Income tax not withheld and SECA,12.6221,real,Wisconsin
2023,Income tax withheld and FICA,51.8091,real,Wisconsin
2024,Business income taxes,5.8204,real,Wisconsin
2024,"Estate, gift, excise and other",2.59567,real,Wisconsin
2024,Income tax not withheld and SECA,13.3135,real,Wisconsin
2024,Income tax withheld and FICA,51.9276,real,Wisconsin
2025,Business income taxes,6.1278,real,Wisconsin
2025,"Estate, gift, excise and other",3.15499,real,Wisconsin
2025,Income tax not withheld and SECA,14.7195,real,Wisconsin
2025,Income tax withheld and FICA,52.3627,real,Wisconsin
1998,Business income taxes,0.144197,real,Wyoming
1998,"Estate, gift, excise and other",0.604013,real,Wyoming
1998,Income tax not withheld and SECA,1.54243,real,Wyoming
1998,Income tax withheld and FICA,1.93151,real,Wyoming
1999,Business income taxes,0.120551,real,Wyoming
1999,"Estate, gift, excise and other",0.465104,real,Wyoming
1999,Income tax not withheld and SECA,1.44787,real,Wyoming
1999,Income tax withheld and FICA,2.08379,real,Wyoming
2000,Business income taxes,0.147553,real,Wyoming
2000,"Estate, gift, excise and other",0.260002,real,Wyoming
2000,Income tax not withheld and SECA,1.64395,real,Wyoming
2000,Income tax withheld and FICA,2.12034,real,Wyoming
2001,Business income taxes,0.150599,real,Wyoming
2001,"Estate, gift, excise and other",0.630299,real,Wyoming
2001,Income tax not withheld and SECA,2.05366,real,Wyoming
2001,Income tax withheld and FICA,2.28355,real,Wyoming
2002,Business income taxes,0.121133,real,Wyoming
2002,"Estate, gift, excise and other",0.61769,real,Wyoming
2002,Income tax not withheld and SECA,1.52407,real,Wyoming
2002,Income tax withheld and FICA,2.39106,real,Wyoming
2003,Business income taxes,0.103218,real,Wyoming
2003,"Estate, gift, excise and other",0.780066,real,Wyoming
2003,Income tax not withheld and SECA,1.24744,real,Wyoming
2003,Income tax withheld and FICA,2.39831,real,Wyoming
2004,Business income taxes,0.176678,real,Wyoming
2004,"Estate, gift, excise and other",0.779664,real,Wyoming
2004,Income tax not withheld and SECA,1.42632,real,Wyoming
2004,Income tax withheld and FICA,2.39898,real,Wyoming
2005,Business income taxes,0.709708,real,Wyoming
2005,"Estate, gift, excise and other",0.147787,real,Wyoming
2005,Income tax not withheld and SECA,1.53391,real,Wyoming
2005,Income tax withheld and FICA,2.48924,real,Wyoming
2006,Business income taxes,0.804909,real,Wyoming
2006,"Estate, gift, excise and other",0.48023,real,Wyoming
2006,Income tax not withheld and SECA,2.1646,real,Wyoming
2006,Income tax withheld and FICA,2.61005,real,Wyoming
2007,Business income taxes,1.01127,real,Wyoming
2007,"Estate, gift, excise and other",0.224724,real,Wyoming
2007,Income tax not withheld and SECA,2.9385,real,Wyoming
2007,Income tax withheld and FICA,2.87075,real,Wyoming
2008,Business income taxes,1.4373,real,Wyoming
2008,"Estate, gift, excise and other",0.317218,real,Wyoming
2008,Income tax not withheld and SECA,2.58342,real,Wyoming
2008,Income tax withheld and FICA,3.15203,real,Wyoming
2009,Business income taxes,0.309881,real,Wyoming
2009,"Estate, gift, excise and other",0.397343,real,Wyoming
2009,Income tax not withheld and SECA,1.76771,real,Wyoming
2009,Income tax withheld and FICA,3.06581,real,Wyoming
2010,Business income taxes,1.0393,real,Wyoming
2010,"Estate, gift, excise and other",0.313583,real,Wyoming
2010,Income tax not withheld and SECA,1.27413,real,Wyoming
2010,Income tax withheld and FICA,2.86244,real,Wyoming
2011,Business income taxes,0.14909,real,Wyoming
2011,"Estate, gift, excise and other",0.209961,real,Wyoming
2011,Income tax not withheld and SECA,1.66534,real,Wyoming
2011,Income tax withheld and FICA,2.91637,real,Wyoming
2012,Business income taxes,0.242424,real,Wyoming
2012,"Estate, gift, excise and other",0.348811,real,Wyoming
2012,Income tax not withheld and SECA,1.65929,real,Wyoming
2012,Income tax withheld and FICA,3.03217,real,Wyoming
2013,Business income taxes,0.18187,real,Wyoming
2013,"Estate, gift, excise and other",0.434366,real,Wyoming
2013,Income tax not withheld and SECA,3.3053,real,Wyoming
2013,Income tax withheld and FICA,3.26932,real,Wyoming
2014,Business income taxes,0.247134,real,Wyoming
2014,"Estate, gift, excise and other",0.477601,real,Wyoming
2014,Income tax not withheld and SECA,2.36843,real,Wyoming
2014,Income tax withheld and FICA,3.42058,real,Wyoming
2015,Business income taxes,0.274688,real,Wyoming
2015,"Estate, gift, excise and other",0.589091,real,Wyoming
2015,Income tax not withheld and SECA,2.702,real,Wyoming
2015,Income tax withheld and FICA,3.39414,real,Wyoming
2016,Business income taxes,0.199526,real,Wyoming
2016,"Estate, gift, excise and other",0.407171,real,Wyoming
2016,Income tax not withheld and SECA,2.05623,real,Wyoming
2016,Income tax withheld and FICA,3.18471,real,Wyoming
2017,Business income taxes,0.129685,real,Wyoming
2017,"Estate, gift, excise and other",0.596808,real,Wyoming
2017,Income tax not withheld and SECA,1.79725,real,Wyoming
2017,Income tax withheld and FICA,3.12395,real,Wyoming
2018,Business income taxes,0.0990777,real,Wyoming
2018,"Estate, gift, excise and other",0.852386,real,Wyoming
2018,Income tax not withheld and SECA,2.29605,real,Wyoming
2018,Income tax withheld and FICA,2.95297,real,Wyoming
2019,Business income taxes,0.131407,real,Wyoming
2019,"Estate, gift, excise and other",0.718373,real,Wyoming
2019,Income tax not withheld and SECA,2.07708,real,Wyoming
2019,Income tax withheld and FICA,2.93105,real,Wyoming
2020,Business income taxes,0.150873,real,Wyoming
2020,"Estate, gift, excise and other",0.871082,real,Wyoming
2020,Income tax not withheld and SECA,2.01143,real,Wyoming
2020,Income tax withheld and FICA,2.89124,real,Wyoming
2021,Business income taxes,0.209423,real,Wyoming
2021,"Estate, gift, excise and other",1.00017,real,Wyoming
2021,Income tax not withheld and SECA,3.06146,real,Wyoming
2021,Income tax withheld and FICA,2.90893,real,Wyoming
2022,Business income taxes,0.236827,real,Wyoming
2022,"Estate, gift, excise and other",1.6929,real,Wyoming
2022,Income tax not withheld and SECA,3.85825,real,Wyoming
2022,Income tax withheld and FICA,2.97078,real,Wyoming
2023,Business income taxes,0.266751,real,Wyoming
2023,"Estate, gift, excise and other",1.12352,real,Wyoming
2023,Income tax not withheld and SECA,3.2187,real,Wyoming
2023,Income tax withheld and FICA,3.00368,real,Wyoming
2024,Business income taxes,0.210657,real,Wyoming
2024,"Estate, gift, excise and other",1.24615,real,Wyoming
2024,Income tax not withheld and SECA,3.30844,real,Wyoming
2024,Income tax withheld and FICA,3.10488,real,Wyoming
2025,Business income taxes,0.252041,real,Wyoming
2025,"Estate, gift, excise and other",1.53253,real,Wyoming
2025,Income tax not withheld and SECA,3.55954,real,Wyoming
2025,Income tax withheld and FICA,3.22665,real,Wyoming
1998,"In the printed total, not in its parts",0,real,Arkansas
1999,"In the printed total, not in its parts",0,real,Arkansas
2000,"In the printed total, not in its parts",0,real,Arkansas
2001,"In the printed total, not in its parts",0,real,Arkansas
2002,"In the printed total, not in its parts",0,real,Arkansas
2003,"In the printed total, not in its parts",0,real,Arkansas
2004,"In the printed total, not in its parts",0,real,Arkansas
2005,"In the printed total, not in its parts",0,real,Arkansas
2006,"In the printed total, not in its parts",2.53878,real,Arkansas
2007,"In the printed total, not in its parts",0,real,Arkansas
2008,"In the printed total, not in its parts",0,real,Arkansas
2009,"In the printed total, not in its parts",0,real,Arkansas
2010,"In the printed total, not in its parts",0,real,Arkansas
2011,"In the printed total, not in its parts",0.644633,real,Arkansas
2012,"In the printed total, not in its parts",0,real,Arkansas
2013,"In the printed total, not in its parts",0,real,Arkansas
2014,"In the printed total, not in its parts",0,real,Arkansas
2015,"In the printed total, not in its parts",0,real,Arkansas
2016,"In the printed total, not in its parts",0,real,Arkansas
2017,"In the printed total, not in its parts",0,real,Arkansas
2018,"In the printed total, not in its parts",0,real,Arkansas
2019,"In the printed total, not in its parts",0,real,Arkansas
2020,"In the printed total, not in its parts",0,real,Arkansas
2021,"In the printed total, not in its parts",0,real,Arkansas
2022,"In the printed total, not in its parts",0,real,Arkansas
2023,"In the printed total, not in its parts",0,real,Arkansas
2024,"In the printed total, not in its parts",0,real,Arkansas
2025,"In the printed total, not in its parts",0,real,Arkansas
1998,"In the printed total, not in its parts",0,real,California
1999,"In the printed total, not in its parts",0,real,California
2000,"In the printed total, not in its parts",0,real,California
2001,"In the printed total, not in its parts",0,real,California
2002,"In the printed total, not in its parts",0,real,California
2003,"In the printed total, not in its parts",0,real,California
2004,"In the printed total, not in its parts",0,real,California
2005,"In the printed total, not in its parts",0,real,California
2006,"In the printed total, not in its parts",7.19283,real,California
2007,"In the printed total, not in its parts",0,real,California
2008,"In the printed total, not in its parts",0,real,California
2009,"In the printed total, not in its parts",0,real,California
2010,"In the printed total, not in its parts",0,real,California
2011,"In the printed total, not in its parts",0,real,California
2012,"In the printed total, not in its parts",0,real,California
2013,"In the printed total, not in its parts",0,real,California
2014,"In the printed total, not in its parts",0,real,California
2015,"In the printed total, not in its parts",0,real,California
2016,"In the printed total, not in its parts",0,real,California
2017,"In the printed total, not in its parts",0,real,California
2018,"In the printed total, not in its parts",0,real,California
2019,"In the printed total, not in its parts",0,real,California
2020,"In the printed total, not in its parts",0,real,California
2021,"In the printed total, not in its parts",0,real,California
2022,"In the printed total, not in its parts",0,real,California
2023,"In the printed total, not in its parts",0,real,California
2024,"In the printed total, not in its parts",0,real,California
2025,"In the printed total, not in its parts",0,real,California
