time,series,variant,value
0,Natural Resources and Mining,indexed,0.0
1,Natural Resources and Mining,indexed,1.141893
2,Natural Resources and Mining,indexed,1.732274
3,Natural Resources and Mining,indexed,2.339576
4,Natural Resources and Mining,indexed,2.807769
5,Natural Resources and Mining,indexed,3.234764
6,Natural Resources and Mining,indexed,3.730768
7,Natural Resources and Mining,indexed,4.175514
8,Natural Resources and Mining,indexed,4.911994
9,Natural Resources and Mining,indexed,5.274392
10,Natural Resources and Mining,indexed,5.873642
11,Natural Resources and Mining,indexed,6.417399
12,Natural Resources and Mining,indexed,6.875131
13,Natural Resources and Mining,indexed,7.281951
14,Natural Resources and Mining,indexed,7.545229
15,Natural Resources and Mining,indexed,7.925701
16,Natural Resources and Mining,indexed,7.894542
17,Natural Resources and Mining,indexed,8.080363
18,Natural Resources and Mining,indexed,8.150507
19,Natural Resources and Mining,indexed,8.019345
20,Natural Resources and Mining,indexed,8.132402
21,Natural Resources and Mining,indexed,8.290699
22,Natural Resources and Mining,indexed,8.207729
23,Natural Resources and Mining,indexed,8.428768
24,Natural Resources and Mining,indexed,8.593512
25,Natural Resources and Mining,indexed,8.674772
26,Natural Resources and Mining,indexed,8.606433
27,Natural Resources and Mining,indexed,8.6861
28,Natural Resources and Mining,indexed,8.782687
29,Natural Resources and Mining,indexed,8.494307
30,Natural Resources and Mining,indexed,8.548613
31,Natural Resources and Mining,indexed,8.637167
32,Natural Resources and Mining,indexed,8.595321
33,Natural Resources and Mining,indexed,8.758921
34,Natural Resources and Mining,indexed,8.767477
35,Natural Resources and Mining,indexed,9.026832
36,Natural Resources and Mining,indexed,9.403822
37,Natural Resources and Mining,indexed,9.526326
38,Natural Resources and Mining,indexed,9.644008
39,Natural Resources and Mining,indexed,9.75705
40,Natural Resources and Mining,indexed,10.132064
41,Natural Resources and Mining,indexed,10.287077
42,Natural Resources and Mining,indexed,10.582739
43,Natural Resources and Mining,indexed,10.61873
44,Natural Resources and Mining,indexed,10.903963
45,Natural Resources and Mining,indexed,11.15715
46,Natural Resources and Mining,indexed,11.385244
47,Natural Resources and Mining,indexed,11.421246
48,Natural Resources and Mining,indexed,11.443416
49,Natural Resources and Mining,indexed,11.254813
50,Natural Resources and Mining,indexed,11.086071
51,Natural Resources and Mining,indexed,10.708184
52,Natural Resources and Mining,indexed,10.498214
53,Natural Resources and Mining,indexed,10.394138
54,Natural Resources and Mining,indexed,10.278676
55,Natural Resources and Mining,indexed,10.539642
56,Natural Resources and Mining,indexed,10.783872
57,Natural Resources and Mining,indexed,10.513988
58,Natural Resources and Mining,indexed,10.713916
59,Natural Resources and Mining,indexed,10.760323
60,Natural Resources and Mining,indexed,10.806849
61,Natural Resources and Mining,indexed,10.636327
62,Natural Resources and Mining,indexed,10.798796
63,Natural Resources and Mining,indexed,10.932217
64,Natural Resources and Mining,indexed,10.983862
65,Natural Resources and Mining,indexed,11.029527
66,Natural Resources and Mining,indexed,11.051399
67,Natural Resources and Mining,indexed,10.897819
68,Natural Resources and Mining,indexed,10.820479
69,Natural Resources and Mining,indexed,10.730694
70,Natural Resources and Mining,indexed,10.749401
71,Natural Resources and Mining,indexed,11.156262
72,Natural Resources and Mining,indexed,11.132083
73,Natural Resources and Mining,indexed,11.380692
74,Natural Resources and Mining,indexed,11.504104
75,Natural Resources and Mining,indexed,11.743219
76,Natural Resources and Mining,indexed,11.823658
77,Natural Resources and Mining,indexed,11.924188
78,Natural Resources and Mining,indexed,11.997675
79,Natural Resources and Mining,indexed,12.031805
80,Natural Resources and Mining,indexed,11.961731
81,Natural Resources and Mining,indexed,12.109037
82,Natural Resources and Mining,indexed,12.208071
83,Natural Resources and Mining,indexed,12.128556
84,Natural Resources and Mining,indexed,11.922173
85,Natural Resources and Mining,indexed,12.068176
86,Natural Resources and Mining,indexed,12.12777
87,Natural Resources and Mining,indexed,12.209369
88,Natural Resources and Mining,indexed,12.298612
89,Natural Resources and Mining,indexed,12.406146
90,Natural Resources and Mining,indexed,12.742666
91,Natural Resources and Mining,indexed,12.62754
92,Natural Resources and Mining,indexed,12.674571
93,Natural Resources and Mining,indexed,12.802738
94,Natural Resources and Mining,indexed,12.744212
95,Natural Resources and Mining,indexed,12.730844
96,Natural Resources and Mining,indexed,12.740516
97,Natural Resources and Mining,indexed,12.807313
98,Natural Resources and Mining,indexed,13.031969
99,Natural Resources and Mining,indexed,13.143662
100,Natural Resources and Mining,indexed,13.2355
101,Natural Resources and Mining,indexed,13.482477
102,Natural Resources and Mining,indexed,13.719204
103,Natural Resources and Mining,indexed,13.921262
104,Natural Resources and Mining,indexed,14.417374
105,Natural Resources and Mining,indexed,14.65025
106,Natural Resources and Mining,indexed,14.8984
107,Natural Resources and Mining,indexed,14.935842
108,Natural Resources and Mining,indexed,14.940139
109,Natural Resources and Mining,indexed,15.082384
110,Natural Resources and Mining,indexed,15.327583
111,Natural Resources and Mining,indexed,15.995554
112,Natural Resources and Mining,indexed,16.209016
113,Natural Resources and Mining,indexed,16.44017
114,Natural Resources and Mining,indexed,16.664713
115,Natural Resources and Mining,indexed,16.715002
116,Natural Resources and Mining,indexed,16.665072
117,Natural Resources and Mining,indexed,16.594013
118,Natural Resources and Mining,indexed,16.637374
119,Natural Resources and Mining,indexed,16.90037
120,Natural Resources and Mining,indexed,17.1724
121,Natural Resources and Mining,indexed,17.318979
122,Natural Resources and Mining,indexed,17.56526
123,Natural Resources and Mining,indexed,17.454788
124,Natural Resources and Mining,indexed,17.278203
125,Natural Resources and Mining,indexed,17.32509
126,Natural Resources and Mining,indexed,17.325012
127,Natural Resources and Mining,indexed,17.454021
128,Natural Resources and Mining,indexed,17.608118
129,Natural Resources and Mining,indexed,17.69376
130,Natural Resources and Mining,indexed,17.932805
131,Natural Resources and Mining,indexed,17.724231
132,Natural Resources and Mining,indexed,17.656068
133,Natural Resources and Mining,indexed,17.375599
134,Natural Resources and Mining,indexed,16.757855
135,Natural Resources and Mining,indexed,16.044302
136,Natural Resources and Mining,indexed,15.801719
137,Natural Resources and Mining,indexed,15.552311
138,Natural Resources and Mining,indexed,15.439372
139,Natural Resources and Mining,indexed,15.119771
140,Natural Resources and Mining,indexed,15.035535
141,Natural Resources and Mining,indexed,14.683754
142,Natural Resources and Mining,indexed,14.595122
143,Natural Resources and Mining,indexed,14.389589
144,Natural Resources and Mining,indexed,14.134908
145,Natural Resources and Mining,indexed,13.968825
146,Natural Resources and Mining,indexed,13.932734
147,Natural Resources and Mining,indexed,13.727843
148,Natural Resources and Mining,indexed,13.6603
149,Natural Resources and Mining,indexed,13.598704
150,Natural Resources and Mining,indexed,13.261882
151,Natural Resources and Mining,indexed,12.948324
152,Natural Resources and Mining,indexed,12.477724
153,Natural Resources and Mining,indexed,12.172385
154,Natural Resources and Mining,indexed,11.876924
155,Natural Resources and Mining,indexed,11.492361
156,Natural Resources and Mining,indexed,11.353844
157,Natural Resources and Mining,indexed,10.889187
158,Natural Resources and Mining,indexed,10.813935
159,Natural Resources and Mining,indexed,10.661807
160,Natural Resources and Mining,indexed,10.622651
161,Natural Resources and Mining,indexed,10.788097
162,Natural Resources and Mining,indexed,10.907548
163,Natural Resources and Mining,indexed,10.747074
164,Natural Resources and Mining,indexed,10.89135
165,Natural Resources and Mining,indexed,11.084641
166,Natural Resources and Mining,indexed,11.184267
167,Natural Resources and Mining,indexed,11.062093
168,Natural Resources and Mining,indexed,11.19045
169,Natural Resources and Mining,indexed,11.203137
170,Natural Resources and Mining,indexed,11.477024
171,Natural Resources and Mining,indexed,11.299154
172,Natural Resources and Mining,indexed,11.208654
173,Natural Resources and Mining,indexed,11.211443
174,Natural Resources and Mining,indexed,11.51368
175,Natural Resources and Mining,indexed,11.764918
176,Natural Resources and Mining,indexed,11.914895
177,Natural Resources and Mining,indexed,11.794756
178,Natural Resources and Mining,indexed,11.944361
179,Natural Resources and Mining,indexed,12.063341
180,Natural Resources and Mining,indexed,12.097412
181,Natural Resources and Mining,indexed,12.292744
182,Natural Resources and Mining,indexed,12.382695
183,Natural Resources and Mining,indexed,12.669001
184,Natural Resources and Mining,indexed,12.853193
185,Natural Resources and Mining,indexed,13.122949
186,Natural Resources and Mining,indexed,13.117961
187,Natural Resources and Mining,indexed,12.912596
188,Natural Resources and Mining,indexed,12.791001
189,Natural Resources and Mining,indexed,12.672604
190,Natural Resources and Mining,indexed,12.505682
191,Natural Resources and Mining,indexed,12.342547
192,Natural Resources and Mining,indexed,12.215727
193,Natural Resources and Mining,indexed,12.597268
194,Natural Resources and Mining,indexed,12.795937
195,Natural Resources and Mining,indexed,12.925769
196,Natural Resources and Mining,indexed,12.987835
197,Natural Resources and Mining,indexed,13.008702
198,Natural Resources and Mining,indexed,12.983115
199,Natural Resources and Mining,indexed,13.238098
200,Natural Resources and Mining,indexed,13.633504
201,Natural Resources and Mining,indexed,13.999955
202,Natural Resources and Mining,indexed,13.748326
203,Natural Resources and Mining,indexed,13.740242
204,Natural Resources and Mining,indexed,13.2911
205,Natural Resources and Mining,indexed,12.966802
206,Natural Resources and Mining,indexed,12.878126
207,Natural Resources and Mining,indexed,12.689457
208,Natural Resources and Mining,indexed,12.909513
209,Natural Resources and Mining,indexed,12.928457
210,Natural Resources and Mining,indexed,13.291862
211,Natural Resources and Mining,indexed,13.143284
212,Natural Resources and Mining,indexed,13.097537
213,Natural Resources and Mining,indexed,13.088596
214,Natural Resources and Mining,indexed,13.27023
215,Natural Resources and Mining,indexed,13.215742
216,Natural Resources and Mining,indexed,13.172159
217,Natural Resources and Mining,indexed,13.113942
218,Natural Resources and Mining,indexed,13.165321
219,Natural Resources and Mining,indexed,13.010006
220,Natural Resources and Mining,indexed,12.775781
221,Natural Resources and Mining,indexed,12.602581
222,Natural Resources and Mining,indexed,12.496486
223,Natural Resources and Mining,indexed,12.321671
224,Natural Resources and Mining,indexed,12.363515
225,Natural Resources and Mining,indexed,12.692822
226,Natural Resources and Mining,indexed,12.970476
227,Natural Resources and Mining,indexed,13.353833
228,Natural Resources and Mining,indexed,13.543148
229,Natural Resources and Mining,indexed,13.756035
230,Natural Resources and Mining,indexed,13.87576
231,Natural Resources and Mining,indexed,14.31527
232,Natural Resources and Mining,indexed,14.475203
233,Natural Resources and Mining,indexed,14.519319
234,Natural Resources and Mining,indexed,14.543254
235,Natural Resources and Mining,indexed,14.817416
236,Natural Resources and Mining,indexed,14.790332
237,Natural Resources and Mining,indexed,14.621425
238,Natural Resources and Mining,indexed,14.453587
239,Natural Resources and Mining,indexed,14.185231
240,Natural Resources and Mining,indexed,13.678511
241,Natural Resources and Mining,indexed,13.706923
242,Natural Resources and Mining,indexed,13.924771
243,Natural Resources and Mining,indexed,13.492411
244,Natural Resources and Mining,indexed,13.561901
245,Natural Resources and Mining,indexed,13.748225
246,Natural Resources and Mining,indexed,13.601596
247,Natural Resources and Mining,indexed,13.786583
248,Natural Resources and Mining,indexed,13.906642
249,Natural Resources and Mining,indexed,13.865422
250,Natural Resources and Mining,indexed,13.945072
251,Natural Resources and Mining,indexed,13.958226
252,Natural Resources and Mining,indexed,14.222311
253,Natural Resources and Mining,indexed,14.237812
254,Natural Resources and Mining,indexed,13.799623
255,Natural Resources and Mining,indexed,13.958736
256,Natural Resources and Mining,indexed,14.292551
257,Natural Resources and Mining,indexed,14.544138
258,Natural Resources and Mining,indexed,14.813693
259,Natural Resources and Mining,indexed,14.715063
260,Natural Resources and Mining,indexed,14.088902
261,Natural Resources and Mining,indexed,13.805839
262,Natural Resources and Mining,indexed,
263,Natural Resources and Mining,indexed,13.781188
264,Natural Resources and Mining,indexed,13.969626
265,Natural Resources and Mining,indexed,14.15301
266,Natural Resources and Mining,indexed,14.380446
267,Natural Resources and Mining,indexed,14.285294
268,Natural Resources and Mining,indexed,14.488006
269,Natural Resources and Mining,indexed,14.309169
0,Construction,indexed,0.0
1,Construction,indexed,0.750607
2,Construction,indexed,1.30741
3,Construction,indexed,1.683153
4,Construction,indexed,1.959254
5,Construction,indexed,2.182578
6,Construction,indexed,2.562037
7,Construction,indexed,2.85523
8,Construction,indexed,3.267494
9,Construction,indexed,3.698822
10,Construction,indexed,4.053164
11,Construction,indexed,4.338252
12,Construction,indexed,4.57717
13,Construction,indexed,4.737531
14,Construction,indexed,5.028407
15,Construction,indexed,5.17167
16,Construction,indexed,5.462101
17,Construction,indexed,5.637101
18,Construction,indexed,5.824806
19,Construction,indexed,6.019055
20,Construction,indexed,6.177686
21,Construction,indexed,6.154731
22,Construction,indexed,6.199049
23,Construction,indexed,6.250352
24,Construction,indexed,6.302202
25,Construction,indexed,6.359115
26,Construction,indexed,6.315222
27,Construction,indexed,6.372202
28,Construction,indexed,6.53473
29,Construction,indexed,6.724259
30,Construction,indexed,6.810657
31,Construction,indexed,6.760545
32,Construction,indexed,6.828456
33,Construction,indexed,7.004652
34,Construction,indexed,7.200809
35,Construction,indexed,7.362076
36,Construction,indexed,7.551793
37,Construction,indexed,7.538757
38,Construction,indexed,7.68382
39,Construction,indexed,7.87634
40,Construction,indexed,8.087475
41,Construction,indexed,8.329931
42,Construction,indexed,8.599681
43,Construction,indexed,8.818074
44,Construction,indexed,8.888692
45,Construction,indexed,8.833787
46,Construction,indexed,8.967342
47,Construction,indexed,9.056462
48,Construction,indexed,9.161936
49,Construction,indexed,9.314853
50,Construction,indexed,9.485201
51,Construction,indexed,9.678222
52,Construction,indexed,9.717408
53,Construction,indexed,9.854993
54,Construction,indexed,9.92129
55,Construction,indexed,10.059269
56,Construction,indexed,10.121622
57,Construction,indexed,10.217175
58,Construction,indexed,10.290312
59,Construction,indexed,10.282543
60,Construction,indexed,10.377032
61,Construction,indexed,10.477639
62,Construction,indexed,10.607439
63,Construction,indexed,10.702487
64,Construction,indexed,10.750109
65,Construction,indexed,10.801008
66,Construction,indexed,10.875016
67,Construction,indexed,11.016152
68,Construction,indexed,11.034519
69,Construction,indexed,11.063061
70,Construction,indexed,11.091718
71,Construction,indexed,11.029918
72,Construction,indexed,10.983397
73,Construction,indexed,10.984284
74,Construction,indexed,11.095288
75,Construction,indexed,11.248578
76,Construction,indexed,11.306111
77,Construction,indexed,11.246463
78,Construction,indexed,11.209604
79,Construction,indexed,11.018336
80,Construction,indexed,10.887689
81,Construction,indexed,10.74278
82,Construction,indexed,10.707975
83,Construction,indexed,10.693326
84,Construction,indexed,10.654166
85,Construction,indexed,10.753867
86,Construction,indexed,10.783708
87,Construction,indexed,10.651817
88,Construction,indexed,10.468366
89,Construction,indexed,10.354829
90,Construction,indexed,10.184465
91,Construction,indexed,10.04789
92,Construction,indexed,10.060904
93,Construction,indexed,9.897065
94,Construction,indexed,9.912231
95,Construction,indexed,9.922259
96,Construction,indexed,9.800929
97,Construction,indexed,9.702975
98,Construction,indexed,9.487181
99,Construction,indexed,9.365198
100,Construction,indexed,9.393833
101,Construction,indexed,9.495627
102,Construction,indexed,9.718189
103,Construction,indexed,10.080099
104,Construction,indexed,10.45919
105,Construction,indexed,10.839795
106,Construction,indexed,11.247924
107,Construction,indexed,11.667962
108,Construction,indexed,12.225699
109,Construction,indexed,12.499758
110,Construction,indexed,12.767963
111,Construction,indexed,12.910873
112,Construction,indexed,13.011584
113,Construction,indexed,13.175326
114,Construction,indexed,13.248664
115,Construction,indexed,13.277248
116,Construction,indexed,13.478254
117,Construction,indexed,13.627311
118,Construction,indexed,13.799194
119,Construction,indexed,13.885148
120,Construction,indexed,13.841416
121,Construction,indexed,14.028986
122,Construction,indexed,14.140494
123,Construction,indexed,14.336519
124,Construction,indexed,14.392226
125,Construction,indexed,14.44077
126,Construction,indexed,14.429965
127,Construction,indexed,14.241436
128,Construction,indexed,14.056297
129,Construction,indexed,13.791938
130,Construction,indexed,13.525148
131,Construction,indexed,13.423132
132,Construction,indexed,13.22292
133,Construction,indexed,12.97775
134,Construction,indexed,12.899607
135,Construction,indexed,12.718113
136,Construction,indexed,12.646141
137,Construction,indexed,12.626941
138,Construction,indexed,12.598038
139,Construction,indexed,12.75605
140,Construction,indexed,12.884429
141,Construction,indexed,12.935959
142,Construction,indexed,13.055498
143,Construction,indexed,13.012851
144,Construction,indexed,13.147897
145,Construction,indexed,13.253184
146,Construction,indexed,13.332927
147,Construction,indexed,13.444683
148,Construction,indexed,13.500767
149,Construction,indexed,13.576883
150,Construction,indexed,13.756729
151,Construction,indexed,13.649417
152,Construction,indexed,13.629092
153,Construction,indexed,13.640176
154,Construction,indexed,13.569181
155,Construction,indexed,13.461679
156,Construction,indexed,13.578361
157,Construction,indexed,13.639386
158,Construction,indexed,13.742349
159,Construction,indexed,13.949468
160,Construction,indexed,14.050577
161,Construction,indexed,14.260213
162,Construction,indexed,14.412219
163,Construction,indexed,14.534472
164,Construction,indexed,14.695184
165,Construction,indexed,14.869991
166,Construction,indexed,15.142951
167,Construction,indexed,15.570921
168,Construction,indexed,15.791362
169,Construction,indexed,15.94628
170,Construction,indexed,16.177767
171,Construction,indexed,16.326228
172,Construction,indexed,16.443352
173,Construction,indexed,16.61358
174,Construction,indexed,16.759656
175,Construction,indexed,16.964067
176,Construction,indexed,17.177742
177,Construction,indexed,17.224243
178,Construction,indexed,17.176055
179,Construction,indexed,17.167493
180,Construction,indexed,17.136747
181,Construction,indexed,17.021413
182,Construction,indexed,16.916948
183,Construction,indexed,16.782215
184,Construction,indexed,16.845929
185,Construction,indexed,16.820056
186,Construction,indexed,16.820825
187,Construction,indexed,16.893169
188,Construction,indexed,16.799453
189,Construction,indexed,16.946226
190,Construction,indexed,17.101254
191,Construction,indexed,17.130844
192,Construction,indexed,17.177858
193,Construction,indexed,17.343774
194,Construction,indexed,17.562259
195,Construction,indexed,17.833414
196,Construction,indexed,17.998957
197,Construction,indexed,18.034675
198,Construction,indexed,18.212936
199,Construction,indexed,18.297624
200,Construction,indexed,18.363062
201,Construction,indexed,18.393263
202,Construction,indexed,18.383462
203,Construction,indexed,18.396135
204,Construction,indexed,18.104338
205,Construction,indexed,18.024191
206,Construction,indexed,18.016517
207,Construction,indexed,18.083816
208,Construction,indexed,18.203874
209,Construction,indexed,18.42389
210,Construction,indexed,18.536324
211,Construction,indexed,18.738098
212,Construction,indexed,18.943661
213,Construction,indexed,18.865345
214,Construction,indexed,18.887034
215,Construction,indexed,19.030902
216,Construction,indexed,19.109868
217,Construction,indexed,19.24707
218,Construction,indexed,19.452744
219,Construction,indexed,19.267338
220,Construction,indexed,19.243266
221,Construction,indexed,19.191431
222,Construction,indexed,19.159822
223,Construction,indexed,19.040524
224,Construction,indexed,18.997474
225,Construction,indexed,18.967423
226,Construction,indexed,18.895675
227,Construction,indexed,18.786419
228,Construction,indexed,18.690162
229,Construction,indexed,18.627574
230,Construction,indexed,18.528243
231,Construction,indexed,18.550312
232,Construction,indexed,18.469473
233,Construction,indexed,18.503309
234,Construction,indexed,18.524507
235,Construction,indexed,18.744005
236,Construction,indexed,18.922249
237,Construction,indexed,19.079986
238,Construction,indexed,19.386495
239,Construction,indexed,19.710534
240,Construction,indexed,19.896707
241,Construction,indexed,19.910342
242,Construction,indexed,19.904201
243,Construction,indexed,19.855927
244,Construction,indexed,19.900045
245,Construction,indexed,19.96424
246,Construction,indexed,20.005329
247,Construction,indexed,19.894221
248,Construction,indexed,19.795263
249,Construction,indexed,19.739641
250,Construction,indexed,19.614248
251,Construction,indexed,19.6368
252,Construction,indexed,19.691418
253,Construction,indexed,19.904526
254,Construction,indexed,20.180295
255,Construction,indexed,20.511501
256,Construction,indexed,20.722863
257,Construction,indexed,20.795057
258,Construction,indexed,20.998845
259,Construction,indexed,21.148878
260,Construction,indexed,21.405289
261,Construction,indexed,21.606916
262,Construction,indexed,
263,Construction,indexed,21.916721
264,Construction,indexed,21.955852
265,Construction,indexed,22.172142
266,Construction,indexed,22.268997
267,Construction,indexed,22.339725
268,Construction,indexed,22.487963
269,Construction,indexed,22.395635
0,Manufacturing,indexed,0.0
1,Manufacturing,indexed,0.781942
2,Manufacturing,indexed,1.432247
3,Manufacturing,indexed,2.016919
4,Manufacturing,indexed,2.628858
5,Manufacturing,indexed,3.158924
6,Manufacturing,indexed,3.560406
7,Manufacturing,indexed,3.747313
8,Manufacturing,indexed,3.974086
9,Manufacturing,indexed,4.261606
10,Manufacturing,indexed,4.557845
11,Manufacturing,indexed,4.743523
12,Manufacturing,indexed,4.840714
13,Manufacturing,indexed,4.96342
14,Manufacturing,indexed,4.996638
15,Manufacturing,indexed,5.048635
16,Manufacturing,indexed,5.121157
17,Manufacturing,indexed,5.184194
18,Manufacturing,indexed,5.301751
19,Manufacturing,indexed,5.372066
20,Manufacturing,indexed,5.415804
21,Manufacturing,indexed,5.49426
22,Manufacturing,indexed,5.483508
23,Manufacturing,indexed,5.518263
24,Manufacturing,indexed,5.471185
25,Manufacturing,indexed,5.470368
26,Manufacturing,indexed,5.487165
27,Manufacturing,indexed,5.533803
28,Manufacturing,indexed,5.613385
29,Manufacturing,indexed,5.763669
30,Manufacturing,indexed,5.931574
31,Manufacturing,indexed,5.965934
32,Manufacturing,indexed,6.029435
33,Manufacturing,indexed,6.154411
34,Manufacturing,indexed,6.26015
35,Manufacturing,indexed,6.318565
36,Manufacturing,indexed,6.423246
37,Manufacturing,indexed,6.42625
38,Manufacturing,indexed,6.388354
39,Manufacturing,indexed,6.320223
40,Manufacturing,indexed,6.159358
41,Manufacturing,indexed,6.088723
42,Manufacturing,indexed,5.944445
43,Manufacturing,indexed,5.936475
44,Manufacturing,indexed,5.978319
45,Manufacturing,indexed,6.115132
46,Manufacturing,indexed,6.33002
47,Manufacturing,indexed,6.504007
48,Manufacturing,indexed,6.683456
49,Manufacturing,indexed,6.762962
50,Manufacturing,indexed,6.914009
51,Manufacturing,indexed,6.99985
52,Manufacturing,indexed,7.082018
53,Manufacturing,indexed,7.201627
54,Manufacturing,indexed,7.25923
55,Manufacturing,indexed,7.334878
56,Manufacturing,indexed,7.356205
57,Manufacturing,indexed,7.337267
58,Manufacturing,indexed,7.333911
59,Manufacturing,indexed,7.308678
60,Manufacturing,indexed,7.37588
61,Manufacturing,indexed,7.542888
62,Manufacturing,indexed,7.617238
63,Manufacturing,indexed,7.69746
64,Manufacturing,indexed,7.704652
65,Manufacturing,indexed,7.622721
66,Manufacturing,indexed,7.531685
67,Manufacturing,indexed,7.482128
68,Manufacturing,indexed,7.542043
69,Manufacturing,indexed,7.572745
70,Manufacturing,indexed,7.700792
71,Manufacturing,indexed,7.872324
72,Manufacturing,indexed,7.869391
73,Manufacturing,indexed,7.920029
74,Manufacturing,indexed,7.896096
75,Manufacturing,indexed,7.859011
76,Manufacturing,indexed,7.855426
77,Manufacturing,indexed,7.943561
78,Manufacturing,indexed,7.995504
79,Manufacturing,indexed,8.018777
80,Manufacturing,indexed,8.060729
81,Manufacturing,indexed,8.157747
82,Manufacturing,indexed,8.252426
83,Manufacturing,indexed,8.325687
84,Manufacturing,indexed,8.429449
85,Manufacturing,indexed,8.505691
86,Manufacturing,indexed,8.566305
87,Manufacturing,indexed,8.590904
88,Manufacturing,indexed,8.616362
89,Manufacturing,indexed,8.604714
90,Manufacturing,indexed,8.669968
91,Manufacturing,indexed,8.760193
92,Manufacturing,indexed,8.805527
93,Manufacturing,indexed,8.903805
94,Manufacturing,indexed,9.005206
95,Manufacturing,indexed,9.155757
96,Manufacturing,indexed,9.184091
97,Manufacturing,indexed,9.110246
98,Manufacturing,indexed,9.069004
99,Manufacturing,indexed,9.063459
100,Manufacturing,indexed,8.936265
101,Manufacturing,indexed,8.95318
102,Manufacturing,indexed,8.960093
103,Manufacturing,indexed,8.878458
104,Manufacturing,indexed,8.950114
105,Manufacturing,indexed,8.943315
106,Manufacturing,indexed,8.91838
107,Manufacturing,indexed,9.007664
108,Manufacturing,indexed,9.172548
109,Manufacturing,indexed,9.305842
110,Manufacturing,indexed,9.47995
111,Manufacturing,indexed,9.544633
112,Manufacturing,indexed,9.573371
113,Manufacturing,indexed,9.598181
114,Manufacturing,indexed,9.711862
115,Manufacturing,indexed,9.813572
116,Manufacturing,indexed,9.840324
117,Manufacturing,indexed,9.846406
118,Manufacturing,indexed,9.893782
119,Manufacturing,indexed,9.861413
120,Manufacturing,indexed,9.766338
121,Manufacturing,indexed,9.818505
122,Manufacturing,indexed,9.827071
123,Manufacturing,indexed,9.777929
124,Manufacturing,indexed,9.751756
125,Manufacturing,indexed,9.747479
126,Manufacturing,indexed,9.643342
127,Manufacturing,indexed,9.677762
128,Manufacturing,indexed,9.712109
129,Manufacturing,indexed,9.708319
130,Manufacturing,indexed,9.643263
131,Manufacturing,indexed,9.59483
132,Manufacturing,indexed,9.703769
133,Manufacturing,indexed,9.756389
134,Manufacturing,indexed,9.801497
135,Manufacturing,indexed,9.873586
136,Manufacturing,indexed,9.844753
137,Manufacturing,indexed,9.886049
138,Manufacturing,indexed,9.974862
139,Manufacturing,indexed,9.992841
140,Manufacturing,indexed,10.095316
141,Manufacturing,indexed,10.105216
142,Manufacturing,indexed,10.175608
143,Manufacturing,indexed,10.257504
144,Manufacturing,indexed,10.293419
145,Manufacturing,indexed,10.332178
146,Manufacturing,indexed,10.302255
147,Manufacturing,indexed,10.383706
148,Manufacturing,indexed,10.481279
149,Manufacturing,indexed,10.539021
150,Manufacturing,indexed,10.603557
151,Manufacturing,indexed,10.656926
152,Manufacturing,indexed,10.799508
153,Manufacturing,indexed,10.893167
154,Manufacturing,indexed,10.989735
155,Manufacturing,indexed,11.019659
156,Manufacturing,indexed,11.053712
157,Manufacturing,indexed,11.251222
158,Manufacturing,indexed,11.340239
159,Manufacturing,indexed,11.373373
160,Manufacturing,indexed,11.411573
161,Manufacturing,indexed,11.435082
162,Manufacturing,indexed,11.344781
163,Manufacturing,indexed,11.216804
164,Manufacturing,indexed,11.212724
165,Manufacturing,indexed,11.138615
166,Manufacturing,indexed,11.10884
167,Manufacturing,indexed,11.206504
168,Manufacturing,indexed,11.3348
169,Manufacturing,indexed,11.332464
170,Manufacturing,indexed,11.339135
171,Manufacturing,indexed,11.393993
172,Manufacturing,indexed,11.364561
173,Manufacturing,indexed,11.348059
174,Manufacturing,indexed,11.381631
175,Manufacturing,indexed,11.409795
176,Manufacturing,indexed,11.515095
177,Manufacturing,indexed,11.544433
178,Manufacturing,indexed,11.666325
179,Manufacturing,indexed,11.717977
180,Manufacturing,indexed,11.673439
181,Manufacturing,indexed,11.745032
182,Manufacturing,indexed,11.748027
183,Manufacturing,indexed,11.702851
184,Manufacturing,indexed,11.708379
185,Manufacturing,indexed,11.831523
186,Manufacturing,indexed,11.947281
187,Manufacturing,indexed,12.08361
188,Manufacturing,indexed,12.136385
189,Manufacturing,indexed,12.352859
190,Manufacturing,indexed,12.436529
191,Manufacturing,indexed,12.432093
192,Manufacturing,indexed,12.609864
193,Manufacturing,indexed,12.632446
194,Manufacturing,indexed,12.595594
195,Manufacturing,indexed,12.705593
196,Manufacturing,indexed,12.943935
197,Manufacturing,indexed,13.154815
198,Manufacturing,indexed,13.26935
199,Manufacturing,indexed,13.376626
200,Manufacturing,indexed,13.385798
201,Manufacturing,indexed,13.328068
202,Manufacturing,indexed,13.430188
203,Manufacturing,indexed,13.53432
204,Manufacturing,indexed,13.431438
205,Manufacturing,indexed,13.586685
206,Manufacturing,indexed,13.721327
207,Manufacturing,indexed,13.813988
208,Manufacturing,indexed,13.618989
209,Manufacturing,indexed,13.517201
210,Manufacturing,indexed,13.587696
211,Manufacturing,indexed,13.613507
212,Manufacturing,indexed,13.694941
213,Manufacturing,indexed,13.741432
214,Manufacturing,indexed,13.782808
215,Manufacturing,indexed,13.927953
216,Manufacturing,indexed,13.990071
217,Manufacturing,indexed,14.201014
218,Manufacturing,indexed,14.369624
219,Manufacturing,indexed,14.449944
220,Manufacturing,indexed,14.683753
221,Manufacturing,indexed,14.684758
222,Manufacturing,indexed,14.696225
223,Manufacturing,indexed,14.694078
224,Manufacturing,indexed,14.756656
225,Manufacturing,indexed,14.91689
226,Manufacturing,indexed,15.023324
227,Manufacturing,indexed,15.129697
228,Manufacturing,indexed,15.174074
229,Manufacturing,indexed,15.174396
230,Manufacturing,indexed,15.267813
231,Manufacturing,indexed,15.378904
232,Manufacturing,indexed,15.360607
233,Manufacturing,indexed,15.363435
234,Manufacturing,indexed,15.314962
235,Manufacturing,indexed,15.340378
236,Manufacturing,indexed,15.389528
237,Manufacturing,indexed,15.458469
238,Manufacturing,indexed,15.646378
239,Manufacturing,indexed,15.814021
240,Manufacturing,indexed,15.952377
241,Manufacturing,indexed,16.154975
242,Manufacturing,indexed,16.234123
243,Manufacturing,indexed,16.346489
244,Manufacturing,indexed,16.460229
245,Manufacturing,indexed,16.44348
246,Manufacturing,indexed,16.426966
247,Manufacturing,indexed,16.530593
248,Manufacturing,indexed,16.671018
249,Manufacturing,indexed,16.753257
250,Manufacturing,indexed,16.752577
251,Manufacturing,indexed,16.693477
252,Manufacturing,indexed,16.726482
253,Manufacturing,indexed,16.842174
254,Manufacturing,indexed,17.002851
255,Manufacturing,indexed,17.149474
256,Manufacturing,indexed,17.132367
257,Manufacturing,indexed,17.135911
258,Manufacturing,indexed,17.147375
259,Manufacturing,indexed,17.137761
260,Manufacturing,indexed,17.227892
261,Manufacturing,indexed,17.373942
262,Manufacturing,indexed,
263,Manufacturing,indexed,17.427713
264,Manufacturing,indexed,17.599162
265,Manufacturing,indexed,17.801127
266,Manufacturing,indexed,17.997689
267,Manufacturing,indexed,18.080966
268,Manufacturing,indexed,18.069413
269,Manufacturing,indexed,18.043055
0,"Trade, Transportation, and Utilities",indexed,0.0
1,"Trade, Transportation, and Utilities",indexed,0.522051
2,"Trade, Transportation, and Utilities",indexed,0.948906
3,"Trade, Transportation, and Utilities",indexed,1.341906
4,"Trade, Transportation, and Utilities",indexed,1.71623
5,"Trade, Transportation, and Utilities",indexed,2.031857
6,"Trade, Transportation, and Utilities",indexed,2.295142
7,"Trade, Transportation, and Utilities",indexed,2.551018
8,"Trade, Transportation, and Utilities",indexed,2.79705
9,"Trade, Transportation, and Utilities",indexed,2.889756
10,"Trade, Transportation, and Utilities",indexed,2.965197
11,"Trade, Transportation, and Utilities",indexed,3.095542
12,"Trade, Transportation, and Utilities",indexed,3.24586
13,"Trade, Transportation, and Utilities",indexed,3.366072
14,"Trade, Transportation, and Utilities",indexed,3.406774
15,"Trade, Transportation, and Utilities",indexed,3.367902
16,"Trade, Transportation, and Utilities",indexed,3.326733
17,"Trade, Transportation, and Utilities",indexed,3.337914
18,"Trade, Transportation, and Utilities",indexed,3.36112
19,"Trade, Transportation, and Utilities",indexed,3.372171
20,"Trade, Transportation, and Utilities",indexed,3.402009
21,"Trade, Transportation, and Utilities",indexed,3.459437
22,"Trade, Transportation, and Utilities",indexed,3.504982
23,"Trade, Transportation, and Utilities",indexed,3.611461
24,"Trade, Transportation, and Utilities",indexed,3.7063
25,"Trade, Transportation, and Utilities",indexed,3.854896
26,"Trade, Transportation, and Utilities",indexed,3.950866
27,"Trade, Transportation, and Utilities",indexed,4.098322
28,"Trade, Transportation, and Utilities",indexed,4.161926
29,"Trade, Transportation, and Utilities",indexed,4.234524
30,"Trade, Transportation, and Utilities",indexed,4.260516
31,"Trade, Transportation, and Utilities",indexed,4.224312
32,"Trade, Transportation, and Utilities",indexed,4.211433
33,"Trade, Transportation, and Utilities",indexed,4.200949
34,"Trade, Transportation, and Utilities",indexed,4.250757
35,"Trade, Transportation, and Utilities",indexed,4.296109
36,"Trade, Transportation, and Utilities",indexed,4.348504
37,"Trade, Transportation, and Utilities",indexed,4.312416
38,"Trade, Transportation, and Utilities",indexed,4.313404
39,"Trade, Transportation, and Utilities",indexed,4.239684
40,"Trade, Transportation, and Utilities",indexed,4.249213
41,"Trade, Transportation, and Utilities",indexed,4.272466
42,"Trade, Transportation, and Utilities",indexed,4.359061
43,"Trade, Transportation, and Utilities",indexed,4.428822
44,"Trade, Transportation, and Utilities",indexed,4.531787
45,"Trade, Transportation, and Utilities",indexed,4.67539
46,"Trade, Transportation, and Utilities",indexed,4.723935
47,"Trade, Transportation, and Utilities",indexed,4.7788
48,"Trade, Transportation, and Utilities",indexed,4.800897
49,"Trade, Transportation, and Utilities",indexed,4.913736
50,"Trade, Transportation, and Utilities",indexed,5.039054
51,"Trade, Transportation, and Utilities",indexed,5.187161
52,"Trade, Transportation, and Utilities",indexed,5.303774
53,"Trade, Transportation, and Utilities",indexed,5.420558
54,"Trade, Transportation, and Utilities",indexed,5.524326
55,"Trade, Transportation, and Utilities",indexed,5.604787
56,"Trade, Transportation, and Utilities",indexed,5.633477
57,"Trade, Transportation, and Utilities",indexed,5.587323
58,"Trade, Transportation, and Utilities",indexed,5.513568
59,"Trade, Transportation, and Utilities",indexed,5.41022
60,"Trade, Transportation, and Utilities",indexed,5.423328
61,"Trade, Transportation, and Utilities",indexed,5.370326
62,"Trade, Transportation, and Utilities",indexed,5.450699
63,"Trade, Transportation, and Utilities",indexed,5.440886
64,"Trade, Transportation, and Utilities",indexed,5.411062
65,"Trade, Transportation, and Utilities",indexed,5.379388
66,"Trade, Transportation, and Utilities",indexed,5.345905
67,"Trade, Transportation, and Utilities",indexed,5.385349
68,"Trade, Transportation, and Utilities",indexed,5.50331
69,"Trade, Transportation, and Utilities",indexed,5.67475
70,"Trade, Transportation, and Utilities",indexed,5.793244
71,"Trade, Transportation, and Utilities",indexed,5.861918
72,"Trade, Transportation, and Utilities",indexed,5.881385
73,"Trade, Transportation, and Utilities",indexed,6.010076
74,"Trade, Transportation, and Utilities",indexed,6.120679
75,"Trade, Transportation, and Utilities",indexed,6.216999
76,"Trade, Transportation, and Utilities",indexed,6.349956
77,"Trade, Transportation, and Utilities",indexed,6.481076
78,"Trade, Transportation, and Utilities",indexed,6.506871
79,"Trade, Transportation, and Utilities",indexed,6.554754
80,"Trade, Transportation, and Utilities",indexed,6.62815
81,"Trade, Transportation, and Utilities",indexed,6.754226
82,"Trade, Transportation, and Utilities",indexed,6.890651
83,"Trade, Transportation, and Utilities",indexed,7.009476
84,"Trade, Transportation, and Utilities",indexed,7.127075
85,"Trade, Transportation, and Utilities",indexed,7.119606
86,"Trade, Transportation, and Utilities",indexed,7.052283
87,"Trade, Transportation, and Utilities",indexed,7.025565
88,"Trade, Transportation, and Utilities",indexed,7.051074
89,"Trade, Transportation, and Utilities",indexed,7.122303
90,"Trade, Transportation, and Utilities",indexed,7.268684
91,"Trade, Transportation, and Utilities",indexed,7.411448
92,"Trade, Transportation, and Utilities",indexed,7.52684
93,"Trade, Transportation, and Utilities",indexed,7.513526
94,"Trade, Transportation, and Utilities",indexed,7.527987
95,"Trade, Transportation, and Utilities",indexed,7.541262
96,"Trade, Transportation, and Utilities",indexed,7.552947
97,"Trade, Transportation, and Utilities",indexed,7.54175
98,"Trade, Transportation, and Utilities",indexed,7.616915
99,"Trade, Transportation, and Utilities",indexed,7.659274
100,"Trade, Transportation, and Utilities",indexed,7.715747
101,"Trade, Transportation, and Utilities",indexed,7.792265
102,"Trade, Transportation, and Utilities",indexed,7.814246
103,"Trade, Transportation, and Utilities",indexed,7.904979
104,"Trade, Transportation, and Utilities",indexed,7.94847
105,"Trade, Transportation, and Utilities",indexed,7.977633
106,"Trade, Transportation, and Utilities",indexed,7.921495
107,"Trade, Transportation, and Utilities",indexed,7.962446
108,"Trade, Transportation, and Utilities",indexed,8.071827
109,"Trade, Transportation, and Utilities",indexed,8.172057
110,"Trade, Transportation, and Utilities",indexed,8.186356
111,"Trade, Transportation, and Utilities",indexed,8.213894
112,"Trade, Transportation, and Utilities",indexed,8.200805
113,"Trade, Transportation, and Utilities",indexed,8.142912
114,"Trade, Transportation, and Utilities",indexed,8.107881
115,"Trade, Transportation, and Utilities",indexed,8.066324
116,"Trade, Transportation, and Utilities",indexed,8.11091
117,"Trade, Transportation, and Utilities",indexed,8.129043
118,"Trade, Transportation, and Utilities",indexed,8.220554
119,"Trade, Transportation, and Utilities",indexed,8.164571
120,"Trade, Transportation, and Utilities",indexed,8.066598
121,"Trade, Transportation, and Utilities",indexed,7.971143
122,"Trade, Transportation, and Utilities",indexed,7.904647
123,"Trade, Transportation, and Utilities",indexed,7.928248
124,"Trade, Transportation, and Utilities",indexed,7.958188
125,"Trade, Transportation, and Utilities",indexed,8.034484
126,"Trade, Transportation, and Utilities",indexed,8.078238
127,"Trade, Transportation, and Utilities",indexed,8.136778
128,"Trade, Transportation, and Utilities",indexed,8.144945
129,"Trade, Transportation, and Utilities",indexed,8.203186
130,"Trade, Transportation, and Utilities",indexed,8.247203
131,"Trade, Transportation, and Utilities",indexed,8.277593
132,"Trade, Transportation, and Utilities",indexed,8.309462
133,"Trade, Transportation, and Utilities",indexed,8.320519
134,"Trade, Transportation, and Utilities",indexed,8.341266
135,"Trade, Transportation, and Utilities",indexed,8.391115
136,"Trade, Transportation, and Utilities",indexed,8.404549
137,"Trade, Transportation, and Utilities",indexed,8.424755
138,"Trade, Transportation, and Utilities",indexed,8.428191
139,"Trade, Transportation, and Utilities",indexed,8.444486
140,"Trade, Transportation, and Utilities",indexed,8.498018
141,"Trade, Transportation, and Utilities",indexed,8.489734
142,"Trade, Transportation, and Utilities",indexed,8.475295
143,"Trade, Transportation, and Utilities",indexed,8.536087
144,"Trade, Transportation, and Utilities",indexed,8.594676
145,"Trade, Transportation, and Utilities",indexed,8.639335
146,"Trade, Transportation, and Utilities",indexed,8.681813
147,"Trade, Transportation, and Utilities",indexed,8.661781
148,"Trade, Transportation, and Utilities",indexed,8.701036
149,"Trade, Transportation, and Utilities",indexed,8.682472
150,"Trade, Transportation, and Utilities",indexed,8.720728
151,"Trade, Transportation, and Utilities",indexed,8.809573
152,"Trade, Transportation, and Utilities",indexed,8.922163
153,"Trade, Transportation, and Utilities",indexed,9.031323
154,"Trade, Transportation, and Utilities",indexed,9.025432
155,"Trade, Transportation, and Utilities",indexed,9.03235
156,"Trade, Transportation, and Utilities",indexed,9.026218
157,"Trade, Transportation, and Utilities",indexed,9.057045
158,"Trade, Transportation, and Utilities",indexed,9.192924
159,"Trade, Transportation, and Utilities",indexed,9.281963
160,"Trade, Transportation, and Utilities",indexed,9.351162
161,"Trade, Transportation, and Utilities",indexed,9.484379
162,"Trade, Transportation, and Utilities",indexed,9.528575
163,"Trade, Transportation, and Utilities",indexed,9.507544
164,"Trade, Transportation, and Utilities",indexed,9.463464
165,"Trade, Transportation, and Utilities",indexed,9.378876
166,"Trade, Transportation, and Utilities",indexed,9.403357
167,"Trade, Transportation, and Utilities",indexed,9.484737
168,"Trade, Transportation, and Utilities",indexed,9.580936
169,"Trade, Transportation, and Utilities",indexed,9.679583
170,"Trade, Transportation, and Utilities",indexed,9.830682
171,"Trade, Transportation, and Utilities",indexed,9.925438
172,"Trade, Transportation, and Utilities",indexed,10.0627
173,"Trade, Transportation, and Utilities",indexed,10.052751
174,"Trade, Transportation, and Utilities",indexed,10.059271
175,"Trade, Transportation, and Utilities",indexed,10.00937
176,"Trade, Transportation, and Utilities",indexed,10.00636
177,"Trade, Transportation, and Utilities",indexed,10.043326
178,"Trade, Transportation, and Utilities",indexed,10.083326
179,"Trade, Transportation, and Utilities",indexed,10.087843
180,"Trade, Transportation, and Utilities",indexed,10.157851
181,"Trade, Transportation, and Utilities",indexed,10.251498
182,"Trade, Transportation, and Utilities",indexed,10.283975
183,"Trade, Transportation, and Utilities",indexed,10.42054
184,"Trade, Transportation, and Utilities",indexed,10.502151
185,"Trade, Transportation, and Utilities",indexed,10.595884
186,"Trade, Transportation, and Utilities",indexed,10.772254
187,"Trade, Transportation, and Utilities",indexed,10.852566
188,"Trade, Transportation, and Utilities",indexed,10.94975
189,"Trade, Transportation, and Utilities",indexed,11.028693
190,"Trade, Transportation, and Utilities",indexed,11.182224
191,"Trade, Transportation, and Utilities",indexed,11.366607
192,"Trade, Transportation, and Utilities",indexed,11.533588
193,"Trade, Transportation, and Utilities",indexed,11.764736
194,"Trade, Transportation, and Utilities",indexed,11.950319
195,"Trade, Transportation, and Utilities",indexed,12.120802
196,"Trade, Transportation, and Utilities",indexed,12.316853
197,"Trade, Transportation, and Utilities",indexed,12.577129
198,"Trade, Transportation, and Utilities",indexed,12.67176
199,"Trade, Transportation, and Utilities",indexed,12.879253
200,"Trade, Transportation, and Utilities",indexed,13.048428
201,"Trade, Transportation, and Utilities",indexed,13.283597
202,"Trade, Transportation, and Utilities",indexed,13.545405
203,"Trade, Transportation, and Utilities",indexed,13.794978
204,"Trade, Transportation, and Utilities",indexed,13.990451
205,"Trade, Transportation, and Utilities",indexed,14.177019
206,"Trade, Transportation, and Utilities",indexed,14.321596
207,"Trade, Transportation, and Utilities",indexed,14.483778
208,"Trade, Transportation, and Utilities",indexed,14.631054
209,"Trade, Transportation, and Utilities",indexed,14.743246
210,"Trade, Transportation, and Utilities",indexed,15.042738
211,"Trade, Transportation, and Utilities",indexed,15.306564
212,"Trade, Transportation, and Utilities",indexed,15.599778
213,"Trade, Transportation, and Utilities",indexed,15.778805
214,"Trade, Transportation, and Utilities",indexed,16.021918
215,"Trade, Transportation, and Utilities",indexed,16.167263
216,"Trade, Transportation, and Utilities",indexed,16.240457
217,"Trade, Transportation, and Utilities",indexed,16.332641
218,"Trade, Transportation, and Utilities",indexed,16.408727
219,"Trade, Transportation, and Utilities",indexed,16.526842
220,"Trade, Transportation, and Utilities",indexed,16.631523
221,"Trade, Transportation, and Utilities",indexed,16.788299
222,"Trade, Transportation, and Utilities",indexed,16.933672
223,"Trade, Transportation, and Utilities",indexed,17.06935
224,"Trade, Transportation, and Utilities",indexed,17.142409
225,"Trade, Transportation, and Utilities",indexed,17.202711
226,"Trade, Transportation, and Utilities",indexed,17.237516
227,"Trade, Transportation, and Utilities",indexed,17.284344
228,"Trade, Transportation, and Utilities",indexed,17.414135
229,"Trade, Transportation, and Utilities",indexed,17.535493
230,"Trade, Transportation, and Utilities",indexed,17.656284
231,"Trade, Transportation, and Utilities",indexed,17.668715
232,"Trade, Transportation, and Utilities",indexed,17.664084
233,"Trade, Transportation, and Utilities",indexed,17.613972
234,"Trade, Transportation, and Utilities",indexed,17.467828
235,"Trade, Transportation, and Utilities",indexed,17.30069
236,"Trade, Transportation, and Utilities",indexed,17.196612
237,"Trade, Transportation, and Utilities",indexed,17.11321
238,"Trade, Transportation, and Utilities",indexed,17.012763
239,"Trade, Transportation, and Utilities",indexed,16.946869
240,"Trade, Transportation, and Utilities",indexed,16.927664
241,"Trade, Transportation, and Utilities",indexed,16.86779
242,"Trade, Transportation, and Utilities",indexed,16.8265
243,"Trade, Transportation, and Utilities",indexed,16.821953
244,"Trade, Transportation, and Utilities",indexed,16.849808
245,"Trade, Transportation, and Utilities",indexed,16.921073
246,"Trade, Transportation, and Utilities",indexed,17.019238
247,"Trade, Transportation, and Utilities",indexed,17.165333
248,"Trade, Transportation, and Utilities",indexed,17.311374
249,"Trade, Transportation, and Utilities",indexed,17.377672
250,"Trade, Transportation, and Utilities",indexed,17.500003
251,"Trade, Transportation, and Utilities",indexed,17.618675
252,"Trade, Transportation, and Utilities",indexed,17.621628
253,"Trade, Transportation, and Utilities",indexed,17.705466
254,"Trade, Transportation, and Utilities",indexed,17.779893
255,"Trade, Transportation, and Utilities",indexed,17.830083
256,"Trade, Transportation, and Utilities",indexed,17.865876
257,"Trade, Transportation, and Utilities",indexed,17.788548
258,"Trade, Transportation, and Utilities",indexed,17.787632
259,"Trade, Transportation, and Utilities",indexed,17.757985
260,"Trade, Transportation, and Utilities",indexed,17.78572
261,"Trade, Transportation, and Utilities",indexed,17.848906
262,"Trade, Transportation, and Utilities",indexed,
263,"Trade, Transportation, and Utilities",indexed,17.927592
264,"Trade, Transportation, and Utilities",indexed,17.89487
265,"Trade, Transportation, and Utilities",indexed,17.904663
266,"Trade, Transportation, and Utilities",indexed,17.896446
267,"Trade, Transportation, and Utilities",indexed,17.863047
268,"Trade, Transportation, and Utilities",indexed,17.813548
269,"Trade, Transportation, and Utilities",indexed,17.929764
0,Information,indexed,0.0
1,Information,indexed,1.319812
2,Information,indexed,2.291899
3,Information,indexed,3.214177
4,Information,indexed,3.920388
5,Information,indexed,4.632459
6,Information,indexed,5.131688
7,Information,indexed,5.806584
8,Information,indexed,6.578335
9,Information,indexed,6.919627
10,Information,indexed,7.220967
11,Information,indexed,7.304163
12,Information,indexed,7.670827
13,Information,indexed,7.61803
14,Information,indexed,7.905372
15,Information,indexed,8.328041
16,Information,indexed,8.67644
17,Information,indexed,8.73376
18,Information,indexed,8.978303
19,Information,indexed,8.874346
20,Information,indexed,8.930113
21,Information,indexed,9.151799
22,Information,indexed,9.321395
23,Information,indexed,9.633786
24,Information,indexed,9.647718
25,Information,indexed,9.515731
26,Information,indexed,9.412239
27,Information,indexed,9.187957
28,Information,indexed,9.096988
29,Information,indexed,9.175637
30,Information,indexed,9.232195
31,Information,indexed,9.378839
32,Information,indexed,9.573234
33,Information,indexed,9.538974
34,Information,indexed,9.467295
35,Information,indexed,9.503332
36,Information,indexed,9.863033
37,Information,indexed,10.375043
38,Information,indexed,10.527366
39,Information,indexed,10.83677
40,Information,indexed,11.072603
41,Information,indexed,11.075786
42,Information,indexed,11.136823
43,Information,indexed,11.100931
44,Information,indexed,11.005093
45,Information,indexed,11.281045
46,Information,indexed,11.388746
47,Information,indexed,11.361994
48,Information,indexed,11.223565
49,Information,indexed,11.00784
50,Information,indexed,10.686495
51,Information,indexed,10.523035
52,Information,indexed,10.368887
53,Information,indexed,10.420437
54,Information,indexed,10.414312
55,Information,indexed,10.57436
56,Information,indexed,10.500956
57,Information,indexed,10.309613
58,Information,indexed,10.571001
59,Information,indexed,10.700189
60,Information,indexed,10.872685
61,Information,indexed,11.037744
62,Information,indexed,11.269966
63,Information,indexed,11.582706
64,Information,indexed,11.814926
65,Information,indexed,12.067834
66,Information,indexed,12.43682
67,Information,indexed,12.662914
68,Information,indexed,12.754238
69,Information,indexed,12.643849
70,Information,indexed,12.475766
71,Information,indexed,12.531081
72,Information,indexed,12.529575
73,Information,indexed,12.337423
74,Information,indexed,12.455453
75,Information,indexed,12.481677
76,Information,indexed,12.517185
77,Information,indexed,12.340401
78,Information,indexed,12.278414
79,Information,indexed,12.391752
80,Information,indexed,12.725114
81,Information,indexed,13.139136
82,Information,indexed,13.368095
83,Information,indexed,13.375825
84,Information,indexed,13.43165
85,Information,indexed,13.638832
86,Information,indexed,14.069718
87,Information,indexed,14.109427
88,Information,indexed,14.241318
89,Information,indexed,14.193828
90,Information,indexed,14.535655
91,Information,indexed,14.673434
92,Information,indexed,14.918942
93,Information,indexed,15.21462
94,Information,indexed,15.537892
95,Information,indexed,15.896648
96,Information,indexed,16.240485
97,Information,indexed,16.148535
98,Information,indexed,15.884284
99,Information,indexed,16.102152
100,Information,indexed,16.067137
101,Information,indexed,16.069458
102,Information,indexed,15.65877
103,Information,indexed,15.807408
104,Information,indexed,15.820927
105,Information,indexed,15.817149
106,Information,indexed,16.006861
107,Information,indexed,16.193641
108,Information,indexed,15.958101
109,Information,indexed,15.941526
110,Information,indexed,15.683517
111,Information,indexed,15.654184
112,Information,indexed,15.693197
113,Information,indexed,15.768385
114,Information,indexed,15.908557
115,Information,indexed,15.986659
116,Information,indexed,16.014716
117,Information,indexed,16.107843
118,Information,indexed,16.141436
119,Information,indexed,16.275969
120,Information,indexed,16.356509
121,Information,indexed,16.430176
122,Information,indexed,16.651811
123,Information,indexed,16.568065
124,Information,indexed,17.053777
125,Information,indexed,17.470867
126,Information,indexed,17.707887
127,Information,indexed,17.980584
128,Information,indexed,18.099992
129,Information,indexed,17.819537
130,Information,indexed,17.659898
131,Information,indexed,17.573873
132,Information,indexed,17.569033
133,Information,indexed,17.721731
134,Information,indexed,17.87934
135,Information,indexed,17.948201
136,Information,indexed,17.896741
137,Information,indexed,17.811773
138,Information,indexed,17.639622
139,Information,indexed,17.682951
140,Information,indexed,17.895857
141,Information,indexed,17.906199
142,Information,indexed,18.073322
143,Information,indexed,18.330522
144,Information,indexed,18.280519
145,Information,indexed,18.477516
146,Information,indexed,18.618064
147,Information,indexed,18.541594
148,Information,indexed,18.25021
149,Information,indexed,18.000652
150,Information,indexed,17.737224
151,Information,indexed,17.773228
152,Information,indexed,17.941111
153,Information,indexed,18.192189
154,Information,indexed,18.623618
155,Information,indexed,18.796517
156,Information,indexed,19.184276
157,Information,indexed,19.302775
158,Information,indexed,19.478403
159,Information,indexed,19.68783
160,Information,indexed,19.962932
161,Information,indexed,20.254889
162,Information,indexed,20.350331
163,Information,indexed,20.434988
164,Information,indexed,20.028225
165,Information,indexed,19.888237
166,Information,indexed,19.776389
167,Information,indexed,19.954915
168,Information,indexed,20.164182
169,Information,indexed,20.010702
170,Information,indexed,19.899746
171,Information,indexed,19.841509
172,Information,indexed,19.818639
173,Information,indexed,19.719719
174,Information,indexed,19.836891
175,Information,indexed,19.84712
176,Information,indexed,20.136624
177,Information,indexed,20.164763
178,Information,indexed,20.323954
179,Information,indexed,20.498856
180,Information,indexed,20.627107
181,Information,indexed,20.551476
182,Information,indexed,20.338671
183,Information,indexed,20.280604
184,Information,indexed,20.320565
185,Information,indexed,20.361032
186,Information,indexed,20.482845
187,Information,indexed,20.453458
188,Information,indexed,20.445004
189,Information,indexed,20.630302
190,Information,indexed,20.978634
191,Information,indexed,21.087942
192,Information,indexed,21.016788
193,Information,indexed,21.110932
194,Information,indexed,20.969005
195,Information,indexed,21.082475
196,Information,indexed,21.48904
197,Information,indexed,22.052696
198,Information,indexed,22.020978
199,Information,indexed,22.082111
200,Information,indexed,22.35406
201,Information,indexed,22.376302
202,Information,indexed,22.305226
203,Information,indexed,22.363899
204,Information,indexed,22.293061
205,Information,indexed,22.609438
206,Information,indexed,22.834707
207,Information,indexed,23.061854
208,Information,indexed,22.985503
209,Information,indexed,22.888018
210,Information,indexed,23.041945
211,Information,indexed,22.926371
212,Information,indexed,22.71809
213,Information,indexed,22.453739
214,Information,indexed,22.756726
215,Information,indexed,22.724862
216,Information,indexed,22.935297
217,Information,indexed,22.886778
218,Information,indexed,23.073863
219,Information,indexed,22.877161
220,Information,indexed,22.822665
221,Information,indexed,23.18363
222,Information,indexed,23.362266
223,Information,indexed,23.59822
224,Information,indexed,23.824422
225,Information,indexed,24.446329
226,Information,indexed,24.465709
227,Information,indexed,24.457965
228,Information,indexed,24.316802
229,Information,indexed,24.150044
230,Information,indexed,24.125266
231,Information,indexed,24.529074
232,Information,indexed,24.463091
233,Information,indexed,24.343752
234,Information,indexed,24.638773
235,Information,indexed,24.997613
236,Information,indexed,25.096281
237,Information,indexed,24.601972
238,Information,indexed,24.682588
239,Information,indexed,24.762162
240,Information,indexed,24.918025
241,Information,indexed,25.275632
242,Information,indexed,25.35141
243,Information,indexed,25.417597
244,Information,indexed,25.247611
245,Information,indexed,24.924144
246,Information,indexed,24.34435
247,Information,indexed,23.975992
248,Information,indexed,23.955679
249,Information,indexed,24.565947
250,Information,indexed,24.64123
251,Information,indexed,24.29306
252,Information,indexed,24.35984
253,Information,indexed,24.261214
254,Information,indexed,24.142848
255,Information,indexed,24.414814
256,Information,indexed,24.481893
257,Information,indexed,24.865609
258,Information,indexed,25.252349
259,Information,indexed,25.570005
260,Information,indexed,26.036865
261,Information,indexed,25.769337
262,Information,indexed,
263,Information,indexed,25.904297
264,Information,indexed,25.716191
265,Information,indexed,25.657149
266,Information,indexed,25.688559
267,Information,indexed,25.532849
268,Information,indexed,25.542305
269,Information,indexed,25.598473
0,Financial Activities,indexed,0.0
1,Financial Activities,indexed,0.799883
2,Financial Activities,indexed,1.468897
3,Financial Activities,indexed,1.993351
4,Financial Activities,indexed,2.443097
5,Financial Activities,indexed,2.810385
6,Financial Activities,indexed,3.223642
7,Financial Activities,indexed,3.493912
8,Financial Activities,indexed,3.748434
9,Financial Activities,indexed,3.969659
10,Financial Activities,indexed,4.387241
11,Financial Activities,indexed,4.833528
12,Financial Activities,indexed,5.116239
13,Financial Activities,indexed,5.46321
14,Financial Activities,indexed,5.818828
15,Financial Activities,indexed,5.9981
16,Financial Activities,indexed,6.198831
17,Financial Activities,indexed,6.201581
18,Financial Activities,indexed,6.221314
19,Financial Activities,indexed,6.244404
20,Financial Activities,indexed,6.378146
21,Financial Activities,indexed,6.389224
22,Financial Activities,indexed,6.419955
23,Financial Activities,indexed,6.37537
24,Financial Activities,indexed,6.526506
25,Financial Activities,indexed,6.581238
26,Financial Activities,indexed,6.575092
27,Financial Activities,indexed,6.54457
28,Financial Activities,indexed,6.578614
29,Financial Activities,indexed,6.617875
30,Financial Activities,indexed,6.68325
31,Financial Activities,indexed,6.68809
32,Financial Activities,indexed,6.692475
33,Financial Activities,indexed,6.872105
34,Financial Activities,indexed,6.953289
35,Financial Activities,indexed,6.954147
36,Financial Activities,indexed,6.854998
37,Financial Activities,indexed,6.859702
38,Financial Activities,indexed,6.85924
39,Financial Activities,indexed,6.90558
40,Financial Activities,indexed,6.95342
41,Financial Activities,indexed,7.027764
42,Financial Activities,indexed,7.151834
43,Financial Activities,indexed,7.346068
44,Financial Activities,indexed,7.474058
45,Financial Activities,indexed,7.521513
46,Financial Activities,indexed,7.612486
47,Financial Activities,indexed,7.622446
48,Financial Activities,indexed,7.710662
49,Financial Activities,indexed,7.676926
50,Financial Activities,indexed,7.71283
51,Financial Activities,indexed,7.720699
52,Financial Activities,indexed,7.688144
53,Financial Activities,indexed,7.747224
54,Financial Activities,indexed,7.845121
55,Financial Activities,indexed,7.879024
56,Financial Activities,indexed,8.121083
57,Financial Activities,indexed,8.30007
58,Financial Activities,indexed,8.301574
59,Financial Activities,indexed,8.424383
60,Financial Activities,indexed,8.468527
61,Financial Activities,indexed,8.357824
62,Financial Activities,indexed,8.309845
63,Financial Activities,indexed,8.399779
64,Financial Activities,indexed,8.475767
65,Financial Activities,indexed,8.545503
66,Financial Activities,indexed,8.5959
67,Financial Activities,indexed,8.733672
68,Financial Activities,indexed,8.802432
69,Financial Activities,indexed,8.811707
70,Financial Activities,indexed,8.774188
71,Financial Activities,indexed,8.646226
72,Financial Activities,indexed,8.47085
73,Financial Activities,indexed,8.463829
74,Financial Activities,indexed,8.510385
75,Financial Activities,indexed,8.586322
76,Financial Activities,indexed,8.601884
77,Financial Activities,indexed,8.624297
78,Financial Activities,indexed,8.780782
79,Financial Activities,indexed,8.856677
80,Financial Activities,indexed,9.053319
81,Financial Activities,indexed,9.220525
82,Financial Activities,indexed,9.376767
83,Financial Activities,indexed,9.448268
84,Financial Activities,indexed,9.621868
85,Financial Activities,indexed,9.527379
86,Financial Activities,indexed,9.48043
87,Financial Activities,indexed,9.593863
88,Financial Activities,indexed,9.648643
89,Financial Activities,indexed,9.840396
90,Financial Activities,indexed,9.892775
91,Financial Activities,indexed,9.878161
92,Financial Activities,indexed,9.786645
93,Financial Activities,indexed,9.753771
94,Financial Activities,indexed,9.728587
95,Financial Activities,indexed,9.84563
96,Financial Activities,indexed,9.994501
97,Financial Activities,indexed,10.132708
98,Financial Activities,indexed,10.34691
99,Financial Activities,indexed,10.501346
100,Financial Activities,indexed,10.574991
101,Financial Activities,indexed,10.616776
102,Financial Activities,indexed,10.850424
103,Financial Activities,indexed,11.051408
104,Financial Activities,indexed,11.087049
105,Financial Activities,indexed,11.237597
106,Financial Activities,indexed,11.453716
107,Financial Activities,indexed,11.573818
108,Financial Activities,indexed,11.722974
109,Financial Activities,indexed,11.90617
110,Financial Activities,indexed,11.923463
111,Financial Activities,indexed,12.115404
112,Financial Activities,indexed,12.111301
113,Financial Activities,indexed,12.05702
114,Financial Activities,indexed,11.989653
115,Financial Activities,indexed,11.979788
116,Financial Activities,indexed,12.03402
117,Financial Activities,indexed,12.104435
118,Financial Activities,indexed,12.169719
119,Financial Activities,indexed,12.327622
120,Financial Activities,indexed,12.381792
121,Financial Activities,indexed,12.493954
122,Financial Activities,indexed,12.728534
123,Financial Activities,indexed,12.783291
124,Financial Activities,indexed,12.870525
125,Financial Activities,indexed,13.057256
126,Financial Activities,indexed,13.129961
127,Financial Activities,indexed,13.116245
128,Financial Activities,indexed,13.253704
129,Financial Activities,indexed,13.33824
130,Financial Activities,indexed,13.387017
131,Financial Activities,indexed,13.375863
132,Financial Activities,indexed,13.514902
133,Financial Activities,indexed,13.611169
134,Financial Activities,indexed,13.744078
135,Financial Activities,indexed,13.762638
136,Financial Activities,indexed,13.760456
137,Financial Activities,indexed,13.652573
138,Financial Activities,indexed,13.619629
139,Financial Activities,indexed,13.757863
140,Financial Activities,indexed,13.788674
141,Financial Activities,indexed,13.730186
142,Financial Activities,indexed,13.778328
143,Financial Activities,indexed,13.806008
144,Financial Activities,indexed,13.78763
145,Financial Activities,indexed,13.828461
146,Financial Activities,indexed,13.774506
147,Financial Activities,indexed,13.946464
148,Financial Activities,indexed,14.114008
149,Financial Activities,indexed,14.205937
150,Financial Activities,indexed,14.296314
151,Financial Activities,indexed,14.428004
152,Financial Activities,indexed,14.417812
153,Financial Activities,indexed,14.41339
154,Financial Activities,indexed,14.432075
155,Financial Activities,indexed,14.391011
156,Financial Activities,indexed,14.557453
157,Financial Activities,indexed,14.68599
158,Financial Activities,indexed,14.825401
159,Financial Activities,indexed,14.767861
160,Financial Activities,indexed,14.631153
161,Financial Activities,indexed,14.706321
162,Financial Activities,indexed,14.667536
163,Financial Activities,indexed,14.639676
164,Financial Activities,indexed,14.599619
165,Financial Activities,indexed,14.542437
166,Financial Activities,indexed,14.482762
167,Financial Activities,indexed,14.501524
168,Financial Activities,indexed,14.461613
169,Financial Activities,indexed,14.303926
170,Financial Activities,indexed,14.220149
171,Financial Activities,indexed,14.156861
172,Financial Activities,indexed,14.24694
173,Financial Activities,indexed,14.29994
174,Financial Activities,indexed,14.485603
175,Financial Activities,indexed,14.722884
176,Financial Activities,indexed,14.927393
177,Financial Activities,indexed,15.069215
178,Financial Activities,indexed,15.31725
179,Financial Activities,indexed,15.463878
180,Financial Activities,indexed,15.572248
181,Financial Activities,indexed,15.805619
182,Financial Activities,indexed,16.084129
183,Financial Activities,indexed,16.223675
184,Financial Activities,indexed,16.270324
185,Financial Activities,indexed,16.428691
186,Financial Activities,indexed,16.41606
187,Financial Activities,indexed,16.396761
188,Financial Activities,indexed,16.4109
189,Financial Activities,indexed,16.411279
190,Financial Activities,indexed,16.372028
191,Financial Activities,indexed,16.407953
192,Financial Activities,indexed,16.488132
193,Financial Activities,indexed,16.664474
194,Financial Activities,indexed,16.676538
195,Financial Activities,indexed,16.675902
196,Financial Activities,indexed,16.89036
197,Financial Activities,indexed,16.953829
198,Financial Activities,indexed,17.278891
199,Financial Activities,indexed,17.525439
200,Financial Activities,indexed,17.615308
201,Financial Activities,indexed,17.607045
202,Financial Activities,indexed,17.729168
203,Financial Activities,indexed,17.810099
204,Financial Activities,indexed,17.765568
205,Financial Activities,indexed,17.788473
206,Financial Activities,indexed,17.857528
207,Financial Activities,indexed,17.69284
208,Financial Activities,indexed,17.682224
209,Financial Activities,indexed,17.687809
210,Financial Activities,indexed,17.446511
211,Financial Activities,indexed,17.44581
212,Financial Activities,indexed,17.502331
213,Financial Activities,indexed,17.655071
214,Financial Activities,indexed,17.958811
215,Financial Activities,indexed,18.180029
216,Financial Activities,indexed,18.373952
217,Financial Activities,indexed,18.46206
218,Financial Activities,indexed,18.527601
219,Financial Activities,indexed,18.59526
220,Financial Activities,indexed,18.548418
221,Financial Activities,indexed,18.62518
222,Financial Activities,indexed,18.77208
223,Financial Activities,indexed,18.888064
224,Financial Activities,indexed,18.90615
225,Financial Activities,indexed,18.989277
226,Financial Activities,indexed,19.135421
227,Financial Activities,indexed,19.209377
228,Financial Activities,indexed,19.442617
229,Financial Activities,indexed,19.607753
230,Financial Activities,indexed,19.627393
231,Financial Activities,indexed,19.730401
232,Financial Activities,indexed,19.741228
233,Financial Activities,indexed,19.595374
234,Financial Activities,indexed,19.596053
235,Financial Activities,indexed,19.696577
236,Financial Activities,indexed,19.876127
237,Financial Activities,indexed,19.924931
238,Financial Activities,indexed,19.934893
239,Financial Activities,indexed,19.959518
240,Financial Activities,indexed,19.867457
241,Financial Activities,indexed,19.908716
242,Financial Activities,indexed,20.086762
243,Financial Activities,indexed,20.080587
244,Financial Activities,indexed,20.213635
245,Financial Activities,indexed,20.5308
246,Financial Activities,indexed,20.644707
247,Financial Activities,indexed,20.56262
248,Financial Activities,indexed,20.529096
249,Financial Activities,indexed,20.548388
250,Financial Activities,indexed,20.5416
251,Financial Activities,indexed,20.473521
252,Financial Activities,indexed,20.459359
253,Financial Activities,indexed,20.451311
254,Financial Activities,indexed,20.508027
255,Financial Activities,indexed,20.571613
256,Financial Activities,indexed,20.565711
257,Financial Activities,indexed,20.563735
258,Financial Activities,indexed,20.426096
259,Financial Activities,indexed,20.514387
260,Financial Activities,indexed,20.537505
261,Financial Activities,indexed,20.499064
262,Financial Activities,indexed,
263,Financial Activities,indexed,20.790181
264,Financial Activities,indexed,20.882488
265,Financial Activities,indexed,21.125854
266,Financial Activities,indexed,21.10724
267,Financial Activities,indexed,21.182522
268,Financial Activities,indexed,21.105595
269,Financial Activities,indexed,21.102421
0,Professional and Business Services,indexed,0.0
1,Professional and Business Services,indexed,0.791479
2,Professional and Business Services,indexed,1.417578
3,Professional and Business Services,indexed,1.956668
4,Professional and Business Services,indexed,2.366369
5,Professional and Business Services,indexed,2.796011
6,Professional and Business Services,indexed,3.149892
7,Professional and Business Services,indexed,3.567484
8,Professional and Business Services,indexed,4.067883
9,Professional and Business Services,indexed,4.46022
10,Professional and Business Services,indexed,4.926795
11,Professional and Business Services,indexed,5.313389
12,Professional and Business Services,indexed,5.698554
13,Professional and Business Services,indexed,5.878475
14,Professional and Business Services,indexed,6.002858
15,Professional and Business Services,indexed,5.984602
16,Professional and Business Services,indexed,5.993867
17,Professional and Business Services,indexed,6.076552
18,Professional and Business Services,indexed,6.080572
19,Professional and Business Services,indexed,6.173722
20,Professional and Business Services,indexed,6.176065
21,Professional and Business Services,indexed,6.133072
22,Professional and Business Services,indexed,6.103679
23,Professional and Business Services,indexed,6.221353
24,Professional and Business Services,indexed,6.267077
25,Professional and Business Services,indexed,6.293725
26,Professional and Business Services,indexed,6.424796
27,Professional and Business Services,indexed,6.539071
28,Professional and Business Services,indexed,6.64564
29,Professional and Business Services,indexed,6.683278
30,Professional and Business Services,indexed,6.767291
31,Professional and Business Services,indexed,6.784115
32,Professional and Business Services,indexed,6.920732
33,Professional and Business Services,indexed,7.001281
34,Professional and Business Services,indexed,7.204436
35,Professional and Business Services,indexed,7.43058
36,Professional and Business Services,indexed,7.616231
37,Professional and Business Services,indexed,7.777421
38,Professional and Business Services,indexed,7.840996
39,Professional and Business Services,indexed,7.773287
40,Professional and Business Services,indexed,7.70598
41,Professional and Business Services,indexed,7.623294
42,Professional and Business Services,indexed,7.590237
43,Professional and Business Services,indexed,7.542972
44,Professional and Business Services,indexed,7.685531
45,Professional and Business Services,indexed,7.729085
46,Professional and Business Services,indexed,7.815974
47,Professional and Business Services,indexed,7.892928
48,Professional and Business Services,indexed,7.963926
49,Professional and Business Services,indexed,8.018846
50,Professional and Business Services,indexed,8.13336
51,Professional and Business Services,indexed,8.318668
52,Professional and Business Services,indexed,8.364105
53,Professional and Business Services,indexed,8.422236
54,Professional and Business Services,indexed,8.441895
55,Professional and Business Services,indexed,8.49942
56,Professional and Business Services,indexed,8.470997
57,Professional and Business Services,indexed,8.297631
58,Professional and Business Services,indexed,8.184881
59,Professional and Business Services,indexed,8.193818
60,Professional and Business Services,indexed,8.195037
61,Professional and Business Services,indexed,8.252067
62,Professional and Business Services,indexed,8.305875
63,Professional and Business Services,indexed,8.394519
64,Professional and Business Services,indexed,8.438541
65,Professional and Business Services,indexed,8.513067
66,Professional and Business Services,indexed,8.602678
67,Professional and Business Services,indexed,8.597858
68,Professional and Business Services,indexed,8.67706
69,Professional and Business Services,indexed,8.868684
70,Professional and Business Services,indexed,9.046119
71,Professional and Business Services,indexed,9.01653
72,Professional and Business Services,indexed,8.962716
73,Professional and Business Services,indexed,9.056596
74,Professional and Business Services,indexed,9.095069
75,Professional and Business Services,indexed,9.158144
76,Professional and Business Services,indexed,9.295318
77,Professional and Business Services,indexed,9.392173
78,Professional and Business Services,indexed,9.425043
79,Professional and Business Services,indexed,9.514213
80,Professional and Business Services,indexed,9.63879
81,Professional and Business Services,indexed,9.763851
82,Professional and Business Services,indexed,9.815309
83,Professional and Business Services,indexed,9.889882
84,Professional and Business Services,indexed,9.957851
85,Professional and Business Services,indexed,9.983183
86,Professional and Business Services,indexed,10.111286
87,Professional and Business Services,indexed,10.241013
88,Professional and Business Services,indexed,10.325801
89,Professional and Business Services,indexed,10.416822
90,Professional and Business Services,indexed,10.5815
91,Professional and Business Services,indexed,10.763694
92,Professional and Business Services,indexed,10.992163
93,Professional and Business Services,indexed,11.141861
94,Professional and Business Services,indexed,11.274454
95,Professional and Business Services,indexed,11.459926
96,Professional and Business Services,indexed,11.557735
97,Professional and Business Services,indexed,11.580584
98,Professional and Business Services,indexed,11.546386
99,Professional and Business Services,indexed,11.527302
100,Professional and Business Services,indexed,11.454097
101,Professional and Business Services,indexed,11.362878
102,Professional and Business Services,indexed,11.338068
103,Professional and Business Services,indexed,11.322453
104,Professional and Business Services,indexed,11.197519
105,Professional and Business Services,indexed,11.148744
106,Professional and Business Services,indexed,11.16133
107,Professional and Business Services,indexed,11.20792
108,Professional and Business Services,indexed,11.392125
109,Professional and Business Services,indexed,11.547555
110,Professional and Business Services,indexed,11.700012
111,Professional and Business Services,indexed,11.89222
112,Professional and Business Services,indexed,12.036108
113,Professional and Business Services,indexed,12.168201
114,Professional and Business Services,indexed,12.344637
115,Professional and Business Services,indexed,12.505825
116,Professional and Business Services,indexed,12.572956
117,Professional and Business Services,indexed,12.681422
118,Professional and Business Services,indexed,12.741494
119,Professional and Business Services,indexed,12.6778
120,Professional and Business Services,indexed,12.673173
121,Professional and Business Services,indexed,12.723273
122,Professional and Business Services,indexed,12.75502
123,Professional and Business Services,indexed,12.789504
124,Professional and Business Services,indexed,12.824742
125,Professional and Business Services,indexed,12.913612
126,Professional and Business Services,indexed,12.861218
127,Professional and Business Services,indexed,12.81487
128,Professional and Business Services,indexed,12.785543
129,Professional and Business Services,indexed,12.756868
130,Professional and Business Services,indexed,12.779081
131,Professional and Business Services,indexed,12.821747
132,Professional and Business Services,indexed,12.81471
133,Professional and Business Services,indexed,12.681738
134,Professional and Business Services,indexed,12.590723
135,Professional and Business Services,indexed,12.482553
136,Professional and Business Services,indexed,12.480872
137,Professional and Business Services,indexed,12.497454
138,Professional and Business Services,indexed,12.552408
139,Professional and Business Services,indexed,12.610102
140,Professional and Business Services,indexed,12.694646
141,Professional and Business Services,indexed,12.824299
142,Professional and Business Services,indexed,12.876857
143,Professional and Business Services,indexed,12.959814
144,Professional and Business Services,indexed,13.115435
145,Professional and Business Services,indexed,13.400648
146,Professional and Business Services,indexed,13.497422
147,Professional and Business Services,indexed,13.636971
148,Professional and Business Services,indexed,13.689702
149,Professional and Business Services,indexed,13.67274
150,Professional and Business Services,indexed,13.735958
151,Professional and Business Services,indexed,13.808164
152,Professional and Business Services,indexed,13.871438
153,Professional and Business Services,indexed,13.959239
154,Professional and Business Services,indexed,14.126677
155,Professional and Business Services,indexed,14.234854
156,Professional and Business Services,indexed,14.369257
157,Professional and Business Services,indexed,14.416129
158,Professional and Business Services,indexed,14.501593
159,Professional and Business Services,indexed,14.635639
160,Professional and Business Services,indexed,14.696141
161,Professional and Business Services,indexed,14.775226
162,Professional and Business Services,indexed,14.697316
163,Professional and Business Services,indexed,14.50784
164,Professional and Business Services,indexed,14.466821
165,Professional and Business Services,indexed,14.530779
166,Professional and Business Services,indexed,14.563714
167,Professional and Business Services,indexed,14.6658
168,Professional and Business Services,indexed,14.698687
169,Professional and Business Services,indexed,14.648264
170,Professional and Business Services,indexed,14.598105
171,Professional and Business Services,indexed,14.685727
172,Professional and Business Services,indexed,14.707729
173,Professional and Business Services,indexed,14.81608
174,Professional and Business Services,indexed,14.901586
175,Professional and Business Services,indexed,15.033709
176,Professional and Business Services,indexed,15.06474
177,Professional and Business Services,indexed,15.142722
178,Professional and Business Services,indexed,15.107892
179,Professional and Business Services,indexed,15.06818
180,Professional and Business Services,indexed,15.027864
181,Professional and Business Services,indexed,14.982268
182,Professional and Business Services,indexed,15.027847
183,Professional and Business Services,indexed,15.034795
184,Professional and Business Services,indexed,15.019297
185,Professional and Business Services,indexed,15.066211
186,Professional and Business Services,indexed,15.043549
187,Professional and Business Services,indexed,15.032006
188,Professional and Business Services,indexed,15.126547
189,Professional and Business Services,indexed,15.178204
190,Professional and Business Services,indexed,15.329668
191,Professional and Business Services,indexed,15.61186
192,Professional and Business Services,indexed,15.810297
193,Professional and Business Services,indexed,16.037257
194,Professional and Business Services,indexed,16.034969
195,Professional and Business Services,indexed,16.025439
196,Professional and Business Services,indexed,16.065973
197,Professional and Business Services,indexed,16.156972
198,Professional and Business Services,indexed,16.24486
199,Professional and Business Services,indexed,16.395461
200,Professional and Business Services,indexed,16.537658
201,Professional and Business Services,indexed,16.606593
202,Professional and Business Services,indexed,16.725685
203,Professional and Business Services,indexed,16.893025
204,Professional and Business Services,indexed,16.912624
205,Professional and Business Services,indexed,16.960516
206,Professional and Business Services,indexed,17.084352
207,Professional and Business Services,indexed,17.169041
208,Professional and Business Services,indexed,17.315581
209,Professional and Business Services,indexed,17.388091
210,Professional and Business Services,indexed,17.598096
211,Professional and Business Services,indexed,17.766277
212,Professional and Business Services,indexed,17.965644
213,Professional and Business Services,indexed,18.076566
214,Professional and Business Services,indexed,18.153199
215,Professional and Business Services,indexed,18.204956
216,Professional and Business Services,indexed,18.273897
217,Professional and Business Services,indexed,18.332003
218,Professional and Business Services,indexed,18.464375
219,Professional and Business Services,indexed,18.596918
220,Professional and Business Services,indexed,18.624851
221,Professional and Business Services,indexed,18.611648
222,Professional and Business Services,indexed,18.483914
223,Professional and Business Services,indexed,18.438291
224,Professional and Business Services,indexed,18.425787
225,Professional and Business Services,indexed,18.46916
226,Professional and Business Services,indexed,18.536491
227,Professional and Business Services,indexed,18.6682
228,Professional and Business Services,indexed,18.760644
229,Professional and Business Services,indexed,18.848937
230,Professional and Business Services,indexed,18.834495
231,Professional and Business Services,indexed,18.951356
232,Professional and Business Services,indexed,18.994911
233,Professional and Business Services,indexed,19.026668
234,Professional and Business Services,indexed,19.021564
235,Professional and Business Services,indexed,18.988714
236,Professional and Business Services,indexed,18.87389
237,Professional and Business Services,indexed,18.895682
238,Professional and Business Services,indexed,18.817582
239,Professional and Business Services,indexed,18.878511
240,Professional and Business Services,indexed,19.005173
241,Professional and Business Services,indexed,19.040059
242,Professional and Business Services,indexed,19.234735
243,Professional and Business Services,indexed,19.347791
244,Professional and Business Services,indexed,19.436218
245,Professional and Business Services,indexed,19.49003
246,Professional and Business Services,indexed,19.613335
247,Professional and Business Services,indexed,19.674224
248,Professional and Business Services,indexed,19.727777
249,Professional and Business Services,indexed,19.695161
250,Professional and Business Services,indexed,19.706088
251,Professional and Business Services,indexed,19.788511
252,Professional and Business Services,indexed,19.755927
253,Professional and Business Services,indexed,19.678372
254,Professional and Business Services,indexed,19.553682
255,Professional and Business Services,indexed,19.377461
256,Professional and Business Services,indexed,19.260597
257,Professional and Business Services,indexed,19.187131
258,Professional and Business Services,indexed,19.003622
259,Professional and Business Services,indexed,18.901516
260,Professional and Business Services,indexed,18.961788
261,Professional and Business Services,indexed,18.932423
262,Professional and Business Services,indexed,
263,Professional and Business Services,indexed,18.857117
264,Professional and Business Services,indexed,18.890986
265,Professional and Business Services,indexed,18.999087
266,Professional and Business Services,indexed,19.146885
267,Professional and Business Services,indexed,19.285531
268,Professional and Business Services,indexed,19.274246
269,Professional and Business Services,indexed,19.273381
0,Education and Health Services,indexed,0.0
1,Education and Health Services,indexed,0.453364
2,Education and Health Services,indexed,0.814486
3,Education and Health Services,indexed,1.140224
4,Education and Health Services,indexed,1.447488
5,Education and Health Services,indexed,1.671667
6,Education and Health Services,indexed,1.896133
7,Education and Health Services,indexed,2.105309
8,Education and Health Services,indexed,2.301442
9,Education and Health Services,indexed,2.44516
10,Education and Health Services,indexed,2.545588
11,Education and Health Services,indexed,2.651417
12,Education and Health Services,indexed,2.731337
13,Education and Health Services,indexed,2.844253
14,Education and Health Services,indexed,2.989477
15,Education and Health Services,indexed,3.07201
16,Education and Health Services,indexed,3.109137
17,Education and Health Services,indexed,3.09777
18,Education and Health Services,indexed,3.188917
19,Education and Health Services,indexed,3.188647
20,Education and Health Services,indexed,3.254405
21,Education and Health Services,indexed,3.347185
22,Education and Health Services,indexed,3.422696
23,Education and Health Services,indexed,3.492728
24,Education and Health Services,indexed,3.495509
25,Education and Health Services,indexed,3.501636
26,Education and Health Services,indexed,3.570688
27,Education and Health Services,indexed,3.539038
28,Education and Health Services,indexed,3.558296
29,Education and Health Services,indexed,3.565335
30,Education and Health Services,indexed,3.608771
31,Education and Health Services,indexed,3.603826
32,Education and Health Services,indexed,3.601746
33,Education and Health Services,indexed,3.516614
34,Education and Health Services,indexed,3.503673
35,Education and Health Services,indexed,3.416865
36,Education and Health Services,indexed,3.407393
37,Education and Health Services,indexed,3.494207
38,Education and Health Services,indexed,3.597911
39,Education and Health Services,indexed,3.670001
40,Education and Health Services,indexed,3.769944
41,Education and Health Services,indexed,3.897987
42,Education and Health Services,indexed,4.003576
43,Education and Health Services,indexed,4.206275
44,Education and Health Services,indexed,4.36811
45,Education and Health Services,indexed,4.484022
46,Education and Health Services,indexed,4.543832
47,Education and Health Services,indexed,4.608542
48,Education and Health Services,indexed,4.685338
49,Education and Health Services,indexed,4.741384
50,Education and Health Services,indexed,4.71917
51,Education and Health Services,indexed,4.770516
52,Education and Health Services,indexed,4.750094
53,Education and Health Services,indexed,4.733928
54,Education and Health Services,indexed,4.683813
55,Education and Health Services,indexed,4.637847
56,Education and Health Services,indexed,4.69571
57,Education and Health Services,indexed,4.704827
58,Education and Health Services,indexed,4.71178
59,Education and Health Services,indexed,4.748797
60,Education and Health Services,indexed,4.73949
61,Education and Health Services,indexed,4.762218
62,Education and Health Services,indexed,4.818295
63,Education and Health Services,indexed,4.822191
64,Education and Health Services,indexed,4.880854
65,Education and Health Services,indexed,4.926487
66,Education and Health Services,indexed,5.027583
67,Education and Health Services,indexed,5.103725
68,Education and Health Services,indexed,5.170953
69,Education and Health Services,indexed,5.209135
70,Education and Health Services,indexed,5.20546
71,Education and Health Services,indexed,5.190424
72,Education and Health Services,indexed,5.170239
73,Education and Health Services,indexed,5.203947
74,Education and Health Services,indexed,5.209177
75,Education and Health Services,indexed,5.245196
76,Education and Health Services,indexed,5.233455
77,Education and Health Services,indexed,5.210083
78,Education and Health Services,indexed,5.205715
79,Education and Health Services,indexed,5.28287
80,Education and Health Services,indexed,5.412514
81,Education and Health Services,indexed,5.533129
82,Education and Health Services,indexed,5.640633
83,Education and Health Services,indexed,5.755011
84,Education and Health Services,indexed,5.794533
85,Education and Health Services,indexed,5.829379
86,Education and Health Services,indexed,5.839047
87,Education and Health Services,indexed,5.863988
88,Education and Health Services,indexed,6.001275
89,Education and Health Services,indexed,6.115671
90,Education and Health Services,indexed,6.22593
91,Education and Health Services,indexed,6.318259
92,Education and Health Services,indexed,6.466732
93,Education and Health Services,indexed,6.576928
94,Education and Health Services,indexed,6.646746
95,Education and Health Services,indexed,6.697692
96,Education and Health Services,indexed,6.790765
97,Education and Health Services,indexed,6.823457
98,Education and Health Services,indexed,6.877265
99,Education and Health Services,indexed,6.929686
100,Education and Health Services,indexed,6.94584
101,Education and Health Services,indexed,7.028297
102,Education and Health Services,indexed,7.096161
103,Education and Health Services,indexed,7.024972
104,Education and Health Services,indexed,6.976979
105,Education and Health Services,indexed,6.963102
106,Education and Health Services,indexed,7.085357
107,Education and Health Services,indexed,7.254037
108,Education and Health Services,indexed,7.375105
109,Education and Health Services,indexed,7.477821
110,Education and Health Services,indexed,7.53993
111,Education and Health Services,indexed,7.507558
112,Education and Health Services,indexed,7.482364
113,Education and Health Services,indexed,7.455651
114,Education and Health Services,indexed,7.531399
115,Education and Health Services,indexed,7.672282
116,Education and Health Services,indexed,7.784453
117,Education and Health Services,indexed,7.882638
118,Education and Health Services,indexed,7.874169
119,Education and Health Services,indexed,7.845997
120,Education and Health Services,indexed,7.797608
121,Education and Health Services,indexed,7.795009
122,Education and Health Services,indexed,7.824628
123,Education and Health Services,indexed,7.857243
124,Education and Health Services,indexed,7.874289
125,Education and Health Services,indexed,7.892244
126,Education and Health Services,indexed,7.830895
127,Education and Health Services,indexed,7.858778
128,Education and Health Services,indexed,7.911474
129,Education and Health Services,indexed,8.017359
130,Education and Health Services,indexed,8.119832
131,Education and Health Services,indexed,8.19944
132,Education and Health Services,indexed,8.221704
133,Education and Health Services,indexed,8.252689
134,Education and Health Services,indexed,8.269389
135,Education and Health Services,indexed,8.368044
136,Education and Health Services,indexed,8.43925
137,Education and Health Services,indexed,8.446381
138,Education and Health Services,indexed,8.533898
139,Education and Health Services,indexed,8.536788
140,Education and Health Services,indexed,8.549837
141,Education and Health Services,indexed,8.573364
142,Education and Health Services,indexed,8.624328
143,Education and Health Services,indexed,8.688603
144,Education and Health Services,indexed,8.820944
145,Education and Health Services,indexed,8.871571
146,Education and Health Services,indexed,8.934773
147,Education and Health Services,indexed,8.957688
148,Education and Health Services,indexed,8.908735
149,Education and Health Services,indexed,8.970931
150,Education and Health Services,indexed,8.936509
151,Education and Health Services,indexed,8.954868
152,Education and Health Services,indexed,8.992299
153,Education and Health Services,indexed,9.028788
154,Education and Health Services,indexed,9.023142
155,Education and Health Services,indexed,9.025384
156,Education and Health Services,indexed,9.058658
157,Education and Health Services,indexed,9.115706
158,Education and Health Services,indexed,9.172055
159,Education and Health Services,indexed,9.209208
160,Education and Health Services,indexed,9.342904
161,Education and Health Services,indexed,9.459576
162,Education and Health Services,indexed,9.589563
163,Education and Health Services,indexed,9.734087
164,Education and Health Services,indexed,9.800772
165,Education and Health Services,indexed,9.830123
166,Education and Health Services,indexed,9.792692
167,Education and Health Services,indexed,9.778903
168,Education and Health Services,indexed,9.823151
169,Education and Health Services,indexed,9.875183
170,Education and Health Services,indexed,9.939588
171,Education and Health Services,indexed,9.956163
172,Education and Health Services,indexed,9.927382
173,Education and Health Services,indexed,9.91689
174,Education and Health Services,indexed,9.950306
175,Education and Health Services,indexed,9.948266
176,Education and Health Services,indexed,10.050922
177,Education and Health Services,indexed,10.102797
178,Education and Health Services,indexed,10.20215
179,Education and Health Services,indexed,10.383764
180,Education and Health Services,indexed,10.497587
181,Education and Health Services,indexed,10.640476
182,Education and Health Services,indexed,10.692036
183,Education and Health Services,indexed,10.789723
184,Education and Health Services,indexed,10.886093
185,Education and Health Services,indexed,10.975365
186,Education and Health Services,indexed,10.999501
187,Education and Health Services,indexed,11.023046
188,Education and Health Services,indexed,11.078119
189,Education and Health Services,indexed,11.123055
190,Education and Health Services,indexed,11.278614
191,Education and Health Services,indexed,11.41245
192,Education and Health Services,indexed,11.612832
193,Education and Health Services,indexed,11.693032
194,Education and Health Services,indexed,11.734635
195,Education and Health Services,indexed,11.744546
196,Education and Health Services,indexed,11.777999
197,Education and Health Services,indexed,11.783887
198,Education and Health Services,indexed,11.825044
199,Education and Health Services,indexed,11.903771
200,Education and Health Services,indexed,12.100471
201,Education and Health Services,indexed,12.335273
202,Education and Health Services,indexed,12.52914
203,Education and Health Services,indexed,12.679628
204,Education and Health Services,indexed,12.701452
205,Education and Health Services,indexed,12.723726
206,Education and Health Services,indexed,12.775681
207,Education and Health Services,indexed,12.84048
208,Education and Health Services,indexed,12.860925
209,Education and Health Services,indexed,12.84035
210,Education and Health Services,indexed,12.895453
211,Education and Health Services,indexed,12.898785
212,Education and Health Services,indexed,12.912034
213,Education and Health Services,indexed,12.87219
214,Education and Health Services,indexed,12.856683
215,Education and Health Services,indexed,13.005244
216,Education and Health Services,indexed,13.157934
217,Education and Health Services,indexed,13.27751
218,Education and Health Services,indexed,13.387675
219,Education and Health Services,indexed,13.474359
220,Education and Health Services,indexed,13.527109
221,Education and Health Services,indexed,13.670385
222,Education and Health Services,indexed,13.683318
223,Education and Health Services,indexed,13.764038
224,Education and Health Services,indexed,13.831745
225,Education and Health Services,indexed,13.917438
226,Education and Health Services,indexed,13.933777
227,Education and Health Services,indexed,13.914581
228,Education and Health Services,indexed,13.999505
229,Education and Health Services,indexed,14.120865
230,Education and Health Services,indexed,14.21532
231,Education and Health Services,indexed,14.34018
232,Education and Health Services,indexed,14.433416
233,Education and Health Services,indexed,14.553322
234,Education and Health Services,indexed,14.692561
235,Education and Health Services,indexed,14.81023
236,Education and Health Services,indexed,14.930518
237,Education and Health Services,indexed,15.082254
238,Education and Health Services,indexed,15.279974
239,Education and Health Services,indexed,15.501347
240,Education and Health Services,indexed,15.650266
241,Education and Health Services,indexed,15.807084
242,Education and Health Services,indexed,15.979778
243,Education and Health Services,indexed,16.05798
244,Education and Health Services,indexed,16.122285
245,Education and Health Services,indexed,16.082436
246,Education and Health Services,indexed,16.043462
247,Education and Health Services,indexed,16.011633
248,Education and Health Services,indexed,15.913899
249,Education and Health Services,indexed,15.865402
250,Education and Health Services,indexed,15.87713
251,Education and Health Services,indexed,15.864833
252,Education and Health Services,indexed,15.825677
253,Education and Health Services,indexed,15.702297
254,Education and Health Services,indexed,15.577528
255,Education and Health Services,indexed,15.450382
256,Education and Health Services,indexed,15.408032
257,Education and Health Services,indexed,15.460931
258,Education and Health Services,indexed,15.441683
259,Education and Health Services,indexed,15.43962
260,Education and Health Services,indexed,15.517032
261,Education and Health Services,indexed,15.578213
262,Education and Health Services,indexed,
263,Education and Health Services,indexed,15.525886
264,Education and Health Services,indexed,15.469995
265,Education and Health Services,indexed,15.454671
266,Education and Health Services,indexed,15.409174
267,Education and Health Services,indexed,15.414956
268,Education and Health Services,indexed,15.309322
269,Education and Health Services,indexed,15.277045
0,Leisure and Hospitality,indexed,0.0
1,Leisure and Hospitality,indexed,0.757402
2,Leisure and Hospitality,indexed,1.27177
3,Leisure and Hospitality,indexed,1.721564
4,Leisure and Hospitality,indexed,2.055286
5,Leisure and Hospitality,indexed,2.254851
6,Leisure and Hospitality,indexed,2.488749
7,Leisure and Hospitality,indexed,2.762619
8,Leisure and Hospitality,indexed,2.992902
9,Leisure and Hospitality,indexed,3.332191
10,Leisure and Hospitality,indexed,3.537569
11,Leisure and Hospitality,indexed,3.637584
12,Leisure and Hospitality,indexed,3.790993
13,Leisure and Hospitality,indexed,3.91119
14,Leisure and Hospitality,indexed,4.066803
15,Leisure and Hospitality,indexed,4.246587
16,Leisure and Hospitality,indexed,4.378869
17,Leisure and Hospitality,indexed,4.45965
18,Leisure and Hospitality,indexed,4.54469
19,Leisure and Hospitality,indexed,4.620272
20,Leisure and Hospitality,indexed,4.743661
21,Leisure and Hospitality,indexed,4.793765
22,Leisure and Hospitality,indexed,4.814559
23,Leisure and Hospitality,indexed,4.993053
24,Leisure and Hospitality,indexed,5.057456
25,Leisure and Hospitality,indexed,5.028221
26,Leisure and Hospitality,indexed,4.966444
27,Leisure and Hospitality,indexed,4.911752
28,Leisure and Hospitality,indexed,4.975458
29,Leisure and Hospitality,indexed,5.184746
30,Leisure and Hospitality,indexed,5.340454
31,Leisure and Hospitality,indexed,5.488709
32,Leisure and Hospitality,indexed,5.389694
33,Leisure and Hospitality,indexed,5.369067
34,Leisure and Hospitality,indexed,5.516784
35,Leisure and Hospitality,indexed,5.435389
36,Leisure and Hospitality,indexed,5.400746
37,Leisure and Hospitality,indexed,5.450536
38,Leisure and Hospitality,indexed,5.404532
39,Leisure and Hospitality,indexed,5.518316
40,Leisure and Hospitality,indexed,5.645502
41,Leisure and Hospitality,indexed,5.794135
42,Leisure and Hospitality,indexed,5.819641
43,Leisure and Hospitality,indexed,5.738284
44,Leisure and Hospitality,indexed,5.738119
45,Leisure and Hospitality,indexed,5.765697
46,Leisure and Hospitality,indexed,5.766643
47,Leisure and Hospitality,indexed,5.718948
48,Leisure and Hospitality,indexed,5.729135
49,Leisure and Hospitality,indexed,5.809392
50,Leisure and Hospitality,indexed,5.827368
51,Leisure and Hospitality,indexed,5.84344
52,Leisure and Hospitality,indexed,5.841253
53,Leisure and Hospitality,indexed,5.758446
54,Leisure and Hospitality,indexed,5.744471
55,Leisure and Hospitality,indexed,5.688279
56,Leisure and Hospitality,indexed,5.693696
57,Leisure and Hospitality,indexed,5.802229
58,Leisure and Hospitality,indexed,5.709191
59,Leisure and Hospitality,indexed,5.71363
60,Leisure and Hospitality,indexed,5.711942
61,Leisure and Hospitality,indexed,5.752271
62,Leisure and Hospitality,indexed,5.864733
63,Leisure and Hospitality,indexed,5.994518
64,Leisure and Hospitality,indexed,6.109062
65,Leisure and Hospitality,indexed,6.170017
66,Leisure and Hospitality,indexed,6.135557
67,Leisure and Hospitality,indexed,6.153675
68,Leisure and Hospitality,indexed,6.133525
69,Leisure and Hospitality,indexed,6.110351
70,Leisure and Hospitality,indexed,6.155465
71,Leisure and Hospitality,indexed,6.187254
72,Leisure and Hospitality,indexed,6.250828
73,Leisure and Hospitality,indexed,6.242149
74,Leisure and Hospitality,indexed,6.232819
75,Leisure and Hospitality,indexed,6.286066
76,Leisure and Hospitality,indexed,6.350021
77,Leisure and Hospitality,indexed,6.353193
78,Leisure and Hospitality,indexed,6.426602
79,Leisure and Hospitality,indexed,6.521862
80,Leisure and Hospitality,indexed,6.495234
81,Leisure and Hospitality,indexed,6.529379
82,Leisure and Hospitality,indexed,6.541577
83,Leisure and Hospitality,indexed,6.715849
84,Leisure and Hospitality,indexed,6.817808
85,Leisure and Hospitality,indexed,6.798623
86,Leisure and Hospitality,indexed,6.840816
87,Leisure and Hospitality,indexed,6.87983
88,Leisure and Hospitality,indexed,6.934676
89,Leisure and Hospitality,indexed,6.966312
90,Leisure and Hospitality,indexed,7.026687
91,Leisure and Hospitality,indexed,7.060176
92,Leisure and Hospitality,indexed,7.163426
93,Leisure and Hospitality,indexed,7.263667
94,Leisure and Hospitality,indexed,7.369788
95,Leisure and Hospitality,indexed,7.438354
96,Leisure and Hospitality,indexed,7.604528
97,Leisure and Hospitality,indexed,7.754657
98,Leisure and Hospitality,indexed,7.734168
99,Leisure and Hospitality,indexed,7.638456
100,Leisure and Hospitality,indexed,7.768549
101,Leisure and Hospitality,indexed,7.910991
102,Leisure and Hospitality,indexed,7.929983
103,Leisure and Hospitality,indexed,7.883789
104,Leisure and Hospitality,indexed,7.798275
105,Leisure and Hospitality,indexed,7.664918
106,Leisure and Hospitality,indexed,7.74941
107,Leisure and Hospitality,indexed,7.859283
108,Leisure and Hospitality,indexed,7.91869
109,Leisure and Hospitality,indexed,7.910546
110,Leisure and Hospitality,indexed,7.893057
111,Leisure and Hospitality,indexed,7.931409
112,Leisure and Hospitality,indexed,8.029685
113,Leisure and Hospitality,indexed,8.045716
114,Leisure and Hospitality,indexed,8.199921
115,Leisure and Hospitality,indexed,8.359002
116,Leisure and Hospitality,indexed,8.55017
117,Leisure and Hospitality,indexed,8.665107
118,Leisure and Hospitality,indexed,8.554545
119,Leisure and Hospitality,indexed,8.594181
120,Leisure and Hospitality,indexed,8.559896
121,Leisure and Hospitality,indexed,8.59638
122,Leisure and Hospitality,indexed,8.774564
123,Leisure and Hospitality,indexed,8.875864
124,Leisure and Hospitality,indexed,8.870163
125,Leisure and Hospitality,indexed,8.946659
126,Leisure and Hospitality,indexed,9.045261
127,Leisure and Hospitality,indexed,9.055073
128,Leisure and Hospitality,indexed,9.010028
129,Leisure and Hospitality,indexed,8.969156
130,Leisure and Hospitality,indexed,9.023298
131,Leisure and Hospitality,indexed,9.064334
132,Leisure and Hospitality,indexed,9.100725
133,Leisure and Hospitality,indexed,9.160799
134,Leisure and Hospitality,indexed,9.258381
135,Leisure and Hospitality,indexed,9.293203
136,Leisure and Hospitality,indexed,9.439726
137,Leisure and Hospitality,indexed,9.499561
138,Leisure and Hospitality,indexed,9.537339
139,Leisure and Hospitality,indexed,9.523988
140,Leisure and Hospitality,indexed,9.532533
141,Leisure and Hospitality,indexed,9.547899
142,Leisure and Hospitality,indexed,9.387283
143,Leisure and Hospitality,indexed,9.399749
144,Leisure and Hospitality,indexed,9.398509
145,Leisure and Hospitality,indexed,9.370635
146,Leisure and Hospitality,indexed,9.306832
147,Leisure and Hospitality,indexed,9.467248
148,Leisure and Hospitality,indexed,9.504873
149,Leisure and Hospitality,indexed,9.59781
150,Leisure and Hospitality,indexed,9.752179
151,Leisure and Hospitality,indexed,9.832672
152,Leisure and Hospitality,indexed,9.808473
153,Leisure and Hospitality,indexed,9.821574
154,Leisure and Hospitality,indexed,9.896882
155,Leisure and Hospitality,indexed,9.861588
156,Leisure and Hospitality,indexed,9.969854
157,Leisure and Hospitality,indexed,9.987586
158,Leisure and Hospitality,indexed,9.950053
159,Leisure and Hospitality,indexed,9.977195
160,Leisure and Hospitality,indexed,10.063819
161,Leisure and Hospitality,indexed,10.176108
162,Leisure and Hospitality,indexed,10.182608
163,Leisure and Hospitality,indexed,10.267006
164,Leisure and Hospitality,indexed,10.352271
165,Leisure and Hospitality,indexed,10.560057
166,Leisure and Hospitality,indexed,10.870973
167,Leisure and Hospitality,indexed,11.067599
168,Leisure and Hospitality,indexed,11.165507
169,Leisure and Hospitality,indexed,11.190662
170,Leisure and Hospitality,indexed,11.054268
171,Leisure and Hospitality,indexed,11.047298
172,Leisure and Hospitality,indexed,10.966436
173,Leisure and Hospitality,indexed,10.950437
174,Leisure and Hospitality,indexed,10.986587
175,Leisure and Hospitality,indexed,11.100697
176,Leisure and Hospitality,indexed,11.194001
177,Leisure and Hospitality,indexed,11.321418
178,Leisure and Hospitality,indexed,11.30493
179,Leisure and Hospitality,indexed,11.198246
180,Leisure and Hospitality,indexed,11.220743
181,Leisure and Hospitality,indexed,11.323263
182,Leisure and Hospitality,indexed,11.460114
183,Leisure and Hospitality,indexed,11.459082
184,Leisure and Hospitality,indexed,11.592511
185,Leisure and Hospitality,indexed,11.855832
186,Leisure and Hospitality,indexed,12.089655
187,Leisure and Hospitality,indexed,12.174419
188,Leisure and Hospitality,indexed,12.248502
189,Leisure and Hospitality,indexed,12.271117
190,Leisure and Hospitality,indexed,12.242135
191,Leisure and Hospitality,indexed,12.281588
192,Leisure and Hospitality,indexed,12.281819
193,Leisure and Hospitality,indexed,12.360777
194,Leisure and Hospitality,indexed,12.530033
195,Leisure and Hospitality,indexed,12.667582
196,Leisure and Hospitality,indexed,12.972066
197,Leisure and Hospitality,indexed,13.198119
198,Leisure and Hospitality,indexed,13.487982
199,Leisure and Hospitality,indexed,13.917854
200,Leisure and Hospitality,indexed,14.251089
201,Leisure and Hospitality,indexed,14.604976
202,Leisure and Hospitality,indexed,14.856606
203,Leisure and Hospitality,indexed,15.092205
204,Leisure and Hospitality,indexed,14.134699
205,Leisure and Hospitality,indexed,14.329166
206,Leisure and Hospitality,indexed,14.505445
207,Leisure and Hospitality,indexed,14.612792
208,Leisure and Hospitality,indexed,14.460384
209,Leisure and Hospitality,indexed,14.235452
210,Leisure and Hospitality,indexed,14.270137
211,Leisure and Hospitality,indexed,14.152133
212,Leisure and Hospitality,indexed,14.118069
213,Leisure and Hospitality,indexed,14.153032
214,Leisure and Hospitality,indexed,14.248835
215,Leisure and Hospitality,indexed,14.334066
216,Leisure and Hospitality,indexed,14.266905
217,Leisure and Hospitality,indexed,14.124798
218,Leisure and Hospitality,indexed,13.987615
219,Leisure and Hospitality,indexed,13.962325
220,Leisure and Hospitality,indexed,14.068368
221,Leisure and Hospitality,indexed,14.043513
222,Leisure and Hospitality,indexed,14.027386
223,Leisure and Hospitality,indexed,14.196872
224,Leisure and Hospitality,indexed,14.351418
225,Leisure and Hospitality,indexed,14.5973
226,Leisure and Hospitality,indexed,14.803878
227,Leisure and Hospitality,indexed,15.131825
228,Leisure and Hospitality,indexed,15.349748
229,Leisure and Hospitality,indexed,15.545068
230,Leisure and Hospitality,indexed,15.782701
231,Leisure and Hospitality,indexed,15.969277
232,Leisure and Hospitality,indexed,15.965123
233,Leisure and Hospitality,indexed,15.987559
234,Leisure and Hospitality,indexed,16.143166
235,Leisure and Hospitality,indexed,16.146081
236,Leisure and Hospitality,indexed,16.17344
237,Leisure and Hospitality,indexed,16.121205
238,Leisure and Hospitality,indexed,16.043068
239,Leisure and Hospitality,indexed,16.042565
240,Leisure and Hospitality,indexed,16.125695
241,Leisure and Hospitality,indexed,16.219612
242,Leisure and Hospitality,indexed,16.225725
243,Leisure and Hospitality,indexed,16.11473
244,Leisure and Hospitality,indexed,16.115209
245,Leisure and Hospitality,indexed,16.081127
246,Leisure and Hospitality,indexed,16.080257
247,Leisure and Hospitality,indexed,16.178878
248,Leisure and Hospitality,indexed,16.178788
249,Leisure and Hospitality,indexed,16.288174
250,Leisure and Hospitality,indexed,16.300604
251,Leisure and Hospitality,indexed,16.223602
252,Leisure and Hospitality,indexed,15.942109
253,Leisure and Hospitality,indexed,15.579183
254,Leisure and Hospitality,indexed,15.434295
255,Leisure and Hospitality,indexed,15.548321
256,Leisure and Hospitality,indexed,15.680887
257,Leisure and Hospitality,indexed,15.789266
258,Leisure and Hospitality,indexed,15.763552
259,Leisure and Hospitality,indexed,15.795878
260,Leisure and Hospitality,indexed,15.739783
261,Leisure and Hospitality,indexed,15.772659
262,Leisure and Hospitality,indexed,
263,Leisure and Hospitality,indexed,16.060425
264,Leisure and Hospitality,indexed,15.882994
265,Leisure and Hospitality,indexed,16.053197
266,Leisure and Hospitality,indexed,16.250144
267,Leisure and Hospitality,indexed,16.388185
268,Leisure and Hospitality,indexed,16.511878
269,Leisure and Hospitality,indexed,16.557546
0,Other Services,indexed,0.0
1,Other Services,indexed,0.982816
2,Other Services,indexed,1.727744
3,Other Services,indexed,2.524769
4,Other Services,indexed,3.300558
5,Other Services,indexed,3.9012
6,Other Services,indexed,4.562322
7,Other Services,indexed,5.080018
8,Other Services,indexed,5.379135
9,Other Services,indexed,5.586315
10,Other Services,indexed,5.981537
11,Other Services,indexed,6.269613
12,Other Services,indexed,6.448983
13,Other Services,indexed,6.523348
14,Other Services,indexed,6.497375
15,Other Services,indexed,6.494205
16,Other Services,indexed,6.656237
17,Other Services,indexed,6.749623
18,Other Services,indexed,6.783408
19,Other Services,indexed,6.640045
20,Other Services,indexed,6.581296
21,Other Services,indexed,6.745334
22,Other Services,indexed,6.820879
23,Other Services,indexed,6.760898
24,Other Services,indexed,6.790093
25,Other Services,indexed,6.925916
26,Other Services,indexed,6.998999
27,Other Services,indexed,6.983386
28,Other Services,indexed,7.022757
29,Other Services,indexed,7.218804
30,Other Services,indexed,7.307081
31,Other Services,indexed,7.279607
32,Other Services,indexed,7.239152
33,Other Services,indexed,7.41261
34,Other Services,indexed,7.388001
35,Other Services,indexed,7.422911
36,Other Services,indexed,7.42016
37,Other Services,indexed,7.376396
38,Other Services,indexed,7.39578
39,Other Services,indexed,7.353413
40,Other Services,indexed,7.283239
41,Other Services,indexed,7.448655
42,Other Services,indexed,7.430284
43,Other Services,indexed,7.544493
44,Other Services,indexed,7.663746
45,Other Services,indexed,7.739429
46,Other Services,indexed,7.892301
47,Other Services,indexed,7.853222
48,Other Services,indexed,7.804224
49,Other Services,indexed,7.82988
50,Other Services,indexed,7.742581
51,Other Services,indexed,7.657161
52,Other Services,indexed,7.637459
53,Other Services,indexed,7.641334
54,Other Services,indexed,7.660395
55,Other Services,indexed,7.694085
56,Other Services,indexed,7.724643
57,Other Services,indexed,7.908311
58,Other Services,indexed,8.03806
59,Other Services,indexed,8.117673
60,Other Services,indexed,8.26143
61,Other Services,indexed,8.43386
62,Other Services,indexed,8.585541
63,Other Services,indexed,8.675674
64,Other Services,indexed,8.737483
65,Other Services,indexed,8.919746
66,Other Services,indexed,8.934677
67,Other Services,indexed,8.796795
68,Other Services,indexed,8.737959
69,Other Services,indexed,8.580646
70,Other Services,indexed,8.704104
71,Other Services,indexed,8.848185
72,Other Services,indexed,8.829957
73,Other Services,indexed,8.883897
74,Other Services,indexed,8.829771
75,Other Services,indexed,8.73295
76,Other Services,indexed,8.722545
77,Other Services,indexed,8.523679
78,Other Services,indexed,8.485123
79,Other Services,indexed,8.512267
80,Other Services,indexed,8.382607
81,Other Services,indexed,8.512516
82,Other Services,indexed,8.591987
83,Other Services,indexed,8.700841
84,Other Services,indexed,8.785494
85,Other Services,indexed,9.021296
86,Other Services,indexed,9.223476
87,Other Services,indexed,9.330369
88,Other Services,indexed,9.29161
89,Other Services,indexed,9.208908
90,Other Services,indexed,9.145243
91,Other Services,indexed,9.033864
92,Other Services,indexed,9.114148
93,Other Services,indexed,9.198618
94,Other Services,indexed,9.252971
95,Other Services,indexed,9.484768
96,Other Services,indexed,9.745009
97,Other Services,indexed,9.898412
98,Other Services,indexed,10.022625
99,Other Services,indexed,10.277109
100,Other Services,indexed,10.415945
101,Other Services,indexed,10.510075
102,Other Services,indexed,10.658939
103,Other Services,indexed,10.677239
104,Other Services,indexed,10.690083
105,Other Services,indexed,10.822753
106,Other Services,indexed,10.964337
107,Other Services,indexed,10.991362
108,Other Services,indexed,11.124753
109,Other Services,indexed,11.147725
110,Other Services,indexed,11.217025
111,Other Services,indexed,11.190765
112,Other Services,indexed,11.146578
113,Other Services,indexed,11.241361
114,Other Services,indexed,11.313817
115,Other Services,indexed,11.551796
116,Other Services,indexed,11.847931
117,Other Services,indexed,11.954238
118,Other Services,indexed,11.92567
119,Other Services,indexed,11.863034
120,Other Services,indexed,11.82521
121,Other Services,indexed,11.781191
122,Other Services,indexed,11.662184
123,Other Services,indexed,11.538822
124,Other Services,indexed,11.559812
125,Other Services,indexed,11.575958
126,Other Services,indexed,11.447255
127,Other Services,indexed,11.298746
128,Other Services,indexed,11.110107
129,Other Services,indexed,10.947681
130,Other Services,indexed,10.965254
131,Other Services,indexed,11.067639
132,Other Services,indexed,11.097874
133,Other Services,indexed,11.003262
134,Other Services,indexed,11.031974
135,Other Services,indexed,11.116432
136,Other Services,indexed,11.298222
137,Other Services,indexed,11.52084
138,Other Services,indexed,11.847038
139,Other Services,indexed,11.99977
140,Other Services,indexed,12.178726
141,Other Services,indexed,12.41686
142,Other Services,indexed,12.570074
143,Other Services,indexed,12.742277
144,Other Services,indexed,12.704224
145,Other Services,indexed,12.774569
146,Other Services,indexed,12.748394
147,Other Services,indexed,12.623943
148,Other Services,indexed,12.369805
149,Other Services,indexed,12.258539
150,Other Services,indexed,12.009983
151,Other Services,indexed,11.697362
152,Other Services,indexed,11.609187
153,Other Services,indexed,11.568852
154,Other Services,indexed,11.581826
155,Other Services,indexed,11.836076
156,Other Services,indexed,12.098475
157,Other Services,indexed,12.260849
158,Other Services,indexed,12.321964
159,Other Services,indexed,12.542368
160,Other Services,indexed,12.830469
161,Other Services,indexed,13.105498
162,Other Services,indexed,13.286291
163,Other Services,indexed,13.431402
164,Other Services,indexed,13.491381
165,Other Services,indexed,13.712007
166,Other Services,indexed,14.096357
167,Other Services,indexed,14.295009
168,Other Services,indexed,14.483834
169,Other Services,indexed,14.752233
170,Other Services,indexed,14.70055
171,Other Services,indexed,14.748907
172,Other Services,indexed,14.675781
173,Other Services,indexed,14.579979
174,Other Services,indexed,14.483177
175,Other Services,indexed,14.362761
176,Other Services,indexed,14.1294
177,Other Services,indexed,13.85163
178,Other Services,indexed,13.490973
179,Other Services,indexed,13.147971
180,Other Services,indexed,12.871019
181,Other Services,indexed,12.770392
182,Other Services,indexed,12.788073
183,Other Services,indexed,12.790091
184,Other Services,indexed,12.780621
185,Other Services,indexed,12.797708
186,Other Services,indexed,12.876002
187,Other Services,indexed,12.834599
188,Other Services,indexed,13.179309
189,Other Services,indexed,13.515669
190,Other Services,indexed,13.721005
191,Other Services,indexed,13.920856
192,Other Services,indexed,14.278166
193,Other Services,indexed,14.482818
194,Other Services,indexed,14.493399
195,Other Services,indexed,14.550731
196,Other Services,indexed,14.637396
197,Other Services,indexed,14.622249
198,Other Services,indexed,14.859199
199,Other Services,indexed,15.135522
200,Other Services,indexed,15.351624
201,Other Services,indexed,15.347196
202,Other Services,indexed,15.394264
203,Other Services,indexed,15.466612
204,Other Services,indexed,15.428341
205,Other Services,indexed,15.440155
206,Other Services,indexed,15.463704
207,Other Services,indexed,15.424447
208,Other Services,indexed,15.10694
209,Other Services,indexed,15.145035
210,Other Services,indexed,15.411064
211,Other Services,indexed,15.518789
212,Other Services,indexed,15.498974
213,Other Services,indexed,15.407322
214,Other Services,indexed,15.333992
215,Other Services,indexed,15.593788
216,Other Services,indexed,15.737251
217,Other Services,indexed,15.994009
218,Other Services,indexed,16.108562
219,Other Services,indexed,16.29609
220,Other Services,indexed,16.319736
221,Other Services,indexed,16.458161
222,Other Services,indexed,16.537534
223,Other Services,indexed,16.640111
224,Other Services,indexed,16.853106
225,Other Services,indexed,16.893349
226,Other Services,indexed,16.850189
227,Other Services,indexed,16.625191
228,Other Services,indexed,16.538608
229,Other Services,indexed,16.394579
230,Other Services,indexed,16.562059
231,Other Services,indexed,16.742499
232,Other Services,indexed,17.011221
233,Other Services,indexed,17.188337
234,Other Services,indexed,17.250399
235,Other Services,indexed,17.331289
236,Other Services,indexed,17.198658
237,Other Services,indexed,17.383475
238,Other Services,indexed,17.495566
239,Other Services,indexed,17.661785
240,Other Services,indexed,17.850321
241,Other Services,indexed,18.032707
242,Other Services,indexed,18.027647
243,Other Services,indexed,18.18633
244,Other Services,indexed,18.365622
245,Other Services,indexed,18.389896
246,Other Services,indexed,18.500448
247,Other Services,indexed,18.515519
248,Other Services,indexed,18.637588
249,Other Services,indexed,18.578696
250,Other Services,indexed,18.615091
251,Other Services,indexed,18.55918
252,Other Services,indexed,18.669168
253,Other Services,indexed,18.796113
254,Other Services,indexed,19.016128
255,Other Services,indexed,19.072254
256,Other Services,indexed,19.043726
257,Other Services,indexed,18.974461
258,Other Services,indexed,19.156428
259,Other Services,indexed,19.424649
260,Other Services,indexed,19.670791
261,Other Services,indexed,19.955968
262,Other Services,indexed,
263,Other Services,indexed,20.535692
264,Other Services,indexed,20.473619
265,Other Services,indexed,20.426217
266,Other Services,indexed,20.21081
267,Other Services,indexed,20.044128
268,Other Services,indexed,19.984386
269,Other Services,indexed,20.101624
2005-01-02,Natural Resources and Mining,rolling,7.600651
2005-02-02,Natural Resources and Mining,rolling,7.729987
2005-03-02,Natural Resources and Mining,rolling,7.914551
2005-04-02,Natural Resources and Mining,rolling,7.653648
2005-05-02,Natural Resources and Mining,rolling,7.58148
2005-06-02,Natural Resources and Mining,rolling,7.495706
2005-07-02,Natural Resources and Mining,rolling,7.363881
2005-08-02,Natural Resources and Mining,rolling,7.398813
2005-09-02,Natural Resources and Mining,rolling,6.97831
2005-10-02,Natural Resources and Mining,rolling,6.481627
2005-11-02,Natural Resources and Mining,rolling,6.364092
2005-12-02,Natural Resources and Mining,rolling,5.962768
2006-01-02,Natural Resources and Mining,rolling,6.040498
2006-02-02,Natural Resources and Mining,rolling,6.062971
2006-03-02,Natural Resources and Mining,rolling,6.107279
2006-04-02,Natural Resources and Mining,rolling,5.913212
2006-05-02,Natural Resources and Mining,rolling,5.987904
2006-06-02,Natural Resources and Mining,rolling,6.062967
2006-07-02,Natural Resources and Mining,rolling,6.093631
2006-08-02,Natural Resources and Mining,rolling,6.073316
2006-09-02,Natural Resources and Mining,rolling,6.353147
2006-10-02,Natural Resources and Mining,rolling,6.376545
2006-11-02,Natural Resources and Mining,rolling,6.693411
2006-12-02,Natural Resources and Mining,rolling,7.05901
2007-01-02,Natural Resources and Mining,rolling,7.023368
2007-02-02,Natural Resources and Mining,rolling,6.781883
2007-03-02,Natural Resources and Mining,rolling,6.490605
2007-04-02,Natural Resources and Mining,rolling,6.706135
2007-05-02,Natural Resources and Mining,rolling,6.621905
2007-06-02,Natural Resources and Mining,rolling,6.784825
2007-07-02,Natural Resources and Mining,rolling,6.84468
2007-08-02,Natural Resources and Mining,rolling,6.698895
2007-09-02,Natural Resources and Mining,rolling,6.781348
2007-10-02,Natural Resources and Mining,rolling,6.903561
2007-11-02,Natural Resources and Mining,rolling,7.135378
2007-12-02,Natural Resources and Mining,rolling,7.104487
2008-01-02,Natural Resources and Mining,rolling,7.22788
2008-02-02,Natural Resources and Mining,rolling,7.64558
2008-03-02,Natural Resources and Mining,rolling,7.475114
2008-04-02,Natural Resources and Mining,rolling,7.162801
2008-05-02,Natural Resources and Mining,rolling,6.867322
2008-06-02,Natural Resources and Mining,rolling,6.547701
2008-07-02,Natural Resources and Mining,rolling,6.488211
2008-08-02,Natural Resources and Mining,rolling,7.071771
2008-09-02,Natural Resources and Mining,rolling,7.077539
2008-10-02,Natural Resources and Mining,rolling,7.450142
2008-11-02,Natural Resources and Mining,rolling,7.330435
2008-12-02,Natural Resources and Mining,rolling,6.986876
2009-01-02,Natural Resources and Mining,rolling,6.612225
2009-02-02,Natural Resources and Mining,rolling,6.493418
2009-03-02,Natural Resources and Mining,rolling,6.441021
2009-04-02,Natural Resources and Mining,rolling,6.501241
2009-05-02,Natural Resources and Mining,rolling,6.46958
2009-06-02,Natural Resources and Mining,rolling,6.828399
2009-07-02,Natural Resources and Mining,rolling,6.895969
2009-08-02,Natural Resources and Mining,rolling,6.899149
2009-09-02,Natural Resources and Mining,rolling,6.786786
2009-10-02,Natural Resources and Mining,rolling,6.831401
2009-11-02,Natural Resources and Mining,rolling,6.728474
2009-12-02,Natural Resources and Mining,rolling,6.585212
2010-01-02,Natural Resources and Mining,rolling,6.731024
2010-02-02,Natural Resources and Mining,rolling,6.716881
2010-03-02,Natural Resources and Mining,rolling,7.033416
2010-04-02,Natural Resources and Mining,rolling,7.480578
2010-05-02,Natural Resources and Mining,rolling,7.624151
2010-06-02,Natural Resources and Mining,rolling,7.566655
2010-07-02,Natural Resources and Mining,rolling,7.23665
2010-08-02,Natural Resources and Mining,rolling,6.943104
2010-09-02,Natural Resources and Mining,rolling,7.08042
2010-10-02,Natural Resources and Mining,rolling,7.097952
2010-11-02,Natural Resources and Mining,rolling,7.218465
2010-12-02,Natural Resources and Mining,rolling,7.076272
2011-01-02,Natural Resources and Mining,rolling,7.207153
2011-02-02,Natural Resources and Mining,rolling,6.833112
2011-03-02,Natural Resources and Mining,rolling,6.819833
2011-04-02,Natural Resources and Mining,rolling,6.898763
2011-05-02,Natural Resources and Mining,rolling,6.838093
2011-06-02,Natural Resources and Mining,rolling,6.836688
2011-07-02,Natural Resources and Mining,rolling,6.7143
2011-08-02,Natural Resources and Mining,rolling,6.592272
2011-09-02,Natural Resources and Mining,rolling,6.840032
2011-10-02,Natural Resources and Mining,rolling,7.044567
2011-11-02,Natural Resources and Mining,rolling,7.223579
2011-12-02,Natural Resources and Mining,rolling,7.093866
2012-01-02,Natural Resources and Mining,rolling,6.993887
2012-02-02,Natural Resources and Mining,rolling,6.957551
2012-03-02,Natural Resources and Mining,rolling,6.62796
2012-04-02,Natural Resources and Mining,rolling,6.463968
2012-05-02,Natural Resources and Mining,rolling,6.572598
2012-06-02,Natural Resources and Mining,rolling,6.656708
2012-07-02,Natural Resources and Mining,rolling,6.644909
2012-08-02,Natural Resources and Mining,rolling,6.736746
2012-09-02,Natural Resources and Mining,rolling,6.912954
2012-10-02,Natural Resources and Mining,rolling,7.34528
2012-11-02,Natural Resources and Mining,rolling,7.461947
2012-12-02,Natural Resources and Mining,rolling,7.412837
2013-01-02,Natural Resources and Mining,rolling,7.27324
2013-02-02,Natural Resources and Mining,rolling,7.202427
2013-03-02,Natural Resources and Mining,rolling,7.871918
2013-04-02,Natural Resources and Mining,rolling,7.92996
2013-05-02,Natural Resources and Mining,rolling,7.850137
2013-06-02,Natural Resources and Mining,rolling,8.090087
2013-07-02,Natural Resources and Mining,rolling,7.707779
2013-08-02,Natural Resources and Mining,rolling,7.421646
2013-09-02,Natural Resources and Mining,rolling,7.362436
2013-10-02,Natural Resources and Mining,rolling,7.001308
2013-11-02,Natural Resources and Mining,rolling,7.032847
2013-12-02,Natural Resources and Mining,rolling,7.531821
2014-01-02,Natural Resources and Mining,rolling,7.544259
2014-02-02,Natural Resources and Mining,rolling,7.666225
2014-03-02,Natural Resources and Mining,rolling,7.189445
2014-04-02,Natural Resources and Mining,rolling,6.794425
2014-05-02,Natural Resources and Mining,rolling,6.562067
2014-06-02,Natural Resources and Mining,rolling,6.409509
2014-07-02,Natural Resources and Mining,rolling,6.603937
2014-08-02,Natural Resources and Mining,rolling,6.673097
2014-09-02,Natural Resources and Mining,rolling,7.090968
2014-10-02,Natural Resources and Mining,rolling,6.976666
2014-11-02,Natural Resources and Mining,rolling,6.995701
2014-12-02,Natural Resources and Mining,rolling,7.201449
2015-01-02,Natural Resources and Mining,rolling,7.413484
2015-02-02,Natural Resources and Mining,rolling,7.411428
2015-03-02,Natural Resources and Mining,rolling,7.627051
2015-04-02,Natural Resources and Mining,rolling,7.655748
2015-05-02,Natural Resources and Mining,rolling,7.797059
2015-06-02,Natural Resources and Mining,rolling,7.71588
2015-07-02,Natural Resources and Mining,rolling,7.959082
2015-08-02,Natural Resources and Mining,rolling,8.3994
2015-09-02,Natural Resources and Mining,rolling,8.737533
2015-10-02,Natural Resources and Mining,rolling,9.091961
2015-11-02,Natural Resources and Mining,rolling,8.969438
2015-12-02,Natural Resources and Mining,rolling,9.052659
2016-01-02,Natural Resources and Mining,rolling,8.645189
2016-02-02,Natural Resources and Mining,rolling,8.126228
2016-03-02,Natural Resources and Mining,rolling,8.007624
2016-04-02,Natural Resources and Mining,rolling,8.270703
2016-05-02,Natural Resources and Mining,rolling,8.476643
2016-06-02,Natural Resources and Mining,rolling,8.519787
2016-07-02,Natural Resources and Mining,rolling,7.917243
2016-08-02,Natural Resources and Mining,rolling,7.986069
2016-09-02,Natural Resources and Mining,rolling,7.685762
2016-10-02,Natural Resources and Mining,rolling,7.560535
2016-11-02,Natural Resources and Mining,rolling,7.608189
2016-12-02,Natural Resources and Mining,rolling,7.634563
2017-01-02,Natural Resources and Mining,rolling,8.110032
2017-02-02,Natural Resources and Mining,rolling,8.375401
2017-03-02,Natural Resources and Mining,rolling,8.416079
2017-04-02,Natural Resources and Mining,rolling,8.774566
2017-05-02,Natural Resources and Mining,rolling,8.896528
2017-06-02,Natural Resources and Mining,rolling,8.859343
2017-07-02,Natural Resources and Mining,rolling,8.822292
2017-08-02,Natural Resources and Mining,rolling,8.544159
2017-09-02,Natural Resources and Mining,rolling,8.389452
2017-10-02,Natural Resources and Mining,rolling,8.158738
2017-11-02,Natural Resources and Mining,rolling,7.673158
2017-12-02,Natural Resources and Mining,rolling,7.40499
2018-01-02,Natural Resources and Mining,rolling,7.044093
2018-02-02,Natural Resources and Mining,rolling,7.004938
2018-03-02,Natural Resources and Mining,rolling,6.500479
2018-04-02,Natural Resources and Mining,rolling,6.559453
2018-05-02,Natural Resources and Mining,rolling,6.853692
2018-06-02,Natural Resources and Mining,rolling,7.427682
2018-07-02,Natural Resources and Mining,rolling,7.692588
2018-08-02,Natural Resources and Mining,rolling,7.649249
2018-09-02,Natural Resources and Mining,rolling,7.703644
2018-10-02,Natural Resources and Mining,rolling,7.377435
2018-11-02,Natural Resources and Mining,rolling,7.312093
2018-12-02,Natural Resources and Mining,rolling,7.29893
2019-01-02,Natural Resources and Mining,rolling,7.316715
2019-02-02,Natural Resources and Mining,rolling,7.393145
2019-03-02,Natural Resources and Mining,rolling,7.120714
2019-04-02,Natural Resources and Mining,rolling,7.117494
2019-05-02,Natural Resources and Mining,rolling,7.680207
2019-06-02,Natural Resources and Mining,rolling,7.656064
2019-07-02,Natural Resources and Mining,rolling,7.520515
2019-08-02,Natural Resources and Mining,rolling,7.665849
2019-09-02,Natural Resources and Mining,rolling,7.542101
2019-10-02,Natural Resources and Mining,rolling,7.529121
2019-11-02,Natural Resources and Mining,rolling,7.524582
2019-12-02,Natural Resources and Mining,rolling,7.538423
2020-01-02,Natural Resources and Mining,rolling,7.649735
2020-02-02,Natural Resources and Mining,rolling,7.582726
2020-03-02,Natural Resources and Mining,rolling,7.409127
2020-04-02,Natural Resources and Mining,rolling,6.859951
2020-05-02,Natural Resources and Mining,rolling,7.332674
2020-06-02,Natural Resources and Mining,rolling,7.642858
2020-07-02,Natural Resources and Mining,rolling,8.56479
2020-08-02,Natural Resources and Mining,rolling,8.889869
2020-09-02,Natural Resources and Mining,rolling,9.136959
2020-10-02,Natural Resources and Mining,rolling,8.976621
2020-11-02,Natural Resources and Mining,rolling,9.231602
2020-12-02,Natural Resources and Mining,rolling,8.623015
2021-01-02,Natural Resources and Mining,rolling,8.218604
2021-02-02,Natural Resources and Mining,rolling,8.073458
2021-03-02,Natural Resources and Mining,rolling,8.105972
2021-04-02,Natural Resources and Mining,rolling,8.132752
2021-05-02,Natural Resources and Mining,rolling,8.167823
2021-06-02,Natural Resources and Mining,rolling,8.021248
2021-07-02,Natural Resources and Mining,rolling,8.31499
2021-08-02,Natural Resources and Mining,rolling,8.391286
2021-09-02,Natural Resources and Mining,rolling,8.715881
2021-10-02,Natural Resources and Mining,rolling,8.155422
2021-11-02,Natural Resources and Mining,rolling,7.948563
2021-12-02,Natural Resources and Mining,rolling,7.622286
2022-01-02,Natural Resources and Mining,rolling,7.636071
2022-02-02,Natural Resources and Mining,rolling,7.716108
2022-03-02,Natural Resources and Mining,rolling,7.094144
2022-04-02,Natural Resources and Mining,rolling,7.073792
2022-05-02,Natural Resources and Mining,rolling,7.136042
2022-06-02,Natural Resources and Mining,rolling,7.922387
2022-07-02,Natural Resources and Mining,rolling,8.2468
2022-08-02,Natural Resources and Mining,rolling,8.536258
2022-09-02,Natural Resources and Mining,rolling,8.902883
2022-10-02,Natural Resources and Mining,rolling,9.800071
2022-11-02,Natural Resources and Mining,rolling,9.90471
2022-12-02,Natural Resources and Mining,rolling,10.292679
2023-01-02,Natural Resources and Mining,rolling,10.690756
2023-02-02,Natural Resources and Mining,rolling,10.305629
2023-03-02,Natural Resources and Mining,rolling,10.046833
2023-04-02,Natural Resources and Mining,rolling,9.833809
2023-05-02,Natural Resources and Mining,rolling,9.402431
2023-06-02,Natural Resources and Mining,rolling,9.096015
2023-07-02,Natural Resources and Mining,rolling,9.045436
2023-08-02,Natural Resources and Mining,rolling,8.82475
2023-09-02,Natural Resources and Mining,rolling,8.793952
2023-10-02,Natural Resources and Mining,rolling,8.817952
2023-11-02,Natural Resources and Mining,rolling,8.697676
2023-12-02,Natural Resources and Mining,rolling,8.630414
2024-01-02,Natural Resources and Mining,rolling,9.282611
2024-02-02,Natural Resources and Mining,rolling,9.656909
2024-03-02,Natural Resources and Mining,rolling,9.691626
2024-04-02,Natural Resources and Mining,rolling,9.458432
2024-05-02,Natural Resources and Mining,rolling,9.528924
2024-06-02,Natural Resources and Mining,rolling,9.404208
2024-07-02,Natural Resources and Mining,rolling,9.225786
2024-08-02,Natural Resources and Mining,rolling,9.355241
2024-09-02,Natural Resources and Mining,rolling,9.310149
2024-10-02,Natural Resources and Mining,rolling,9.61991
2024-11-02,Natural Resources and Mining,rolling,9.31207
2024-12-02,Natural Resources and Mining,rolling,8.38579
2025-01-02,Natural Resources and Mining,rolling,8.491694
2025-02-02,Natural Resources and Mining,rolling,8.34029
2025-03-02,Natural Resources and Mining,rolling,8.235146
2025-04-02,Natural Resources and Mining,rolling,8.469425
2025-05-02,Natural Resources and Mining,rolling,8.595935
2025-06-02,Natural Resources and Mining,rolling,8.452286
2025-07-02,Natural Resources and Mining,rolling,8.266839
2025-08-02,Natural Resources and Mining,rolling,7.781501
2025-09-02,Natural Resources and Mining,rolling,7.553826
2025-10-02,Natural Resources and Mining,rolling,
2025-11-02,Natural Resources and Mining,rolling,8.172525
2025-12-02,Natural Resources and Mining,rolling,8.503727
2026-01-02,Natural Resources and Mining,rolling,8.695135
2026-02-02,Natural Resources and Mining,rolling,8.959593
2026-03-02,Natural Resources and Mining,rolling,8.344518
2026-04-02,Natural Resources and Mining,rolling,7.757378
2026-05-02,Natural Resources and Mining,rolling,7.742812
2005-01-02,Construction,rolling,4.484788
2005-02-02,Construction,rolling,4.629308
2005-03-02,Construction,rolling,4.569692
2005-04-02,Construction,rolling,4.791088
2005-05-02,Construction,rolling,4.843629
2005-06-02,Construction,rolling,4.77069
2005-07-02,Construction,rolling,4.8786
2005-08-02,Construction,rolling,4.80438
2005-09-02,Construction,rolling,4.527887
2005-10-02,Construction,rolling,4.494737
2005-11-02,Construction,rolling,4.510902
2005-12-02,Construction,rolling,4.85616
2006-01-02,Construction,rolling,5.055006
2006-02-02,Construction,rolling,5.016618
2006-03-02,Construction,rolling,4.921517
2006-04-02,Construction,rolling,4.690627
2006-05-02,Construction,rolling,4.427648
2006-06-02,Construction,rolling,4.425617
2006-07-02,Construction,rolling,4.621827
2006-08-02,Construction,rolling,4.82148
2006-09-02,Construction,rolling,4.856799
2006-10-02,Construction,rolling,5.09004
2006-11-02,Construction,rolling,5.128833
2006-12-02,Construction,rolling,5.0217
2007-01-02,Construction,rolling,4.572916
2007-02-02,Construction,rolling,4.108963
2007-03-02,Construction,rolling,4.146501
2007-04-02,Construction,rolling,4.395522
2007-05-02,Construction,rolling,4.602802
2007-06-02,Construction,rolling,4.857762
2007-07-02,Construction,rolling,5.059507
2007-08-02,Construction,rolling,4.923334
2007-09-02,Construction,rolling,4.766529
2007-10-02,Construction,rolling,4.83903
2007-11-02,Construction,rolling,4.772747
2007-12-02,Construction,rolling,4.830567
2008-01-02,Construction,rolling,4.882747
2008-02-02,Construction,rolling,4.801288
2008-03-02,Construction,rolling,4.589727
2008-04-02,Construction,rolling,4.365921
2008-05-02,Construction,rolling,4.195972
2008-06-02,Construction,rolling,4.231903
2008-07-02,Construction,rolling,4.197124
2008-08-02,Construction,rolling,4.08513
2008-09-02,Construction,rolling,4.00428
2008-10-02,Construction,rolling,3.911904
2008-11-02,Construction,rolling,3.822846
2008-12-02,Construction,rolling,3.959039
2009-01-02,Construction,rolling,4.067244
2009-02-02,Construction,rolling,4.281235
2009-03-02,Construction,rolling,4.449923
2009-04-02,Construction,rolling,4.712886
2009-05-02,Construction,rolling,4.856807
2009-06-02,Construction,rolling,5.017551
2009-07-02,Construction,rolling,5.123186
2009-08-02,Construction,rolling,4.998013
2009-09-02,Construction,rolling,5.006576
2009-10-02,Construction,rolling,5.043371
2009-11-02,Construction,rolling,4.890724
2009-12-02,Construction,rolling,4.740378
2010-01-02,Construction,rolling,4.508169
2010-02-02,Construction,rolling,4.25379
2010-03-02,Construction,rolling,3.895796
2010-04-02,Construction,rolling,3.782119
2010-05-02,Construction,rolling,3.613249
2010-06-02,Construction,rolling,3.667468
2010-07-02,Construction,rolling,3.942554
2010-08-02,Construction,rolling,4.118938
2010-09-02,Construction,rolling,4.261565
2010-10-02,Construction,rolling,4.54887
2010-11-02,Construction,rolling,4.529736
2010-12-02,Construction,rolling,4.534511
2011-01-02,Construction,rolling,4.563155
2011-02-02,Construction,rolling,4.619109
2011-03-02,Construction,rolling,4.601325
2011-04-02,Construction,rolling,4.841181
2011-05-02,Construction,rolling,4.94524
2011-06-02,Construction,rolling,4.859633
2011-07-02,Construction,rolling,4.784006
2011-08-02,Construction,rolling,4.702732
2011-09-02,Construction,rolling,4.793088
2011-10-02,Construction,rolling,4.965682
2011-11-02,Construction,rolling,5.071201
2011-12-02,Construction,rolling,5.019231
2012-01-02,Construction,rolling,5.12825
2012-02-02,Construction,rolling,5.133837
2012-03-02,Construction,rolling,5.039759
2012-04-02,Construction,rolling,4.868932
2012-05-02,Construction,rolling,4.884702
2012-06-02,Construction,rolling,4.781638
2012-07-02,Construction,rolling,4.666469
2012-08-02,Construction,rolling,4.600831
2012-09-02,Construction,rolling,4.694428
2012-10-02,Construction,rolling,4.701227
2012-11-02,Construction,rolling,4.977124
2012-12-02,Construction,rolling,5.500952
2013-01-02,Construction,rolling,5.652915
2013-02-02,Construction,rolling,5.961467
2013-03-02,Construction,rolling,6.025413
2013-04-02,Construction,rolling,5.997188
2013-05-02,Construction,rolling,5.931177
2013-06-02,Construction,rolling,5.871339
2013-07-02,Construction,rolling,5.709914
2013-08-02,Construction,rolling,5.759993
2013-09-02,Construction,rolling,5.491193
2013-10-02,Construction,rolling,5.755249
2013-11-02,Construction,rolling,6.131945
2013-12-02,Construction,rolling,6.369815
2014-01-02,Construction,rolling,6.882473
2014-02-02,Construction,rolling,7.412296
2014-03-02,Construction,rolling,7.540387
2014-04-02,Construction,rolling,7.44451
2014-05-02,Construction,rolling,7.367825
2014-06-02,Construction,rolling,7.264647
2014-07-02,Construction,rolling,6.91687
2014-08-02,Construction,rolling,6.430841
2014-09-02,Construction,rolling,5.965524
2014-10-02,Construction,rolling,5.640412
2014-11-02,Construction,rolling,5.442976
2014-12-02,Construction,rolling,5.072259
2015-01-02,Construction,rolling,4.884304
2015-02-02,Construction,rolling,4.824666
2015-03-02,Construction,rolling,4.876948
2015-04-02,Construction,rolling,4.834096
2015-05-02,Construction,rolling,4.710412
2015-06-02,Construction,rolling,4.687904
2015-07-02,Construction,rolling,4.389687
2015-08-02,Construction,rolling,4.122862
2015-09-02,Construction,rolling,3.736433
2015-10-02,Construction,rolling,3.750171
2015-11-02,Construction,rolling,3.816477
2015-12-02,Construction,rolling,3.901817
2016-01-02,Construction,rolling,3.876669
2016-02-02,Construction,rolling,3.890469
2016-03-02,Construction,rolling,3.987843
2016-04-02,Construction,rolling,4.144973
2016-05-02,Construction,rolling,4.305462
2016-06-02,Construction,rolling,4.434515
2016-07-02,Construction,rolling,4.010289
2016-08-02,Construction,rolling,3.985582
2016-09-02,Construction,rolling,4.28639
2016-10-02,Construction,rolling,4.549959
2016-11-02,Construction,rolling,4.581853
2016-12-02,Construction,rolling,4.687761
2017-01-02,Construction,rolling,4.605869
2017-02-02,Construction,rolling,4.668022
2017-03-02,Construction,rolling,4.807141
2017-04-02,Construction,rolling,4.90421
2017-05-02,Construction,rolling,5.092989
2017-06-02,Construction,rolling,5.195456
2017-07-02,Construction,rolling,5.280227
2017-08-02,Construction,rolling,5.357816
2017-09-02,Construction,rolling,5.503192
2017-10-02,Construction,rolling,5.6243
2017-11-02,Construction,rolling,5.917419
2017-12-02,Construction,rolling,6.069287
2018-01-02,Construction,rolling,5.870864
2018-02-02,Construction,rolling,5.785592
2018-03-02,Construction,rolling,5.69239
2018-04-02,Construction,rolling,5.5469
2018-05-02,Construction,rolling,5.063775
2018-06-02,Construction,rolling,4.946828
2018-07-02,Construction,rolling,4.846572
2018-08-02,Construction,rolling,4.708035
2018-09-02,Construction,rolling,4.557867
2018-10-02,Construction,rolling,4.43782
2018-11-02,Construction,rolling,4.428276
2018-12-02,Construction,rolling,4.613934
2019-01-02,Construction,rolling,4.867308
2019-02-02,Construction,rolling,5.149125
2019-03-02,Construction,rolling,5.122161
2019-04-02,Construction,rolling,5.140748
2019-05-02,Construction,rolling,5.137865
2019-06-02,Construction,rolling,5.048126
2019-07-02,Construction,rolling,5.225812
2019-08-02,Construction,rolling,5.451984
2019-09-02,Construction,rolling,5.427127
2019-10-02,Construction,rolling,5.33006
2019-11-02,Construction,rolling,5.026308
2019-12-02,Construction,rolling,4.843224
2020-01-02,Construction,rolling,4.841507
2020-02-02,Construction,rolling,4.986801
2020-03-02,Construction,rolling,5.126233
2020-04-02,Construction,rolling,5.41995
2020-05-02,Construction,rolling,5.584627
2020-06-02,Construction,rolling,5.695592
2020-07-02,Construction,rolling,5.441548
2020-08-02,Construction,rolling,5.350404
2020-09-02,Construction,rolling,5.187208
2020-10-02,Construction,rolling,4.90301
2020-11-02,Construction,rolling,4.69631
2020-12-02,Construction,rolling,4.626215
2021-01-02,Construction,rolling,4.465426
2021-02-02,Construction,rolling,4.621304
2021-03-02,Construction,rolling,4.860592
2021-04-02,Construction,rolling,4.646419
2021-05-02,Construction,rolling,4.850307
2021-06-02,Construction,rolling,5.342616
2021-07-02,Construction,rolling,5.274445
2021-08-02,Construction,rolling,5.179368
2021-09-02,Construction,rolling,5.004392
2021-10-02,Construction,rolling,4.942827
2021-11-02,Construction,rolling,5.13769
2021-12-02,Construction,rolling,5.269795
2022-01-02,Construction,rolling,5.265612
2022-02-02,Construction,rolling,5.375225
2022-03-02,Construction,rolling,5.176599
2022-04-02,Construction,rolling,4.855342
2022-05-02,Construction,rolling,4.756118
2022-06-02,Construction,rolling,4.445461
2022-07-02,Construction,rolling,3.974567
2022-08-02,Construction,rolling,3.857812
2022-09-02,Construction,rolling,3.639368
2022-10-02,Construction,rolling,3.920497
2022-11-02,Construction,rolling,4.217131
2022-12-02,Construction,rolling,4.460911
2023-01-02,Construction,rolling,4.688494
2023-02-02,Construction,rolling,5.267293
2023-03-02,Construction,rolling,5.511731
2023-04-02,Construction,rolling,5.433953
2023-05-02,Construction,rolling,5.400993
2023-06-02,Construction,rolling,5.267574
2023-07-02,Construction,rolling,5.062823
2023-08-02,Construction,rolling,5.153215
2023-09-02,Construction,rolling,5.000578
2023-10-02,Construction,rolling,5.057178
2023-11-02,Construction,rolling,5.329218
2023-12-02,Construction,rolling,5.295202
2024-01-02,Construction,rolling,5.430184
2024-02-02,Construction,rolling,5.597003
2024-03-02,Construction,rolling,5.843313
2024-04-02,Construction,rolling,6.040999
2024-05-02,Construction,rolling,6.090742
2024-06-02,Construction,rolling,5.854637
2024-07-02,Construction,rolling,5.77157
2024-08-02,Construction,rolling,5.702136
2024-09-02,Construction,rolling,5.333047
2024-10-02,Construction,rolling,5.158592
2024-11-02,Construction,rolling,5.28271
2024-12-02,Construction,rolling,4.955727
2025-01-02,Construction,rolling,4.963605
2025-02-02,Construction,rolling,4.791955
2025-03-02,Construction,rolling,4.486532
2025-04-02,Construction,rolling,4.55262
2025-05-02,Construction,rolling,4.784715
2025-06-02,Construction,rolling,4.993644
2025-07-02,Construction,rolling,5.10032
2025-08-02,Construction,rolling,5.331426
2025-09-02,Construction,rolling,5.358216
2025-10-02,Construction,rolling,
2025-11-02,Construction,rolling,5.403166
2025-12-02,Construction,rolling,5.358074
2026-01-02,Construction,rolling,5.379634
2026-02-02,Construction,rolling,5.387164
2026-03-02,Construction,rolling,5.625952
2026-04-02,Construction,rolling,5.514515
2026-05-02,Construction,rolling,5.347051
2005-01-02,Manufacturing,rolling,4.856452
2005-02-02,Manufacturing,rolling,4.88012
2005-03-02,Manufacturing,rolling,4.77403
2005-04-02,Manufacturing,rolling,4.753814
2005-05-02,Manufacturing,rolling,4.912322
2005-06-02,Manufacturing,rolling,4.944541
2005-07-02,Manufacturing,rolling,4.784822
2005-08-02,Manufacturing,rolling,4.791817
2005-09-02,Manufacturing,rolling,4.820198
2005-10-02,Manufacturing,rolling,4.925188
2005-11-02,Manufacturing,rolling,4.884865
2005-12-02,Manufacturing,rolling,4.768216
2006-01-02,Manufacturing,rolling,4.636889
2006-02-02,Manufacturing,rolling,4.421495
2006-03-02,Manufacturing,rolling,4.293271
2006-04-02,Manufacturing,rolling,4.175568
2006-05-02,Manufacturing,rolling,4.359066
2006-06-02,Manufacturing,rolling,4.770199
2006-07-02,Manufacturing,rolling,4.925996
2006-08-02,Manufacturing,rolling,5.097103
2006-09-02,Manufacturing,rolling,5.229276
2006-10-02,Manufacturing,rolling,5.390804
2006-11-02,Manufacturing,rolling,5.331459
2006-12-02,Manufacturing,rolling,5.175671
2007-01-02,Manufacturing,rolling,5.1172
2007-02-02,Manufacturing,rolling,4.96251
2007-03-02,Manufacturing,rolling,4.773952
2007-04-02,Manufacturing,rolling,4.546131
2007-05-02,Manufacturing,rolling,4.397393
2007-06-02,Manufacturing,rolling,4.364736
2007-07-02,Manufacturing,rolling,4.493767
2007-08-02,Manufacturing,rolling,4.640455
2007-09-02,Manufacturing,rolling,5.018116
2007-10-02,Manufacturing,rolling,5.168888
2007-11-02,Manufacturing,rolling,5.368381
2007-12-02,Manufacturing,rolling,5.454905
2008-01-02,Manufacturing,rolling,5.397051
2008-02-02,Manufacturing,rolling,5.2365
2008-03-02,Manufacturing,rolling,5.128171
2008-04-02,Manufacturing,rolling,5.110713
2008-05-02,Manufacturing,rolling,5.117533
2008-06-02,Manufacturing,rolling,4.865924
2008-07-02,Manufacturing,rolling,4.750852
2008-08-02,Manufacturing,rolling,4.788011
2008-09-02,Manufacturing,rolling,4.888892
2008-10-02,Manufacturing,rolling,4.95379
2008-11-02,Manufacturing,rolling,4.83661
2008-12-02,Manufacturing,rolling,4.819769
2009-01-02,Manufacturing,rolling,4.861829
2009-02-02,Manufacturing,rolling,4.867276
2009-03-02,Manufacturing,rolling,4.742244
2009-04-02,Manufacturing,rolling,4.651366
2009-05-02,Manufacturing,rolling,4.521955
2009-06-02,Manufacturing,rolling,4.396843
2009-07-02,Manufacturing,rolling,4.544046
2009-08-02,Manufacturing,rolling,4.582601
2009-09-02,Manufacturing,rolling,4.690064
2009-10-02,Manufacturing,rolling,4.750051
2009-11-02,Manufacturing,rolling,4.890339
2009-12-02,Manufacturing,rolling,5.069393
2010-01-02,Manufacturing,rolling,5.208072
2010-02-02,Manufacturing,rolling,5.234321
2010-03-02,Manufacturing,rolling,5.26333
2010-04-02,Manufacturing,rolling,5.209689
2010-05-02,Manufacturing,rolling,5.168614
2010-06-02,Manufacturing,rolling,5.059011
2010-07-02,Manufacturing,rolling,5.25343
2010-08-02,Manufacturing,rolling,5.386349
2010-09-02,Manufacturing,rolling,5.372076
2010-10-02,Manufacturing,rolling,5.46545
2010-11-02,Manufacturing,rolling,5.5155
2010-12-02,Manufacturing,rolling,5.73797
2011-01-02,Manufacturing,rolling,5.716755
2011-02-02,Manufacturing,rolling,5.759898
2011-03-02,Manufacturing,rolling,5.486255
2011-04-02,Manufacturing,rolling,5.515433
2011-05-02,Manufacturing,rolling,5.626352
2011-06-02,Manufacturing,rolling,5.685158
2011-07-02,Manufacturing,rolling,5.652684
2011-08-02,Manufacturing,rolling,5.466633
2011-09-02,Manufacturing,rolling,5.607806
2011-10-02,Manufacturing,rolling,5.644568
2011-11-02,Manufacturing,rolling,5.938444
2011-12-02,Manufacturing,rolling,6.021491
2012-01-02,Manufacturing,rolling,6.110971
2012-02-02,Manufacturing,rolling,5.906707
2012-03-02,Manufacturing,rolling,5.761513
2012-04-02,Manufacturing,rolling,5.603459
2012-05-02,Manufacturing,rolling,5.56005
2012-06-02,Manufacturing,rolling,5.535011
2012-07-02,Manufacturing,rolling,5.506181
2012-08-02,Manufacturing,rolling,5.625171
2012-09-02,Manufacturing,rolling,5.746886
2012-10-02,Manufacturing,rolling,5.747453
2012-11-02,Manufacturing,rolling,5.707198
2012-12-02,Manufacturing,rolling,5.753327
2013-01-02,Manufacturing,rolling,5.692555
2013-02-02,Manufacturing,rolling,5.711024
2013-03-02,Manufacturing,rolling,5.814705
2013-04-02,Manufacturing,rolling,5.773296
2013-05-02,Manufacturing,rolling,5.847753
2013-06-02,Manufacturing,rolling,5.74586
2013-07-02,Manufacturing,rolling,5.605219
2013-08-02,Manufacturing,rolling,5.47725
2013-09-02,Manufacturing,rolling,5.305175
2013-10-02,Manufacturing,rolling,5.350805
2013-11-02,Manufacturing,rolling,5.438124
2013-12-02,Manufacturing,rolling,5.506
2014-01-02,Manufacturing,rolling,5.44915
2014-02-02,Manufacturing,rolling,5.320829
2014-03-02,Manufacturing,rolling,4.964714
2014-04-02,Manufacturing,rolling,4.864909
2014-05-02,Manufacturing,rolling,4.74623
2014-06-02,Manufacturing,rolling,4.770244
2014-07-02,Manufacturing,rolling,4.834271
2014-08-02,Manufacturing,rolling,5.005289
2014-09-02,Manufacturing,rolling,5.117206
2014-10-02,Manufacturing,rolling,5.170906
2014-11-02,Manufacturing,rolling,5.183363
2014-12-02,Manufacturing,rolling,5.097269
2015-01-02,Manufacturing,rolling,5.005478
2015-02-02,Manufacturing,rolling,5.065472
2015-03-02,Manufacturing,rolling,5.134321
2015-04-02,Manufacturing,rolling,4.966897
2015-05-02,Manufacturing,rolling,4.990804
2015-06-02,Manufacturing,rolling,5.052612
2015-07-02,Manufacturing,rolling,5.184117
2015-08-02,Manufacturing,rolling,5.302141
2015-09-02,Manufacturing,rolling,5.289885
2015-10-02,Manufacturing,rolling,5.305967
2015-11-02,Manufacturing,rolling,5.108411
2015-12-02,Manufacturing,rolling,4.934083
2016-01-02,Manufacturing,rolling,4.991051
2016-02-02,Manufacturing,rolling,4.915419
2016-03-02,Manufacturing,rolling,4.724044
2016-04-02,Manufacturing,rolling,4.606963
2016-05-02,Manufacturing,rolling,4.677728
2016-06-02,Manufacturing,rolling,4.560278
2016-07-02,Manufacturing,rolling,4.446359
2016-08-02,Manufacturing,rolling,4.600664
2016-09-02,Manufacturing,rolling,4.766211
2016-10-02,Manufacturing,rolling,4.838276
2016-11-02,Manufacturing,rolling,4.988873
2016-12-02,Manufacturing,rolling,5.13851
2017-01-02,Manufacturing,rolling,5.202041
2017-02-02,Manufacturing,rolling,5.060043
2017-03-02,Manufacturing,rolling,5.063445
2017-04-02,Manufacturing,rolling,4.895219
2017-05-02,Manufacturing,rolling,4.960327
2017-06-02,Manufacturing,rolling,4.910751
2017-07-02,Manufacturing,rolling,4.935861
2017-08-02,Manufacturing,rolling,4.940234
2017-09-02,Manufacturing,rolling,4.827498
2017-10-02,Manufacturing,rolling,4.753987
2017-11-02,Manufacturing,rolling,4.717732
2017-12-02,Manufacturing,rolling,4.83377
2018-01-02,Manufacturing,rolling,4.855285
2018-02-02,Manufacturing,rolling,4.899654
2018-03-02,Manufacturing,rolling,5.01377
2018-04-02,Manufacturing,rolling,5.0926
2018-05-02,Manufacturing,rolling,5.306606
2018-06-02,Manufacturing,rolling,5.250134
2018-07-02,Manufacturing,rolling,5.337814
2018-08-02,Manufacturing,rolling,5.325791
2018-09-02,Manufacturing,rolling,5.243927
2018-10-02,Manufacturing,rolling,5.133179
2018-11-02,Manufacturing,rolling,5.28191
2018-12-02,Manufacturing,rolling,5.410732
2019-01-02,Manufacturing,rolling,5.530473
2019-02-02,Manufacturing,rolling,5.418003
2019-03-02,Manufacturing,rolling,5.092219
2019-04-02,Manufacturing,rolling,4.772313
2019-05-02,Manufacturing,rolling,4.691399
2019-06-02,Manufacturing,rolling,4.76659
2019-07-02,Manufacturing,rolling,4.884992
2019-08-02,Manufacturing,rolling,5.019241
2019-09-02,Manufacturing,rolling,5.145658
2019-10-02,Manufacturing,rolling,5.154786
2019-11-02,Manufacturing,rolling,5.278677
2019-12-02,Manufacturing,rolling,5.443055
2020-01-02,Manufacturing,rolling,5.61557
2020-02-02,Manufacturing,rolling,5.696956
2020-03-02,Manufacturing,rolling,5.690334
2020-04-02,Manufacturing,rolling,5.851097
2020-05-02,Manufacturing,rolling,5.970146
2020-06-02,Manufacturing,rolling,6.169494
2020-07-02,Manufacturing,rolling,6.333437
2020-08-02,Manufacturing,rolling,6.216474
2020-09-02,Manufacturing,rolling,6.285133
2020-10-02,Manufacturing,rolling,6.311491
2020-11-02,Manufacturing,rolling,6.335731
2020-12-02,Manufacturing,rolling,6.342768
2021-01-02,Manufacturing,rolling,6.242487
2021-02-02,Manufacturing,rolling,6.219503
2021-03-02,Manufacturing,rolling,6.174516
2021-04-02,Manufacturing,rolling,5.824196
2021-05-02,Manufacturing,rolling,5.613718
2021-06-02,Manufacturing,rolling,5.728501
2021-07-02,Manufacturing,rolling,5.983856
2021-08-02,Manufacturing,rolling,6.164603
2021-09-02,Manufacturing,rolling,6.336994
2021-10-02,Manufacturing,rolling,6.393021
2021-11-02,Manufacturing,rolling,6.301872
2021-12-02,Manufacturing,rolling,6.174884
2022-01-02,Manufacturing,rolling,6.097767
2022-02-02,Manufacturing,rolling,5.74466
2022-03-02,Manufacturing,rolling,5.376057
2022-04-02,Manufacturing,rolling,5.205257
2022-05-02,Manufacturing,rolling,5.357231
2022-06-02,Manufacturing,rolling,5.39767
2022-07-02,Manufacturing,rolling,5.473816
2022-08-02,Manufacturing,rolling,5.739129
2022-09-02,Manufacturing,rolling,5.923034
2022-10-02,Manufacturing,rolling,6.021039
2022-11-02,Manufacturing,rolling,6.260703
2022-12-02,Manufacturing,rolling,6.105861
2023-01-02,Manufacturing,rolling,5.977125
2023-02-02,Manufacturing,rolling,5.796111
2023-03-02,Manufacturing,rolling,5.847505
2023-04-02,Manufacturing,rolling,5.728787
2023-05-02,Manufacturing,rolling,5.651109
2023-06-02,Manufacturing,rolling,5.775372
2023-07-02,Manufacturing,rolling,5.894645
2023-08-02,Manufacturing,rolling,6.066379
2023-09-02,Manufacturing,rolling,6.105594
2023-10-02,Manufacturing,rolling,5.930003
2023-11-02,Manufacturing,rolling,5.859806
2023-12-02,Manufacturing,rolling,5.888839
2024-01-02,Manufacturing,rolling,5.733967
2024-02-02,Manufacturing,rolling,5.672321
2024-03-02,Manufacturing,rolling,5.69638
2024-04-02,Manufacturing,rolling,5.639062
2024-05-02,Manufacturing,rolling,5.477281
2024-06-02,Manufacturing,rolling,5.32593
2024-07-02,Manufacturing,rolling,5.511937
2024-08-02,Manufacturing,rolling,5.899117
2024-09-02,Manufacturing,rolling,5.962675
2024-10-02,Manufacturing,rolling,5.744437
2024-11-02,Manufacturing,rolling,5.817637
2024-12-02,Manufacturing,rolling,6.052466
2025-01-02,Manufacturing,rolling,6.322067
2025-02-02,Manufacturing,rolling,6.160433
2025-03-02,Manufacturing,rolling,6.134802
2025-04-02,Manufacturing,rolling,6.054259
2025-05-02,Manufacturing,rolling,6.112006
2025-06-02,Manufacturing,rolling,5.919817
2025-07-02,Manufacturing,rolling,5.790707
2025-08-02,Manufacturing,rolling,6.19712
2025-09-02,Manufacturing,rolling,6.376848
2025-10-02,Manufacturing,rolling,
2025-11-02,Manufacturing,rolling,5.976854
2025-12-02,Manufacturing,rolling,5.760793
2026-01-02,Manufacturing,rolling,5.920143
2026-02-02,Manufacturing,rolling,6.339052
2026-03-02,Manufacturing,rolling,6.696855
2026-04-02,Manufacturing,rolling,6.941284
2026-05-02,Manufacturing,rolling,6.930007
2005-01-02,"Trade, Transportation, and Utilities",rolling,3.234416
2005-02-02,"Trade, Transportation, and Utilities",rolling,3.241617
2005-03-02,"Trade, Transportation, and Utilities",rolling,3.221833
2005-04-02,"Trade, Transportation, and Utilities",rolling,3.195422
2005-05-02,"Trade, Transportation, and Utilities",rolling,3.210075
2005-06-02,"Trade, Transportation, and Utilities",rolling,3.14803
2005-07-02,"Trade, Transportation, and Utilities",rolling,3.029017
2005-08-02,"Trade, Transportation, and Utilities",rolling,3.02178
2005-09-02,"Trade, Transportation, and Utilities",rolling,3.056395
2005-10-02,"Trade, Transportation, and Utilities",rolling,3.069174
2005-11-02,"Trade, Transportation, and Utilities",rolling,3.131942
2005-12-02,"Trade, Transportation, and Utilities",rolling,3.213903
2006-01-02,"Trade, Transportation, and Utilities",rolling,3.394579
2006-02-02,"Trade, Transportation, and Utilities",rolling,3.59858
2006-03-02,"Trade, Transportation, and Utilities",rolling,3.710133
2006-04-02,"Trade, Transportation, and Utilities",rolling,3.70614
2006-05-02,"Trade, Transportation, and Utilities",rolling,3.821973
2006-06-02,"Trade, Transportation, and Utilities",rolling,3.749736
2006-07-02,"Trade, Transportation, and Utilities",rolling,3.674949
2006-08-02,"Trade, Transportation, and Utilities",rolling,3.656571
2006-09-02,"Trade, Transportation, and Utilities",rolling,3.520421
2006-10-02,"Trade, Transportation, and Utilities",rolling,3.514684
2006-11-02,"Trade, Transportation, and Utilities",rolling,3.447047
2006-12-02,"Trade, Transportation, and Utilities",rolling,3.393858
2007-01-02,"Trade, Transportation, and Utilities",rolling,3.319635
2007-02-02,"Trade, Transportation, and Utilities",rolling,3.298468
2007-03-02,"Trade, Transportation, and Utilities",rolling,3.173232
2007-04-02,"Trade, Transportation, and Utilities",rolling,3.208479
2007-05-02,"Trade, Transportation, and Utilities",rolling,3.24113
2007-06-02,"Trade, Transportation, and Utilities",rolling,3.215205
2007-07-02,"Trade, Transportation, and Utilities",rolling,3.21175
2007-08-02,"Trade, Transportation, and Utilities",rolling,3.158973
2007-09-02,"Trade, Transportation, and Utilities",rolling,3.213905
2007-10-02,"Trade, Transportation, and Utilities",rolling,3.221092
2007-11-02,"Trade, Transportation, and Utilities",rolling,3.304596
2007-12-02,"Trade, Transportation, and Utilities",rolling,3.431392
2008-01-02,"Trade, Transportation, and Utilities",rolling,3.509272
2008-02-02,"Trade, Transportation, and Utilities",rolling,3.575168
2008-03-02,"Trade, Transportation, and Utilities",rolling,3.633688
2008-04-02,"Trade, Transportation, and Utilities",rolling,3.651194
2008-05-02,"Trade, Transportation, and Utilities",rolling,3.659689
2008-06-02,"Trade, Transportation, and Utilities",rolling,3.659393
2008-07-02,"Trade, Transportation, and Utilities",rolling,3.598403
2008-08-02,"Trade, Transportation, and Utilities",rolling,3.587354
2008-09-02,"Trade, Transportation, and Utilities",rolling,3.51936
2008-10-02,"Trade, Transportation, and Utilities",rolling,3.392894
2008-11-02,"Trade, Transportation, and Utilities",rolling,3.093064
2008-12-02,"Trade, Transportation, and Utilities",rolling,2.961258
2009-01-02,"Trade, Transportation, and Utilities",rolling,3.099904
2009-02-02,"Trade, Transportation, and Utilities",rolling,3.321989
2009-03-02,"Trade, Transportation, and Utilities",rolling,3.388767
2009-04-02,"Trade, Transportation, and Utilities",rolling,3.332972
2009-05-02,"Trade, Transportation, and Utilities",rolling,3.277857
2009-06-02,"Trade, Transportation, and Utilities",rolling,3.185117
2009-07-02,"Trade, Transportation, and Utilities",rolling,3.217948
2009-08-02,"Trade, Transportation, and Utilities",rolling,3.278705
2009-09-02,"Trade, Transportation, and Utilities",rolling,3.401452
2009-10-02,"Trade, Transportation, and Utilities",rolling,3.297823
2009-11-02,"Trade, Transportation, and Utilities",rolling,3.292665
2009-12-02,"Trade, Transportation, and Utilities",rolling,3.394603
2010-01-02,"Trade, Transportation, and Utilities",rolling,3.485971
2010-02-02,"Trade, Transportation, and Utilities",rolling,3.542549
2010-03-02,"Trade, Transportation, and Utilities",rolling,3.587745
2010-04-02,"Trade, Transportation, and Utilities",rolling,3.760448
2010-05-02,"Trade, Transportation, and Utilities",rolling,3.88863
2010-06-02,"Trade, Transportation, and Utilities",rolling,3.750697
2010-07-02,"Trade, Transportation, and Utilities",rolling,3.717346
2010-08-02,"Trade, Transportation, and Utilities",rolling,3.658066
2010-09-02,"Trade, Transportation, and Utilities",rolling,3.634137
2010-10-02,"Trade, Transportation, and Utilities",rolling,3.502952
2010-11-02,"Trade, Transportation, and Utilities",rolling,3.36373
2010-12-02,"Trade, Transportation, and Utilities",rolling,3.370349
2011-01-02,"Trade, Transportation, and Utilities",rolling,3.241664
2011-02-02,"Trade, Transportation, and Utilities",rolling,3.140824
2011-03-02,"Trade, Transportation, and Utilities",rolling,3.123415
2011-04-02,"Trade, Transportation, and Utilities",rolling,3.162034
2011-05-02,"Trade, Transportation, and Utilities",rolling,3.289441
2011-06-02,"Trade, Transportation, and Utilities",rolling,3.369925
2011-07-02,"Trade, Transportation, and Utilities",rolling,3.425709
2011-08-02,"Trade, Transportation, and Utilities",rolling,3.562216
2011-09-02,"Trade, Transportation, and Utilities",rolling,3.487
2011-10-02,"Trade, Transportation, and Utilities",rolling,3.601571
2011-11-02,"Trade, Transportation, and Utilities",rolling,3.75986
2011-12-02,"Trade, Transportation, and Utilities",rolling,3.854178
2012-01-02,"Trade, Transportation, and Utilities",rolling,3.877156
2012-02-02,"Trade, Transportation, and Utilities",rolling,3.712063
2012-03-02,"Trade, Transportation, and Utilities",rolling,3.616642
2012-04-02,"Trade, Transportation, and Utilities",rolling,3.616993
2012-05-02,"Trade, Transportation, and Utilities",rolling,3.634411
2012-06-02,"Trade, Transportation, and Utilities",rolling,3.600452
2012-07-02,"Trade, Transportation, and Utilities",rolling,3.498992
2012-08-02,"Trade, Transportation, and Utilities",rolling,3.50012
2012-09-02,"Trade, Transportation, and Utilities",rolling,3.493083
2012-10-02,"Trade, Transportation, and Utilities",rolling,3.519563
2012-11-02,"Trade, Transportation, and Utilities",rolling,3.545715
2012-12-02,"Trade, Transportation, and Utilities",rolling,3.586595
2013-01-02,"Trade, Transportation, and Utilities",rolling,3.698636
2013-02-02,"Trade, Transportation, and Utilities",rolling,3.644894
2013-03-02,"Trade, Transportation, and Utilities",rolling,3.678176
2013-04-02,"Trade, Transportation, and Utilities",rolling,3.542886
2013-05-02,"Trade, Transportation, and Utilities",rolling,3.403863
2013-06-02,"Trade, Transportation, and Utilities",rolling,3.337638
2013-07-02,"Trade, Transportation, and Utilities",rolling,3.317225
2013-08-02,"Trade, Transportation, and Utilities",rolling,3.359342
2013-09-02,"Trade, Transportation, and Utilities",rolling,3.448323
2013-10-02,"Trade, Transportation, and Utilities",rolling,3.563135
2013-11-02,"Trade, Transportation, and Utilities",rolling,3.588665
2013-12-02,"Trade, Transportation, and Utilities",rolling,3.627275
2014-01-02,"Trade, Transportation, and Utilities",rolling,3.681003
2014-02-02,"Trade, Transportation, and Utilities",rolling,3.715893
2014-03-02,"Trade, Transportation, and Utilities",rolling,3.735361
2014-04-02,"Trade, Transportation, and Utilities",rolling,3.594297
2014-05-02,"Trade, Transportation, and Utilities",rolling,3.513932
2014-06-02,"Trade, Transportation, and Utilities",rolling,3.502714
2014-07-02,"Trade, Transportation, and Utilities",rolling,3.374313
2014-08-02,"Trade, Transportation, and Utilities",rolling,3.386941
2014-09-02,"Trade, Transportation, and Utilities",rolling,3.325986
2014-10-02,"Trade, Transportation, and Utilities",rolling,3.357593
2014-11-02,"Trade, Transportation, and Utilities",rolling,3.361227
2014-12-02,"Trade, Transportation, and Utilities",rolling,3.311003
2015-01-02,"Trade, Transportation, and Utilities",rolling,3.408474
2015-02-02,"Trade, Transportation, and Utilities",rolling,3.373606
2015-03-02,"Trade, Transportation, and Utilities",rolling,3.400779
2015-04-02,"Trade, Transportation, and Utilities",rolling,3.462506
2015-05-02,"Trade, Transportation, and Utilities",rolling,3.62075
2015-06-02,"Trade, Transportation, and Utilities",rolling,3.582519
2015-07-02,"Trade, Transportation, and Utilities",rolling,3.417419
2015-08-02,"Trade, Transportation, and Utilities",rolling,3.284771
2015-09-02,"Trade, Transportation, and Utilities",rolling,3.165132
2015-10-02,"Trade, Transportation, and Utilities",rolling,3.232973
2015-11-02,"Trade, Transportation, and Utilities",rolling,3.326386
2015-12-02,"Trade, Transportation, and Utilities",rolling,3.418007
2016-01-02,"Trade, Transportation, and Utilities",rolling,3.444346
2016-02-02,"Trade, Transportation, and Utilities",rolling,3.337613
2016-03-02,"Trade, Transportation, and Utilities",rolling,3.346743
2016-04-02,"Trade, Transportation, and Utilities",rolling,3.292959
2016-05-02,"Trade, Transportation, and Utilities",rolling,3.260427
2016-06-02,"Trade, Transportation, and Utilities",rolling,3.307176
2016-07-02,"Trade, Transportation, and Utilities",rolling,3.346063
2016-08-02,"Trade, Transportation, and Utilities",rolling,3.451618
2016-09-02,"Trade, Transportation, and Utilities",rolling,3.476779
2016-10-02,"Trade, Transportation, and Utilities",rolling,3.538234
2016-11-02,"Trade, Transportation, and Utilities",rolling,3.533493
2016-12-02,"Trade, Transportation, and Utilities",rolling,3.576372
2017-01-02,"Trade, Transportation, and Utilities",rolling,3.552773
2017-02-02,"Trade, Transportation, and Utilities",rolling,3.545511
2017-03-02,"Trade, Transportation, and Utilities",rolling,3.530531
2017-04-02,"Trade, Transportation, and Utilities",rolling,3.569179
2017-05-02,"Trade, Transportation, and Utilities",rolling,3.587534
2017-06-02,"Trade, Transportation, and Utilities",rolling,3.628114
2017-07-02,"Trade, Transportation, and Utilities",rolling,3.41787
2017-08-02,"Trade, Transportation, and Utilities",rolling,3.248026
2017-09-02,"Trade, Transportation, and Utilities",rolling,3.251132
2017-10-02,"Trade, Transportation, and Utilities",rolling,3.282516
2017-11-02,"Trade, Transportation, and Utilities",rolling,3.444378
2017-12-02,"Trade, Transportation, and Utilities",rolling,3.578115
2018-01-02,"Trade, Transportation, and Utilities",rolling,3.578438
2018-02-02,"Trade, Transportation, and Utilities",rolling,3.798294
2018-03-02,"Trade, Transportation, and Utilities",rolling,3.879007
2018-04-02,"Trade, Transportation, and Utilities",rolling,4.014799
2018-05-02,"Trade, Transportation, and Utilities",rolling,4.12848
2018-06-02,"Trade, Transportation, and Utilities",rolling,4.00915
2018-07-02,"Trade, Transportation, and Utilities",rolling,3.946003
2018-08-02,"Trade, Transportation, and Utilities",rolling,3.898988
2018-09-02,"Trade, Transportation, and Utilities",rolling,3.815098
2018-10-02,"Trade, Transportation, and Utilities",rolling,3.814059
2018-11-02,"Trade, Transportation, and Utilities",rolling,3.819603
2018-12-02,"Trade, Transportation, and Utilities",rolling,3.771077
2019-01-02,"Trade, Transportation, and Utilities",rolling,3.720454
2019-02-02,"Trade, Transportation, and Utilities",rolling,3.608287
2019-03-02,"Trade, Transportation, and Utilities",rolling,3.683612
2019-04-02,"Trade, Transportation, and Utilities",rolling,3.600645
2019-05-02,"Trade, Transportation, and Utilities",rolling,3.589581
2019-06-02,"Trade, Transportation, and Utilities",rolling,3.660079
2019-07-02,"Trade, Transportation, and Utilities",rolling,3.746828
2019-08-02,"Trade, Transportation, and Utilities",rolling,3.849746
2019-09-02,"Trade, Transportation, and Utilities",rolling,3.888601
2019-10-02,"Trade, Transportation, and Utilities",rolling,4.103985
2019-11-02,"Trade, Transportation, and Utilities",rolling,4.319337
2019-12-02,"Trade, Transportation, and Utilities",rolling,4.429863
2020-01-02,"Trade, Transportation, and Utilities",rolling,4.432529
2020-02-02,"Trade, Transportation, and Utilities",rolling,4.435419
2020-03-02,"Trade, Transportation, and Utilities",rolling,4.487973
2020-04-02,"Trade, Transportation, and Utilities",rolling,4.526518
2020-05-02,"Trade, Transportation, and Utilities",rolling,4.639188
2020-06-02,"Trade, Transportation, and Utilities",rolling,4.65814
2020-07-02,"Trade, Transportation, and Utilities",rolling,4.898978
2020-08-02,"Trade, Transportation, and Utilities",rolling,5.043907
2020-09-02,"Trade, Transportation, and Utilities",rolling,5.315155
2020-10-02,"Trade, Transportation, and Utilities",rolling,5.584072
2020-11-02,"Trade, Transportation, and Utilities",rolling,5.874143
2020-12-02,"Trade, Transportation, and Utilities",rolling,6.209123
2021-01-02,"Trade, Transportation, and Utilities",rolling,6.370772
2021-02-02,"Trade, Transportation, and Utilities",rolling,6.304437
2021-03-02,"Trade, Transportation, and Utilities",rolling,6.255107
2021-04-02,"Trade, Transportation, and Utilities",rolling,6.07212
2021-05-02,"Trade, Transportation, and Utilities",rolling,5.802981
2021-06-02,"Trade, Transportation, and Utilities",rolling,5.770085
2021-07-02,"Trade, Transportation, and Utilities",rolling,5.696662
2021-08-02,"Trade, Transportation, and Utilities",rolling,5.50238
2021-09-02,"Trade, Transportation, and Utilities",rolling,5.444683
2021-10-02,"Trade, Transportation, and Utilities",rolling,5.580926
2021-11-02,"Trade, Transportation, and Utilities",rolling,5.571286
2021-12-02,"Trade, Transportation, and Utilities",rolling,5.391607
2022-01-02,"Trade, Transportation, and Utilities",rolling,5.436542
2022-02-02,"Trade, Transportation, and Utilities",rolling,5.348669
2022-03-02,"Trade, Transportation, and Utilities",rolling,5.326933
2022-04-02,"Trade, Transportation, and Utilities",rolling,5.20584
2022-05-02,"Trade, Transportation, and Utilities",rolling,4.98667
2022-06-02,"Trade, Transportation, and Utilities",rolling,4.748661
2022-07-02,"Trade, Transportation, and Utilities",rolling,4.630375
2022-08-02,"Trade, Transportation, and Utilities",rolling,4.499511
2022-09-02,"Trade, Transportation, and Utilities",rolling,4.224852
2022-10-02,"Trade, Transportation, and Utilities",rolling,4.227913
2022-11-02,"Trade, Transportation, and Utilities",rolling,4.143731
2022-12-02,"Trade, Transportation, and Utilities",rolling,4.273408
2023-01-02,"Trade, Transportation, and Utilities",rolling,4.399475
2023-02-02,"Trade, Transportation, and Utilities",rolling,4.39282
2023-03-02,"Trade, Transportation, and Utilities",rolling,4.228082
2023-04-02,"Trade, Transportation, and Utilities",rolling,4.049225
2023-05-02,"Trade, Transportation, and Utilities",rolling,4.06687
2023-06-02,"Trade, Transportation, and Utilities",rolling,4.128718
2023-07-02,"Trade, Transportation, and Utilities",rolling,4.127053
2023-08-02,"Trade, Transportation, and Utilities",rolling,4.378521
2023-09-02,"Trade, Transportation, and Utilities",rolling,4.238219
2023-10-02,"Trade, Transportation, and Utilities",rolling,4.142999
2023-11-02,"Trade, Transportation, and Utilities",rolling,4.058016
2023-12-02,"Trade, Transportation, and Utilities",rolling,4.211613
2024-01-02,"Trade, Transportation, and Utilities",rolling,4.426894
2024-02-02,"Trade, Transportation, and Utilities",rolling,4.470772
2024-03-02,"Trade, Transportation, and Utilities",rolling,4.326972
2024-04-02,"Trade, Transportation, and Utilities",rolling,4.146878
2024-05-02,"Trade, Transportation, and Utilities",rolling,3.951936
2024-06-02,"Trade, Transportation, and Utilities",rolling,3.70845
2024-07-02,"Trade, Transportation, and Utilities",rolling,3.714303
2024-08-02,"Trade, Transportation, and Utilities",rolling,3.615066
2024-09-02,"Trade, Transportation, and Utilities",rolling,3.651425
2024-10-02,"Trade, Transportation, and Utilities",rolling,3.849253
2024-11-02,"Trade, Transportation, and Utilities",rolling,3.865316
2024-12-02,"Trade, Transportation, and Utilities",rolling,3.862925
2025-01-02,"Trade, Transportation, and Utilities",rolling,4.027782
2025-02-02,"Trade, Transportation, and Utilities",rolling,4.208199
2025-03-02,"Trade, Transportation, and Utilities",rolling,4.423487
2025-04-02,"Trade, Transportation, and Utilities",rolling,4.558384
2025-05-02,"Trade, Transportation, and Utilities",rolling,4.460845
2025-06-02,"Trade, Transportation, and Utilities",rolling,4.492327
2025-07-02,"Trade, Transportation, and Utilities",rolling,4.466893
2025-08-02,"Trade, Transportation, and Utilities",rolling,4.370035
2025-09-02,"Trade, Transportation, and Utilities",rolling,4.277382
2025-10-02,"Trade, Transportation, and Utilities",rolling,
2025-11-02,"Trade, Transportation, and Utilities",rolling,4.30258
2025-12-02,"Trade, Transportation, and Utilities",rolling,4.367296
2026-01-02,"Trade, Transportation, and Utilities",rolling,4.273994
2026-02-02,"Trade, Transportation, and Utilities",rolling,4.646983
2026-03-02,"Trade, Transportation, and Utilities",rolling,4.864806
2026-04-02,"Trade, Transportation, and Utilities",rolling,5.071365
2026-05-02,"Trade, Transportation, and Utilities",rolling,5.177263
2005-01-02,Information,rolling,7.441434
2005-02-02,Information,rolling,7.573826
2005-03-02,Information,rolling,7.942625
2005-04-02,Information,rolling,8.409244
2005-05-02,Information,rolling,8.555497
2005-06-02,Information,rolling,8.597302
2005-07-02,Information,rolling,8.143041
2005-08-02,Information,rolling,8.216866
2005-09-02,Information,rolling,8.153555
2005-10-02,Information,rolling,8.044514
2005-11-02,Information,rolling,8.022412
2005-12-02,Information,rolling,8.081314
2006-01-02,Information,rolling,7.79234
2006-02-02,Information,rolling,7.428543
2006-03-02,Information,rolling,7.299628
2006-04-02,Information,rolling,7.035783
2006-05-02,Information,rolling,7.109835
2006-06-02,Information,rolling,7.254495
2006-07-02,Information,rolling,7.313936
2006-08-02,Information,rolling,7.737724
2006-09-02,Information,rolling,7.712534
2006-10-02,Information,rolling,7.735364
2006-11-02,Information,rolling,7.833244
2006-12-02,Information,rolling,7.80103
2007-01-02,Information,rolling,7.971745
2007-02-02,Information,rolling,8.182924
2007-03-02,Information,rolling,8.412707
2007-04-02,Information,rolling,8.684066
2007-05-02,Information,rolling,8.616614
2007-06-02,Information,rolling,8.883963
2007-07-02,Information,rolling,9.036754
2007-08-02,Information,rolling,8.850719
2007-09-02,Information,rolling,8.681933
2007-10-02,Information,rolling,8.690828
2007-11-02,Information,rolling,8.58275
2007-12-02,Information,rolling,8.408139
2008-01-02,Information,rolling,8.629708
2008-02-02,Information,rolling,8.654223
2008-03-02,Information,rolling,9.010107
2008-04-02,Information,rolling,8.844746
2008-05-02,Information,rolling,8.708401
2008-06-02,Information,rolling,8.412885
2008-07-02,Information,rolling,7.904965
2008-08-02,Information,rolling,7.328999
2008-09-02,Information,rolling,7.275516
2008-10-02,Information,rolling,7.418515
2008-11-02,Information,rolling,7.444689
2008-12-02,Information,rolling,7.291582
2009-01-02,Information,rolling,7.44139
2009-02-02,Information,rolling,7.322377
2009-03-02,Information,rolling,7.274038
2009-04-02,Information,rolling,7.265248
2009-05-02,Information,rolling,7.483396
2009-06-02,Information,rolling,7.930149
2009-07-02,Information,rolling,8.147417
2009-08-02,Information,rolling,8.4104
2009-09-02,Information,rolling,8.321212
2009-10-02,Information,rolling,8.529162
2009-11-02,Information,rolling,8.398637
2009-12-02,Information,rolling,8.013973
2010-01-02,Information,rolling,7.936354
2010-02-02,Information,rolling,8.450177
2010-03-02,Information,rolling,8.837413
2010-04-02,Information,rolling,8.73317
2010-05-02,Information,rolling,8.630149
2010-06-02,Information,rolling,8.44447
2010-07-02,Information,rolling,8.653484
2010-08-02,Information,rolling,8.479933
2010-09-02,Information,rolling,8.52209
2010-10-02,Information,rolling,8.207649
2010-11-02,Information,rolling,7.906055
2010-12-02,Information,rolling,7.988176
2011-01-02,Information,rolling,7.989219
2011-02-02,Information,rolling,8.196752
2011-03-02,Information,rolling,8.326283
2011-04-02,Information,rolling,8.170219
2011-05-02,Information,rolling,8.237344
2011-06-02,Information,rolling,8.199659
2011-07-02,Information,rolling,8.124291
2011-08-02,Information,rolling,8.454692
2011-09-02,Information,rolling,9.135316
2011-10-02,Information,rolling,9.688826
2011-11-02,Information,rolling,10.174387
2011-12-02,Information,rolling,10.668681
2012-01-02,Information,rolling,10.650134
2012-02-02,Information,rolling,10.206043
2012-03-02,Information,rolling,9.792323
2012-04-02,Information,rolling,9.39717
2012-05-02,Information,rolling,8.973421
2012-06-02,Information,rolling,8.315198
2012-07-02,Information,rolling,8.14912
2012-08-02,Information,rolling,8.668369
2012-09-02,Information,rolling,8.73676
2012-10-02,Information,rolling,8.941311
2012-11-02,Information,rolling,9.408978
2012-12-02,Information,rolling,9.401056
2013-01-02,Information,rolling,9.408788
2013-02-02,Information,rolling,9.275696
2013-03-02,Information,rolling,9.267932
2013-04-02,Information,rolling,9.561328
2013-05-02,Information,rolling,9.361456
2013-06-02,Information,rolling,9.25817
2013-07-02,Information,rolling,8.937514
2013-08-02,Information,rolling,8.931757
2013-09-02,Information,rolling,9.178482
2013-10-02,Information,rolling,8.877784
2013-11-02,Information,rolling,8.75952
2013-12-02,Information,rolling,8.652993
2014-01-02,Information,rolling,8.79423
2014-02-02,Information,rolling,8.496954
2014-03-02,Information,rolling,8.644631
2014-04-02,Information,rolling,9.260741
2014-05-02,Information,rolling,9.75219
2014-06-02,Information,rolling,9.653563
2014-07-02,Information,rolling,9.424104
2014-08-02,Information,rolling,9.398682
2014-09-02,Information,rolling,9.404337
2014-10-02,Information,rolling,8.937539
2014-11-02,Information,rolling,8.722147
2014-12-02,Information,rolling,8.927712
2015-01-02,Information,rolling,9.283845
2015-02-02,Information,rolling,9.87267
2015-03-02,Information,rolling,10.222766
2015-04-02,Information,rolling,10.308287
2015-05-02,Information,rolling,10.627018
2015-06-02,Information,rolling,10.334615
2015-07-02,Information,rolling,10.37363
2015-08-02,Information,rolling,10.426776
2015-09-02,Information,rolling,9.582352
2015-10-02,Information,rolling,9.4483
2015-11-02,Information,rolling,9.399767
2015-12-02,Information,rolling,9.084659
2016-01-02,Information,rolling,9.330524
2016-02-02,Information,rolling,8.999481
2016-03-02,Information,rolling,9.002377
2016-04-02,Information,rolling,8.876658
2016-05-02,Information,rolling,9.117469
2016-06-02,Information,rolling,8.969713
2016-07-02,Information,rolling,8.829496
2016-08-02,Information,rolling,8.696401
2016-09-02,Information,rolling,8.486794
2016-10-02,Information,rolling,8.218754
2016-11-02,Information,rolling,8.19851
2016-12-02,Information,rolling,8.170626
2017-01-02,Information,rolling,8.241804
2017-02-02,Information,rolling,8.623087
2017-03-02,Information,rolling,9.087867
2017-04-02,Information,rolling,9.316244
2017-05-02,Information,rolling,9.855001
2017-06-02,Information,rolling,9.956135
2017-07-02,Information,rolling,9.556506
2017-08-02,Information,rolling,9.285373
2017-09-02,Information,rolling,8.857689
2017-10-02,Information,rolling,8.531093
2017-11-02,Information,rolling,8.503185
2017-12-02,Information,rolling,8.004878
2018-01-02,Information,rolling,8.025355
2018-02-02,Information,rolling,8.016409
2018-03-02,Information,rolling,8.449389
2018-04-02,Information,rolling,8.940567
2018-05-02,Information,rolling,8.994392
2018-06-02,Information,rolling,9.263658
2018-07-02,Information,rolling,9.173713
2018-08-02,Information,rolling,9.116054
2018-09-02,Information,rolling,9.114451
2018-10-02,Information,rolling,8.979619
2018-11-02,Information,rolling,9.406704
2018-12-02,Information,rolling,9.448242
2019-01-02,Information,rolling,9.815459
2019-02-02,Information,rolling,10.228607
2019-03-02,Information,rolling,10.675333
2019-04-02,Information,rolling,10.870125
2019-05-02,Information,rolling,10.715581
2019-06-02,Information,rolling,9.956427
2019-07-02,Information,rolling,9.925133
2019-08-02,Information,rolling,9.572663
2019-09-02,Information,rolling,9.555643
2019-10-02,Information,rolling,9.298093
2019-11-02,Information,rolling,8.991023
2019-12-02,Information,rolling,8.629321
2020-01-02,Information,rolling,8.847094
2020-02-02,Information,rolling,8.978292
2020-03-02,Information,rolling,9.166197
2020-04-02,Information,rolling,10.157837
2020-05-02,Information,rolling,10.562
2020-06-02,Information,rolling,10.603165
2020-07-02,Information,rolling,11.348241
2020-08-02,Information,rolling,11.939703
2020-09-02,Information,rolling,12.864852
2020-10-02,Information,rolling,13.880744
2020-11-02,Information,rolling,14.046091
2020-12-02,Information,rolling,13.943318
2021-01-02,Information,rolling,13.708593
2021-02-02,Information,rolling,12.866117
2021-03-02,Information,rolling,12.92739
2021-04-02,Information,rolling,12.662856
2021-05-02,Information,rolling,12.866143
2021-06-02,Information,rolling,12.624924
2021-07-02,Information,rolling,12.330279
2021-08-02,Information,rolling,12.460392
2021-09-02,Information,rolling,11.640086
2021-10-02,Information,rolling,11.253432
2021-11-02,Information,rolling,10.589019
2021-12-02,Information,rolling,10.155379
2022-01-02,Information,rolling,9.877978
2022-02-02,Information,rolling,9.490684
2022-03-02,Information,rolling,9.664304
2022-04-02,Information,rolling,9.696271
2022-05-02,Information,rolling,9.82065
2022-06-02,Information,rolling,10.038724
2022-07-02,Information,rolling,10.320181
2022-08-02,Information,rolling,10.71888
2022-09-02,Information,rolling,10.62247
2022-10-02,Information,rolling,10.3232
2022-11-02,Information,rolling,9.541912
2022-12-02,Information,rolling,9.850111
2023-01-02,Information,rolling,9.70454
2023-02-02,Information,rolling,9.748252
2023-03-02,Information,rolling,9.813706
2023-04-02,Information,rolling,10.590396
2023-05-02,Information,rolling,11.133307
2023-06-02,Information,rolling,10.836008
2023-07-02,Information,rolling,11.063773
2023-08-02,Information,rolling,10.705781
2023-09-02,Information,rolling,10.744213
2023-10-02,Information,rolling,11.128302
2023-11-02,Information,rolling,11.607265
2023-12-02,Information,rolling,12.19424
2024-01-02,Information,rolling,12.421541
2024-02-02,Information,rolling,12.069233
2024-03-02,Information,rolling,11.893803
2024-04-02,Information,rolling,11.034331
2024-05-02,Information,rolling,10.703175
2024-06-02,Information,rolling,10.695615
2024-07-02,Information,rolling,11.047913
2024-08-02,Information,rolling,10.660929
2024-09-02,Information,rolling,10.502739
2024-10-02,Information,rolling,10.924523
2024-11-02,Information,rolling,10.689289
2024-12-02,Information,rolling,11.394045
2025-01-02,Information,rolling,11.398906
2025-02-02,Information,rolling,11.606117
2025-03-02,Information,rolling,11.781024
2025-04-02,Information,rolling,11.827429
2025-05-02,Information,rolling,11.811578
2025-06-02,Information,rolling,12.066981
2025-07-02,Information,rolling,12.104484
2025-08-02,Information,rolling,12.138945
2025-09-02,Information,rolling,12.231984
2025-10-02,Information,rolling,
2025-11-02,Information,rolling,11.807833
2025-12-02,Information,rolling,11.659043
2026-01-02,Information,rolling,11.623187
2026-02-02,Information,rolling,11.944545
2026-03-02,Information,rolling,11.997389
2026-04-02,Information,rolling,12.200563
2026-05-02,Information,rolling,12.453389
2005-01-02,Financial Activities,rolling,5.455656
2005-02-02,Financial Activities,rolling,5.677012
2005-03-02,Financial Activities,rolling,5.674815
2005-04-02,Financial Activities,rolling,5.729674
2005-05-02,Financial Activities,rolling,5.684822
2005-06-02,Financial Activities,rolling,5.552984
2005-07-02,Financial Activities,rolling,5.329525
2005-08-02,Financial Activities,rolling,5.224296
2005-09-02,Financial Activities,rolling,4.899703
2005-10-02,Financial Activities,rolling,4.559907
2005-11-02,Financial Activities,rolling,4.316722
2005-12-02,Financial Activities,rolling,4.508984
2006-01-02,Financial Activities,rolling,4.578483
2006-02-02,Financial Activities,rolling,4.541972
2006-03-02,Financial Activities,rolling,4.446991
2006-04-02,Financial Activities,rolling,4.479613
2006-05-02,Financial Activities,rolling,4.529747
2006-06-02,Financial Activities,rolling,4.534306
2006-07-02,Financial Activities,rolling,4.634019
2006-08-02,Financial Activities,rolling,4.490718
2006-09-02,Financial Activities,rolling,4.364398
2006-10-02,Financial Activities,rolling,4.353975
2006-11-02,Financial Activities,rolling,4.402191
2006-12-02,Financial Activities,rolling,4.499284
2007-01-02,Financial Activities,rolling,4.646119
2007-02-02,Financial Activities,rolling,4.597519
2007-03-02,Financial Activities,rolling,4.423921
2007-04-02,Financial Activities,rolling,4.280721
2007-05-02,Financial Activities,rolling,4.256701
2007-06-02,Financial Activities,rolling,4.443178
2007-07-02,Financial Activities,rolling,4.64594
2007-08-02,Financial Activities,rolling,4.744864
2007-09-02,Financial Activities,rolling,4.686166
2007-10-02,Financial Activities,rolling,4.668159
2007-11-02,Financial Activities,rolling,4.718584
2007-12-02,Financial Activities,rolling,4.8451
2008-01-02,Financial Activities,rolling,4.901923
2008-02-02,Financial Activities,rolling,4.871419
2008-03-02,Financial Activities,rolling,4.911984
2008-04-02,Financial Activities,rolling,5.015932
2008-05-02,Financial Activities,rolling,5.129485
2008-06-02,Financial Activities,rolling,5.339634
2008-07-02,Financial Activities,rolling,5.253526
2008-08-02,Financial Activities,rolling,5.184558
2008-09-02,Financial Activities,rolling,5.134727
2008-10-02,Financial Activities,rolling,4.912176
2008-11-02,Financial Activities,rolling,4.82601
2008-12-02,Financial Activities,rolling,4.802598
2009-01-02,Financial Activities,rolling,5.198192
2009-02-02,Financial Activities,rolling,5.378849
2009-03-02,Financial Activities,rolling,5.334373
2009-04-02,Financial Activities,rolling,5.313758
2009-05-02,Financial Activities,rolling,5.251999
2009-06-02,Financial Activities,rolling,5.231267
2009-07-02,Financial Activities,rolling,5.3474
2009-08-02,Financial Activities,rolling,5.597269
2009-09-02,Financial Activities,rolling,5.396
2009-10-02,Financial Activities,rolling,5.196846
2009-11-02,Financial Activities,rolling,4.996507
2009-12-02,Financial Activities,rolling,4.974766
2010-01-02,Financial Activities,rolling,5.105724
2010-02-02,Financial Activities,rolling,5.24897
2010-03-02,Financial Activities,rolling,5.328489
2010-04-02,Financial Activities,rolling,5.226945
2010-05-02,Financial Activities,rolling,4.882151
2010-06-02,Financial Activities,rolling,4.938043
2010-07-02,Financial Activities,rolling,4.898769
2010-08-02,Financial Activities,rolling,5.035734
2010-09-02,Financial Activities,rolling,4.863973
2010-10-02,Financial Activities,rolling,5.032756
2010-11-02,Financial Activities,rolling,5.10281
2010-12-02,Financial Activities,rolling,5.043671
2011-01-02,Financial Activities,rolling,5.07935
2011-02-02,Financial Activities,rolling,4.978902
2011-03-02,Financial Activities,rolling,4.919804
2011-04-02,Financial Activities,rolling,5.141456
2011-05-02,Financial Activities,rolling,5.270741
2011-06-02,Financial Activities,rolling,5.180743
2011-07-02,Financial Activities,rolling,5.091686
2011-08-02,Financial Activities,rolling,4.981949
2011-09-02,Financial Activities,rolling,5.08041
2011-10-02,Financial Activities,rolling,5.166164
2011-11-02,Financial Activities,rolling,5.242869
2011-12-02,Financial Activities,rolling,5.359523
2012-01-02,Financial Activities,rolling,5.579369
2012-02-02,Financial Activities,rolling,5.747114
2012-03-02,Financial Activities,rolling,5.620968
2012-04-02,Financial Activities,rolling,5.533175
2012-05-02,Financial Activities,rolling,5.578648
2012-06-02,Financial Activities,rolling,5.771362
2012-07-02,Financial Activities,rolling,5.864448
2012-08-02,Financial Activities,rolling,5.90125
2012-09-02,Financial Activities,rolling,6.11895
2012-10-02,Financial Activities,rolling,6.208753
2012-11-02,Financial Activities,rolling,6.177689
2012-12-02,Financial Activities,rolling,5.991531
2013-01-02,Financial Activities,rolling,5.741243
2013-02-02,Financial Activities,rolling,5.579565
2013-03-02,Financial Activities,rolling,5.321008
2013-04-02,Financial Activities,rolling,5.35426
2013-05-02,Financial Activities,rolling,5.150844
2013-06-02,Financial Activities,rolling,4.90715
2013-07-02,Financial Activities,rolling,4.824566
2013-08-02,Financial Activities,rolling,4.775483
2013-09-02,Financial Activities,rolling,4.939685
2013-10-02,Financial Activities,rolling,4.89909
2013-11-02,Financial Activities,rolling,5.210937
2013-12-02,Financial Activities,rolling,5.184865
2014-01-02,Financial Activities,rolling,5.047716
2014-02-02,Financial Activities,rolling,5.163289
2014-03-02,Financial Activities,rolling,5.501936
2014-04-02,Financial Activities,rolling,5.622119
2014-05-02,Financial Activities,rolling,5.674711
2014-06-02,Financial Activities,rolling,5.57473
2014-07-02,Financial Activities,rolling,5.38216
2014-08-02,Financial Activities,rolling,5.242597
2014-09-02,Financial Activities,rolling,5.278725
2014-10-02,Financial Activities,rolling,5.532281
2014-11-02,Financial Activities,rolling,5.785421
2014-12-02,Financial Activities,rolling,6.154279
2015-01-02,Financial Activities,rolling,6.375709
2015-02-02,Financial Activities,rolling,6.526565
2015-03-02,Financial Activities,rolling,6.694001
2015-04-02,Financial Activities,rolling,6.962784
2015-05-02,Financial Activities,rolling,7.063083
2015-06-02,Financial Activities,rolling,7.186188
2015-07-02,Financial Activities,rolling,6.868597
2015-08-02,Financial Activities,rolling,6.553118
2015-09-02,Financial Activities,rolling,6.277801
2015-10-02,Financial Activities,rolling,5.824587
2015-11-02,Financial Activities,rolling,5.563055
2015-12-02,Financial Activities,rolling,5.213088
2016-01-02,Financial Activities,rolling,4.93454
2016-02-02,Financial Activities,rolling,4.916438
2016-03-02,Financial Activities,rolling,4.946664
2016-04-02,Financial Activities,rolling,4.936776
2016-05-02,Financial Activities,rolling,4.993623
2016-06-02,Financial Activities,rolling,5.023863
2016-07-02,Financial Activities,rolling,4.77509
2016-08-02,Financial Activities,rolling,4.666572
2016-09-02,Financial Activities,rolling,4.397397
2016-10-02,Financial Activities,rolling,4.220783
2016-11-02,Financial Activities,rolling,4.075813
2016-12-02,Financial Activities,rolling,4.198661
2017-01-02,Financial Activities,rolling,4.340521
2017-02-02,Financial Activities,rolling,4.585489
2017-03-02,Financial Activities,rolling,4.570263
2017-04-02,Financial Activities,rolling,4.649301
2017-05-02,Financial Activities,rolling,4.953296
2017-06-02,Financial Activities,rolling,5.061633
2017-07-02,Financial Activities,rolling,5.192045
2017-08-02,Financial Activities,rolling,5.111752
2017-09-02,Financial Activities,rolling,5.068287
2017-10-02,Financial Activities,rolling,5.018644
2017-11-02,Financial Activities,rolling,4.789917
2017-12-02,Financial Activities,rolling,4.559543
2018-01-02,Financial Activities,rolling,4.675763
2018-02-02,Financial Activities,rolling,4.845371
2018-03-02,Financial Activities,rolling,4.920983
2018-04-02,Financial Activities,rolling,5.004172
2018-05-02,Financial Activities,rolling,4.856646
2018-06-02,Financial Activities,rolling,4.866419
2018-07-02,Financial Activities,rolling,4.904671
2018-08-02,Financial Activities,rolling,5.104226
2018-09-02,Financial Activities,rolling,4.996175
2018-10-02,Financial Activities,rolling,5.227194
2018-11-02,Financial Activities,rolling,5.291708
2018-12-02,Financial Activities,rolling,5.308346
2019-01-02,Financial Activities,rolling,5.238135
2019-02-02,Financial Activities,rolling,5.155145
2019-03-02,Financial Activities,rolling,5.208019
2019-04-02,Financial Activities,rolling,5.147611
2019-05-02,Financial Activities,rolling,5.024903
2019-06-02,Financial Activities,rolling,5.062345
2019-07-02,Financial Activities,rolling,5.014339
2019-08-02,Financial Activities,rolling,5.11459
2019-09-02,Financial Activities,rolling,5.249159
2019-10-02,Financial Activities,rolling,5.192452
2019-11-02,Financial Activities,rolling,5.334504
2019-12-02,Financial Activities,rolling,5.363471
2020-01-02,Financial Activities,rolling,5.267854
2020-02-02,Financial Activities,rolling,5.149543
2020-03-02,Financial Activities,rolling,5.229937
2020-04-02,Financial Activities,rolling,5.576651
2020-05-02,Financial Activities,rolling,5.679153
2020-06-02,Financial Activities,rolling,5.522958
2020-07-02,Financial Activities,rolling,5.696684
2020-08-02,Financial Activities,rolling,5.6287
2020-09-02,Financial Activities,rolling,5.346806
2020-10-02,Financial Activities,rolling,5.31459
2020-11-02,Financial Activities,rolling,5.680435
2020-12-02,Financial Activities,rolling,6.283918
2021-01-02,Financial Activities,rolling,6.58221
2021-02-02,Financial Activities,rolling,6.633589
2021-03-02,Financial Activities,rolling,6.325171
2021-04-02,Financial Activities,rolling,6.346514
2021-05-02,Financial Activities,rolling,6.252928
2021-06-02,Financial Activities,rolling,5.749865
2021-07-02,Financial Activities,rolling,5.638229
2021-08-02,Financial Activities,rolling,5.451598
2021-09-02,Financial Activities,rolling,5.221253
2021-10-02,Financial Activities,rolling,5.532263
2021-11-02,Financial Activities,rolling,6.011182
2021-12-02,Financial Activities,rolling,6.203087
2022-01-02,Financial Activities,rolling,6.288738
2022-02-02,Financial Activities,rolling,6.496128
2022-03-02,Financial Activities,rolling,6.253348
2022-04-02,Financial Activities,rolling,6.04194
2022-05-02,Financial Activities,rolling,5.863492
2022-06-02,Financial Activities,rolling,5.521225
2022-07-02,Financial Activities,rolling,5.683546
2022-08-02,Financial Activities,rolling,5.728877
2022-09-02,Financial Activities,rolling,5.726083
2022-10-02,Financial Activities,rolling,5.872871
2022-11-02,Financial Activities,rolling,5.817306
2022-12-02,Financial Activities,rolling,5.937015
2023-01-02,Financial Activities,rolling,5.822878
2023-02-02,Financial Activities,rolling,5.834877
2023-03-02,Financial Activities,rolling,5.74882
2023-04-02,Financial Activities,rolling,5.599782
2023-05-02,Financial Activities,rolling,5.436177
2023-06-02,Financial Activities,rolling,5.561991
2023-07-02,Financial Activities,rolling,5.962357
2023-08-02,Financial Activities,rolling,5.979442
2023-09-02,Financial Activities,rolling,6.299538
2023-10-02,Financial Activities,rolling,6.624618
2023-11-02,Financial Activities,rolling,6.683875
2023-12-02,Financial Activities,rolling,6.606777
2024-01-02,Financial Activities,rolling,6.360726
2024-02-02,Financial Activities,rolling,6.353485
2024-03-02,Financial Activities,rolling,6.364135
2024-04-02,Financial Activities,rolling,6.197393
2024-05-02,Financial Activities,rolling,5.901746
2024-06-02,Financial Activities,rolling,5.82526
2024-07-02,Financial Activities,rolling,5.68223
2024-08-02,Financial Activities,rolling,5.392026
2024-09-02,Financial Activities,rolling,5.528825
2024-10-02,Financial Activities,rolling,5.817689
2024-11-02,Financial Activities,rolling,5.874057
2024-12-02,Financial Activities,rolling,6.044466
2025-01-02,Financial Activities,rolling,6.672286
2025-02-02,Financial Activities,rolling,7.082598
2025-03-02,Financial Activities,rolling,7.356064
2025-04-02,Financial Activities,rolling,7.175672
2025-05-02,Financial Activities,rolling,6.840809
2025-06-02,Financial Activities,rolling,6.5856
2025-07-02,Financial Activities,rolling,6.194377
2025-08-02,Financial Activities,rolling,5.996873
2025-09-02,Financial Activities,rolling,5.560505
2025-10-02,Financial Activities,rolling,
2025-11-02,Financial Activities,rolling,5.611223
2025-12-02,Financial Activities,rolling,5.817209
2026-01-02,Financial Activities,rolling,6.025451
2026-02-02,Financial Activities,rolling,5.935881
2026-03-02,Financial Activities,rolling,6.235932
2026-04-02,Financial Activities,rolling,6.601719
2026-05-02,Financial Activities,rolling,6.61098
2005-01-02,Professional and Business Services,rolling,5.68619
2005-02-02,Professional and Business Services,rolling,5.692033
2005-03-02,Professional and Business Services,rolling,5.455187
2005-04-02,Professional and Business Services,rolling,5.408545
2005-05-02,Professional and Business Services,rolling,5.455815
2005-06-02,Professional and Business Services,rolling,5.311922
2005-07-02,Professional and Business Services,rolling,5.389141
2005-08-02,Professional and Business Services,rolling,5.485325
2005-09-02,Professional and Business Services,rolling,5.296502
2005-10-02,Professional and Business Services,rolling,5.337579
2005-11-02,Professional and Business Services,rolling,5.48638
2005-12-02,Professional and Business Services,rolling,5.583222
2006-01-02,Professional and Business Services,rolling,5.487424
2006-02-02,Professional and Business Services,rolling,5.281199
2006-03-02,Professional and Business Services,rolling,5.141667
2006-04-02,Professional and Business Services,rolling,5.053748
2006-05-02,Professional and Business Services,rolling,4.980793
2006-06-02,Professional and Business Services,rolling,4.840026
2006-07-02,Professional and Business Services,rolling,4.882129
2006-08-02,Professional and Business Services,rolling,5.008241
2006-09-02,Professional and Business Services,rolling,4.945489
2006-10-02,Professional and Business Services,rolling,4.926765
2006-11-02,Professional and Business Services,rolling,5.003148
2006-12-02,Professional and Business Services,rolling,5.062933
2007-01-02,Professional and Business Services,rolling,5.139507
2007-02-02,Professional and Business Services,rolling,5.198563
2007-03-02,Professional and Business Services,rolling,5.159624
2007-04-02,Professional and Business Services,rolling,5.053846
2007-05-02,Professional and Business Services,rolling,4.929467
2007-06-02,Professional and Business Services,rolling,4.822372
2007-07-02,Professional and Business Services,rolling,4.722653
2007-08-02,Professional and Business Services,rolling,4.617143
2007-09-02,Professional and Business Services,rolling,4.411891
2007-10-02,Professional and Business Services,rolling,4.613545
2007-11-02,Professional and Business Services,rolling,4.874992
2007-12-02,Professional and Business Services,rolling,5.038339
2008-01-02,Professional and Business Services,rolling,5.174441
2008-02-02,Professional and Business Services,rolling,5.26601
2008-03-02,Professional and Business Services,rolling,5.324386
2008-04-02,Professional and Business Services,rolling,5.177585
2008-05-02,Professional and Business Services,rolling,4.961469
2008-06-02,Professional and Business Services,rolling,4.737095
2008-07-02,Professional and Business Services,rolling,4.513198
2008-08-02,Professional and Business Services,rolling,4.350261
2008-09-02,Professional and Business Services,rolling,4.303135
2008-10-02,Professional and Business Services,rolling,4.418825
2008-11-02,Professional and Business Services,rolling,4.664254
2008-12-02,Professional and Business Services,rolling,4.746628
2009-01-02,Professional and Business Services,rolling,4.851515
2009-02-02,Professional and Business Services,rolling,5.043976
2009-03-02,Professional and Business Services,rolling,5.223103
2009-04-02,Professional and Business Services,rolling,5.217433
2009-05-02,Professional and Business Services,rolling,5.208902
2009-06-02,Professional and Business Services,rolling,5.028909
2009-07-02,Professional and Business Services,rolling,5.075513
2009-08-02,Professional and Business Services,rolling,4.939413
2009-09-02,Professional and Business Services,rolling,4.837885
2009-10-02,Professional and Business Services,rolling,4.926097
2009-11-02,Professional and Business Services,rolling,4.987631
2009-12-02,Professional and Business Services,rolling,4.974747
2010-01-02,Professional and Business Services,rolling,4.870879
2010-02-02,Professional and Business Services,rolling,4.704555
2010-03-02,Professional and Business Services,rolling,4.77218
2010-04-02,Professional and Business Services,rolling,4.883771
2010-05-02,Professional and Business Services,rolling,5.072101
2010-06-02,Professional and Business Services,rolling,5.1628
2010-07-02,Professional and Business Services,rolling,5.321407
2010-08-02,Professional and Business Services,rolling,5.349944
2010-09-02,Professional and Business Services,rolling,5.415878
2010-10-02,Professional and Business Services,rolling,5.459444
2010-11-02,Professional and Business Services,rolling,5.619593
2010-12-02,Professional and Business Services,rolling,5.635809
2011-01-02,Professional and Business Services,rolling,5.463534
2011-02-02,Professional and Business Services,rolling,5.221528
2011-03-02,Professional and Business Services,rolling,5.236063
2011-04-02,Professional and Business Services,rolling,5.274133
2011-05-02,Professional and Business Services,rolling,5.273862
2011-06-02,Professional and Business Services,rolling,5.27645
2011-07-02,Professional and Business Services,rolling,5.324814
2011-08-02,Professional and Business Services,rolling,5.490617
2011-09-02,Professional and Business Services,rolling,5.613243
2011-10-02,Professional and Business Services,rolling,5.698395
2011-11-02,Professional and Business Services,rolling,5.699826
2011-12-02,Professional and Business Services,rolling,5.830969
2012-01-02,Professional and Business Services,rolling,5.875941
2012-02-02,Professional and Business Services,rolling,5.746356
2012-03-02,Professional and Business Services,rolling,5.725455
2012-04-02,Professional and Business Services,rolling,5.579501
2012-05-02,Professional and Business Services,rolling,5.494394
2012-06-02,Professional and Business Services,rolling,5.282076
2012-07-02,Professional and Business Services,rolling,5.091473
2012-08-02,Professional and Business Services,rolling,5.089838
2012-09-02,Professional and Business Services,rolling,5.192398
2012-10-02,Professional and Business Services,rolling,5.341729
2012-11-02,Professional and Business Services,rolling,5.471425
2012-12-02,Professional and Business Services,rolling,5.529042
2013-01-02,Professional and Business Services,rolling,5.379901
2013-02-02,Professional and Business Services,rolling,5.426818
2013-03-02,Professional and Business Services,rolling,5.535368
2013-04-02,Professional and Business Services,rolling,5.599616
2013-05-02,Professional and Business Services,rolling,5.616738
2013-06-02,Professional and Business Services,rolling,5.755593
2013-07-02,Professional and Business Services,rolling,5.805079
2013-08-02,Professional and Business Services,rolling,5.759528
2013-09-02,Professional and Business Services,rolling,5.797026
2013-10-02,Professional and Business Services,rolling,5.6825
2013-11-02,Professional and Business Services,rolling,5.456279
2013-12-02,Professional and Business Services,rolling,5.371546
2014-01-02,Professional and Business Services,rolling,5.119796
2014-02-02,Professional and Business Services,rolling,4.959471
2014-03-02,Professional and Business Services,rolling,4.911945
2014-04-02,Professional and Business Services,rolling,5.039697
2014-05-02,Professional and Business Services,rolling,5.233208
2014-06-02,Professional and Business Services,rolling,5.376115
2014-07-02,Professional and Business Services,rolling,5.639949
2014-08-02,Professional and Business Services,rolling,5.548107
2014-09-02,Professional and Business Services,rolling,5.409413
2014-10-02,Professional and Business Services,rolling,5.180167
2014-11-02,Professional and Business Services,rolling,5.017152
2014-12-02,Professional and Business Services,rolling,4.930557
2015-01-02,Professional and Business Services,rolling,5.041272
2015-02-02,Professional and Business Services,rolling,5.061081
2015-03-02,Professional and Business Services,rolling,5.089963
2015-04-02,Professional and Business Services,rolling,5.014558
2015-05-02,Professional and Business Services,rolling,5.150233
2015-06-02,Professional and Business Services,rolling,5.054903
2015-07-02,Professional and Business Services,rolling,5.13516
2015-08-02,Professional and Business Services,rolling,5.337802
2015-09-02,Professional and Business Services,rolling,5.302103
2015-10-02,Professional and Business Services,rolling,5.249397
2015-11-02,Professional and Business Services,rolling,5.195759
2015-12-02,Professional and Business Services,rolling,5.224461
2016-01-02,Professional and Business Services,rolling,5.408146
2016-02-02,Professional and Business Services,rolling,5.343098
2016-03-02,Professional and Business Services,rolling,5.062841
2016-04-02,Professional and Business Services,rolling,5.283161
2016-05-02,Professional and Business Services,rolling,5.431904
2016-06-02,Professional and Business Services,rolling,5.422689
2016-07-02,Professional and Business Services,rolling,5.252861
2016-08-02,Professional and Business Services,rolling,5.175618
2016-09-02,Professional and Business Services,rolling,5.187858
2016-10-02,Professional and Business Services,rolling,5.097593
2016-11-02,Professional and Business Services,rolling,5.135096
2016-12-02,Professional and Business Services,rolling,5.115141
2017-01-02,Professional and Business Services,rolling,5.115753
2017-02-02,Professional and Business Services,rolling,5.100164
2017-03-02,Professional and Business Services,rolling,4.959452
2017-04-02,Professional and Business Services,rolling,4.80272
2017-05-02,Professional and Business Services,rolling,4.784511
2017-06-02,Professional and Business Services,rolling,4.555547
2017-07-02,Professional and Business Services,rolling,4.385994
2017-08-02,Professional and Business Services,rolling,4.302664
2017-09-02,Professional and Business Services,rolling,4.533968
2017-10-02,Professional and Business Services,rolling,4.569019
2017-11-02,Professional and Business Services,rolling,4.686183
2017-12-02,Professional and Business Services,rolling,4.877188
2018-01-02,Professional and Business Services,rolling,5.129873
2018-02-02,Professional and Business Services,rolling,5.429081
2018-03-02,Professional and Business Services,rolling,5.587258
2018-04-02,Professional and Business Services,rolling,5.446379
2018-05-02,Professional and Business Services,rolling,5.501347
2018-06-02,Professional and Business Services,rolling,5.350393
2018-07-02,Professional and Business Services,rolling,5.111874
2018-08-02,Professional and Business Services,rolling,4.892782
2018-09-02,Professional and Business Services,rolling,4.978202
2018-10-02,Professional and Business Services,rolling,4.845824
2018-11-02,Professional and Business Services,rolling,4.804182
2018-12-02,Professional and Business Services,rolling,4.786391
2019-01-02,Professional and Business Services,rolling,4.732911
2019-02-02,Professional and Business Services,rolling,4.629416
2019-03-02,Professional and Business Services,rolling,4.64291
2019-04-02,Professional and Business Services,rolling,4.662769
2019-05-02,Professional and Business Services,rolling,4.748582
2019-06-02,Professional and Business Services,rolling,4.807714
2019-07-02,Professional and Business Services,rolling,4.763149
2019-08-02,Professional and Business Services,rolling,4.817436
2019-09-02,Professional and Business Services,rolling,4.930947
2019-10-02,Professional and Business Services,rolling,5.055027
2019-11-02,Professional and Business Services,rolling,5.214602
2019-12-02,Professional and Business Services,rolling,5.182629
2020-01-02,Professional and Business Services,rolling,5.188811
2020-02-02,Professional and Business Services,rolling,5.121072
2020-03-02,Professional and Business Services,rolling,5.015753
2020-04-02,Professional and Business Services,rolling,5.04789
2020-05-02,Professional and Business Services,rolling,5.140985
2020-06-02,Professional and Business Services,rolling,5.211929
2020-07-02,Professional and Business Services,rolling,5.579459
2020-08-02,Professional and Business Services,rolling,5.949771
2020-09-02,Professional and Business Services,rolling,6.19223
2020-10-02,Professional and Business Services,rolling,6.249671
2020-11-02,Professional and Business Services,rolling,6.17557
2020-12-02,Professional and Business Services,rolling,6.359496
2021-01-02,Professional and Business Services,rolling,6.343674
2021-02-02,Professional and Business Services,rolling,6.232885
2021-03-02,Professional and Business Services,rolling,6.148167
2021-04-02,Professional and Business Services,rolling,6.117219
2021-05-02,Professional and Business Services,rolling,6.249837
2021-06-02,Professional and Business Services,rolling,6.540971
2021-07-02,Professional and Business Services,rolling,6.697103
2021-08-02,Professional and Business Services,rolling,6.87174
2021-09-02,Professional and Business Services,rolling,6.629867
2021-10-02,Professional and Business Services,rolling,6.316267
2021-11-02,Professional and Business Services,rolling,5.99545
2021-12-02,Professional and Business Services,rolling,5.927098
2022-01-02,Professional and Business Services,rolling,6.005162
2022-02-02,Professional and Business Services,rolling,6.009489
2022-03-02,Professional and Business Services,rolling,5.861214
2022-04-02,Professional and Business Services,rolling,5.620275
2022-05-02,Professional and Business Services,rolling,5.339146
2022-06-02,Professional and Business Services,rolling,5.068908
2022-07-02,Professional and Business Services,rolling,4.986645
2022-08-02,Professional and Business Services,rolling,5.343596
2022-09-02,Professional and Business Services,rolling,5.411208
2022-10-02,Professional and Business Services,rolling,5.362306
2022-11-02,Professional and Business Services,rolling,5.436906
2022-12-02,Professional and Business Services,rolling,5.474828
2023-01-02,Professional and Business Services,rolling,5.759956
2023-02-02,Professional and Business Services,rolling,5.787709
2023-03-02,Professional and Business Services,rolling,5.904478
2023-04-02,Professional and Business Services,rolling,5.901771
2023-05-02,Professional and Business Services,rolling,5.686953
2023-06-02,Professional and Business Services,rolling,5.531741
2023-07-02,Professional and Business Services,rolling,5.453074
2023-08-02,Professional and Business Services,rolling,5.252524
2023-09-02,Professional and Business Services,rolling,5.30256
2023-10-02,Professional and Business Services,rolling,5.153374
2023-11-02,Professional and Business Services,rolling,5.244279
2023-12-02,Professional and Business Services,rolling,5.234961
2024-01-02,Professional and Business Services,rolling,5.057762
2024-02-02,Professional and Business Services,rolling,5.213163
2024-03-02,Professional and Business Services,rolling,5.15897
2024-04-02,Professional and Business Services,rolling,5.072409
2024-05-02,Professional and Business Services,rolling,5.197805
2024-06-02,Professional and Business Services,rolling,5.30705
2024-07-02,Professional and Business Services,rolling,5.29273
2024-08-02,Professional and Business Services,rolling,5.199875
2024-09-02,Professional and Business Services,rolling,5.347877
2024-10-02,Professional and Business Services,rolling,5.431617
2024-11-02,Professional and Business Services,rolling,5.755525
2024-12-02,Professional and Business Services,rolling,5.866376
2025-01-02,Professional and Business Services,rolling,5.686285
2025-02-02,Professional and Business Services,rolling,5.520935
2025-03-02,Professional and Business Services,rolling,5.476453
2025-04-02,Professional and Business Services,rolling,5.2477
2025-05-02,Professional and Business Services,rolling,5.037918
2025-06-02,Professional and Business Services,rolling,4.989655
2025-07-02,Professional and Business Services,rolling,5.103716
2025-08-02,Professional and Business Services,rolling,5.41574
2025-09-02,Professional and Business Services,rolling,5.59865
2025-10-02,Professional and Business Services,rolling,
2025-11-02,Professional and Business Services,rolling,5.841374
2025-12-02,Professional and Business Services,rolling,5.782067
2026-01-02,Professional and Business Services,rolling,5.77148
2026-02-02,Professional and Business Services,rolling,5.842328
2026-03-02,Professional and Business Services,rolling,6.034859
2026-04-02,Professional and Business Services,rolling,5.901819
2026-05-02,Professional and Business Services,rolling,5.66668
2005-01-02,Education and Health Services,rolling,2.816075
2005-02-02,Education and Health Services,rolling,2.999356
2005-03-02,Education and Health Services,rolling,3.079084
2005-04-02,Education and Health Services,rolling,3.066883
2005-05-02,Education and Health Services,rolling,3.022222
2005-06-02,Education and Health Services,rolling,3.031209
2005-07-02,Education and Health Services,rolling,2.908314
2005-08-02,Education and Health Services,rolling,2.896273
2005-09-02,Education and Health Services,rolling,2.900578
2005-10-02,Education and Health Services,rolling,2.818554
2005-11-02,Education and Health Services,rolling,2.827366
2005-12-02,Education and Health Services,rolling,2.871604
2006-01-02,Education and Health Services,rolling,2.906632
2006-02-02,Education and Health Services,rolling,2.958291
2006-03-02,Education and Health Services,rolling,2.919079
2006-04-02,Education and Health Services,rolling,2.949976
2006-05-02,Education and Health Services,rolling,2.981305
2006-06-02,Education and Health Services,rolling,3.163256
2006-07-02,Education and Health Services,rolling,3.048488
2006-08-02,Education and Health Services,rolling,2.933496
2006-09-02,Education and Health Services,rolling,2.730398
2006-10-02,Education and Health Services,rolling,2.620768
2006-11-02,Education and Health Services,rolling,2.634993
2006-12-02,Education and Health Services,rolling,2.604365
2007-01-02,Education and Health Services,rolling,2.631574
2007-02-02,Education and Health Services,rolling,2.700697
2007-03-02,Education and Health Services,rolling,2.716293
2007-04-02,Education and Health Services,rolling,2.796652
2007-05-02,Education and Health Services,rolling,2.917726
2007-06-02,Education and Health Services,rolling,3.117382
2007-07-02,Education and Health Services,rolling,3.220343
2007-08-02,Education and Health Services,rolling,3.285428
2007-09-02,Education and Health Services,rolling,3.377795
2007-10-02,Education and Health Services,rolling,3.404494
2007-11-02,Education and Health Services,rolling,3.317254
2007-12-02,Education and Health Services,rolling,3.397896
2008-01-02,Education and Health Services,rolling,3.398784
2008-02-02,Education and Health Services,rolling,3.351366
2008-03-02,Education and Health Services,rolling,3.384732
2008-04-02,Education and Health Services,rolling,3.453366
2008-05-02,Education and Health Services,rolling,3.440927
2008-06-02,Education and Health Services,rolling,3.402915
2008-07-02,Education and Health Services,rolling,3.382924
2008-08-02,Education and Health Services,rolling,3.379358
2008-09-02,Education and Health Services,rolling,3.448216
2008-10-02,Education and Health Services,rolling,3.365271
2008-11-02,Education and Health Services,rolling,3.231336
2008-12-02,Education and Health Services,rolling,3.079583
2009-01-02,Education and Health Services,rolling,2.939477
2009-02-02,Education and Health Services,rolling,2.887204
2009-03-02,Education and Health Services,rolling,2.861427
2009-04-02,Education and Health Services,rolling,2.833777
2009-05-02,Education and Health Services,rolling,2.875153
2009-06-02,Education and Health Services,rolling,2.897001
2009-07-02,Education and Health Services,rolling,3.024144
2009-08-02,Education and Health Services,rolling,3.157963
2009-09-02,Education and Health Services,rolling,3.325091
2009-10-02,Education and Health Services,rolling,3.351424
2009-11-02,Education and Health Services,rolling,3.365123
2009-12-02,Education and Health Services,rolling,3.295244
2010-01-02,Education and Health Services,rolling,3.303927
2010-02-02,Education and Health Services,rolling,3.160616
2010-03-02,Education and Health Services,rolling,2.998051
2010-04-02,Education and Health Services,rolling,2.88824
2010-05-02,Education and Health Services,rolling,2.866799
2010-06-02,Education and Health Services,rolling,2.787774
2010-07-02,Education and Health Services,rolling,2.637862
2010-08-02,Education and Health Services,rolling,2.699786
2010-09-02,Education and Health Services,rolling,2.698458
2010-10-02,Education and Health Services,rolling,2.673191
2010-11-02,Education and Health Services,rolling,2.780341
2010-12-02,Education and Health Services,rolling,2.895835
2011-01-02,Education and Health Services,rolling,3.113819
2011-02-02,Education and Health Services,rolling,3.267012
2011-03-02,Education and Health Services,rolling,3.339631
2011-04-02,Education and Health Services,rolling,3.409192
2011-05-02,Education and Health Services,rolling,3.546311
2011-06-02,Education and Health Services,rolling,3.613632
2011-07-02,Education and Health Services,rolling,3.565245
2011-08-02,Education and Health Services,rolling,3.563855
2011-09-02,Education and Health Services,rolling,3.598925
2011-10-02,Education and Health Services,rolling,3.681894
2011-11-02,Education and Health Services,rolling,3.702666
2011-12-02,Education and Health Services,rolling,3.807078
2012-01-02,Education and Health Services,rolling,4.084474
2012-02-02,Education and Health Services,rolling,3.968095
2012-03-02,Education and Health Services,rolling,4.048951
2012-04-02,Education and Health Services,rolling,4.049454
2012-05-02,Education and Health Services,rolling,3.992666
2012-06-02,Education and Health Services,rolling,3.842055
2012-07-02,Education and Health Services,rolling,3.453149
2012-08-02,Education and Health Services,rolling,3.325454
2012-09-02,Education and Health Services,rolling,3.276109
2012-10-02,Education and Health Services,rolling,3.423671
2012-11-02,Education and Health Services,rolling,3.525948
2012-12-02,Education and Health Services,rolling,3.682491
2013-01-02,Education and Health Services,rolling,3.693056
2013-02-02,Education and Health Services,rolling,3.645429
2013-03-02,Education and Health Services,rolling,3.509014
2013-04-02,Education and Health Services,rolling,3.368492
2013-05-02,Education and Health Services,rolling,3.370574
2013-06-02,Education and Health Services,rolling,3.311801
2013-07-02,Education and Health Services,rolling,3.120836
2013-08-02,Education and Health Services,rolling,3.105587
2013-09-02,Education and Health Services,rolling,3.2366
2013-10-02,Education and Health Services,rolling,3.205039
2013-11-02,Education and Health Services,rolling,3.255652
2013-12-02,Education and Health Services,rolling,3.184791
2014-01-02,Education and Health Services,rolling,3.124515
2014-02-02,Education and Health Services,rolling,3.107824
2014-03-02,Education and Health Services,rolling,3.130302
2014-04-02,Education and Health Services,rolling,3.203702
2014-05-02,Education and Health Services,rolling,3.306779
2014-06-02,Education and Health Services,rolling,3.457733
2014-07-02,Education and Health Services,rolling,3.489533
2014-08-02,Education and Health Services,rolling,3.520291
2014-09-02,Education and Health Services,rolling,3.514889
2014-10-02,Education and Health Services,rolling,3.532851
2014-11-02,Education and Health Services,rolling,3.562555
2014-12-02,Education and Health Services,rolling,3.667735
2015-01-02,Education and Health Services,rolling,3.737498
2015-02-02,Education and Health Services,rolling,3.782619
2015-03-02,Education and Health Services,rolling,3.78087
2015-04-02,Education and Health Services,rolling,3.810437
2015-05-02,Education and Health Services,rolling,3.702905
2015-06-02,Education and Health Services,rolling,3.568346
2015-07-02,Education and Health Services,rolling,3.463351
2015-08-02,Education and Health Services,rolling,3.504682
2015-09-02,Education and Health Services,rolling,3.520905
2015-10-02,Education and Health Services,rolling,3.627077
2015-11-02,Education and Health Services,rolling,3.675294
2015-12-02,Education and Health Services,rolling,3.60076
2016-01-02,Education and Health Services,rolling,3.636546
2016-02-02,Education and Health Services,rolling,3.674039
2016-03-02,Education and Health Services,rolling,3.653309
2016-04-02,Education and Health Services,rolling,3.628016
2016-05-02,Education and Health Services,rolling,3.551809
2016-06-02,Education and Health Services,rolling,3.482897
2016-07-02,Education and Health Services,rolling,3.351138
2016-08-02,Education and Health Services,rolling,3.193009
2016-09-02,Education and Health Services,rolling,3.061268
2016-10-02,Education and Health Services,rolling,3.183076
2016-11-02,Education and Health Services,rolling,3.34658
2016-12-02,Education and Health Services,rolling,3.50082
2017-01-02,Education and Health Services,rolling,3.549614
2017-02-02,Education and Health Services,rolling,3.506391
2017-03-02,Education and Health Services,rolling,3.413568
2017-04-02,Education and Health Services,rolling,3.446787
2017-05-02,Education and Health Services,rolling,3.509829
2017-06-02,Education and Health Services,rolling,3.56672
2017-07-02,Education and Health Services,rolling,3.534764
2017-08-02,Education and Health Services,rolling,3.449399
2017-09-02,Education and Health Services,rolling,3.273132
2017-10-02,Education and Health Services,rolling,3.219032
2017-11-02,Education and Health Services,rolling,3.244686
2017-12-02,Education and Health Services,rolling,3.302003
2018-01-02,Education and Health Services,rolling,3.266845
2018-02-02,Education and Health Services,rolling,3.335391
2018-03-02,Education and Health Services,rolling,3.239209
2018-04-02,Education and Health Services,rolling,3.105491
2018-05-02,Education and Health Services,rolling,3.248428
2018-06-02,Education and Health Services,rolling,3.282553
2018-07-02,Education and Health Services,rolling,3.291776
2018-08-02,Education and Health Services,rolling,3.197439
2018-09-02,Education and Health Services,rolling,3.094806
2018-10-02,Education and Health Services,rolling,2.986715
2018-11-02,Education and Health Services,rolling,2.936108
2018-12-02,Education and Health Services,rolling,3.056873
2019-01-02,Education and Health Services,rolling,3.153029
2019-02-02,Education and Health Services,rolling,3.222165
2019-03-02,Education and Health Services,rolling,3.33044
2019-04-02,Education and Health Services,rolling,3.417923
2019-05-02,Education and Health Services,rolling,3.448994
2019-06-02,Education and Health Services,rolling,3.45922
2019-07-02,Education and Health Services,rolling,3.475199
2019-08-02,Education and Health Services,rolling,3.458516
2019-09-02,Education and Health Services,rolling,3.404366
2019-10-02,Education and Health Services,rolling,3.416826
2019-11-02,Education and Health Services,rolling,3.25902
2019-12-02,Education and Health Services,rolling,3.227898
2020-01-02,Education and Health Services,rolling,3.096728
2020-02-02,Education and Health Services,rolling,3.08118
2020-03-02,Education and Health Services,rolling,3.258612
2020-04-02,Education and Health Services,rolling,3.420413
2020-05-02,Education and Health Services,rolling,3.579219
2020-06-02,Education and Health Services,rolling,3.638378
2020-07-02,Education and Health Services,rolling,3.787691
2020-08-02,Education and Health Services,rolling,4.033602
2020-09-02,Education and Health Services,rolling,4.234977
2020-10-02,Education and Health Services,rolling,4.436933
2020-11-02,Education and Health Services,rolling,4.725365
2020-12-02,Education and Health Services,rolling,4.99098
2021-01-02,Education and Health Services,rolling,5.005446
2021-02-02,Education and Health Services,rolling,4.950895
2021-03-02,Education and Health Services,rolling,4.846125
2021-04-02,Education and Health Services,rolling,4.671443
2021-05-02,Education and Health Services,rolling,4.53487
2021-06-02,Education and Health Services,rolling,4.595626
2021-07-02,Education and Health Services,rolling,4.495578
2021-08-02,Education and Health Services,rolling,4.317065
2021-09-02,Education and Health Services,rolling,4.235468
2021-10-02,Education and Health Services,rolling,4.050764
2021-11-02,Education and Health Services,rolling,3.882835
2021-12-02,Education and Health Services,rolling,3.820998
2022-01-02,Education and Health Services,rolling,3.787174
2022-02-02,Education and Health Services,rolling,3.548894
2022-03-02,Education and Health Services,rolling,3.292918
2022-04-02,Education and Health Services,rolling,3.130231
2022-05-02,Education and Health Services,rolling,3.312883
2022-06-02,Education and Health Services,rolling,3.370942
2022-07-02,Education and Health Services,rolling,3.545201
2022-08-02,Education and Health Services,rolling,3.530286
2022-09-02,Education and Health Services,rolling,3.607566
2022-10-02,Education and Health Services,rolling,3.51737
2022-11-02,Education and Health Services,rolling,3.458905
2022-12-02,Education and Health Services,rolling,3.507726
2023-01-02,Education and Health Services,rolling,3.669649
2023-02-02,Education and Health Services,rolling,3.670729
2023-03-02,Education and Health Services,rolling,3.601782
2023-04-02,Education and Health Services,rolling,3.582478
2023-05-02,Education and Health Services,rolling,3.747305
2023-06-02,Education and Health Services,rolling,3.884706
2023-07-02,Education and Health Services,rolling,3.965967
2023-08-02,Education and Health Services,rolling,3.914771
2023-09-02,Education and Health Services,rolling,4.007737
2023-10-02,Education and Health Services,rolling,4.048338
2023-11-02,Education and Health Services,rolling,3.998669
2023-12-02,Education and Health Services,rolling,3.89379
2024-01-02,Education and Health Services,rolling,3.836483
2024-02-02,Education and Health Services,rolling,3.902573
2024-03-02,Education and Health Services,rolling,3.895932
2024-04-02,Education and Health Services,rolling,3.994054
2024-05-02,Education and Health Services,rolling,4.032838
2024-06-02,Education and Health Services,rolling,4.076837
2024-07-02,Education and Health Services,rolling,4.057474
2024-08-02,Education and Health Services,rolling,3.992929
2024-09-02,Education and Health Services,rolling,4.009007
2024-10-02,Education and Health Services,rolling,3.991248
2024-11-02,Education and Health Services,rolling,3.955027
2024-12-02,Education and Health Services,rolling,3.828932
2025-01-02,Education and Health Services,rolling,3.850113
2025-02-02,Education and Health Services,rolling,4.047102
2025-03-02,Education and Health Services,rolling,4.098313
2025-04-02,Education and Health Services,rolling,4.164027
2025-05-02,Education and Health Services,rolling,4.226911
2025-06-02,Education and Health Services,rolling,4.377902
2025-07-02,Education and Health Services,rolling,4.478969
2025-08-02,Education and Health Services,rolling,4.562434
2025-09-02,Education and Health Services,rolling,4.637577
2025-10-02,Education and Health Services,rolling,
2025-11-02,Education and Health Services,rolling,4.603753
2025-12-02,Education and Health Services,rolling,4.454461
2026-01-02,Education and Health Services,rolling,4.183466
2026-02-02,Education and Health Services,rolling,3.963431
2026-03-02,Education and Health Services,rolling,3.863855
2026-04-02,Education and Health Services,rolling,3.736843
2026-05-02,Education and Health Services,rolling,3.830242
2005-01-02,Leisure and Hospitality,rolling,3.731923
2005-02-02,Leisure and Hospitality,rolling,3.860075
2005-03-02,Leisure and Hospitality,rolling,4.059626
2005-04-02,Leisure and Hospitality,rolling,4.10972
2005-05-02,Leisure and Hospitality,rolling,4.086664
2005-06-02,Leisure and Hospitality,rolling,4.09017
2005-07-02,Leisure and Hospitality,rolling,4.108506
2005-08-02,Leisure and Hospitality,rolling,4.231531
2005-09-02,Leisure and Hospitality,rolling,4.242675
2005-10-02,Leisure and Hospitality,rolling,4.146853
2005-11-02,Leisure and Hospitality,rolling,3.988131
2005-12-02,Leisure and Hospitality,rolling,3.843229
2006-01-02,Leisure and Hospitality,rolling,3.885564
2006-02-02,Leisure and Hospitality,rolling,3.770103
2006-03-02,Leisure and Hospitality,rolling,3.775528
2006-04-02,Leisure and Hospitality,rolling,3.812656
2006-05-02,Leisure and Hospitality,rolling,3.910594
2006-06-02,Leisure and Hospitality,rolling,4.028135
2006-07-02,Leisure and Hospitality,rolling,4.273236
2006-08-02,Leisure and Hospitality,rolling,4.078645
2006-09-02,Leisure and Hospitality,rolling,3.881307
2006-10-02,Leisure and Hospitality,rolling,3.924548
2006-11-02,Leisure and Hospitality,rolling,3.72014
2006-12-02,Leisure and Hospitality,rolling,3.610746
2007-01-02,Leisure and Hospitality,rolling,3.549091
2007-02-02,Leisure and Hospitality,rolling,3.455727
2007-03-02,Leisure and Hospitality,rolling,3.552195
2007-04-02,Leisure and Hospitality,rolling,3.894957
2007-05-02,Leisure and Hospitality,rolling,4.133088
2007-06-02,Leisure and Hospitality,rolling,4.199227
2007-07-02,Leisure and Hospitality,rolling,4.275019
2007-08-02,Leisure and Hospitality,rolling,4.165284
2007-09-02,Leisure and Hospitality,rolling,4.15217
2007-10-02,Leisure and Hospitality,rolling,4.252088
2007-11-02,Leisure and Hospitality,rolling,4.159816
2007-12-02,Leisure and Hospitality,rolling,4.290861
2008-01-02,Leisure and Hospitality,rolling,4.14678
2008-02-02,Leisure and Hospitality,rolling,3.836821
2008-03-02,Leisure and Hospitality,rolling,3.803635
2008-04-02,Leisure and Hospitality,rolling,3.605485
2008-05-02,Leisure and Hospitality,rolling,3.215029
2008-06-02,Leisure and Hospitality,rolling,3.302528
2008-07-02,Leisure and Hospitality,rolling,3.107942
2008-08-02,Leisure and Hospitality,rolling,3.083362
2008-09-02,Leisure and Hospitality,rolling,3.115171
2008-10-02,Leisure and Hospitality,rolling,3.204494
2008-11-02,Leisure and Hospitality,rolling,3.297133
2008-12-02,Leisure and Hospitality,rolling,3.500631
2009-01-02,Leisure and Hospitality,rolling,3.506694
2009-02-02,Leisure and Hospitality,rolling,3.661797
2009-03-02,Leisure and Hospitality,rolling,3.798383
2009-04-02,Leisure and Hospitality,rolling,3.993779
2009-05-02,Leisure and Hospitality,rolling,4.017285
2009-06-02,Leisure and Hospitality,rolling,3.888311
2009-07-02,Leisure and Hospitality,rolling,3.631123
2009-08-02,Leisure and Hospitality,rolling,3.627099
2009-09-02,Leisure and Hospitality,rolling,3.673032
2009-10-02,Leisure and Hospitality,rolling,3.582195
2009-11-02,Leisure and Hospitality,rolling,3.595482
2009-12-02,Leisure and Hospitality,rolling,3.682765
2010-01-02,Leisure and Hospitality,rolling,3.681205
2010-02-02,Leisure and Hospitality,rolling,3.473586
2010-03-02,Leisure and Hospitality,rolling,3.429398
2010-04-02,Leisure and Hospitality,rolling,3.670395
2010-05-02,Leisure and Hospitality,rolling,3.766
2010-06-02,Leisure and Hospitality,rolling,3.830825
2010-07-02,Leisure and Hospitality,rolling,3.806212
2010-08-02,Leisure and Hospitality,rolling,3.798624
2010-09-02,Leisure and Hospitality,rolling,3.842969
2010-10-02,Leisure and Hospitality,rolling,3.842651
2010-11-02,Leisure and Hospitality,rolling,3.943109
2010-12-02,Leisure and Hospitality,rolling,4.096789
2011-01-02,Leisure and Hospitality,rolling,3.941509
2011-02-02,Leisure and Hospitality,rolling,3.94565
2011-03-02,Leisure and Hospitality,rolling,3.914962
2011-04-02,Leisure and Hospitality,rolling,3.871214
2011-05-02,Leisure and Hospitality,rolling,3.893981
2011-06-02,Leisure and Hospitality,rolling,3.83399
2011-07-02,Leisure and Hospitality,rolling,3.850259
2011-08-02,Leisure and Hospitality,rolling,4.055506
2011-09-02,Leisure and Hospitality,rolling,3.956283
2011-10-02,Leisure and Hospitality,rolling,3.921053
2011-11-02,Leisure and Hospitality,rolling,3.842562
2011-12-02,Leisure and Hospitality,rolling,3.992599
2012-01-02,Leisure and Hospitality,rolling,3.949788
2012-02-02,Leisure and Hospitality,rolling,3.721927
2012-03-02,Leisure and Hospitality,rolling,3.733911
2012-04-02,Leisure and Hospitality,rolling,4.07065
2012-05-02,Leisure and Hospitality,rolling,4.1419
2012-06-02,Leisure and Hospitality,rolling,3.977769
2012-07-02,Leisure and Hospitality,rolling,3.666558
2012-08-02,Leisure and Hospitality,rolling,3.837012
2012-09-02,Leisure and Hospitality,rolling,3.890864
2012-10-02,Leisure and Hospitality,rolling,3.867166
2012-11-02,Leisure and Hospitality,rolling,3.954036
2012-12-02,Leisure and Hospitality,rolling,3.934882
2013-01-02,Leisure and Hospitality,rolling,3.982493
2013-02-02,Leisure and Hospitality,rolling,4.023414
2013-03-02,Leisure and Hospitality,rolling,4.159622
2013-04-02,Leisure and Hospitality,rolling,4.129365
2013-05-02,Leisure and Hospitality,rolling,4.015434
2013-06-02,Leisure and Hospitality,rolling,3.965724
2013-07-02,Leisure and Hospitality,rolling,3.969512
2013-08-02,Leisure and Hospitality,rolling,3.987267
2013-09-02,Leisure and Hospitality,rolling,3.873089
2013-10-02,Leisure and Hospitality,rolling,3.556693
2013-11-02,Leisure and Hospitality,rolling,3.375531
2013-12-02,Leisure and Hospitality,rolling,3.497859
2014-01-02,Leisure and Hospitality,rolling,3.645392
2014-02-02,Leisure and Hospitality,rolling,3.741648
2014-03-02,Leisure and Hospitality,rolling,3.673245
2014-04-02,Leisure and Hospitality,rolling,3.679052
2014-05-02,Leisure and Hospitality,rolling,3.422792
2014-06-02,Leisure and Hospitality,rolling,3.460121
2014-07-02,Leisure and Hospitality,rolling,3.551742
2014-08-02,Leisure and Hospitality,rolling,3.840317
2014-09-02,Leisure and Hospitality,rolling,3.948947
2014-10-02,Leisure and Hospitality,rolling,4.165691
2014-11-02,Leisure and Hospitality,rolling,4.357364
2014-12-02,Leisure and Hospitality,rolling,4.585454
2015-01-02,Leisure and Hospitality,rolling,4.83993
2015-02-02,Leisure and Hospitality,rolling,4.977755
2015-03-02,Leisure and Hospitality,rolling,4.760704
2015-04-02,Leisure and Hospitality,rolling,4.57302
2015-05-02,Leisure and Hospitality,rolling,4.400419
2015-06-02,Leisure and Hospitality,rolling,4.474974
2015-07-02,Leisure and Hospitality,rolling,4.502531
2015-08-02,Leisure and Hospitality,rolling,4.203232
2015-09-02,Leisure and Hospitality,rolling,4.273918
2015-10-02,Leisure and Hospitality,rolling,4.476277
2015-11-02,Leisure and Hospitality,rolling,4.483737
2015-12-02,Leisure and Hospitality,rolling,4.381749
2016-01-02,Leisure and Hospitality,rolling,4.249803
2016-02-02,Leisure and Hospitality,rolling,4.262326
2016-03-02,Leisure and Hospitality,rolling,4.356908
2016-04-02,Leisure and Hospitality,rolling,4.02961
2016-05-02,Leisure and Hospitality,rolling,4.085619
2016-06-02,Leisure and Hospitality,rolling,4.166502
2016-07-02,Leisure and Hospitality,rolling,4.282394
2016-08-02,Leisure and Hospitality,rolling,4.295598
2016-09-02,Leisure and Hospitality,rolling,4.169783
2016-10-02,Leisure and Hospitality,rolling,4.235553
2016-11-02,Leisure and Hospitality,rolling,4.073498
2016-12-02,Leisure and Hospitality,rolling,4.129057
2017-01-02,Leisure and Hospitality,rolling,4.160111
2017-02-02,Leisure and Hospitality,rolling,4.215738
2017-03-02,Leisure and Hospitality,rolling,4.132574
2017-04-02,Leisure and Hospitality,rolling,3.94806
2017-05-02,Leisure and Hospitality,rolling,4.000544
2017-06-02,Leisure and Hospitality,rolling,3.815689
2017-07-02,Leisure and Hospitality,rolling,3.771017
2017-08-02,Leisure and Hospitality,rolling,3.87734
2017-09-02,Leisure and Hospitality,rolling,3.870209
2017-10-02,Leisure and Hospitality,rolling,4.103065
2017-11-02,Leisure and Hospitality,rolling,4.148231
2017-12-02,Leisure and Hospitality,rolling,4.214537
2018-01-02,Leisure and Hospitality,rolling,4.173457
2018-02-02,Leisure and Hospitality,rolling,4.129712
2018-03-02,Leisure and Hospitality,rolling,4.290913
2018-04-02,Leisure and Hospitality,rolling,4.139308
2018-05-02,Leisure and Hospitality,rolling,4.17687
2018-06-02,Leisure and Hospitality,rolling,4.251524
2018-07-02,Leisure and Hospitality,rolling,4.281108
2018-08-02,Leisure and Hospitality,rolling,4.332896
2018-09-02,Leisure and Hospitality,rolling,4.220537
2018-10-02,Leisure and Hospitality,rolling,4.079713
2018-11-02,Leisure and Hospitality,rolling,3.99034
2018-12-02,Leisure and Hospitality,rolling,4.112565
2019-01-02,Leisure and Hospitality,rolling,4.046781
2019-02-02,Leisure and Hospitality,rolling,3.963961
2019-03-02,Leisure and Hospitality,rolling,3.885719
2019-04-02,Leisure and Hospitality,rolling,3.706836
2019-05-02,Leisure and Hospitality,rolling,3.567444
2019-06-02,Leisure and Hospitality,rolling,3.815617
2019-07-02,Leisure and Hospitality,rolling,3.850168
2019-08-02,Leisure and Hospitality,rolling,4.112242
2019-09-02,Leisure and Hospitality,rolling,4.490105
2019-10-02,Leisure and Hospitality,rolling,4.764881
2019-11-02,Leisure and Hospitality,rolling,4.996599
2019-12-02,Leisure and Hospitality,rolling,5.094669
2020-01-02,Leisure and Hospitality,rolling,5.102385
2020-02-02,Leisure and Hospitality,rolling,5.200895
2020-03-02,Leisure and Hospitality,rolling,5.124106
2020-04-02,Leisure and Hospitality,rolling,5.117896
2020-05-02,Leisure and Hospitality,rolling,5.191702
2020-06-02,Leisure and Hospitality,rolling,5.51219
2020-07-02,Leisure and Hospitality,rolling,5.996533
2020-08-02,Leisure and Hospitality,rolling,6.380482
2020-09-02,Leisure and Hospitality,rolling,6.805573
2020-10-02,Leisure and Hospitality,rolling,7.485121
2020-11-02,Leisure and Hospitality,rolling,8.189325
2020-12-02,Leisure and Hospitality,rolling,8.191197
2021-01-02,Leisure and Hospitality,rolling,8.173444
2021-02-02,Leisure and Hospitality,rolling,8.158113
2021-03-02,Leisure and Hospitality,rolling,8.273944
2021-04-02,Leisure and Hospitality,rolling,7.776585
2021-05-02,Leisure and Hospitality,rolling,7.11932
2021-06-02,Leisure and Hospitality,rolling,6.92172
2021-07-02,Leisure and Hospitality,rolling,6.61681
2021-08-02,Leisure and Hospitality,rolling,6.349922
2021-09-02,Leisure and Hospitality,rolling,5.963569
2021-10-02,Leisure and Hospitality,rolling,5.543041
2021-11-02,Leisure and Hospitality,rolling,5.092684
2021-12-02,Leisure and Hospitality,rolling,4.444521
2022-01-02,Leisure and Hospitality,rolling,4.600991
2022-02-02,Leisure and Hospitality,rolling,5.028545
2022-03-02,Leisure and Hospitality,rolling,5.246902
2022-04-02,Leisure and Hospitality,rolling,5.271929
2022-05-02,Leisure and Hospitality,rolling,5.294678
2022-06-02,Leisure and Hospitality,rolling,5.237447
2022-07-02,Leisure and Hospitality,rolling,5.190914
2022-08-02,Leisure and Hospitality,rolling,5.150753
2022-09-02,Leisure and Hospitality,rolling,5.1018
2022-10-02,Leisure and Hospitality,rolling,4.784013
2022-11-02,Leisure and Hospitality,rolling,4.600263
2022-12-02,Leisure and Hospitality,rolling,4.558562
2023-01-02,Leisure and Hospitality,rolling,4.884867
2023-02-02,Leisure and Hospitality,rolling,4.960956
2023-03-02,Leisure and Hospitality,rolling,5.09363
2023-04-02,Leisure and Hospitality,rolling,5.090175
2023-05-02,Leisure and Hospitality,rolling,5.333741
2023-06-02,Leisure and Hospitality,rolling,5.551748
2023-07-02,Leisure and Hospitality,rolling,5.358547
2023-08-02,Leisure and Hospitality,rolling,5.140401
2023-09-02,Leisure and Hospitality,rolling,4.750719
2023-10-02,Leisure and Hospitality,rolling,4.575114
2023-11-02,Leisure and Hospitality,rolling,4.585789
2023-12-02,Leisure and Hospitality,rolling,4.496939
2024-01-02,Leisure and Hospitality,rolling,4.383997
2024-02-02,Leisure and Hospitality,rolling,4.185812
2024-03-02,Leisure and Hospitality,rolling,4.136319
2024-04-02,Leisure and Hospitality,rolling,4.058362
2024-05-02,Leisure and Hospitality,rolling,4.058615
2024-06-02,Leisure and Hospitality,rolling,4.086038
2024-07-02,Leisure and Hospitality,rolling,4.054814
2024-08-02,Leisure and Hospitality,rolling,4.005654
2024-09-02,Leisure and Hospitality,rolling,4.207746
2024-10-02,Leisure and Hospitality,rolling,4.478723
2024-11-02,Leisure and Hospitality,rolling,4.499882
2024-12-02,Leisure and Hospitality,rolling,4.438661
2025-01-02,Leisure and Hospitality,rolling,4.279659
2025-02-02,Leisure and Hospitality,rolling,4.272149
2025-03-02,Leisure and Hospitality,rolling,4.307975
2025-04-02,Leisure and Hospitality,rolling,4.332995
2025-05-02,Leisure and Hospitality,rolling,4.352049
2025-06-02,Leisure and Hospitality,rolling,4.364682
2025-07-02,Leisure and Hospitality,rolling,4.166623
2025-08-02,Leisure and Hospitality,rolling,4.273683
2025-09-02,Leisure and Hospitality,rolling,4.617073
2025-10-02,Leisure and Hospitality,rolling,
2025-11-02,Leisure and Hospitality,rolling,5.137356
2025-12-02,Leisure and Hospitality,rolling,5.402865
2026-01-02,Leisure and Hospitality,rolling,5.318411
2026-02-02,Leisure and Hospitality,rolling,5.252314
2026-03-02,Leisure and Hospitality,rolling,5.209335
2026-04-02,Leisure and Hospitality,rolling,5.060663
2026-05-02,Leisure and Hospitality,rolling,4.887553
2005-01-02,Other Services,rolling,6.366314
2005-02-02,Other Services,rolling,6.05241
2005-03-02,Other Services,rolling,5.855774
2005-04-02,Other Services,rolling,5.775115
2005-05-02,Other Services,rolling,6.016799
2005-06-02,Other Services,rolling,5.80181
2005-07-02,Other Services,rolling,5.470397
2005-08-02,Other Services,rolling,5.324873
2005-09-02,Other Services,rolling,5.679496
2005-10-02,Other Services,rolling,6.075108
2005-11-02,Other Services,rolling,6.221906
2005-12-02,Other Services,rolling,6.128164
2006-01-02,Other Services,rolling,6.091103
2006-02-02,Other Services,rolling,6.104289
2006-03-02,Other Services,rolling,6.132997
2006-04-02,Other Services,rolling,6.075715
2006-05-02,Other Services,rolling,6.25994
2006-06-02,Other Services,rolling,6.312457
2006-07-02,Other Services,rolling,6.281164
2006-08-02,Other Services,rolling,6.331603
2006-09-02,Other Services,rolling,6.684856
2006-10-02,Other Services,rolling,6.557726
2006-11-02,Other Services,rolling,6.61423
2006-12-02,Other Services,rolling,6.502293
2007-01-02,Other Services,rolling,6.578431
2007-02-02,Other Services,rolling,6.632713
2007-03-02,Other Services,rolling,6.63917
2007-04-02,Other Services,rolling,6.504406
2007-05-02,Other Services,rolling,6.691766
2007-06-02,Other Services,rolling,6.594349
2007-07-02,Other Services,rolling,6.511075
2007-08-02,Other Services,rolling,6.433602
2007-09-02,Other Services,rolling,6.642158
2007-10-02,Other Services,rolling,6.76921
2007-11-02,Other Services,rolling,6.860406
2007-12-02,Other Services,rolling,6.895498
2008-01-02,Other Services,rolling,6.855835
2008-02-02,Other Services,rolling,6.783282
2008-03-02,Other Services,rolling,6.501778
2008-04-02,Other Services,rolling,6.263245
2008-05-02,Other Services,rolling,6.03166
2008-06-02,Other Services,rolling,5.828961
2008-07-02,Other Services,rolling,5.889457
2008-08-02,Other Services,rolling,6.027437
2008-09-02,Other Services,rolling,6.13778
2008-10-02,Other Services,rolling,5.880648
2008-11-02,Other Services,rolling,5.659331
2008-12-02,Other Services,rolling,5.323039
2009-01-02,Other Services,rolling,5.55635
2009-02-02,Other Services,rolling,5.814822
2009-03-02,Other Services,rolling,6.138675
2009-04-02,Other Services,rolling,6.127594
2009-05-02,Other Services,rolling,6.362127
2009-06-02,Other Services,rolling,6.50744
2009-07-02,Other Services,rolling,6.512005
2009-08-02,Other Services,rolling,6.837885
2009-09-02,Other Services,rolling,6.766209
2009-10-02,Other Services,rolling,6.870191
2009-11-02,Other Services,rolling,6.893345
2009-12-02,Other Services,rolling,6.634541
2010-01-02,Other Services,rolling,6.436368
2010-02-02,Other Services,rolling,6.080465
2010-03-02,Other Services,rolling,5.806245
2010-04-02,Other Services,rolling,5.857244
2010-05-02,Other Services,rolling,6.005836
2010-06-02,Other Services,rolling,6.188873
2010-07-02,Other Services,rolling,6.291658
2010-08-02,Other Services,rolling,6.286906
2010-09-02,Other Services,rolling,6.44684
2010-10-02,Other Services,rolling,6.857237
2010-11-02,Other Services,rolling,7.23158
2010-12-02,Other Services,rolling,7.276308
2011-01-02,Other Services,rolling,7.143945
2011-02-02,Other Services,rolling,7.151743
2011-03-02,Other Services,rolling,6.963537
2011-04-02,Other Services,rolling,6.85134
2011-05-02,Other Services,rolling,6.717469
2011-06-02,Other Services,rolling,6.409553
2011-07-02,Other Services,rolling,6.160737
2011-08-02,Other Services,rolling,6.245532
2011-09-02,Other Services,rolling,6.577273
2011-10-02,Other Services,rolling,6.569045
2011-11-02,Other Services,rolling,6.545199
2011-12-02,Other Services,rolling,6.470775
2012-01-02,Other Services,rolling,6.265844
2012-02-02,Other Services,rolling,6.29463
2012-03-02,Other Services,rolling,6.28891
2012-04-02,Other Services,rolling,6.147903
2012-05-02,Other Services,rolling,6.335527
2012-06-02,Other Services,rolling,6.302999
2012-07-02,Other Services,rolling,6.069287
2012-08-02,Other Services,rolling,6.162589
2012-09-02,Other Services,rolling,6.254564
2012-10-02,Other Services,rolling,6.244706
2012-11-02,Other Services,rolling,6.382579
2012-12-02,Other Services,rolling,6.753993
2013-01-02,Other Services,rolling,6.953691
2013-02-02,Other Services,rolling,7.098386
2013-03-02,Other Services,rolling,7.026143
2013-04-02,Other Services,rolling,6.95884
2013-05-02,Other Services,rolling,6.916307
2013-06-02,Other Services,rolling,7.09896
2013-07-02,Other Services,rolling,7.390455
2013-08-02,Other Services,rolling,7.403485
2013-09-02,Other Services,rolling,7.158546
2013-10-02,Other Services,rolling,6.786242
2013-11-02,Other Services,rolling,6.610237
2013-12-02,Other Services,rolling,6.854222
2014-01-02,Other Services,rolling,7.10057
2014-02-02,Other Services,rolling,7.267141
2014-03-02,Other Services,rolling,6.902545
2014-04-02,Other Services,rolling,6.516894
2014-05-02,Other Services,rolling,6.567271
2014-06-02,Other Services,rolling,6.367354
2014-07-02,Other Services,rolling,6.33657
2014-08-02,Other Services,rolling,6.889411
2014-09-02,Other Services,rolling,7.030514
2014-10-02,Other Services,rolling,6.829611
2014-11-02,Other Services,rolling,6.966884
2014-12-02,Other Services,rolling,7.233401
2015-01-02,Other Services,rolling,7.390546
2015-02-02,Other Services,rolling,7.334599
2015-03-02,Other Services,rolling,7.078254
2015-04-02,Other Services,rolling,7.023651
2015-05-02,Other Services,rolling,6.929553
2015-06-02,Other Services,rolling,6.818199
2015-07-02,Other Services,rolling,6.781009
2015-08-02,Other Services,rolling,6.74298
2015-09-02,Other Services,rolling,6.584195
2015-10-02,Other Services,rolling,6.490969
2015-11-02,Other Services,rolling,6.562142
2015-12-02,Other Services,rolling,6.920228
2016-01-02,Other Services,rolling,7.149801
2016-02-02,Other Services,rolling,7.210151
2016-03-02,Other Services,rolling,7.091765
2016-04-02,Other Services,rolling,6.913547
2016-05-02,Other Services,rolling,6.680082
2016-06-02,Other Services,rolling,6.644069
2016-07-02,Other Services,rolling,6.403633
2016-08-02,Other Services,rolling,6.372572
2016-09-02,Other Services,rolling,6.313778
2016-10-02,Other Services,rolling,6.808359
2016-11-02,Other Services,rolling,7.320014
2016-12-02,Other Services,rolling,7.83925
2017-01-02,Other Services,rolling,7.872386
2017-02-02,Other Services,rolling,7.755839
2017-03-02,Other Services,rolling,7.692594
2017-04-02,Other Services,rolling,7.715001
2017-05-02,Other Services,rolling,7.776305
2017-06-02,Other Services,rolling,7.678747
2017-07-02,Other Services,rolling,7.540721
2017-08-02,Other Services,rolling,7.315873
2017-09-02,Other Services,rolling,7.226039
2017-10-02,Other Services,rolling,7.193186
2017-11-02,Other Services,rolling,7.295942
2017-12-02,Other Services,rolling,7.090403
2018-01-02,Other Services,rolling,7.080183
2018-02-02,Other Services,rolling,6.992252
2018-03-02,Other Services,rolling,7.301514
2018-04-02,Other Services,rolling,7.26785
2018-05-02,Other Services,rolling,7.276374
2018-06-02,Other Services,rolling,7.278331
2018-07-02,Other Services,rolling,7.068429
2018-08-02,Other Services,rolling,7.113975
2018-09-02,Other Services,rolling,7.168636
2018-10-02,Other Services,rolling,7.167755
2018-11-02,Other Services,rolling,7.257065
2018-12-02,Other Services,rolling,7.143523
2019-01-02,Other Services,rolling,7.151687
2019-02-02,Other Services,rolling,6.905453
2019-03-02,Other Services,rolling,6.952092
2019-04-02,Other Services,rolling,7.399131
2019-05-02,Other Services,rolling,7.366506
2019-06-02,Other Services,rolling,7.183953
2019-07-02,Other Services,rolling,7.096626
2019-08-02,Other Services,rolling,6.913572
2019-09-02,Other Services,rolling,6.835072
2019-10-02,Other Services,rolling,6.543167
2019-11-02,Other Services,rolling,6.41803
2019-12-02,Other Services,rolling,6.480959
2020-01-02,Other Services,rolling,6.440881
2020-02-02,Other Services,rolling,6.483858
2020-03-02,Other Services,rolling,6.500741
2020-04-02,Other Services,rolling,6.730485
2020-05-02,Other Services,rolling,6.801992
2020-06-02,Other Services,rolling,7.215438
2020-07-02,Other Services,rolling,7.315221
2020-08-02,Other Services,rolling,7.563516
2020-09-02,Other Services,rolling,7.562455
2020-10-02,Other Services,rolling,7.806871
2020-11-02,Other Services,rolling,8.100773
2020-12-02,Other Services,rolling,8.286945
2021-01-02,Other Services,rolling,8.078273
2021-02-02,Other Services,rolling,7.793132
2021-03-02,Other Services,rolling,7.843686
2021-04-02,Other Services,rolling,7.157359
2021-05-02,Other Services,rolling,6.983136
2021-06-02,Other Services,rolling,7.264785
2021-07-02,Other Services,rolling,7.428678
2021-08-02,Other Services,rolling,7.539295
2021-09-02,Other Services,rolling,7.168586
2021-10-02,Other Services,rolling,6.718817
2021-11-02,Other Services,rolling,6.768607
2021-12-02,Other Services,rolling,6.828011
2022-01-02,Other Services,rolling,7.10411
2022-02-02,Other Services,rolling,7.504331
2022-03-02,Other Services,rolling,7.677323
2022-04-02,Other Services,rolling,7.446996
2022-05-02,Other Services,rolling,7.058462
2022-06-02,Other Services,rolling,6.943949
2022-07-02,Other Services,rolling,6.849719
2022-08-02,Other Services,rolling,6.900958
2022-09-02,Other Services,rolling,7.339736
2022-10-02,Other Services,rolling,7.560345
2022-11-02,Other Services,rolling,7.563647
2022-12-02,Other Services,rolling,7.530097
2023-01-02,Other Services,rolling,7.216528
2023-02-02,Other Services,rolling,7.302023
2023-03-02,Other Services,rolling,7.382494
2023-04-02,Other Services,rolling,7.357377
2023-05-02,Other Services,rolling,7.218614
2023-06-02,Other Services,rolling,7.04639
2023-07-02,Other Services,rolling,7.189795
2023-08-02,Other Services,rolling,6.892216
2023-09-02,Other Services,rolling,6.807854
2023-10-02,Other Services,rolling,7.091109
2023-11-02,Other Services,rolling,7.197192
2023-12-02,Other Services,rolling,7.130432
2024-01-02,Other Services,rolling,6.790357
2024-02-02,Other Services,rolling,6.610981
2024-03-02,Other Services,rolling,6.643063
2024-04-02,Other Services,rolling,6.535407
2024-05-02,Other Services,rolling,6.517352
2024-06-02,Other Services,rolling,6.630889
2024-07-02,Other Services,rolling,6.997942
2024-08-02,Other Services,rolling,7.222906
2024-09-02,Other Services,rolling,7.323889
2024-10-02,Other Services,rolling,7.5387
2024-11-02,Other Services,rolling,7.373289
2024-12-02,Other Services,rolling,7.798391
2025-01-02,Other Services,rolling,7.9536
2025-02-02,Other Services,rolling,8.225351
2025-03-02,Other Services,rolling,8.325007
2025-04-02,Other Services,rolling,8.413505
2025-05-02,Other Services,rolling,8.422377
2025-06-02,Other Services,rolling,8.644264
2025-07-02,Other Services,rolling,8.857398
2025-08-02,Other Services,rolling,9.017611
2025-09-02,Other Services,rolling,9.483863
2025-10-02,Other Services,rolling,
2025-11-02,Other Services,rolling,9.892941
2025-12-02,Other Services,rolling,10.150687
2026-01-02,Other Services,rolling,10.222583
2026-02-02,Other Services,rolling,10.146652
2026-03-02,Other Services,rolling,9.873657
2026-04-02,Other Services,rolling,9.417823
2026-05-02,Other Services,rolling,8.984961
