time,series,value,country_code,projected,scenario
2025-01-01,Canada,0.101852187324056,ca,0,tracker_actual_2026-08-24
2025-01-01,China,12.024141924503965,chn,0,tracker_actual_2026-08-24
2025-01-01,EU,1.3065734851022839,eu,0,tracker_actual_2026-08-24
2025-01-01,Free-trade partners,0.4765191380387736,fta,0,tracker_actual_2026-08-24
2025-01-01,Japan,1.544234204417029,jp,0,tracker_actual_2026-08-24
2025-01-01,Mexico,0.23855623769280396,mx,0,tracker_actual_2026-08-24
2025-01-01,Rest of World,2.647922264349226,row,0,tracker_actual_2026-08-24
2025-01-01,UK,1.027779304941755,uk,0,tracker_actual_2026-08-24
2025-01-02,Canada,0.101852187324056,ca,0,tracker_actual_2026-08-24
2025-01-02,China,12.024141924503965,chn,0,tracker_actual_2026-08-24
2025-01-02,EU,1.3065734851022839,eu,0,tracker_actual_2026-08-24
2025-01-02,Free-trade partners,0.4765191380387736,fta,0,tracker_actual_2026-08-24
2025-01-02,Japan,1.544234204417029,jp,0,tracker_actual_2026-08-24
2025-01-02,Mexico,0.23855623769280396,mx,0,tracker_actual_2026-08-24
2025-01-02,Rest of World,2.647922264349226,row,0,tracker_actual_2026-08-24
2025-01-02,UK,1.027779304941755,uk,0,tracker_actual_2026-08-24
2025-01-03,Canada,0.101852187324056,ca,0,tracker_actual_2026-08-24
2025-01-03,China,12.024141924503965,chn,0,tracker_actual_2026-08-24
2025-01-03,EU,1.3065734851022839,eu,0,tracker_actual_2026-08-24
2025-01-03,Free-trade partners,0.4765191380387736,fta,0,tracker_actual_2026-08-24
2025-01-03,Japan,1.544234204417029,jp,0,tracker_actual_2026-08-24
2025-01-03,Mexico,0.23855623769280396,mx,0,tracker_actual_2026-08-24
2025-01-03,Rest of World,2.647922264349226,row,0,tracker_actual_2026-08-24
2025-01-03,UK,1.027779304941755,uk,0,tracker_actual_2026-08-24
2025-01-04,Canada,0.101852187324056,ca,0,tracker_actual_2026-08-24
2025-01-04,China,12.024141924503965,chn,0,tracker_actual_2026-08-24
2025-01-04,EU,1.3065734851022839,eu,0,tracker_actual_2026-08-24
2025-01-04,Free-trade partners,0.4765191380387736,fta,0,tracker_actual_2026-08-24
2025-01-04,Japan,1.544234204417029,jp,0,tracker_actual_2026-08-24
2025-01-04,Mexico,0.23855623769280396,mx,0,tracker_actual_2026-08-24
2025-01-04,Rest of World,2.647922264349226,row,0,tracker_actual_2026-08-24
2025-01-04,UK,1.027779304941755,uk,0,tracker_actual_2026-08-24
2025-01-05,Canada,0.101852187324056,ca,0,tracker_actual_2026-08-24
2025-01-05,China,12.024141924503965,chn,0,tracker_actual_2026-08-24
2025-01-05,EU,1.3065734851022839,eu,0,tracker_actual_2026-08-24
2025-01-05,Free-trade partners,0.4765191380387736,fta,0,tracker_actual_2026-08-24
2025-01-05,Japan,1.544234204417029,jp,0,tracker_actual_2026-08-24
2025-01-05,Mexico,0.23855623769280396,mx,0,tracker_actual_2026-08-24
2025-01-05,Rest of World,2.647922264349226,row,0,tracker_actual_2026-08-24
2025-01-05,UK,1.027779304941755,uk,0,tracker_actual_2026-08-24
2025-01-06,Canada,0.101852187324056,ca,0,tracker_actual_2026-08-24
2025-01-06,China,12.024141924503965,chn,0,tracker_actual_2026-08-24
2025-01-06,EU,1.3065734851022839,eu,0,tracker_actual_2026-08-24
2025-01-06,Free-trade partners,0.4765191380387736,fta,0,tracker_actual_2026-08-24
2025-01-06,Japan,1.544234204417029,jp,0,tracker_actual_2026-08-24
2025-01-06,Mexico,0.23855623769280396,mx,0,tracker_actual_2026-08-24
2025-01-06,Rest of World,2.647922264349226,row,0,tracker_actual_2026-08-24
2025-01-06,UK,1.027779304941755,uk,0,tracker_actual_2026-08-24
2025-01-07,Canada,0.101852187324056,ca,0,tracker_actual_2026-08-24
2025-01-07,China,12.024141924503965,chn,0,tracker_actual_2026-08-24
2025-01-07,EU,1.3065734851022839,eu,0,tracker_actual_2026-08-24
2025-01-07,Free-trade partners,0.4765191380387736,fta,0,tracker_actual_2026-08-24
2025-01-07,Japan,1.544234204417029,jp,0,tracker_actual_2026-08-24
2025-01-07,Mexico,0.23855623769280396,mx,0,tracker_actual_2026-08-24
2025-01-07,Rest of World,2.647922264349226,row,0,tracker_actual_2026-08-24
2025-01-07,UK,1.027779304941755,uk,0,tracker_actual_2026-08-24
2025-01-08,Canada,0.101852187324056,ca,0,tracker_actual_2026-08-24
2025-01-08,China,12.024141924503965,chn,0,tracker_actual_2026-08-24
2025-01-08,EU,1.3065734851022839,eu,0,tracker_actual_2026-08-24
2025-01-08,Free-trade partners,0.4765191380387736,fta,0,tracker_actual_2026-08-24
2025-01-08,Japan,1.544234204417029,jp,0,tracker_actual_2026-08-24
2025-01-08,Mexico,0.23855623769280396,mx,0,tracker_actual_2026-08-24
2025-01-08,Rest of World,2.647922264349226,row,0,tracker_actual_2026-08-24
2025-01-08,UK,1.027779304941755,uk,0,tracker_actual_2026-08-24
2025-01-09,Canada,0.101852187324056,ca,0,tracker_actual_2026-08-24
2025-01-09,China,12.024141924503965,chn,0,tracker_actual_2026-08-24
2025-01-09,EU,1.3065734851022839,eu,0,tracker_actual_2026-08-24
2025-01-09,Free-trade partners,0.4765191380387736,fta,0,tracker_actual_2026-08-24
2025-01-09,Japan,1.544234204417029,jp,0,tracker_actual_2026-08-24
2025-01-09,Mexico,0.23855623769280396,mx,0,tracker_actual_2026-08-24
2025-01-09,Rest of World,2.647922264349226,row,0,tracker_actual_2026-08-24
2025-01-09,UK,1.027779304941755,uk,0,tracker_actual_2026-08-24
2025-01-10,Canada,0.101852187324056,ca,0,tracker_actual_2026-08-24
2025-01-10,China,12.024141924503965,chn,0,tracker_actual_2026-08-24
2025-01-10,EU,1.3065734851022839,eu,0,tracker_actual_2026-08-24
2025-01-10,Free-trade partners,0.4765191380387736,fta,0,tracker_actual_2026-08-24
2025-01-10,Japan,1.544234204417029,jp,0,tracker_actual_2026-08-24
2025-01-10,Mexico,0.23855623769280396,mx,0,tracker_actual_2026-08-24
2025-01-10,Rest of World,2.647922264349226,row,0,tracker_actual_2026-08-24
2025-01-10,UK,1.027779304941755,uk,0,tracker_actual_2026-08-24
2025-01-11,Canada,0.101852187324056,ca,0,tracker_actual_2026-08-24
2025-01-11,China,12.024141924503965,chn,0,tracker_actual_2026-08-24
2025-01-11,EU,1.3065734851022839,eu,0,tracker_actual_2026-08-24
2025-01-11,Free-trade partners,0.4765191380387736,fta,0,tracker_actual_2026-08-24
2025-01-11,Japan,1.544234204417029,jp,0,tracker_actual_2026-08-24
2025-01-11,Mexico,0.23855623769280396,mx,0,tracker_actual_2026-08-24
2025-01-11,Rest of World,2.647922264349226,row,0,tracker_actual_2026-08-24
2025-01-11,UK,1.027779304941755,uk,0,tracker_actual_2026-08-24
2025-01-12,Canada,0.101852187324056,ca,0,tracker_actual_2026-08-24
2025-01-12,China,12.024141924503965,chn,0,tracker_actual_2026-08-24
2025-01-12,EU,1.3065734851022839,eu,0,tracker_actual_2026-08-24
2025-01-12,Free-trade partners,0.4765191380387736,fta,0,tracker_actual_2026-08-24
2025-01-12,Japan,1.544234204417029,jp,0,tracker_actual_2026-08-24
2025-01-12,Mexico,0.23855623769280396,mx,0,tracker_actual_2026-08-24
2025-01-12,Rest of World,2.647922264349226,row,0,tracker_actual_2026-08-24
2025-01-12,UK,1.027779304941755,uk,0,tracker_actual_2026-08-24
2025-01-13,Canada,0.101852187324056,ca,0,tracker_actual_2026-08-24
2025-01-13,China,12.024141924503965,chn,0,tracker_actual_2026-08-24
2025-01-13,EU,1.3065734851022839,eu,0,tracker_actual_2026-08-24
2025-01-13,Free-trade partners,0.4765191380387736,fta,0,tracker_actual_2026-08-24
2025-01-13,Japan,1.544234204417029,jp,0,tracker_actual_2026-08-24
2025-01-13,Mexico,0.23855623769280396,mx,0,tracker_actual_2026-08-24
2025-01-13,Rest of World,2.647922264349226,row,0,tracker_actual_2026-08-24
2025-01-13,UK,1.027779304941755,uk,0,tracker_actual_2026-08-24
2025-01-14,Canada,0.101852187324056,ca,0,tracker_actual_2026-08-24
2025-01-14,China,12.024141924503965,chn,0,tracker_actual_2026-08-24
2025-01-14,EU,1.3065734851022839,eu,0,tracker_actual_2026-08-24
2025-01-14,Free-trade partners,0.4765191380387736,fta,0,tracker_actual_2026-08-24
2025-01-14,Japan,1.544234204417029,jp,0,tracker_actual_2026-08-24
2025-01-14,Mexico,0.23855623769280396,mx,0,tracker_actual_2026-08-24
2025-01-14,Rest of World,2.647922264349226,row,0,tracker_actual_2026-08-24
2025-01-14,UK,1.027779304941755,uk,0,tracker_actual_2026-08-24
2025-01-15,Canada,0.101852187324056,ca,0,tracker_actual_2026-08-24
2025-01-15,China,12.024141924503965,chn,0,tracker_actual_2026-08-24
2025-01-15,EU,1.3065734851022839,eu,0,tracker_actual_2026-08-24
2025-01-15,Free-trade partners,0.4765191380387736,fta,0,tracker_actual_2026-08-24
2025-01-15,Japan,1.544234204417029,jp,0,tracker_actual_2026-08-24
2025-01-15,Mexico,0.23855623769280396,mx,0,tracker_actual_2026-08-24
2025-01-15,Rest of World,2.647922264349226,row,0,tracker_actual_2026-08-24
2025-01-15,UK,1.027779304941755,uk,0,tracker_actual_2026-08-24
2025-01-16,Canada,0.101852187324056,ca,0,tracker_actual_2026-08-24
2025-01-16,China,12.024141924503965,chn,0,tracker_actual_2026-08-24
2025-01-16,EU,1.3065734851022839,eu,0,tracker_actual_2026-08-24
2025-01-16,Free-trade partners,0.4765191380387736,fta,0,tracker_actual_2026-08-24
2025-01-16,Japan,1.544234204417029,jp,0,tracker_actual_2026-08-24
2025-01-16,Mexico,0.23855623769280396,mx,0,tracker_actual_2026-08-24
2025-01-16,Rest of World,2.647922264349226,row,0,tracker_actual_2026-08-24
2025-01-16,UK,1.027779304941755,uk,0,tracker_actual_2026-08-24
2025-01-17,Canada,0.101852187324056,ca,0,tracker_actual_2026-08-24
2025-01-17,China,12.024141924503965,chn,0,tracker_actual_2026-08-24
2025-01-17,EU,1.3065734851022839,eu,0,tracker_actual_2026-08-24
2025-01-17,Free-trade partners,0.4765191380387736,fta,0,tracker_actual_2026-08-24
2025-01-17,Japan,1.544234204417029,jp,0,tracker_actual_2026-08-24
2025-01-17,Mexico,0.23855623769280396,mx,0,tracker_actual_2026-08-24
2025-01-17,Rest of World,2.647922264349226,row,0,tracker_actual_2026-08-24
2025-01-17,UK,1.027779304941755,uk,0,tracker_actual_2026-08-24
2025-01-18,Canada,0.101852187324056,ca,0,tracker_actual_2026-08-24
2025-01-18,China,12.024141924503965,chn,0,tracker_actual_2026-08-24
2025-01-18,EU,1.3065734851022839,eu,0,tracker_actual_2026-08-24
2025-01-18,Free-trade partners,0.4765191380387736,fta,0,tracker_actual_2026-08-24
2025-01-18,Japan,1.544234204417029,jp,0,tracker_actual_2026-08-24
2025-01-18,Mexico,0.23855623769280396,mx,0,tracker_actual_2026-08-24
2025-01-18,Rest of World,2.647922264349226,row,0,tracker_actual_2026-08-24
2025-01-18,UK,1.027779304941755,uk,0,tracker_actual_2026-08-24
2025-01-19,Canada,0.101852187324056,ca,0,tracker_actual_2026-08-24
2025-01-19,China,12.024141924503965,chn,0,tracker_actual_2026-08-24
2025-01-19,EU,1.3065734851022839,eu,0,tracker_actual_2026-08-24
2025-01-19,Free-trade partners,0.4765191380387736,fta,0,tracker_actual_2026-08-24
2025-01-19,Japan,1.544234204417029,jp,0,tracker_actual_2026-08-24
2025-01-19,Mexico,0.23855623769280396,mx,0,tracker_actual_2026-08-24
2025-01-19,Rest of World,2.647922264349226,row,0,tracker_actual_2026-08-24
2025-01-19,UK,1.027779304941755,uk,0,tracker_actual_2026-08-24
2025-01-20,Canada,0.101852187324056,ca,0,tracker_actual_2026-08-24
2025-01-20,China,12.024141924503965,chn,0,tracker_actual_2026-08-24
2025-01-20,EU,1.3065734851022839,eu,0,tracker_actual_2026-08-24
2025-01-20,Free-trade partners,0.4765191380387736,fta,0,tracker_actual_2026-08-24
2025-01-20,Japan,1.544234204417029,jp,0,tracker_actual_2026-08-24
2025-01-20,Mexico,0.23855623769280396,mx,0,tracker_actual_2026-08-24
2025-01-20,Rest of World,2.647922264349226,row,0,tracker_actual_2026-08-24
2025-01-20,UK,1.027779304941755,uk,0,tracker_actual_2026-08-24
2025-01-21,Canada,0.101852187324056,ca,0,tracker_actual_2026-08-24
2025-01-21,China,12.024141924503965,chn,0,tracker_actual_2026-08-24
2025-01-21,EU,1.3065734851022839,eu,0,tracker_actual_2026-08-24
2025-01-21,Free-trade partners,0.4765191380387736,fta,0,tracker_actual_2026-08-24
2025-01-21,Japan,1.544234204417029,jp,0,tracker_actual_2026-08-24
2025-01-21,Mexico,0.23855623769280396,mx,0,tracker_actual_2026-08-24
2025-01-21,Rest of World,2.647922264349226,row,0,tracker_actual_2026-08-24
2025-01-21,UK,1.027779304941755,uk,0,tracker_actual_2026-08-24
2025-01-22,Canada,0.101852187324056,ca,0,tracker_actual_2026-08-24
2025-01-22,China,12.024141924503965,chn,0,tracker_actual_2026-08-24
2025-01-22,EU,1.3065734851022839,eu,0,tracker_actual_2026-08-24
2025-01-22,Free-trade partners,0.4765191380387736,fta,0,tracker_actual_2026-08-24
2025-01-22,Japan,1.544234204417029,jp,0,tracker_actual_2026-08-24
2025-01-22,Mexico,0.23855623769280396,mx,0,tracker_actual_2026-08-24
2025-01-22,Rest of World,2.647922264349226,row,0,tracker_actual_2026-08-24
2025-01-22,UK,1.027779304941755,uk,0,tracker_actual_2026-08-24
2025-01-23,Canada,0.101852187324056,ca,0,tracker_actual_2026-08-24
2025-01-23,China,12.024141924503965,chn,0,tracker_actual_2026-08-24
2025-01-23,EU,1.3065734851022839,eu,0,tracker_actual_2026-08-24
2025-01-23,Free-trade partners,0.4765191380387736,fta,0,tracker_actual_2026-08-24
2025-01-23,Japan,1.544234204417029,jp,0,tracker_actual_2026-08-24
2025-01-23,Mexico,0.23855623769280396,mx,0,tracker_actual_2026-08-24
2025-01-23,Rest of World,2.647922264349226,row,0,tracker_actual_2026-08-24
2025-01-23,UK,1.027779304941755,uk,0,tracker_actual_2026-08-24
2025-01-24,Canada,0.101852187324056,ca,0,tracker_actual_2026-08-24
2025-01-24,China,12.024141924503965,chn,0,tracker_actual_2026-08-24
2025-01-24,EU,1.3065734851022839,eu,0,tracker_actual_2026-08-24
2025-01-24,Free-trade partners,0.4765191380387736,fta,0,tracker_actual_2026-08-24
2025-01-24,Japan,1.544234204417029,jp,0,tracker_actual_2026-08-24
2025-01-24,Mexico,0.23855623769280396,mx,0,tracker_actual_2026-08-24
2025-01-24,Rest of World,2.647922264349226,row,0,tracker_actual_2026-08-24
2025-01-24,UK,1.027779304941755,uk,0,tracker_actual_2026-08-24
2025-01-25,Canada,0.101852187324056,ca,0,tracker_actual_2026-08-24
2025-01-25,China,12.024141924503965,chn,0,tracker_actual_2026-08-24
2025-01-25,EU,1.3065734851022839,eu,0,tracker_actual_2026-08-24
2025-01-25,Free-trade partners,0.4765191380387736,fta,0,tracker_actual_2026-08-24
2025-01-25,Japan,1.544234204417029,jp,0,tracker_actual_2026-08-24
2025-01-25,Mexico,0.23855623769280396,mx,0,tracker_actual_2026-08-24
2025-01-25,Rest of World,2.647922264349226,row,0,tracker_actual_2026-08-24
2025-01-25,UK,1.027779304941755,uk,0,tracker_actual_2026-08-24
2025-01-26,Canada,0.101852187324056,ca,0,tracker_actual_2026-08-24
2025-01-26,China,12.024141924503965,chn,0,tracker_actual_2026-08-24
2025-01-26,EU,1.3065734851022839,eu,0,tracker_actual_2026-08-24
2025-01-26,Free-trade partners,0.4765191380387736,fta,0,tracker_actual_2026-08-24
2025-01-26,Japan,1.544234204417029,jp,0,tracker_actual_2026-08-24
2025-01-26,Mexico,0.23855623769280396,mx,0,tracker_actual_2026-08-24
2025-01-26,Rest of World,2.647922264349226,row,0,tracker_actual_2026-08-24
2025-01-26,UK,1.027779304941755,uk,0,tracker_actual_2026-08-24
2025-01-27,Canada,0.101852187324056,ca,0,tracker_actual_2026-08-24
2025-01-27,China,12.024141924503965,chn,0,tracker_actual_2026-08-24
2025-01-27,EU,1.3065734851022839,eu,0,tracker_actual_2026-08-24
2025-01-27,Free-trade partners,0.4765191380387736,fta,0,tracker_actual_2026-08-24
2025-01-27,Japan,1.544234204417029,jp,0,tracker_actual_2026-08-24
2025-01-27,Mexico,0.23855623769280396,mx,0,tracker_actual_2026-08-24
2025-01-27,Rest of World,2.647922264349226,row,0,tracker_actual_2026-08-24
2025-01-27,UK,1.027779304941755,uk,0,tracker_actual_2026-08-24
2025-01-28,Canada,0.101852187324056,ca,0,tracker_actual_2026-08-24
2025-01-28,China,12.024141924503965,chn,0,tracker_actual_2026-08-24
2025-01-28,EU,1.3065734851022839,eu,0,tracker_actual_2026-08-24
2025-01-28,Free-trade partners,0.4765191380387736,fta,0,tracker_actual_2026-08-24
2025-01-28,Japan,1.544234204417029,jp,0,tracker_actual_2026-08-24
2025-01-28,Mexico,0.23855623769280396,mx,0,tracker_actual_2026-08-24
2025-01-28,Rest of World,2.647922264349226,row,0,tracker_actual_2026-08-24
2025-01-28,UK,1.027779304941755,uk,0,tracker_actual_2026-08-24
2025-01-29,Canada,0.101852187324056,ca,0,tracker_actual_2026-08-24
2025-01-29,China,12.024141924503965,chn,0,tracker_actual_2026-08-24
2025-01-29,EU,1.3065734851022839,eu,0,tracker_actual_2026-08-24
2025-01-29,Free-trade partners,0.4765191380387736,fta,0,tracker_actual_2026-08-24
2025-01-29,Japan,1.544234204417029,jp,0,tracker_actual_2026-08-24
2025-01-29,Mexico,0.23855623769280396,mx,0,tracker_actual_2026-08-24
2025-01-29,Rest of World,2.647922264349226,row,0,tracker_actual_2026-08-24
2025-01-29,UK,1.027779304941755,uk,0,tracker_actual_2026-08-24
2025-01-30,Canada,0.101852187324056,ca,0,tracker_actual_2026-08-24
2025-01-30,China,12.024141924503965,chn,0,tracker_actual_2026-08-24
2025-01-30,EU,1.3065734851022839,eu,0,tracker_actual_2026-08-24
2025-01-30,Free-trade partners,0.4765191380387736,fta,0,tracker_actual_2026-08-24
2025-01-30,Japan,1.544234204417029,jp,0,tracker_actual_2026-08-24
2025-01-30,Mexico,0.23855623769280396,mx,0,tracker_actual_2026-08-24
2025-01-30,Rest of World,2.647922264349226,row,0,tracker_actual_2026-08-24
2025-01-30,UK,1.027779304941755,uk,0,tracker_actual_2026-08-24
2025-01-31,Canada,0.101852187324056,ca,0,tracker_actual_2026-08-24
2025-01-31,China,12.024141924503965,chn,0,tracker_actual_2026-08-24
2025-01-31,EU,1.3065734851022839,eu,0,tracker_actual_2026-08-24
2025-01-31,Free-trade partners,0.4765191380387736,fta,0,tracker_actual_2026-08-24
2025-01-31,Japan,1.544234204417029,jp,0,tracker_actual_2026-08-24
2025-01-31,Mexico,0.23855623769280396,mx,0,tracker_actual_2026-08-24
2025-01-31,Rest of World,2.647922264349226,row,0,tracker_actual_2026-08-24
2025-01-31,UK,1.027779304941755,uk,0,tracker_actual_2026-08-24
2025-02-01,Canada,0.101852187324056,ca,0,tracker_actual_2026-08-24
2025-02-01,China,12.024141924503965,chn,0,tracker_actual_2026-08-24
2025-02-01,EU,1.3065734851022839,eu,0,tracker_actual_2026-08-24
2025-02-01,Free-trade partners,0.4765191380387736,fta,0,tracker_actual_2026-08-24
2025-02-01,Japan,1.544234204417029,jp,0,tracker_actual_2026-08-24
2025-02-01,Mexico,0.23855623769280396,mx,0,tracker_actual_2026-08-24
2025-02-01,Rest of World,2.647922264349226,row,0,tracker_actual_2026-08-24
2025-02-01,UK,1.027779304941755,uk,0,tracker_actual_2026-08-24
2025-02-02,Canada,0.101852187324056,ca,0,tracker_actual_2026-08-24
2025-02-02,China,12.024141924503965,chn,0,tracker_actual_2026-08-24
2025-02-02,EU,1.3065734851022839,eu,0,tracker_actual_2026-08-24
2025-02-02,Free-trade partners,0.4765191380387736,fta,0,tracker_actual_2026-08-24
2025-02-02,Japan,1.544234204417029,jp,0,tracker_actual_2026-08-24
2025-02-02,Mexico,0.23855623769280396,mx,0,tracker_actual_2026-08-24
2025-02-02,Rest of World,2.647922264349226,row,0,tracker_actual_2026-08-24
2025-02-02,UK,1.027779304941755,uk,0,tracker_actual_2026-08-24
2025-02-03,Canada,0.101852187324056,ca,0,tracker_actual_2026-08-24
2025-02-03,China,12.024141924503965,chn,0,tracker_actual_2026-08-24
2025-02-03,EU,1.3065734851022839,eu,0,tracker_actual_2026-08-24
2025-02-03,Free-trade partners,0.4765191380387736,fta,0,tracker_actual_2026-08-24
2025-02-03,Japan,1.544234204417029,jp,0,tracker_actual_2026-08-24
2025-02-03,Mexico,0.23855623769280396,mx,0,tracker_actual_2026-08-24
2025-02-03,Rest of World,2.647922264349226,row,0,tracker_actual_2026-08-24
2025-02-03,UK,1.027779304941755,uk,0,tracker_actual_2026-08-24
2025-02-04,Canada,0.101852625270724,ca,0,tracker_actual_2026-08-24
2025-02-04,China,22.012479520424126,chn,0,tracker_actual_2026-08-24
2025-02-04,EU,1.3065794621829285,eu,0,tracker_actual_2026-08-24
2025-02-04,Free-trade partners,0.4765215933902309,fta,0,tracker_actual_2026-08-24
2025-02-04,Japan,1.5442346868703358,jp,0,tracker_actual_2026-08-24
2025-02-04,Mexico,0.23855628400817702,mx,0,tracker_actual_2026-08-24
2025-02-04,Rest of World,2.6888500600499956,row,0,tracker_actual_2026-08-24
2025-02-04,UK,1.0277835076446418,uk,0,tracker_actual_2026-08-24
2025-02-05,Canada,0.101852625270724,ca,0,tracker_actual_2026-08-24
2025-02-05,China,22.012479520424126,chn,0,tracker_actual_2026-08-24
2025-02-05,EU,1.3065794621829285,eu,0,tracker_actual_2026-08-24
2025-02-05,Free-trade partners,0.4765215933902309,fta,0,tracker_actual_2026-08-24
2025-02-05,Japan,1.5442346868703358,jp,0,tracker_actual_2026-08-24
2025-02-05,Mexico,0.23855628400817702,mx,0,tracker_actual_2026-08-24
2025-02-05,Rest of World,2.6888500600499956,row,0,tracker_actual_2026-08-24
2025-02-05,UK,1.0277835076446418,uk,0,tracker_actual_2026-08-24
2025-02-06,Canada,0.101852625270724,ca,0,tracker_actual_2026-08-24
2025-02-06,China,22.012479520424126,chn,0,tracker_actual_2026-08-24
2025-02-06,EU,1.3065794621829285,eu,0,tracker_actual_2026-08-24
2025-02-06,Free-trade partners,0.4765215933902309,fta,0,tracker_actual_2026-08-24
2025-02-06,Japan,1.5442346868703358,jp,0,tracker_actual_2026-08-24
2025-02-06,Mexico,0.23855628400817702,mx,0,tracker_actual_2026-08-24
2025-02-06,Rest of World,2.6888500600499956,row,0,tracker_actual_2026-08-24
2025-02-06,UK,1.0277835076446418,uk,0,tracker_actual_2026-08-24
2025-02-07,Canada,0.101852625270724,ca,0,tracker_actual_2026-08-24
2025-02-07,China,22.012479520424126,chn,0,tracker_actual_2026-08-24
2025-02-07,EU,1.3065794621829285,eu,0,tracker_actual_2026-08-24
2025-02-07,Free-trade partners,0.4765215933902309,fta,0,tracker_actual_2026-08-24
2025-02-07,Japan,1.5442346868703358,jp,0,tracker_actual_2026-08-24
2025-02-07,Mexico,0.23855628400817702,mx,0,tracker_actual_2026-08-24
2025-02-07,Rest of World,2.6888500600499956,row,0,tracker_actual_2026-08-24
2025-02-07,UK,1.0277835076446418,uk,0,tracker_actual_2026-08-24
2025-02-08,Canada,0.101852625270724,ca,0,tracker_actual_2026-08-24
2025-02-08,China,22.012479520424126,chn,0,tracker_actual_2026-08-24
2025-02-08,EU,1.3065794621829285,eu,0,tracker_actual_2026-08-24
2025-02-08,Free-trade partners,0.4765215933902309,fta,0,tracker_actual_2026-08-24
2025-02-08,Japan,1.5442346868703358,jp,0,tracker_actual_2026-08-24
2025-02-08,Mexico,0.23855628400817702,mx,0,tracker_actual_2026-08-24
2025-02-08,Rest of World,2.6888500600499956,row,0,tracker_actual_2026-08-24
2025-02-08,UK,1.0277835076446418,uk,0,tracker_actual_2026-08-24
2025-02-09,Canada,0.101852625270724,ca,0,tracker_actual_2026-08-24
2025-02-09,China,22.012479520424126,chn,0,tracker_actual_2026-08-24
2025-02-09,EU,1.3065794621829285,eu,0,tracker_actual_2026-08-24
2025-02-09,Free-trade partners,0.4765215933902309,fta,0,tracker_actual_2026-08-24
2025-02-09,Japan,1.5442346868703358,jp,0,tracker_actual_2026-08-24
2025-02-09,Mexico,0.23855628400817702,mx,0,tracker_actual_2026-08-24
2025-02-09,Rest of World,2.6888500600499956,row,0,tracker_actual_2026-08-24
2025-02-09,UK,1.0277835076446418,uk,0,tracker_actual_2026-08-24
2025-02-10,Canada,0.101852625270724,ca,0,tracker_actual_2026-08-24
2025-02-10,China,22.012479520424126,chn,0,tracker_actual_2026-08-24
2025-02-10,EU,1.3065794621829285,eu,0,tracker_actual_2026-08-24
2025-02-10,Free-trade partners,0.4765215933902309,fta,0,tracker_actual_2026-08-24
2025-02-10,Japan,1.5442346868703358,jp,0,tracker_actual_2026-08-24
2025-02-10,Mexico,0.23855628400817702,mx,0,tracker_actual_2026-08-24
2025-02-10,Rest of World,2.6888500600499956,row,0,tracker_actual_2026-08-24
2025-02-10,UK,1.0277835076446418,uk,0,tracker_actual_2026-08-24
2025-02-11,Canada,0.101852625270724,ca,0,tracker_actual_2026-08-24
2025-02-11,China,22.012479520424126,chn,0,tracker_actual_2026-08-24
2025-02-11,EU,1.3065794621829285,eu,0,tracker_actual_2026-08-24
2025-02-11,Free-trade partners,0.4765215933902309,fta,0,tracker_actual_2026-08-24
2025-02-11,Japan,1.5442346868703358,jp,0,tracker_actual_2026-08-24
2025-02-11,Mexico,0.23855628400817702,mx,0,tracker_actual_2026-08-24
2025-02-11,Rest of World,2.6888500600499956,row,0,tracker_actual_2026-08-24
2025-02-11,UK,1.0277835076446418,uk,0,tracker_actual_2026-08-24
2025-02-12,Canada,0.101852625270724,ca,0,tracker_actual_2026-08-24
2025-02-12,China,22.012479520424126,chn,0,tracker_actual_2026-08-24
2025-02-12,EU,1.3065794621829285,eu,0,tracker_actual_2026-08-24
2025-02-12,Free-trade partners,0.4765215933902309,fta,0,tracker_actual_2026-08-24
2025-02-12,Japan,1.5442346868703358,jp,0,tracker_actual_2026-08-24
2025-02-12,Mexico,0.23855628400817702,mx,0,tracker_actual_2026-08-24
2025-02-12,Rest of World,2.6888500600499956,row,0,tracker_actual_2026-08-24
2025-02-12,UK,1.0277835076446418,uk,0,tracker_actual_2026-08-24
2025-02-13,Canada,0.101852625270724,ca,0,tracker_actual_2026-08-24
2025-02-13,China,22.012479520424126,chn,0,tracker_actual_2026-08-24
2025-02-13,EU,1.3065794621829285,eu,0,tracker_actual_2026-08-24
2025-02-13,Free-trade partners,0.4765215933902309,fta,0,tracker_actual_2026-08-24
2025-02-13,Japan,1.5442346868703358,jp,0,tracker_actual_2026-08-24
2025-02-13,Mexico,0.23855628400817702,mx,0,tracker_actual_2026-08-24
2025-02-13,Rest of World,2.6888500600499956,row,0,tracker_actual_2026-08-24
2025-02-13,UK,1.0277835076446418,uk,0,tracker_actual_2026-08-24
2025-02-14,Canada,0.101852625270724,ca,0,tracker_actual_2026-08-24
2025-02-14,China,22.012479520424126,chn,0,tracker_actual_2026-08-24
2025-02-14,EU,1.3065794621829285,eu,0,tracker_actual_2026-08-24
2025-02-14,Free-trade partners,0.4765215933902309,fta,0,tracker_actual_2026-08-24
2025-02-14,Japan,1.5442346868703358,jp,0,tracker_actual_2026-08-24
2025-02-14,Mexico,0.23855628400817702,mx,0,tracker_actual_2026-08-24
2025-02-14,Rest of World,2.6888500600499956,row,0,tracker_actual_2026-08-24
2025-02-14,UK,1.0277835076446418,uk,0,tracker_actual_2026-08-24
2025-02-15,Canada,0.101852625270724,ca,0,tracker_actual_2026-08-24
2025-02-15,China,22.012479520424126,chn,0,tracker_actual_2026-08-24
2025-02-15,EU,1.3065794621829285,eu,0,tracker_actual_2026-08-24
2025-02-15,Free-trade partners,0.4765215933902309,fta,0,tracker_actual_2026-08-24
2025-02-15,Japan,1.5442346868703358,jp,0,tracker_actual_2026-08-24
2025-02-15,Mexico,0.23855628400817702,mx,0,tracker_actual_2026-08-24
2025-02-15,Rest of World,2.6888500600499956,row,0,tracker_actual_2026-08-24
2025-02-15,UK,1.0277835076446418,uk,0,tracker_actual_2026-08-24
2025-02-16,Canada,0.101852625270724,ca,0,tracker_actual_2026-08-24
2025-02-16,China,22.012479520424126,chn,0,tracker_actual_2026-08-24
2025-02-16,EU,1.3065794621829285,eu,0,tracker_actual_2026-08-24
2025-02-16,Free-trade partners,0.4765215933902309,fta,0,tracker_actual_2026-08-24
2025-02-16,Japan,1.5442346868703358,jp,0,tracker_actual_2026-08-24
2025-02-16,Mexico,0.23855628400817702,mx,0,tracker_actual_2026-08-24
2025-02-16,Rest of World,2.6888500600499956,row,0,tracker_actual_2026-08-24
2025-02-16,UK,1.0277835076446418,uk,0,tracker_actual_2026-08-24
2025-02-17,Canada,0.101852625270724,ca,0,tracker_actual_2026-08-24
2025-02-17,China,22.012479520424126,chn,0,tracker_actual_2026-08-24
2025-02-17,EU,1.3065794621829285,eu,0,tracker_actual_2026-08-24
2025-02-17,Free-trade partners,0.4765215933902309,fta,0,tracker_actual_2026-08-24
2025-02-17,Japan,1.5442346868703358,jp,0,tracker_actual_2026-08-24
2025-02-17,Mexico,0.23855628400817702,mx,0,tracker_actual_2026-08-24
2025-02-17,Rest of World,2.6888500600499956,row,0,tracker_actual_2026-08-24
2025-02-17,UK,1.0277835076446418,uk,0,tracker_actual_2026-08-24
2025-02-18,Canada,0.101852625270724,ca,0,tracker_actual_2026-08-24
2025-02-18,China,22.012479520424126,chn,0,tracker_actual_2026-08-24
2025-02-18,EU,1.3065794621829285,eu,0,tracker_actual_2026-08-24
2025-02-18,Free-trade partners,0.4765215933902309,fta,0,tracker_actual_2026-08-24
2025-02-18,Japan,1.5442346868703358,jp,0,tracker_actual_2026-08-24
2025-02-18,Mexico,0.23855628400817702,mx,0,tracker_actual_2026-08-24
2025-02-18,Rest of World,2.6888500600499956,row,0,tracker_actual_2026-08-24
2025-02-18,UK,1.0277835076446418,uk,0,tracker_actual_2026-08-24
2025-02-19,Canada,0.101852625270724,ca,0,tracker_actual_2026-08-24
2025-02-19,China,22.012479520424126,chn,0,tracker_actual_2026-08-24
2025-02-19,EU,1.3065794621829285,eu,0,tracker_actual_2026-08-24
2025-02-19,Free-trade partners,0.4765215933902309,fta,0,tracker_actual_2026-08-24
2025-02-19,Japan,1.5442346868703358,jp,0,tracker_actual_2026-08-24
2025-02-19,Mexico,0.23855628400817702,mx,0,tracker_actual_2026-08-24
2025-02-19,Rest of World,2.6888500600499956,row,0,tracker_actual_2026-08-24
2025-02-19,UK,1.0277835076446418,uk,0,tracker_actual_2026-08-24
2025-02-20,Canada,0.101852625270724,ca,0,tracker_actual_2026-08-24
2025-02-20,China,22.012479520424126,chn,0,tracker_actual_2026-08-24
2025-02-20,EU,1.3065794621829285,eu,0,tracker_actual_2026-08-24
2025-02-20,Free-trade partners,0.4765215933902309,fta,0,tracker_actual_2026-08-24
2025-02-20,Japan,1.5442346868703358,jp,0,tracker_actual_2026-08-24
2025-02-20,Mexico,0.23855628400817702,mx,0,tracker_actual_2026-08-24
2025-02-20,Rest of World,2.6888500600499956,row,0,tracker_actual_2026-08-24
2025-02-20,UK,1.0277835076446418,uk,0,tracker_actual_2026-08-24
2025-02-21,Canada,0.101852625270724,ca,0,tracker_actual_2026-08-24
2025-02-21,China,22.012479520424126,chn,0,tracker_actual_2026-08-24
2025-02-21,EU,1.3065794621829285,eu,0,tracker_actual_2026-08-24
2025-02-21,Free-trade partners,0.4765215933902309,fta,0,tracker_actual_2026-08-24
2025-02-21,Japan,1.5442346868703358,jp,0,tracker_actual_2026-08-24
2025-02-21,Mexico,0.23855628400817702,mx,0,tracker_actual_2026-08-24
2025-02-21,Rest of World,2.6888500600499956,row,0,tracker_actual_2026-08-24
2025-02-21,UK,1.0277835076446418,uk,0,tracker_actual_2026-08-24
2025-02-22,Canada,0.101852625270724,ca,0,tracker_actual_2026-08-24
2025-02-22,China,22.012479520424126,chn,0,tracker_actual_2026-08-24
2025-02-22,EU,1.3065794621829285,eu,0,tracker_actual_2026-08-24
2025-02-22,Free-trade partners,0.4765215933902309,fta,0,tracker_actual_2026-08-24
2025-02-22,Japan,1.5442346868703358,jp,0,tracker_actual_2026-08-24
2025-02-22,Mexico,0.23855628400817702,mx,0,tracker_actual_2026-08-24
2025-02-22,Rest of World,2.6888500600499956,row,0,tracker_actual_2026-08-24
2025-02-22,UK,1.0277835076446418,uk,0,tracker_actual_2026-08-24
2025-02-23,Canada,0.101852625270724,ca,0,tracker_actual_2026-08-24
2025-02-23,China,22.012479520424126,chn,0,tracker_actual_2026-08-24
2025-02-23,EU,1.3065794621829285,eu,0,tracker_actual_2026-08-24
2025-02-23,Free-trade partners,0.4765215933902309,fta,0,tracker_actual_2026-08-24
2025-02-23,Japan,1.5442346868703358,jp,0,tracker_actual_2026-08-24
2025-02-23,Mexico,0.23855628400817702,mx,0,tracker_actual_2026-08-24
2025-02-23,Rest of World,2.6888500600499956,row,0,tracker_actual_2026-08-24
2025-02-23,UK,1.0277835076446418,uk,0,tracker_actual_2026-08-24
2025-02-24,Canada,0.101852625270724,ca,0,tracker_actual_2026-08-24
2025-02-24,China,22.012479520424126,chn,0,tracker_actual_2026-08-24
2025-02-24,EU,1.3065794621829285,eu,0,tracker_actual_2026-08-24
2025-02-24,Free-trade partners,0.4765215933902309,fta,0,tracker_actual_2026-08-24
2025-02-24,Japan,1.5442346868703358,jp,0,tracker_actual_2026-08-24
2025-02-24,Mexico,0.23855628400817702,mx,0,tracker_actual_2026-08-24
2025-02-24,Rest of World,2.6888500600499956,row,0,tracker_actual_2026-08-24
2025-02-24,UK,1.0277835076446418,uk,0,tracker_actual_2026-08-24
2025-02-25,Canada,0.101852625270724,ca,0,tracker_actual_2026-08-24
2025-02-25,China,22.012479520424126,chn,0,tracker_actual_2026-08-24
2025-02-25,EU,1.3065794621829285,eu,0,tracker_actual_2026-08-24
2025-02-25,Free-trade partners,0.4765215933902309,fta,0,tracker_actual_2026-08-24
2025-02-25,Japan,1.5442346868703358,jp,0,tracker_actual_2026-08-24
2025-02-25,Mexico,0.23855628400817702,mx,0,tracker_actual_2026-08-24
2025-02-25,Rest of World,2.6888500600499956,row,0,tracker_actual_2026-08-24
2025-02-25,UK,1.0277835076446418,uk,0,tracker_actual_2026-08-24
2025-02-26,Canada,0.101852625270724,ca,0,tracker_actual_2026-08-24
2025-02-26,China,22.012479520424126,chn,0,tracker_actual_2026-08-24
2025-02-26,EU,1.3065794621829285,eu,0,tracker_actual_2026-08-24
2025-02-26,Free-trade partners,0.4765215933902309,fta,0,tracker_actual_2026-08-24
2025-02-26,Japan,1.5442346868703358,jp,0,tracker_actual_2026-08-24
2025-02-26,Mexico,0.23855628400817702,mx,0,tracker_actual_2026-08-24
2025-02-26,Rest of World,2.6888500600499956,row,0,tracker_actual_2026-08-24
2025-02-26,UK,1.0277835076446418,uk,0,tracker_actual_2026-08-24
2025-02-27,Canada,0.101852625270724,ca,0,tracker_actual_2026-08-24
2025-02-27,China,22.012479520424126,chn,0,tracker_actual_2026-08-24
2025-02-27,EU,1.3065794621829285,eu,0,tracker_actual_2026-08-24
2025-02-27,Free-trade partners,0.4765215933902309,fta,0,tracker_actual_2026-08-24
2025-02-27,Japan,1.5442346868703358,jp,0,tracker_actual_2026-08-24
2025-02-27,Mexico,0.23855628400817702,mx,0,tracker_actual_2026-08-24
2025-02-27,Rest of World,2.6888500600499956,row,0,tracker_actual_2026-08-24
2025-02-27,UK,1.0277835076446418,uk,0,tracker_actual_2026-08-24
2025-02-28,Canada,0.101852625270724,ca,0,tracker_actual_2026-08-24
2025-02-28,China,22.012479520424126,chn,0,tracker_actual_2026-08-24
2025-02-28,EU,1.3065794621829285,eu,0,tracker_actual_2026-08-24
2025-02-28,Free-trade partners,0.4765215933902309,fta,0,tracker_actual_2026-08-24
2025-02-28,Japan,1.5442346868703358,jp,0,tracker_actual_2026-08-24
2025-02-28,Mexico,0.23855628400817702,mx,0,tracker_actual_2026-08-24
2025-02-28,Rest of World,2.6888500600499956,row,0,tracker_actual_2026-08-24
2025-02-28,UK,1.0277835076446418,uk,0,tracker_actual_2026-08-24
2025-03-01,Canada,0.101852625270724,ca,0,tracker_actual_2026-08-24
2025-03-01,China,22.012479520424126,chn,0,tracker_actual_2026-08-24
2025-03-01,EU,1.3065794621829285,eu,0,tracker_actual_2026-08-24
2025-03-01,Free-trade partners,0.4765215933902309,fta,0,tracker_actual_2026-08-24
2025-03-01,Japan,1.5442346868703358,jp,0,tracker_actual_2026-08-24
2025-03-01,Mexico,0.23855628400817702,mx,0,tracker_actual_2026-08-24
2025-03-01,Rest of World,2.6888500600499956,row,0,tracker_actual_2026-08-24
2025-03-01,UK,1.0277835076446418,uk,0,tracker_actual_2026-08-24
2025-03-02,Canada,0.101852625270724,ca,0,tracker_actual_2026-08-24
2025-03-02,China,22.012479520424126,chn,0,tracker_actual_2026-08-24
2025-03-02,EU,1.3065794621829285,eu,0,tracker_actual_2026-08-24
2025-03-02,Free-trade partners,0.4765215933902309,fta,0,tracker_actual_2026-08-24
2025-03-02,Japan,1.5442346868703358,jp,0,tracker_actual_2026-08-24
2025-03-02,Mexico,0.23855628400817702,mx,0,tracker_actual_2026-08-24
2025-03-02,Rest of World,2.6888500600499956,row,0,tracker_actual_2026-08-24
2025-03-02,UK,1.0277835076446418,uk,0,tracker_actual_2026-08-24
2025-03-03,Canada,0.101852625270724,ca,0,tracker_actual_2026-08-24
2025-03-03,China,22.012479520424126,chn,0,tracker_actual_2026-08-24
2025-03-03,EU,1.3065794621829285,eu,0,tracker_actual_2026-08-24
2025-03-03,Free-trade partners,0.4765215933902309,fta,0,tracker_actual_2026-08-24
2025-03-03,Japan,1.5442346868703358,jp,0,tracker_actual_2026-08-24
2025-03-03,Mexico,0.23855628400817702,mx,0,tracker_actual_2026-08-24
2025-03-03,Rest of World,2.6888500600499956,row,0,tracker_actual_2026-08-24
2025-03-03,UK,1.0277835076446418,uk,0,tracker_actual_2026-08-24
2025-03-04,Canada,1.686196068903614,ca,0,tracker_actual_2026-08-24
2025-03-04,China,32.01247952042413,chn,0,tracker_actual_2026-08-24
2025-03-04,EU,1.3065794621829285,eu,0,tracker_actual_2026-08-24
2025-03-04,Free-trade partners,0.4765215933902309,fta,0,tracker_actual_2026-08-24
2025-03-04,Japan,1.5442346868703358,jp,0,tracker_actual_2026-08-24
2025-03-04,Mexico,3.050459293631754,mx,0,tracker_actual_2026-08-24
2025-03-04,Rest of World,2.7297635739678774,row,0,tracker_actual_2026-08-24
2025-03-04,UK,1.0277835076446418,uk,0,tracker_actual_2026-08-24
2025-03-05,Canada,1.686196068903614,ca,0,tracker_actual_2026-08-24
2025-03-05,China,32.01247952042413,chn,0,tracker_actual_2026-08-24
2025-03-05,EU,1.3065794621829285,eu,0,tracker_actual_2026-08-24
2025-03-05,Free-trade partners,0.4765215933902309,fta,0,tracker_actual_2026-08-24
2025-03-05,Japan,1.5442346868703358,jp,0,tracker_actual_2026-08-24
2025-03-05,Mexico,3.050459293631754,mx,0,tracker_actual_2026-08-24
2025-03-05,Rest of World,2.7297635739678774,row,0,tracker_actual_2026-08-24
2025-03-05,UK,1.0277835076446418,uk,0,tracker_actual_2026-08-24
2025-03-06,Canada,1.686196068903614,ca,0,tracker_actual_2026-08-24
2025-03-06,China,32.01247952042413,chn,0,tracker_actual_2026-08-24
2025-03-06,EU,1.3065794621829285,eu,0,tracker_actual_2026-08-24
2025-03-06,Free-trade partners,0.4765215933902309,fta,0,tracker_actual_2026-08-24
2025-03-06,Japan,1.5442346868703358,jp,0,tracker_actual_2026-08-24
2025-03-06,Mexico,3.050459293631754,mx,0,tracker_actual_2026-08-24
2025-03-06,Rest of World,2.7297635739678774,row,0,tracker_actual_2026-08-24
2025-03-06,UK,1.0277835076446418,uk,0,tracker_actual_2026-08-24
2025-03-07,Canada,1.688075725463933,ca,0,tracker_actual_2026-08-24
2025-03-07,China,32.04166631588683,chn,0,tracker_actual_2026-08-24
2025-03-07,EU,1.3070160957349464,eu,0,tracker_actual_2026-08-24
2025-03-07,Free-trade partners,0.5280465406108266,fta,0,tracker_actual_2026-08-24
2025-03-07,Japan,1.5442761085108507,jp,0,tracker_actual_2026-08-24
2025-03-07,Mexico,3.051540536018103,mx,0,tracker_actual_2026-08-24
2025-03-07,Rest of World,2.783936049773457,row,0,tracker_actual_2026-08-24
2025-03-07,UK,1.027817903315356,uk,0,tracker_actual_2026-08-24
2025-03-08,Canada,1.688075725463933,ca,0,tracker_actual_2026-08-24
2025-03-08,China,32.04166631588683,chn,0,tracker_actual_2026-08-24
2025-03-08,EU,1.3070160957349464,eu,0,tracker_actual_2026-08-24
2025-03-08,Free-trade partners,0.5280465406108266,fta,0,tracker_actual_2026-08-24
2025-03-08,Japan,1.5442761085108507,jp,0,tracker_actual_2026-08-24
2025-03-08,Mexico,3.051540536018103,mx,0,tracker_actual_2026-08-24
2025-03-08,Rest of World,2.783936049773457,row,0,tracker_actual_2026-08-24
2025-03-08,UK,1.027817903315356,uk,0,tracker_actual_2026-08-24
2025-03-09,Canada,1.688075725463933,ca,0,tracker_actual_2026-08-24
2025-03-09,China,32.04166631588683,chn,0,tracker_actual_2026-08-24
2025-03-09,EU,1.3070160957349464,eu,0,tracker_actual_2026-08-24
2025-03-09,Free-trade partners,0.5280465406108266,fta,0,tracker_actual_2026-08-24
2025-03-09,Japan,1.5442761085108507,jp,0,tracker_actual_2026-08-24
2025-03-09,Mexico,3.051540536018103,mx,0,tracker_actual_2026-08-24
2025-03-09,Rest of World,2.783936049773457,row,0,tracker_actual_2026-08-24
2025-03-09,UK,1.027817903315356,uk,0,tracker_actual_2026-08-24
2025-03-10,Canada,1.688075725463933,ca,0,tracker_actual_2026-08-24
2025-03-10,China,32.04166631588683,chn,0,tracker_actual_2026-08-24
2025-03-10,EU,1.3070160957349464,eu,0,tracker_actual_2026-08-24
2025-03-10,Free-trade partners,0.5280465406108266,fta,0,tracker_actual_2026-08-24
2025-03-10,Japan,1.5442761085108507,jp,0,tracker_actual_2026-08-24
2025-03-10,Mexico,3.051540536018103,mx,0,tracker_actual_2026-08-24
2025-03-10,Rest of World,2.783936049773457,row,0,tracker_actual_2026-08-24
2025-03-10,UK,1.027817903315356,uk,0,tracker_actual_2026-08-24
2025-03-11,Canada,1.688075725463933,ca,0,tracker_actual_2026-08-24
2025-03-11,China,32.04166631588683,chn,0,tracker_actual_2026-08-24
2025-03-11,EU,1.3070160957349464,eu,0,tracker_actual_2026-08-24
2025-03-11,Free-trade partners,0.5280465406108266,fta,0,tracker_actual_2026-08-24
2025-03-11,Japan,1.5442761085108507,jp,0,tracker_actual_2026-08-24
2025-03-11,Mexico,3.051540536018103,mx,0,tracker_actual_2026-08-24
2025-03-11,Rest of World,2.783936049773457,row,0,tracker_actual_2026-08-24
2025-03-11,UK,1.027817903315356,uk,0,tracker_actual_2026-08-24
2025-03-12,Canada,3.057357299696399,ca,1,tracker_actual_2026-08-24
2025-03-12,China,32.884993186025035,chn,1,tracker_actual_2026-08-24
2025-03-12,EU,2.002502286570915,eu,1,tracker_actual_2026-08-24
2025-03-12,Free-trade partners,1.2004594805544422,fta,1,tracker_actual_2026-08-24
2025-03-12,Japan,2.106253549788308,jp,1,tracker_actual_2026-08-24
2025-03-12,Mexico,3.603149279388936,mx,1,tracker_actual_2026-08-24
2025-03-12,Rest of World,3.2621984086169147,row,1,tracker_actual_2026-08-24
2025-03-12,UK,1.5243315041814138,uk,1,tracker_actual_2026-08-24
2025-03-13,Canada,3.057357299696399,ca,1,tracker_actual_2026-08-24
2025-03-13,China,32.884993186025035,chn,1,tracker_actual_2026-08-24
2025-03-13,EU,2.002502286570915,eu,1,tracker_actual_2026-08-24
2025-03-13,Free-trade partners,1.2004594805544422,fta,1,tracker_actual_2026-08-24
2025-03-13,Japan,2.106253549788308,jp,1,tracker_actual_2026-08-24
2025-03-13,Mexico,3.603149279388936,mx,1,tracker_actual_2026-08-24
2025-03-13,Rest of World,3.2621984086169147,row,1,tracker_actual_2026-08-24
2025-03-13,UK,1.5243315041814138,uk,1,tracker_actual_2026-08-24
2025-03-14,Canada,3.057357299696399,ca,0,tracker_actual_2026-08-24
2025-03-14,China,32.884993186025035,chn,0,tracker_actual_2026-08-24
2025-03-14,EU,2.002502286570915,eu,0,tracker_actual_2026-08-24
2025-03-14,Free-trade partners,1.2004594805544422,fta,0,tracker_actual_2026-08-24
2025-03-14,Japan,2.106253549788308,jp,0,tracker_actual_2026-08-24
2025-03-14,Mexico,3.603149279388936,mx,0,tracker_actual_2026-08-24
2025-03-14,Rest of World,3.2621984086169147,row,0,tracker_actual_2026-08-24
2025-03-14,UK,1.5243315041814138,uk,0,tracker_actual_2026-08-24
2025-03-15,Canada,3.057357299696399,ca,0,tracker_actual_2026-08-24
2025-03-15,China,32.884993186025035,chn,0,tracker_actual_2026-08-24
2025-03-15,EU,2.002502286570915,eu,0,tracker_actual_2026-08-24
2025-03-15,Free-trade partners,1.2004594805544422,fta,0,tracker_actual_2026-08-24
2025-03-15,Japan,2.106253549788308,jp,0,tracker_actual_2026-08-24
2025-03-15,Mexico,3.603149279388936,mx,0,tracker_actual_2026-08-24
2025-03-15,Rest of World,3.2621984086169147,row,0,tracker_actual_2026-08-24
2025-03-15,UK,1.5243315041814138,uk,0,tracker_actual_2026-08-24
2025-03-16,Canada,3.057357299696399,ca,0,tracker_actual_2026-08-24
2025-03-16,China,32.884993186025035,chn,0,tracker_actual_2026-08-24
2025-03-16,EU,2.002502286570915,eu,0,tracker_actual_2026-08-24
2025-03-16,Free-trade partners,1.2004594805544422,fta,0,tracker_actual_2026-08-24
2025-03-16,Japan,2.106253549788308,jp,0,tracker_actual_2026-08-24
2025-03-16,Mexico,3.603149279388936,mx,0,tracker_actual_2026-08-24
2025-03-16,Rest of World,3.2621984086169147,row,0,tracker_actual_2026-08-24
2025-03-16,UK,1.5243315041814138,uk,0,tracker_actual_2026-08-24
2025-03-17,Canada,3.057357299696399,ca,0,tracker_actual_2026-08-24
2025-03-17,China,32.884993186025035,chn,0,tracker_actual_2026-08-24
2025-03-17,EU,2.002502286570915,eu,0,tracker_actual_2026-08-24
2025-03-17,Free-trade partners,1.2004594805544422,fta,0,tracker_actual_2026-08-24
2025-03-17,Japan,2.106253549788308,jp,0,tracker_actual_2026-08-24
2025-03-17,Mexico,3.603149279388936,mx,0,tracker_actual_2026-08-24
2025-03-17,Rest of World,3.2621984086169147,row,0,tracker_actual_2026-08-24
2025-03-17,UK,1.5243315041814138,uk,0,tracker_actual_2026-08-24
2025-03-18,Canada,3.057357299696399,ca,0,tracker_actual_2026-08-24
2025-03-18,China,32.884993186025035,chn,0,tracker_actual_2026-08-24
2025-03-18,EU,2.002502286570915,eu,0,tracker_actual_2026-08-24
2025-03-18,Free-trade partners,1.2004594805544422,fta,0,tracker_actual_2026-08-24
2025-03-18,Japan,2.106253549788308,jp,0,tracker_actual_2026-08-24
2025-03-18,Mexico,3.603149279388936,mx,0,tracker_actual_2026-08-24
2025-03-18,Rest of World,3.2621984086169147,row,0,tracker_actual_2026-08-24
2025-03-18,UK,1.5243315041814138,uk,0,tracker_actual_2026-08-24
2025-03-19,Canada,3.057357299696399,ca,0,tracker_actual_2026-08-24
2025-03-19,China,32.884993186025035,chn,0,tracker_actual_2026-08-24
2025-03-19,EU,2.002502286570915,eu,0,tracker_actual_2026-08-24
2025-03-19,Free-trade partners,1.2004594805544422,fta,0,tracker_actual_2026-08-24
2025-03-19,Japan,2.106253549788308,jp,0,tracker_actual_2026-08-24
2025-03-19,Mexico,3.603149279388936,mx,0,tracker_actual_2026-08-24
2025-03-19,Rest of World,3.2621984086169147,row,0,tracker_actual_2026-08-24
2025-03-19,UK,1.5243315041814138,uk,0,tracker_actual_2026-08-24
2025-03-20,Canada,3.057357299696399,ca,0,tracker_actual_2026-08-24
2025-03-20,China,32.884993186025035,chn,0,tracker_actual_2026-08-24
2025-03-20,EU,2.002502286570915,eu,0,tracker_actual_2026-08-24
2025-03-20,Free-trade partners,1.2004594805544422,fta,0,tracker_actual_2026-08-24
2025-03-20,Japan,2.106253549788308,jp,0,tracker_actual_2026-08-24
2025-03-20,Mexico,3.603149279388936,mx,0,tracker_actual_2026-08-24
2025-03-20,Rest of World,3.2621984086169147,row,0,tracker_actual_2026-08-24
2025-03-20,UK,1.5243315041814138,uk,0,tracker_actual_2026-08-24
2025-03-21,Canada,3.057357299696399,ca,0,tracker_actual_2026-08-24
2025-03-21,China,32.884993186025035,chn,0,tracker_actual_2026-08-24
2025-03-21,EU,2.002502286570915,eu,0,tracker_actual_2026-08-24
2025-03-21,Free-trade partners,1.2004594805544422,fta,0,tracker_actual_2026-08-24
2025-03-21,Japan,2.106253549788308,jp,0,tracker_actual_2026-08-24
2025-03-21,Mexico,3.603149279388936,mx,0,tracker_actual_2026-08-24
2025-03-21,Rest of World,3.2621984086169147,row,0,tracker_actual_2026-08-24
2025-03-21,UK,1.5243315041814138,uk,0,tracker_actual_2026-08-24
2025-03-22,Canada,3.057357299696399,ca,0,tracker_actual_2026-08-24
2025-03-22,China,32.884993186025035,chn,0,tracker_actual_2026-08-24
2025-03-22,EU,2.002502286570915,eu,0,tracker_actual_2026-08-24
2025-03-22,Free-trade partners,1.2004594805544422,fta,0,tracker_actual_2026-08-24
2025-03-22,Japan,2.106253549788308,jp,0,tracker_actual_2026-08-24
2025-03-22,Mexico,3.603149279388936,mx,0,tracker_actual_2026-08-24
2025-03-22,Rest of World,3.2621984086169147,row,0,tracker_actual_2026-08-24
2025-03-22,UK,1.5243315041814138,uk,0,tracker_actual_2026-08-24
2025-03-23,Canada,3.057357299696399,ca,0,tracker_actual_2026-08-24
2025-03-23,China,32.884993186025035,chn,0,tracker_actual_2026-08-24
2025-03-23,EU,2.002502286570915,eu,0,tracker_actual_2026-08-24
2025-03-23,Free-trade partners,1.2004594805544422,fta,0,tracker_actual_2026-08-24
2025-03-23,Japan,2.106253549788308,jp,0,tracker_actual_2026-08-24
2025-03-23,Mexico,3.603149279388936,mx,0,tracker_actual_2026-08-24
2025-03-23,Rest of World,3.2621984086169147,row,0,tracker_actual_2026-08-24
2025-03-23,UK,1.5243315041814138,uk,0,tracker_actual_2026-08-24
2025-03-24,Canada,3.057357299696399,ca,0,tracker_actual_2026-08-24
2025-03-24,China,32.884993186025035,chn,0,tracker_actual_2026-08-24
2025-03-24,EU,2.002502286570915,eu,0,tracker_actual_2026-08-24
2025-03-24,Free-trade partners,1.2004594805544422,fta,0,tracker_actual_2026-08-24
2025-03-24,Japan,2.106253549788308,jp,0,tracker_actual_2026-08-24
2025-03-24,Mexico,3.603149279388936,mx,0,tracker_actual_2026-08-24
2025-03-24,Rest of World,3.2621984086169147,row,0,tracker_actual_2026-08-24
2025-03-24,UK,1.5243315041814138,uk,0,tracker_actual_2026-08-24
2025-03-25,Canada,3.057357299696399,ca,0,tracker_actual_2026-08-24
2025-03-25,China,32.884993186025035,chn,0,tracker_actual_2026-08-24
2025-03-25,EU,2.002502286570915,eu,0,tracker_actual_2026-08-24
2025-03-25,Free-trade partners,1.2004594805544422,fta,0,tracker_actual_2026-08-24
2025-03-25,Japan,2.106253549788308,jp,0,tracker_actual_2026-08-24
2025-03-25,Mexico,3.603149279388936,mx,0,tracker_actual_2026-08-24
2025-03-25,Rest of World,3.2621984086169147,row,0,tracker_actual_2026-08-24
2025-03-25,UK,1.5243315041814138,uk,0,tracker_actual_2026-08-24
2025-03-26,Canada,3.057357299696399,ca,0,tracker_actual_2026-08-24
2025-03-26,China,32.884993186025035,chn,0,tracker_actual_2026-08-24
2025-03-26,EU,2.002502286570915,eu,0,tracker_actual_2026-08-24
2025-03-26,Free-trade partners,1.2004594805544422,fta,0,tracker_actual_2026-08-24
2025-03-26,Japan,2.106253549788308,jp,0,tracker_actual_2026-08-24
2025-03-26,Mexico,3.603149279388936,mx,0,tracker_actual_2026-08-24
2025-03-26,Rest of World,3.2621984086169147,row,0,tracker_actual_2026-08-24
2025-03-26,UK,1.5243315041814138,uk,0,tracker_actual_2026-08-24
2025-03-27,Canada,3.057357299696399,ca,0,tracker_actual_2026-08-24
2025-03-27,China,32.884993186025035,chn,0,tracker_actual_2026-08-24
2025-03-27,EU,2.002502286570915,eu,0,tracker_actual_2026-08-24
2025-03-27,Free-trade partners,1.2004594805544422,fta,0,tracker_actual_2026-08-24
2025-03-27,Japan,2.106253549788308,jp,0,tracker_actual_2026-08-24
2025-03-27,Mexico,3.603149279388936,mx,0,tracker_actual_2026-08-24
2025-03-27,Rest of World,3.2621984086169147,row,0,tracker_actual_2026-08-24
2025-03-27,UK,1.5243315041814138,uk,0,tracker_actual_2026-08-24
2025-03-28,Canada,3.057357299696399,ca,0,tracker_actual_2026-08-24
2025-03-28,China,32.884993186025035,chn,0,tracker_actual_2026-08-24
2025-03-28,EU,2.002502286570915,eu,0,tracker_actual_2026-08-24
2025-03-28,Free-trade partners,1.2004594805544422,fta,0,tracker_actual_2026-08-24
2025-03-28,Japan,2.106253549788308,jp,0,tracker_actual_2026-08-24
2025-03-28,Mexico,3.603149279388936,mx,0,tracker_actual_2026-08-24
2025-03-28,Rest of World,3.2621984086169147,row,0,tracker_actual_2026-08-24
2025-03-28,UK,1.5243315041814138,uk,0,tracker_actual_2026-08-24
2025-03-29,Canada,3.057357299696399,ca,0,tracker_actual_2026-08-24
2025-03-29,China,32.884993186025035,chn,0,tracker_actual_2026-08-24
2025-03-29,EU,2.002502286570915,eu,0,tracker_actual_2026-08-24
2025-03-29,Free-trade partners,1.2004594805544422,fta,0,tracker_actual_2026-08-24
2025-03-29,Japan,2.106253549788308,jp,0,tracker_actual_2026-08-24
2025-03-29,Mexico,3.603149279388936,mx,0,tracker_actual_2026-08-24
2025-03-29,Rest of World,3.2621984086169147,row,0,tracker_actual_2026-08-24
2025-03-29,UK,1.5243315041814138,uk,0,tracker_actual_2026-08-24
2025-03-30,Canada,3.057357299696399,ca,0,tracker_actual_2026-08-24
2025-03-30,China,32.884993186025035,chn,0,tracker_actual_2026-08-24
2025-03-30,EU,2.002502286570915,eu,0,tracker_actual_2026-08-24
2025-03-30,Free-trade partners,1.2004594805544422,fta,0,tracker_actual_2026-08-24
2025-03-30,Japan,2.106253549788308,jp,0,tracker_actual_2026-08-24
2025-03-30,Mexico,3.603149279388936,mx,0,tracker_actual_2026-08-24
2025-03-30,Rest of World,3.2621984086169147,row,0,tracker_actual_2026-08-24
2025-03-30,UK,1.5243315041814138,uk,0,tracker_actual_2026-08-24
2025-03-31,Canada,3.057357299696399,ca,0,tracker_actual_2026-08-24
2025-03-31,China,32.884993186025035,chn,0,tracker_actual_2026-08-24
2025-03-31,EU,2.002502286570915,eu,0,tracker_actual_2026-08-24
2025-03-31,Free-trade partners,1.2004594805544422,fta,0,tracker_actual_2026-08-24
2025-03-31,Japan,2.106253549788308,jp,0,tracker_actual_2026-08-24
2025-03-31,Mexico,3.603149279388936,mx,0,tracker_actual_2026-08-24
2025-03-31,Rest of World,3.2621984086169147,row,0,tracker_actual_2026-08-24
2025-03-31,UK,1.5243315041814138,uk,0,tracker_actual_2026-08-24
2025-04-01,Canada,3.057357299696399,ca,0,tracker_actual_2026-08-24
2025-04-01,China,32.884993186025035,chn,0,tracker_actual_2026-08-24
2025-04-01,EU,2.002502286570915,eu,0,tracker_actual_2026-08-24
2025-04-01,Free-trade partners,1.2004594805544422,fta,0,tracker_actual_2026-08-24
2025-04-01,Japan,2.106253549788308,jp,0,tracker_actual_2026-08-24
2025-04-01,Mexico,3.603149279388936,mx,0,tracker_actual_2026-08-24
2025-04-01,Rest of World,3.2621984086169147,row,0,tracker_actual_2026-08-24
2025-04-01,UK,1.5243315041814138,uk,0,tracker_actual_2026-08-24
2025-04-02,Canada,3.057357299696399,ca,0,tracker_actual_2026-08-24
2025-04-02,China,32.884993186025035,chn,0,tracker_actual_2026-08-24
2025-04-02,EU,2.002502286570915,eu,0,tracker_actual_2026-08-24
2025-04-02,Free-trade partners,1.2004594805544422,fta,0,tracker_actual_2026-08-24
2025-04-02,Japan,2.106253549788308,jp,0,tracker_actual_2026-08-24
2025-04-02,Mexico,3.603149279388936,mx,0,tracker_actual_2026-08-24
2025-04-02,Rest of World,3.2621984086169147,row,0,tracker_actual_2026-08-24
2025-04-02,UK,1.5243315041814138,uk,0,tracker_actual_2026-08-24
2025-04-03,Canada,4.201539908937141,ca,0,tracker_actual_2026-08-24
2025-04-03,China,33.02180603772613,chn,0,tracker_actual_2026-08-24
2025-04-03,EU,4.148669394852446,eu,0,tracker_actual_2026-08-24
2025-04-03,Free-trade partners,4.240111429702015,fta,0,tracker_actual_2026-08-24
2025-04-03,Japan,8.93945124891406,jp,0,tracker_actual_2026-08-24
2025-04-03,Mexico,5.697861498281293,mx,0,tracker_actual_2026-08-24
2025-04-03,Rest of World,3.354849364403212,row,0,tracker_actual_2026-08-24
2025-04-03,UK,5.557522526630847,uk,0,tracker_actual_2026-08-24
2025-04-04,Canada,4.201539908937141,ca,0,tracker_actual_2026-08-24
2025-04-04,China,33.02180603772613,chn,0,tracker_actual_2026-08-24
2025-04-04,EU,4.148669394852446,eu,0,tracker_actual_2026-08-24
2025-04-04,Free-trade partners,4.240111429702015,fta,0,tracker_actual_2026-08-24
2025-04-04,Japan,8.93945124891406,jp,0,tracker_actual_2026-08-24
2025-04-04,Mexico,5.697861498281293,mx,0,tracker_actual_2026-08-24
2025-04-04,Rest of World,3.354849364403212,row,0,tracker_actual_2026-08-24
2025-04-04,UK,5.557522526630847,uk,0,tracker_actual_2026-08-24
2025-04-05,Canada,4.201774737129041,ca,0,tracker_actual_2026-08-24
2025-04-05,China,56.06108700137747,chn,0,tracker_actual_2026-08-24
2025-04-05,EU,9.394337148788521,eu,0,tracker_actual_2026-08-24
2025-04-05,Free-trade partners,9.4575447289517,fta,0,tracker_actual_2026-08-24
2025-04-05,Japan,14.519864797844479,jp,0,tracker_actual_2026-08-24
2025-04-05,Mexico,5.714390251906906,mx,0,tracker_actual_2026-08-24
2025-04-05,Rest of World,9.056148478442474,row,0,tracker_actual_2026-08-24
2025-04-05,UK,10.96075175989466,uk,0,tracker_actual_2026-08-24
2025-04-06,Canada,4.201774737129041,ca,0,tracker_actual_2026-08-24
2025-04-06,China,56.06108700137747,chn,0,tracker_actual_2026-08-24
2025-04-06,EU,9.394337148788521,eu,0,tracker_actual_2026-08-24
2025-04-06,Free-trade partners,9.4575447289517,fta,0,tracker_actual_2026-08-24
2025-04-06,Japan,14.519864797844479,jp,0,tracker_actual_2026-08-24
2025-04-06,Mexico,5.714390251906906,mx,0,tracker_actual_2026-08-24
2025-04-06,Rest of World,9.056148478442474,row,0,tracker_actual_2026-08-24
2025-04-06,UK,10.96075175989466,uk,0,tracker_actual_2026-08-24
2025-04-07,Canada,4.201774737129041,ca,0,tracker_actual_2026-08-24
2025-04-07,China,56.06108700137747,chn,0,tracker_actual_2026-08-24
2025-04-07,EU,9.394337148788521,eu,0,tracker_actual_2026-08-24
2025-04-07,Free-trade partners,9.4575447289517,fta,0,tracker_actual_2026-08-24
2025-04-07,Japan,14.519864797844479,jp,0,tracker_actual_2026-08-24
2025-04-07,Mexico,5.714390251906906,mx,0,tracker_actual_2026-08-24
2025-04-07,Rest of World,9.056148478442474,row,0,tracker_actual_2026-08-24
2025-04-07,UK,10.96075175989466,uk,0,tracker_actual_2026-08-24
2025-04-08,Canada,4.201774737129041,ca,0,tracker_actual_2026-08-24
2025-04-08,China,56.06108700137747,chn,0,tracker_actual_2026-08-24
2025-04-08,EU,9.394337148788521,eu,0,tracker_actual_2026-08-24
2025-04-08,Free-trade partners,9.4575447289517,fta,0,tracker_actual_2026-08-24
2025-04-08,Japan,14.519864797844479,jp,0,tracker_actual_2026-08-24
2025-04-08,Mexico,5.714390251906906,mx,0,tracker_actual_2026-08-24
2025-04-08,Rest of World,9.056148478442474,row,0,tracker_actual_2026-08-24
2025-04-08,UK,10.96075175989466,uk,0,tracker_actual_2026-08-24
2025-04-09,Canada,4.201774737129041,ca,0,tracker_actual_2026-08-24
2025-04-09,China,89.94236464861507,chn,0,tracker_actual_2026-08-24
2025-04-09,EU,9.394337148788521,eu,0,tracker_actual_2026-08-24
2025-04-09,Free-trade partners,9.4575447289517,fta,0,tracker_actual_2026-08-24
2025-04-09,Japan,14.519864797844479,jp,0,tracker_actual_2026-08-24
2025-04-09,Mexico,5.714390251906906,mx,0,tracker_actual_2026-08-24
2025-04-09,Rest of World,9.240874492842863,row,0,tracker_actual_2026-08-24
2025-04-09,UK,10.96075175989466,uk,0,tracker_actual_2026-08-24
2025-04-10,Canada,4.201774737129041,ca,0,tracker_actual_2026-08-24
2025-04-10,China,117.72501231934989,chn,0,tracker_actual_2026-08-24
2025-04-10,EU,9.394337148788521,eu,0,tracker_actual_2026-08-24
2025-04-10,Free-trade partners,9.4575447289517,fta,0,tracker_actual_2026-08-24
2025-04-10,Japan,14.519864797844479,jp,0,tracker_actual_2026-08-24
2025-04-10,Mexico,5.714390251906906,mx,0,tracker_actual_2026-08-24
2025-04-10,Rest of World,9.378847922213462,row,0,tracker_actual_2026-08-24
2025-04-10,UK,10.96075175989466,uk,0,tracker_actual_2026-08-24
2025-04-11,Canada,4.201774737129041,ca,0,tracker_actual_2026-08-24
2025-04-11,China,117.72501231934989,chn,0,tracker_actual_2026-08-24
2025-04-11,EU,9.394337148788521,eu,0,tracker_actual_2026-08-24
2025-04-11,Free-trade partners,9.4575447289517,fta,0,tracker_actual_2026-08-24
2025-04-11,Japan,14.519864797844479,jp,0,tracker_actual_2026-08-24
2025-04-11,Mexico,5.714390251906906,mx,0,tracker_actual_2026-08-24
2025-04-11,Rest of World,9.378847922213462,row,0,tracker_actual_2026-08-24
2025-04-11,UK,10.96075175989466,uk,0,tracker_actual_2026-08-24
2025-04-12,Canada,4.201774737129041,ca,0,tracker_actual_2026-08-24
2025-04-12,China,117.72501231934989,chn,0,tracker_actual_2026-08-24
2025-04-12,EU,9.394337148788521,eu,0,tracker_actual_2026-08-24
2025-04-12,Free-trade partners,9.4575447289517,fta,0,tracker_actual_2026-08-24
2025-04-12,Japan,14.519864797844479,jp,0,tracker_actual_2026-08-24
2025-04-12,Mexico,5.714390251906906,mx,0,tracker_actual_2026-08-24
2025-04-12,Rest of World,9.378847922213462,row,0,tracker_actual_2026-08-24
2025-04-12,UK,10.96075175989466,uk,0,tracker_actual_2026-08-24
2025-04-13,Canada,4.201774737129041,ca,0,tracker_actual_2026-08-24
2025-04-13,China,117.72501231934989,chn,0,tracker_actual_2026-08-24
2025-04-13,EU,9.394337148788521,eu,0,tracker_actual_2026-08-24
2025-04-13,Free-trade partners,9.4575447289517,fta,0,tracker_actual_2026-08-24
2025-04-13,Japan,14.519864797844479,jp,0,tracker_actual_2026-08-24
2025-04-13,Mexico,5.714390251906906,mx,0,tracker_actual_2026-08-24
2025-04-13,Rest of World,9.378847922213462,row,0,tracker_actual_2026-08-24
2025-04-13,UK,10.96075175989466,uk,0,tracker_actual_2026-08-24
2025-04-14,Canada,4.201774737129041,ca,0,tracker_actual_2026-08-24
2025-04-14,China,117.72501231934989,chn,0,tracker_actual_2026-08-24
2025-04-14,EU,9.394337148788521,eu,0,tracker_actual_2026-08-24
2025-04-14,Free-trade partners,9.4575447289517,fta,0,tracker_actual_2026-08-24
2025-04-14,Japan,14.519864797844479,jp,0,tracker_actual_2026-08-24
2025-04-14,Mexico,5.714390251906906,mx,0,tracker_actual_2026-08-24
2025-04-14,Rest of World,9.378847922213462,row,0,tracker_actual_2026-08-24
2025-04-14,UK,10.96075175989466,uk,0,tracker_actual_2026-08-24
2025-04-15,Canada,4.201774737129041,ca,0,tracker_actual_2026-08-24
2025-04-15,China,117.72501231934989,chn,0,tracker_actual_2026-08-24
2025-04-15,EU,9.394337148788521,eu,0,tracker_actual_2026-08-24
2025-04-15,Free-trade partners,9.4575447289517,fta,0,tracker_actual_2026-08-24
2025-04-15,Japan,14.519864797844479,jp,0,tracker_actual_2026-08-24
2025-04-15,Mexico,5.714390251906906,mx,0,tracker_actual_2026-08-24
2025-04-15,Rest of World,9.378847922213462,row,0,tracker_actual_2026-08-24
2025-04-15,UK,10.96075175989466,uk,0,tracker_actual_2026-08-24
2025-04-16,Canada,4.201774737129041,ca,0,tracker_actual_2026-08-24
2025-04-16,China,117.72501231934989,chn,0,tracker_actual_2026-08-24
2025-04-16,EU,9.394337148788521,eu,0,tracker_actual_2026-08-24
2025-04-16,Free-trade partners,9.4575447289517,fta,0,tracker_actual_2026-08-24
2025-04-16,Japan,14.519864797844479,jp,0,tracker_actual_2026-08-24
2025-04-16,Mexico,5.714390251906906,mx,0,tracker_actual_2026-08-24
2025-04-16,Rest of World,9.378847922213462,row,0,tracker_actual_2026-08-24
2025-04-16,UK,10.96075175989466,uk,0,tracker_actual_2026-08-24
2025-04-17,Canada,4.201774737129041,ca,0,tracker_actual_2026-08-24
2025-04-17,China,117.72501231934989,chn,0,tracker_actual_2026-08-24
2025-04-17,EU,9.394337148788521,eu,0,tracker_actual_2026-08-24
2025-04-17,Free-trade partners,9.4575447289517,fta,0,tracker_actual_2026-08-24
2025-04-17,Japan,14.519864797844479,jp,0,tracker_actual_2026-08-24
2025-04-17,Mexico,5.714390251906906,mx,0,tracker_actual_2026-08-24
2025-04-17,Rest of World,9.378847922213462,row,0,tracker_actual_2026-08-24
2025-04-17,UK,10.96075175989466,uk,0,tracker_actual_2026-08-24
2025-04-18,Canada,4.201774737129041,ca,0,tracker_actual_2026-08-24
2025-04-18,China,117.72501231934989,chn,0,tracker_actual_2026-08-24
2025-04-18,EU,9.394337148788521,eu,0,tracker_actual_2026-08-24
2025-04-18,Free-trade partners,9.4575447289517,fta,0,tracker_actual_2026-08-24
2025-04-18,Japan,14.519864797844479,jp,0,tracker_actual_2026-08-24
2025-04-18,Mexico,5.714390251906906,mx,0,tracker_actual_2026-08-24
2025-04-18,Rest of World,9.378847922213462,row,0,tracker_actual_2026-08-24
2025-04-18,UK,10.96075175989466,uk,0,tracker_actual_2026-08-24
2025-04-19,Canada,4.201774737129041,ca,0,tracker_actual_2026-08-24
2025-04-19,China,117.72501231934989,chn,0,tracker_actual_2026-08-24
2025-04-19,EU,9.394337148788521,eu,0,tracker_actual_2026-08-24
2025-04-19,Free-trade partners,9.4575447289517,fta,0,tracker_actual_2026-08-24
2025-04-19,Japan,14.519864797844479,jp,0,tracker_actual_2026-08-24
2025-04-19,Mexico,5.714390251906906,mx,0,tracker_actual_2026-08-24
2025-04-19,Rest of World,9.378847922213462,row,0,tracker_actual_2026-08-24
2025-04-19,UK,10.96075175989466,uk,0,tracker_actual_2026-08-24
2025-04-20,Canada,4.201774737129041,ca,0,tracker_actual_2026-08-24
2025-04-20,China,117.72501231934989,chn,0,tracker_actual_2026-08-24
2025-04-20,EU,9.394337148788521,eu,0,tracker_actual_2026-08-24
2025-04-20,Free-trade partners,9.4575447289517,fta,0,tracker_actual_2026-08-24
2025-04-20,Japan,14.519864797844479,jp,0,tracker_actual_2026-08-24
2025-04-20,Mexico,5.714390251906906,mx,0,tracker_actual_2026-08-24
2025-04-20,Rest of World,9.378847922213462,row,0,tracker_actual_2026-08-24
2025-04-20,UK,10.96075175989466,uk,0,tracker_actual_2026-08-24
2025-04-21,Canada,4.201774737129041,ca,0,tracker_actual_2026-08-24
2025-04-21,China,117.72501231934989,chn,0,tracker_actual_2026-08-24
2025-04-21,EU,9.394337148788521,eu,0,tracker_actual_2026-08-24
2025-04-21,Free-trade partners,9.4575447289517,fta,0,tracker_actual_2026-08-24
2025-04-21,Japan,14.519864797844479,jp,0,tracker_actual_2026-08-24
2025-04-21,Mexico,5.714390251906906,mx,0,tracker_actual_2026-08-24
2025-04-21,Rest of World,9.378847922213462,row,0,tracker_actual_2026-08-24
2025-04-21,UK,10.96075175989466,uk,0,tracker_actual_2026-08-24
2025-04-22,Canada,4.201774737129041,ca,0,tracker_actual_2026-08-24
2025-04-22,China,117.72501231934989,chn,0,tracker_actual_2026-08-24
2025-04-22,EU,9.394337148788521,eu,0,tracker_actual_2026-08-24
2025-04-22,Free-trade partners,9.4575447289517,fta,0,tracker_actual_2026-08-24
2025-04-22,Japan,14.519864797844479,jp,0,tracker_actual_2026-08-24
2025-04-22,Mexico,5.714390251906906,mx,0,tracker_actual_2026-08-24
2025-04-22,Rest of World,9.378847922213462,row,0,tracker_actual_2026-08-24
2025-04-22,UK,10.96075175989466,uk,0,tracker_actual_2026-08-24
2025-04-23,Canada,4.201774737129041,ca,0,tracker_actual_2026-08-24
2025-04-23,China,117.72501231934989,chn,0,tracker_actual_2026-08-24
2025-04-23,EU,9.394337148788521,eu,0,tracker_actual_2026-08-24
2025-04-23,Free-trade partners,9.4575447289517,fta,0,tracker_actual_2026-08-24
2025-04-23,Japan,14.519864797844479,jp,0,tracker_actual_2026-08-24
2025-04-23,Mexico,5.714390251906906,mx,0,tracker_actual_2026-08-24
2025-04-23,Rest of World,9.378847922213462,row,0,tracker_actual_2026-08-24
2025-04-23,UK,10.96075175989466,uk,0,tracker_actual_2026-08-24
2025-04-24,Canada,4.201774737129041,ca,0,tracker_actual_2026-08-24
2025-04-24,China,117.72501231934989,chn,0,tracker_actual_2026-08-24
2025-04-24,EU,9.394337148788521,eu,0,tracker_actual_2026-08-24
2025-04-24,Free-trade partners,9.4575447289517,fta,0,tracker_actual_2026-08-24
2025-04-24,Japan,14.519864797844479,jp,0,tracker_actual_2026-08-24
2025-04-24,Mexico,5.714390251906906,mx,0,tracker_actual_2026-08-24
2025-04-24,Rest of World,9.378847922213462,row,0,tracker_actual_2026-08-24
2025-04-24,UK,10.96075175989466,uk,0,tracker_actual_2026-08-24
2025-04-25,Canada,4.201774737129041,ca,0,tracker_actual_2026-08-24
2025-04-25,China,117.72501231934989,chn,0,tracker_actual_2026-08-24
2025-04-25,EU,9.394337148788521,eu,0,tracker_actual_2026-08-24
2025-04-25,Free-trade partners,9.4575447289517,fta,0,tracker_actual_2026-08-24
2025-04-25,Japan,14.519864797844479,jp,0,tracker_actual_2026-08-24
2025-04-25,Mexico,5.714390251906906,mx,0,tracker_actual_2026-08-24
2025-04-25,Rest of World,9.378847922213462,row,0,tracker_actual_2026-08-24
2025-04-25,UK,10.96075175989466,uk,0,tracker_actual_2026-08-24
2025-04-26,Canada,4.201774737129041,ca,0,tracker_actual_2026-08-24
2025-04-26,China,117.72501231934989,chn,0,tracker_actual_2026-08-24
2025-04-26,EU,9.394337148788521,eu,0,tracker_actual_2026-08-24
2025-04-26,Free-trade partners,9.4575447289517,fta,0,tracker_actual_2026-08-24
2025-04-26,Japan,14.519864797844479,jp,0,tracker_actual_2026-08-24
2025-04-26,Mexico,5.714390251906906,mx,0,tracker_actual_2026-08-24
2025-04-26,Rest of World,9.378847922213462,row,0,tracker_actual_2026-08-24
2025-04-26,UK,10.96075175989466,uk,0,tracker_actual_2026-08-24
2025-04-27,Canada,4.201774737129041,ca,0,tracker_actual_2026-08-24
2025-04-27,China,117.72501231934989,chn,0,tracker_actual_2026-08-24
2025-04-27,EU,9.394337148788521,eu,0,tracker_actual_2026-08-24
2025-04-27,Free-trade partners,9.4575447289517,fta,0,tracker_actual_2026-08-24
2025-04-27,Japan,14.519864797844479,jp,0,tracker_actual_2026-08-24
2025-04-27,Mexico,5.714390251906906,mx,0,tracker_actual_2026-08-24
2025-04-27,Rest of World,9.378847922213462,row,0,tracker_actual_2026-08-24
2025-04-27,UK,10.96075175989466,uk,0,tracker_actual_2026-08-24
2025-04-28,Canada,4.201774737129041,ca,0,tracker_actual_2026-08-24
2025-04-28,China,117.72501231934989,chn,0,tracker_actual_2026-08-24
2025-04-28,EU,9.394337148788521,eu,0,tracker_actual_2026-08-24
2025-04-28,Free-trade partners,9.4575447289517,fta,0,tracker_actual_2026-08-24
2025-04-28,Japan,14.519864797844479,jp,0,tracker_actual_2026-08-24
2025-04-28,Mexico,5.714390251906906,mx,0,tracker_actual_2026-08-24
2025-04-28,Rest of World,9.378847922213462,row,0,tracker_actual_2026-08-24
2025-04-28,UK,10.96075175989466,uk,0,tracker_actual_2026-08-24
2025-04-29,Canada,4.201774737129041,ca,0,tracker_actual_2026-08-24
2025-04-29,China,117.72501231934989,chn,0,tracker_actual_2026-08-24
2025-04-29,EU,9.394337148788521,eu,0,tracker_actual_2026-08-24
2025-04-29,Free-trade partners,9.4575447289517,fta,0,tracker_actual_2026-08-24
2025-04-29,Japan,14.519864797844479,jp,0,tracker_actual_2026-08-24
2025-04-29,Mexico,5.714390251906906,mx,0,tracker_actual_2026-08-24
2025-04-29,Rest of World,9.378847922213462,row,0,tracker_actual_2026-08-24
2025-04-29,UK,10.96075175989466,uk,0,tracker_actual_2026-08-24
2025-04-30,Canada,4.201774737129041,ca,0,tracker_actual_2026-08-24
2025-04-30,China,117.72501231934989,chn,0,tracker_actual_2026-08-24
2025-04-30,EU,9.394337148788521,eu,0,tracker_actual_2026-08-24
2025-04-30,Free-trade partners,9.4575447289517,fta,0,tracker_actual_2026-08-24
2025-04-30,Japan,14.519864797844479,jp,0,tracker_actual_2026-08-24
2025-04-30,Mexico,5.714390251906906,mx,0,tracker_actual_2026-08-24
2025-04-30,Rest of World,9.378847922213462,row,0,tracker_actual_2026-08-24
2025-04-30,UK,10.96075175989466,uk,0,tracker_actual_2026-08-24
2025-05-01,Canada,4.201774737129041,ca,0,tracker_actual_2026-08-24
2025-05-01,China,117.72501231934989,chn,0,tracker_actual_2026-08-24
2025-05-01,EU,9.394337148788521,eu,0,tracker_actual_2026-08-24
2025-05-01,Free-trade partners,9.4575447289517,fta,0,tracker_actual_2026-08-24
2025-05-01,Japan,14.519864797844479,jp,0,tracker_actual_2026-08-24
2025-05-01,Mexico,5.714390251906906,mx,0,tracker_actual_2026-08-24
2025-05-01,Rest of World,9.378847922213462,row,0,tracker_actual_2026-08-24
2025-05-01,UK,10.96075175989466,uk,0,tracker_actual_2026-08-24
2025-05-02,Canada,4.201774737129041,ca,0,tracker_actual_2026-08-24
2025-05-02,China,117.72501231934989,chn,0,tracker_actual_2026-08-24
2025-05-02,EU,9.394337148788521,eu,0,tracker_actual_2026-08-24
2025-05-02,Free-trade partners,9.4575447289517,fta,0,tracker_actual_2026-08-24
2025-05-02,Japan,14.519864797844479,jp,0,tracker_actual_2026-08-24
2025-05-02,Mexico,5.714390251906906,mx,0,tracker_actual_2026-08-24
2025-05-02,Rest of World,9.378847922213462,row,0,tracker_actual_2026-08-24
2025-05-02,UK,10.96075175989466,uk,0,tracker_actual_2026-08-24
2025-05-03,Canada,4.186228672890171,ca,0,tracker_actual_2026-08-24
2025-05-03,China,110.34820793148079,chn,0,tracker_actual_2026-08-24
2025-05-03,EU,9.863116517081266,eu,0,tracker_actual_2026-08-24
2025-05-03,Free-trade partners,10.277766035920413,fta,0,tracker_actual_2026-08-24
2025-05-03,Japan,15.930944697442417,jp,0,tracker_actual_2026-08-24
2025-05-03,Mexico,5.666308333643768,mx,0,tracker_actual_2026-08-24
2025-05-03,Rest of World,9.840898925652757,row,0,tracker_actual_2026-08-24
2025-05-03,UK,11.266615305360391,uk,0,tracker_actual_2026-08-24
2025-05-04,Canada,4.186228672890171,ca,0,tracker_actual_2026-08-24
2025-05-04,China,110.34820793148079,chn,0,tracker_actual_2026-08-24
2025-05-04,EU,9.863116517081266,eu,0,tracker_actual_2026-08-24
2025-05-04,Free-trade partners,10.277766035920413,fta,0,tracker_actual_2026-08-24
2025-05-04,Japan,15.930944697442417,jp,0,tracker_actual_2026-08-24
2025-05-04,Mexico,5.666308333643768,mx,0,tracker_actual_2026-08-24
2025-05-04,Rest of World,9.840898925652757,row,0,tracker_actual_2026-08-24
2025-05-04,UK,11.266615305360391,uk,0,tracker_actual_2026-08-24
2025-05-05,Canada,4.186228672890171,ca,0,tracker_actual_2026-08-24
2025-05-05,China,110.34820793148079,chn,0,tracker_actual_2026-08-24
2025-05-05,EU,9.863116517081266,eu,0,tracker_actual_2026-08-24
2025-05-05,Free-trade partners,10.277766035920413,fta,0,tracker_actual_2026-08-24
2025-05-05,Japan,15.930944697442417,jp,0,tracker_actual_2026-08-24
2025-05-05,Mexico,5.666308333643768,mx,0,tracker_actual_2026-08-24
2025-05-05,Rest of World,9.840898925652757,row,0,tracker_actual_2026-08-24
2025-05-05,UK,11.266615305360391,uk,0,tracker_actual_2026-08-24
2025-05-06,Canada,4.186228672890171,ca,0,tracker_actual_2026-08-24
2025-05-06,China,110.34820793148079,chn,0,tracker_actual_2026-08-24
2025-05-06,EU,9.863116517081266,eu,0,tracker_actual_2026-08-24
2025-05-06,Free-trade partners,10.277766035920413,fta,0,tracker_actual_2026-08-24
2025-05-06,Japan,15.930944697442417,jp,0,tracker_actual_2026-08-24
2025-05-06,Mexico,5.666308333643768,mx,0,tracker_actual_2026-08-24
2025-05-06,Rest of World,9.840898925652757,row,0,tracker_actual_2026-08-24
2025-05-06,UK,11.266615305360391,uk,0,tracker_actual_2026-08-24
2025-05-07,Canada,4.186228672890171,ca,0,tracker_actual_2026-08-24
2025-05-07,China,110.34820793148079,chn,0,tracker_actual_2026-08-24
2025-05-07,EU,9.863116517081266,eu,0,tracker_actual_2026-08-24
2025-05-07,Free-trade partners,10.277766035920413,fta,0,tracker_actual_2026-08-24
2025-05-07,Japan,15.930944697442417,jp,0,tracker_actual_2026-08-24
2025-05-07,Mexico,5.666308333643768,mx,0,tracker_actual_2026-08-24
2025-05-07,Rest of World,9.840898925652757,row,0,tracker_actual_2026-08-24
2025-05-07,UK,11.266615305360391,uk,0,tracker_actual_2026-08-24
2025-05-08,Canada,4.186228672890171,ca,0,tracker_actual_2026-08-24
2025-05-08,China,110.34820793148079,chn,0,tracker_actual_2026-08-24
2025-05-08,EU,9.863116517081266,eu,0,tracker_actual_2026-08-24
2025-05-08,Free-trade partners,10.277766035920413,fta,0,tracker_actual_2026-08-24
2025-05-08,Japan,15.930944697442417,jp,0,tracker_actual_2026-08-24
2025-05-08,Mexico,5.666308333643768,mx,0,tracker_actual_2026-08-24
2025-05-08,Rest of World,9.840898925652757,row,0,tracker_actual_2026-08-24
2025-05-08,UK,11.266615305360391,uk,0,tracker_actual_2026-08-24
2025-05-09,Canada,4.186228672890171,ca,0,tracker_actual_2026-08-24
2025-05-09,China,110.34820793148079,chn,0,tracker_actual_2026-08-24
2025-05-09,EU,9.863116517081266,eu,0,tracker_actual_2026-08-24
2025-05-09,Free-trade partners,10.277766035920413,fta,0,tracker_actual_2026-08-24
2025-05-09,Japan,15.930944697442417,jp,0,tracker_actual_2026-08-24
2025-05-09,Mexico,5.666308333643768,mx,0,tracker_actual_2026-08-24
2025-05-09,Rest of World,9.840898925652757,row,0,tracker_actual_2026-08-24
2025-05-09,UK,11.266615305360391,uk,0,tracker_actual_2026-08-24
2025-05-10,Canada,4.186228672890171,ca,0,tracker_actual_2026-08-24
2025-05-10,China,110.34820793148079,chn,0,tracker_actual_2026-08-24
2025-05-10,EU,9.863116517081266,eu,0,tracker_actual_2026-08-24
2025-05-10,Free-trade partners,10.277766035920413,fta,0,tracker_actual_2026-08-24
2025-05-10,Japan,15.930944697442417,jp,0,tracker_actual_2026-08-24
2025-05-10,Mexico,5.666308333643768,mx,0,tracker_actual_2026-08-24
2025-05-10,Rest of World,9.840898925652757,row,0,tracker_actual_2026-08-24
2025-05-10,UK,11.266615305360391,uk,0,tracker_actual_2026-08-24
2025-05-11,Canada,4.186228672890171,ca,0,tracker_actual_2026-08-24
2025-05-11,China,110.34820793148079,chn,0,tracker_actual_2026-08-24
2025-05-11,EU,9.863116517081266,eu,0,tracker_actual_2026-08-24
2025-05-11,Free-trade partners,10.277766035920413,fta,0,tracker_actual_2026-08-24
2025-05-11,Japan,15.930944697442417,jp,0,tracker_actual_2026-08-24
2025-05-11,Mexico,5.666308333643768,mx,0,tracker_actual_2026-08-24
2025-05-11,Rest of World,9.840898925652757,row,0,tracker_actual_2026-08-24
2025-05-11,UK,11.266615305360391,uk,0,tracker_actual_2026-08-24
2025-05-12,Canada,4.186228672890171,ca,0,tracker_actual_2026-08-24
2025-05-12,China,110.34820793148079,chn,0,tracker_actual_2026-08-24
2025-05-12,EU,9.863116517081266,eu,0,tracker_actual_2026-08-24
2025-05-12,Free-trade partners,10.277766035920413,fta,0,tracker_actual_2026-08-24
2025-05-12,Japan,15.930944697442417,jp,0,tracker_actual_2026-08-24
2025-05-12,Mexico,5.666308333643768,mx,0,tracker_actual_2026-08-24
2025-05-12,Rest of World,9.840898925652757,row,0,tracker_actual_2026-08-24
2025-05-12,UK,11.266615305360391,uk,0,tracker_actual_2026-08-24
2025-05-13,Canada,4.186228672890171,ca,0,tracker_actual_2026-08-24
2025-05-13,China,110.34820793148079,chn,0,tracker_actual_2026-08-24
2025-05-13,EU,9.863116517081266,eu,0,tracker_actual_2026-08-24
2025-05-13,Free-trade partners,10.277766035920413,fta,0,tracker_actual_2026-08-24
2025-05-13,Japan,15.930944697442417,jp,0,tracker_actual_2026-08-24
2025-05-13,Mexico,5.666308333643768,mx,0,tracker_actual_2026-08-24
2025-05-13,Rest of World,9.840898925652757,row,0,tracker_actual_2026-08-24
2025-05-13,UK,11.266615305360391,uk,0,tracker_actual_2026-08-24
2025-05-14,Canada,4.186228672890171,ca,0,tracker_actual_2026-08-24
2025-05-14,China,40.81008364004201,chn,0,tracker_actual_2026-08-24
2025-05-14,EU,9.863116517081266,eu,0,tracker_actual_2026-08-24
2025-05-14,Free-trade partners,10.277766035920413,fta,0,tracker_actual_2026-08-24
2025-05-14,Japan,15.930944697442417,jp,0,tracker_actual_2026-08-24
2025-05-14,Mexico,5.666308333643768,mx,0,tracker_actual_2026-08-24
2025-05-14,Rest of World,9.418215952845,row,0,tracker_actual_2026-08-24
2025-05-14,UK,11.266615305360391,uk,0,tracker_actual_2026-08-24
2025-05-15,Canada,4.186228672890171,ca,0,tracker_actual_2026-08-24
2025-05-15,China,40.81008364004201,chn,0,tracker_actual_2026-08-24
2025-05-15,EU,9.863116517081266,eu,0,tracker_actual_2026-08-24
2025-05-15,Free-trade partners,10.277766035920413,fta,0,tracker_actual_2026-08-24
2025-05-15,Japan,15.930944697442417,jp,0,tracker_actual_2026-08-24
2025-05-15,Mexico,5.666308333643768,mx,0,tracker_actual_2026-08-24
2025-05-15,Rest of World,9.418215952845,row,0,tracker_actual_2026-08-24
2025-05-15,UK,11.266615305360391,uk,0,tracker_actual_2026-08-24
2025-05-16,Canada,4.186228672890171,ca,0,tracker_actual_2026-08-24
2025-05-16,China,40.81008364004201,chn,0,tracker_actual_2026-08-24
2025-05-16,EU,9.863116517081266,eu,0,tracker_actual_2026-08-24
2025-05-16,Free-trade partners,10.277766035920413,fta,0,tracker_actual_2026-08-24
2025-05-16,Japan,15.930944697442417,jp,0,tracker_actual_2026-08-24
2025-05-16,Mexico,5.666308333643768,mx,0,tracker_actual_2026-08-24
2025-05-16,Rest of World,9.418215952845,row,0,tracker_actual_2026-08-24
2025-05-16,UK,11.266615305360391,uk,0,tracker_actual_2026-08-24
2025-05-17,Canada,4.186228672890171,ca,0,tracker_actual_2026-08-24
2025-05-17,China,40.81008364004201,chn,0,tracker_actual_2026-08-24
2025-05-17,EU,9.863116517081266,eu,0,tracker_actual_2026-08-24
2025-05-17,Free-trade partners,10.277766035920413,fta,0,tracker_actual_2026-08-24
2025-05-17,Japan,15.930944697442417,jp,0,tracker_actual_2026-08-24
2025-05-17,Mexico,5.666308333643768,mx,0,tracker_actual_2026-08-24
2025-05-17,Rest of World,9.418215952845,row,0,tracker_actual_2026-08-24
2025-05-17,UK,11.266615305360391,uk,0,tracker_actual_2026-08-24
2025-05-18,Canada,4.186228672890171,ca,0,tracker_actual_2026-08-24
2025-05-18,China,40.81008364004201,chn,0,tracker_actual_2026-08-24
2025-05-18,EU,9.863116517081266,eu,0,tracker_actual_2026-08-24
2025-05-18,Free-trade partners,10.277766035920413,fta,0,tracker_actual_2026-08-24
2025-05-18,Japan,15.930944697442417,jp,0,tracker_actual_2026-08-24
2025-05-18,Mexico,5.666308333643768,mx,0,tracker_actual_2026-08-24
2025-05-18,Rest of World,9.418215952845,row,0,tracker_actual_2026-08-24
2025-05-18,UK,11.266615305360391,uk,0,tracker_actual_2026-08-24
2025-05-19,Canada,4.186228672890171,ca,0,tracker_actual_2026-08-24
2025-05-19,China,40.81008364004201,chn,0,tracker_actual_2026-08-24
2025-05-19,EU,9.863116517081266,eu,0,tracker_actual_2026-08-24
2025-05-19,Free-trade partners,10.277766035920413,fta,0,tracker_actual_2026-08-24
2025-05-19,Japan,15.930944697442417,jp,0,tracker_actual_2026-08-24
2025-05-19,Mexico,5.666308333643768,mx,0,tracker_actual_2026-08-24
2025-05-19,Rest of World,9.418215952845,row,0,tracker_actual_2026-08-24
2025-05-19,UK,11.266615305360391,uk,0,tracker_actual_2026-08-24
2025-05-20,Canada,4.186228672890171,ca,0,tracker_actual_2026-08-24
2025-05-20,China,40.81008364004201,chn,0,tracker_actual_2026-08-24
2025-05-20,EU,9.863116517081266,eu,0,tracker_actual_2026-08-24
2025-05-20,Free-trade partners,10.277766035920413,fta,0,tracker_actual_2026-08-24
2025-05-20,Japan,15.930944697442417,jp,0,tracker_actual_2026-08-24
2025-05-20,Mexico,5.666308333643768,mx,0,tracker_actual_2026-08-24
2025-05-20,Rest of World,9.418215952845,row,0,tracker_actual_2026-08-24
2025-05-20,UK,11.266615305360391,uk,0,tracker_actual_2026-08-24
2025-05-21,Canada,4.186228672890171,ca,0,tracker_actual_2026-08-24
2025-05-21,China,40.81008364004201,chn,0,tracker_actual_2026-08-24
2025-05-21,EU,9.863116517081266,eu,0,tracker_actual_2026-08-24
2025-05-21,Free-trade partners,10.277766035920413,fta,0,tracker_actual_2026-08-24
2025-05-21,Japan,15.930944697442417,jp,0,tracker_actual_2026-08-24
2025-05-21,Mexico,5.666308333643768,mx,0,tracker_actual_2026-08-24
2025-05-21,Rest of World,9.418215952845,row,0,tracker_actual_2026-08-24
2025-05-21,UK,11.266615305360391,uk,0,tracker_actual_2026-08-24
2025-05-22,Canada,4.186228672890171,ca,0,tracker_actual_2026-08-24
2025-05-22,China,40.81008364004201,chn,0,tracker_actual_2026-08-24
2025-05-22,EU,9.863116517081266,eu,0,tracker_actual_2026-08-24
2025-05-22,Free-trade partners,10.277766035920413,fta,0,tracker_actual_2026-08-24
2025-05-22,Japan,15.930944697442417,jp,0,tracker_actual_2026-08-24
2025-05-22,Mexico,5.666308333643768,mx,0,tracker_actual_2026-08-24
2025-05-22,Rest of World,9.418215952845,row,0,tracker_actual_2026-08-24
2025-05-22,UK,11.266615305360391,uk,0,tracker_actual_2026-08-24
2025-05-23,Canada,4.186228672890171,ca,0,tracker_actual_2026-08-24
2025-05-23,China,40.81008364004201,chn,0,tracker_actual_2026-08-24
2025-05-23,EU,9.863116517081266,eu,0,tracker_actual_2026-08-24
2025-05-23,Free-trade partners,10.277766035920413,fta,0,tracker_actual_2026-08-24
2025-05-23,Japan,15.930944697442417,jp,0,tracker_actual_2026-08-24
2025-05-23,Mexico,5.666308333643768,mx,0,tracker_actual_2026-08-24
2025-05-23,Rest of World,9.418215952845,row,0,tracker_actual_2026-08-24
2025-05-23,UK,11.266615305360391,uk,0,tracker_actual_2026-08-24
2025-05-24,Canada,4.186228672890171,ca,0,tracker_actual_2026-08-24
2025-05-24,China,40.81008364004201,chn,0,tracker_actual_2026-08-24
2025-05-24,EU,9.863116517081266,eu,0,tracker_actual_2026-08-24
2025-05-24,Free-trade partners,10.277766035920413,fta,0,tracker_actual_2026-08-24
2025-05-24,Japan,15.930944697442417,jp,0,tracker_actual_2026-08-24
2025-05-24,Mexico,5.666308333643768,mx,0,tracker_actual_2026-08-24
2025-05-24,Rest of World,9.418215952845,row,0,tracker_actual_2026-08-24
2025-05-24,UK,11.266615305360391,uk,0,tracker_actual_2026-08-24
2025-05-25,Canada,4.186228672890171,ca,0,tracker_actual_2026-08-24
2025-05-25,China,40.81008364004201,chn,0,tracker_actual_2026-08-24
2025-05-25,EU,9.863116517081266,eu,0,tracker_actual_2026-08-24
2025-05-25,Free-trade partners,10.277766035920413,fta,0,tracker_actual_2026-08-24
2025-05-25,Japan,15.930944697442417,jp,0,tracker_actual_2026-08-24
2025-05-25,Mexico,5.666308333643768,mx,0,tracker_actual_2026-08-24
2025-05-25,Rest of World,9.418215952845,row,0,tracker_actual_2026-08-24
2025-05-25,UK,11.266615305360391,uk,0,tracker_actual_2026-08-24
2025-05-26,Canada,4.186228672890171,ca,0,tracker_actual_2026-08-24
2025-05-26,China,40.81008364004201,chn,0,tracker_actual_2026-08-24
2025-05-26,EU,9.863116517081266,eu,0,tracker_actual_2026-08-24
2025-05-26,Free-trade partners,10.277766035920413,fta,0,tracker_actual_2026-08-24
2025-05-26,Japan,15.930944697442417,jp,0,tracker_actual_2026-08-24
2025-05-26,Mexico,5.666308333643768,mx,0,tracker_actual_2026-08-24
2025-05-26,Rest of World,9.418215952845,row,0,tracker_actual_2026-08-24
2025-05-26,UK,11.266615305360391,uk,0,tracker_actual_2026-08-24
2025-05-27,Canada,4.186228672890171,ca,0,tracker_actual_2026-08-24
2025-05-27,China,40.81008364004201,chn,0,tracker_actual_2026-08-24
2025-05-27,EU,9.863116517081266,eu,0,tracker_actual_2026-08-24
2025-05-27,Free-trade partners,10.277766035920413,fta,0,tracker_actual_2026-08-24
2025-05-27,Japan,15.930944697442417,jp,0,tracker_actual_2026-08-24
2025-05-27,Mexico,5.666308333643768,mx,0,tracker_actual_2026-08-24
2025-05-27,Rest of World,9.418215952845,row,0,tracker_actual_2026-08-24
2025-05-27,UK,11.266615305360391,uk,0,tracker_actual_2026-08-24
2025-05-28,Canada,4.186228672890171,ca,0,tracker_actual_2026-08-24
2025-05-28,China,40.81008364004201,chn,0,tracker_actual_2026-08-24
2025-05-28,EU,9.863116517081266,eu,0,tracker_actual_2026-08-24
2025-05-28,Free-trade partners,10.277766035920413,fta,0,tracker_actual_2026-08-24
2025-05-28,Japan,15.930944697442417,jp,0,tracker_actual_2026-08-24
2025-05-28,Mexico,5.666308333643768,mx,0,tracker_actual_2026-08-24
2025-05-28,Rest of World,9.418215952845,row,0,tracker_actual_2026-08-24
2025-05-28,UK,11.266615305360391,uk,0,tracker_actual_2026-08-24
2025-05-29,Canada,4.186228672890171,ca,0,tracker_actual_2026-08-24
2025-05-29,China,40.81008364004201,chn,0,tracker_actual_2026-08-24
2025-05-29,EU,9.863116517081266,eu,0,tracker_actual_2026-08-24
2025-05-29,Free-trade partners,10.277766035920413,fta,0,tracker_actual_2026-08-24
2025-05-29,Japan,15.930944697442417,jp,0,tracker_actual_2026-08-24
2025-05-29,Mexico,5.666308333643768,mx,0,tracker_actual_2026-08-24
2025-05-29,Rest of World,9.418215952845,row,0,tracker_actual_2026-08-24
2025-05-29,UK,11.266615305360391,uk,0,tracker_actual_2026-08-24
2025-05-30,Canada,4.186228672890171,ca,0,tracker_actual_2026-08-24
2025-05-30,China,40.81008364004201,chn,0,tracker_actual_2026-08-24
2025-05-30,EU,9.863116517081266,eu,0,tracker_actual_2026-08-24
2025-05-30,Free-trade partners,10.277766035920413,fta,0,tracker_actual_2026-08-24
2025-05-30,Japan,15.930944697442417,jp,0,tracker_actual_2026-08-24
2025-05-30,Mexico,5.666308333643768,mx,0,tracker_actual_2026-08-24
2025-05-30,Rest of World,9.418215952845,row,0,tracker_actual_2026-08-24
2025-05-30,UK,11.266615305360391,uk,0,tracker_actual_2026-08-24
2025-05-31,Canada,4.186228672890171,ca,0,tracker_actual_2026-08-24
2025-05-31,China,40.81008364004201,chn,0,tracker_actual_2026-08-24
2025-05-31,EU,9.863116517081266,eu,0,tracker_actual_2026-08-24
2025-05-31,Free-trade partners,10.277766035920413,fta,0,tracker_actual_2026-08-24
2025-05-31,Japan,15.930944697442417,jp,0,tracker_actual_2026-08-24
2025-05-31,Mexico,5.666308333643768,mx,0,tracker_actual_2026-08-24
2025-05-31,Rest of World,9.418215952845,row,0,tracker_actual_2026-08-24
2025-05-31,UK,11.266615305360391,uk,0,tracker_actual_2026-08-24
2025-06-01,Canada,4.186228672890171,ca,1,tracker_actual_2026-08-24
2025-06-01,China,41.312366324910435,chn,1,tracker_actual_2026-08-24
2025-06-01,EU,9.863116517081266,eu,1,tracker_actual_2026-08-24
2025-06-01,Free-trade partners,10.277766035920413,fta,1,tracker_actual_2026-08-24
2025-06-01,Japan,15.930944697442417,jp,1,tracker_actual_2026-08-24
2025-06-01,Mexico,5.666308333643768,mx,1,tracker_actual_2026-08-24
2025-06-01,Rest of World,9.418215952845,row,1,tracker_actual_2026-08-24
2025-06-01,UK,11.266615305360391,uk,1,tracker_actual_2026-08-24
2025-06-02,Canada,4.186228672890171,ca,1,tracker_actual_2026-08-24
2025-06-02,China,41.312366324910435,chn,1,tracker_actual_2026-08-24
2025-06-02,EU,9.863116517081266,eu,1,tracker_actual_2026-08-24
2025-06-02,Free-trade partners,10.277766035920413,fta,1,tracker_actual_2026-08-24
2025-06-02,Japan,15.930944697442417,jp,1,tracker_actual_2026-08-24
2025-06-02,Mexico,5.666308333643768,mx,1,tracker_actual_2026-08-24
2025-06-02,Rest of World,9.418215952845,row,1,tracker_actual_2026-08-24
2025-06-02,UK,11.266615305360391,uk,1,tracker_actual_2026-08-24
2025-06-03,Canada,4.186228672890171,ca,1,tracker_actual_2026-08-24
2025-06-03,China,41.312366324910435,chn,1,tracker_actual_2026-08-24
2025-06-03,EU,9.863116517081266,eu,1,tracker_actual_2026-08-24
2025-06-03,Free-trade partners,10.277766035920413,fta,1,tracker_actual_2026-08-24
2025-06-03,Japan,15.930944697442417,jp,1,tracker_actual_2026-08-24
2025-06-03,Mexico,5.666308333643768,mx,1,tracker_actual_2026-08-24
2025-06-03,Rest of World,9.418215952845,row,1,tracker_actual_2026-08-24
2025-06-03,UK,11.266615305360391,uk,1,tracker_actual_2026-08-24
2025-06-04,Canada,5.680154011047975,ca,0,tracker_actual_2026-08-24
2025-06-04,China,41.91532978109217,chn,0,tracker_actual_2026-08-24
2025-06-04,EU,10.644500560808286,eu,0,tracker_actual_2026-08-24
2025-06-04,Free-trade partners,11.284799275198337,fta,0,tracker_actual_2026-08-24
2025-06-04,Japan,16.758404623230355,jp,0,tracker_actual_2026-08-24
2025-06-04,Mexico,6.411124970698386,mx,0,tracker_actual_2026-08-24
2025-06-04,Rest of World,10.21790886603048,row,0,tracker_actual_2026-08-24
2025-06-04,UK,11.266615305360391,uk,0,tracker_actual_2026-08-24
2025-06-05,Canada,5.680154011047975,ca,0,tracker_actual_2026-08-24
2025-06-05,China,41.91532978109217,chn,0,tracker_actual_2026-08-24
2025-06-05,EU,10.644500560808286,eu,0,tracker_actual_2026-08-24
2025-06-05,Free-trade partners,11.284799275198337,fta,0,tracker_actual_2026-08-24
2025-06-05,Japan,16.758404623230355,jp,0,tracker_actual_2026-08-24
2025-06-05,Mexico,6.411124970698386,mx,0,tracker_actual_2026-08-24
2025-06-05,Rest of World,10.21790886603048,row,0,tracker_actual_2026-08-24
2025-06-05,UK,11.266615305360391,uk,0,tracker_actual_2026-08-24
2025-06-06,Canada,5.680154011047975,ca,0,tracker_actual_2026-08-24
2025-06-06,China,41.91532978109217,chn,0,tracker_actual_2026-08-24
2025-06-06,EU,10.644500560808286,eu,0,tracker_actual_2026-08-24
2025-06-06,Free-trade partners,11.284799275198337,fta,0,tracker_actual_2026-08-24
2025-06-06,Japan,16.758404623230355,jp,0,tracker_actual_2026-08-24
2025-06-06,Mexico,6.411124970698386,mx,0,tracker_actual_2026-08-24
2025-06-06,Rest of World,10.21790886603048,row,0,tracker_actual_2026-08-24
2025-06-06,UK,11.266615305360391,uk,0,tracker_actual_2026-08-24
2025-06-07,Canada,5.680154011047975,ca,0,tracker_actual_2026-08-24
2025-06-07,China,41.91532978109217,chn,0,tracker_actual_2026-08-24
2025-06-07,EU,10.644500560808286,eu,0,tracker_actual_2026-08-24
2025-06-07,Free-trade partners,11.284799275198337,fta,0,tracker_actual_2026-08-24
2025-06-07,Japan,16.758404623230355,jp,0,tracker_actual_2026-08-24
2025-06-07,Mexico,6.411124970698386,mx,0,tracker_actual_2026-08-24
2025-06-07,Rest of World,10.21790886603048,row,0,tracker_actual_2026-08-24
2025-06-07,UK,11.266615305360391,uk,0,tracker_actual_2026-08-24
2025-06-08,Canada,5.680154011047975,ca,0,tracker_actual_2026-08-24
2025-06-08,China,41.91532978109217,chn,0,tracker_actual_2026-08-24
2025-06-08,EU,10.644500560808286,eu,0,tracker_actual_2026-08-24
2025-06-08,Free-trade partners,11.284799275198337,fta,0,tracker_actual_2026-08-24
2025-06-08,Japan,16.758404623230355,jp,0,tracker_actual_2026-08-24
2025-06-08,Mexico,6.411124970698386,mx,0,tracker_actual_2026-08-24
2025-06-08,Rest of World,10.21790886603048,row,0,tracker_actual_2026-08-24
2025-06-08,UK,11.266615305360391,uk,0,tracker_actual_2026-08-24
2025-06-09,Canada,5.680154011047975,ca,0,tracker_actual_2026-08-24
2025-06-09,China,41.91532978109217,chn,0,tracker_actual_2026-08-24
2025-06-09,EU,10.644500560808286,eu,0,tracker_actual_2026-08-24
2025-06-09,Free-trade partners,11.284799275198337,fta,0,tracker_actual_2026-08-24
2025-06-09,Japan,16.758404623230355,jp,0,tracker_actual_2026-08-24
2025-06-09,Mexico,6.411124970698386,mx,0,tracker_actual_2026-08-24
2025-06-09,Rest of World,10.21790886603048,row,0,tracker_actual_2026-08-24
2025-06-09,UK,11.266615305360391,uk,0,tracker_actual_2026-08-24
2025-06-10,Canada,5.680154011047975,ca,0,tracker_actual_2026-08-24
2025-06-10,China,41.91532978109217,chn,0,tracker_actual_2026-08-24
2025-06-10,EU,10.644500560808286,eu,0,tracker_actual_2026-08-24
2025-06-10,Free-trade partners,11.284799275198337,fta,0,tracker_actual_2026-08-24
2025-06-10,Japan,16.758404623230355,jp,0,tracker_actual_2026-08-24
2025-06-10,Mexico,6.411124970698386,mx,0,tracker_actual_2026-08-24
2025-06-10,Rest of World,10.21790886603048,row,0,tracker_actual_2026-08-24
2025-06-10,UK,11.266615305360391,uk,0,tracker_actual_2026-08-24
2025-06-11,Canada,5.680154011047975,ca,0,tracker_actual_2026-08-24
2025-06-11,China,41.91532978109217,chn,0,tracker_actual_2026-08-24
2025-06-11,EU,10.644500560808286,eu,0,tracker_actual_2026-08-24
2025-06-11,Free-trade partners,11.284799275198337,fta,0,tracker_actual_2026-08-24
2025-06-11,Japan,16.758404623230355,jp,0,tracker_actual_2026-08-24
2025-06-11,Mexico,6.411124970698386,mx,0,tracker_actual_2026-08-24
2025-06-11,Rest of World,10.21790886603048,row,0,tracker_actual_2026-08-24
2025-06-11,UK,11.266615305360391,uk,0,tracker_actual_2026-08-24
2025-06-12,Canada,5.680154011047975,ca,0,tracker_actual_2026-08-24
2025-06-12,China,41.91532978109217,chn,0,tracker_actual_2026-08-24
2025-06-12,EU,10.644500560808286,eu,0,tracker_actual_2026-08-24
2025-06-12,Free-trade partners,11.284799275198337,fta,0,tracker_actual_2026-08-24
2025-06-12,Japan,16.758404623230355,jp,0,tracker_actual_2026-08-24
2025-06-12,Mexico,6.411124970698386,mx,0,tracker_actual_2026-08-24
2025-06-12,Rest of World,10.21790886603048,row,0,tracker_actual_2026-08-24
2025-06-12,UK,11.266615305360391,uk,0,tracker_actual_2026-08-24
2025-06-13,Canada,5.680154011047975,ca,0,tracker_actual_2026-08-24
2025-06-13,China,41.91532978109217,chn,0,tracker_actual_2026-08-24
2025-06-13,EU,10.644500560808286,eu,0,tracker_actual_2026-08-24
2025-06-13,Free-trade partners,11.284799275198337,fta,0,tracker_actual_2026-08-24
2025-06-13,Japan,16.758404623230355,jp,0,tracker_actual_2026-08-24
2025-06-13,Mexico,6.411124970698386,mx,0,tracker_actual_2026-08-24
2025-06-13,Rest of World,10.21790886603048,row,0,tracker_actual_2026-08-24
2025-06-13,UK,11.266615305360391,uk,0,tracker_actual_2026-08-24
2025-06-14,Canada,5.680154011047975,ca,0,tracker_actual_2026-08-24
2025-06-14,China,41.91532978109217,chn,0,tracker_actual_2026-08-24
2025-06-14,EU,10.644500560808286,eu,0,tracker_actual_2026-08-24
2025-06-14,Free-trade partners,11.284799275198337,fta,0,tracker_actual_2026-08-24
2025-06-14,Japan,16.758404623230355,jp,0,tracker_actual_2026-08-24
2025-06-14,Mexico,6.411124970698386,mx,0,tracker_actual_2026-08-24
2025-06-14,Rest of World,10.21790886603048,row,0,tracker_actual_2026-08-24
2025-06-14,UK,11.266615305360391,uk,0,tracker_actual_2026-08-24
2025-06-15,Canada,5.680154011047975,ca,0,tracker_actual_2026-08-24
2025-06-15,China,41.91532978109217,chn,0,tracker_actual_2026-08-24
2025-06-15,EU,10.644500560808286,eu,0,tracker_actual_2026-08-24
2025-06-15,Free-trade partners,11.284799275198337,fta,0,tracker_actual_2026-08-24
2025-06-15,Japan,16.758404623230355,jp,0,tracker_actual_2026-08-24
2025-06-15,Mexico,6.411124970698386,mx,0,tracker_actual_2026-08-24
2025-06-15,Rest of World,10.21790886603048,row,0,tracker_actual_2026-08-24
2025-06-15,UK,11.266615305360391,uk,0,tracker_actual_2026-08-24
2025-06-16,Canada,5.680154011047975,ca,0,tracker_actual_2026-08-24
2025-06-16,China,41.91532978109217,chn,0,tracker_actual_2026-08-24
2025-06-16,EU,10.644500560808286,eu,0,tracker_actual_2026-08-24
2025-06-16,Free-trade partners,11.284799275198337,fta,0,tracker_actual_2026-08-24
2025-06-16,Japan,16.758404623230355,jp,0,tracker_actual_2026-08-24
2025-06-16,Mexico,6.411124970698386,mx,0,tracker_actual_2026-08-24
2025-06-16,Rest of World,10.21790886603048,row,0,tracker_actual_2026-08-24
2025-06-16,UK,11.266615305360391,uk,0,tracker_actual_2026-08-24
2025-06-17,Canada,5.680154011047975,ca,0,tracker_actual_2026-08-24
2025-06-17,China,41.91532978109217,chn,0,tracker_actual_2026-08-24
2025-06-17,EU,10.644500560808286,eu,0,tracker_actual_2026-08-24
2025-06-17,Free-trade partners,11.284799275198337,fta,0,tracker_actual_2026-08-24
2025-06-17,Japan,16.758404623230355,jp,0,tracker_actual_2026-08-24
2025-06-17,Mexico,6.411124970698386,mx,0,tracker_actual_2026-08-24
2025-06-17,Rest of World,10.21790886603048,row,0,tracker_actual_2026-08-24
2025-06-17,UK,11.266615305360391,uk,0,tracker_actual_2026-08-24
2025-06-18,Canada,5.680154011047975,ca,0,tracker_actual_2026-08-24
2025-06-18,China,41.91532978109217,chn,0,tracker_actual_2026-08-24
2025-06-18,EU,10.644500560808286,eu,0,tracker_actual_2026-08-24
2025-06-18,Free-trade partners,11.284799275198337,fta,0,tracker_actual_2026-08-24
2025-06-18,Japan,16.758404623230355,jp,0,tracker_actual_2026-08-24
2025-06-18,Mexico,6.411124970698386,mx,0,tracker_actual_2026-08-24
2025-06-18,Rest of World,10.21790886603048,row,0,tracker_actual_2026-08-24
2025-06-18,UK,11.266615305360391,uk,0,tracker_actual_2026-08-24
2025-06-19,Canada,5.680154011047975,ca,0,tracker_actual_2026-08-24
2025-06-19,China,41.91532978109217,chn,0,tracker_actual_2026-08-24
2025-06-19,EU,10.644500560808286,eu,0,tracker_actual_2026-08-24
2025-06-19,Free-trade partners,11.284799275198337,fta,0,tracker_actual_2026-08-24
2025-06-19,Japan,16.758404623230355,jp,0,tracker_actual_2026-08-24
2025-06-19,Mexico,6.411124970698386,mx,0,tracker_actual_2026-08-24
2025-06-19,Rest of World,10.21790886603048,row,0,tracker_actual_2026-08-24
2025-06-19,UK,11.266615305360391,uk,0,tracker_actual_2026-08-24
2025-06-20,Canada,5.680154011047975,ca,0,tracker_actual_2026-08-24
2025-06-20,China,41.91532978109217,chn,0,tracker_actual_2026-08-24
2025-06-20,EU,10.644500560808286,eu,0,tracker_actual_2026-08-24
2025-06-20,Free-trade partners,11.284799275198337,fta,0,tracker_actual_2026-08-24
2025-06-20,Japan,16.758404623230355,jp,0,tracker_actual_2026-08-24
2025-06-20,Mexico,6.411124970698386,mx,0,tracker_actual_2026-08-24
2025-06-20,Rest of World,10.21790886603048,row,0,tracker_actual_2026-08-24
2025-06-20,UK,11.266615305360391,uk,0,tracker_actual_2026-08-24
2025-06-21,Canada,5.680154011047975,ca,0,tracker_actual_2026-08-24
2025-06-21,China,41.91532978109217,chn,0,tracker_actual_2026-08-24
2025-06-21,EU,10.644500560808286,eu,0,tracker_actual_2026-08-24
2025-06-21,Free-trade partners,11.284799275198337,fta,0,tracker_actual_2026-08-24
2025-06-21,Japan,16.758404623230355,jp,0,tracker_actual_2026-08-24
2025-06-21,Mexico,6.411124970698386,mx,0,tracker_actual_2026-08-24
2025-06-21,Rest of World,10.21790886603048,row,0,tracker_actual_2026-08-24
2025-06-21,UK,11.266615305360391,uk,0,tracker_actual_2026-08-24
2025-06-22,Canada,5.680154011047975,ca,0,tracker_actual_2026-08-24
2025-06-22,China,41.91532978109217,chn,0,tracker_actual_2026-08-24
2025-06-22,EU,10.644500560808286,eu,0,tracker_actual_2026-08-24
2025-06-22,Free-trade partners,11.284799275198337,fta,0,tracker_actual_2026-08-24
2025-06-22,Japan,16.758404623230355,jp,0,tracker_actual_2026-08-24
2025-06-22,Mexico,6.411124970698386,mx,0,tracker_actual_2026-08-24
2025-06-22,Rest of World,10.21790886603048,row,0,tracker_actual_2026-08-24
2025-06-22,UK,11.266615305360391,uk,0,tracker_actual_2026-08-24
2025-06-23,Canada,5.680154011047975,ca,0,tracker_actual_2026-08-24
2025-06-23,China,41.91532978109217,chn,0,tracker_actual_2026-08-24
2025-06-23,EU,10.644500560808286,eu,0,tracker_actual_2026-08-24
2025-06-23,Free-trade partners,11.284799275198337,fta,0,tracker_actual_2026-08-24
2025-06-23,Japan,16.758404623230355,jp,0,tracker_actual_2026-08-24
2025-06-23,Mexico,6.411124970698386,mx,0,tracker_actual_2026-08-24
2025-06-23,Rest of World,10.21790886603048,row,0,tracker_actual_2026-08-24
2025-06-23,UK,11.266615305360391,uk,0,tracker_actual_2026-08-24
2025-06-24,Canada,5.680154011047975,ca,0,tracker_actual_2026-08-24
2025-06-24,China,41.91532978109217,chn,0,tracker_actual_2026-08-24
2025-06-24,EU,10.644500560808286,eu,0,tracker_actual_2026-08-24
2025-06-24,Free-trade partners,11.284799275198337,fta,0,tracker_actual_2026-08-24
2025-06-24,Japan,16.758404623230355,jp,0,tracker_actual_2026-08-24
2025-06-24,Mexico,6.411124970698386,mx,0,tracker_actual_2026-08-24
2025-06-24,Rest of World,10.21790886603048,row,0,tracker_actual_2026-08-24
2025-06-24,UK,11.266615305360391,uk,0,tracker_actual_2026-08-24
2025-06-25,Canada,5.680154011047975,ca,0,tracker_actual_2026-08-24
2025-06-25,China,41.91532978109217,chn,0,tracker_actual_2026-08-24
2025-06-25,EU,10.644500560808286,eu,0,tracker_actual_2026-08-24
2025-06-25,Free-trade partners,11.284799275198337,fta,0,tracker_actual_2026-08-24
2025-06-25,Japan,16.758404623230355,jp,0,tracker_actual_2026-08-24
2025-06-25,Mexico,6.411124970698386,mx,0,tracker_actual_2026-08-24
2025-06-25,Rest of World,10.21790886603048,row,0,tracker_actual_2026-08-24
2025-06-25,UK,11.266615305360391,uk,0,tracker_actual_2026-08-24
2025-06-26,Canada,5.680154011047975,ca,0,tracker_actual_2026-08-24
2025-06-26,China,41.91532978109217,chn,0,tracker_actual_2026-08-24
2025-06-26,EU,10.644500560808286,eu,0,tracker_actual_2026-08-24
2025-06-26,Free-trade partners,11.284799275198337,fta,0,tracker_actual_2026-08-24
2025-06-26,Japan,16.758404623230355,jp,0,tracker_actual_2026-08-24
2025-06-26,Mexico,6.411124970698386,mx,0,tracker_actual_2026-08-24
2025-06-26,Rest of World,10.21790886603048,row,0,tracker_actual_2026-08-24
2025-06-26,UK,11.266615305360391,uk,0,tracker_actual_2026-08-24
2025-06-27,Canada,5.680154011047975,ca,0,tracker_actual_2026-08-24
2025-06-27,China,41.91532978109217,chn,0,tracker_actual_2026-08-24
2025-06-27,EU,10.644500560808286,eu,0,tracker_actual_2026-08-24
2025-06-27,Free-trade partners,11.284799275198337,fta,0,tracker_actual_2026-08-24
2025-06-27,Japan,16.758404623230355,jp,0,tracker_actual_2026-08-24
2025-06-27,Mexico,6.411124970698386,mx,0,tracker_actual_2026-08-24
2025-06-27,Rest of World,10.21790886603048,row,0,tracker_actual_2026-08-24
2025-06-27,UK,11.266615305360391,uk,0,tracker_actual_2026-08-24
2025-06-28,Canada,5.680154011047975,ca,0,tracker_actual_2026-08-24
2025-06-28,China,41.91532978109217,chn,0,tracker_actual_2026-08-24
2025-06-28,EU,10.644500560808286,eu,0,tracker_actual_2026-08-24
2025-06-28,Free-trade partners,11.284799275198337,fta,0,tracker_actual_2026-08-24
2025-06-28,Japan,16.758404623230355,jp,0,tracker_actual_2026-08-24
2025-06-28,Mexico,6.411124970698386,mx,0,tracker_actual_2026-08-24
2025-06-28,Rest of World,10.21790886603048,row,0,tracker_actual_2026-08-24
2025-06-28,UK,11.266615305360391,uk,0,tracker_actual_2026-08-24
2025-06-29,Canada,5.680154011047975,ca,0,tracker_actual_2026-08-24
2025-06-29,China,41.91532978109217,chn,0,tracker_actual_2026-08-24
2025-06-29,EU,10.644500560808286,eu,0,tracker_actual_2026-08-24
2025-06-29,Free-trade partners,11.284799275198337,fta,0,tracker_actual_2026-08-24
2025-06-29,Japan,16.758404623230355,jp,0,tracker_actual_2026-08-24
2025-06-29,Mexico,6.411124970698386,mx,0,tracker_actual_2026-08-24
2025-06-29,Rest of World,10.21790886603048,row,0,tracker_actual_2026-08-24
2025-06-29,UK,11.266615305360391,uk,0,tracker_actual_2026-08-24
2025-06-30,Canada,5.680154011047975,ca,0,tracker_actual_2026-08-24
2025-06-30,China,41.91532978109217,chn,0,tracker_actual_2026-08-24
2025-06-30,EU,10.644500560808286,eu,0,tracker_actual_2026-08-24
2025-06-30,Free-trade partners,11.284799275198337,fta,0,tracker_actual_2026-08-24
2025-06-30,Japan,16.758404623230355,jp,0,tracker_actual_2026-08-24
2025-06-30,Mexico,6.411124970698386,mx,0,tracker_actual_2026-08-24
2025-06-30,Rest of World,10.21790886603048,row,0,tracker_actual_2026-08-24
2025-06-30,UK,11.266615305360391,uk,0,tracker_actual_2026-08-24
2025-07-01,Canada,5.67382683314384,ca,0,tracker_actual_2026-08-24
2025-07-01,China,41.91404030125591,chn,0,tracker_actual_2026-08-24
2025-07-01,EU,10.644019528551413,eu,0,tracker_actual_2026-08-24
2025-07-01,Free-trade partners,11.28446646807384,fta,0,tracker_actual_2026-08-24
2025-07-01,Japan,16.758341914278525,jp,0,tracker_actual_2026-08-24
2025-07-01,Mexico,6.416642521987832,mx,0,tracker_actual_2026-08-24
2025-07-01,Rest of World,10.217016095957831,row,0,tracker_actual_2026-08-24
2025-07-01,UK,8.151393159308064,uk,0,tracker_actual_2026-08-24
2025-07-02,Canada,5.67382683314384,ca,0,tracker_actual_2026-08-24
2025-07-02,China,41.91404030125591,chn,0,tracker_actual_2026-08-24
2025-07-02,EU,10.644019528551413,eu,0,tracker_actual_2026-08-24
2025-07-02,Free-trade partners,11.28446646807384,fta,0,tracker_actual_2026-08-24
2025-07-02,Japan,16.758341914278525,jp,0,tracker_actual_2026-08-24
2025-07-02,Mexico,6.416642521987832,mx,0,tracker_actual_2026-08-24
2025-07-02,Rest of World,10.217016095957831,row,0,tracker_actual_2026-08-24
2025-07-02,UK,8.151393159308064,uk,0,tracker_actual_2026-08-24
2025-07-03,Canada,5.67382683314384,ca,0,tracker_actual_2026-08-24
2025-07-03,China,41.91404030125591,chn,0,tracker_actual_2026-08-24
2025-07-03,EU,10.644019528551413,eu,0,tracker_actual_2026-08-24
2025-07-03,Free-trade partners,11.28446646807384,fta,0,tracker_actual_2026-08-24
2025-07-03,Japan,16.758341914278525,jp,0,tracker_actual_2026-08-24
2025-07-03,Mexico,6.416642521987832,mx,0,tracker_actual_2026-08-24
2025-07-03,Rest of World,10.217016095957831,row,0,tracker_actual_2026-08-24
2025-07-03,UK,8.151393159308064,uk,0,tracker_actual_2026-08-24
2025-07-04,Canada,5.67382683314384,ca,0,tracker_actual_2026-08-24
2025-07-04,China,41.91404030125591,chn,0,tracker_actual_2026-08-24
2025-07-04,EU,10.644019528551413,eu,0,tracker_actual_2026-08-24
2025-07-04,Free-trade partners,11.28446646807384,fta,0,tracker_actual_2026-08-24
2025-07-04,Japan,16.758341914278525,jp,0,tracker_actual_2026-08-24
2025-07-04,Mexico,6.416642521987832,mx,0,tracker_actual_2026-08-24
2025-07-04,Rest of World,10.217016095957831,row,0,tracker_actual_2026-08-24
2025-07-04,UK,8.151393159308064,uk,0,tracker_actual_2026-08-24
2025-07-05,Canada,5.67382683314384,ca,0,tracker_actual_2026-08-24
2025-07-05,China,41.91404030125591,chn,0,tracker_actual_2026-08-24
2025-07-05,EU,10.644019528551413,eu,0,tracker_actual_2026-08-24
2025-07-05,Free-trade partners,11.28446646807384,fta,0,tracker_actual_2026-08-24
2025-07-05,Japan,16.758341914278525,jp,0,tracker_actual_2026-08-24
2025-07-05,Mexico,6.416642521987832,mx,0,tracker_actual_2026-08-24
2025-07-05,Rest of World,10.217016095957831,row,0,tracker_actual_2026-08-24
2025-07-05,UK,8.151393159308064,uk,0,tracker_actual_2026-08-24
2025-07-06,Canada,5.67382683314384,ca,0,tracker_actual_2026-08-24
2025-07-06,China,41.91404030125591,chn,0,tracker_actual_2026-08-24
2025-07-06,EU,10.644019528551413,eu,0,tracker_actual_2026-08-24
2025-07-06,Free-trade partners,11.28446646807384,fta,0,tracker_actual_2026-08-24
2025-07-06,Japan,16.758341914278525,jp,0,tracker_actual_2026-08-24
2025-07-06,Mexico,6.416642521987832,mx,0,tracker_actual_2026-08-24
2025-07-06,Rest of World,10.217016095957831,row,0,tracker_actual_2026-08-24
2025-07-06,UK,8.151393159308064,uk,0,tracker_actual_2026-08-24
2025-07-07,Canada,5.67382683314384,ca,0,tracker_actual_2026-08-24
2025-07-07,China,41.91404030125591,chn,0,tracker_actual_2026-08-24
2025-07-07,EU,10.644019528551413,eu,0,tracker_actual_2026-08-24
2025-07-07,Free-trade partners,11.28446646807384,fta,0,tracker_actual_2026-08-24
2025-07-07,Japan,16.758341914278525,jp,0,tracker_actual_2026-08-24
2025-07-07,Mexico,6.416642521987832,mx,0,tracker_actual_2026-08-24
2025-07-07,Rest of World,10.217016095957831,row,0,tracker_actual_2026-08-24
2025-07-07,UK,8.151393159308064,uk,0,tracker_actual_2026-08-24
2025-07-08,Canada,5.67382683314384,ca,0,tracker_actual_2026-08-24
2025-07-08,China,41.91404030125591,chn,0,tracker_actual_2026-08-24
2025-07-08,EU,10.644019528551413,eu,0,tracker_actual_2026-08-24
2025-07-08,Free-trade partners,11.28446646807384,fta,0,tracker_actual_2026-08-24
2025-07-08,Japan,16.758341914278525,jp,0,tracker_actual_2026-08-24
2025-07-08,Mexico,6.416642521987832,mx,0,tracker_actual_2026-08-24
2025-07-08,Rest of World,10.217016095957831,row,0,tracker_actual_2026-08-24
2025-07-08,UK,8.151393159308064,uk,0,tracker_actual_2026-08-24
2025-07-09,Canada,5.67382683314384,ca,0,tracker_actual_2026-08-24
2025-07-09,China,41.91404030125591,chn,0,tracker_actual_2026-08-24
2025-07-09,EU,10.644019528551413,eu,0,tracker_actual_2026-08-24
2025-07-09,Free-trade partners,11.28446646807384,fta,0,tracker_actual_2026-08-24
2025-07-09,Japan,16.758341914278525,jp,0,tracker_actual_2026-08-24
2025-07-09,Mexico,6.416642521987832,mx,0,tracker_actual_2026-08-24
2025-07-09,Rest of World,10.217016095957831,row,0,tracker_actual_2026-08-24
2025-07-09,UK,8.151393159308064,uk,0,tracker_actual_2026-08-24
2025-07-10,Canada,5.67382683314384,ca,0,tracker_actual_2026-08-24
2025-07-10,China,41.91404030125591,chn,0,tracker_actual_2026-08-24
2025-07-10,EU,10.644019528551413,eu,0,tracker_actual_2026-08-24
2025-07-10,Free-trade partners,11.28446646807384,fta,0,tracker_actual_2026-08-24
2025-07-10,Japan,16.758341914278525,jp,0,tracker_actual_2026-08-24
2025-07-10,Mexico,6.416642521987832,mx,0,tracker_actual_2026-08-24
2025-07-10,Rest of World,10.217016095957831,row,0,tracker_actual_2026-08-24
2025-07-10,UK,8.151393159308064,uk,0,tracker_actual_2026-08-24
2025-07-11,Canada,5.67382683314384,ca,0,tracker_actual_2026-08-24
2025-07-11,China,41.91404030125591,chn,0,tracker_actual_2026-08-24
2025-07-11,EU,10.644019528551413,eu,0,tracker_actual_2026-08-24
2025-07-11,Free-trade partners,11.28446646807384,fta,0,tracker_actual_2026-08-24
2025-07-11,Japan,16.758341914278525,jp,0,tracker_actual_2026-08-24
2025-07-11,Mexico,6.416642521987832,mx,0,tracker_actual_2026-08-24
2025-07-11,Rest of World,10.217016095957831,row,0,tracker_actual_2026-08-24
2025-07-11,UK,8.151393159308064,uk,0,tracker_actual_2026-08-24
2025-07-12,Canada,5.67382683314384,ca,0,tracker_actual_2026-08-24
2025-07-12,China,41.91404030125591,chn,0,tracker_actual_2026-08-24
2025-07-12,EU,10.644019528551413,eu,0,tracker_actual_2026-08-24
2025-07-12,Free-trade partners,11.28446646807384,fta,0,tracker_actual_2026-08-24
2025-07-12,Japan,16.758341914278525,jp,0,tracker_actual_2026-08-24
2025-07-12,Mexico,6.416642521987832,mx,0,tracker_actual_2026-08-24
2025-07-12,Rest of World,10.217016095957831,row,0,tracker_actual_2026-08-24
2025-07-12,UK,8.151393159308064,uk,0,tracker_actual_2026-08-24
2025-07-13,Canada,5.67382683314384,ca,0,tracker_actual_2026-08-24
2025-07-13,China,41.91404030125591,chn,0,tracker_actual_2026-08-24
2025-07-13,EU,10.644019528551413,eu,0,tracker_actual_2026-08-24
2025-07-13,Free-trade partners,11.28446646807384,fta,0,tracker_actual_2026-08-24
2025-07-13,Japan,16.758341914278525,jp,0,tracker_actual_2026-08-24
2025-07-13,Mexico,6.416642521987832,mx,0,tracker_actual_2026-08-24
2025-07-13,Rest of World,10.217016095957831,row,0,tracker_actual_2026-08-24
2025-07-13,UK,8.151393159308064,uk,0,tracker_actual_2026-08-24
2025-07-14,Canada,5.67382683314384,ca,0,tracker_actual_2026-08-24
2025-07-14,China,41.91404030125591,chn,0,tracker_actual_2026-08-24
2025-07-14,EU,10.644019528551413,eu,0,tracker_actual_2026-08-24
2025-07-14,Free-trade partners,11.28446646807384,fta,0,tracker_actual_2026-08-24
2025-07-14,Japan,16.758341914278525,jp,0,tracker_actual_2026-08-24
2025-07-14,Mexico,6.416642521987832,mx,0,tracker_actual_2026-08-24
2025-07-14,Rest of World,10.217016095957831,row,0,tracker_actual_2026-08-24
2025-07-14,UK,8.151393159308064,uk,0,tracker_actual_2026-08-24
2025-07-15,Canada,5.67382683314384,ca,0,tracker_actual_2026-08-24
2025-07-15,China,41.91404030125591,chn,0,tracker_actual_2026-08-24
2025-07-15,EU,10.644019528551413,eu,0,tracker_actual_2026-08-24
2025-07-15,Free-trade partners,11.28446646807384,fta,0,tracker_actual_2026-08-24
2025-07-15,Japan,16.758341914278525,jp,0,tracker_actual_2026-08-24
2025-07-15,Mexico,6.416642521987832,mx,0,tracker_actual_2026-08-24
2025-07-15,Rest of World,10.217016095957831,row,0,tracker_actual_2026-08-24
2025-07-15,UK,8.151393159308064,uk,0,tracker_actual_2026-08-24
2025-07-16,Canada,5.67382683314384,ca,0,tracker_actual_2026-08-24
2025-07-16,China,41.91404030125591,chn,0,tracker_actual_2026-08-24
2025-07-16,EU,10.644019528551413,eu,0,tracker_actual_2026-08-24
2025-07-16,Free-trade partners,11.28446646807384,fta,0,tracker_actual_2026-08-24
2025-07-16,Japan,16.758341914278525,jp,0,tracker_actual_2026-08-24
2025-07-16,Mexico,6.416642521987832,mx,0,tracker_actual_2026-08-24
2025-07-16,Rest of World,10.217016095957831,row,0,tracker_actual_2026-08-24
2025-07-16,UK,8.151393159308064,uk,0,tracker_actual_2026-08-24
2025-07-17,Canada,5.67382683314384,ca,0,tracker_actual_2026-08-24
2025-07-17,China,41.91404030125591,chn,0,tracker_actual_2026-08-24
2025-07-17,EU,10.644019528551413,eu,0,tracker_actual_2026-08-24
2025-07-17,Free-trade partners,11.28446646807384,fta,0,tracker_actual_2026-08-24
2025-07-17,Japan,16.758341914278525,jp,0,tracker_actual_2026-08-24
2025-07-17,Mexico,6.416642521987832,mx,0,tracker_actual_2026-08-24
2025-07-17,Rest of World,10.217016095957831,row,0,tracker_actual_2026-08-24
2025-07-17,UK,8.151393159308064,uk,0,tracker_actual_2026-08-24
2025-07-18,Canada,5.67382683314384,ca,0,tracker_actual_2026-08-24
2025-07-18,China,41.91404030125591,chn,0,tracker_actual_2026-08-24
2025-07-18,EU,10.644019528551413,eu,0,tracker_actual_2026-08-24
2025-07-18,Free-trade partners,11.28446646807384,fta,0,tracker_actual_2026-08-24
2025-07-18,Japan,16.758341914278525,jp,0,tracker_actual_2026-08-24
2025-07-18,Mexico,6.416642521987832,mx,0,tracker_actual_2026-08-24
2025-07-18,Rest of World,10.217016095957831,row,0,tracker_actual_2026-08-24
2025-07-18,UK,8.151393159308064,uk,0,tracker_actual_2026-08-24
2025-07-19,Canada,5.67382683314384,ca,0,tracker_actual_2026-08-24
2025-07-19,China,41.91404030125591,chn,0,tracker_actual_2026-08-24
2025-07-19,EU,10.644019528551413,eu,0,tracker_actual_2026-08-24
2025-07-19,Free-trade partners,11.28446646807384,fta,0,tracker_actual_2026-08-24
2025-07-19,Japan,16.758341914278525,jp,0,tracker_actual_2026-08-24
2025-07-19,Mexico,6.416642521987832,mx,0,tracker_actual_2026-08-24
2025-07-19,Rest of World,10.217016095957831,row,0,tracker_actual_2026-08-24
2025-07-19,UK,8.151393159308064,uk,0,tracker_actual_2026-08-24
2025-07-20,Canada,5.67382683314384,ca,0,tracker_actual_2026-08-24
2025-07-20,China,41.91404030125591,chn,0,tracker_actual_2026-08-24
2025-07-20,EU,10.644019528551413,eu,0,tracker_actual_2026-08-24
2025-07-20,Free-trade partners,11.28446646807384,fta,0,tracker_actual_2026-08-24
2025-07-20,Japan,16.758341914278525,jp,0,tracker_actual_2026-08-24
2025-07-20,Mexico,6.416642521987832,mx,0,tracker_actual_2026-08-24
2025-07-20,Rest of World,10.217016095957831,row,0,tracker_actual_2026-08-24
2025-07-20,UK,8.151393159308064,uk,0,tracker_actual_2026-08-24
2025-07-21,Canada,5.67382683314384,ca,0,tracker_actual_2026-08-24
2025-07-21,China,41.91404030125591,chn,0,tracker_actual_2026-08-24
2025-07-21,EU,10.644019528551413,eu,0,tracker_actual_2026-08-24
2025-07-21,Free-trade partners,11.28446646807384,fta,0,tracker_actual_2026-08-24
2025-07-21,Japan,16.758341914278525,jp,0,tracker_actual_2026-08-24
2025-07-21,Mexico,6.416642521987832,mx,0,tracker_actual_2026-08-24
2025-07-21,Rest of World,10.217016095957831,row,0,tracker_actual_2026-08-24
2025-07-21,UK,8.151393159308064,uk,0,tracker_actual_2026-08-24
2025-07-22,Canada,5.67382683314384,ca,0,tracker_actual_2026-08-24
2025-07-22,China,41.91404030125591,chn,0,tracker_actual_2026-08-24
2025-07-22,EU,10.644019528551413,eu,0,tracker_actual_2026-08-24
2025-07-22,Free-trade partners,11.28446646807384,fta,0,tracker_actual_2026-08-24
2025-07-22,Japan,16.758341914278525,jp,0,tracker_actual_2026-08-24
2025-07-22,Mexico,6.416642521987832,mx,0,tracker_actual_2026-08-24
2025-07-22,Rest of World,10.217016095957831,row,0,tracker_actual_2026-08-24
2025-07-22,UK,8.151393159308064,uk,0,tracker_actual_2026-08-24
2025-07-23,Canada,5.67382683314384,ca,0,tracker_actual_2026-08-24
2025-07-23,China,41.91404030125591,chn,0,tracker_actual_2026-08-24
2025-07-23,EU,10.644019528551413,eu,0,tracker_actual_2026-08-24
2025-07-23,Free-trade partners,11.28446646807384,fta,0,tracker_actual_2026-08-24
2025-07-23,Japan,16.758341914278525,jp,0,tracker_actual_2026-08-24
2025-07-23,Mexico,6.416642521987832,mx,0,tracker_actual_2026-08-24
2025-07-23,Rest of World,10.217016095957831,row,0,tracker_actual_2026-08-24
2025-07-23,UK,8.151393159308064,uk,0,tracker_actual_2026-08-24
2025-07-24,Canada,5.67382683314384,ca,0,tracker_actual_2026-08-24
2025-07-24,China,41.91404030125591,chn,0,tracker_actual_2026-08-24
2025-07-24,EU,10.644019528551413,eu,0,tracker_actual_2026-08-24
2025-07-24,Free-trade partners,11.28446646807384,fta,0,tracker_actual_2026-08-24
2025-07-24,Japan,16.758341914278525,jp,0,tracker_actual_2026-08-24
2025-07-24,Mexico,6.416642521987832,mx,0,tracker_actual_2026-08-24
2025-07-24,Rest of World,10.217016095957831,row,0,tracker_actual_2026-08-24
2025-07-24,UK,8.151393159308064,uk,0,tracker_actual_2026-08-24
2025-07-25,Canada,5.67382683314384,ca,0,tracker_actual_2026-08-24
2025-07-25,China,41.91404030125591,chn,0,tracker_actual_2026-08-24
2025-07-25,EU,10.644019528551413,eu,0,tracker_actual_2026-08-24
2025-07-25,Free-trade partners,11.28446646807384,fta,0,tracker_actual_2026-08-24
2025-07-25,Japan,16.758341914278525,jp,0,tracker_actual_2026-08-24
2025-07-25,Mexico,6.416642521987832,mx,0,tracker_actual_2026-08-24
2025-07-25,Rest of World,10.217016095957831,row,0,tracker_actual_2026-08-24
2025-07-25,UK,8.151393159308064,uk,0,tracker_actual_2026-08-24
2025-07-26,Canada,5.67382683314384,ca,0,tracker_actual_2026-08-24
2025-07-26,China,41.91404030125591,chn,0,tracker_actual_2026-08-24
2025-07-26,EU,10.644019528551413,eu,0,tracker_actual_2026-08-24
2025-07-26,Free-trade partners,11.28446646807384,fta,0,tracker_actual_2026-08-24
2025-07-26,Japan,16.758341914278525,jp,0,tracker_actual_2026-08-24
2025-07-26,Mexico,6.416642521987832,mx,0,tracker_actual_2026-08-24
2025-07-26,Rest of World,10.217016095957831,row,0,tracker_actual_2026-08-24
2025-07-26,UK,8.151393159308064,uk,0,tracker_actual_2026-08-24
2025-07-27,Canada,5.67382683314384,ca,0,tracker_actual_2026-08-24
2025-07-27,China,41.91404030125591,chn,0,tracker_actual_2026-08-24
2025-07-27,EU,10.644019528551413,eu,0,tracker_actual_2026-08-24
2025-07-27,Free-trade partners,11.28446646807384,fta,0,tracker_actual_2026-08-24
2025-07-27,Japan,16.758341914278525,jp,0,tracker_actual_2026-08-24
2025-07-27,Mexico,6.416642521987832,mx,0,tracker_actual_2026-08-24
2025-07-27,Rest of World,10.217016095957831,row,0,tracker_actual_2026-08-24
2025-07-27,UK,8.151393159308064,uk,0,tracker_actual_2026-08-24
2025-07-28,Canada,5.67382683314384,ca,0,tracker_actual_2026-08-24
2025-07-28,China,41.91404030125591,chn,0,tracker_actual_2026-08-24
2025-07-28,EU,10.644019528551413,eu,0,tracker_actual_2026-08-24
2025-07-28,Free-trade partners,11.28446646807384,fta,0,tracker_actual_2026-08-24
2025-07-28,Japan,16.758341914278525,jp,0,tracker_actual_2026-08-24
2025-07-28,Mexico,6.416642521987832,mx,0,tracker_actual_2026-08-24
2025-07-28,Rest of World,10.217016095957831,row,0,tracker_actual_2026-08-24
2025-07-28,UK,8.151393159308064,uk,0,tracker_actual_2026-08-24
2025-07-29,Canada,5.67382683314384,ca,0,tracker_actual_2026-08-24
2025-07-29,China,41.91404030125591,chn,0,tracker_actual_2026-08-24
2025-07-29,EU,10.644019528551413,eu,0,tracker_actual_2026-08-24
2025-07-29,Free-trade partners,11.28446646807384,fta,0,tracker_actual_2026-08-24
2025-07-29,Japan,16.758341914278525,jp,0,tracker_actual_2026-08-24
2025-07-29,Mexico,6.416642521987832,mx,0,tracker_actual_2026-08-24
2025-07-29,Rest of World,10.217016095957831,row,0,tracker_actual_2026-08-24
2025-07-29,UK,8.151393159308064,uk,0,tracker_actual_2026-08-24
2025-07-30,Canada,5.67382683314384,ca,0,tracker_actual_2026-08-24
2025-07-30,China,41.91404030125591,chn,0,tracker_actual_2026-08-24
2025-07-30,EU,10.644019528551413,eu,0,tracker_actual_2026-08-24
2025-07-30,Free-trade partners,11.28446646807384,fta,0,tracker_actual_2026-08-24
2025-07-30,Japan,16.758341914278525,jp,0,tracker_actual_2026-08-24
2025-07-30,Mexico,6.416642521987832,mx,0,tracker_actual_2026-08-24
2025-07-30,Rest of World,10.217016095957831,row,0,tracker_actual_2026-08-24
2025-07-30,UK,8.151393159308064,uk,0,tracker_actual_2026-08-24
2025-07-31,Canada,5.67382683314384,ca,0,tracker_actual_2026-08-24
2025-07-31,China,41.91404030125591,chn,0,tracker_actual_2026-08-24
2025-07-31,EU,10.644019528551413,eu,0,tracker_actual_2026-08-24
2025-07-31,Free-trade partners,11.28446646807384,fta,0,tracker_actual_2026-08-24
2025-07-31,Japan,16.758341914278525,jp,0,tracker_actual_2026-08-24
2025-07-31,Mexico,6.416642521987832,mx,0,tracker_actual_2026-08-24
2025-07-31,Rest of World,10.217016095957831,row,0,tracker_actual_2026-08-24
2025-07-31,UK,8.151393159308064,uk,0,tracker_actual_2026-08-24
2025-08-01,Canada,6.431908374358904,ca,0,tracker_actual_2026-08-24
2025-08-01,China,42.06241645733947,chn,0,tracker_actual_2026-08-24
2025-08-01,EU,10.771114550812149,eu,0,tracker_actual_2026-08-24
2025-08-01,Free-trade partners,11.4689265780514,fta,0,tracker_actual_2026-08-24
2025-08-01,Japan,16.814255753994303,jp,0,tracker_actual_2026-08-24
2025-08-01,Mexico,6.557880598906996,mx,0,tracker_actual_2026-08-24
2025-08-01,Rest of World,10.341339361852077,row,0,tracker_actual_2026-08-24
2025-08-01,UK,8.236315919066607,uk,0,tracker_actual_2026-08-24
2025-08-02,Canada,6.431908374358904,ca,0,tracker_actual_2026-08-24
2025-08-02,China,42.06241645733947,chn,0,tracker_actual_2026-08-24
2025-08-02,EU,10.771114550812149,eu,0,tracker_actual_2026-08-24
2025-08-02,Free-trade partners,11.4689265780514,fta,0,tracker_actual_2026-08-24
2025-08-02,Japan,16.814255753994303,jp,0,tracker_actual_2026-08-24
2025-08-02,Mexico,6.557880598906996,mx,0,tracker_actual_2026-08-24
2025-08-02,Rest of World,10.341339361852077,row,0,tracker_actual_2026-08-24
2025-08-02,UK,8.236315919066607,uk,0,tracker_actual_2026-08-24
2025-08-03,Canada,6.431908374358904,ca,0,tracker_actual_2026-08-24
2025-08-03,China,42.06241645733947,chn,0,tracker_actual_2026-08-24
2025-08-03,EU,10.771114550812149,eu,0,tracker_actual_2026-08-24
2025-08-03,Free-trade partners,11.4689265780514,fta,0,tracker_actual_2026-08-24
2025-08-03,Japan,16.814255753994303,jp,0,tracker_actual_2026-08-24
2025-08-03,Mexico,6.557880598906996,mx,0,tracker_actual_2026-08-24
2025-08-03,Rest of World,10.341339361852077,row,0,tracker_actual_2026-08-24
2025-08-03,UK,8.236315919066607,uk,0,tracker_actual_2026-08-24
2025-08-04,Canada,6.431908374358904,ca,0,tracker_actual_2026-08-24
2025-08-04,China,42.06241645733947,chn,0,tracker_actual_2026-08-24
2025-08-04,EU,10.771114550812149,eu,0,tracker_actual_2026-08-24
2025-08-04,Free-trade partners,11.4689265780514,fta,0,tracker_actual_2026-08-24
2025-08-04,Japan,16.814255753994303,jp,0,tracker_actual_2026-08-24
2025-08-04,Mexico,6.557880598906996,mx,0,tracker_actual_2026-08-24
2025-08-04,Rest of World,10.341339361852077,row,0,tracker_actual_2026-08-24
2025-08-04,UK,8.236315919066607,uk,0,tracker_actual_2026-08-24
2025-08-05,Canada,6.431908374358904,ca,0,tracker_actual_2026-08-24
2025-08-05,China,42.06241645733947,chn,0,tracker_actual_2026-08-24
2025-08-05,EU,10.771114550812149,eu,0,tracker_actual_2026-08-24
2025-08-05,Free-trade partners,11.4689265780514,fta,0,tracker_actual_2026-08-24
2025-08-05,Japan,16.814255753994303,jp,0,tracker_actual_2026-08-24
2025-08-05,Mexico,6.557880598906996,mx,0,tracker_actual_2026-08-24
2025-08-05,Rest of World,10.341339361852077,row,0,tracker_actual_2026-08-24
2025-08-05,UK,8.236315919066607,uk,0,tracker_actual_2026-08-24
2025-08-06,Canada,6.431908374358904,ca,0,tracker_actual_2026-08-24
2025-08-06,China,42.06241645733947,chn,0,tracker_actual_2026-08-24
2025-08-06,EU,10.771114550812149,eu,0,tracker_actual_2026-08-24
2025-08-06,Free-trade partners,11.4689265780514,fta,0,tracker_actual_2026-08-24
2025-08-06,Japan,16.814255753994303,jp,0,tracker_actual_2026-08-24
2025-08-06,Mexico,6.557880598906996,mx,0,tracker_actual_2026-08-24
2025-08-06,Rest of World,10.341339361852077,row,0,tracker_actual_2026-08-24
2025-08-06,UK,8.236315919066607,uk,0,tracker_actual_2026-08-24
2025-08-07,Canada,6.431908374358904,ca,0,tracker_actual_2026-08-24
2025-08-07,China,42.06241645733947,chn,0,tracker_actual_2026-08-24
2025-08-07,EU,12.423399311609204,eu,0,tracker_actual_2026-08-24
2025-08-07,Free-trade partners,12.706648659482699,fta,0,tracker_actual_2026-08-24
2025-08-07,Japan,18.647363916933784,jp,0,tracker_actual_2026-08-24
2025-08-07,Mexico,6.557880598906996,mx,0,tracker_actual_2026-08-24
2025-08-07,Rest of World,16.927067539159122,row,0,tracker_actual_2026-08-24
2025-08-07,UK,8.236315919066607,uk,0,tracker_actual_2026-08-24
2025-08-08,Canada,6.431908374358904,ca,0,tracker_actual_2026-08-24
2025-08-08,China,42.06241645733947,chn,0,tracker_actual_2026-08-24
2025-08-08,EU,12.423399311609204,eu,0,tracker_actual_2026-08-24
2025-08-08,Free-trade partners,12.706648659482699,fta,0,tracker_actual_2026-08-24
2025-08-08,Japan,18.647363916933784,jp,0,tracker_actual_2026-08-24
2025-08-08,Mexico,6.557880598906996,mx,0,tracker_actual_2026-08-24
2025-08-08,Rest of World,16.927067539159122,row,0,tracker_actual_2026-08-24
2025-08-08,UK,8.236315919066607,uk,0,tracker_actual_2026-08-24
2025-08-09,Canada,6.431908374358904,ca,0,tracker_actual_2026-08-24
2025-08-09,China,42.06241645733947,chn,0,tracker_actual_2026-08-24
2025-08-09,EU,12.423399311609204,eu,0,tracker_actual_2026-08-24
2025-08-09,Free-trade partners,12.706648659482699,fta,0,tracker_actual_2026-08-24
2025-08-09,Japan,18.647363916933784,jp,0,tracker_actual_2026-08-24
2025-08-09,Mexico,6.557880598906996,mx,0,tracker_actual_2026-08-24
2025-08-09,Rest of World,16.927067539159122,row,0,tracker_actual_2026-08-24
2025-08-09,UK,8.236315919066607,uk,0,tracker_actual_2026-08-24
2025-08-10,Canada,6.431908374358904,ca,0,tracker_actual_2026-08-24
2025-08-10,China,42.06241645733947,chn,0,tracker_actual_2026-08-24
2025-08-10,EU,12.423399311609204,eu,0,tracker_actual_2026-08-24
2025-08-10,Free-trade partners,12.706648659482699,fta,0,tracker_actual_2026-08-24
2025-08-10,Japan,18.647363916933784,jp,0,tracker_actual_2026-08-24
2025-08-10,Mexico,6.557880598906996,mx,0,tracker_actual_2026-08-24
2025-08-10,Rest of World,16.927067539159122,row,0,tracker_actual_2026-08-24
2025-08-10,UK,8.236315919066607,uk,0,tracker_actual_2026-08-24
2025-08-11,Canada,6.431908374358904,ca,0,tracker_actual_2026-08-24
2025-08-11,China,42.06241645733947,chn,0,tracker_actual_2026-08-24
2025-08-11,EU,12.423399311609204,eu,0,tracker_actual_2026-08-24
2025-08-11,Free-trade partners,12.706648659482699,fta,0,tracker_actual_2026-08-24
2025-08-11,Japan,18.647363916933784,jp,0,tracker_actual_2026-08-24
2025-08-11,Mexico,6.557880598906996,mx,0,tracker_actual_2026-08-24
2025-08-11,Rest of World,16.927067539159122,row,0,tracker_actual_2026-08-24
2025-08-11,UK,8.236315919066607,uk,0,tracker_actual_2026-08-24
2025-08-12,Canada,6.431908374358904,ca,0,tracker_actual_2026-08-24
2025-08-12,China,42.06241645733947,chn,0,tracker_actual_2026-08-24
2025-08-12,EU,12.423399311609204,eu,0,tracker_actual_2026-08-24
2025-08-12,Free-trade partners,12.706648659482699,fta,0,tracker_actual_2026-08-24
2025-08-12,Japan,18.647363916933784,jp,0,tracker_actual_2026-08-24
2025-08-12,Mexico,6.557880598906996,mx,0,tracker_actual_2026-08-24
2025-08-12,Rest of World,16.927067539159122,row,0,tracker_actual_2026-08-24
2025-08-12,UK,8.236315919066607,uk,0,tracker_actual_2026-08-24
2025-08-13,Canada,6.431908374358904,ca,0,tracker_actual_2026-08-24
2025-08-13,China,42.06241645733947,chn,0,tracker_actual_2026-08-24
2025-08-13,EU,12.423399311609204,eu,0,tracker_actual_2026-08-24
2025-08-13,Free-trade partners,12.706648659482699,fta,0,tracker_actual_2026-08-24
2025-08-13,Japan,18.647363916933784,jp,0,tracker_actual_2026-08-24
2025-08-13,Mexico,6.557880598906996,mx,0,tracker_actual_2026-08-24
2025-08-13,Rest of World,16.927067539159122,row,0,tracker_actual_2026-08-24
2025-08-13,UK,8.236315919066607,uk,0,tracker_actual_2026-08-24
2025-08-14,Canada,6.431908374358904,ca,0,tracker_actual_2026-08-24
2025-08-14,China,42.06241645733947,chn,0,tracker_actual_2026-08-24
2025-08-14,EU,12.423399311609204,eu,0,tracker_actual_2026-08-24
2025-08-14,Free-trade partners,12.706648659482699,fta,0,tracker_actual_2026-08-24
2025-08-14,Japan,18.647363916933784,jp,0,tracker_actual_2026-08-24
2025-08-14,Mexico,6.557880598906996,mx,0,tracker_actual_2026-08-24
2025-08-14,Rest of World,16.927067539159122,row,0,tracker_actual_2026-08-24
2025-08-14,UK,8.236315919066607,uk,0,tracker_actual_2026-08-24
2025-08-15,Canada,6.431908374358904,ca,0,tracker_actual_2026-08-24
2025-08-15,China,42.06241645733947,chn,0,tracker_actual_2026-08-24
2025-08-15,EU,12.423399311609204,eu,0,tracker_actual_2026-08-24
2025-08-15,Free-trade partners,12.706648659482699,fta,0,tracker_actual_2026-08-24
2025-08-15,Japan,18.647363916933784,jp,0,tracker_actual_2026-08-24
2025-08-15,Mexico,6.557880598906996,mx,0,tracker_actual_2026-08-24
2025-08-15,Rest of World,16.927067539159122,row,0,tracker_actual_2026-08-24
2025-08-15,UK,8.236315919066607,uk,0,tracker_actual_2026-08-24
2025-08-16,Canada,6.431908374358904,ca,0,tracker_actual_2026-08-24
2025-08-16,China,42.06241645733947,chn,0,tracker_actual_2026-08-24
2025-08-16,EU,12.423399311609204,eu,0,tracker_actual_2026-08-24
2025-08-16,Free-trade partners,12.706648659482699,fta,0,tracker_actual_2026-08-24
2025-08-16,Japan,18.647363916933784,jp,0,tracker_actual_2026-08-24
2025-08-16,Mexico,6.557880598906996,mx,0,tracker_actual_2026-08-24
2025-08-16,Rest of World,16.927067539159122,row,0,tracker_actual_2026-08-24
2025-08-16,UK,8.236315919066607,uk,0,tracker_actual_2026-08-24
2025-08-17,Canada,6.431908374358904,ca,0,tracker_actual_2026-08-24
2025-08-17,China,42.06241645733947,chn,0,tracker_actual_2026-08-24
2025-08-17,EU,12.423399311609204,eu,0,tracker_actual_2026-08-24
2025-08-17,Free-trade partners,12.706648659482699,fta,0,tracker_actual_2026-08-24
2025-08-17,Japan,18.647363916933784,jp,0,tracker_actual_2026-08-24
2025-08-17,Mexico,6.557880598906996,mx,0,tracker_actual_2026-08-24
2025-08-17,Rest of World,16.927067539159122,row,0,tracker_actual_2026-08-24
2025-08-17,UK,8.236315919066607,uk,0,tracker_actual_2026-08-24
2025-08-18,Canada,6.688302433412549,ca,0,tracker_actual_2026-08-24
2025-08-18,China,42.32363078635028,chn,0,tracker_actual_2026-08-24
2025-08-18,EU,12.781599798577496,eu,0,tracker_actual_2026-08-24
2025-08-18,Free-trade partners,12.899462152684867,fta,0,tracker_actual_2026-08-24
2025-08-18,Japan,19.28654459151871,jp,0,tracker_actual_2026-08-24
2025-08-18,Mexico,6.991919543747432,mx,0,tracker_actual_2026-08-24
2025-08-18,Rest of World,17.02138018650462,row,0,tracker_actual_2026-08-24
2025-08-18,UK,8.40155319265734,uk,0,tracker_actual_2026-08-24
2025-08-19,Canada,6.688302433412549,ca,0,tracker_actual_2026-08-24
2025-08-19,China,42.32363078635028,chn,0,tracker_actual_2026-08-24
2025-08-19,EU,12.781599798577496,eu,0,tracker_actual_2026-08-24
2025-08-19,Free-trade partners,12.899462152684867,fta,0,tracker_actual_2026-08-24
2025-08-19,Japan,19.28654459151871,jp,0,tracker_actual_2026-08-24
2025-08-19,Mexico,6.991919543747432,mx,0,tracker_actual_2026-08-24
2025-08-19,Rest of World,17.02138018650462,row,0,tracker_actual_2026-08-24
2025-08-19,UK,8.40155319265734,uk,0,tracker_actual_2026-08-24
2025-08-20,Canada,6.688302433412549,ca,0,tracker_actual_2026-08-24
2025-08-20,China,42.32363078635028,chn,0,tracker_actual_2026-08-24
2025-08-20,EU,12.781599798577496,eu,0,tracker_actual_2026-08-24
2025-08-20,Free-trade partners,12.899462152684867,fta,0,tracker_actual_2026-08-24
2025-08-20,Japan,19.28654459151871,jp,0,tracker_actual_2026-08-24
2025-08-20,Mexico,6.991919543747432,mx,0,tracker_actual_2026-08-24
2025-08-20,Rest of World,17.02138018650462,row,0,tracker_actual_2026-08-24
2025-08-20,UK,8.40155319265734,uk,0,tracker_actual_2026-08-24
2025-08-21,Canada,6.688302433412549,ca,0,tracker_actual_2026-08-24
2025-08-21,China,42.32363078635028,chn,0,tracker_actual_2026-08-24
2025-08-21,EU,12.781599798577496,eu,0,tracker_actual_2026-08-24
2025-08-21,Free-trade partners,12.899462152684867,fta,0,tracker_actual_2026-08-24
2025-08-21,Japan,19.28654459151871,jp,0,tracker_actual_2026-08-24
2025-08-21,Mexico,6.991919543747432,mx,0,tracker_actual_2026-08-24
2025-08-21,Rest of World,17.02138018650462,row,0,tracker_actual_2026-08-24
2025-08-21,UK,8.40155319265734,uk,0,tracker_actual_2026-08-24
2025-08-22,Canada,6.688302433412549,ca,0,tracker_actual_2026-08-24
2025-08-22,China,42.32363078635028,chn,0,tracker_actual_2026-08-24
2025-08-22,EU,12.781599798577496,eu,0,tracker_actual_2026-08-24
2025-08-22,Free-trade partners,12.899462152684867,fta,0,tracker_actual_2026-08-24
2025-08-22,Japan,19.28654459151871,jp,0,tracker_actual_2026-08-24
2025-08-22,Mexico,6.991919543747432,mx,0,tracker_actual_2026-08-24
2025-08-22,Rest of World,17.02138018650462,row,0,tracker_actual_2026-08-24
2025-08-22,UK,8.40155319265734,uk,0,tracker_actual_2026-08-24
2025-08-23,Canada,6.688302433412549,ca,0,tracker_actual_2026-08-24
2025-08-23,China,42.32363078635028,chn,0,tracker_actual_2026-08-24
2025-08-23,EU,12.781599798577496,eu,0,tracker_actual_2026-08-24
2025-08-23,Free-trade partners,12.899462152684867,fta,0,tracker_actual_2026-08-24
2025-08-23,Japan,19.28654459151871,jp,0,tracker_actual_2026-08-24
2025-08-23,Mexico,6.991919543747432,mx,0,tracker_actual_2026-08-24
2025-08-23,Rest of World,17.02138018650462,row,0,tracker_actual_2026-08-24
2025-08-23,UK,8.40155319265734,uk,0,tracker_actual_2026-08-24
2025-08-24,Canada,6.688302433412549,ca,0,tracker_actual_2026-08-24
2025-08-24,China,42.32363078635028,chn,0,tracker_actual_2026-08-24
2025-08-24,EU,12.781599798577496,eu,0,tracker_actual_2026-08-24
2025-08-24,Free-trade partners,12.899462152684867,fta,0,tracker_actual_2026-08-24
2025-08-24,Japan,19.28654459151871,jp,0,tracker_actual_2026-08-24
2025-08-24,Mexico,6.991919543747432,mx,0,tracker_actual_2026-08-24
2025-08-24,Rest of World,17.02138018650462,row,0,tracker_actual_2026-08-24
2025-08-24,UK,8.40155319265734,uk,0,tracker_actual_2026-08-24
2025-08-25,Canada,6.688302433412549,ca,0,tracker_actual_2026-08-24
2025-08-25,China,42.32363078635028,chn,0,tracker_actual_2026-08-24
2025-08-25,EU,12.781599798577496,eu,0,tracker_actual_2026-08-24
2025-08-25,Free-trade partners,12.899462152684867,fta,0,tracker_actual_2026-08-24
2025-08-25,Japan,19.28654459151871,jp,0,tracker_actual_2026-08-24
2025-08-25,Mexico,6.991919543747432,mx,0,tracker_actual_2026-08-24
2025-08-25,Rest of World,17.02138018650462,row,0,tracker_actual_2026-08-24
2025-08-25,UK,8.40155319265734,uk,0,tracker_actual_2026-08-24
2025-08-26,Canada,6.688302433412549,ca,0,tracker_actual_2026-08-24
2025-08-26,China,42.32363078635028,chn,0,tracker_actual_2026-08-24
2025-08-26,EU,12.781599798577496,eu,0,tracker_actual_2026-08-24
2025-08-26,Free-trade partners,12.899462152684867,fta,0,tracker_actual_2026-08-24
2025-08-26,Japan,19.28654459151871,jp,0,tracker_actual_2026-08-24
2025-08-26,Mexico,6.991919543747432,mx,0,tracker_actual_2026-08-24
2025-08-26,Rest of World,17.02138018650462,row,0,tracker_actual_2026-08-24
2025-08-26,UK,8.40155319265734,uk,0,tracker_actual_2026-08-24
2025-08-27,Canada,6.688302433412549,ca,0,tracker_actual_2026-08-24
2025-08-27,China,42.32363078635028,chn,0,tracker_actual_2026-08-24
2025-08-27,EU,12.781599798577496,eu,0,tracker_actual_2026-08-24
2025-08-27,Free-trade partners,12.899462152684867,fta,0,tracker_actual_2026-08-24
2025-08-27,Japan,19.28654459151871,jp,0,tracker_actual_2026-08-24
2025-08-27,Mexico,6.991919543747432,mx,0,tracker_actual_2026-08-24
2025-08-27,Rest of World,18.696185296488473,row,0,tracker_actual_2026-08-24
2025-08-27,UK,8.40155319265734,uk,0,tracker_actual_2026-08-24
2025-08-28,Canada,6.688302433412549,ca,0,tracker_actual_2026-08-24
2025-08-28,China,42.32363078635028,chn,0,tracker_actual_2026-08-24
2025-08-28,EU,12.781599798577496,eu,0,tracker_actual_2026-08-24
2025-08-28,Free-trade partners,12.899462152684867,fta,0,tracker_actual_2026-08-24
2025-08-28,Japan,19.28654459151871,jp,0,tracker_actual_2026-08-24
2025-08-28,Mexico,6.991919543747432,mx,0,tracker_actual_2026-08-24
2025-08-28,Rest of World,18.696185296488473,row,0,tracker_actual_2026-08-24
2025-08-28,UK,8.40155319265734,uk,0,tracker_actual_2026-08-24
2025-08-29,Canada,6.688302433412549,ca,0,tracker_actual_2026-08-24
2025-08-29,China,42.32363078635028,chn,0,tracker_actual_2026-08-24
2025-08-29,EU,12.781599798577496,eu,0,tracker_actual_2026-08-24
2025-08-29,Free-trade partners,12.899462152684867,fta,0,tracker_actual_2026-08-24
2025-08-29,Japan,19.28654459151871,jp,0,tracker_actual_2026-08-24
2025-08-29,Mexico,6.991919543747432,mx,0,tracker_actual_2026-08-24
2025-08-29,Rest of World,18.696185296488473,row,0,tracker_actual_2026-08-24
2025-08-29,UK,8.40155319265734,uk,0,tracker_actual_2026-08-24
2025-08-30,Canada,6.688302433412549,ca,0,tracker_actual_2026-08-24
2025-08-30,China,42.32363078635028,chn,0,tracker_actual_2026-08-24
2025-08-30,EU,12.781599798577496,eu,0,tracker_actual_2026-08-24
2025-08-30,Free-trade partners,12.899462152684867,fta,0,tracker_actual_2026-08-24
2025-08-30,Japan,19.28654459151871,jp,0,tracker_actual_2026-08-24
2025-08-30,Mexico,6.991919543747432,mx,0,tracker_actual_2026-08-24
2025-08-30,Rest of World,18.696185296488473,row,0,tracker_actual_2026-08-24
2025-08-30,UK,8.40155319265734,uk,0,tracker_actual_2026-08-24
2025-08-31,Canada,6.688302433412549,ca,0,tracker_actual_2026-08-24
2025-08-31,China,42.32363078635028,chn,0,tracker_actual_2026-08-24
2025-08-31,EU,12.781599798577496,eu,0,tracker_actual_2026-08-24
2025-08-31,Free-trade partners,12.899462152684867,fta,0,tracker_actual_2026-08-24
2025-08-31,Japan,19.28654459151871,jp,0,tracker_actual_2026-08-24
2025-08-31,Mexico,6.991919543747432,mx,0,tracker_actual_2026-08-24
2025-08-31,Rest of World,18.696185296488473,row,0,tracker_actual_2026-08-24
2025-08-31,UK,8.40155319265734,uk,0,tracker_actual_2026-08-24
2025-09-01,Canada,6.688302433412549,ca,1,tracker_actual_2026-08-24
2025-09-01,China,42.825913471218705,chn,1,tracker_actual_2026-08-24
2025-09-01,EU,12.781599798577496,eu,1,tracker_actual_2026-08-24
2025-09-01,Free-trade partners,12.899462152684867,fta,1,tracker_actual_2026-08-24
2025-09-01,Japan,19.28654459151871,jp,1,tracker_actual_2026-08-24
2025-09-01,Mexico,6.991919543747432,mx,1,tracker_actual_2026-08-24
2025-09-01,Rest of World,18.696185296488473,row,1,tracker_actual_2026-08-24
2025-09-01,UK,8.40155319265734,uk,1,tracker_actual_2026-08-24
2025-09-02,Canada,6.688302433412549,ca,0,tracker_actual_2026-08-24
2025-09-02,China,42.32363078635028,chn,0,tracker_actual_2026-08-24
2025-09-02,EU,12.781599798577496,eu,0,tracker_actual_2026-08-24
2025-09-02,Free-trade partners,12.899462152684867,fta,0,tracker_actual_2026-08-24
2025-09-02,Japan,19.28654459151871,jp,0,tracker_actual_2026-08-24
2025-09-02,Mexico,6.991919543747432,mx,0,tracker_actual_2026-08-24
2025-09-02,Rest of World,18.696185296488473,row,0,tracker_actual_2026-08-24
2025-09-02,UK,8.40155319265734,uk,0,tracker_actual_2026-08-24
2025-09-03,Canada,6.688302433412549,ca,0,tracker_actual_2026-08-24
2025-09-03,China,42.32363078635028,chn,0,tracker_actual_2026-08-24
2025-09-03,EU,12.781599798577496,eu,0,tracker_actual_2026-08-24
2025-09-03,Free-trade partners,12.899462152684867,fta,0,tracker_actual_2026-08-24
2025-09-03,Japan,19.28654459151871,jp,0,tracker_actual_2026-08-24
2025-09-03,Mexico,6.991919543747432,mx,0,tracker_actual_2026-08-24
2025-09-03,Rest of World,18.696185296488473,row,0,tracker_actual_2026-08-24
2025-09-03,UK,8.40155319265734,uk,0,tracker_actual_2026-08-24
2025-09-04,Canada,6.688302433412549,ca,0,tracker_actual_2026-08-24
2025-09-04,China,42.32363078635028,chn,0,tracker_actual_2026-08-24
2025-09-04,EU,12.781599798577496,eu,0,tracker_actual_2026-08-24
2025-09-04,Free-trade partners,12.899462152684867,fta,0,tracker_actual_2026-08-24
2025-09-04,Japan,19.28654459151871,jp,0,tracker_actual_2026-08-24
2025-09-04,Mexico,6.991919543747432,mx,0,tracker_actual_2026-08-24
2025-09-04,Rest of World,18.696185296488473,row,0,tracker_actual_2026-08-24
2025-09-04,UK,8.40155319265734,uk,0,tracker_actual_2026-08-24
2025-09-05,Canada,6.688302433412549,ca,0,tracker_actual_2026-08-24
2025-09-05,China,42.32363078635028,chn,0,tracker_actual_2026-08-24
2025-09-05,EU,12.781599798577496,eu,0,tracker_actual_2026-08-24
2025-09-05,Free-trade partners,12.899462152684867,fta,0,tracker_actual_2026-08-24
2025-09-05,Japan,19.28654459151871,jp,0,tracker_actual_2026-08-24
2025-09-05,Mexico,6.991919543747432,mx,0,tracker_actual_2026-08-24
2025-09-05,Rest of World,18.696185296488473,row,0,tracker_actual_2026-08-24
2025-09-05,UK,8.40155319265734,uk,0,tracker_actual_2026-08-24
2025-09-06,Canada,6.688302433412549,ca,0,tracker_actual_2026-08-24
2025-09-06,China,42.32363078635028,chn,0,tracker_actual_2026-08-24
2025-09-06,EU,12.781599798577496,eu,0,tracker_actual_2026-08-24
2025-09-06,Free-trade partners,12.899462152684867,fta,0,tracker_actual_2026-08-24
2025-09-06,Japan,19.28654459151871,jp,0,tracker_actual_2026-08-24
2025-09-06,Mexico,6.991919543747432,mx,0,tracker_actual_2026-08-24
2025-09-06,Rest of World,18.696185296488473,row,0,tracker_actual_2026-08-24
2025-09-06,UK,8.40155319265734,uk,0,tracker_actual_2026-08-24
2025-09-07,Canada,6.688302433412549,ca,0,tracker_actual_2026-08-24
2025-09-07,China,42.32363078635028,chn,0,tracker_actual_2026-08-24
2025-09-07,EU,12.781599798577496,eu,0,tracker_actual_2026-08-24
2025-09-07,Free-trade partners,12.899462152684867,fta,0,tracker_actual_2026-08-24
2025-09-07,Japan,19.28654459151871,jp,0,tracker_actual_2026-08-24
2025-09-07,Mexico,6.991919543747432,mx,0,tracker_actual_2026-08-24
2025-09-07,Rest of World,18.696185296488473,row,0,tracker_actual_2026-08-24
2025-09-07,UK,8.40155319265734,uk,0,tracker_actual_2026-08-24
2025-09-08,Canada,6.688302433412549,ca,0,tracker_actual_2026-08-24
2025-09-08,China,42.31359906274538,chn,0,tracker_actual_2026-08-24
2025-09-08,EU,12.775547852300903,eu,0,tracker_actual_2026-08-24
2025-09-08,Free-trade partners,12.83705031050999,fta,0,tracker_actual_2026-08-24
2025-09-08,Japan,19.288064128540846,jp,0,tracker_actual_2026-08-24
2025-09-08,Mexico,6.991919543747432,mx,0,tracker_actual_2026-08-24
2025-09-08,Rest of World,17.949776865581278,row,0,tracker_actual_2026-08-24
2025-09-08,UK,8.374088119552006,uk,0,tracker_actual_2026-08-24
2025-09-09,Canada,6.688302433412549,ca,0,tracker_actual_2026-08-24
2025-09-09,China,42.31359906274538,chn,0,tracker_actual_2026-08-24
2025-09-09,EU,12.775547852300903,eu,0,tracker_actual_2026-08-24
2025-09-09,Free-trade partners,12.83705031050999,fta,0,tracker_actual_2026-08-24
2025-09-09,Japan,19.288064128540846,jp,0,tracker_actual_2026-08-24
2025-09-09,Mexico,6.991919543747432,mx,0,tracker_actual_2026-08-24
2025-09-09,Rest of World,17.949776865581278,row,0,tracker_actual_2026-08-24
2025-09-09,UK,8.374088119552006,uk,0,tracker_actual_2026-08-24
2025-09-10,Canada,6.688302433412549,ca,0,tracker_actual_2026-08-24
2025-09-10,China,42.31359906274538,chn,0,tracker_actual_2026-08-24
2025-09-10,EU,12.775547852300903,eu,0,tracker_actual_2026-08-24
2025-09-10,Free-trade partners,12.83705031050999,fta,0,tracker_actual_2026-08-24
2025-09-10,Japan,19.288064128540846,jp,0,tracker_actual_2026-08-24
2025-09-10,Mexico,6.991919543747432,mx,0,tracker_actual_2026-08-24
2025-09-10,Rest of World,17.949776865581278,row,0,tracker_actual_2026-08-24
2025-09-10,UK,8.374088119552006,uk,0,tracker_actual_2026-08-24
2025-09-11,Canada,6.688302433412549,ca,0,tracker_actual_2026-08-24
2025-09-11,China,42.31359906274538,chn,0,tracker_actual_2026-08-24
2025-09-11,EU,12.775547852300903,eu,0,tracker_actual_2026-08-24
2025-09-11,Free-trade partners,12.83705031050999,fta,0,tracker_actual_2026-08-24
2025-09-11,Japan,19.288064128540846,jp,0,tracker_actual_2026-08-24
2025-09-11,Mexico,6.991919543747432,mx,0,tracker_actual_2026-08-24
2025-09-11,Rest of World,17.949776865581278,row,0,tracker_actual_2026-08-24
2025-09-11,UK,8.374088119552006,uk,0,tracker_actual_2026-08-24
2025-09-12,Canada,6.688302433412549,ca,0,tracker_actual_2026-08-24
2025-09-12,China,42.31359906274538,chn,0,tracker_actual_2026-08-24
2025-09-12,EU,12.775547852300903,eu,0,tracker_actual_2026-08-24
2025-09-12,Free-trade partners,12.83705031050999,fta,0,tracker_actual_2026-08-24
2025-09-12,Japan,19.288064128540846,jp,0,tracker_actual_2026-08-24
2025-09-12,Mexico,6.991919543747432,mx,0,tracker_actual_2026-08-24
2025-09-12,Rest of World,17.949776865581278,row,0,tracker_actual_2026-08-24
2025-09-12,UK,8.374088119552006,uk,0,tracker_actual_2026-08-24
2025-09-13,Canada,6.688302433412549,ca,0,tracker_actual_2026-08-24
2025-09-13,China,42.31359906274538,chn,0,tracker_actual_2026-08-24
2025-09-13,EU,12.775547852300903,eu,0,tracker_actual_2026-08-24
2025-09-13,Free-trade partners,12.83705031050999,fta,0,tracker_actual_2026-08-24
2025-09-13,Japan,19.288064128540846,jp,0,tracker_actual_2026-08-24
2025-09-13,Mexico,6.991919543747432,mx,0,tracker_actual_2026-08-24
2025-09-13,Rest of World,17.949776865581278,row,0,tracker_actual_2026-08-24
2025-09-13,UK,8.374088119552006,uk,0,tracker_actual_2026-08-24
2025-09-14,Canada,6.688302433412549,ca,0,tracker_actual_2026-08-24
2025-09-14,China,42.31359906274538,chn,0,tracker_actual_2026-08-24
2025-09-14,EU,12.775547852300903,eu,0,tracker_actual_2026-08-24
2025-09-14,Free-trade partners,12.83705031050999,fta,0,tracker_actual_2026-08-24
2025-09-14,Japan,19.288064128540846,jp,0,tracker_actual_2026-08-24
2025-09-14,Mexico,6.991919543747432,mx,0,tracker_actual_2026-08-24
2025-09-14,Rest of World,17.949776865581278,row,0,tracker_actual_2026-08-24
2025-09-14,UK,8.374088119552006,uk,0,tracker_actual_2026-08-24
2025-09-15,Canada,6.688302433412549,ca,0,tracker_actual_2026-08-24
2025-09-15,China,42.31359906274538,chn,0,tracker_actual_2026-08-24
2025-09-15,EU,12.775547852300903,eu,0,tracker_actual_2026-08-24
2025-09-15,Free-trade partners,12.83705031050999,fta,0,tracker_actual_2026-08-24
2025-09-15,Japan,19.288064128540846,jp,0,tracker_actual_2026-08-24
2025-09-15,Mexico,6.991919543747432,mx,0,tracker_actual_2026-08-24
2025-09-15,Rest of World,17.949776865581278,row,0,tracker_actual_2026-08-24
2025-09-15,UK,8.374088119552006,uk,0,tracker_actual_2026-08-24
2025-09-16,Canada,6.688302433412549,ca,0,tracker_actual_2026-08-24
2025-09-16,China,42.31359906274538,chn,0,tracker_actual_2026-08-24
2025-09-16,EU,12.775547852300903,eu,0,tracker_actual_2026-08-24
2025-09-16,Free-trade partners,12.83705031050999,fta,0,tracker_actual_2026-08-24
2025-09-16,Japan,14.623929862544111,jp,0,tracker_actual_2026-08-24
2025-09-16,Mexico,6.991919543747432,mx,0,tracker_actual_2026-08-24
2025-09-16,Rest of World,17.949776865581278,row,0,tracker_actual_2026-08-24
2025-09-16,UK,8.374088119552006,uk,0,tracker_actual_2026-08-24
2025-09-17,Canada,6.688302433412549,ca,0,tracker_actual_2026-08-24
2025-09-17,China,42.31359906274538,chn,0,tracker_actual_2026-08-24
2025-09-17,EU,12.775547852300903,eu,0,tracker_actual_2026-08-24
2025-09-17,Free-trade partners,12.83705031050999,fta,0,tracker_actual_2026-08-24
2025-09-17,Japan,14.623929862544111,jp,0,tracker_actual_2026-08-24
2025-09-17,Mexico,6.991919543747432,mx,0,tracker_actual_2026-08-24
2025-09-17,Rest of World,17.949776865581278,row,0,tracker_actual_2026-08-24
2025-09-17,UK,8.374088119552006,uk,0,tracker_actual_2026-08-24
2025-09-18,Canada,6.688302433412549,ca,0,tracker_actual_2026-08-24
2025-09-18,China,42.31359906274538,chn,0,tracker_actual_2026-08-24
2025-09-18,EU,12.775547852300903,eu,0,tracker_actual_2026-08-24
2025-09-18,Free-trade partners,12.83705031050999,fta,0,tracker_actual_2026-08-24
2025-09-18,Japan,14.623929862544111,jp,0,tracker_actual_2026-08-24
2025-09-18,Mexico,6.991919543747432,mx,0,tracker_actual_2026-08-24
2025-09-18,Rest of World,17.949776865581278,row,0,tracker_actual_2026-08-24
2025-09-18,UK,8.374088119552006,uk,0,tracker_actual_2026-08-24
2025-09-19,Canada,6.688302433412549,ca,0,tracker_actual_2026-08-24
2025-09-19,China,42.31359906274538,chn,0,tracker_actual_2026-08-24
2025-09-19,EU,12.775547852300903,eu,0,tracker_actual_2026-08-24
2025-09-19,Free-trade partners,12.83705031050999,fta,0,tracker_actual_2026-08-24
2025-09-19,Japan,14.623929862544111,jp,0,tracker_actual_2026-08-24
2025-09-19,Mexico,6.991919543747432,mx,0,tracker_actual_2026-08-24
2025-09-19,Rest of World,17.949776865581278,row,0,tracker_actual_2026-08-24
2025-09-19,UK,8.374088119552006,uk,0,tracker_actual_2026-08-24
2025-09-20,Canada,6.688302433412549,ca,0,tracker_actual_2026-08-24
2025-09-20,China,42.31359906274538,chn,0,tracker_actual_2026-08-24
2025-09-20,EU,12.775547852300903,eu,0,tracker_actual_2026-08-24
2025-09-20,Free-trade partners,12.83705031050999,fta,0,tracker_actual_2026-08-24
2025-09-20,Japan,14.623929862544111,jp,0,tracker_actual_2026-08-24
2025-09-20,Mexico,6.991919543747432,mx,0,tracker_actual_2026-08-24
2025-09-20,Rest of World,17.949776865581278,row,0,tracker_actual_2026-08-24
2025-09-20,UK,8.374088119552006,uk,0,tracker_actual_2026-08-24
2025-09-21,Canada,6.688302433412549,ca,0,tracker_actual_2026-08-24
2025-09-21,China,42.31359906274538,chn,0,tracker_actual_2026-08-24
2025-09-21,EU,12.775547852300903,eu,0,tracker_actual_2026-08-24
2025-09-21,Free-trade partners,12.83705031050999,fta,0,tracker_actual_2026-08-24
2025-09-21,Japan,14.623929862544111,jp,0,tracker_actual_2026-08-24
2025-09-21,Mexico,6.991919543747432,mx,0,tracker_actual_2026-08-24
2025-09-21,Rest of World,17.949776865581278,row,0,tracker_actual_2026-08-24
2025-09-21,UK,8.374088119552006,uk,0,tracker_actual_2026-08-24
2025-09-22,Canada,6.688302433412549,ca,0,tracker_actual_2026-08-24
2025-09-22,China,42.31359906274538,chn,0,tracker_actual_2026-08-24
2025-09-22,EU,12.775547852300903,eu,0,tracker_actual_2026-08-24
2025-09-22,Free-trade partners,12.83705031050999,fta,0,tracker_actual_2026-08-24
2025-09-22,Japan,14.623929862544111,jp,0,tracker_actual_2026-08-24
2025-09-22,Mexico,6.991919543747432,mx,0,tracker_actual_2026-08-24
2025-09-22,Rest of World,17.949776865581278,row,0,tracker_actual_2026-08-24
2025-09-22,UK,8.374088119552006,uk,0,tracker_actual_2026-08-24
2025-09-23,Canada,6.688302433412549,ca,0,tracker_actual_2026-08-24
2025-09-23,China,42.31359906274538,chn,0,tracker_actual_2026-08-24
2025-09-23,EU,12.775547852300903,eu,0,tracker_actual_2026-08-24
2025-09-23,Free-trade partners,12.83705031050999,fta,0,tracker_actual_2026-08-24
2025-09-23,Japan,14.623929862544111,jp,0,tracker_actual_2026-08-24
2025-09-23,Mexico,6.991919543747432,mx,0,tracker_actual_2026-08-24
2025-09-23,Rest of World,17.949776865581278,row,0,tracker_actual_2026-08-24
2025-09-23,UK,8.374088119552006,uk,0,tracker_actual_2026-08-24
2025-09-24,Canada,6.688302433412549,ca,0,tracker_actual_2026-08-24
2025-09-24,China,42.31359906274538,chn,0,tracker_actual_2026-08-24
2025-09-24,EU,12.775547852300903,eu,0,tracker_actual_2026-08-24
2025-09-24,Free-trade partners,12.83705031050999,fta,0,tracker_actual_2026-08-24
2025-09-24,Japan,14.623929862544111,jp,0,tracker_actual_2026-08-24
2025-09-24,Mexico,6.991919543747432,mx,0,tracker_actual_2026-08-24
2025-09-24,Rest of World,17.949776865581278,row,0,tracker_actual_2026-08-24
2025-09-24,UK,8.374088119552006,uk,0,tracker_actual_2026-08-24
2025-09-25,Canada,6.688302433412549,ca,0,tracker_actual_2026-08-24
2025-09-25,China,42.31359906274538,chn,0,tracker_actual_2026-08-24
2025-09-25,EU,9.51157301842267,eu,0,tracker_actual_2026-08-24
2025-09-25,Free-trade partners,12.83705031050999,fta,0,tracker_actual_2026-08-24
2025-09-25,Japan,14.623929862544111,jp,0,tracker_actual_2026-08-24
2025-09-25,Mexico,6.991919543747432,mx,0,tracker_actual_2026-08-24
2025-09-25,Rest of World,17.949776865581278,row,0,tracker_actual_2026-08-24
2025-09-25,UK,8.374088119552006,uk,0,tracker_actual_2026-08-24
2025-09-26,Canada,6.688302433412549,ca,0,tracker_actual_2026-08-24
2025-09-26,China,42.31359906274538,chn,0,tracker_actual_2026-08-24
2025-09-26,EU,9.51157301842267,eu,0,tracker_actual_2026-08-24
2025-09-26,Free-trade partners,12.83705031050999,fta,0,tracker_actual_2026-08-24
2025-09-26,Japan,14.623929862544111,jp,0,tracker_actual_2026-08-24
2025-09-26,Mexico,6.991919543747432,mx,0,tracker_actual_2026-08-24
2025-09-26,Rest of World,17.949776865581278,row,0,tracker_actual_2026-08-24
2025-09-26,UK,8.374088119552006,uk,0,tracker_actual_2026-08-24
2025-09-27,Canada,6.688302433412549,ca,0,tracker_actual_2026-08-24
2025-09-27,China,42.31359906274538,chn,0,tracker_actual_2026-08-24
2025-09-27,EU,9.51157301842267,eu,0,tracker_actual_2026-08-24
2025-09-27,Free-trade partners,12.83705031050999,fta,0,tracker_actual_2026-08-24
2025-09-27,Japan,14.623929862544111,jp,0,tracker_actual_2026-08-24
2025-09-27,Mexico,6.991919543747432,mx,0,tracker_actual_2026-08-24
2025-09-27,Rest of World,17.949776865581278,row,0,tracker_actual_2026-08-24
2025-09-27,UK,8.374088119552006,uk,0,tracker_actual_2026-08-24
2025-09-28,Canada,6.688302433412549,ca,0,tracker_actual_2026-08-24
2025-09-28,China,42.31359906274538,chn,0,tracker_actual_2026-08-24
2025-09-28,EU,9.51157301842267,eu,0,tracker_actual_2026-08-24
2025-09-28,Free-trade partners,12.83705031050999,fta,0,tracker_actual_2026-08-24
2025-09-28,Japan,14.623929862544111,jp,0,tracker_actual_2026-08-24
2025-09-28,Mexico,6.991919543747432,mx,0,tracker_actual_2026-08-24
2025-09-28,Rest of World,17.949776865581278,row,0,tracker_actual_2026-08-24
2025-09-28,UK,8.374088119552006,uk,0,tracker_actual_2026-08-24
2025-09-29,Canada,6.688302433412549,ca,0,tracker_actual_2026-08-24
2025-09-29,China,42.31359906274538,chn,0,tracker_actual_2026-08-24
2025-09-29,EU,9.51157301842267,eu,0,tracker_actual_2026-08-24
2025-09-29,Free-trade partners,12.83705031050999,fta,0,tracker_actual_2026-08-24
2025-09-29,Japan,14.623929862544111,jp,0,tracker_actual_2026-08-24
2025-09-29,Mexico,6.991919543747432,mx,0,tracker_actual_2026-08-24
2025-09-29,Rest of World,17.949776865581278,row,0,tracker_actual_2026-08-24
2025-09-29,UK,8.374088119552006,uk,0,tracker_actual_2026-08-24
2025-09-30,Canada,6.688302433412549,ca,0,tracker_actual_2026-08-24
2025-09-30,China,42.31359906274538,chn,0,tracker_actual_2026-08-24
2025-09-30,EU,9.51157301842267,eu,0,tracker_actual_2026-08-24
2025-09-30,Free-trade partners,12.83705031050999,fta,0,tracker_actual_2026-08-24
2025-09-30,Japan,14.623929862544111,jp,0,tracker_actual_2026-08-24
2025-09-30,Mexico,6.991919543747432,mx,0,tracker_actual_2026-08-24
2025-09-30,Rest of World,17.949776865581278,row,0,tracker_actual_2026-08-24
2025-09-30,UK,8.374088119552006,uk,0,tracker_actual_2026-08-24
2025-10-01,Canada,6.688302433412549,ca,0,tracker_actual_2026-08-24
2025-10-01,China,42.31359906274538,chn,0,tracker_actual_2026-08-24
2025-10-01,EU,9.51157301842267,eu,0,tracker_actual_2026-08-24
2025-10-01,Free-trade partners,12.83705031050999,fta,0,tracker_actual_2026-08-24
2025-10-01,Japan,14.623929862544111,jp,0,tracker_actual_2026-08-24
2025-10-01,Mexico,6.991919543747432,mx,0,tracker_actual_2026-08-24
2025-10-01,Rest of World,17.949776865581278,row,0,tracker_actual_2026-08-24
2025-10-01,UK,8.374088119552006,uk,0,tracker_actual_2026-08-24
2025-10-02,Canada,6.688302433412549,ca,0,tracker_actual_2026-08-24
2025-10-02,China,42.31359906274538,chn,0,tracker_actual_2026-08-24
2025-10-02,EU,9.51157301842267,eu,0,tracker_actual_2026-08-24
2025-10-02,Free-trade partners,12.83705031050999,fta,0,tracker_actual_2026-08-24
2025-10-02,Japan,14.623929862544111,jp,0,tracker_actual_2026-08-24
2025-10-02,Mexico,6.991919543747432,mx,0,tracker_actual_2026-08-24
2025-10-02,Rest of World,17.949776865581278,row,0,tracker_actual_2026-08-24
2025-10-02,UK,8.374088119552006,uk,0,tracker_actual_2026-08-24
2025-10-03,Canada,6.688302433412549,ca,0,tracker_actual_2026-08-24
2025-10-03,China,42.31359906274538,chn,0,tracker_actual_2026-08-24
2025-10-03,EU,9.51157301842267,eu,0,tracker_actual_2026-08-24
2025-10-03,Free-trade partners,12.83705031050999,fta,0,tracker_actual_2026-08-24
2025-10-03,Japan,14.623929862544111,jp,0,tracker_actual_2026-08-24
2025-10-03,Mexico,6.991919543747432,mx,0,tracker_actual_2026-08-24
2025-10-03,Rest of World,17.949776865581278,row,0,tracker_actual_2026-08-24
2025-10-03,UK,8.374088119552006,uk,0,tracker_actual_2026-08-24
2025-10-04,Canada,6.688302433412549,ca,0,tracker_actual_2026-08-24
2025-10-04,China,42.31359906274538,chn,0,tracker_actual_2026-08-24
2025-10-04,EU,9.51157301842267,eu,0,tracker_actual_2026-08-24
2025-10-04,Free-trade partners,12.83705031050999,fta,0,tracker_actual_2026-08-24
2025-10-04,Japan,14.623929862544111,jp,0,tracker_actual_2026-08-24
2025-10-04,Mexico,6.991919543747432,mx,0,tracker_actual_2026-08-24
2025-10-04,Rest of World,17.949776865581278,row,0,tracker_actual_2026-08-24
2025-10-04,UK,8.374088119552006,uk,0,tracker_actual_2026-08-24
2025-10-05,Canada,6.688302433412549,ca,0,tracker_actual_2026-08-24
2025-10-05,China,42.31359906274538,chn,0,tracker_actual_2026-08-24
2025-10-05,EU,9.51157301842267,eu,0,tracker_actual_2026-08-24
2025-10-05,Free-trade partners,12.83705031050999,fta,0,tracker_actual_2026-08-24
2025-10-05,Japan,14.623929862544111,jp,0,tracker_actual_2026-08-24
2025-10-05,Mexico,6.991919543747432,mx,0,tracker_actual_2026-08-24
2025-10-05,Rest of World,17.949776865581278,row,0,tracker_actual_2026-08-24
2025-10-05,UK,8.374088119552006,uk,0,tracker_actual_2026-08-24
2025-10-06,Canada,6.688302433412549,ca,0,tracker_actual_2026-08-24
2025-10-06,China,42.31359906274538,chn,0,tracker_actual_2026-08-24
2025-10-06,EU,9.51157301842267,eu,0,tracker_actual_2026-08-24
2025-10-06,Free-trade partners,12.83705031050999,fta,0,tracker_actual_2026-08-24
2025-10-06,Japan,14.623929862544111,jp,0,tracker_actual_2026-08-24
2025-10-06,Mexico,6.991919543747432,mx,0,tracker_actual_2026-08-24
2025-10-06,Rest of World,17.949776865581278,row,0,tracker_actual_2026-08-24
2025-10-06,UK,8.374088119552006,uk,0,tracker_actual_2026-08-24
2025-10-07,Canada,6.688302433412549,ca,0,tracker_actual_2026-08-24
2025-10-07,China,42.31359906274538,chn,0,tracker_actual_2026-08-24
2025-10-07,EU,9.51157301842267,eu,0,tracker_actual_2026-08-24
2025-10-07,Free-trade partners,12.83705031050999,fta,0,tracker_actual_2026-08-24
2025-10-07,Japan,14.623929862544111,jp,0,tracker_actual_2026-08-24
2025-10-07,Mexico,6.991919543747432,mx,0,tracker_actual_2026-08-24
2025-10-07,Rest of World,17.949776865581278,row,0,tracker_actual_2026-08-24
2025-10-07,UK,8.374088119552006,uk,0,tracker_actual_2026-08-24
2025-10-08,Canada,6.688302433412549,ca,0,tracker_actual_2026-08-24
2025-10-08,China,42.31359906274538,chn,0,tracker_actual_2026-08-24
2025-10-08,EU,9.51157301842267,eu,0,tracker_actual_2026-08-24
2025-10-08,Free-trade partners,12.83705031050999,fta,0,tracker_actual_2026-08-24
2025-10-08,Japan,14.623929862544111,jp,0,tracker_actual_2026-08-24
2025-10-08,Mexico,6.991919543747432,mx,0,tracker_actual_2026-08-24
2025-10-08,Rest of World,17.949776865581278,row,0,tracker_actual_2026-08-24
2025-10-08,UK,8.374088119552006,uk,0,tracker_actual_2026-08-24
2025-10-09,Canada,6.688302433412549,ca,0,tracker_actual_2026-08-24
2025-10-09,China,42.31359906274538,chn,0,tracker_actual_2026-08-24
2025-10-09,EU,9.51157301842267,eu,0,tracker_actual_2026-08-24
2025-10-09,Free-trade partners,12.83705031050999,fta,0,tracker_actual_2026-08-24
2025-10-09,Japan,14.623929862544111,jp,0,tracker_actual_2026-08-24
2025-10-09,Mexico,6.991919543747432,mx,0,tracker_actual_2026-08-24
2025-10-09,Rest of World,17.949776865581278,row,0,tracker_actual_2026-08-24
2025-10-09,UK,8.374088119552006,uk,0,tracker_actual_2026-08-24
2025-10-10,Canada,6.688302433412549,ca,0,tracker_actual_2026-08-24
2025-10-10,China,42.31359906274538,chn,0,tracker_actual_2026-08-24
2025-10-10,EU,9.51157301842267,eu,0,tracker_actual_2026-08-24
2025-10-10,Free-trade partners,12.83705031050999,fta,0,tracker_actual_2026-08-24
2025-10-10,Japan,14.623929862544111,jp,0,tracker_actual_2026-08-24
2025-10-10,Mexico,6.991919543747432,mx,0,tracker_actual_2026-08-24
2025-10-10,Rest of World,17.949776865581278,row,0,tracker_actual_2026-08-24
2025-10-10,UK,8.374088119552006,uk,0,tracker_actual_2026-08-24
2025-10-11,Canada,6.688302433412549,ca,0,tracker_actual_2026-08-24
2025-10-11,China,42.31359906274538,chn,0,tracker_actual_2026-08-24
2025-10-11,EU,9.51157301842267,eu,0,tracker_actual_2026-08-24
2025-10-11,Free-trade partners,12.83705031050999,fta,0,tracker_actual_2026-08-24
2025-10-11,Japan,14.623929862544111,jp,0,tracker_actual_2026-08-24
2025-10-11,Mexico,6.991919543747432,mx,0,tracker_actual_2026-08-24
2025-10-11,Rest of World,17.949776865581278,row,0,tracker_actual_2026-08-24
2025-10-11,UK,8.374088119552006,uk,0,tracker_actual_2026-08-24
2025-10-12,Canada,6.688302433412549,ca,0,tracker_actual_2026-08-24
2025-10-12,China,42.31359906274538,chn,0,tracker_actual_2026-08-24
2025-10-12,EU,9.51157301842267,eu,0,tracker_actual_2026-08-24
2025-10-12,Free-trade partners,12.83705031050999,fta,0,tracker_actual_2026-08-24
2025-10-12,Japan,14.623929862544111,jp,0,tracker_actual_2026-08-24
2025-10-12,Mexico,6.991919543747432,mx,0,tracker_actual_2026-08-24
2025-10-12,Rest of World,17.949776865581278,row,0,tracker_actual_2026-08-24
2025-10-12,UK,8.374088119552006,uk,0,tracker_actual_2026-08-24
2025-10-13,Canada,6.688302433412549,ca,0,tracker_actual_2026-08-24
2025-10-13,China,42.31359906274538,chn,0,tracker_actual_2026-08-24
2025-10-13,EU,9.51157301842267,eu,0,tracker_actual_2026-08-24
2025-10-13,Free-trade partners,12.83705031050999,fta,0,tracker_actual_2026-08-24
2025-10-13,Japan,14.623929862544111,jp,0,tracker_actual_2026-08-24
2025-10-13,Mexico,6.991919543747432,mx,0,tracker_actual_2026-08-24
2025-10-13,Rest of World,17.949776865581278,row,0,tracker_actual_2026-08-24
2025-10-13,UK,8.374088119552006,uk,0,tracker_actual_2026-08-24
2025-10-14,Canada,6.896820935511274,ca,0,tracker_actual_2026-08-24
2025-10-14,China,42.42310079122983,chn,0,tracker_actual_2026-08-24
2025-10-14,EU,9.562003010977675,eu,0,tracker_actual_2026-08-24
2025-10-14,Free-trade partners,12.871741849171572,fta,0,tracker_actual_2026-08-24
2025-10-14,Japan,14.625700644959522,jp,0,tracker_actual_2026-08-24
2025-10-14,Mexico,7.072399019387149,mx,0,tracker_actual_2026-08-24
2025-10-14,Rest of World,18.054795017117332,row,0,tracker_actual_2026-08-24
2025-10-14,UK,8.375998752536862,uk,0,tracker_actual_2026-08-24
2025-10-15,Canada,6.896820935511274,ca,0,tracker_actual_2026-08-24
2025-10-15,China,42.42310079122983,chn,0,tracker_actual_2026-08-24
2025-10-15,EU,9.562003010977675,eu,0,tracker_actual_2026-08-24
2025-10-15,Free-trade partners,12.871741849171572,fta,0,tracker_actual_2026-08-24
2025-10-15,Japan,14.625700644959522,jp,0,tracker_actual_2026-08-24
2025-10-15,Mexico,7.072399019387149,mx,0,tracker_actual_2026-08-24
2025-10-15,Rest of World,18.054795017117332,row,0,tracker_actual_2026-08-24
2025-10-15,UK,8.375998752536862,uk,0,tracker_actual_2026-08-24
2025-10-16,Canada,6.896820935511274,ca,0,tracker_actual_2026-08-24
2025-10-16,China,42.42310079122983,chn,0,tracker_actual_2026-08-24
2025-10-16,EU,9.562003010977675,eu,0,tracker_actual_2026-08-24
2025-10-16,Free-trade partners,12.871741849171572,fta,0,tracker_actual_2026-08-24
2025-10-16,Japan,14.625700644959522,jp,0,tracker_actual_2026-08-24
2025-10-16,Mexico,7.072399019387149,mx,0,tracker_actual_2026-08-24
2025-10-16,Rest of World,18.054795017117332,row,0,tracker_actual_2026-08-24
2025-10-16,UK,8.375998752536862,uk,0,tracker_actual_2026-08-24
2025-10-17,Canada,6.896820935511274,ca,0,tracker_actual_2026-08-24
2025-10-17,China,42.42310079122983,chn,0,tracker_actual_2026-08-24
2025-10-17,EU,9.562003010977675,eu,0,tracker_actual_2026-08-24
2025-10-17,Free-trade partners,12.871741849171572,fta,0,tracker_actual_2026-08-24
2025-10-17,Japan,14.625700644959522,jp,0,tracker_actual_2026-08-24
2025-10-17,Mexico,7.072399019387149,mx,0,tracker_actual_2026-08-24
2025-10-17,Rest of World,18.054795017117332,row,0,tracker_actual_2026-08-24
2025-10-17,UK,8.375998752536862,uk,0,tracker_actual_2026-08-24
2025-10-18,Canada,6.896820935511274,ca,0,tracker_actual_2026-08-24
2025-10-18,China,42.42310079122983,chn,0,tracker_actual_2026-08-24
2025-10-18,EU,9.562003010977675,eu,0,tracker_actual_2026-08-24
2025-10-18,Free-trade partners,12.871741849171572,fta,0,tracker_actual_2026-08-24
2025-10-18,Japan,14.625700644959522,jp,0,tracker_actual_2026-08-24
2025-10-18,Mexico,7.072399019387149,mx,0,tracker_actual_2026-08-24
2025-10-18,Rest of World,18.054795017117332,row,0,tracker_actual_2026-08-24
2025-10-18,UK,8.375998752536862,uk,0,tracker_actual_2026-08-24
2025-10-19,Canada,6.896820935511274,ca,0,tracker_actual_2026-08-24
2025-10-19,China,42.42310079122983,chn,0,tracker_actual_2026-08-24
2025-10-19,EU,9.562003010977675,eu,0,tracker_actual_2026-08-24
2025-10-19,Free-trade partners,12.871741849171572,fta,0,tracker_actual_2026-08-24
2025-10-19,Japan,14.625700644959522,jp,0,tracker_actual_2026-08-24
2025-10-19,Mexico,7.072399019387149,mx,0,tracker_actual_2026-08-24
2025-10-19,Rest of World,18.054795017117332,row,0,tracker_actual_2026-08-24
2025-10-19,UK,8.375998752536862,uk,0,tracker_actual_2026-08-24
2025-10-20,Canada,6.896820935511274,ca,0,tracker_actual_2026-08-24
2025-10-20,China,42.42310079122983,chn,0,tracker_actual_2026-08-24
2025-10-20,EU,9.562003010977675,eu,0,tracker_actual_2026-08-24
2025-10-20,Free-trade partners,12.871741849171572,fta,0,tracker_actual_2026-08-24
2025-10-20,Japan,14.625700644959522,jp,0,tracker_actual_2026-08-24
2025-10-20,Mexico,7.072399019387149,mx,0,tracker_actual_2026-08-24
2025-10-20,Rest of World,18.054795017117332,row,0,tracker_actual_2026-08-24
2025-10-20,UK,8.375998752536862,uk,0,tracker_actual_2026-08-24
2025-10-21,Canada,6.896820935511274,ca,0,tracker_actual_2026-08-24
2025-10-21,China,42.42310079122983,chn,0,tracker_actual_2026-08-24
2025-10-21,EU,9.562003010977675,eu,0,tracker_actual_2026-08-24
2025-10-21,Free-trade partners,12.871741849171572,fta,0,tracker_actual_2026-08-24
2025-10-21,Japan,14.625700644959522,jp,0,tracker_actual_2026-08-24
2025-10-21,Mexico,7.072399019387149,mx,0,tracker_actual_2026-08-24
2025-10-21,Rest of World,18.054795017117332,row,0,tracker_actual_2026-08-24
2025-10-21,UK,8.375998752536862,uk,0,tracker_actual_2026-08-24
2025-10-22,Canada,6.896820935511274,ca,0,tracker_actual_2026-08-24
2025-10-22,China,42.42310079122983,chn,0,tracker_actual_2026-08-24
2025-10-22,EU,9.562003010977675,eu,0,tracker_actual_2026-08-24
2025-10-22,Free-trade partners,12.871741849171572,fta,0,tracker_actual_2026-08-24
2025-10-22,Japan,14.625700644959522,jp,0,tracker_actual_2026-08-24
2025-10-22,Mexico,7.072399019387149,mx,0,tracker_actual_2026-08-24
2025-10-22,Rest of World,18.054795017117332,row,0,tracker_actual_2026-08-24
2025-10-22,UK,8.375998752536862,uk,0,tracker_actual_2026-08-24
2025-10-23,Canada,6.896820935511274,ca,0,tracker_actual_2026-08-24
2025-10-23,China,42.42310079122983,chn,0,tracker_actual_2026-08-24
2025-10-23,EU,9.562003010977675,eu,0,tracker_actual_2026-08-24
2025-10-23,Free-trade partners,12.871741849171572,fta,0,tracker_actual_2026-08-24
2025-10-23,Japan,14.625700644959522,jp,0,tracker_actual_2026-08-24
2025-10-23,Mexico,7.072399019387149,mx,0,tracker_actual_2026-08-24
2025-10-23,Rest of World,18.054795017117332,row,0,tracker_actual_2026-08-24
2025-10-23,UK,8.375998752536862,uk,0,tracker_actual_2026-08-24
2025-10-24,Canada,6.896820935511274,ca,0,tracker_actual_2026-08-24
2025-10-24,China,42.42310079122983,chn,0,tracker_actual_2026-08-24
2025-10-24,EU,9.562003010977675,eu,0,tracker_actual_2026-08-24
2025-10-24,Free-trade partners,12.871741849171572,fta,0,tracker_actual_2026-08-24
2025-10-24,Japan,14.625700644959522,jp,0,tracker_actual_2026-08-24
2025-10-24,Mexico,7.072399019387149,mx,0,tracker_actual_2026-08-24
2025-10-24,Rest of World,18.054795017117332,row,0,tracker_actual_2026-08-24
2025-10-24,UK,8.375998752536862,uk,0,tracker_actual_2026-08-24
2025-10-25,Canada,6.896820935511274,ca,0,tracker_actual_2026-08-24
2025-10-25,China,42.42310079122983,chn,0,tracker_actual_2026-08-24
2025-10-25,EU,9.562003010977675,eu,0,tracker_actual_2026-08-24
2025-10-25,Free-trade partners,12.871741849171572,fta,0,tracker_actual_2026-08-24
2025-10-25,Japan,14.625700644959522,jp,0,tracker_actual_2026-08-24
2025-10-25,Mexico,7.072399019387149,mx,0,tracker_actual_2026-08-24
2025-10-25,Rest of World,18.054795017117332,row,0,tracker_actual_2026-08-24
2025-10-25,UK,8.375998752536862,uk,0,tracker_actual_2026-08-24
2025-10-26,Canada,6.896820935511274,ca,0,tracker_actual_2026-08-24
2025-10-26,China,42.42310079122983,chn,0,tracker_actual_2026-08-24
2025-10-26,EU,9.562003010977675,eu,0,tracker_actual_2026-08-24
2025-10-26,Free-trade partners,12.871741849171572,fta,0,tracker_actual_2026-08-24
2025-10-26,Japan,14.625700644959522,jp,0,tracker_actual_2026-08-24
2025-10-26,Mexico,7.072399019387149,mx,0,tracker_actual_2026-08-24
2025-10-26,Rest of World,18.054795017117332,row,0,tracker_actual_2026-08-24
2025-10-26,UK,8.375998752536862,uk,0,tracker_actual_2026-08-24
2025-10-27,Canada,6.896820935511274,ca,0,tracker_actual_2026-08-24
2025-10-27,China,42.42310079122983,chn,0,tracker_actual_2026-08-24
2025-10-27,EU,9.562003010977675,eu,0,tracker_actual_2026-08-24
2025-10-27,Free-trade partners,12.871741849171572,fta,0,tracker_actual_2026-08-24
2025-10-27,Japan,14.625700644959522,jp,0,tracker_actual_2026-08-24
2025-10-27,Mexico,7.072399019387149,mx,0,tracker_actual_2026-08-24
2025-10-27,Rest of World,18.054795017117332,row,0,tracker_actual_2026-08-24
2025-10-27,UK,8.375998752536862,uk,0,tracker_actual_2026-08-24
2025-10-28,Canada,6.896820935511274,ca,0,tracker_actual_2026-08-24
2025-10-28,China,42.42310079122983,chn,0,tracker_actual_2026-08-24
2025-10-28,EU,9.562003010977675,eu,0,tracker_actual_2026-08-24
2025-10-28,Free-trade partners,12.871741849171572,fta,0,tracker_actual_2026-08-24
2025-10-28,Japan,14.625700644959522,jp,0,tracker_actual_2026-08-24
2025-10-28,Mexico,7.072399019387149,mx,0,tracker_actual_2026-08-24
2025-10-28,Rest of World,18.054795017117332,row,0,tracker_actual_2026-08-24
2025-10-28,UK,8.375998752536862,uk,0,tracker_actual_2026-08-24
2025-10-29,Canada,6.896820935511274,ca,0,tracker_actual_2026-08-24
2025-10-29,China,42.42310079122983,chn,0,tracker_actual_2026-08-24
2025-10-29,EU,9.562003010977675,eu,0,tracker_actual_2026-08-24
2025-10-29,Free-trade partners,12.871741849171572,fta,0,tracker_actual_2026-08-24
2025-10-29,Japan,14.625700644959522,jp,0,tracker_actual_2026-08-24
2025-10-29,Mexico,7.072399019387149,mx,0,tracker_actual_2026-08-24
2025-10-29,Rest of World,18.054795017117332,row,0,tracker_actual_2026-08-24
2025-10-29,UK,8.375998752536862,uk,0,tracker_actual_2026-08-24
2025-10-30,Canada,6.896820935511274,ca,0,tracker_actual_2026-08-24
2025-10-30,China,42.42310079122983,chn,0,tracker_actual_2026-08-24
2025-10-30,EU,9.562003010977675,eu,0,tracker_actual_2026-08-24
2025-10-30,Free-trade partners,12.871741849171572,fta,0,tracker_actual_2026-08-24
2025-10-30,Japan,14.625700644959522,jp,0,tracker_actual_2026-08-24
2025-10-30,Mexico,7.072399019387149,mx,0,tracker_actual_2026-08-24
2025-10-30,Rest of World,18.054795017117332,row,0,tracker_actual_2026-08-24
2025-10-30,UK,8.375998752536862,uk,0,tracker_actual_2026-08-24
2025-10-31,Canada,6.896820935511274,ca,0,tracker_actual_2026-08-24
2025-10-31,China,42.42310079122983,chn,0,tracker_actual_2026-08-24
2025-10-31,EU,9.562003010977675,eu,0,tracker_actual_2026-08-24
2025-10-31,Free-trade partners,12.871741849171572,fta,0,tracker_actual_2026-08-24
2025-10-31,Japan,14.625700644959522,jp,0,tracker_actual_2026-08-24
2025-10-31,Mexico,7.072399019387149,mx,0,tracker_actual_2026-08-24
2025-10-31,Rest of World,18.054795017117332,row,0,tracker_actual_2026-08-24
2025-10-31,UK,8.375998752536862,uk,0,tracker_actual_2026-08-24
2025-11-01,Canada,7.117914024198208,ca,0,tracker_actual_2026-08-24
2025-11-01,China,42.440303297072326,chn,0,tracker_actual_2026-08-24
2025-11-01,EU,9.594934090591915,eu,0,tracker_actual_2026-08-24
2025-11-01,Free-trade partners,12.904694586154234,fta,0,tracker_actual_2026-08-24
2025-11-01,Japan,14.738758728143361,jp,0,tracker_actual_2026-08-24
2025-11-01,Mexico,7.552389270850608,mx,0,tracker_actual_2026-08-24
2025-11-01,Rest of World,18.053771713013873,row,0,tracker_actual_2026-08-24
2025-11-01,UK,8.634050402891235,uk,0,tracker_actual_2026-08-24
2025-11-02,Canada,7.117914024198208,ca,0,tracker_actual_2026-08-24
2025-11-02,China,42.440303297072326,chn,0,tracker_actual_2026-08-24
2025-11-02,EU,9.594934090591915,eu,0,tracker_actual_2026-08-24
2025-11-02,Free-trade partners,12.904694586154234,fta,0,tracker_actual_2026-08-24
2025-11-02,Japan,14.738758728143361,jp,0,tracker_actual_2026-08-24
2025-11-02,Mexico,7.552389270850608,mx,0,tracker_actual_2026-08-24
2025-11-02,Rest of World,18.053771713013873,row,0,tracker_actual_2026-08-24
2025-11-02,UK,8.634050402891235,uk,0,tracker_actual_2026-08-24
2025-11-03,Canada,7.117914024198208,ca,0,tracker_actual_2026-08-24
2025-11-03,China,42.440303297072326,chn,0,tracker_actual_2026-08-24
2025-11-03,EU,9.594934090591915,eu,0,tracker_actual_2026-08-24
2025-11-03,Free-trade partners,12.904694586154234,fta,0,tracker_actual_2026-08-24
2025-11-03,Japan,14.738758728143361,jp,0,tracker_actual_2026-08-24
2025-11-03,Mexico,7.552389270850608,mx,0,tracker_actual_2026-08-24
2025-11-03,Rest of World,18.053771713013873,row,0,tracker_actual_2026-08-24
2025-11-03,UK,8.634050402891235,uk,0,tracker_actual_2026-08-24
2025-11-04,Canada,7.117914024198208,ca,0,tracker_actual_2026-08-24
2025-11-04,China,42.440303297072326,chn,0,tracker_actual_2026-08-24
2025-11-04,EU,9.594934090591915,eu,0,tracker_actual_2026-08-24
2025-11-04,Free-trade partners,12.904694586154234,fta,0,tracker_actual_2026-08-24
2025-11-04,Japan,14.738758728143361,jp,0,tracker_actual_2026-08-24
2025-11-04,Mexico,7.552389270850608,mx,0,tracker_actual_2026-08-24
2025-11-04,Rest of World,18.053771713013873,row,0,tracker_actual_2026-08-24
2025-11-04,UK,8.634050402891235,uk,0,tracker_actual_2026-08-24
2025-11-05,Canada,7.117914024198208,ca,0,tracker_actual_2026-08-24
2025-11-05,China,42.440303297072326,chn,0,tracker_actual_2026-08-24
2025-11-05,EU,9.594934090591915,eu,0,tracker_actual_2026-08-24
2025-11-05,Free-trade partners,12.904694586154234,fta,0,tracker_actual_2026-08-24
2025-11-05,Japan,14.738758728143361,jp,0,tracker_actual_2026-08-24
2025-11-05,Mexico,7.552389270850608,mx,0,tracker_actual_2026-08-24
2025-11-05,Rest of World,18.053771713013873,row,0,tracker_actual_2026-08-24
2025-11-05,UK,8.634050402891235,uk,0,tracker_actual_2026-08-24
2025-11-06,Canada,7.117914024198208,ca,0,tracker_actual_2026-08-24
2025-11-06,China,42.440303297072326,chn,0,tracker_actual_2026-08-24
2025-11-06,EU,9.594934090591915,eu,0,tracker_actual_2026-08-24
2025-11-06,Free-trade partners,12.904694586154234,fta,0,tracker_actual_2026-08-24
2025-11-06,Japan,14.738758728143361,jp,0,tracker_actual_2026-08-24
2025-11-06,Mexico,7.552389270850608,mx,0,tracker_actual_2026-08-24
2025-11-06,Rest of World,18.053771713013873,row,0,tracker_actual_2026-08-24
2025-11-06,UK,8.634050402891235,uk,0,tracker_actual_2026-08-24
2025-11-07,Canada,7.117914024198208,ca,0,tracker_actual_2026-08-24
2025-11-07,China,42.440303297072326,chn,0,tracker_actual_2026-08-24
2025-11-07,EU,9.594934090591915,eu,0,tracker_actual_2026-08-24
2025-11-07,Free-trade partners,12.904694586154234,fta,0,tracker_actual_2026-08-24
2025-11-07,Japan,14.738758728143361,jp,0,tracker_actual_2026-08-24
2025-11-07,Mexico,7.552389270850608,mx,0,tracker_actual_2026-08-24
2025-11-07,Rest of World,18.053771713013873,row,0,tracker_actual_2026-08-24
2025-11-07,UK,8.634050402891235,uk,0,tracker_actual_2026-08-24
2025-11-08,Canada,7.117914024198208,ca,0,tracker_actual_2026-08-24
2025-11-08,China,42.440303297072326,chn,0,tracker_actual_2026-08-24
2025-11-08,EU,9.594934090591915,eu,0,tracker_actual_2026-08-24
2025-11-08,Free-trade partners,12.904694586154234,fta,0,tracker_actual_2026-08-24
2025-11-08,Japan,14.738758728143361,jp,0,tracker_actual_2026-08-24
2025-11-08,Mexico,7.552389270850608,mx,0,tracker_actual_2026-08-24
2025-11-08,Rest of World,18.053771713013873,row,0,tracker_actual_2026-08-24
2025-11-08,UK,8.634050402891235,uk,0,tracker_actual_2026-08-24
2025-11-09,Canada,7.117914024198208,ca,0,tracker_actual_2026-08-24
2025-11-09,China,32.56247350174889,chn,0,tracker_actual_2026-08-24
2025-11-09,EU,9.594934090591915,eu,0,tracker_actual_2026-08-24
2025-11-09,Free-trade partners,12.904694586154234,fta,0,tracker_actual_2026-08-24
2025-11-09,Japan,14.738758728143361,jp,0,tracker_actual_2026-08-24
2025-11-09,Mexico,7.552389270850608,mx,0,tracker_actual_2026-08-24
2025-11-09,Rest of World,18.013279228582967,row,0,tracker_actual_2026-08-24
2025-11-09,UK,8.634050402891235,uk,0,tracker_actual_2026-08-24
2025-11-10,Canada,7.117914024198208,ca,0,tracker_actual_2026-08-24
2025-11-10,China,32.44030329707233,chn,0,tracker_actual_2026-08-24
2025-11-10,EU,9.594934090591915,eu,0,tracker_actual_2026-08-24
2025-11-10,Free-trade partners,12.904694586154234,fta,0,tracker_actual_2026-08-24
2025-11-10,Japan,14.738758728143361,jp,0,tracker_actual_2026-08-24
2025-11-10,Mexico,7.552389270850608,mx,0,tracker_actual_2026-08-24
2025-11-10,Rest of World,18.013279228582967,row,0,tracker_actual_2026-08-24
2025-11-10,UK,8.634050402891235,uk,0,tracker_actual_2026-08-24
2025-11-11,Canada,7.117914024198208,ca,0,tracker_actual_2026-08-24
2025-11-11,China,32.44030329707233,chn,0,tracker_actual_2026-08-24
2025-11-11,EU,9.594934090591915,eu,0,tracker_actual_2026-08-24
2025-11-11,Free-trade partners,12.904694586154234,fta,0,tracker_actual_2026-08-24
2025-11-11,Japan,14.738758728143361,jp,0,tracker_actual_2026-08-24
2025-11-11,Mexico,7.552389270850608,mx,0,tracker_actual_2026-08-24
2025-11-11,Rest of World,18.013279228582967,row,0,tracker_actual_2026-08-24
2025-11-11,UK,8.634050402891235,uk,0,tracker_actual_2026-08-24
2025-11-12,Canada,7.117914024198208,ca,0,tracker_actual_2026-08-24
2025-11-12,China,32.44030329707233,chn,0,tracker_actual_2026-08-24
2025-11-12,EU,9.594934090591915,eu,0,tracker_actual_2026-08-24
2025-11-12,Free-trade partners,12.904694586154234,fta,0,tracker_actual_2026-08-24
2025-11-12,Japan,14.738758728143361,jp,0,tracker_actual_2026-08-24
2025-11-12,Mexico,7.552389270850608,mx,0,tracker_actual_2026-08-24
2025-11-12,Rest of World,18.013279228582967,row,0,tracker_actual_2026-08-24
2025-11-12,UK,8.634050402891235,uk,0,tracker_actual_2026-08-24
2025-11-13,Canada,7.117914024198208,ca,0,tracker_actual_2026-08-24
2025-11-13,China,32.42762340827493,chn,0,tracker_actual_2026-08-24
2025-11-13,EU,9.557704684933816,eu,0,tracker_actual_2026-08-24
2025-11-13,Free-trade partners,12.40990590873705,fta,0,tracker_actual_2026-08-24
2025-11-13,Japan,14.72183494282396,jp,0,tracker_actual_2026-08-24
2025-11-13,Mexico,7.552389270850608,mx,0,tracker_actual_2026-08-24
2025-11-13,Rest of World,17.37017817505472,row,0,tracker_actual_2026-08-24
2025-11-13,UK,8.62110185520467,uk,0,tracker_actual_2026-08-24
2025-11-14,Canada,7.117914024198208,ca,1,tracker_actual_2026-08-24
2025-11-14,China,32.42762340827493,chn,1,tracker_actual_2026-08-24
2025-11-14,EU,9.557704684933816,eu,1,tracker_actual_2026-08-24
2025-11-14,Free-trade partners,12.40990590873705,fta,1,tracker_actual_2026-08-24
2025-11-14,Japan,14.72209658218514,jp,1,tracker_actual_2026-08-24
2025-11-14,Mexico,7.552389270850608,mx,1,tracker_actual_2026-08-24
2025-11-14,Rest of World,16.709466672928496,row,1,tracker_actual_2026-08-24
2025-11-14,UK,8.62110185520467,uk,1,tracker_actual_2026-08-24
2025-11-15,Canada,7.117914024198208,ca,1,tracker_actual_2026-08-24
2025-11-15,China,32.42762340827493,chn,1,tracker_actual_2026-08-24
2025-11-15,EU,9.557704684933816,eu,1,tracker_actual_2026-08-24
2025-11-15,Free-trade partners,12.40990590873705,fta,1,tracker_actual_2026-08-24
2025-11-15,Japan,14.72209658218514,jp,1,tracker_actual_2026-08-24
2025-11-15,Mexico,7.552389270850608,mx,1,tracker_actual_2026-08-24
2025-11-15,Rest of World,16.709466672928496,row,1,tracker_actual_2026-08-24
2025-11-15,UK,8.62110185520467,uk,1,tracker_actual_2026-08-24
2025-11-16,Canada,7.117914024198208,ca,1,tracker_actual_2026-08-24
2025-11-16,China,32.42762340827493,chn,1,tracker_actual_2026-08-24
2025-11-16,EU,9.557704684933816,eu,1,tracker_actual_2026-08-24
2025-11-16,Free-trade partners,12.40990590873705,fta,1,tracker_actual_2026-08-24
2025-11-16,Japan,14.72209658218514,jp,1,tracker_actual_2026-08-24
2025-11-16,Mexico,7.552389270850608,mx,1,tracker_actual_2026-08-24
2025-11-16,Rest of World,16.709466672928496,row,1,tracker_actual_2026-08-24
2025-11-16,UK,8.62110185520467,uk,1,tracker_actual_2026-08-24
2025-11-17,Canada,7.117914024198208,ca,1,tracker_actual_2026-08-24
2025-11-17,China,32.42762340827493,chn,1,tracker_actual_2026-08-24
2025-11-17,EU,9.557704684933816,eu,1,tracker_actual_2026-08-24
2025-11-17,Free-trade partners,12.40990590873705,fta,1,tracker_actual_2026-08-24
2025-11-17,Japan,14.72209658218514,jp,1,tracker_actual_2026-08-24
2025-11-17,Mexico,7.552389270850608,mx,1,tracker_actual_2026-08-24
2025-11-17,Rest of World,16.709466672928496,row,1,tracker_actual_2026-08-24
2025-11-17,UK,8.62110185520467,uk,1,tracker_actual_2026-08-24
2025-11-18,Canada,7.117914024198208,ca,1,tracker_actual_2026-08-24
2025-11-18,China,32.42762340827493,chn,1,tracker_actual_2026-08-24
2025-11-18,EU,9.557704684933816,eu,1,tracker_actual_2026-08-24
2025-11-18,Free-trade partners,12.40990590873705,fta,1,tracker_actual_2026-08-24
2025-11-18,Japan,14.72209658218514,jp,1,tracker_actual_2026-08-24
2025-11-18,Mexico,7.552389270850608,mx,1,tracker_actual_2026-08-24
2025-11-18,Rest of World,16.709466672928496,row,1,tracker_actual_2026-08-24
2025-11-18,UK,8.62110185520467,uk,1,tracker_actual_2026-08-24
2025-11-19,Canada,7.117914024198208,ca,1,tracker_actual_2026-08-24
2025-11-19,China,32.42762340827493,chn,1,tracker_actual_2026-08-24
2025-11-19,EU,9.557704684933816,eu,1,tracker_actual_2026-08-24
2025-11-19,Free-trade partners,12.40990590873705,fta,1,tracker_actual_2026-08-24
2025-11-19,Japan,14.72209658218514,jp,1,tracker_actual_2026-08-24
2025-11-19,Mexico,7.552389270850608,mx,1,tracker_actual_2026-08-24
2025-11-19,Rest of World,16.709466672928496,row,1,tracker_actual_2026-08-24
2025-11-19,UK,8.62110185520467,uk,1,tracker_actual_2026-08-24
2025-11-20,Canada,7.117914024198208,ca,1,tracker_actual_2026-08-24
2025-11-20,China,32.42762340827493,chn,1,tracker_actual_2026-08-24
2025-11-20,EU,9.557704684933816,eu,1,tracker_actual_2026-08-24
2025-11-20,Free-trade partners,12.40990590873705,fta,1,tracker_actual_2026-08-24
2025-11-20,Japan,14.72209658218514,jp,1,tracker_actual_2026-08-24
2025-11-20,Mexico,7.552389270850608,mx,1,tracker_actual_2026-08-24
2025-11-20,Rest of World,16.709466672928496,row,1,tracker_actual_2026-08-24
2025-11-20,UK,8.62110185520467,uk,1,tracker_actual_2026-08-24
2025-11-21,Canada,7.117914024198208,ca,0,tracker_actual_2026-08-24
2025-11-21,China,32.42762340827493,chn,0,tracker_actual_2026-08-24
2025-11-21,EU,9.557704684933816,eu,0,tracker_actual_2026-08-24
2025-11-21,Free-trade partners,12.40990590873705,fta,0,tracker_actual_2026-08-24
2025-11-21,Japan,14.72183494282396,jp,0,tracker_actual_2026-08-24
2025-11-21,Mexico,7.552389270850608,mx,0,tracker_actual_2026-08-24
2025-11-21,Rest of World,16.709466672928496,row,0,tracker_actual_2026-08-24
2025-11-21,UK,8.62110185520467,uk,0,tracker_actual_2026-08-24
2025-11-22,Canada,7.117914024198208,ca,0,tracker_actual_2026-08-24
2025-11-22,China,32.42762340827493,chn,0,tracker_actual_2026-08-24
2025-11-22,EU,9.557704684933816,eu,0,tracker_actual_2026-08-24
2025-11-22,Free-trade partners,12.40990590873705,fta,0,tracker_actual_2026-08-24
2025-11-22,Japan,14.72183494282396,jp,0,tracker_actual_2026-08-24
2025-11-22,Mexico,7.552389270850608,mx,0,tracker_actual_2026-08-24
2025-11-22,Rest of World,16.709466672928496,row,0,tracker_actual_2026-08-24
2025-11-22,UK,8.62110185520467,uk,0,tracker_actual_2026-08-24
2025-11-23,Canada,7.117914024198208,ca,0,tracker_actual_2026-08-24
2025-11-23,China,32.42762340827493,chn,0,tracker_actual_2026-08-24
2025-11-23,EU,9.557704684933816,eu,0,tracker_actual_2026-08-24
2025-11-23,Free-trade partners,12.40990590873705,fta,0,tracker_actual_2026-08-24
2025-11-23,Japan,14.72183494282396,jp,0,tracker_actual_2026-08-24
2025-11-23,Mexico,7.552389270850608,mx,0,tracker_actual_2026-08-24
2025-11-23,Rest of World,16.709466672928496,row,0,tracker_actual_2026-08-24
2025-11-23,UK,8.62110185520467,uk,0,tracker_actual_2026-08-24
2025-11-24,Canada,7.117914024198208,ca,0,tracker_actual_2026-08-24
2025-11-24,China,32.42762340827493,chn,0,tracker_actual_2026-08-24
2025-11-24,EU,9.557704684933816,eu,0,tracker_actual_2026-08-24
2025-11-24,Free-trade partners,12.40990590873705,fta,0,tracker_actual_2026-08-24
2025-11-24,Japan,14.72183494282396,jp,0,tracker_actual_2026-08-24
2025-11-24,Mexico,7.552389270850608,mx,0,tracker_actual_2026-08-24
2025-11-24,Rest of World,16.709466672928496,row,0,tracker_actual_2026-08-24
2025-11-24,UK,8.62110185520467,uk,0,tracker_actual_2026-08-24
2025-11-25,Canada,7.117914024198208,ca,0,tracker_actual_2026-08-24
2025-11-25,China,32.42762340827493,chn,0,tracker_actual_2026-08-24
2025-11-25,EU,9.557704684933816,eu,0,tracker_actual_2026-08-24
2025-11-25,Free-trade partners,12.40990590873705,fta,0,tracker_actual_2026-08-24
2025-11-25,Japan,14.72183494282396,jp,0,tracker_actual_2026-08-24
2025-11-25,Mexico,7.552389270850608,mx,0,tracker_actual_2026-08-24
2025-11-25,Rest of World,16.709466672928496,row,0,tracker_actual_2026-08-24
2025-11-25,UK,8.62110185520467,uk,0,tracker_actual_2026-08-24
2025-11-26,Canada,7.117914024198208,ca,0,tracker_actual_2026-08-24
2025-11-26,China,32.42762340827493,chn,0,tracker_actual_2026-08-24
2025-11-26,EU,9.557704684933816,eu,0,tracker_actual_2026-08-24
2025-11-26,Free-trade partners,12.40990590873705,fta,0,tracker_actual_2026-08-24
2025-11-26,Japan,14.72183494282396,jp,0,tracker_actual_2026-08-24
2025-11-26,Mexico,7.552389270850608,mx,0,tracker_actual_2026-08-24
2025-11-26,Rest of World,16.709466672928496,row,0,tracker_actual_2026-08-24
2025-11-26,UK,8.62110185520467,uk,0,tracker_actual_2026-08-24
2025-11-27,Canada,7.117914024198208,ca,0,tracker_actual_2026-08-24
2025-11-27,China,32.42762340827493,chn,0,tracker_actual_2026-08-24
2025-11-27,EU,9.557704684933816,eu,0,tracker_actual_2026-08-24
2025-11-27,Free-trade partners,12.40990590873705,fta,0,tracker_actual_2026-08-24
2025-11-27,Japan,14.72183494282396,jp,0,tracker_actual_2026-08-24
2025-11-27,Mexico,7.552389270850608,mx,0,tracker_actual_2026-08-24
2025-11-27,Rest of World,16.709466672928496,row,0,tracker_actual_2026-08-24
2025-11-27,UK,8.62110185520467,uk,0,tracker_actual_2026-08-24
2025-11-28,Canada,7.117914024198208,ca,0,tracker_actual_2026-08-24
2025-11-28,China,32.42762340827493,chn,0,tracker_actual_2026-08-24
2025-11-28,EU,9.557704684933816,eu,0,tracker_actual_2026-08-24
2025-11-28,Free-trade partners,12.40990590873705,fta,0,tracker_actual_2026-08-24
2025-11-28,Japan,14.72183494282396,jp,0,tracker_actual_2026-08-24
2025-11-28,Mexico,7.552389270850608,mx,0,tracker_actual_2026-08-24
2025-11-28,Rest of World,16.709466672928496,row,0,tracker_actual_2026-08-24
2025-11-28,UK,8.62110185520467,uk,0,tracker_actual_2026-08-24
2025-11-29,Canada,7.117914024198208,ca,0,tracker_actual_2026-08-24
2025-11-29,China,32.42762340827493,chn,0,tracker_actual_2026-08-24
2025-11-29,EU,9.557704684933816,eu,0,tracker_actual_2026-08-24
2025-11-29,Free-trade partners,12.40990590873705,fta,0,tracker_actual_2026-08-24
2025-11-29,Japan,14.72183494282396,jp,0,tracker_actual_2026-08-24
2025-11-29,Mexico,7.552389270850608,mx,0,tracker_actual_2026-08-24
2025-11-29,Rest of World,16.709466672928496,row,0,tracker_actual_2026-08-24
2025-11-29,UK,8.62110185520467,uk,0,tracker_actual_2026-08-24
2025-11-30,Canada,7.117914024198208,ca,0,tracker_actual_2026-08-24
2025-11-30,China,32.42762340827493,chn,0,tracker_actual_2026-08-24
2025-11-30,EU,9.557704684933816,eu,0,tracker_actual_2026-08-24
2025-11-30,Free-trade partners,12.40990590873705,fta,0,tracker_actual_2026-08-24
2025-11-30,Japan,14.72183494282396,jp,0,tracker_actual_2026-08-24
2025-11-30,Mexico,7.552389270850608,mx,0,tracker_actual_2026-08-24
2025-11-30,Rest of World,16.709466672928496,row,0,tracker_actual_2026-08-24
2025-11-30,UK,8.62110185520467,uk,0,tracker_actual_2026-08-24
2025-12-01,Canada,7.117914024198208,ca,0,tracker_actual_2026-08-24
2025-12-01,China,32.42762340827493,chn,0,tracker_actual_2026-08-24
2025-12-01,EU,9.557704684933816,eu,0,tracker_actual_2026-08-24
2025-12-01,Free-trade partners,12.40990590873705,fta,0,tracker_actual_2026-08-24
2025-12-01,Japan,14.72183494282396,jp,0,tracker_actual_2026-08-24
2025-12-01,Mexico,7.552389270850608,mx,0,tracker_actual_2026-08-24
2025-12-01,Rest of World,16.709466672928496,row,0,tracker_actual_2026-08-24
2025-12-01,UK,8.62110185520467,uk,0,tracker_actual_2026-08-24
2025-12-02,Canada,7.117914024198208,ca,0,tracker_actual_2026-08-24
2025-12-02,China,32.42762340827493,chn,0,tracker_actual_2026-08-24
2025-12-02,EU,9.557704684933816,eu,0,tracker_actual_2026-08-24
2025-12-02,Free-trade partners,12.40990590873705,fta,0,tracker_actual_2026-08-24
2025-12-02,Japan,14.72183494282396,jp,0,tracker_actual_2026-08-24
2025-12-02,Mexico,7.552389270850608,mx,0,tracker_actual_2026-08-24
2025-12-02,Rest of World,16.709466672928496,row,0,tracker_actual_2026-08-24
2025-12-02,UK,8.62110185520467,uk,0,tracker_actual_2026-08-24
2025-12-03,Canada,7.117914024198208,ca,0,tracker_actual_2026-08-24
2025-12-03,China,32.42762340827493,chn,0,tracker_actual_2026-08-24
2025-12-03,EU,9.557704684933816,eu,0,tracker_actual_2026-08-24
2025-12-03,Free-trade partners,12.40990590873705,fta,0,tracker_actual_2026-08-24
2025-12-03,Japan,14.72183494282396,jp,0,tracker_actual_2026-08-24
2025-12-03,Mexico,7.552389270850608,mx,0,tracker_actual_2026-08-24
2025-12-03,Rest of World,16.709466672928496,row,0,tracker_actual_2026-08-24
2025-12-03,UK,8.62110185520467,uk,0,tracker_actual_2026-08-24
2025-12-04,Canada,7.117914024198208,ca,0,tracker_actual_2026-08-24
2025-12-04,China,32.42762340827493,chn,0,tracker_actual_2026-08-24
2025-12-04,EU,9.557704684933816,eu,0,tracker_actual_2026-08-24
2025-12-04,Free-trade partners,12.40990590873705,fta,0,tracker_actual_2026-08-24
2025-12-04,Japan,14.72183494282396,jp,0,tracker_actual_2026-08-24
2025-12-04,Mexico,7.552389270850608,mx,0,tracker_actual_2026-08-24
2025-12-04,Rest of World,16.709466672928496,row,0,tracker_actual_2026-08-24
2025-12-04,UK,8.62110185520467,uk,0,tracker_actual_2026-08-24
2025-12-05,Canada,7.117914024198208,ca,0,tracker_actual_2026-08-24
2025-12-05,China,32.42762340827493,chn,0,tracker_actual_2026-08-24
2025-12-05,EU,9.557704684933816,eu,0,tracker_actual_2026-08-24
2025-12-05,Free-trade partners,10.1287255296528,fta,0,tracker_actual_2026-08-24
2025-12-05,Japan,14.72183494282396,jp,0,tracker_actual_2026-08-24
2025-12-05,Mexico,7.552389270850608,mx,0,tracker_actual_2026-08-24
2025-12-05,Rest of World,16.709466672928496,row,0,tracker_actual_2026-08-24
2025-12-05,UK,8.62110185520467,uk,0,tracker_actual_2026-08-24
2025-12-06,Canada,7.117914024198208,ca,0,tracker_actual_2026-08-24
2025-12-06,China,32.42762340827493,chn,0,tracker_actual_2026-08-24
2025-12-06,EU,9.557704684933816,eu,0,tracker_actual_2026-08-24
2025-12-06,Free-trade partners,10.1287255296528,fta,0,tracker_actual_2026-08-24
2025-12-06,Japan,14.72183494282396,jp,0,tracker_actual_2026-08-24
2025-12-06,Mexico,7.552389270850608,mx,0,tracker_actual_2026-08-24
2025-12-06,Rest of World,16.709466672928496,row,0,tracker_actual_2026-08-24
2025-12-06,UK,8.62110185520467,uk,0,tracker_actual_2026-08-24
2025-12-07,Canada,7.117914024198208,ca,0,tracker_actual_2026-08-24
2025-12-07,China,32.42762340827493,chn,0,tracker_actual_2026-08-24
2025-12-07,EU,9.557704684933816,eu,0,tracker_actual_2026-08-24
2025-12-07,Free-trade partners,10.1287255296528,fta,0,tracker_actual_2026-08-24
2025-12-07,Japan,14.72183494282396,jp,0,tracker_actual_2026-08-24
2025-12-07,Mexico,7.552389270850608,mx,0,tracker_actual_2026-08-24
2025-12-07,Rest of World,16.709466672928496,row,0,tracker_actual_2026-08-24
2025-12-07,UK,8.62110185520467,uk,0,tracker_actual_2026-08-24
2025-12-08,Canada,7.117914024198208,ca,0,tracker_actual_2026-08-24
2025-12-08,China,32.42762340827493,chn,0,tracker_actual_2026-08-24
2025-12-08,EU,9.557704684933816,eu,0,tracker_actual_2026-08-24
2025-12-08,Free-trade partners,10.1287255296528,fta,0,tracker_actual_2026-08-24
2025-12-08,Japan,14.72183494282396,jp,0,tracker_actual_2026-08-24
2025-12-08,Mexico,7.552389270850608,mx,0,tracker_actual_2026-08-24
2025-12-08,Rest of World,16.709466672928496,row,0,tracker_actual_2026-08-24
2025-12-08,UK,8.62110185520467,uk,0,tracker_actual_2026-08-24
2025-12-09,Canada,7.117914024198208,ca,0,tracker_actual_2026-08-24
2025-12-09,China,32.42762340827493,chn,0,tracker_actual_2026-08-24
2025-12-09,EU,9.557704684933816,eu,0,tracker_actual_2026-08-24
2025-12-09,Free-trade partners,10.1287255296528,fta,0,tracker_actual_2026-08-24
2025-12-09,Japan,14.72183494282396,jp,0,tracker_actual_2026-08-24
2025-12-09,Mexico,7.552389270850608,mx,0,tracker_actual_2026-08-24
2025-12-09,Rest of World,16.709466672928496,row,0,tracker_actual_2026-08-24
2025-12-09,UK,8.62110185520467,uk,0,tracker_actual_2026-08-24
2025-12-10,Canada,7.117914024198208,ca,0,tracker_actual_2026-08-24
2025-12-10,China,32.42762340827493,chn,0,tracker_actual_2026-08-24
2025-12-10,EU,9.557704684933816,eu,0,tracker_actual_2026-08-24
2025-12-10,Free-trade partners,10.1287255296528,fta,0,tracker_actual_2026-08-24
2025-12-10,Japan,14.72183494282396,jp,0,tracker_actual_2026-08-24
2025-12-10,Mexico,7.552389270850608,mx,0,tracker_actual_2026-08-24
2025-12-10,Rest of World,16.709466672928496,row,0,tracker_actual_2026-08-24
2025-12-10,UK,8.62110185520467,uk,0,tracker_actual_2026-08-24
2025-12-11,Canada,7.117914024198208,ca,0,tracker_actual_2026-08-24
2025-12-11,China,32.42762340827493,chn,0,tracker_actual_2026-08-24
2025-12-11,EU,9.557704684933816,eu,0,tracker_actual_2026-08-24
2025-12-11,Free-trade partners,10.1287255296528,fta,0,tracker_actual_2026-08-24
2025-12-11,Japan,14.72183494282396,jp,0,tracker_actual_2026-08-24
2025-12-11,Mexico,7.552389270850608,mx,0,tracker_actual_2026-08-24
2025-12-11,Rest of World,16.709466672928496,row,0,tracker_actual_2026-08-24
2025-12-11,UK,8.62110185520467,uk,0,tracker_actual_2026-08-24
2025-12-12,Canada,7.117914024198208,ca,0,tracker_actual_2026-08-24
2025-12-12,China,32.42762340827493,chn,0,tracker_actual_2026-08-24
2025-12-12,EU,9.557704684933816,eu,0,tracker_actual_2026-08-24
2025-12-12,Free-trade partners,10.1287255296528,fta,0,tracker_actual_2026-08-24
2025-12-12,Japan,14.72183494282396,jp,0,tracker_actual_2026-08-24
2025-12-12,Mexico,7.552389270850608,mx,0,tracker_actual_2026-08-24
2025-12-12,Rest of World,16.709466672928496,row,0,tracker_actual_2026-08-24
2025-12-12,UK,8.62110185520467,uk,0,tracker_actual_2026-08-24
2025-12-13,Canada,7.117914024198208,ca,0,tracker_actual_2026-08-24
2025-12-13,China,32.42762340827493,chn,0,tracker_actual_2026-08-24
2025-12-13,EU,9.557704684933816,eu,0,tracker_actual_2026-08-24
2025-12-13,Free-trade partners,10.1287255296528,fta,0,tracker_actual_2026-08-24
2025-12-13,Japan,14.72183494282396,jp,0,tracker_actual_2026-08-24
2025-12-13,Mexico,7.552389270850608,mx,0,tracker_actual_2026-08-24
2025-12-13,Rest of World,16.709466672928496,row,0,tracker_actual_2026-08-24
2025-12-13,UK,8.62110185520467,uk,0,tracker_actual_2026-08-24
2025-12-14,Canada,7.117914024198208,ca,0,tracker_actual_2026-08-24
2025-12-14,China,32.42762340827493,chn,0,tracker_actual_2026-08-24
2025-12-14,EU,9.557704684933816,eu,0,tracker_actual_2026-08-24
2025-12-14,Free-trade partners,10.1287255296528,fta,0,tracker_actual_2026-08-24
2025-12-14,Japan,14.72183494282396,jp,0,tracker_actual_2026-08-24
2025-12-14,Mexico,7.552389270850608,mx,0,tracker_actual_2026-08-24
2025-12-14,Rest of World,16.709466672928496,row,0,tracker_actual_2026-08-24
2025-12-14,UK,8.62110185520467,uk,0,tracker_actual_2026-08-24
2025-12-15,Canada,7.117914024198208,ca,0,tracker_actual_2026-08-24
2025-12-15,China,32.42762340827493,chn,0,tracker_actual_2026-08-24
2025-12-15,EU,9.557704684933816,eu,0,tracker_actual_2026-08-24
2025-12-15,Free-trade partners,10.1287255296528,fta,0,tracker_actual_2026-08-24
2025-12-15,Japan,14.72183494282396,jp,0,tracker_actual_2026-08-24
2025-12-15,Mexico,7.552389270850608,mx,0,tracker_actual_2026-08-24
2025-12-15,Rest of World,16.709466672928496,row,0,tracker_actual_2026-08-24
2025-12-15,UK,8.62110185520467,uk,0,tracker_actual_2026-08-24
2025-12-16,Canada,7.117914024198208,ca,0,tracker_actual_2026-08-24
2025-12-16,China,32.42762340827493,chn,0,tracker_actual_2026-08-24
2025-12-16,EU,9.557704684933816,eu,0,tracker_actual_2026-08-24
2025-12-16,Free-trade partners,10.1287255296528,fta,0,tracker_actual_2026-08-24
2025-12-16,Japan,14.72183494282396,jp,0,tracker_actual_2026-08-24
2025-12-16,Mexico,7.552389270850608,mx,0,tracker_actual_2026-08-24
2025-12-16,Rest of World,16.709466672928496,row,0,tracker_actual_2026-08-24
2025-12-16,UK,8.62110185520467,uk,0,tracker_actual_2026-08-24
2025-12-17,Canada,7.117914024198208,ca,0,tracker_actual_2026-08-24
2025-12-17,China,32.42762340827493,chn,0,tracker_actual_2026-08-24
2025-12-17,EU,9.557704684933816,eu,0,tracker_actual_2026-08-24
2025-12-17,Free-trade partners,10.1287255296528,fta,0,tracker_actual_2026-08-24
2025-12-17,Japan,14.72183494282396,jp,0,tracker_actual_2026-08-24
2025-12-17,Mexico,7.552389270850608,mx,0,tracker_actual_2026-08-24
2025-12-17,Rest of World,16.709466672928496,row,0,tracker_actual_2026-08-24
2025-12-17,UK,8.62110185520467,uk,0,tracker_actual_2026-08-24
2025-12-18,Canada,7.117914024198208,ca,0,tracker_actual_2026-08-24
2025-12-18,China,32.42762340827493,chn,0,tracker_actual_2026-08-24
2025-12-18,EU,9.557704684933816,eu,0,tracker_actual_2026-08-24
2025-12-18,Free-trade partners,10.1287255296528,fta,0,tracker_actual_2026-08-24
2025-12-18,Japan,14.72183494282396,jp,0,tracker_actual_2026-08-24
2025-12-18,Mexico,7.552389270850608,mx,0,tracker_actual_2026-08-24
2025-12-18,Rest of World,16.709466672928496,row,0,tracker_actual_2026-08-24
2025-12-18,UK,8.62110185520467,uk,0,tracker_actual_2026-08-24
2025-12-19,Canada,7.117914024198208,ca,0,tracker_actual_2026-08-24
2025-12-19,China,32.42762340827493,chn,0,tracker_actual_2026-08-24
2025-12-19,EU,9.557704684933816,eu,0,tracker_actual_2026-08-24
2025-12-19,Free-trade partners,10.1287255296528,fta,0,tracker_actual_2026-08-24
2025-12-19,Japan,14.72183494282396,jp,0,tracker_actual_2026-08-24
2025-12-19,Mexico,7.552389270850608,mx,0,tracker_actual_2026-08-24
2025-12-19,Rest of World,16.709466672928496,row,0,tracker_actual_2026-08-24
2025-12-19,UK,8.62110185520467,uk,0,tracker_actual_2026-08-24
2025-12-20,Canada,7.117914024198208,ca,0,tracker_actual_2026-08-24
2025-12-20,China,32.42762340827493,chn,0,tracker_actual_2026-08-24
2025-12-20,EU,9.557704684933816,eu,0,tracker_actual_2026-08-24
2025-12-20,Free-trade partners,10.1287255296528,fta,0,tracker_actual_2026-08-24
2025-12-20,Japan,14.72183494282396,jp,0,tracker_actual_2026-08-24
2025-12-20,Mexico,7.552389270850608,mx,0,tracker_actual_2026-08-24
2025-12-20,Rest of World,16.709466672928496,row,0,tracker_actual_2026-08-24
2025-12-20,UK,8.62110185520467,uk,0,tracker_actual_2026-08-24
2025-12-21,Canada,7.117914024198208,ca,0,tracker_actual_2026-08-24
2025-12-21,China,32.42762340827493,chn,0,tracker_actual_2026-08-24
2025-12-21,EU,9.557704684933816,eu,0,tracker_actual_2026-08-24
2025-12-21,Free-trade partners,10.1287255296528,fta,0,tracker_actual_2026-08-24
2025-12-21,Japan,14.72183494282396,jp,0,tracker_actual_2026-08-24
2025-12-21,Mexico,7.552389270850608,mx,0,tracker_actual_2026-08-24
2025-12-21,Rest of World,16.709466672928496,row,0,tracker_actual_2026-08-24
2025-12-21,UK,8.62110185520467,uk,0,tracker_actual_2026-08-24
2025-12-22,Canada,7.117914024198208,ca,0,tracker_actual_2026-08-24
2025-12-22,China,32.42762340827493,chn,0,tracker_actual_2026-08-24
2025-12-22,EU,9.557704684933816,eu,0,tracker_actual_2026-08-24
2025-12-22,Free-trade partners,10.1287255296528,fta,0,tracker_actual_2026-08-24
2025-12-22,Japan,14.72183494282396,jp,0,tracker_actual_2026-08-24
2025-12-22,Mexico,7.552389270850608,mx,0,tracker_actual_2026-08-24
2025-12-22,Rest of World,16.709466672928496,row,0,tracker_actual_2026-08-24
2025-12-22,UK,8.62110185520467,uk,0,tracker_actual_2026-08-24
2025-12-23,Canada,7.117914024198208,ca,0,tracker_actual_2026-08-24
2025-12-23,China,32.42762340827493,chn,0,tracker_actual_2026-08-24
2025-12-23,EU,9.557704684933816,eu,0,tracker_actual_2026-08-24
2025-12-23,Free-trade partners,10.1287255296528,fta,0,tracker_actual_2026-08-24
2025-12-23,Japan,14.72183494282396,jp,0,tracker_actual_2026-08-24
2025-12-23,Mexico,7.552389270850608,mx,0,tracker_actual_2026-08-24
2025-12-23,Rest of World,16.709466672928496,row,0,tracker_actual_2026-08-24
2025-12-23,UK,8.62110185520467,uk,0,tracker_actual_2026-08-24
2025-12-24,Canada,7.117914024198208,ca,0,tracker_actual_2026-08-24
2025-12-24,China,32.42762340827493,chn,0,tracker_actual_2026-08-24
2025-12-24,EU,9.557704684933816,eu,0,tracker_actual_2026-08-24
2025-12-24,Free-trade partners,10.1287255296528,fta,0,tracker_actual_2026-08-24
2025-12-24,Japan,14.72183494282396,jp,0,tracker_actual_2026-08-24
2025-12-24,Mexico,7.552389270850608,mx,0,tracker_actual_2026-08-24
2025-12-24,Rest of World,16.709466672928496,row,0,tracker_actual_2026-08-24
2025-12-24,UK,8.62110185520467,uk,0,tracker_actual_2026-08-24
2025-12-25,Canada,7.117914024198208,ca,0,tracker_actual_2026-08-24
2025-12-25,China,32.42762340827493,chn,0,tracker_actual_2026-08-24
2025-12-25,EU,9.557704684933816,eu,0,tracker_actual_2026-08-24
2025-12-25,Free-trade partners,10.1287255296528,fta,0,tracker_actual_2026-08-24
2025-12-25,Japan,14.72183494282396,jp,0,tracker_actual_2026-08-24
2025-12-25,Mexico,7.552389270850608,mx,0,tracker_actual_2026-08-24
2025-12-25,Rest of World,16.709466672928496,row,0,tracker_actual_2026-08-24
2025-12-25,UK,8.62110185520467,uk,0,tracker_actual_2026-08-24
2025-12-26,Canada,7.117914024198208,ca,0,tracker_actual_2026-08-24
2025-12-26,China,32.42762340827493,chn,0,tracker_actual_2026-08-24
2025-12-26,EU,9.557704684933816,eu,0,tracker_actual_2026-08-24
2025-12-26,Free-trade partners,10.1287255296528,fta,0,tracker_actual_2026-08-24
2025-12-26,Japan,14.72183494282396,jp,0,tracker_actual_2026-08-24
2025-12-26,Mexico,7.552389270850608,mx,0,tracker_actual_2026-08-24
2025-12-26,Rest of World,16.709466672928496,row,0,tracker_actual_2026-08-24
2025-12-26,UK,8.62110185520467,uk,0,tracker_actual_2026-08-24
2025-12-27,Canada,7.117914024198208,ca,0,tracker_actual_2026-08-24
2025-12-27,China,32.42762340827493,chn,0,tracker_actual_2026-08-24
2025-12-27,EU,9.557704684933816,eu,0,tracker_actual_2026-08-24
2025-12-27,Free-trade partners,10.1287255296528,fta,0,tracker_actual_2026-08-24
2025-12-27,Japan,14.72183494282396,jp,0,tracker_actual_2026-08-24
2025-12-27,Mexico,7.552389270850608,mx,0,tracker_actual_2026-08-24
2025-12-27,Rest of World,16.709466672928496,row,0,tracker_actual_2026-08-24
2025-12-27,UK,8.62110185520467,uk,0,tracker_actual_2026-08-24
2025-12-28,Canada,7.117914024198208,ca,0,tracker_actual_2026-08-24
2025-12-28,China,32.42762340827493,chn,0,tracker_actual_2026-08-24
2025-12-28,EU,9.557704684933816,eu,0,tracker_actual_2026-08-24
2025-12-28,Free-trade partners,10.1287255296528,fta,0,tracker_actual_2026-08-24
2025-12-28,Japan,14.72183494282396,jp,0,tracker_actual_2026-08-24
2025-12-28,Mexico,7.552389270850608,mx,0,tracker_actual_2026-08-24
2025-12-28,Rest of World,16.709466672928496,row,0,tracker_actual_2026-08-24
2025-12-28,UK,8.62110185520467,uk,0,tracker_actual_2026-08-24
2025-12-29,Canada,7.117914024198208,ca,0,tracker_actual_2026-08-24
2025-12-29,China,32.42762340827493,chn,0,tracker_actual_2026-08-24
2025-12-29,EU,9.557704684933816,eu,0,tracker_actual_2026-08-24
2025-12-29,Free-trade partners,10.1287255296528,fta,0,tracker_actual_2026-08-24
2025-12-29,Japan,14.72183494282396,jp,0,tracker_actual_2026-08-24
2025-12-29,Mexico,7.552389270850608,mx,0,tracker_actual_2026-08-24
2025-12-29,Rest of World,16.709466672928496,row,0,tracker_actual_2026-08-24
2025-12-29,UK,8.62110185520467,uk,0,tracker_actual_2026-08-24
2025-12-30,Canada,7.117914024198208,ca,0,tracker_actual_2026-08-24
2025-12-30,China,32.42762340827493,chn,0,tracker_actual_2026-08-24
2025-12-30,EU,9.557704684933816,eu,0,tracker_actual_2026-08-24
2025-12-30,Free-trade partners,10.1287255296528,fta,0,tracker_actual_2026-08-24
2025-12-30,Japan,14.72183494282396,jp,0,tracker_actual_2026-08-24
2025-12-30,Mexico,7.552389270850608,mx,0,tracker_actual_2026-08-24
2025-12-30,Rest of World,16.709466672928496,row,0,tracker_actual_2026-08-24
2025-12-30,UK,8.62110185520467,uk,0,tracker_actual_2026-08-24
2025-12-31,Canada,7.117914024198208,ca,0,tracker_actual_2026-08-24
2025-12-31,China,32.42762340827493,chn,0,tracker_actual_2026-08-24
2025-12-31,EU,9.557704684933816,eu,0,tracker_actual_2026-08-24
2025-12-31,Free-trade partners,10.1287255296528,fta,0,tracker_actual_2026-08-24
2025-12-31,Japan,14.72183494282396,jp,0,tracker_actual_2026-08-24
2025-12-31,Mexico,7.552389270850608,mx,0,tracker_actual_2026-08-24
2025-12-31,Rest of World,16.709466672928496,row,0,tracker_actual_2026-08-24
2025-12-31,UK,8.62110185520467,uk,0,tracker_actual_2026-08-24
2026-01-01,Canada,7.117914024198208,ca,1,tracker_actual_2026-08-24
2026-01-01,China,33.65361252244924,chn,1,tracker_actual_2026-08-24
2026-01-01,EU,9.557704684933816,eu,1,tracker_actual_2026-08-24
2026-01-01,Free-trade partners,10.1287255296528,fta,1,tracker_actual_2026-08-24
2026-01-01,Japan,14.72183494282396,jp,1,tracker_actual_2026-08-24
2026-01-01,Mexico,7.552389270850608,mx,1,tracker_actual_2026-08-24
2026-01-01,Rest of World,16.644250183041148,row,1,tracker_actual_2026-08-24
2026-01-01,UK,8.62110185520467,uk,1,tracker_actual_2026-08-24
2026-01-02,Canada,7.117914024198208,ca,1,tracker_actual_2026-08-24
2026-01-02,China,33.65361252244924,chn,1,tracker_actual_2026-08-24
2026-01-02,EU,9.557704684933816,eu,1,tracker_actual_2026-08-24
2026-01-02,Free-trade partners,10.1287255296528,fta,1,tracker_actual_2026-08-24
2026-01-02,Japan,14.72183494282396,jp,1,tracker_actual_2026-08-24
2026-01-02,Mexico,7.552389270850608,mx,1,tracker_actual_2026-08-24
2026-01-02,Rest of World,16.644250183041148,row,1,tracker_actual_2026-08-24
2026-01-02,UK,8.62110185520467,uk,1,tracker_actual_2026-08-24
2026-01-03,Canada,7.117914024198208,ca,1,tracker_actual_2026-08-24
2026-01-03,China,33.65361252244924,chn,1,tracker_actual_2026-08-24
2026-01-03,EU,9.557704684933816,eu,1,tracker_actual_2026-08-24
2026-01-03,Free-trade partners,10.1287255296528,fta,1,tracker_actual_2026-08-24
2026-01-03,Japan,14.72183494282396,jp,1,tracker_actual_2026-08-24
2026-01-03,Mexico,7.552389270850608,mx,1,tracker_actual_2026-08-24
2026-01-03,Rest of World,16.644250183041148,row,1,tracker_actual_2026-08-24
2026-01-03,UK,8.62110185520467,uk,1,tracker_actual_2026-08-24
2026-01-04,Canada,7.117914024198208,ca,1,tracker_actual_2026-08-24
2026-01-04,China,33.65361252244924,chn,1,tracker_actual_2026-08-24
2026-01-04,EU,9.557704684933816,eu,1,tracker_actual_2026-08-24
2026-01-04,Free-trade partners,10.1287255296528,fta,1,tracker_actual_2026-08-24
2026-01-04,Japan,14.72183494282396,jp,1,tracker_actual_2026-08-24
2026-01-04,Mexico,7.552389270850608,mx,1,tracker_actual_2026-08-24
2026-01-04,Rest of World,16.644250183041148,row,1,tracker_actual_2026-08-24
2026-01-04,UK,8.62110185520467,uk,1,tracker_actual_2026-08-24
2026-01-05,Canada,7.117914024198208,ca,1,tracker_actual_2026-08-24
2026-01-05,China,33.65361252244924,chn,1,tracker_actual_2026-08-24
2026-01-05,EU,9.557704684933816,eu,1,tracker_actual_2026-08-24
2026-01-05,Free-trade partners,10.1287255296528,fta,1,tracker_actual_2026-08-24
2026-01-05,Japan,14.72183494282396,jp,1,tracker_actual_2026-08-24
2026-01-05,Mexico,7.552389270850608,mx,1,tracker_actual_2026-08-24
2026-01-05,Rest of World,16.644250183041148,row,1,tracker_actual_2026-08-24
2026-01-05,UK,8.62110185520467,uk,1,tracker_actual_2026-08-24
2026-01-06,Canada,7.117914024198208,ca,1,tracker_actual_2026-08-24
2026-01-06,China,33.65361252244924,chn,1,tracker_actual_2026-08-24
2026-01-06,EU,9.557704684933816,eu,1,tracker_actual_2026-08-24
2026-01-06,Free-trade partners,10.1287255296528,fta,1,tracker_actual_2026-08-24
2026-01-06,Japan,14.72183494282396,jp,1,tracker_actual_2026-08-24
2026-01-06,Mexico,7.552389270850608,mx,1,tracker_actual_2026-08-24
2026-01-06,Rest of World,16.644250183041148,row,1,tracker_actual_2026-08-24
2026-01-06,UK,8.62110185520467,uk,1,tracker_actual_2026-08-24
2026-01-07,Canada,7.117914024198208,ca,1,tracker_actual_2026-08-24
2026-01-07,China,33.65361252244924,chn,1,tracker_actual_2026-08-24
2026-01-07,EU,9.557704684933816,eu,1,tracker_actual_2026-08-24
2026-01-07,Free-trade partners,10.1287255296528,fta,1,tracker_actual_2026-08-24
2026-01-07,Japan,14.72183494282396,jp,1,tracker_actual_2026-08-24
2026-01-07,Mexico,7.552389270850608,mx,1,tracker_actual_2026-08-24
2026-01-07,Rest of World,16.644250183041148,row,1,tracker_actual_2026-08-24
2026-01-07,UK,8.62110185520467,uk,1,tracker_actual_2026-08-24
2026-01-08,Canada,7.117914024198208,ca,1,tracker_actual_2026-08-24
2026-01-08,China,33.65361252244924,chn,1,tracker_actual_2026-08-24
2026-01-08,EU,9.557704684933816,eu,1,tracker_actual_2026-08-24
2026-01-08,Free-trade partners,10.1287255296528,fta,1,tracker_actual_2026-08-24
2026-01-08,Japan,14.72183494282396,jp,1,tracker_actual_2026-08-24
2026-01-08,Mexico,7.552389270850608,mx,1,tracker_actual_2026-08-24
2026-01-08,Rest of World,16.644250183041148,row,1,tracker_actual_2026-08-24
2026-01-08,UK,8.62110185520467,uk,1,tracker_actual_2026-08-24
2026-01-09,Canada,7.117914024198208,ca,1,tracker_actual_2026-08-24
2026-01-09,China,33.65361252244924,chn,1,tracker_actual_2026-08-24
2026-01-09,EU,9.557704684933816,eu,1,tracker_actual_2026-08-24
2026-01-09,Free-trade partners,10.1287255296528,fta,1,tracker_actual_2026-08-24
2026-01-09,Japan,14.72183494282396,jp,1,tracker_actual_2026-08-24
2026-01-09,Mexico,7.552389270850608,mx,1,tracker_actual_2026-08-24
2026-01-09,Rest of World,16.644250183041148,row,1,tracker_actual_2026-08-24
2026-01-09,UK,8.62110185520467,uk,1,tracker_actual_2026-08-24
2026-01-10,Canada,7.117914024198208,ca,1,tracker_actual_2026-08-24
2026-01-10,China,33.65361252244924,chn,1,tracker_actual_2026-08-24
2026-01-10,EU,9.557704684933816,eu,1,tracker_actual_2026-08-24
2026-01-10,Free-trade partners,10.1287255296528,fta,1,tracker_actual_2026-08-24
2026-01-10,Japan,14.72183494282396,jp,1,tracker_actual_2026-08-24
2026-01-10,Mexico,7.552389270850608,mx,1,tracker_actual_2026-08-24
2026-01-10,Rest of World,16.644250183041148,row,1,tracker_actual_2026-08-24
2026-01-10,UK,8.62110185520467,uk,1,tracker_actual_2026-08-24
2026-01-11,Canada,7.117914024198208,ca,1,tracker_actual_2026-08-24
2026-01-11,China,33.65361252244924,chn,1,tracker_actual_2026-08-24
2026-01-11,EU,9.557704684933816,eu,1,tracker_actual_2026-08-24
2026-01-11,Free-trade partners,10.1287255296528,fta,1,tracker_actual_2026-08-24
2026-01-11,Japan,14.72183494282396,jp,1,tracker_actual_2026-08-24
2026-01-11,Mexico,7.552389270850608,mx,1,tracker_actual_2026-08-24
2026-01-11,Rest of World,16.644250183041148,row,1,tracker_actual_2026-08-24
2026-01-11,UK,8.62110185520467,uk,1,tracker_actual_2026-08-24
2026-01-12,Canada,7.117914024198208,ca,1,tracker_actual_2026-08-24
2026-01-12,China,33.65361252244924,chn,1,tracker_actual_2026-08-24
2026-01-12,EU,9.557704684933816,eu,1,tracker_actual_2026-08-24
2026-01-12,Free-trade partners,10.1287255296528,fta,1,tracker_actual_2026-08-24
2026-01-12,Japan,14.72183494282396,jp,1,tracker_actual_2026-08-24
2026-01-12,Mexico,7.552389270850608,mx,1,tracker_actual_2026-08-24
2026-01-12,Rest of World,16.644250183041148,row,1,tracker_actual_2026-08-24
2026-01-12,UK,8.62110185520467,uk,1,tracker_actual_2026-08-24
2026-01-13,Canada,7.117914024198208,ca,1,tracker_actual_2026-08-24
2026-01-13,China,33.65361252244924,chn,1,tracker_actual_2026-08-24
2026-01-13,EU,9.557704684933816,eu,1,tracker_actual_2026-08-24
2026-01-13,Free-trade partners,10.1287255296528,fta,1,tracker_actual_2026-08-24
2026-01-13,Japan,14.72183494282396,jp,1,tracker_actual_2026-08-24
2026-01-13,Mexico,7.552389270850608,mx,1,tracker_actual_2026-08-24
2026-01-13,Rest of World,16.644250183041148,row,1,tracker_actual_2026-08-24
2026-01-13,UK,8.62110185520467,uk,1,tracker_actual_2026-08-24
2026-01-14,Canada,7.117914024198208,ca,1,tracker_actual_2026-08-24
2026-01-14,China,33.65361252244924,chn,1,tracker_actual_2026-08-24
2026-01-14,EU,9.557704684933816,eu,1,tracker_actual_2026-08-24
2026-01-14,Free-trade partners,10.1287255296528,fta,1,tracker_actual_2026-08-24
2026-01-14,Japan,14.72183494282396,jp,1,tracker_actual_2026-08-24
2026-01-14,Mexico,7.552389270850608,mx,1,tracker_actual_2026-08-24
2026-01-14,Rest of World,16.644250183041148,row,1,tracker_actual_2026-08-24
2026-01-14,UK,8.62110185520467,uk,1,tracker_actual_2026-08-24
2026-01-15,Canada,7.117792225602846,ca,1,tracker_actual_2026-08-24
2026-01-15,China,33.65007511645211,chn,1,tracker_actual_2026-08-24
2026-01-15,EU,9.559739741406439,eu,1,tracker_actual_2026-08-24
2026-01-15,Free-trade partners,10.129741981014428,fta,1,tracker_actual_2026-08-24
2026-01-15,Japan,14.721790394258916,jp,1,tracker_actual_2026-08-24
2026-01-15,Mexico,7.656466629376606,mx,1,tracker_actual_2026-08-24
2026-01-15,Rest of World,16.810208539067755,row,1,tracker_actual_2026-08-24
2026-01-15,UK,8.622216784253729,uk,1,tracker_actual_2026-08-24
2026-01-16,Canada,7.117792225602846,ca,1,tracker_actual_2026-08-24
2026-01-16,China,33.65007511645211,chn,1,tracker_actual_2026-08-24
2026-01-16,EU,9.559739741406439,eu,1,tracker_actual_2026-08-24
2026-01-16,Free-trade partners,10.129741981014428,fta,1,tracker_actual_2026-08-24
2026-01-16,Japan,14.721790394258916,jp,1,tracker_actual_2026-08-24
2026-01-16,Mexico,7.656466629376606,mx,1,tracker_actual_2026-08-24
2026-01-16,Rest of World,16.810208539067755,row,1,tracker_actual_2026-08-24
2026-01-16,UK,8.622216784253729,uk,1,tracker_actual_2026-08-24
2026-01-17,Canada,7.117792225602846,ca,1,tracker_actual_2026-08-24
2026-01-17,China,33.65007511645211,chn,1,tracker_actual_2026-08-24
2026-01-17,EU,9.559739741406439,eu,1,tracker_actual_2026-08-24
2026-01-17,Free-trade partners,10.129741981014428,fta,1,tracker_actual_2026-08-24
2026-01-17,Japan,14.721790394258916,jp,1,tracker_actual_2026-08-24
2026-01-17,Mexico,7.656466629376606,mx,1,tracker_actual_2026-08-24
2026-01-17,Rest of World,16.810208539067755,row,1,tracker_actual_2026-08-24
2026-01-17,UK,8.622216784253729,uk,1,tracker_actual_2026-08-24
2026-01-18,Canada,7.117792225602846,ca,1,tracker_actual_2026-08-24
2026-01-18,China,33.65007511645211,chn,1,tracker_actual_2026-08-24
2026-01-18,EU,9.559739741406439,eu,1,tracker_actual_2026-08-24
2026-01-18,Free-trade partners,10.129741981014428,fta,1,tracker_actual_2026-08-24
2026-01-18,Japan,14.721790394258916,jp,1,tracker_actual_2026-08-24
2026-01-18,Mexico,7.656466629376606,mx,1,tracker_actual_2026-08-24
2026-01-18,Rest of World,16.810208539067755,row,1,tracker_actual_2026-08-24
2026-01-18,UK,8.622216784253729,uk,1,tracker_actual_2026-08-24
2026-01-19,Canada,7.117792225602846,ca,1,tracker_actual_2026-08-24
2026-01-19,China,33.65007511645211,chn,1,tracker_actual_2026-08-24
2026-01-19,EU,9.559739741406439,eu,1,tracker_actual_2026-08-24
2026-01-19,Free-trade partners,10.129741981014428,fta,1,tracker_actual_2026-08-24
2026-01-19,Japan,14.721790394258916,jp,1,tracker_actual_2026-08-24
2026-01-19,Mexico,7.656466629376606,mx,1,tracker_actual_2026-08-24
2026-01-19,Rest of World,16.810208539067755,row,1,tracker_actual_2026-08-24
2026-01-19,UK,8.622216784253729,uk,1,tracker_actual_2026-08-24
2026-01-20,Canada,7.117792225602846,ca,1,tracker_actual_2026-08-24
2026-01-20,China,33.65007511645211,chn,1,tracker_actual_2026-08-24
2026-01-20,EU,9.559739741406439,eu,1,tracker_actual_2026-08-24
2026-01-20,Free-trade partners,10.129741981014428,fta,1,tracker_actual_2026-08-24
2026-01-20,Japan,14.721790394258916,jp,1,tracker_actual_2026-08-24
2026-01-20,Mexico,7.656466629376606,mx,1,tracker_actual_2026-08-24
2026-01-20,Rest of World,16.810208539067755,row,1,tracker_actual_2026-08-24
2026-01-20,UK,8.622216784253729,uk,1,tracker_actual_2026-08-24
2026-01-21,Canada,7.117792225602846,ca,1,tracker_actual_2026-08-24
2026-01-21,China,33.65007511645211,chn,1,tracker_actual_2026-08-24
2026-01-21,EU,9.559739741406439,eu,1,tracker_actual_2026-08-24
2026-01-21,Free-trade partners,10.129741981014428,fta,1,tracker_actual_2026-08-24
2026-01-21,Japan,14.721790394258916,jp,1,tracker_actual_2026-08-24
2026-01-21,Mexico,7.656466629376606,mx,1,tracker_actual_2026-08-24
2026-01-21,Rest of World,16.810208539067755,row,1,tracker_actual_2026-08-24
2026-01-21,UK,8.622216784253729,uk,1,tracker_actual_2026-08-24
2026-01-22,Canada,7.117792225602846,ca,1,tracker_actual_2026-08-24
2026-01-22,China,33.65007511645211,chn,1,tracker_actual_2026-08-24
2026-01-22,EU,9.559739741406439,eu,1,tracker_actual_2026-08-24
2026-01-22,Free-trade partners,10.129741981014428,fta,1,tracker_actual_2026-08-24
2026-01-22,Japan,14.721790394258916,jp,1,tracker_actual_2026-08-24
2026-01-22,Mexico,7.656466629376606,mx,1,tracker_actual_2026-08-24
2026-01-22,Rest of World,16.810208539067755,row,1,tracker_actual_2026-08-24
2026-01-22,UK,8.622216784253729,uk,1,tracker_actual_2026-08-24
2026-01-23,Canada,7.117792225602846,ca,1,tracker_actual_2026-08-24
2026-01-23,China,33.65007511645211,chn,1,tracker_actual_2026-08-24
2026-01-23,EU,9.559739741406439,eu,1,tracker_actual_2026-08-24
2026-01-23,Free-trade partners,10.129741981014428,fta,1,tracker_actual_2026-08-24
2026-01-23,Japan,14.721790394258916,jp,1,tracker_actual_2026-08-24
2026-01-23,Mexico,7.656466629376606,mx,1,tracker_actual_2026-08-24
2026-01-23,Rest of World,16.810208539067755,row,1,tracker_actual_2026-08-24
2026-01-23,UK,8.622216784253729,uk,1,tracker_actual_2026-08-24
2026-01-24,Canada,7.117792225602846,ca,1,tracker_actual_2026-08-24
2026-01-24,China,33.65007511645211,chn,1,tracker_actual_2026-08-24
2026-01-24,EU,9.559739741406439,eu,1,tracker_actual_2026-08-24
2026-01-24,Free-trade partners,10.129741981014428,fta,1,tracker_actual_2026-08-24
2026-01-24,Japan,14.721790394258916,jp,1,tracker_actual_2026-08-24
2026-01-24,Mexico,7.656466629376606,mx,1,tracker_actual_2026-08-24
2026-01-24,Rest of World,16.810208539067755,row,1,tracker_actual_2026-08-24
2026-01-24,UK,8.622216784253729,uk,1,tracker_actual_2026-08-24
2026-01-25,Canada,7.117792225602846,ca,1,tracker_actual_2026-08-24
2026-01-25,China,33.65007511645211,chn,1,tracker_actual_2026-08-24
2026-01-25,EU,9.559739741406439,eu,1,tracker_actual_2026-08-24
2026-01-25,Free-trade partners,10.129741981014428,fta,1,tracker_actual_2026-08-24
2026-01-25,Japan,14.721790394258916,jp,1,tracker_actual_2026-08-24
2026-01-25,Mexico,7.656466629376606,mx,1,tracker_actual_2026-08-24
2026-01-25,Rest of World,16.810208539067755,row,1,tracker_actual_2026-08-24
2026-01-25,UK,8.622216784253729,uk,1,tracker_actual_2026-08-24
2026-01-26,Canada,7.117792225602846,ca,1,tracker_actual_2026-08-24
2026-01-26,China,33.65007511645211,chn,1,tracker_actual_2026-08-24
2026-01-26,EU,9.559739741406439,eu,1,tracker_actual_2026-08-24
2026-01-26,Free-trade partners,10.129741981014428,fta,1,tracker_actual_2026-08-24
2026-01-26,Japan,14.721790394258916,jp,1,tracker_actual_2026-08-24
2026-01-26,Mexico,7.656466629376606,mx,1,tracker_actual_2026-08-24
2026-01-26,Rest of World,16.810208539067755,row,1,tracker_actual_2026-08-24
2026-01-26,UK,8.622216784253729,uk,1,tracker_actual_2026-08-24
2026-01-27,Canada,7.117792225602846,ca,1,tracker_actual_2026-08-24
2026-01-27,China,33.65007511645211,chn,1,tracker_actual_2026-08-24
2026-01-27,EU,9.559739741406439,eu,1,tracker_actual_2026-08-24
2026-01-27,Free-trade partners,10.129741981014428,fta,1,tracker_actual_2026-08-24
2026-01-27,Japan,14.721790394258916,jp,1,tracker_actual_2026-08-24
2026-01-27,Mexico,7.656466629376606,mx,1,tracker_actual_2026-08-24
2026-01-27,Rest of World,16.810208539067755,row,1,tracker_actual_2026-08-24
2026-01-27,UK,8.622216784253729,uk,1,tracker_actual_2026-08-24
2026-01-28,Canada,7.117792225602846,ca,1,tracker_actual_2026-08-24
2026-01-28,China,33.65007511645211,chn,1,tracker_actual_2026-08-24
2026-01-28,EU,9.559739741406439,eu,1,tracker_actual_2026-08-24
2026-01-28,Free-trade partners,10.129741981014428,fta,1,tracker_actual_2026-08-24
2026-01-28,Japan,14.721790394258916,jp,1,tracker_actual_2026-08-24
2026-01-28,Mexico,7.656466629376606,mx,1,tracker_actual_2026-08-24
2026-01-28,Rest of World,16.810208539067755,row,1,tracker_actual_2026-08-24
2026-01-28,UK,8.622216784253729,uk,1,tracker_actual_2026-08-24
2026-01-29,Canada,7.117792225602846,ca,1,tracker_actual_2026-08-24
2026-01-29,China,33.65007511645211,chn,1,tracker_actual_2026-08-24
2026-01-29,EU,9.559739741406439,eu,1,tracker_actual_2026-08-24
2026-01-29,Free-trade partners,10.129741981014428,fta,1,tracker_actual_2026-08-24
2026-01-29,Japan,14.721790394258916,jp,1,tracker_actual_2026-08-24
2026-01-29,Mexico,7.656466629376606,mx,1,tracker_actual_2026-08-24
2026-01-29,Rest of World,16.810208539067755,row,1,tracker_actual_2026-08-24
2026-01-29,UK,8.622216784253729,uk,1,tracker_actual_2026-08-24
2026-01-30,Canada,7.117792225602846,ca,1,tracker_actual_2026-08-24
2026-01-30,China,33.65007511645211,chn,1,tracker_actual_2026-08-24
2026-01-30,EU,9.559739741406439,eu,1,tracker_actual_2026-08-24
2026-01-30,Free-trade partners,10.129741981014428,fta,1,tracker_actual_2026-08-24
2026-01-30,Japan,14.721790394258916,jp,1,tracker_actual_2026-08-24
2026-01-30,Mexico,7.656466629376606,mx,1,tracker_actual_2026-08-24
2026-01-30,Rest of World,16.810208539067755,row,1,tracker_actual_2026-08-24
2026-01-30,UK,8.622216784253729,uk,1,tracker_actual_2026-08-24
2026-01-31,Canada,7.117792225602846,ca,1,tracker_actual_2026-08-24
2026-01-31,China,33.65007511645211,chn,1,tracker_actual_2026-08-24
2026-01-31,EU,9.559739741406439,eu,1,tracker_actual_2026-08-24
2026-01-31,Free-trade partners,10.129741981014428,fta,1,tracker_actual_2026-08-24
2026-01-31,Japan,14.721790394258916,jp,1,tracker_actual_2026-08-24
2026-01-31,Mexico,7.656466629376606,mx,1,tracker_actual_2026-08-24
2026-01-31,Rest of World,16.810208539067755,row,1,tracker_actual_2026-08-24
2026-01-31,UK,8.622216784253729,uk,1,tracker_actual_2026-08-24
2026-02-01,Canada,7.11636815775961,ca,1,tracker_actual_2026-08-24
2026-02-01,China,33.642409713368515,chn,1,tracker_actual_2026-08-24
2026-02-01,EU,9.564073853757206,eu,1,tracker_actual_2026-08-24
2026-02-01,Free-trade partners,10.13663225301153,fta,1,tracker_actual_2026-08-24
2026-02-01,Japan,14.733091140017656,jp,1,tracker_actual_2026-08-24
2026-02-01,Mexico,7.651468691699469,mx,1,tracker_actual_2026-08-24
2026-02-01,Rest of World,16.82193525830959,row,1,tracker_actual_2026-08-24
2026-02-01,UK,8.615649063333425,uk,1,tracker_actual_2026-08-24
2026-02-02,Canada,7.11636815775961,ca,1,tracker_actual_2026-08-24
2026-02-02,China,33.642409713368515,chn,1,tracker_actual_2026-08-24
2026-02-02,EU,9.564073853757206,eu,1,tracker_actual_2026-08-24
2026-02-02,Free-trade partners,10.13663225301153,fta,1,tracker_actual_2026-08-24
2026-02-02,Japan,14.733091140017656,jp,1,tracker_actual_2026-08-24
2026-02-02,Mexico,7.651468691699469,mx,1,tracker_actual_2026-08-24
2026-02-02,Rest of World,16.82193525830959,row,1,tracker_actual_2026-08-24
2026-02-02,UK,8.615649063333425,uk,1,tracker_actual_2026-08-24
2026-02-03,Canada,7.11636815775961,ca,1,tracker_actual_2026-08-24
2026-02-03,China,33.642409713368515,chn,1,tracker_actual_2026-08-24
2026-02-03,EU,9.564073853757206,eu,1,tracker_actual_2026-08-24
2026-02-03,Free-trade partners,10.13663225301153,fta,1,tracker_actual_2026-08-24
2026-02-03,Japan,14.733091140017656,jp,1,tracker_actual_2026-08-24
2026-02-03,Mexico,7.651468691699469,mx,1,tracker_actual_2026-08-24
2026-02-03,Rest of World,16.82193525830959,row,1,tracker_actual_2026-08-24
2026-02-03,UK,8.615649063333425,uk,1,tracker_actual_2026-08-24
2026-02-04,Canada,7.11636815775961,ca,1,tracker_actual_2026-08-24
2026-02-04,China,33.642409713368515,chn,1,tracker_actual_2026-08-24
2026-02-04,EU,9.564073853757206,eu,1,tracker_actual_2026-08-24
2026-02-04,Free-trade partners,10.13663225301153,fta,1,tracker_actual_2026-08-24
2026-02-04,Japan,14.733091140017656,jp,1,tracker_actual_2026-08-24
2026-02-04,Mexico,7.651468691699469,mx,1,tracker_actual_2026-08-24
2026-02-04,Rest of World,16.82193525830959,row,1,tracker_actual_2026-08-24
2026-02-04,UK,8.615649063333425,uk,1,tracker_actual_2026-08-24
2026-02-05,Canada,7.11636815775961,ca,1,tracker_actual_2026-08-24
2026-02-05,China,33.642409713368515,chn,1,tracker_actual_2026-08-24
2026-02-05,EU,9.564073853757206,eu,1,tracker_actual_2026-08-24
2026-02-05,Free-trade partners,10.13663225301153,fta,1,tracker_actual_2026-08-24
2026-02-05,Japan,14.733091140017656,jp,1,tracker_actual_2026-08-24
2026-02-05,Mexico,7.651468691699469,mx,1,tracker_actual_2026-08-24
2026-02-05,Rest of World,16.82193525830959,row,1,tracker_actual_2026-08-24
2026-02-05,UK,8.615649063333425,uk,1,tracker_actual_2026-08-24
2026-02-06,Canada,7.11636815775961,ca,1,tracker_actual_2026-08-24
2026-02-06,China,33.642409713368515,chn,1,tracker_actual_2026-08-24
2026-02-06,EU,9.564073853757206,eu,1,tracker_actual_2026-08-24
2026-02-06,Free-trade partners,10.13663225301153,fta,1,tracker_actual_2026-08-24
2026-02-06,Japan,14.733091140017656,jp,1,tracker_actual_2026-08-24
2026-02-06,Mexico,7.651468691699469,mx,1,tracker_actual_2026-08-24
2026-02-06,Rest of World,16.82193525830959,row,1,tracker_actual_2026-08-24
2026-02-06,UK,8.615649063333425,uk,1,tracker_actual_2026-08-24
2026-02-07,Canada,7.179332058813756,ca,1,tracker_actual_2026-08-24
2026-02-07,China,33.69623351577706,chn,1,tracker_actual_2026-08-24
2026-02-07,EU,9.571575525808578,eu,1,tracker_actual_2026-08-24
2026-02-07,Free-trade partners,10.109604445594755,fta,1,tracker_actual_2026-08-24
2026-02-07,Japan,14.761286850294923,jp,1,tracker_actual_2026-08-24
2026-02-07,Mexico,7.732451235329626,mx,1,tracker_actual_2026-08-24
2026-02-07,Rest of World,14.903393655286095,row,1,tracker_actual_2026-08-24
2026-02-07,UK,8.63047059693741,uk,1,tracker_actual_2026-08-24
2026-02-08,Canada,7.179332058813756,ca,1,tracker_actual_2026-08-24
2026-02-08,China,33.69623351577706,chn,1,tracker_actual_2026-08-24
2026-02-08,EU,9.571575525808578,eu,1,tracker_actual_2026-08-24
2026-02-08,Free-trade partners,10.109604445594755,fta,1,tracker_actual_2026-08-24
2026-02-08,Japan,14.761286850294923,jp,1,tracker_actual_2026-08-24
2026-02-08,Mexico,7.732451235329626,mx,1,tracker_actual_2026-08-24
2026-02-08,Rest of World,14.903393655286095,row,1,tracker_actual_2026-08-24
2026-02-08,UK,8.63047059693741,uk,1,tracker_actual_2026-08-24
2026-02-09,Canada,7.179332058813756,ca,1,tracker_actual_2026-08-24
2026-02-09,China,33.69623351577706,chn,1,tracker_actual_2026-08-24
2026-02-09,EU,9.571575525808578,eu,1,tracker_actual_2026-08-24
2026-02-09,Free-trade partners,10.109604445594755,fta,1,tracker_actual_2026-08-24
2026-02-09,Japan,14.761286850294923,jp,1,tracker_actual_2026-08-24
2026-02-09,Mexico,7.732451235329626,mx,1,tracker_actual_2026-08-24
2026-02-09,Rest of World,14.903393655286095,row,1,tracker_actual_2026-08-24
2026-02-09,UK,8.63047059693741,uk,1,tracker_actual_2026-08-24
2026-02-10,Canada,7.179332058813756,ca,1,tracker_actual_2026-08-24
2026-02-10,China,33.69623351577706,chn,1,tracker_actual_2026-08-24
2026-02-10,EU,9.571575525808578,eu,1,tracker_actual_2026-08-24
2026-02-10,Free-trade partners,10.109604445594755,fta,1,tracker_actual_2026-08-24
2026-02-10,Japan,14.761286850294923,jp,1,tracker_actual_2026-08-24
2026-02-10,Mexico,7.732451235329626,mx,1,tracker_actual_2026-08-24
2026-02-10,Rest of World,14.903393655286095,row,1,tracker_actual_2026-08-24
2026-02-10,UK,8.63047059693741,uk,1,tracker_actual_2026-08-24
2026-02-11,Canada,7.179332058813756,ca,1,tracker_actual_2026-08-24
2026-02-11,China,33.69623351577706,chn,1,tracker_actual_2026-08-24
2026-02-11,EU,9.571575525808578,eu,1,tracker_actual_2026-08-24
2026-02-11,Free-trade partners,10.109604445594755,fta,1,tracker_actual_2026-08-24
2026-02-11,Japan,14.761286850294923,jp,1,tracker_actual_2026-08-24
2026-02-11,Mexico,7.732451235329626,mx,1,tracker_actual_2026-08-24
2026-02-11,Rest of World,14.903393655286095,row,1,tracker_actual_2026-08-24
2026-02-11,UK,8.63047059693741,uk,1,tracker_actual_2026-08-24
2026-02-12,Canada,7.179332058813756,ca,1,tracker_actual_2026-08-24
2026-02-12,China,33.69623351577706,chn,1,tracker_actual_2026-08-24
2026-02-12,EU,9.571575525808578,eu,1,tracker_actual_2026-08-24
2026-02-12,Free-trade partners,10.109604445594755,fta,1,tracker_actual_2026-08-24
2026-02-12,Japan,14.761286850294923,jp,1,tracker_actual_2026-08-24
2026-02-12,Mexico,7.732451235329626,mx,1,tracker_actual_2026-08-24
2026-02-12,Rest of World,14.903393655286095,row,1,tracker_actual_2026-08-24
2026-02-12,UK,8.63047059693741,uk,1,tracker_actual_2026-08-24
2026-02-13,Canada,7.179332058813756,ca,1,tracker_actual_2026-08-24
2026-02-13,China,33.69623351577706,chn,1,tracker_actual_2026-08-24
2026-02-13,EU,9.571575525808578,eu,1,tracker_actual_2026-08-24
2026-02-13,Free-trade partners,10.109604445594755,fta,1,tracker_actual_2026-08-24
2026-02-13,Japan,14.761286850294923,jp,1,tracker_actual_2026-08-24
2026-02-13,Mexico,7.732451235329626,mx,1,tracker_actual_2026-08-24
2026-02-13,Rest of World,14.903393655286095,row,1,tracker_actual_2026-08-24
2026-02-13,UK,8.63047059693741,uk,1,tracker_actual_2026-08-24
2026-02-14,Canada,7.179332058813756,ca,1,tracker_actual_2026-08-24
2026-02-14,China,33.69623351577706,chn,1,tracker_actual_2026-08-24
2026-02-14,EU,9.571575525808578,eu,1,tracker_actual_2026-08-24
2026-02-14,Free-trade partners,10.109604445594755,fta,1,tracker_actual_2026-08-24
2026-02-14,Japan,14.761286850294923,jp,1,tracker_actual_2026-08-24
2026-02-14,Mexico,7.732451235329626,mx,1,tracker_actual_2026-08-24
2026-02-14,Rest of World,14.903393655286095,row,1,tracker_actual_2026-08-24
2026-02-14,UK,8.63047059693741,uk,1,tracker_actual_2026-08-24
2026-02-15,Canada,7.179332058813756,ca,1,tracker_actual_2026-08-24
2026-02-15,China,33.69623351577706,chn,1,tracker_actual_2026-08-24
2026-02-15,EU,9.571575525808578,eu,1,tracker_actual_2026-08-24
2026-02-15,Free-trade partners,10.109604445594755,fta,1,tracker_actual_2026-08-24
2026-02-15,Japan,14.761286850294923,jp,1,tracker_actual_2026-08-24
2026-02-15,Mexico,7.732451235329626,mx,1,tracker_actual_2026-08-24
2026-02-15,Rest of World,14.903393655286095,row,1,tracker_actual_2026-08-24
2026-02-15,UK,8.63047059693741,uk,1,tracker_actual_2026-08-24
2026-02-16,Canada,7.179332058813756,ca,1,tracker_actual_2026-08-24
2026-02-16,China,33.69623351577706,chn,1,tracker_actual_2026-08-24
2026-02-16,EU,9.571575525808578,eu,1,tracker_actual_2026-08-24
2026-02-16,Free-trade partners,10.109604445594755,fta,1,tracker_actual_2026-08-24
2026-02-16,Japan,14.761286850294923,jp,1,tracker_actual_2026-08-24
2026-02-16,Mexico,7.732451235329626,mx,1,tracker_actual_2026-08-24
2026-02-16,Rest of World,14.903393655286095,row,1,tracker_actual_2026-08-24
2026-02-16,UK,8.63047059693741,uk,1,tracker_actual_2026-08-24
2026-02-17,Canada,7.179332058813756,ca,1,tracker_actual_2026-08-24
2026-02-17,China,33.69623351577706,chn,1,tracker_actual_2026-08-24
2026-02-17,EU,9.571575525808578,eu,1,tracker_actual_2026-08-24
2026-02-17,Free-trade partners,10.109604445594755,fta,1,tracker_actual_2026-08-24
2026-02-17,Japan,14.761286850294923,jp,1,tracker_actual_2026-08-24
2026-02-17,Mexico,7.732451235329626,mx,1,tracker_actual_2026-08-24
2026-02-17,Rest of World,14.903393655286095,row,1,tracker_actual_2026-08-24
2026-02-17,UK,8.63047059693741,uk,1,tracker_actual_2026-08-24
2026-02-18,Canada,7.179332058813756,ca,1,tracker_actual_2026-08-24
2026-02-18,China,33.69623351577706,chn,1,tracker_actual_2026-08-24
2026-02-18,EU,9.571575525808578,eu,1,tracker_actual_2026-08-24
2026-02-18,Free-trade partners,10.109604445594755,fta,1,tracker_actual_2026-08-24
2026-02-18,Japan,14.761286850294923,jp,1,tracker_actual_2026-08-24
2026-02-18,Mexico,7.732451235329626,mx,1,tracker_actual_2026-08-24
2026-02-18,Rest of World,14.903393655286095,row,1,tracker_actual_2026-08-24
2026-02-18,UK,8.63047059693741,uk,1,tracker_actual_2026-08-24
2026-02-19,Canada,7.179332058813756,ca,1,tracker_actual_2026-08-24
2026-02-19,China,33.69623351577706,chn,1,tracker_actual_2026-08-24
2026-02-19,EU,9.571575525808578,eu,1,tracker_actual_2026-08-24
2026-02-19,Free-trade partners,10.109604445594755,fta,1,tracker_actual_2026-08-24
2026-02-19,Japan,14.761286850294923,jp,1,tracker_actual_2026-08-24
2026-02-19,Mexico,7.732451235329626,mx,1,tracker_actual_2026-08-24
2026-02-19,Rest of World,14.903393655286095,row,1,tracker_actual_2026-08-24
2026-02-19,UK,8.63047059693741,uk,1,tracker_actual_2026-08-24
2026-02-20,Canada,5.370073252788974,ca,1,tracker_actual_2026-08-24
2026-02-20,China,17.83933236748922,chn,1,tracker_actual_2026-08-24
2026-02-20,EU,5.025449280576305,eu,1,tracker_actual_2026-08-24
2026-02-20,Free-trade partners,5.371550290401232,fta,1,tracker_actual_2026-08-24
2026-02-20,Japan,8.759423249679562,jp,1,tracker_actual_2026-08-24
2026-02-20,Mexico,6.191092351960044,mx,1,tracker_actual_2026-08-24
2026-02-20,Rest of World,5.435430855493084,row,1,tracker_actual_2026-08-24
2026-02-20,UK,3.792836175572287,uk,1,tracker_actual_2026-08-24
2026-02-21,Canada,5.370073252788974,ca,1,tracker_actual_2026-08-24
2026-02-21,China,17.83933236748922,chn,1,tracker_actual_2026-08-24
2026-02-21,EU,5.025449280576305,eu,1,tracker_actual_2026-08-24
2026-02-21,Free-trade partners,5.371550290401232,fta,1,tracker_actual_2026-08-24
2026-02-21,Japan,8.759423249679562,jp,1,tracker_actual_2026-08-24
2026-02-21,Mexico,6.191092351960044,mx,1,tracker_actual_2026-08-24
2026-02-21,Rest of World,5.435430855493084,row,1,tracker_actual_2026-08-24
2026-02-21,UK,3.792836175572287,uk,1,tracker_actual_2026-08-24
2026-02-22,Canada,5.370073252788974,ca,1,tracker_actual_2026-08-24
2026-02-22,China,17.83933236748922,chn,1,tracker_actual_2026-08-24
2026-02-22,EU,5.025449280576305,eu,1,tracker_actual_2026-08-24
2026-02-22,Free-trade partners,5.371550290401232,fta,1,tracker_actual_2026-08-24
2026-02-22,Japan,8.759423249679562,jp,1,tracker_actual_2026-08-24
2026-02-22,Mexico,6.191092351960044,mx,1,tracker_actual_2026-08-24
2026-02-22,Rest of World,5.435430855493084,row,1,tracker_actual_2026-08-24
2026-02-22,UK,3.792836175572287,uk,1,tracker_actual_2026-08-24
2026-02-23,Canada,5.370073252788974,ca,1,tracker_actual_2026-08-24
2026-02-23,China,17.83933236748922,chn,1,tracker_actual_2026-08-24
2026-02-23,EU,5.025449280576305,eu,1,tracker_actual_2026-08-24
2026-02-23,Free-trade partners,5.371550290401232,fta,1,tracker_actual_2026-08-24
2026-02-23,Japan,8.759423249679562,jp,1,tracker_actual_2026-08-24
2026-02-23,Mexico,6.191092351960044,mx,1,tracker_actual_2026-08-24
2026-02-23,Rest of World,5.435430855493084,row,1,tracker_actual_2026-08-24
2026-02-23,UK,3.792836175572287,uk,1,tracker_actual_2026-08-24
2026-02-24,Canada,5.588308288034597,ca,1,tracker_actual_2026-08-24
2026-02-24,China,23.673413636891755,chn,1,tracker_actual_2026-08-24
2026-02-24,EU,9.334393445173164,eu,1,tracker_actual_2026-08-24
2026-02-24,Free-trade partners,9.342092300154421,fta,1,tracker_actual_2026-08-24
2026-02-24,Japan,12.71735200337373,jp,1,tracker_actual_2026-08-24
2026-02-24,Mexico,6.639983255078681,mx,1,tracker_actual_2026-08-24
2026-02-24,Rest of World,9.97840294106633,row,1,tracker_actual_2026-08-24
2026-02-24,UK,7.840508799048681,uk,1,tracker_actual_2026-08-24
2026-02-25,Canada,5.588308288034597,ca,1,tracker_actual_2026-08-24
2026-02-25,China,23.673413636891755,chn,1,tracker_actual_2026-08-24
2026-02-25,EU,9.334393445173164,eu,1,tracker_actual_2026-08-24
2026-02-25,Free-trade partners,9.342092300154421,fta,1,tracker_actual_2026-08-24
2026-02-25,Japan,12.71735200337373,jp,1,tracker_actual_2026-08-24
2026-02-25,Mexico,6.639983255078681,mx,1,tracker_actual_2026-08-24
2026-02-25,Rest of World,9.97840294106633,row,1,tracker_actual_2026-08-24
2026-02-25,UK,7.840508799048681,uk,1,tracker_actual_2026-08-24
2026-02-26,Canada,5.588308288034597,ca,1,tracker_actual_2026-08-24
2026-02-26,China,23.673413636891755,chn,1,tracker_actual_2026-08-24
2026-02-26,EU,9.334393445173164,eu,1,tracker_actual_2026-08-24
2026-02-26,Free-trade partners,9.342092300154421,fta,1,tracker_actual_2026-08-24
2026-02-26,Japan,12.71735200337373,jp,1,tracker_actual_2026-08-24
2026-02-26,Mexico,6.639983255078681,mx,1,tracker_actual_2026-08-24
2026-02-26,Rest of World,9.97840294106633,row,1,tracker_actual_2026-08-24
2026-02-26,UK,7.840508799048681,uk,1,tracker_actual_2026-08-24
2026-02-27,Canada,5.588308288034597,ca,1,tracker_actual_2026-08-24
2026-02-27,China,23.673413636891755,chn,1,tracker_actual_2026-08-24
2026-02-27,EU,9.334393445173164,eu,1,tracker_actual_2026-08-24
2026-02-27,Free-trade partners,9.342092300154421,fta,1,tracker_actual_2026-08-24
2026-02-27,Japan,12.71735200337373,jp,1,tracker_actual_2026-08-24
2026-02-27,Mexico,6.639983255078681,mx,1,tracker_actual_2026-08-24
2026-02-27,Rest of World,9.97840294106633,row,1,tracker_actual_2026-08-24
2026-02-27,UK,7.840508799048681,uk,1,tracker_actual_2026-08-24
2026-02-28,Canada,5.588308288034597,ca,1,tracker_actual_2026-08-24
2026-02-28,China,23.673413636891755,chn,1,tracker_actual_2026-08-24
2026-02-28,EU,9.334393445173164,eu,1,tracker_actual_2026-08-24
2026-02-28,Free-trade partners,9.342092300154421,fta,1,tracker_actual_2026-08-24
2026-02-28,Japan,12.71735200337373,jp,1,tracker_actual_2026-08-24
2026-02-28,Mexico,6.639983255078681,mx,1,tracker_actual_2026-08-24
2026-02-28,Rest of World,9.97840294106633,row,1,tracker_actual_2026-08-24
2026-02-28,UK,7.840508799048681,uk,1,tracker_actual_2026-08-24
2026-03-01,Canada,5.588308288034597,ca,1,tracker_actual_2026-08-24
2026-03-01,China,23.673413636891755,chn,1,tracker_actual_2026-08-24
2026-03-01,EU,9.334393445173164,eu,1,tracker_actual_2026-08-24
2026-03-01,Free-trade partners,9.342092300154421,fta,1,tracker_actual_2026-08-24
2026-03-01,Japan,12.71735200337373,jp,1,tracker_actual_2026-08-24
2026-03-01,Mexico,6.639983255078681,mx,1,tracker_actual_2026-08-24
2026-03-01,Rest of World,9.97840294106633,row,1,tracker_actual_2026-08-24
2026-03-01,UK,7.840508799048681,uk,1,tracker_actual_2026-08-24
2026-03-02,Canada,5.588308288034597,ca,1,tracker_actual_2026-08-24
2026-03-02,China,23.673413636891755,chn,1,tracker_actual_2026-08-24
2026-03-02,EU,9.334393445173164,eu,1,tracker_actual_2026-08-24
2026-03-02,Free-trade partners,9.342092300154421,fta,1,tracker_actual_2026-08-24
2026-03-02,Japan,12.71735200337373,jp,1,tracker_actual_2026-08-24
2026-03-02,Mexico,6.639983255078681,mx,1,tracker_actual_2026-08-24
2026-03-02,Rest of World,9.97840294106633,row,1,tracker_actual_2026-08-24
2026-03-02,UK,7.840508799048681,uk,1,tracker_actual_2026-08-24
2026-03-03,Canada,5.588308288034597,ca,1,tracker_actual_2026-08-24
2026-03-03,China,23.673413636891755,chn,1,tracker_actual_2026-08-24
2026-03-03,EU,9.334393445173164,eu,1,tracker_actual_2026-08-24
2026-03-03,Free-trade partners,9.342092300154421,fta,1,tracker_actual_2026-08-24
2026-03-03,Japan,12.71735200337373,jp,1,tracker_actual_2026-08-24
2026-03-03,Mexico,6.639983255078681,mx,1,tracker_actual_2026-08-24
2026-03-03,Rest of World,9.97840294106633,row,1,tracker_actual_2026-08-24
2026-03-03,UK,7.840508799048681,uk,1,tracker_actual_2026-08-24
2026-03-04,Canada,5.588308288034597,ca,1,tracker_actual_2026-08-24
2026-03-04,China,23.673413636891755,chn,1,tracker_actual_2026-08-24
2026-03-04,EU,9.334393445173164,eu,1,tracker_actual_2026-08-24
2026-03-04,Free-trade partners,9.342092300154421,fta,1,tracker_actual_2026-08-24
2026-03-04,Japan,12.71735200337373,jp,1,tracker_actual_2026-08-24
2026-03-04,Mexico,6.639983255078681,mx,1,tracker_actual_2026-08-24
2026-03-04,Rest of World,9.97840294106633,row,1,tracker_actual_2026-08-24
2026-03-04,UK,7.840508799048681,uk,1,tracker_actual_2026-08-24
2026-03-05,Canada,5.588308288034597,ca,1,tracker_actual_2026-08-24
2026-03-05,China,23.673413636891755,chn,1,tracker_actual_2026-08-24
2026-03-05,EU,9.334393445173164,eu,1,tracker_actual_2026-08-24
2026-03-05,Free-trade partners,9.342092300154421,fta,1,tracker_actual_2026-08-24
2026-03-05,Japan,12.71735200337373,jp,1,tracker_actual_2026-08-24
2026-03-05,Mexico,6.639983255078681,mx,1,tracker_actual_2026-08-24
2026-03-05,Rest of World,9.97840294106633,row,1,tracker_actual_2026-08-24
2026-03-05,UK,7.840508799048681,uk,1,tracker_actual_2026-08-24
2026-03-06,Canada,5.588308288034597,ca,1,tracker_actual_2026-08-24
2026-03-06,China,23.673413636891755,chn,1,tracker_actual_2026-08-24
2026-03-06,EU,9.334393445173164,eu,1,tracker_actual_2026-08-24
2026-03-06,Free-trade partners,9.342092300154421,fta,1,tracker_actual_2026-08-24
2026-03-06,Japan,12.71735200337373,jp,1,tracker_actual_2026-08-24
2026-03-06,Mexico,6.639983255078681,mx,1,tracker_actual_2026-08-24
2026-03-06,Rest of World,9.97840294106633,row,1,tracker_actual_2026-08-24
2026-03-06,UK,7.840508799048681,uk,1,tracker_actual_2026-08-24
2026-03-07,Canada,5.588308288034597,ca,1,tracker_actual_2026-08-24
2026-03-07,China,23.673413636891755,chn,1,tracker_actual_2026-08-24
2026-03-07,EU,9.334393445173164,eu,1,tracker_actual_2026-08-24
2026-03-07,Free-trade partners,9.342092300154421,fta,1,tracker_actual_2026-08-24
2026-03-07,Japan,12.71735200337373,jp,1,tracker_actual_2026-08-24
2026-03-07,Mexico,6.639983255078681,mx,1,tracker_actual_2026-08-24
2026-03-07,Rest of World,9.97840294106633,row,1,tracker_actual_2026-08-24
2026-03-07,UK,7.840508799048681,uk,1,tracker_actual_2026-08-24
2026-03-08,Canada,5.588308288034597,ca,1,tracker_actual_2026-08-24
2026-03-08,China,23.673413636891755,chn,1,tracker_actual_2026-08-24
2026-03-08,EU,9.334393445173164,eu,1,tracker_actual_2026-08-24
2026-03-08,Free-trade partners,9.342092300154421,fta,1,tracker_actual_2026-08-24
2026-03-08,Japan,12.71735200337373,jp,1,tracker_actual_2026-08-24
2026-03-08,Mexico,6.639983255078681,mx,1,tracker_actual_2026-08-24
2026-03-08,Rest of World,9.97840294106633,row,1,tracker_actual_2026-08-24
2026-03-08,UK,7.840508799048681,uk,1,tracker_actual_2026-08-24
2026-03-09,Canada,5.588308288034597,ca,1,tracker_actual_2026-08-24
2026-03-09,China,23.673413636891755,chn,1,tracker_actual_2026-08-24
2026-03-09,EU,9.334393445173164,eu,1,tracker_actual_2026-08-24
2026-03-09,Free-trade partners,9.342092300154421,fta,1,tracker_actual_2026-08-24
2026-03-09,Japan,12.71735200337373,jp,1,tracker_actual_2026-08-24
2026-03-09,Mexico,6.639983255078681,mx,1,tracker_actual_2026-08-24
2026-03-09,Rest of World,9.97840294106633,row,1,tracker_actual_2026-08-24
2026-03-09,UK,7.840508799048681,uk,1,tracker_actual_2026-08-24
2026-03-10,Canada,5.588308288034597,ca,1,tracker_actual_2026-08-24
2026-03-10,China,23.673413636891755,chn,1,tracker_actual_2026-08-24
2026-03-10,EU,9.334393445173164,eu,1,tracker_actual_2026-08-24
2026-03-10,Free-trade partners,9.342092300154421,fta,1,tracker_actual_2026-08-24
2026-03-10,Japan,12.71735200337373,jp,1,tracker_actual_2026-08-24
2026-03-10,Mexico,6.639983255078681,mx,1,tracker_actual_2026-08-24
2026-03-10,Rest of World,9.97840294106633,row,1,tracker_actual_2026-08-24
2026-03-10,UK,7.840508799048681,uk,1,tracker_actual_2026-08-24
2026-03-11,Canada,5.588308288034597,ca,1,tracker_actual_2026-08-24
2026-03-11,China,23.673413636891755,chn,1,tracker_actual_2026-08-24
2026-03-11,EU,9.334393445173164,eu,1,tracker_actual_2026-08-24
2026-03-11,Free-trade partners,9.342092300154421,fta,1,tracker_actual_2026-08-24
2026-03-11,Japan,12.71735200337373,jp,1,tracker_actual_2026-08-24
2026-03-11,Mexico,6.639983255078681,mx,1,tracker_actual_2026-08-24
2026-03-11,Rest of World,9.97840294106633,row,1,tracker_actual_2026-08-24
2026-03-11,UK,7.840508799048681,uk,1,tracker_actual_2026-08-24
2026-03-12,Canada,5.588308288034597,ca,1,tracker_actual_2026-08-24
2026-03-12,China,23.673413636891755,chn,1,tracker_actual_2026-08-24
2026-03-12,EU,9.334393445173164,eu,1,tracker_actual_2026-08-24
2026-03-12,Free-trade partners,9.342092300154421,fta,1,tracker_actual_2026-08-24
2026-03-12,Japan,12.71735200337373,jp,1,tracker_actual_2026-08-24
2026-03-12,Mexico,6.639983255078681,mx,1,tracker_actual_2026-08-24
2026-03-12,Rest of World,9.97840294106633,row,1,tracker_actual_2026-08-24
2026-03-12,UK,7.840508799048681,uk,1,tracker_actual_2026-08-24
2026-03-13,Canada,5.588308288034597,ca,1,tracker_actual_2026-08-24
2026-03-13,China,23.673413636891755,chn,1,tracker_actual_2026-08-24
2026-03-13,EU,9.334393445173164,eu,1,tracker_actual_2026-08-24
2026-03-13,Free-trade partners,9.342092300154421,fta,1,tracker_actual_2026-08-24
2026-03-13,Japan,12.71735200337373,jp,1,tracker_actual_2026-08-24
2026-03-13,Mexico,6.639983255078681,mx,1,tracker_actual_2026-08-24
2026-03-13,Rest of World,9.97840294106633,row,1,tracker_actual_2026-08-24
2026-03-13,UK,7.840508799048681,uk,1,tracker_actual_2026-08-24
2026-03-14,Canada,5.588308288034597,ca,1,tracker_actual_2026-08-24
2026-03-14,China,23.673413636891755,chn,1,tracker_actual_2026-08-24
2026-03-14,EU,9.334393445173164,eu,1,tracker_actual_2026-08-24
2026-03-14,Free-trade partners,9.342092300154421,fta,1,tracker_actual_2026-08-24
2026-03-14,Japan,12.71735200337373,jp,1,tracker_actual_2026-08-24
2026-03-14,Mexico,6.639983255078681,mx,1,tracker_actual_2026-08-24
2026-03-14,Rest of World,9.97840294106633,row,1,tracker_actual_2026-08-24
2026-03-14,UK,7.840508799048681,uk,1,tracker_actual_2026-08-24
2026-03-15,Canada,5.588308288034597,ca,1,tracker_actual_2026-08-24
2026-03-15,China,23.673413636891755,chn,1,tracker_actual_2026-08-24
2026-03-15,EU,9.334393445173164,eu,1,tracker_actual_2026-08-24
2026-03-15,Free-trade partners,9.342092300154421,fta,1,tracker_actual_2026-08-24
2026-03-15,Japan,12.71735200337373,jp,1,tracker_actual_2026-08-24
2026-03-15,Mexico,6.639983255078681,mx,1,tracker_actual_2026-08-24
2026-03-15,Rest of World,9.97840294106633,row,1,tracker_actual_2026-08-24
2026-03-15,UK,7.840508799048681,uk,1,tracker_actual_2026-08-24
2026-03-16,Canada,5.588308288034597,ca,1,tracker_actual_2026-08-24
2026-03-16,China,23.673413636891755,chn,1,tracker_actual_2026-08-24
2026-03-16,EU,9.334393445173164,eu,1,tracker_actual_2026-08-24
2026-03-16,Free-trade partners,9.342092300154421,fta,1,tracker_actual_2026-08-24
2026-03-16,Japan,12.71735200337373,jp,1,tracker_actual_2026-08-24
2026-03-16,Mexico,6.639983255078681,mx,1,tracker_actual_2026-08-24
2026-03-16,Rest of World,9.97840294106633,row,1,tracker_actual_2026-08-24
2026-03-16,UK,7.840508799048681,uk,1,tracker_actual_2026-08-24
2026-03-17,Canada,5.588308288034597,ca,1,tracker_actual_2026-08-24
2026-03-17,China,23.673413636891755,chn,1,tracker_actual_2026-08-24
2026-03-17,EU,9.334393445173164,eu,1,tracker_actual_2026-08-24
2026-03-17,Free-trade partners,9.342092300154421,fta,1,tracker_actual_2026-08-24
2026-03-17,Japan,12.71735200337373,jp,1,tracker_actual_2026-08-24
2026-03-17,Mexico,6.639983255078681,mx,1,tracker_actual_2026-08-24
2026-03-17,Rest of World,9.97840294106633,row,1,tracker_actual_2026-08-24
2026-03-17,UK,7.840508799048681,uk,1,tracker_actual_2026-08-24
2026-03-18,Canada,5.588308288034597,ca,1,tracker_actual_2026-08-24
2026-03-18,China,23.673413636891755,chn,1,tracker_actual_2026-08-24
2026-03-18,EU,9.334393445173164,eu,1,tracker_actual_2026-08-24
2026-03-18,Free-trade partners,9.342092300154421,fta,1,tracker_actual_2026-08-24
2026-03-18,Japan,12.71735200337373,jp,1,tracker_actual_2026-08-24
2026-03-18,Mexico,6.639983255078681,mx,1,tracker_actual_2026-08-24
2026-03-18,Rest of World,9.97840294106633,row,1,tracker_actual_2026-08-24
2026-03-18,UK,7.840508799048681,uk,1,tracker_actual_2026-08-24
2026-03-19,Canada,5.588308288034597,ca,1,tracker_actual_2026-08-24
2026-03-19,China,23.673413636891755,chn,1,tracker_actual_2026-08-24
2026-03-19,EU,9.334393445173164,eu,1,tracker_actual_2026-08-24
2026-03-19,Free-trade partners,9.342092300154421,fta,1,tracker_actual_2026-08-24
2026-03-19,Japan,12.71735200337373,jp,1,tracker_actual_2026-08-24
2026-03-19,Mexico,6.639983255078681,mx,1,tracker_actual_2026-08-24
2026-03-19,Rest of World,9.97840294106633,row,1,tracker_actual_2026-08-24
2026-03-19,UK,7.840508799048681,uk,1,tracker_actual_2026-08-24
2026-03-20,Canada,5.588308288034597,ca,1,tracker_actual_2026-08-24
2026-03-20,China,23.673413636891755,chn,1,tracker_actual_2026-08-24
2026-03-20,EU,9.334393445173164,eu,1,tracker_actual_2026-08-24
2026-03-20,Free-trade partners,9.342092300154421,fta,1,tracker_actual_2026-08-24
2026-03-20,Japan,12.71735200337373,jp,1,tracker_actual_2026-08-24
2026-03-20,Mexico,6.639983255078681,mx,1,tracker_actual_2026-08-24
2026-03-20,Rest of World,9.97840294106633,row,1,tracker_actual_2026-08-24
2026-03-20,UK,7.840508799048681,uk,1,tracker_actual_2026-08-24
2026-03-21,Canada,5.588308288034597,ca,1,tracker_actual_2026-08-24
2026-03-21,China,23.673413636891755,chn,1,tracker_actual_2026-08-24
2026-03-21,EU,9.334393445173164,eu,1,tracker_actual_2026-08-24
2026-03-21,Free-trade partners,9.342092300154421,fta,1,tracker_actual_2026-08-24
2026-03-21,Japan,12.71735200337373,jp,1,tracker_actual_2026-08-24
2026-03-21,Mexico,6.639983255078681,mx,1,tracker_actual_2026-08-24
2026-03-21,Rest of World,9.97840294106633,row,1,tracker_actual_2026-08-24
2026-03-21,UK,7.840508799048681,uk,1,tracker_actual_2026-08-24
2026-03-22,Canada,5.588308288034597,ca,1,tracker_actual_2026-08-24
2026-03-22,China,23.673413636891755,chn,1,tracker_actual_2026-08-24
2026-03-22,EU,9.334393445173164,eu,1,tracker_actual_2026-08-24
2026-03-22,Free-trade partners,9.342092300154421,fta,1,tracker_actual_2026-08-24
2026-03-22,Japan,12.71735200337373,jp,1,tracker_actual_2026-08-24
2026-03-22,Mexico,6.639983255078681,mx,1,tracker_actual_2026-08-24
2026-03-22,Rest of World,9.97840294106633,row,1,tracker_actual_2026-08-24
2026-03-22,UK,7.840508799048681,uk,1,tracker_actual_2026-08-24
2026-03-23,Canada,5.588308288034597,ca,1,tracker_actual_2026-08-24
2026-03-23,China,23.673413636891755,chn,1,tracker_actual_2026-08-24
2026-03-23,EU,9.334393445173164,eu,1,tracker_actual_2026-08-24
2026-03-23,Free-trade partners,9.342092300154421,fta,1,tracker_actual_2026-08-24
2026-03-23,Japan,12.71735200337373,jp,1,tracker_actual_2026-08-24
2026-03-23,Mexico,6.639983255078681,mx,1,tracker_actual_2026-08-24
2026-03-23,Rest of World,9.97840294106633,row,1,tracker_actual_2026-08-24
2026-03-23,UK,7.840508799048681,uk,1,tracker_actual_2026-08-24
2026-03-24,Canada,5.588308288034597,ca,1,tracker_actual_2026-08-24
2026-03-24,China,23.673413636891755,chn,1,tracker_actual_2026-08-24
2026-03-24,EU,9.334393445173164,eu,1,tracker_actual_2026-08-24
2026-03-24,Free-trade partners,9.342092300154421,fta,1,tracker_actual_2026-08-24
2026-03-24,Japan,12.71735200337373,jp,1,tracker_actual_2026-08-24
2026-03-24,Mexico,6.639983255078681,mx,1,tracker_actual_2026-08-24
2026-03-24,Rest of World,9.97840294106633,row,1,tracker_actual_2026-08-24
2026-03-24,UK,7.840508799048681,uk,1,tracker_actual_2026-08-24
2026-03-25,Canada,5.588308288034597,ca,1,tracker_actual_2026-08-24
2026-03-25,China,23.673413636891755,chn,1,tracker_actual_2026-08-24
2026-03-25,EU,9.334393445173164,eu,1,tracker_actual_2026-08-24
2026-03-25,Free-trade partners,9.342092300154421,fta,1,tracker_actual_2026-08-24
2026-03-25,Japan,12.71735200337373,jp,1,tracker_actual_2026-08-24
2026-03-25,Mexico,6.639983255078681,mx,1,tracker_actual_2026-08-24
2026-03-25,Rest of World,9.97840294106633,row,1,tracker_actual_2026-08-24
2026-03-25,UK,7.840508799048681,uk,1,tracker_actual_2026-08-24
2026-03-26,Canada,5.588308288034597,ca,1,tracker_actual_2026-08-24
2026-03-26,China,23.673413636891755,chn,1,tracker_actual_2026-08-24
2026-03-26,EU,9.334393445173164,eu,1,tracker_actual_2026-08-24
2026-03-26,Free-trade partners,9.342092300154421,fta,1,tracker_actual_2026-08-24
2026-03-26,Japan,12.71735200337373,jp,1,tracker_actual_2026-08-24
2026-03-26,Mexico,6.639983255078681,mx,1,tracker_actual_2026-08-24
2026-03-26,Rest of World,9.97840294106633,row,1,tracker_actual_2026-08-24
2026-03-26,UK,7.840508799048681,uk,1,tracker_actual_2026-08-24
2026-03-27,Canada,5.588308288034597,ca,1,tracker_actual_2026-08-24
2026-03-27,China,23.673413636891755,chn,1,tracker_actual_2026-08-24
2026-03-27,EU,9.334393445173164,eu,1,tracker_actual_2026-08-24
2026-03-27,Free-trade partners,9.342092300154421,fta,1,tracker_actual_2026-08-24
2026-03-27,Japan,12.71735200337373,jp,1,tracker_actual_2026-08-24
2026-03-27,Mexico,6.639983255078681,mx,1,tracker_actual_2026-08-24
2026-03-27,Rest of World,9.97840294106633,row,1,tracker_actual_2026-08-24
2026-03-27,UK,7.840508799048681,uk,1,tracker_actual_2026-08-24
2026-03-28,Canada,5.588308288034597,ca,1,tracker_actual_2026-08-24
2026-03-28,China,23.673413636891755,chn,1,tracker_actual_2026-08-24
2026-03-28,EU,9.334393445173164,eu,1,tracker_actual_2026-08-24
2026-03-28,Free-trade partners,9.342092300154421,fta,1,tracker_actual_2026-08-24
2026-03-28,Japan,12.71735200337373,jp,1,tracker_actual_2026-08-24
2026-03-28,Mexico,6.639983255078681,mx,1,tracker_actual_2026-08-24
2026-03-28,Rest of World,9.97840294106633,row,1,tracker_actual_2026-08-24
2026-03-28,UK,7.840508799048681,uk,1,tracker_actual_2026-08-24
2026-03-29,Canada,5.588308288034597,ca,1,tracker_actual_2026-08-24
2026-03-29,China,23.673413636891755,chn,1,tracker_actual_2026-08-24
2026-03-29,EU,9.334393445173164,eu,1,tracker_actual_2026-08-24
2026-03-29,Free-trade partners,9.342092300154421,fta,1,tracker_actual_2026-08-24
2026-03-29,Japan,12.71735200337373,jp,1,tracker_actual_2026-08-24
2026-03-29,Mexico,6.639983255078681,mx,1,tracker_actual_2026-08-24
2026-03-29,Rest of World,9.97840294106633,row,1,tracker_actual_2026-08-24
2026-03-29,UK,7.840508799048681,uk,1,tracker_actual_2026-08-24
2026-03-30,Canada,5.588308288034597,ca,1,tracker_actual_2026-08-24
2026-03-30,China,23.673413636891755,chn,1,tracker_actual_2026-08-24
2026-03-30,EU,9.334393445173164,eu,1,tracker_actual_2026-08-24
2026-03-30,Free-trade partners,9.342092300154421,fta,1,tracker_actual_2026-08-24
2026-03-30,Japan,12.71735200337373,jp,1,tracker_actual_2026-08-24
2026-03-30,Mexico,6.639983255078681,mx,1,tracker_actual_2026-08-24
2026-03-30,Rest of World,9.97840294106633,row,1,tracker_actual_2026-08-24
2026-03-30,UK,7.840508799048681,uk,1,tracker_actual_2026-08-24
2026-03-31,Canada,5.588308288034597,ca,1,tracker_actual_2026-08-24
2026-03-31,China,23.673413636891755,chn,1,tracker_actual_2026-08-24
2026-03-31,EU,9.334393445173164,eu,1,tracker_actual_2026-08-24
2026-03-31,Free-trade partners,9.342092300154421,fta,1,tracker_actual_2026-08-24
2026-03-31,Japan,12.71735200337373,jp,1,tracker_actual_2026-08-24
2026-03-31,Mexico,6.639983255078681,mx,1,tracker_actual_2026-08-24
2026-03-31,Rest of World,9.97840294106633,row,1,tracker_actual_2026-08-24
2026-03-31,UK,7.840508799048681,uk,1,tracker_actual_2026-08-24
2026-04-01,Canada,5.588308288034597,ca,1,tracker_actual_2026-08-24
2026-04-01,China,23.673413636891755,chn,1,tracker_actual_2026-08-24
2026-04-01,EU,9.334393445173164,eu,1,tracker_actual_2026-08-24
2026-04-01,Free-trade partners,9.342092300154421,fta,1,tracker_actual_2026-08-24
2026-04-01,Japan,12.71735200337373,jp,1,tracker_actual_2026-08-24
2026-04-01,Mexico,6.639983255078681,mx,1,tracker_actual_2026-08-24
2026-04-01,Rest of World,9.97840294106633,row,1,tracker_actual_2026-08-24
2026-04-01,UK,7.840508799048681,uk,1,tracker_actual_2026-08-24
2026-04-02,Canada,5.588308288034597,ca,1,tracker_actual_2026-08-24
2026-04-02,China,23.673413636891755,chn,1,tracker_actual_2026-08-24
2026-04-02,EU,9.334393445173164,eu,1,tracker_actual_2026-08-24
2026-04-02,Free-trade partners,9.342092300154421,fta,1,tracker_actual_2026-08-24
2026-04-02,Japan,12.71735200337373,jp,1,tracker_actual_2026-08-24
2026-04-02,Mexico,6.639983255078681,mx,1,tracker_actual_2026-08-24
2026-04-02,Rest of World,9.97840294106633,row,1,tracker_actual_2026-08-24
2026-04-02,UK,7.840508799048681,uk,1,tracker_actual_2026-08-24
2026-04-03,Canada,5.588308288034597,ca,1,tracker_actual_2026-08-24
2026-04-03,China,23.673413636891755,chn,1,tracker_actual_2026-08-24
2026-04-03,EU,9.334393445173164,eu,1,tracker_actual_2026-08-24
2026-04-03,Free-trade partners,9.342092300154421,fta,1,tracker_actual_2026-08-24
2026-04-03,Japan,12.71735200337373,jp,1,tracker_actual_2026-08-24
2026-04-03,Mexico,6.639983255078681,mx,1,tracker_actual_2026-08-24
2026-04-03,Rest of World,9.97840294106633,row,1,tracker_actual_2026-08-24
2026-04-03,UK,7.840508799048681,uk,1,tracker_actual_2026-08-24
2026-04-04,Canada,5.588308288034597,ca,1,tracker_actual_2026-08-24
2026-04-04,China,23.673413636891755,chn,1,tracker_actual_2026-08-24
2026-04-04,EU,9.334393445173164,eu,1,tracker_actual_2026-08-24
2026-04-04,Free-trade partners,9.342092300154421,fta,1,tracker_actual_2026-08-24
2026-04-04,Japan,12.71735200337373,jp,1,tracker_actual_2026-08-24
2026-04-04,Mexico,6.639983255078681,mx,1,tracker_actual_2026-08-24
2026-04-04,Rest of World,9.97840294106633,row,1,tracker_actual_2026-08-24
2026-04-04,UK,7.840508799048681,uk,1,tracker_actual_2026-08-24
2026-04-05,Canada,5.588308288034597,ca,1,tracker_actual_2026-08-24
2026-04-05,China,23.673413636891755,chn,1,tracker_actual_2026-08-24
2026-04-05,EU,9.334393445173164,eu,1,tracker_actual_2026-08-24
2026-04-05,Free-trade partners,9.342092300154421,fta,1,tracker_actual_2026-08-24
2026-04-05,Japan,12.71735200337373,jp,1,tracker_actual_2026-08-24
2026-04-05,Mexico,6.639983255078681,mx,1,tracker_actual_2026-08-24
2026-04-05,Rest of World,9.97840294106633,row,1,tracker_actual_2026-08-24
2026-04-05,UK,7.840508799048681,uk,1,tracker_actual_2026-08-24
2026-04-06,Canada,5.341334555242383,ca,1,tracker_actual_2026-08-24
2026-04-06,China,25.941243224991045,chn,1,tracker_actual_2026-08-24
2026-04-06,EU,9.444465493387963,eu,1,tracker_actual_2026-08-24
2026-04-06,Free-trade partners,9.52591886514845,fta,1,tracker_actual_2026-08-24
2026-04-06,Japan,13.682218596169315,jp,1,tracker_actual_2026-08-24
2026-04-06,Mexico,6.970467294227258,mx,1,tracker_actual_2026-08-24
2026-04-06,Rest of World,11.029384225094422,row,1,tracker_actual_2026-08-24
2026-04-06,UK,8.107574286220483,uk,1,tracker_actual_2026-08-24
2026-04-07,Canada,5.341334555242383,ca,1,tracker_actual_2026-08-24
2026-04-07,China,25.941243224991045,chn,1,tracker_actual_2026-08-24
2026-04-07,EU,9.444465493387963,eu,1,tracker_actual_2026-08-24
2026-04-07,Free-trade partners,9.52591886514845,fta,1,tracker_actual_2026-08-24
2026-04-07,Japan,13.682218596169315,jp,1,tracker_actual_2026-08-24
2026-04-07,Mexico,6.970467294227258,mx,1,tracker_actual_2026-08-24
2026-04-07,Rest of World,11.029384225094422,row,1,tracker_actual_2026-08-24
2026-04-07,UK,8.107574286220483,uk,1,tracker_actual_2026-08-24
2026-04-08,Canada,5.341334555242383,ca,1,tracker_actual_2026-08-24
2026-04-08,China,25.941243224991045,chn,1,tracker_actual_2026-08-24
2026-04-08,EU,9.444465493387963,eu,1,tracker_actual_2026-08-24
2026-04-08,Free-trade partners,9.52591886514845,fta,1,tracker_actual_2026-08-24
2026-04-08,Japan,13.682218596169315,jp,1,tracker_actual_2026-08-24
2026-04-08,Mexico,6.970467294227258,mx,1,tracker_actual_2026-08-24
2026-04-08,Rest of World,11.029384225094422,row,1,tracker_actual_2026-08-24
2026-04-08,UK,8.107574286220483,uk,1,tracker_actual_2026-08-24
2026-04-09,Canada,5.341334555242383,ca,1,tracker_actual_2026-08-24
2026-04-09,China,25.941243224991045,chn,1,tracker_actual_2026-08-24
2026-04-09,EU,9.444465493387963,eu,1,tracker_actual_2026-08-24
2026-04-09,Free-trade partners,9.52591886514845,fta,1,tracker_actual_2026-08-24
2026-04-09,Japan,13.682218596169315,jp,1,tracker_actual_2026-08-24
2026-04-09,Mexico,6.970467294227258,mx,1,tracker_actual_2026-08-24
2026-04-09,Rest of World,11.029384225094422,row,1,tracker_actual_2026-08-24
2026-04-09,UK,8.107574286220483,uk,1,tracker_actual_2026-08-24
2026-04-10,Canada,5.341334555242383,ca,1,tracker_actual_2026-08-24
2026-04-10,China,25.941243224991045,chn,1,tracker_actual_2026-08-24
2026-04-10,EU,9.444465493387963,eu,1,tracker_actual_2026-08-24
2026-04-10,Free-trade partners,9.52591886514845,fta,1,tracker_actual_2026-08-24
2026-04-10,Japan,13.682218596169315,jp,1,tracker_actual_2026-08-24
2026-04-10,Mexico,6.970467294227258,mx,1,tracker_actual_2026-08-24
2026-04-10,Rest of World,11.029384225094422,row,1,tracker_actual_2026-08-24
2026-04-10,UK,8.107574286220483,uk,1,tracker_actual_2026-08-24
2026-04-11,Canada,5.341334555242383,ca,1,tracker_actual_2026-08-24
2026-04-11,China,25.941243224991045,chn,1,tracker_actual_2026-08-24
2026-04-11,EU,9.444465493387963,eu,1,tracker_actual_2026-08-24
2026-04-11,Free-trade partners,9.52591886514845,fta,1,tracker_actual_2026-08-24
2026-04-11,Japan,13.682218596169315,jp,1,tracker_actual_2026-08-24
2026-04-11,Mexico,6.970467294227258,mx,1,tracker_actual_2026-08-24
2026-04-11,Rest of World,11.029384225094422,row,1,tracker_actual_2026-08-24
2026-04-11,UK,8.107574286220483,uk,1,tracker_actual_2026-08-24
2026-04-12,Canada,5.341334555242383,ca,1,tracker_actual_2026-08-24
2026-04-12,China,25.941243224991045,chn,1,tracker_actual_2026-08-24
2026-04-12,EU,9.444465493387963,eu,1,tracker_actual_2026-08-24
2026-04-12,Free-trade partners,9.52591886514845,fta,1,tracker_actual_2026-08-24
2026-04-12,Japan,13.682218596169315,jp,1,tracker_actual_2026-08-24
2026-04-12,Mexico,6.970467294227258,mx,1,tracker_actual_2026-08-24
2026-04-12,Rest of World,11.029384225094422,row,1,tracker_actual_2026-08-24
2026-04-12,UK,8.107574286220483,uk,1,tracker_actual_2026-08-24
2026-04-13,Canada,5.341334555242383,ca,1,tracker_actual_2026-08-24
2026-04-13,China,25.941243224991045,chn,1,tracker_actual_2026-08-24
2026-04-13,EU,9.444465493387963,eu,1,tracker_actual_2026-08-24
2026-04-13,Free-trade partners,9.52591886514845,fta,1,tracker_actual_2026-08-24
2026-04-13,Japan,13.682218596169315,jp,1,tracker_actual_2026-08-24
2026-04-13,Mexico,6.970467294227258,mx,1,tracker_actual_2026-08-24
2026-04-13,Rest of World,11.029384225094422,row,1,tracker_actual_2026-08-24
2026-04-13,UK,8.107574286220483,uk,1,tracker_actual_2026-08-24
2026-04-14,Canada,5.341334555242383,ca,1,tracker_actual_2026-08-24
2026-04-14,China,25.941243224991045,chn,1,tracker_actual_2026-08-24
2026-04-14,EU,9.444465493387963,eu,1,tracker_actual_2026-08-24
2026-04-14,Free-trade partners,9.52591886514845,fta,1,tracker_actual_2026-08-24
2026-04-14,Japan,13.682218596169315,jp,1,tracker_actual_2026-08-24
2026-04-14,Mexico,6.970467294227258,mx,1,tracker_actual_2026-08-24
2026-04-14,Rest of World,11.029384225094422,row,1,tracker_actual_2026-08-24
2026-04-14,UK,8.107574286220483,uk,1,tracker_actual_2026-08-24
2026-04-15,Canada,5.341334555242383,ca,1,tracker_actual_2026-08-24
2026-04-15,China,25.941243224991045,chn,1,tracker_actual_2026-08-24
2026-04-15,EU,9.444465493387963,eu,1,tracker_actual_2026-08-24
2026-04-15,Free-trade partners,9.52591886514845,fta,1,tracker_actual_2026-08-24
2026-04-15,Japan,13.682218596169315,jp,1,tracker_actual_2026-08-24
2026-04-15,Mexico,6.970467294227258,mx,1,tracker_actual_2026-08-24
2026-04-15,Rest of World,11.029384225094422,row,1,tracker_actual_2026-08-24
2026-04-15,UK,8.107574286220483,uk,1,tracker_actual_2026-08-24
2026-04-16,Canada,5.341334555242383,ca,1,tracker_actual_2026-08-24
2026-04-16,China,25.941243224991045,chn,1,tracker_actual_2026-08-24
2026-04-16,EU,9.444465493387963,eu,1,tracker_actual_2026-08-24
2026-04-16,Free-trade partners,9.52591886514845,fta,1,tracker_actual_2026-08-24
2026-04-16,Japan,13.682218596169315,jp,1,tracker_actual_2026-08-24
2026-04-16,Mexico,6.970467294227258,mx,1,tracker_actual_2026-08-24
2026-04-16,Rest of World,11.029384225094422,row,1,tracker_actual_2026-08-24
2026-04-16,UK,8.107574286220483,uk,1,tracker_actual_2026-08-24
2026-04-17,Canada,5.341334555242383,ca,1,tracker_actual_2026-08-24
2026-04-17,China,25.941243224991045,chn,1,tracker_actual_2026-08-24
2026-04-17,EU,9.444465493387963,eu,1,tracker_actual_2026-08-24
2026-04-17,Free-trade partners,9.52591886514845,fta,1,tracker_actual_2026-08-24
2026-04-17,Japan,13.682218596169315,jp,1,tracker_actual_2026-08-24
2026-04-17,Mexico,6.970467294227258,mx,1,tracker_actual_2026-08-24
2026-04-17,Rest of World,11.029384225094422,row,1,tracker_actual_2026-08-24
2026-04-17,UK,8.107574286220483,uk,1,tracker_actual_2026-08-24
2026-04-18,Canada,5.341334555242383,ca,1,tracker_actual_2026-08-24
2026-04-18,China,25.941243224991045,chn,1,tracker_actual_2026-08-24
2026-04-18,EU,9.444465493387963,eu,1,tracker_actual_2026-08-24
2026-04-18,Free-trade partners,9.52591886514845,fta,1,tracker_actual_2026-08-24
2026-04-18,Japan,13.682218596169315,jp,1,tracker_actual_2026-08-24
2026-04-18,Mexico,6.970467294227258,mx,1,tracker_actual_2026-08-24
2026-04-18,Rest of World,11.029384225094422,row,1,tracker_actual_2026-08-24
2026-04-18,UK,8.107574286220483,uk,1,tracker_actual_2026-08-24
2026-04-19,Canada,5.341334555242383,ca,1,tracker_actual_2026-08-24
2026-04-19,China,25.941243224991045,chn,1,tracker_actual_2026-08-24
2026-04-19,EU,9.444465493387963,eu,1,tracker_actual_2026-08-24
2026-04-19,Free-trade partners,9.52591886514845,fta,1,tracker_actual_2026-08-24
2026-04-19,Japan,13.682218596169315,jp,1,tracker_actual_2026-08-24
2026-04-19,Mexico,6.970467294227258,mx,1,tracker_actual_2026-08-24
2026-04-19,Rest of World,11.029384225094422,row,1,tracker_actual_2026-08-24
2026-04-19,UK,8.107574286220483,uk,1,tracker_actual_2026-08-24
2026-04-20,Canada,5.341334555242383,ca,1,tracker_actual_2026-08-24
2026-04-20,China,25.941243224991045,chn,1,tracker_actual_2026-08-24
2026-04-20,EU,9.444465493387963,eu,1,tracker_actual_2026-08-24
2026-04-20,Free-trade partners,9.52591886514845,fta,1,tracker_actual_2026-08-24
2026-04-20,Japan,13.682218596169315,jp,1,tracker_actual_2026-08-24
2026-04-20,Mexico,6.970467294227258,mx,1,tracker_actual_2026-08-24
2026-04-20,Rest of World,11.029384225094422,row,1,tracker_actual_2026-08-24
2026-04-20,UK,8.107574286220483,uk,1,tracker_actual_2026-08-24
2026-04-21,Canada,5.341334555242383,ca,1,tracker_actual_2026-08-24
2026-04-21,China,25.941243224991045,chn,1,tracker_actual_2026-08-24
2026-04-21,EU,9.444465493387963,eu,1,tracker_actual_2026-08-24
2026-04-21,Free-trade partners,9.52591886514845,fta,1,tracker_actual_2026-08-24
2026-04-21,Japan,13.682218596169315,jp,1,tracker_actual_2026-08-24
2026-04-21,Mexico,6.970467294227258,mx,1,tracker_actual_2026-08-24
2026-04-21,Rest of World,11.029384225094422,row,1,tracker_actual_2026-08-24
2026-04-21,UK,8.107574286220483,uk,1,tracker_actual_2026-08-24
2026-04-22,Canada,5.341334555242383,ca,1,tracker_actual_2026-08-24
2026-04-22,China,25.941243224991045,chn,1,tracker_actual_2026-08-24
2026-04-22,EU,9.444465493387963,eu,1,tracker_actual_2026-08-24
2026-04-22,Free-trade partners,9.52591886514845,fta,1,tracker_actual_2026-08-24
2026-04-22,Japan,13.682218596169315,jp,1,tracker_actual_2026-08-24
2026-04-22,Mexico,6.970467294227258,mx,1,tracker_actual_2026-08-24
2026-04-22,Rest of World,11.029384225094422,row,1,tracker_actual_2026-08-24
2026-04-22,UK,8.107574286220483,uk,1,tracker_actual_2026-08-24
2026-04-23,Canada,5.341334555242383,ca,1,tracker_actual_2026-08-24
2026-04-23,China,25.941243224991045,chn,1,tracker_actual_2026-08-24
2026-04-23,EU,9.444465493387963,eu,1,tracker_actual_2026-08-24
2026-04-23,Free-trade partners,9.52591886514845,fta,1,tracker_actual_2026-08-24
2026-04-23,Japan,13.682218596169315,jp,1,tracker_actual_2026-08-24
2026-04-23,Mexico,6.970467294227258,mx,1,tracker_actual_2026-08-24
2026-04-23,Rest of World,11.029384225094422,row,1,tracker_actual_2026-08-24
2026-04-23,UK,8.107574286220483,uk,1,tracker_actual_2026-08-24
2026-04-24,Canada,5.341334555242383,ca,1,tracker_actual_2026-08-24
2026-04-24,China,25.941243224991045,chn,1,tracker_actual_2026-08-24
2026-04-24,EU,9.444465493387963,eu,1,tracker_actual_2026-08-24
2026-04-24,Free-trade partners,9.52591886514845,fta,1,tracker_actual_2026-08-24
2026-04-24,Japan,13.682218596169315,jp,1,tracker_actual_2026-08-24
2026-04-24,Mexico,6.970467294227258,mx,1,tracker_actual_2026-08-24
2026-04-24,Rest of World,11.029384225094422,row,1,tracker_actual_2026-08-24
2026-04-24,UK,8.107574286220483,uk,1,tracker_actual_2026-08-24
2026-04-25,Canada,5.341334555242383,ca,1,tracker_actual_2026-08-24
2026-04-25,China,25.941243224991045,chn,1,tracker_actual_2026-08-24
2026-04-25,EU,9.444465493387963,eu,1,tracker_actual_2026-08-24
2026-04-25,Free-trade partners,9.52591886514845,fta,1,tracker_actual_2026-08-24
2026-04-25,Japan,13.682218596169315,jp,1,tracker_actual_2026-08-24
2026-04-25,Mexico,6.970467294227258,mx,1,tracker_actual_2026-08-24
2026-04-25,Rest of World,11.029384225094422,row,1,tracker_actual_2026-08-24
2026-04-25,UK,8.107574286220483,uk,1,tracker_actual_2026-08-24
2026-04-26,Canada,5.341334555242383,ca,1,tracker_actual_2026-08-24
2026-04-26,China,25.941243224991045,chn,1,tracker_actual_2026-08-24
2026-04-26,EU,9.444465493387963,eu,1,tracker_actual_2026-08-24
2026-04-26,Free-trade partners,9.52591886514845,fta,1,tracker_actual_2026-08-24
2026-04-26,Japan,13.682218596169315,jp,1,tracker_actual_2026-08-24
2026-04-26,Mexico,6.970467294227258,mx,1,tracker_actual_2026-08-24
2026-04-26,Rest of World,11.029384225094422,row,1,tracker_actual_2026-08-24
2026-04-26,UK,8.107574286220483,uk,1,tracker_actual_2026-08-24
2026-04-27,Canada,5.341334555242383,ca,1,tracker_actual_2026-08-24
2026-04-27,China,25.941243224991045,chn,1,tracker_actual_2026-08-24
2026-04-27,EU,9.444465493387963,eu,1,tracker_actual_2026-08-24
2026-04-27,Free-trade partners,9.52591886514845,fta,1,tracker_actual_2026-08-24
2026-04-27,Japan,13.682218596169315,jp,1,tracker_actual_2026-08-24
2026-04-27,Mexico,6.970467294227258,mx,1,tracker_actual_2026-08-24
2026-04-27,Rest of World,11.029384225094422,row,1,tracker_actual_2026-08-24
2026-04-27,UK,8.107574286220483,uk,1,tracker_actual_2026-08-24
2026-04-28,Canada,5.341334555242383,ca,1,tracker_actual_2026-08-24
2026-04-28,China,25.941243224991045,chn,1,tracker_actual_2026-08-24
2026-04-28,EU,9.444465493387963,eu,1,tracker_actual_2026-08-24
2026-04-28,Free-trade partners,9.52591886514845,fta,1,tracker_actual_2026-08-24
2026-04-28,Japan,13.682218596169315,jp,1,tracker_actual_2026-08-24
2026-04-28,Mexico,6.970467294227258,mx,1,tracker_actual_2026-08-24
2026-04-28,Rest of World,11.029384225094422,row,1,tracker_actual_2026-08-24
2026-04-28,UK,8.107574286220483,uk,1,tracker_actual_2026-08-24
2026-04-29,Canada,5.341334555242383,ca,1,tracker_actual_2026-08-24
2026-04-29,China,25.941243224991045,chn,1,tracker_actual_2026-08-24
2026-04-29,EU,9.444465493387963,eu,1,tracker_actual_2026-08-24
2026-04-29,Free-trade partners,9.52591886514845,fta,1,tracker_actual_2026-08-24
2026-04-29,Japan,13.682218596169315,jp,1,tracker_actual_2026-08-24
2026-04-29,Mexico,6.970467294227258,mx,1,tracker_actual_2026-08-24
2026-04-29,Rest of World,11.029384225094422,row,1,tracker_actual_2026-08-24
2026-04-29,UK,8.107574286220483,uk,1,tracker_actual_2026-08-24
2026-04-30,Canada,5.341334555242383,ca,1,tracker_actual_2026-08-24
2026-04-30,China,25.941243224991045,chn,1,tracker_actual_2026-08-24
2026-04-30,EU,9.444465493387963,eu,1,tracker_actual_2026-08-24
2026-04-30,Free-trade partners,9.52591886514845,fta,1,tracker_actual_2026-08-24
2026-04-30,Japan,13.682218596169315,jp,1,tracker_actual_2026-08-24
2026-04-30,Mexico,6.970467294227258,mx,1,tracker_actual_2026-08-24
2026-04-30,Rest of World,11.029384225094422,row,1,tracker_actual_2026-08-24
2026-04-30,UK,8.107574286220483,uk,1,tracker_actual_2026-08-24
2026-05-01,Canada,5.341334555242383,ca,1,tracker_actual_2026-08-24
2026-05-01,China,25.941243224991045,chn,1,tracker_actual_2026-08-24
2026-05-01,EU,9.444465493387963,eu,1,tracker_actual_2026-08-24
2026-05-01,Free-trade partners,9.52591886514845,fta,1,tracker_actual_2026-08-24
2026-05-01,Japan,13.682218596169315,jp,1,tracker_actual_2026-08-24
2026-05-01,Mexico,6.970467294227258,mx,1,tracker_actual_2026-08-24
2026-05-01,Rest of World,10.93701098025981,row,1,tracker_actual_2026-08-24
2026-05-01,UK,8.107574286220483,uk,1,tracker_actual_2026-08-24
2026-05-02,Canada,5.341334555242383,ca,1,tracker_actual_2026-08-24
2026-05-02,China,25.941243224991045,chn,1,tracker_actual_2026-08-24
2026-05-02,EU,9.444465493387963,eu,1,tracker_actual_2026-08-24
2026-05-02,Free-trade partners,9.52591886514845,fta,1,tracker_actual_2026-08-24
2026-05-02,Japan,13.682218596169315,jp,1,tracker_actual_2026-08-24
2026-05-02,Mexico,6.970467294227258,mx,1,tracker_actual_2026-08-24
2026-05-02,Rest of World,10.93701098025981,row,1,tracker_actual_2026-08-24
2026-05-02,UK,8.107574286220483,uk,1,tracker_actual_2026-08-24
2026-05-03,Canada,5.341334555242383,ca,1,tracker_actual_2026-08-24
2026-05-03,China,25.941243224991045,chn,1,tracker_actual_2026-08-24
2026-05-03,EU,9.444465493387963,eu,1,tracker_actual_2026-08-24
2026-05-03,Free-trade partners,9.52591886514845,fta,1,tracker_actual_2026-08-24
2026-05-03,Japan,13.682218596169315,jp,1,tracker_actual_2026-08-24
2026-05-03,Mexico,6.970467294227258,mx,1,tracker_actual_2026-08-24
2026-05-03,Rest of World,10.93701098025981,row,1,tracker_actual_2026-08-24
2026-05-03,UK,8.107574286220483,uk,1,tracker_actual_2026-08-24
2026-05-04,Canada,5.341334555242383,ca,1,tracker_actual_2026-08-24
2026-05-04,China,25.941243224991045,chn,1,tracker_actual_2026-08-24
2026-05-04,EU,9.444465493387963,eu,1,tracker_actual_2026-08-24
2026-05-04,Free-trade partners,9.52591886514845,fta,1,tracker_actual_2026-08-24
2026-05-04,Japan,13.682218596169315,jp,1,tracker_actual_2026-08-24
2026-05-04,Mexico,6.970467294227258,mx,1,tracker_actual_2026-08-24
2026-05-04,Rest of World,10.93701098025981,row,1,tracker_actual_2026-08-24
2026-05-04,UK,8.107574286220483,uk,1,tracker_actual_2026-08-24
2026-05-05,Canada,5.341334555242383,ca,1,tracker_actual_2026-08-24
2026-05-05,China,25.941243224991045,chn,1,tracker_actual_2026-08-24
2026-05-05,EU,9.444465493387963,eu,1,tracker_actual_2026-08-24
2026-05-05,Free-trade partners,9.52591886514845,fta,1,tracker_actual_2026-08-24
2026-05-05,Japan,13.682218596169315,jp,1,tracker_actual_2026-08-24
2026-05-05,Mexico,6.970467294227258,mx,1,tracker_actual_2026-08-24
2026-05-05,Rest of World,10.93701098025981,row,1,tracker_actual_2026-08-24
2026-05-05,UK,8.107574286220483,uk,1,tracker_actual_2026-08-24
2026-05-06,Canada,5.341334555242383,ca,1,tracker_actual_2026-08-24
2026-05-06,China,25.941243224991045,chn,1,tracker_actual_2026-08-24
2026-05-06,EU,9.444465493387963,eu,1,tracker_actual_2026-08-24
2026-05-06,Free-trade partners,9.52591886514845,fta,1,tracker_actual_2026-08-24
2026-05-06,Japan,13.682218596169315,jp,1,tracker_actual_2026-08-24
2026-05-06,Mexico,6.970467294227258,mx,1,tracker_actual_2026-08-24
2026-05-06,Rest of World,10.93701098025981,row,1,tracker_actual_2026-08-24
2026-05-06,UK,8.107574286220483,uk,1,tracker_actual_2026-08-24
2026-05-07,Canada,5.341334555242383,ca,1,tracker_actual_2026-08-24
2026-05-07,China,25.941243224991045,chn,1,tracker_actual_2026-08-24
2026-05-07,EU,9.444465493387963,eu,1,tracker_actual_2026-08-24
2026-05-07,Free-trade partners,9.52591886514845,fta,1,tracker_actual_2026-08-24
2026-05-07,Japan,13.682218596169315,jp,1,tracker_actual_2026-08-24
2026-05-07,Mexico,6.970467294227258,mx,1,tracker_actual_2026-08-24
2026-05-07,Rest of World,10.93701098025981,row,1,tracker_actual_2026-08-24
2026-05-07,UK,8.107574286220483,uk,1,tracker_actual_2026-08-24
2026-05-08,Canada,5.341334555242383,ca,1,tracker_actual_2026-08-24
2026-05-08,China,25.941243224991045,chn,1,tracker_actual_2026-08-24
2026-05-08,EU,9.444465493387963,eu,1,tracker_actual_2026-08-24
2026-05-08,Free-trade partners,9.52591886514845,fta,1,tracker_actual_2026-08-24
2026-05-08,Japan,13.682218596169315,jp,1,tracker_actual_2026-08-24
2026-05-08,Mexico,6.970467294227258,mx,1,tracker_actual_2026-08-24
2026-05-08,Rest of World,10.93701098025981,row,1,tracker_actual_2026-08-24
2026-05-08,UK,8.107574286220483,uk,1,tracker_actual_2026-08-24
2026-05-09,Canada,5.341334555242383,ca,1,tracker_actual_2026-08-24
2026-05-09,China,25.941243224991045,chn,1,tracker_actual_2026-08-24
2026-05-09,EU,9.444465493387963,eu,1,tracker_actual_2026-08-24
2026-05-09,Free-trade partners,9.52591886514845,fta,1,tracker_actual_2026-08-24
2026-05-09,Japan,13.682218596169315,jp,1,tracker_actual_2026-08-24
2026-05-09,Mexico,6.970467294227258,mx,1,tracker_actual_2026-08-24
2026-05-09,Rest of World,10.93701098025981,row,1,tracker_actual_2026-08-24
2026-05-09,UK,8.107574286220483,uk,1,tracker_actual_2026-08-24
2026-05-10,Canada,5.341334555242383,ca,1,tracker_actual_2026-08-24
2026-05-10,China,25.941243224991045,chn,1,tracker_actual_2026-08-24
2026-05-10,EU,9.444465493387963,eu,1,tracker_actual_2026-08-24
2026-05-10,Free-trade partners,9.52591886514845,fta,1,tracker_actual_2026-08-24
2026-05-10,Japan,13.682218596169315,jp,1,tracker_actual_2026-08-24
2026-05-10,Mexico,6.970467294227258,mx,1,tracker_actual_2026-08-24
2026-05-10,Rest of World,10.93701098025981,row,1,tracker_actual_2026-08-24
2026-05-10,UK,8.107574286220483,uk,1,tracker_actual_2026-08-24
2026-05-11,Canada,5.341334555242383,ca,1,tracker_actual_2026-08-24
2026-05-11,China,25.941243224991045,chn,1,tracker_actual_2026-08-24
2026-05-11,EU,9.444465493387963,eu,1,tracker_actual_2026-08-24
2026-05-11,Free-trade partners,9.52591886514845,fta,1,tracker_actual_2026-08-24
2026-05-11,Japan,13.682218596169315,jp,1,tracker_actual_2026-08-24
2026-05-11,Mexico,6.970467294227258,mx,1,tracker_actual_2026-08-24
2026-05-11,Rest of World,10.93701098025981,row,1,tracker_actual_2026-08-24
2026-05-11,UK,8.107574286220483,uk,1,tracker_actual_2026-08-24
2026-05-12,Canada,5.341334555242383,ca,1,tracker_actual_2026-08-24
2026-05-12,China,25.941243224991045,chn,1,tracker_actual_2026-08-24
2026-05-12,EU,9.444465493387963,eu,1,tracker_actual_2026-08-24
2026-05-12,Free-trade partners,9.52591886514845,fta,1,tracker_actual_2026-08-24
2026-05-12,Japan,13.682218596169315,jp,1,tracker_actual_2026-08-24
2026-05-12,Mexico,6.970467294227258,mx,1,tracker_actual_2026-08-24
2026-05-12,Rest of World,10.93701098025981,row,1,tracker_actual_2026-08-24
2026-05-12,UK,8.107574286220483,uk,1,tracker_actual_2026-08-24
2026-05-13,Canada,5.341334555242383,ca,1,tracker_actual_2026-08-24
2026-05-13,China,25.941243224991045,chn,1,tracker_actual_2026-08-24
2026-05-13,EU,9.444465493387963,eu,1,tracker_actual_2026-08-24
2026-05-13,Free-trade partners,9.52591886514845,fta,1,tracker_actual_2026-08-24
2026-05-13,Japan,13.682218596169315,jp,1,tracker_actual_2026-08-24
2026-05-13,Mexico,6.970467294227258,mx,1,tracker_actual_2026-08-24
2026-05-13,Rest of World,10.93701098025981,row,1,tracker_actual_2026-08-24
2026-05-13,UK,8.107574286220483,uk,1,tracker_actual_2026-08-24
2026-05-14,Canada,5.341334555242383,ca,1,tracker_actual_2026-08-24
2026-05-14,China,25.941243224991045,chn,1,tracker_actual_2026-08-24
2026-05-14,EU,9.444465493387963,eu,1,tracker_actual_2026-08-24
2026-05-14,Free-trade partners,9.52591886514845,fta,1,tracker_actual_2026-08-24
2026-05-14,Japan,13.682218596169315,jp,1,tracker_actual_2026-08-24
2026-05-14,Mexico,6.970467294227258,mx,1,tracker_actual_2026-08-24
2026-05-14,Rest of World,10.93701098025981,row,1,tracker_actual_2026-08-24
2026-05-14,UK,8.107574286220483,uk,1,tracker_actual_2026-08-24
2026-05-15,Canada,5.341334555242383,ca,1,tracker_actual_2026-08-24
2026-05-15,China,25.941243224991045,chn,1,tracker_actual_2026-08-24
2026-05-15,EU,9.444465493387963,eu,1,tracker_actual_2026-08-24
2026-05-15,Free-trade partners,9.52591886514845,fta,1,tracker_actual_2026-08-24
2026-05-15,Japan,13.682218596169315,jp,1,tracker_actual_2026-08-24
2026-05-15,Mexico,6.970467294227258,mx,1,tracker_actual_2026-08-24
2026-05-15,Rest of World,10.93701098025981,row,1,tracker_actual_2026-08-24
2026-05-15,UK,8.107574286220483,uk,1,tracker_actual_2026-08-24
2026-05-16,Canada,5.341334555242383,ca,1,tracker_actual_2026-08-24
2026-05-16,China,25.941243224991045,chn,1,tracker_actual_2026-08-24
2026-05-16,EU,9.444465493387963,eu,1,tracker_actual_2026-08-24
2026-05-16,Free-trade partners,9.52591886514845,fta,1,tracker_actual_2026-08-24
2026-05-16,Japan,13.682218596169315,jp,1,tracker_actual_2026-08-24
2026-05-16,Mexico,6.970467294227258,mx,1,tracker_actual_2026-08-24
2026-05-16,Rest of World,10.93701098025981,row,1,tracker_actual_2026-08-24
2026-05-16,UK,8.107574286220483,uk,1,tracker_actual_2026-08-24
2026-05-17,Canada,5.341334555242383,ca,1,tracker_actual_2026-08-24
2026-05-17,China,25.941243224991045,chn,1,tracker_actual_2026-08-24
2026-05-17,EU,9.444465493387963,eu,1,tracker_actual_2026-08-24
2026-05-17,Free-trade partners,9.52591886514845,fta,1,tracker_actual_2026-08-24
2026-05-17,Japan,13.682218596169315,jp,1,tracker_actual_2026-08-24
2026-05-17,Mexico,6.970467294227258,mx,1,tracker_actual_2026-08-24
2026-05-17,Rest of World,10.93701098025981,row,1,tracker_actual_2026-08-24
2026-05-17,UK,8.107574286220483,uk,1,tracker_actual_2026-08-24
2026-05-18,Canada,5.341334555242383,ca,1,tracker_actual_2026-08-24
2026-05-18,China,25.941243224991045,chn,1,tracker_actual_2026-08-24
2026-05-18,EU,9.444465493387963,eu,1,tracker_actual_2026-08-24
2026-05-18,Free-trade partners,9.52591886514845,fta,1,tracker_actual_2026-08-24
2026-05-18,Japan,13.682218596169315,jp,1,tracker_actual_2026-08-24
2026-05-18,Mexico,6.970467294227258,mx,1,tracker_actual_2026-08-24
2026-05-18,Rest of World,10.93701098025981,row,1,tracker_actual_2026-08-24
2026-05-18,UK,8.107574286220483,uk,1,tracker_actual_2026-08-24
2026-05-19,Canada,5.341334555242383,ca,1,tracker_actual_2026-08-24
2026-05-19,China,25.941243224991045,chn,1,tracker_actual_2026-08-24
2026-05-19,EU,9.444465493387963,eu,1,tracker_actual_2026-08-24
2026-05-19,Free-trade partners,9.52591886514845,fta,1,tracker_actual_2026-08-24
2026-05-19,Japan,13.682218596169315,jp,1,tracker_actual_2026-08-24
2026-05-19,Mexico,6.970467294227258,mx,1,tracker_actual_2026-08-24
2026-05-19,Rest of World,10.93701098025981,row,1,tracker_actual_2026-08-24
2026-05-19,UK,8.107574286220483,uk,1,tracker_actual_2026-08-24
2026-05-20,Canada,5.341334555242383,ca,1,tracker_actual_2026-08-24
2026-05-20,China,25.941243224991045,chn,1,tracker_actual_2026-08-24
2026-05-20,EU,9.444465493387963,eu,1,tracker_actual_2026-08-24
2026-05-20,Free-trade partners,9.52591886514845,fta,1,tracker_actual_2026-08-24
2026-05-20,Japan,13.682218596169315,jp,1,tracker_actual_2026-08-24
2026-05-20,Mexico,6.970467294227258,mx,1,tracker_actual_2026-08-24
2026-05-20,Rest of World,10.93701098025981,row,1,tracker_actual_2026-08-24
2026-05-20,UK,8.107574286220483,uk,1,tracker_actual_2026-08-24
2026-05-21,Canada,5.341334555242383,ca,1,tracker_actual_2026-08-24
2026-05-21,China,25.941243224991045,chn,1,tracker_actual_2026-08-24
2026-05-21,EU,9.444465493387963,eu,1,tracker_actual_2026-08-24
2026-05-21,Free-trade partners,9.52591886514845,fta,1,tracker_actual_2026-08-24
2026-05-21,Japan,13.682218596169315,jp,1,tracker_actual_2026-08-24
2026-05-21,Mexico,6.970467294227258,mx,1,tracker_actual_2026-08-24
2026-05-21,Rest of World,10.93701098025981,row,1,tracker_actual_2026-08-24
2026-05-21,UK,8.107574286220483,uk,1,tracker_actual_2026-08-24
2026-05-22,Canada,5.341334555242383,ca,1,tracker_actual_2026-08-24
2026-05-22,China,25.941243224991045,chn,1,tracker_actual_2026-08-24
2026-05-22,EU,9.444465493387963,eu,1,tracker_actual_2026-08-24
2026-05-22,Free-trade partners,9.52591886514845,fta,1,tracker_actual_2026-08-24
2026-05-22,Japan,13.682218596169315,jp,1,tracker_actual_2026-08-24
2026-05-22,Mexico,6.970467294227258,mx,1,tracker_actual_2026-08-24
2026-05-22,Rest of World,10.93701098025981,row,1,tracker_actual_2026-08-24
2026-05-22,UK,8.107574286220483,uk,1,tracker_actual_2026-08-24
2026-05-23,Canada,5.341334555242383,ca,1,tracker_actual_2026-08-24
2026-05-23,China,25.941243224991045,chn,1,tracker_actual_2026-08-24
2026-05-23,EU,9.444465493387963,eu,1,tracker_actual_2026-08-24
2026-05-23,Free-trade partners,9.52591886514845,fta,1,tracker_actual_2026-08-24
2026-05-23,Japan,13.682218596169315,jp,1,tracker_actual_2026-08-24
2026-05-23,Mexico,6.970467294227258,mx,1,tracker_actual_2026-08-24
2026-05-23,Rest of World,10.93701098025981,row,1,tracker_actual_2026-08-24
2026-05-23,UK,8.107574286220483,uk,1,tracker_actual_2026-08-24
2026-05-24,Canada,5.341334555242383,ca,1,tracker_actual_2026-08-24
2026-05-24,China,25.941243224991045,chn,1,tracker_actual_2026-08-24
2026-05-24,EU,9.444465493387963,eu,1,tracker_actual_2026-08-24
2026-05-24,Free-trade partners,9.52591886514845,fta,1,tracker_actual_2026-08-24
2026-05-24,Japan,13.682218596169315,jp,1,tracker_actual_2026-08-24
2026-05-24,Mexico,6.970467294227258,mx,1,tracker_actual_2026-08-24
2026-05-24,Rest of World,10.93701098025981,row,1,tracker_actual_2026-08-24
2026-05-24,UK,8.107574286220483,uk,1,tracker_actual_2026-08-24
2026-05-25,Canada,5.341334555242383,ca,1,tracker_actual_2026-08-24
2026-05-25,China,25.941243224991045,chn,1,tracker_actual_2026-08-24
2026-05-25,EU,9.444465493387963,eu,1,tracker_actual_2026-08-24
2026-05-25,Free-trade partners,9.52591886514845,fta,1,tracker_actual_2026-08-24
2026-05-25,Japan,13.682218596169315,jp,1,tracker_actual_2026-08-24
2026-05-25,Mexico,6.970467294227258,mx,1,tracker_actual_2026-08-24
2026-05-25,Rest of World,10.93701098025981,row,1,tracker_actual_2026-08-24
2026-05-25,UK,8.107574286220483,uk,1,tracker_actual_2026-08-24
2026-05-26,Canada,5.341334555242383,ca,1,tracker_actual_2026-08-24
2026-05-26,China,25.941243224991045,chn,1,tracker_actual_2026-08-24
2026-05-26,EU,9.444465493387963,eu,1,tracker_actual_2026-08-24
2026-05-26,Free-trade partners,9.52591886514845,fta,1,tracker_actual_2026-08-24
2026-05-26,Japan,13.682218596169315,jp,1,tracker_actual_2026-08-24
2026-05-26,Mexico,6.970467294227258,mx,1,tracker_actual_2026-08-24
2026-05-26,Rest of World,10.93701098025981,row,1,tracker_actual_2026-08-24
2026-05-26,UK,8.107574286220483,uk,1,tracker_actual_2026-08-24
2026-05-27,Canada,5.341334555242383,ca,1,tracker_actual_2026-08-24
2026-05-27,China,25.941243224991045,chn,1,tracker_actual_2026-08-24
2026-05-27,EU,9.444465493387963,eu,1,tracker_actual_2026-08-24
2026-05-27,Free-trade partners,9.52591886514845,fta,1,tracker_actual_2026-08-24
2026-05-27,Japan,13.682218596169315,jp,1,tracker_actual_2026-08-24
2026-05-27,Mexico,6.970467294227258,mx,1,tracker_actual_2026-08-24
2026-05-27,Rest of World,10.93701098025981,row,1,tracker_actual_2026-08-24
2026-05-27,UK,8.107574286220483,uk,1,tracker_actual_2026-08-24
2026-05-28,Canada,5.341334555242383,ca,1,tracker_actual_2026-08-24
2026-05-28,China,25.941243224991045,chn,1,tracker_actual_2026-08-24
2026-05-28,EU,9.444465493387963,eu,1,tracker_actual_2026-08-24
2026-05-28,Free-trade partners,9.52591886514845,fta,1,tracker_actual_2026-08-24
2026-05-28,Japan,13.682218596169315,jp,1,tracker_actual_2026-08-24
2026-05-28,Mexico,6.970467294227258,mx,1,tracker_actual_2026-08-24
2026-05-28,Rest of World,10.93701098025981,row,1,tracker_actual_2026-08-24
2026-05-28,UK,8.107574286220483,uk,1,tracker_actual_2026-08-24
2026-05-29,Canada,5.341334555242383,ca,1,tracker_actual_2026-08-24
2026-05-29,China,25.941243224991045,chn,1,tracker_actual_2026-08-24
2026-05-29,EU,9.444465493387963,eu,1,tracker_actual_2026-08-24
2026-05-29,Free-trade partners,9.52591886514845,fta,1,tracker_actual_2026-08-24
2026-05-29,Japan,13.682218596169315,jp,1,tracker_actual_2026-08-24
2026-05-29,Mexico,6.970467294227258,mx,1,tracker_actual_2026-08-24
2026-05-29,Rest of World,10.93701098025981,row,1,tracker_actual_2026-08-24
2026-05-29,UK,8.107574286220483,uk,1,tracker_actual_2026-08-24
2026-05-30,Canada,5.341334555242383,ca,1,tracker_actual_2026-08-24
2026-05-30,China,25.941243224991045,chn,1,tracker_actual_2026-08-24
2026-05-30,EU,9.444465493387963,eu,1,tracker_actual_2026-08-24
2026-05-30,Free-trade partners,9.52591886514845,fta,1,tracker_actual_2026-08-24
2026-05-30,Japan,13.682218596169315,jp,1,tracker_actual_2026-08-24
2026-05-30,Mexico,6.970467294227258,mx,1,tracker_actual_2026-08-24
2026-05-30,Rest of World,10.93701098025981,row,1,tracker_actual_2026-08-24
2026-05-30,UK,8.107574286220483,uk,1,tracker_actual_2026-08-24
2026-05-31,Canada,5.341334555242383,ca,1,tracker_actual_2026-08-24
2026-05-31,China,25.941243224991045,chn,1,tracker_actual_2026-08-24
2026-05-31,EU,9.444465493387963,eu,1,tracker_actual_2026-08-24
2026-05-31,Free-trade partners,9.52591886514845,fta,1,tracker_actual_2026-08-24
2026-05-31,Japan,13.682218596169315,jp,1,tracker_actual_2026-08-24
2026-05-31,Mexico,6.970467294227258,mx,1,tracker_actual_2026-08-24
2026-05-31,Rest of World,10.93701098025981,row,1,tracker_actual_2026-08-24
2026-05-31,UK,8.107574286220483,uk,1,tracker_actual_2026-08-24
2026-06-01,Canada,5.341334555242383,ca,1,tracker_actual_2026-08-24
2026-06-01,China,25.941243224991045,chn,1,tracker_actual_2026-08-24
2026-06-01,EU,9.444465493387963,eu,1,tracker_actual_2026-08-24
2026-06-01,Free-trade partners,9.52591886514845,fta,1,tracker_actual_2026-08-24
2026-06-01,Japan,13.682218596169315,jp,1,tracker_actual_2026-08-24
2026-06-01,Mexico,6.970467294227258,mx,1,tracker_actual_2026-08-24
2026-06-01,Rest of World,10.93701098025981,row,1,tracker_actual_2026-08-24
2026-06-01,UK,8.107574286220483,uk,1,tracker_actual_2026-08-24
2026-06-02,Canada,5.341334555242383,ca,1,tracker_actual_2026-08-24
2026-06-02,China,25.941243224991045,chn,1,tracker_actual_2026-08-24
2026-06-02,EU,9.444465493387963,eu,1,tracker_actual_2026-08-24
2026-06-02,Free-trade partners,9.52591886514845,fta,1,tracker_actual_2026-08-24
2026-06-02,Japan,13.682218596169315,jp,1,tracker_actual_2026-08-24
2026-06-02,Mexico,6.970467294227258,mx,1,tracker_actual_2026-08-24
2026-06-02,Rest of World,10.93701098025981,row,1,tracker_actual_2026-08-24
2026-06-02,UK,8.107574286220483,uk,1,tracker_actual_2026-08-24
2026-06-03,Canada,5.341334555242383,ca,1,tracker_actual_2026-08-24
2026-06-03,China,25.941243224991045,chn,1,tracker_actual_2026-08-24
2026-06-03,EU,9.444465493387963,eu,1,tracker_actual_2026-08-24
2026-06-03,Free-trade partners,9.52591886514845,fta,1,tracker_actual_2026-08-24
2026-06-03,Japan,13.682218596169315,jp,1,tracker_actual_2026-08-24
2026-06-03,Mexico,6.970467294227258,mx,1,tracker_actual_2026-08-24
2026-06-03,Rest of World,10.93701098025981,row,1,tracker_actual_2026-08-24
2026-06-03,UK,8.107574286220483,uk,1,tracker_actual_2026-08-24
2026-06-04,Canada,5.341334555242383,ca,1,tracker_actual_2026-08-24
2026-06-04,China,25.941243224991045,chn,1,tracker_actual_2026-08-24
2026-06-04,EU,9.444465493387963,eu,1,tracker_actual_2026-08-24
2026-06-04,Free-trade partners,9.52591886514845,fta,1,tracker_actual_2026-08-24
2026-06-04,Japan,13.682218596169315,jp,1,tracker_actual_2026-08-24
2026-06-04,Mexico,6.970467294227258,mx,1,tracker_actual_2026-08-24
2026-06-04,Rest of World,10.93701098025981,row,1,tracker_actual_2026-08-24
2026-06-04,UK,8.107574286220483,uk,1,tracker_actual_2026-08-24
2026-06-05,Canada,5.341334555242383,ca,1,tracker_actual_2026-08-24
2026-06-05,China,25.941243224991045,chn,1,tracker_actual_2026-08-24
2026-06-05,EU,9.444465493387963,eu,1,tracker_actual_2026-08-24
2026-06-05,Free-trade partners,9.52591886514845,fta,1,tracker_actual_2026-08-24
2026-06-05,Japan,13.682218596169315,jp,1,tracker_actual_2026-08-24
2026-06-05,Mexico,6.970467294227258,mx,1,tracker_actual_2026-08-24
2026-06-05,Rest of World,10.93701098025981,row,1,tracker_actual_2026-08-24
2026-06-05,UK,8.107574286220483,uk,1,tracker_actual_2026-08-24
2026-06-06,Canada,5.341334555242383,ca,1,tracker_actual_2026-08-24
2026-06-06,China,25.941243224991045,chn,1,tracker_actual_2026-08-24
2026-06-06,EU,9.444465493387963,eu,1,tracker_actual_2026-08-24
2026-06-06,Free-trade partners,9.52591886514845,fta,1,tracker_actual_2026-08-24
2026-06-06,Japan,13.682218596169315,jp,1,tracker_actual_2026-08-24
2026-06-06,Mexico,6.970467294227258,mx,1,tracker_actual_2026-08-24
2026-06-06,Rest of World,10.93701098025981,row,1,tracker_actual_2026-08-24
2026-06-06,UK,8.107574286220483,uk,1,tracker_actual_2026-08-24
2026-06-07,Canada,5.341334555242383,ca,1,tracker_actual_2026-08-24
2026-06-07,China,25.941243224991045,chn,1,tracker_actual_2026-08-24
2026-06-07,EU,9.444465493387963,eu,1,tracker_actual_2026-08-24
2026-06-07,Free-trade partners,9.52591886514845,fta,1,tracker_actual_2026-08-24
2026-06-07,Japan,13.682218596169315,jp,1,tracker_actual_2026-08-24
2026-06-07,Mexico,6.970467294227258,mx,1,tracker_actual_2026-08-24
2026-06-07,Rest of World,10.93701098025981,row,1,tracker_actual_2026-08-24
2026-06-07,UK,8.107574286220483,uk,1,tracker_actual_2026-08-24
2026-06-08,Canada,5.286316529391855,ca,1,tracker_actual_2026-08-24
2026-06-08,China,25.862186931993374,chn,1,tracker_actual_2026-08-24
2026-06-08,EU,9.269636670039375,eu,1,tracker_actual_2026-08-24
2026-06-08,Free-trade partners,9.43302144047934,fta,1,tracker_actual_2026-08-24
2026-06-08,Japan,13.07698391695779,jp,1,tracker_actual_2026-08-24
2026-06-08,Mexico,6.8966852112302055,mx,1,tracker_actual_2026-08-24
2026-06-08,Rest of World,10.898954244073334,row,1,tracker_actual_2026-08-24
2026-06-08,UK,8.111789081818927,uk,1,tracker_actual_2026-08-24
2026-06-09,Canada,5.286316529391855,ca,1,tracker_actual_2026-08-24
2026-06-09,China,25.862186931993374,chn,1,tracker_actual_2026-08-24
2026-06-09,EU,9.269636670039375,eu,1,tracker_actual_2026-08-24
2026-06-09,Free-trade partners,9.43302144047934,fta,1,tracker_actual_2026-08-24
2026-06-09,Japan,13.07698391695779,jp,1,tracker_actual_2026-08-24
2026-06-09,Mexico,6.8966852112302055,mx,1,tracker_actual_2026-08-24
2026-06-09,Rest of World,10.898954244073334,row,1,tracker_actual_2026-08-24
2026-06-09,UK,8.111789081818927,uk,1,tracker_actual_2026-08-24
2026-06-10,Canada,5.286316529391855,ca,1,tracker_actual_2026-08-24
2026-06-10,China,25.862186931993374,chn,1,tracker_actual_2026-08-24
2026-06-10,EU,9.269636670039375,eu,1,tracker_actual_2026-08-24
2026-06-10,Free-trade partners,9.43302144047934,fta,1,tracker_actual_2026-08-24
2026-06-10,Japan,13.07698391695779,jp,1,tracker_actual_2026-08-24
2026-06-10,Mexico,6.8966852112302055,mx,1,tracker_actual_2026-08-24
2026-06-10,Rest of World,10.898954244073334,row,1,tracker_actual_2026-08-24
2026-06-10,UK,8.111789081818927,uk,1,tracker_actual_2026-08-24
2026-06-11,Canada,5.286316529391855,ca,1,tracker_actual_2026-08-24
2026-06-11,China,25.862186931993374,chn,1,tracker_actual_2026-08-24
2026-06-11,EU,9.269636670039375,eu,1,tracker_actual_2026-08-24
2026-06-11,Free-trade partners,9.43302144047934,fta,1,tracker_actual_2026-08-24
2026-06-11,Japan,13.07698391695779,jp,1,tracker_actual_2026-08-24
2026-06-11,Mexico,6.8966852112302055,mx,1,tracker_actual_2026-08-24
2026-06-11,Rest of World,10.898954244073334,row,1,tracker_actual_2026-08-24
2026-06-11,UK,8.111789081818927,uk,1,tracker_actual_2026-08-24
2026-06-12,Canada,5.286316529391855,ca,1,tracker_actual_2026-08-24
2026-06-12,China,25.862186931993374,chn,1,tracker_actual_2026-08-24
2026-06-12,EU,9.269636670039375,eu,1,tracker_actual_2026-08-24
2026-06-12,Free-trade partners,9.43302144047934,fta,1,tracker_actual_2026-08-24
2026-06-12,Japan,13.07698391695779,jp,1,tracker_actual_2026-08-24
2026-06-12,Mexico,6.8966852112302055,mx,1,tracker_actual_2026-08-24
2026-06-12,Rest of World,10.898954244073334,row,1,tracker_actual_2026-08-24
2026-06-12,UK,8.111789081818927,uk,1,tracker_actual_2026-08-24
2026-06-13,Canada,5.286316529391855,ca,1,tracker_actual_2026-08-24
2026-06-13,China,25.862186931993374,chn,1,tracker_actual_2026-08-24
2026-06-13,EU,9.269636670039375,eu,1,tracker_actual_2026-08-24
2026-06-13,Free-trade partners,9.43302144047934,fta,1,tracker_actual_2026-08-24
2026-06-13,Japan,13.07698391695779,jp,1,tracker_actual_2026-08-24
2026-06-13,Mexico,6.8966852112302055,mx,1,tracker_actual_2026-08-24
2026-06-13,Rest of World,10.898954244073334,row,1,tracker_actual_2026-08-24
2026-06-13,UK,8.111789081818927,uk,1,tracker_actual_2026-08-24
2026-06-14,Canada,5.286316529391855,ca,1,tracker_actual_2026-08-24
2026-06-14,China,25.862186931993374,chn,1,tracker_actual_2026-08-24
2026-06-14,EU,9.269636670039375,eu,1,tracker_actual_2026-08-24
2026-06-14,Free-trade partners,9.43302144047934,fta,1,tracker_actual_2026-08-24
2026-06-14,Japan,13.07698391695779,jp,1,tracker_actual_2026-08-24
2026-06-14,Mexico,6.8966852112302055,mx,1,tracker_actual_2026-08-24
2026-06-14,Rest of World,10.898954244073334,row,1,tracker_actual_2026-08-24
2026-06-14,UK,8.111789081818927,uk,1,tracker_actual_2026-08-24
2026-06-15,Canada,5.286316529391855,ca,1,tracker_actual_2026-08-24
2026-06-15,China,25.862186931993374,chn,1,tracker_actual_2026-08-24
2026-06-15,EU,9.269636670039375,eu,1,tracker_actual_2026-08-24
2026-06-15,Free-trade partners,9.43302144047934,fta,1,tracker_actual_2026-08-24
2026-06-15,Japan,13.07698391695779,jp,1,tracker_actual_2026-08-24
2026-06-15,Mexico,6.8966852112302055,mx,1,tracker_actual_2026-08-24
2026-06-15,Rest of World,10.898954244073334,row,1,tracker_actual_2026-08-24
2026-06-15,UK,8.111789081818927,uk,1,tracker_actual_2026-08-24
2026-06-16,Canada,5.286316529391855,ca,1,tracker_actual_2026-08-24
2026-06-16,China,25.862186931993374,chn,1,tracker_actual_2026-08-24
2026-06-16,EU,9.269636670039375,eu,1,tracker_actual_2026-08-24
2026-06-16,Free-trade partners,9.43302144047934,fta,1,tracker_actual_2026-08-24
2026-06-16,Japan,13.07698391695779,jp,1,tracker_actual_2026-08-24
2026-06-16,Mexico,6.8966852112302055,mx,1,tracker_actual_2026-08-24
2026-06-16,Rest of World,10.898954244073334,row,1,tracker_actual_2026-08-24
2026-06-16,UK,8.111789081818927,uk,1,tracker_actual_2026-08-24
2026-06-17,Canada,5.286316529391855,ca,1,tracker_actual_2026-08-24
2026-06-17,China,25.862186931993374,chn,1,tracker_actual_2026-08-24
2026-06-17,EU,9.269636670039375,eu,1,tracker_actual_2026-08-24
2026-06-17,Free-trade partners,9.43302144047934,fta,1,tracker_actual_2026-08-24
2026-06-17,Japan,13.07698391695779,jp,1,tracker_actual_2026-08-24
2026-06-17,Mexico,6.8966852112302055,mx,1,tracker_actual_2026-08-24
2026-06-17,Rest of World,10.898954244073334,row,1,tracker_actual_2026-08-24
2026-06-17,UK,8.111789081818927,uk,1,tracker_actual_2026-08-24
2026-06-18,Canada,5.286316529391855,ca,1,tracker_actual_2026-08-24
2026-06-18,China,25.862186931993374,chn,1,tracker_actual_2026-08-24
2026-06-18,EU,9.269636670039375,eu,1,tracker_actual_2026-08-24
2026-06-18,Free-trade partners,9.43302144047934,fta,1,tracker_actual_2026-08-24
2026-06-18,Japan,13.07698391695779,jp,1,tracker_actual_2026-08-24
2026-06-18,Mexico,6.8966852112302055,mx,1,tracker_actual_2026-08-24
2026-06-18,Rest of World,10.898954244073334,row,1,tracker_actual_2026-08-24
2026-06-18,UK,8.111789081818927,uk,1,tracker_actual_2026-08-24
2026-06-19,Canada,5.286316529391855,ca,1,tracker_actual_2026-08-24
2026-06-19,China,25.862186931993374,chn,1,tracker_actual_2026-08-24
2026-06-19,EU,9.269636670039375,eu,1,tracker_actual_2026-08-24
2026-06-19,Free-trade partners,9.43302144047934,fta,1,tracker_actual_2026-08-24
2026-06-19,Japan,13.07698391695779,jp,1,tracker_actual_2026-08-24
2026-06-19,Mexico,6.8966852112302055,mx,1,tracker_actual_2026-08-24
2026-06-19,Rest of World,10.898954244073334,row,1,tracker_actual_2026-08-24
2026-06-19,UK,8.111789081818927,uk,1,tracker_actual_2026-08-24
2026-06-20,Canada,5.286316529391855,ca,1,tracker_actual_2026-08-24
2026-06-20,China,25.862186931993374,chn,1,tracker_actual_2026-08-24
2026-06-20,EU,9.269636670039375,eu,1,tracker_actual_2026-08-24
2026-06-20,Free-trade partners,9.43302144047934,fta,1,tracker_actual_2026-08-24
2026-06-20,Japan,13.07698391695779,jp,1,tracker_actual_2026-08-24
2026-06-20,Mexico,6.8966852112302055,mx,1,tracker_actual_2026-08-24
2026-06-20,Rest of World,10.898954244073334,row,1,tracker_actual_2026-08-24
2026-06-20,UK,8.111789081818927,uk,1,tracker_actual_2026-08-24
2026-06-21,Canada,5.286316529391855,ca,1,tracker_actual_2026-08-24
2026-06-21,China,25.862186931993374,chn,1,tracker_actual_2026-08-24
2026-06-21,EU,9.269636670039375,eu,1,tracker_actual_2026-08-24
2026-06-21,Free-trade partners,9.43302144047934,fta,1,tracker_actual_2026-08-24
2026-06-21,Japan,13.07698391695779,jp,1,tracker_actual_2026-08-24
2026-06-21,Mexico,6.8966852112302055,mx,1,tracker_actual_2026-08-24
2026-06-21,Rest of World,10.898954244073334,row,1,tracker_actual_2026-08-24
2026-06-21,UK,8.111789081818927,uk,1,tracker_actual_2026-08-24
2026-06-22,Canada,5.286316529391855,ca,1,tracker_actual_2026-08-24
2026-06-22,China,25.862186931993374,chn,1,tracker_actual_2026-08-24
2026-06-22,EU,9.269636670039375,eu,1,tracker_actual_2026-08-24
2026-06-22,Free-trade partners,9.43302144047934,fta,1,tracker_actual_2026-08-24
2026-06-22,Japan,13.07698391695779,jp,1,tracker_actual_2026-08-24
2026-06-22,Mexico,6.8966852112302055,mx,1,tracker_actual_2026-08-24
2026-06-22,Rest of World,10.898954244073334,row,1,tracker_actual_2026-08-24
2026-06-22,UK,8.111789081818927,uk,1,tracker_actual_2026-08-24
2026-06-23,Canada,5.286316529391855,ca,1,tracker_actual_2026-08-24
2026-06-23,China,25.862186931993374,chn,1,tracker_actual_2026-08-24
2026-06-23,EU,9.269636670039375,eu,1,tracker_actual_2026-08-24
2026-06-23,Free-trade partners,9.43302144047934,fta,1,tracker_actual_2026-08-24
2026-06-23,Japan,13.07698391695779,jp,1,tracker_actual_2026-08-24
2026-06-23,Mexico,6.8966852112302055,mx,1,tracker_actual_2026-08-24
2026-06-23,Rest of World,10.898954244073334,row,1,tracker_actual_2026-08-24
2026-06-23,UK,8.111789081818927,uk,1,tracker_actual_2026-08-24
2026-06-24,Canada,5.286316529391855,ca,1,tracker_actual_2026-08-24
2026-06-24,China,25.862186931993374,chn,1,tracker_actual_2026-08-24
2026-06-24,EU,9.269636670039375,eu,1,tracker_actual_2026-08-24
2026-06-24,Free-trade partners,9.43302144047934,fta,1,tracker_actual_2026-08-24
2026-06-24,Japan,13.07698391695779,jp,1,tracker_actual_2026-08-24
2026-06-24,Mexico,6.8966852112302055,mx,1,tracker_actual_2026-08-24
2026-06-24,Rest of World,10.898954244073334,row,1,tracker_actual_2026-08-24
2026-06-24,UK,8.111789081818927,uk,1,tracker_actual_2026-08-24
2026-06-25,Canada,5.286316529391855,ca,1,tracker_actual_2026-08-24
2026-06-25,China,25.862186931993374,chn,1,tracker_actual_2026-08-24
2026-06-25,EU,9.269636670039375,eu,1,tracker_actual_2026-08-24
2026-06-25,Free-trade partners,9.43302144047934,fta,1,tracker_actual_2026-08-24
2026-06-25,Japan,13.07698391695779,jp,1,tracker_actual_2026-08-24
2026-06-25,Mexico,6.8966852112302055,mx,1,tracker_actual_2026-08-24
2026-06-25,Rest of World,10.898954244073334,row,1,tracker_actual_2026-08-24
2026-06-25,UK,8.111789081818927,uk,1,tracker_actual_2026-08-24
2026-06-26,Canada,5.286316529391855,ca,1,tracker_actual_2026-08-24
2026-06-26,China,25.862186931993374,chn,1,tracker_actual_2026-08-24
2026-06-26,EU,9.269636670039375,eu,1,tracker_actual_2026-08-24
2026-06-26,Free-trade partners,9.43302144047934,fta,1,tracker_actual_2026-08-24
2026-06-26,Japan,13.07698391695779,jp,1,tracker_actual_2026-08-24
2026-06-26,Mexico,6.8966852112302055,mx,1,tracker_actual_2026-08-24
2026-06-26,Rest of World,10.898954244073334,row,1,tracker_actual_2026-08-24
2026-06-26,UK,8.111789081818927,uk,1,tracker_actual_2026-08-24
2026-06-27,Canada,5.286316529391855,ca,1,tracker_actual_2026-08-24
2026-06-27,China,25.862186931993374,chn,1,tracker_actual_2026-08-24
2026-06-27,EU,9.269636670039375,eu,1,tracker_actual_2026-08-24
2026-06-27,Free-trade partners,9.43302144047934,fta,1,tracker_actual_2026-08-24
2026-06-27,Japan,13.07698391695779,jp,1,tracker_actual_2026-08-24
2026-06-27,Mexico,6.8966852112302055,mx,1,tracker_actual_2026-08-24
2026-06-27,Rest of World,10.898954244073334,row,1,tracker_actual_2026-08-24
2026-06-27,UK,8.111789081818927,uk,1,tracker_actual_2026-08-24
2026-06-28,Canada,5.286316529391855,ca,1,tracker_actual_2026-08-24
2026-06-28,China,25.862186931993374,chn,1,tracker_actual_2026-08-24
2026-06-28,EU,9.269636670039375,eu,1,tracker_actual_2026-08-24
2026-06-28,Free-trade partners,9.43302144047934,fta,1,tracker_actual_2026-08-24
2026-06-28,Japan,13.07698391695779,jp,1,tracker_actual_2026-08-24
2026-06-28,Mexico,6.8966852112302055,mx,1,tracker_actual_2026-08-24
2026-06-28,Rest of World,10.898954244073334,row,1,tracker_actual_2026-08-24
2026-06-28,UK,8.111789081818927,uk,1,tracker_actual_2026-08-24
2026-06-29,Canada,5.286316529391855,ca,1,tracker_actual_2026-08-24
2026-06-29,China,25.862186931993374,chn,1,tracker_actual_2026-08-24
2026-06-29,EU,9.269636670039375,eu,1,tracker_actual_2026-08-24
2026-06-29,Free-trade partners,9.43302144047934,fta,1,tracker_actual_2026-08-24
2026-06-29,Japan,13.07698391695779,jp,1,tracker_actual_2026-08-24
2026-06-29,Mexico,6.8966852112302055,mx,1,tracker_actual_2026-08-24
2026-06-29,Rest of World,10.898954244073334,row,1,tracker_actual_2026-08-24
2026-06-29,UK,8.111789081818927,uk,1,tracker_actual_2026-08-24
2026-06-30,Canada,5.286316529391855,ca,1,tracker_actual_2026-08-24
2026-06-30,China,25.862186931993374,chn,1,tracker_actual_2026-08-24
2026-06-30,EU,9.269636670039375,eu,1,tracker_actual_2026-08-24
2026-06-30,Free-trade partners,9.43302144047934,fta,1,tracker_actual_2026-08-24
2026-06-30,Japan,13.07698391695779,jp,1,tracker_actual_2026-08-24
2026-06-30,Mexico,6.8966852112302055,mx,1,tracker_actual_2026-08-24
2026-06-30,Rest of World,10.898954244073334,row,1,tracker_actual_2026-08-24
2026-06-30,UK,8.111789081818927,uk,1,tracker_actual_2026-08-24
2026-07-01,Canada,5.287547828731678,ca,1,tracker_actual_2026-08-24
2026-07-01,China,25.908478023223957,chn,1,tracker_actual_2026-08-24
2026-07-01,EU,9.279866912643577,eu,1,tracker_actual_2026-08-24
2026-07-01,Free-trade partners,9.442148498137321,fta,1,tracker_actual_2026-08-24
2026-07-01,Japan,13.088592521572348,jp,1,tracker_actual_2026-08-24
2026-07-01,Mexico,6.8985768579342706,mx,1,tracker_actual_2026-08-24
2026-07-01,Rest of World,10.916021175876448,row,1,tracker_actual_2026-08-24
2026-07-01,UK,8.131865467740134,uk,1,tracker_actual_2026-08-24
2026-07-02,Canada,5.287547828731678,ca,1,tracker_actual_2026-08-24
2026-07-02,China,25.908478023223957,chn,1,tracker_actual_2026-08-24
2026-07-02,EU,9.279866912643577,eu,1,tracker_actual_2026-08-24
2026-07-02,Free-trade partners,9.442148498137321,fta,1,tracker_actual_2026-08-24
2026-07-02,Japan,13.088592521572348,jp,1,tracker_actual_2026-08-24
2026-07-02,Mexico,6.8985768579342706,mx,1,tracker_actual_2026-08-24
2026-07-02,Rest of World,10.916021175876448,row,1,tracker_actual_2026-08-24
2026-07-02,UK,8.131865467740134,uk,1,tracker_actual_2026-08-24
2026-07-03,Canada,5.287547828731678,ca,1,tracker_actual_2026-08-24
2026-07-03,China,25.908478023223957,chn,1,tracker_actual_2026-08-24
2026-07-03,EU,9.279866912643577,eu,1,tracker_actual_2026-08-24
2026-07-03,Free-trade partners,9.442148498137321,fta,1,tracker_actual_2026-08-24
2026-07-03,Japan,13.088592521572348,jp,1,tracker_actual_2026-08-24
2026-07-03,Mexico,6.8985768579342706,mx,1,tracker_actual_2026-08-24
2026-07-03,Rest of World,10.916021175876448,row,1,tracker_actual_2026-08-24
2026-07-03,UK,8.131865467740134,uk,1,tracker_actual_2026-08-24
2026-07-04,Canada,5.287547828731678,ca,1,tracker_actual_2026-08-24
2026-07-04,China,25.908478023223957,chn,1,tracker_actual_2026-08-24
2026-07-04,EU,9.279866912643577,eu,1,tracker_actual_2026-08-24
2026-07-04,Free-trade partners,9.442148498137321,fta,1,tracker_actual_2026-08-24
2026-07-04,Japan,13.088592521572348,jp,1,tracker_actual_2026-08-24
2026-07-04,Mexico,6.8985768579342706,mx,1,tracker_actual_2026-08-24
2026-07-04,Rest of World,10.916021175876448,row,1,tracker_actual_2026-08-24
2026-07-04,UK,8.131865467740134,uk,1,tracker_actual_2026-08-24
2026-07-05,Canada,5.287547828731678,ca,1,tracker_actual_2026-08-24
2026-07-05,China,25.908478023223957,chn,1,tracker_actual_2026-08-24
2026-07-05,EU,9.279866912643577,eu,1,tracker_actual_2026-08-24
2026-07-05,Free-trade partners,9.442148498137321,fta,1,tracker_actual_2026-08-24
2026-07-05,Japan,13.088592521572348,jp,1,tracker_actual_2026-08-24
2026-07-05,Mexico,6.8985768579342706,mx,1,tracker_actual_2026-08-24
2026-07-05,Rest of World,10.916021175876448,row,1,tracker_actual_2026-08-24
2026-07-05,UK,8.131865467740134,uk,1,tracker_actual_2026-08-24
2026-07-06,Canada,5.287547828731678,ca,1,tracker_actual_2026-08-24
2026-07-06,China,25.908478023223957,chn,1,tracker_actual_2026-08-24
2026-07-06,EU,9.279866912643577,eu,1,tracker_actual_2026-08-24
2026-07-06,Free-trade partners,9.442148498137321,fta,1,tracker_actual_2026-08-24
2026-07-06,Japan,13.088592521572348,jp,1,tracker_actual_2026-08-24
2026-07-06,Mexico,6.8985768579342706,mx,1,tracker_actual_2026-08-24
2026-07-06,Rest of World,10.916021175876448,row,1,tracker_actual_2026-08-24
2026-07-06,UK,8.131865467740134,uk,1,tracker_actual_2026-08-24
2026-07-07,Canada,5.287547828731678,ca,1,tracker_actual_2026-08-24
2026-07-07,China,25.908478023223957,chn,1,tracker_actual_2026-08-24
2026-07-07,EU,9.279866912643577,eu,1,tracker_actual_2026-08-24
2026-07-07,Free-trade partners,9.442148498137321,fta,1,tracker_actual_2026-08-24
2026-07-07,Japan,13.088592521572348,jp,1,tracker_actual_2026-08-24
2026-07-07,Mexico,6.8985768579342706,mx,1,tracker_actual_2026-08-24
2026-07-07,Rest of World,10.916021175876448,row,1,tracker_actual_2026-08-24
2026-07-07,UK,8.131865467740134,uk,1,tracker_actual_2026-08-24
2026-07-08,Canada,5.287547828731678,ca,1,tracker_actual_2026-08-24
2026-07-08,China,25.908478023223957,chn,1,tracker_actual_2026-08-24
2026-07-08,EU,9.279866912643577,eu,1,tracker_actual_2026-08-24
2026-07-08,Free-trade partners,9.442148498137321,fta,1,tracker_actual_2026-08-24
2026-07-08,Japan,13.088592521572348,jp,1,tracker_actual_2026-08-24
2026-07-08,Mexico,6.8985768579342706,mx,1,tracker_actual_2026-08-24
2026-07-08,Rest of World,10.916021175876448,row,1,tracker_actual_2026-08-24
2026-07-08,UK,8.131865467740134,uk,1,tracker_actual_2026-08-24
2026-07-09,Canada,5.287547828731678,ca,1,tracker_actual_2026-08-24
2026-07-09,China,25.908478023223957,chn,1,tracker_actual_2026-08-24
2026-07-09,EU,9.279866912643577,eu,1,tracker_actual_2026-08-24
2026-07-09,Free-trade partners,9.442148498137321,fta,1,tracker_actual_2026-08-24
2026-07-09,Japan,13.088592521572348,jp,1,tracker_actual_2026-08-24
2026-07-09,Mexico,6.8985768579342706,mx,1,tracker_actual_2026-08-24
2026-07-09,Rest of World,10.916021175876448,row,1,tracker_actual_2026-08-24
2026-07-09,UK,8.131865467740134,uk,1,tracker_actual_2026-08-24
2026-07-10,Canada,5.287547828731678,ca,1,tracker_actual_2026-08-24
2026-07-10,China,25.908478023223957,chn,1,tracker_actual_2026-08-24
2026-07-10,EU,9.279866912643577,eu,1,tracker_actual_2026-08-24
2026-07-10,Free-trade partners,9.442148498137321,fta,1,tracker_actual_2026-08-24
2026-07-10,Japan,13.088592521572348,jp,1,tracker_actual_2026-08-24
2026-07-10,Mexico,6.8985768579342706,mx,1,tracker_actual_2026-08-24
2026-07-10,Rest of World,10.916021175876448,row,1,tracker_actual_2026-08-24
2026-07-10,UK,8.131865467740134,uk,1,tracker_actual_2026-08-24
2026-07-11,Canada,5.287547828731678,ca,1,tracker_actual_2026-08-24
2026-07-11,China,25.908478023223957,chn,1,tracker_actual_2026-08-24
2026-07-11,EU,9.279866912643577,eu,1,tracker_actual_2026-08-24
2026-07-11,Free-trade partners,9.442148498137321,fta,1,tracker_actual_2026-08-24
2026-07-11,Japan,13.088592521572348,jp,1,tracker_actual_2026-08-24
2026-07-11,Mexico,6.8985768579342706,mx,1,tracker_actual_2026-08-24
2026-07-11,Rest of World,10.916021175876448,row,1,tracker_actual_2026-08-24
2026-07-11,UK,8.131865467740134,uk,1,tracker_actual_2026-08-24
2026-07-12,Canada,5.287547828731678,ca,1,tracker_actual_2026-08-24
2026-07-12,China,25.908478023223957,chn,1,tracker_actual_2026-08-24
2026-07-12,EU,9.279866912643577,eu,1,tracker_actual_2026-08-24
2026-07-12,Free-trade partners,9.442148498137321,fta,1,tracker_actual_2026-08-24
2026-07-12,Japan,13.088592521572348,jp,1,tracker_actual_2026-08-24
2026-07-12,Mexico,6.8985768579342706,mx,1,tracker_actual_2026-08-24
2026-07-12,Rest of World,10.916021175876448,row,1,tracker_actual_2026-08-24
2026-07-12,UK,8.131865467740134,uk,1,tracker_actual_2026-08-24
2026-07-13,Canada,5.287547828731678,ca,1,tracker_actual_2026-08-24
2026-07-13,China,25.908478023223957,chn,1,tracker_actual_2026-08-24
2026-07-13,EU,9.279866912643577,eu,1,tracker_actual_2026-08-24
2026-07-13,Free-trade partners,9.442148498137321,fta,1,tracker_actual_2026-08-24
2026-07-13,Japan,13.088592521572348,jp,1,tracker_actual_2026-08-24
2026-07-13,Mexico,6.8985768579342706,mx,1,tracker_actual_2026-08-24
2026-07-13,Rest of World,10.916021175876448,row,1,tracker_actual_2026-08-24
2026-07-13,UK,8.131865467740134,uk,1,tracker_actual_2026-08-24
2026-07-14,Canada,5.287547828731678,ca,1,tracker_actual_2026-08-24
2026-07-14,China,25.908478023223957,chn,1,tracker_actual_2026-08-24
2026-07-14,EU,9.279866912643577,eu,1,tracker_actual_2026-08-24
2026-07-14,Free-trade partners,9.442148498137321,fta,1,tracker_actual_2026-08-24
2026-07-14,Japan,13.088592521572348,jp,1,tracker_actual_2026-08-24
2026-07-14,Mexico,6.8985768579342706,mx,1,tracker_actual_2026-08-24
2026-07-14,Rest of World,10.916021175876448,row,1,tracker_actual_2026-08-24
2026-07-14,UK,8.131865467740134,uk,1,tracker_actual_2026-08-24
2026-07-15,Canada,5.287547828731678,ca,1,tracker_actual_2026-08-24
2026-07-15,China,25.908478023223957,chn,1,tracker_actual_2026-08-24
2026-07-15,EU,9.279866912643577,eu,1,tracker_actual_2026-08-24
2026-07-15,Free-trade partners,9.442148498137321,fta,1,tracker_actual_2026-08-24
2026-07-15,Japan,13.088592521572348,jp,1,tracker_actual_2026-08-24
2026-07-15,Mexico,6.8985768579342706,mx,1,tracker_actual_2026-08-24
2026-07-15,Rest of World,10.916021175876448,row,1,tracker_actual_2026-08-24
2026-07-15,UK,8.131865467740134,uk,1,tracker_actual_2026-08-24
2026-07-16,Canada,5.287547828731678,ca,1,tracker_actual_2026-08-24
2026-07-16,China,25.908478023223957,chn,1,tracker_actual_2026-08-24
2026-07-16,EU,9.279866912643577,eu,1,tracker_actual_2026-08-24
2026-07-16,Free-trade partners,9.442148498137321,fta,1,tracker_actual_2026-08-24
2026-07-16,Japan,13.088592521572348,jp,1,tracker_actual_2026-08-24
2026-07-16,Mexico,6.8985768579342706,mx,1,tracker_actual_2026-08-24
2026-07-16,Rest of World,10.916021175876448,row,1,tracker_actual_2026-08-24
2026-07-16,UK,8.131865467740134,uk,1,tracker_actual_2026-08-24
2026-07-17,Canada,5.287547828731678,ca,1,tracker_actual_2026-08-24
2026-07-17,China,25.908478023223957,chn,1,tracker_actual_2026-08-24
2026-07-17,EU,9.279866912643577,eu,1,tracker_actual_2026-08-24
2026-07-17,Free-trade partners,9.442148498137321,fta,1,tracker_actual_2026-08-24
2026-07-17,Japan,13.088592521572348,jp,1,tracker_actual_2026-08-24
2026-07-17,Mexico,6.8985768579342706,mx,1,tracker_actual_2026-08-24
2026-07-17,Rest of World,10.916021175876448,row,1,tracker_actual_2026-08-24
2026-07-17,UK,8.131865467740134,uk,1,tracker_actual_2026-08-24
2026-07-18,Canada,5.287547828731678,ca,1,tracker_actual_2026-08-24
2026-07-18,China,25.908478023223957,chn,1,tracker_actual_2026-08-24
2026-07-18,EU,9.279866912643577,eu,1,tracker_actual_2026-08-24
2026-07-18,Free-trade partners,9.442148498137321,fta,1,tracker_actual_2026-08-24
2026-07-18,Japan,13.088592521572348,jp,1,tracker_actual_2026-08-24
2026-07-18,Mexico,6.8985768579342706,mx,1,tracker_actual_2026-08-24
2026-07-18,Rest of World,10.916021175876448,row,1,tracker_actual_2026-08-24
2026-07-18,UK,8.131865467740134,uk,1,tracker_actual_2026-08-24
2026-07-19,Canada,5.287547828731678,ca,1,tracker_actual_2026-08-24
2026-07-19,China,25.908478023223957,chn,1,tracker_actual_2026-08-24
2026-07-19,EU,9.279866912643577,eu,1,tracker_actual_2026-08-24
2026-07-19,Free-trade partners,9.442148498137321,fta,1,tracker_actual_2026-08-24
2026-07-19,Japan,13.088592521572348,jp,1,tracker_actual_2026-08-24
2026-07-19,Mexico,6.8985768579342706,mx,1,tracker_actual_2026-08-24
2026-07-19,Rest of World,10.916021175876448,row,1,tracker_actual_2026-08-24
2026-07-19,UK,8.131865467740134,uk,1,tracker_actual_2026-08-24
2026-07-20,Canada,5.287547828731678,ca,1,tracker_actual_2026-08-24
2026-07-20,China,25.908478023223957,chn,1,tracker_actual_2026-08-24
2026-07-20,EU,9.279866912643577,eu,1,tracker_actual_2026-08-24
2026-07-20,Free-trade partners,9.442148498137321,fta,1,tracker_actual_2026-08-24
2026-07-20,Japan,13.088592521572348,jp,1,tracker_actual_2026-08-24
2026-07-20,Mexico,6.8985768579342706,mx,1,tracker_actual_2026-08-24
2026-07-20,Rest of World,10.916021175876448,row,1,tracker_actual_2026-08-24
2026-07-20,UK,8.131865467740134,uk,1,tracker_actual_2026-08-24
2026-07-21,Canada,5.287547828731678,ca,1,tracker_actual_2026-08-24
2026-07-21,China,25.908478023223957,chn,1,tracker_actual_2026-08-24
2026-07-21,EU,9.279866912643577,eu,1,tracker_actual_2026-08-24
2026-07-21,Free-trade partners,9.442148498137321,fta,1,tracker_actual_2026-08-24
2026-07-21,Japan,13.088592521572348,jp,1,tracker_actual_2026-08-24
2026-07-21,Mexico,6.8985768579342706,mx,1,tracker_actual_2026-08-24
2026-07-21,Rest of World,10.916021175876448,row,1,tracker_actual_2026-08-24
2026-07-21,UK,8.131865467740134,uk,1,tracker_actual_2026-08-24
2026-07-22,Canada,5.287547828731678,ca,1,tracker_actual_2026-08-24
2026-07-22,China,25.908478023223957,chn,1,tracker_actual_2026-08-24
2026-07-22,EU,9.279866912643577,eu,1,tracker_actual_2026-08-24
2026-07-22,Free-trade partners,9.442148498137321,fta,1,tracker_actual_2026-08-24
2026-07-22,Japan,13.088592521572348,jp,1,tracker_actual_2026-08-24
2026-07-22,Mexico,6.8985768579342706,mx,1,tracker_actual_2026-08-24
2026-07-22,Rest of World,11.2158398503269,row,1,tracker_actual_2026-08-24
2026-07-22,UK,8.131865467740134,uk,1,tracker_actual_2026-08-24
2026-07-23,Canada,5.287547828731678,ca,1,tracker_actual_2026-08-24
2026-07-23,China,25.908478023223957,chn,1,tracker_actual_2026-08-24
2026-07-23,EU,9.279866912643577,eu,1,tracker_actual_2026-08-24
2026-07-23,Free-trade partners,9.442148498137321,fta,1,tracker_actual_2026-08-24
2026-07-23,Japan,13.088592521572348,jp,1,tracker_actual_2026-08-24
2026-07-23,Mexico,6.8985768579342706,mx,1,tracker_actual_2026-08-24
2026-07-23,Rest of World,11.2158398503269,row,1,tracker_actual_2026-08-24
2026-07-23,UK,8.131865467740134,uk,1,tracker_actual_2026-08-24
2026-07-24,Canada,5.267403185384271,ca,1,tracker_actual_2026-08-24
2026-07-24,China,26.520549328450738,chn,1,tracker_actual_2026-08-24
2026-07-24,EU,7.916033118063899,eu,1,tracker_actual_2026-08-24
2026-07-24,Free-trade partners,9.302631351512725,fta,1,tracker_actual_2026-08-24
2026-07-24,Japan,12.943671914473642,jp,1,tracker_actual_2026-08-24
2026-07-24,Mexico,6.845835828457446,mx,1,tracker_actual_2026-08-24
2026-07-24,Rest of World,10.943891745335947,row,1,tracker_actual_2026-08-24
2026-07-24,UK,7.060834026029957,uk,1,tracker_actual_2026-08-24
2026-07-25,Canada,5.267403185384271,ca,1,tracker_actual_2026-08-24
2026-07-25,China,26.520549328450738,chn,1,tracker_actual_2026-08-24
2026-07-25,EU,7.916033118063899,eu,1,tracker_actual_2026-08-24
2026-07-25,Free-trade partners,9.302631351512725,fta,1,tracker_actual_2026-08-24
2026-07-25,Japan,12.943671914473642,jp,1,tracker_actual_2026-08-24
2026-07-25,Mexico,6.845835828457446,mx,1,tracker_actual_2026-08-24
2026-07-25,Rest of World,10.943891745335947,row,1,tracker_actual_2026-08-24
2026-07-25,UK,7.060834026029957,uk,1,tracker_actual_2026-08-24
2026-07-26,Canada,5.267403185384271,ca,1,tracker_actual_2026-08-24
2026-07-26,China,26.520549328450738,chn,1,tracker_actual_2026-08-24
2026-07-26,EU,7.916033118063899,eu,1,tracker_actual_2026-08-24
2026-07-26,Free-trade partners,9.302631351512725,fta,1,tracker_actual_2026-08-24
2026-07-26,Japan,12.943671914473642,jp,1,tracker_actual_2026-08-24
2026-07-26,Mexico,6.845835828457446,mx,1,tracker_actual_2026-08-24
2026-07-26,Rest of World,10.943891745335947,row,1,tracker_actual_2026-08-24
2026-07-26,UK,7.060834026029957,uk,1,tracker_actual_2026-08-24
2026-07-27,Canada,5.267403185384271,ca,1,tracker_actual_2026-08-24
2026-07-27,China,26.520549328450738,chn,1,tracker_actual_2026-08-24
2026-07-27,EU,7.916033118063899,eu,1,tracker_actual_2026-08-24
2026-07-27,Free-trade partners,9.302631351512725,fta,1,tracker_actual_2026-08-24
2026-07-27,Japan,12.943671914473642,jp,1,tracker_actual_2026-08-24
2026-07-27,Mexico,6.845835828457446,mx,1,tracker_actual_2026-08-24
2026-07-27,Rest of World,10.943891745335947,row,1,tracker_actual_2026-08-24
2026-07-27,UK,7.060834026029957,uk,1,tracker_actual_2026-08-24
2026-07-28,Canada,5.267403185384271,ca,1,tracker_actual_2026-08-24
2026-07-28,China,26.520549328450738,chn,1,tracker_actual_2026-08-24
2026-07-28,EU,7.916033118063899,eu,1,tracker_actual_2026-08-24
2026-07-28,Free-trade partners,9.302631351512725,fta,1,tracker_actual_2026-08-24
2026-07-28,Japan,12.943671914473642,jp,1,tracker_actual_2026-08-24
2026-07-28,Mexico,6.845835828457446,mx,1,tracker_actual_2026-08-24
2026-07-28,Rest of World,10.943891745335947,row,1,tracker_actual_2026-08-24
2026-07-28,UK,7.060834026029957,uk,1,tracker_actual_2026-08-24
2026-07-29,Canada,5.267403185384271,ca,1,tracker_actual_2026-08-24
2026-07-29,China,26.520549328450738,chn,1,tracker_actual_2026-08-24
2026-07-29,EU,7.916033118063899,eu,1,tracker_actual_2026-08-24
2026-07-29,Free-trade partners,9.302631351512725,fta,1,tracker_actual_2026-08-24
2026-07-29,Japan,12.943671914473642,jp,1,tracker_actual_2026-08-24
2026-07-29,Mexico,6.845835828457446,mx,1,tracker_actual_2026-08-24
2026-07-29,Rest of World,10.943891745335947,row,1,tracker_actual_2026-08-24
2026-07-29,UK,7.060834026029957,uk,1,tracker_actual_2026-08-24
2026-07-30,Canada,5.267403185384271,ca,1,tracker_actual_2026-08-24
2026-07-30,China,26.520549328450738,chn,1,tracker_actual_2026-08-24
2026-07-30,EU,7.916033118063899,eu,1,tracker_actual_2026-08-24
2026-07-30,Free-trade partners,9.302631351512725,fta,1,tracker_actual_2026-08-24
2026-07-30,Japan,12.943671914473642,jp,1,tracker_actual_2026-08-24
2026-07-30,Mexico,6.845835828457446,mx,1,tracker_actual_2026-08-24
2026-07-30,Rest of World,10.943891745335947,row,1,tracker_actual_2026-08-24
2026-07-30,UK,7.060834026029957,uk,1,tracker_actual_2026-08-24
2026-07-31,Canada,5.267296618958872,ca,1,tracker_actual_2026-08-24
2026-07-31,China,26.512779664891777,chn,1,tracker_actual_2026-08-24
2026-07-31,EU,7.906411075941583,eu,1,tracker_actual_2026-08-24
2026-07-31,Free-trade partners,9.27708897669308,fta,1,tracker_actual_2026-08-24
2026-07-31,Japan,12.942568380499939,jp,1,tracker_actual_2026-08-24
2026-07-31,Mexico,6.84581107629548,mx,1,tracker_actual_2026-08-24
2026-07-31,Rest of World,10.940317693318558,row,1,tracker_actual_2026-08-24
2026-07-31,UK,7.057326074191231,uk,1,tracker_actual_2026-08-24
2026-08-01,Canada,5.267296618958872,ca,1,tracker_actual_2026-08-24
2026-08-01,China,26.512779664891777,chn,1,tracker_actual_2026-08-24
2026-08-01,EU,7.906411075941583,eu,1,tracker_actual_2026-08-24
2026-08-01,Free-trade partners,9.27708897669308,fta,1,tracker_actual_2026-08-24
2026-08-01,Japan,12.942568380499939,jp,1,tracker_actual_2026-08-24
2026-08-01,Mexico,6.84581107629548,mx,1,tracker_actual_2026-08-24
2026-08-01,Rest of World,10.940317693318558,row,1,tracker_actual_2026-08-24
2026-08-01,UK,7.057326074191231,uk,1,tracker_actual_2026-08-24
2026-08-02,Canada,5.267296618958872,ca,1,tracker_actual_2026-08-24
2026-08-02,China,26.512779664891777,chn,1,tracker_actual_2026-08-24
2026-08-02,EU,7.906411075941583,eu,1,tracker_actual_2026-08-24
2026-08-02,Free-trade partners,9.27708897669308,fta,1,tracker_actual_2026-08-24
2026-08-02,Japan,12.942568380499939,jp,1,tracker_actual_2026-08-24
2026-08-02,Mexico,6.84581107629548,mx,1,tracker_actual_2026-08-24
2026-08-02,Rest of World,10.940317693318558,row,1,tracker_actual_2026-08-24
2026-08-02,UK,7.057326074191231,uk,1,tracker_actual_2026-08-24
2026-08-03,Canada,5.267296618958872,ca,1,tracker_actual_2026-08-24
2026-08-03,China,26.512779664891777,chn,1,tracker_actual_2026-08-24
2026-08-03,EU,7.906411075941583,eu,1,tracker_actual_2026-08-24
2026-08-03,Free-trade partners,9.27708897669308,fta,1,tracker_actual_2026-08-24
2026-08-03,Japan,12.942568380499939,jp,1,tracker_actual_2026-08-24
2026-08-03,Mexico,6.84581107629548,mx,1,tracker_actual_2026-08-24
2026-08-03,Rest of World,10.940317693318558,row,1,tracker_actual_2026-08-24
2026-08-03,UK,7.057326074191231,uk,1,tracker_actual_2026-08-24
2026-08-04,Canada,5.267296618958872,ca,1,tracker_actual_2026-08-24
2026-08-04,China,26.512779664891777,chn,1,tracker_actual_2026-08-24
2026-08-04,EU,7.906411075941583,eu,1,tracker_actual_2026-08-24
2026-08-04,Free-trade partners,9.27708897669308,fta,1,tracker_actual_2026-08-24
2026-08-04,Japan,12.942568380499939,jp,1,tracker_actual_2026-08-24
2026-08-04,Mexico,6.84581107629548,mx,1,tracker_actual_2026-08-24
2026-08-04,Rest of World,10.940317693318558,row,1,tracker_actual_2026-08-24
2026-08-04,UK,7.057326074191231,uk,1,tracker_actual_2026-08-24
2026-08-05,Canada,5.267296618958872,ca,1,tracker_actual_2026-08-24
2026-08-05,China,26.512779664891777,chn,1,tracker_actual_2026-08-24
2026-08-05,EU,7.906411075941583,eu,1,tracker_actual_2026-08-24
2026-08-05,Free-trade partners,9.27708897669308,fta,1,tracker_actual_2026-08-24
2026-08-05,Japan,12.942568380499939,jp,1,tracker_actual_2026-08-24
2026-08-05,Mexico,6.84581107629548,mx,1,tracker_actual_2026-08-24
2026-08-05,Rest of World,10.940317693318558,row,1,tracker_actual_2026-08-24
2026-08-05,UK,7.057326074191231,uk,1,tracker_actual_2026-08-24
2026-08-06,Canada,5.267296618958872,ca,1,tracker_actual_2026-08-24
2026-08-06,China,26.512779664891777,chn,1,tracker_actual_2026-08-24
2026-08-06,EU,7.906411075941583,eu,1,tracker_actual_2026-08-24
2026-08-06,Free-trade partners,9.27708897669308,fta,1,tracker_actual_2026-08-24
2026-08-06,Japan,12.942568380499939,jp,1,tracker_actual_2026-08-24
2026-08-06,Mexico,6.84581107629548,mx,1,tracker_actual_2026-08-24
2026-08-06,Rest of World,10.940317693318558,row,1,tracker_actual_2026-08-24
2026-08-06,UK,7.057326074191231,uk,1,tracker_actual_2026-08-24
2026-08-07,Canada,5.267296618958872,ca,1,tracker_actual_2026-08-24
2026-08-07,China,26.512779664891777,chn,1,tracker_actual_2026-08-24
2026-08-07,EU,7.906411075941583,eu,1,tracker_actual_2026-08-24
2026-08-07,Free-trade partners,9.27708897669308,fta,1,tracker_actual_2026-08-24
2026-08-07,Japan,12.942568380499939,jp,1,tracker_actual_2026-08-24
2026-08-07,Mexico,6.84581107629548,mx,1,tracker_actual_2026-08-24
2026-08-07,Rest of World,10.940317693318558,row,1,tracker_actual_2026-08-24
2026-08-07,UK,7.057326074191231,uk,1,tracker_actual_2026-08-24
2026-08-08,Canada,5.267296618958872,ca,1,tracker_actual_2026-08-24
2026-08-08,China,26.512779664891777,chn,1,tracker_actual_2026-08-24
2026-08-08,EU,7.906411075941583,eu,1,tracker_actual_2026-08-24
2026-08-08,Free-trade partners,9.27708897669308,fta,1,tracker_actual_2026-08-24
2026-08-08,Japan,12.942568380499939,jp,1,tracker_actual_2026-08-24
2026-08-08,Mexico,6.84581107629548,mx,1,tracker_actual_2026-08-24
2026-08-08,Rest of World,10.940317693318558,row,1,tracker_actual_2026-08-24
2026-08-08,UK,7.057326074191231,uk,1,tracker_actual_2026-08-24
2026-08-09,Canada,5.267296618958872,ca,1,tracker_actual_2026-08-24
2026-08-09,China,26.512779664891777,chn,1,tracker_actual_2026-08-24
2026-08-09,EU,7.906411075941583,eu,1,tracker_actual_2026-08-24
2026-08-09,Free-trade partners,9.27708897669308,fta,1,tracker_actual_2026-08-24
2026-08-09,Japan,12.942568380499939,jp,1,tracker_actual_2026-08-24
2026-08-09,Mexico,6.84581107629548,mx,1,tracker_actual_2026-08-24
2026-08-09,Rest of World,10.940317693318558,row,1,tracker_actual_2026-08-24
2026-08-09,UK,7.057326074191231,uk,1,tracker_actual_2026-08-24
2026-08-10,Canada,5.267296618958872,ca,1,tracker_actual_2026-08-24
2026-08-10,China,26.512779664891777,chn,1,tracker_actual_2026-08-24
2026-08-10,EU,7.906411075941583,eu,1,tracker_actual_2026-08-24
2026-08-10,Free-trade partners,9.27708897669308,fta,1,tracker_actual_2026-08-24
2026-08-10,Japan,12.942568380499939,jp,1,tracker_actual_2026-08-24
2026-08-10,Mexico,6.84581107629548,mx,1,tracker_actual_2026-08-24
2026-08-10,Rest of World,10.940317693318558,row,1,tracker_actual_2026-08-24
2026-08-10,UK,7.057326074191231,uk,1,tracker_actual_2026-08-24
2026-08-11,Canada,5.267296618958872,ca,1,tracker_actual_2026-08-24
2026-08-11,China,26.512779664891777,chn,1,tracker_actual_2026-08-24
2026-08-11,EU,7.906411075941583,eu,1,tracker_actual_2026-08-24
2026-08-11,Free-trade partners,9.27708897669308,fta,1,tracker_actual_2026-08-24
2026-08-11,Japan,12.942568380499939,jp,1,tracker_actual_2026-08-24
2026-08-11,Mexico,6.84581107629548,mx,1,tracker_actual_2026-08-24
2026-08-11,Rest of World,10.940317693318558,row,1,tracker_actual_2026-08-24
2026-08-11,UK,7.057326074191231,uk,1,tracker_actual_2026-08-24
2026-08-12,Canada,5.267296618958872,ca,1,tracker_actual_2026-08-24
2026-08-12,China,26.512779664891777,chn,1,tracker_actual_2026-08-24
2026-08-12,EU,7.906411075941583,eu,1,tracker_actual_2026-08-24
2026-08-12,Free-trade partners,9.27708897669308,fta,1,tracker_actual_2026-08-24
2026-08-12,Japan,12.942568380499939,jp,1,tracker_actual_2026-08-24
2026-08-12,Mexico,6.84581107629548,mx,1,tracker_actual_2026-08-24
2026-08-12,Rest of World,10.940317693318558,row,1,tracker_actual_2026-08-24
2026-08-12,UK,7.057326074191231,uk,1,tracker_actual_2026-08-24
2026-08-13,Canada,5.267296618958872,ca,1,tracker_actual_2026-08-24
2026-08-13,China,26.512779664891777,chn,1,tracker_actual_2026-08-24
2026-08-13,EU,7.906411075941583,eu,1,tracker_actual_2026-08-24
2026-08-13,Free-trade partners,9.27708897669308,fta,1,tracker_actual_2026-08-24
2026-08-13,Japan,12.942568380499939,jp,1,tracker_actual_2026-08-24
2026-08-13,Mexico,6.84581107629548,mx,1,tracker_actual_2026-08-24
2026-08-13,Rest of World,10.940317693318558,row,1,tracker_actual_2026-08-24
2026-08-13,UK,7.057326074191231,uk,1,tracker_actual_2026-08-24
2026-08-14,Canada,5.267296618958872,ca,1,tracker_actual_2026-08-24
2026-08-14,China,26.512779664891777,chn,1,tracker_actual_2026-08-24
2026-08-14,EU,7.906411075941583,eu,1,tracker_actual_2026-08-24
2026-08-14,Free-trade partners,9.27708897669308,fta,1,tracker_actual_2026-08-24
2026-08-14,Japan,12.942568380499939,jp,1,tracker_actual_2026-08-24
2026-08-14,Mexico,6.84581107629548,mx,1,tracker_actual_2026-08-24
2026-08-14,Rest of World,10.940317693318558,row,1,tracker_actual_2026-08-24
2026-08-14,UK,7.057326074191231,uk,1,tracker_actual_2026-08-24
2026-08-15,Canada,5.267296618958872,ca,1,tracker_actual_2026-08-24
2026-08-15,China,26.512779664891777,chn,1,tracker_actual_2026-08-24
2026-08-15,EU,7.906411075941583,eu,1,tracker_actual_2026-08-24
2026-08-15,Free-trade partners,9.27708897669308,fta,1,tracker_actual_2026-08-24
2026-08-15,Japan,12.942568380499939,jp,1,tracker_actual_2026-08-24
2026-08-15,Mexico,6.84581107629548,mx,1,tracker_actual_2026-08-24
2026-08-15,Rest of World,10.940317693318558,row,1,tracker_actual_2026-08-24
2026-08-15,UK,7.057326074191231,uk,1,tracker_actual_2026-08-24
2026-08-16,Canada,5.267296618958872,ca,1,tracker_actual_2026-08-24
2026-08-16,China,26.512779664891777,chn,1,tracker_actual_2026-08-24
2026-08-16,EU,7.906411075941583,eu,1,tracker_actual_2026-08-24
2026-08-16,Free-trade partners,9.27708897669308,fta,1,tracker_actual_2026-08-24
2026-08-16,Japan,12.942568380499939,jp,1,tracker_actual_2026-08-24
2026-08-16,Mexico,6.84581107629548,mx,1,tracker_actual_2026-08-24
2026-08-16,Rest of World,10.940317693318558,row,1,tracker_actual_2026-08-24
2026-08-16,UK,7.057326074191231,uk,1,tracker_actual_2026-08-24
2026-08-17,Canada,5.267296618958872,ca,1,tracker_actual_2026-08-24
2026-08-17,China,26.512779664891777,chn,1,tracker_actual_2026-08-24
2026-08-17,EU,7.906411075941583,eu,1,tracker_actual_2026-08-24
2026-08-17,Free-trade partners,9.27708897669308,fta,1,tracker_actual_2026-08-24
2026-08-17,Japan,12.942568380499939,jp,1,tracker_actual_2026-08-24
2026-08-17,Mexico,6.84581107629548,mx,1,tracker_actual_2026-08-24
2026-08-17,Rest of World,10.940317693318558,row,1,tracker_actual_2026-08-24
2026-08-17,UK,7.057326074191231,uk,1,tracker_actual_2026-08-24
2026-08-18,Canada,5.267296618958872,ca,1,tracker_actual_2026-08-24
2026-08-18,China,26.512779664891777,chn,1,tracker_actual_2026-08-24
2026-08-18,EU,7.906411075941583,eu,1,tracker_actual_2026-08-24
2026-08-18,Free-trade partners,9.27708897669308,fta,1,tracker_actual_2026-08-24
2026-08-18,Japan,12.942568380499939,jp,1,tracker_actual_2026-08-24
2026-08-18,Mexico,6.84581107629548,mx,1,tracker_actual_2026-08-24
2026-08-18,Rest of World,10.940317693318558,row,1,tracker_actual_2026-08-24
2026-08-18,UK,7.057326074191231,uk,1,tracker_actual_2026-08-24
2026-08-19,Canada,5.267296618958872,ca,1,tracker_actual_2026-08-24
2026-08-19,China,26.512779664891777,chn,1,tracker_actual_2026-08-24
2026-08-19,EU,7.906411075941583,eu,1,tracker_actual_2026-08-24
2026-08-19,Free-trade partners,9.27708897669308,fta,1,tracker_actual_2026-08-24
2026-08-19,Japan,12.942568380499939,jp,1,tracker_actual_2026-08-24
2026-08-19,Mexico,6.84581107629548,mx,1,tracker_actual_2026-08-24
2026-08-19,Rest of World,10.940317693318558,row,1,tracker_actual_2026-08-24
2026-08-19,UK,7.057326074191231,uk,1,tracker_actual_2026-08-24
2026-08-20,Canada,5.267296618958872,ca,1,tracker_actual_2026-08-24
2026-08-20,China,26.512779664891777,chn,1,tracker_actual_2026-08-24
2026-08-20,EU,7.906411075941583,eu,1,tracker_actual_2026-08-24
2026-08-20,Free-trade partners,9.27708897669308,fta,1,tracker_actual_2026-08-24
2026-08-20,Japan,12.942568380499939,jp,1,tracker_actual_2026-08-24
2026-08-20,Mexico,6.84581107629548,mx,1,tracker_actual_2026-08-24
2026-08-20,Rest of World,10.940317693318558,row,1,tracker_actual_2026-08-24
2026-08-20,UK,7.057326074191231,uk,1,tracker_actual_2026-08-24
2026-08-21,Canada,5.267296618958872,ca,1,tracker_actual_2026-08-24
2026-08-21,China,26.512779664891777,chn,1,tracker_actual_2026-08-24
2026-08-21,EU,7.906411075941583,eu,1,tracker_actual_2026-08-24
2026-08-21,Free-trade partners,9.27708897669308,fta,1,tracker_actual_2026-08-24
2026-08-21,Japan,12.942568380499939,jp,1,tracker_actual_2026-08-24
2026-08-21,Mexico,6.84581107629548,mx,1,tracker_actual_2026-08-24
2026-08-21,Rest of World,10.940317693318558,row,1,tracker_actual_2026-08-24
2026-08-21,UK,7.057326074191231,uk,1,tracker_actual_2026-08-24
2026-08-22,Canada,7.5560878422223725,ca,1,tracker_actual_2026-08-24
2026-08-22,China,26.512779664891777,chn,1,tracker_actual_2026-08-24
2026-08-22,EU,7.906411075941583,eu,1,tracker_actual_2026-08-24
2026-08-22,Free-trade partners,9.27708897669308,fta,1,tracker_actual_2026-08-24
2026-08-22,Japan,12.942568380499939,jp,1,tracker_actual_2026-08-24
2026-08-22,Mexico,6.84581107629548,mx,1,tracker_actual_2026-08-24
2026-08-22,Rest of World,10.940317693318558,row,1,tracker_actual_2026-08-24
2026-08-22,UK,7.057326074191231,uk,1,tracker_actual_2026-08-24
2026-08-23,Canada,7.5560878422223725,ca,1,tracker_actual_2026-08-24
2026-08-23,China,26.512779664891777,chn,1,tracker_actual_2026-08-24
2026-08-23,EU,7.906411075941583,eu,1,tracker_actual_2026-08-24
2026-08-23,Free-trade partners,9.27708897669308,fta,1,tracker_actual_2026-08-24
2026-08-23,Japan,12.942568380499939,jp,1,tracker_actual_2026-08-24
2026-08-23,Mexico,6.84581107629548,mx,1,tracker_actual_2026-08-24
2026-08-23,Rest of World,10.940317693318558,row,1,tracker_actual_2026-08-24
2026-08-23,UK,7.057326074191231,uk,1,tracker_actual_2026-08-24
2026-08-24,Canada,7.5560878422223725,ca,1,tracker_actual_2026-08-24
2026-08-24,China,26.512779664891777,chn,1,tracker_actual_2026-08-24
2026-08-24,EU,7.906411075941583,eu,1,tracker_actual_2026-08-24
2026-08-24,Free-trade partners,9.27708897669308,fta,1,tracker_actual_2026-08-24
2026-08-24,Japan,12.942568380499939,jp,1,tracker_actual_2026-08-24
2026-08-24,Mexico,6.84581107629548,mx,1,tracker_actual_2026-08-24
2026-08-24,Rest of World,10.940317693318558,row,1,tracker_actual_2026-08-24
2026-08-24,UK,7.057326074191231,uk,1,tracker_actual_2026-08-24
2026-08-25,Canada,7.5560878422223725,ca,1,tracker_actual_2026-08-24
2026-08-25,China,26.512779664891777,chn,1,tracker_actual_2026-08-24
2026-08-25,EU,7.906411075941583,eu,1,tracker_actual_2026-08-24
2026-08-25,Free-trade partners,9.27708897669308,fta,1,tracker_actual_2026-08-24
2026-08-25,Japan,12.942568380499939,jp,1,tracker_actual_2026-08-24
2026-08-25,Mexico,6.84581107629548,mx,1,tracker_actual_2026-08-24
2026-08-25,Rest of World,10.940317693318558,row,1,tracker_actual_2026-08-24
2026-08-25,UK,7.057326074191231,uk,1,tracker_actual_2026-08-24
2026-08-26,Canada,7.5560878422223725,ca,1,tracker_actual_2026-08-24
2026-08-26,China,26.512779664891777,chn,1,tracker_actual_2026-08-24
2026-08-26,EU,7.906411075941583,eu,1,tracker_actual_2026-08-24
2026-08-26,Free-trade partners,9.27708897669308,fta,1,tracker_actual_2026-08-24
2026-08-26,Japan,12.942568380499939,jp,1,tracker_actual_2026-08-24
2026-08-26,Mexico,6.84581107629548,mx,1,tracker_actual_2026-08-24
2026-08-26,Rest of World,10.940317693318558,row,1,tracker_actual_2026-08-24
2026-08-26,UK,7.057326074191231,uk,1,tracker_actual_2026-08-24
2026-08-27,Canada,7.5560878422223725,ca,1,tracker_actual_2026-08-24
2026-08-27,China,26.512779664891777,chn,1,tracker_actual_2026-08-24
2026-08-27,EU,7.906411075941583,eu,1,tracker_actual_2026-08-24
2026-08-27,Free-trade partners,9.27708897669308,fta,1,tracker_actual_2026-08-24
2026-08-27,Japan,12.942568380499939,jp,1,tracker_actual_2026-08-24
2026-08-27,Mexico,6.84581107629548,mx,1,tracker_actual_2026-08-24
2026-08-27,Rest of World,10.940317693318558,row,1,tracker_actual_2026-08-24
2026-08-27,UK,7.057326074191231,uk,1,tracker_actual_2026-08-24
2026-08-28,Canada,7.5560878422223725,ca,1,tracker_actual_2026-08-24
2026-08-28,China,26.512779664891777,chn,1,tracker_actual_2026-08-24
2026-08-28,EU,7.906411075941583,eu,1,tracker_actual_2026-08-24
2026-08-28,Free-trade partners,9.27708897669308,fta,1,tracker_actual_2026-08-24
2026-08-28,Japan,12.942568380499939,jp,1,tracker_actual_2026-08-24
2026-08-28,Mexico,6.84581107629548,mx,1,tracker_actual_2026-08-24
2026-08-28,Rest of World,10.940317693318558,row,1,tracker_actual_2026-08-24
2026-08-28,UK,7.057326074191231,uk,1,tracker_actual_2026-08-24
2026-08-29,Canada,7.5560878422223725,ca,1,tracker_actual_2026-08-24
2026-08-29,China,26.512779664891777,chn,1,tracker_actual_2026-08-24
2026-08-29,EU,7.906411075941583,eu,1,tracker_actual_2026-08-24
2026-08-29,Free-trade partners,9.27708897669308,fta,1,tracker_actual_2026-08-24
2026-08-29,Japan,12.942568380499939,jp,1,tracker_actual_2026-08-24
2026-08-29,Mexico,6.84581107629548,mx,1,tracker_actual_2026-08-24
2026-08-29,Rest of World,10.940317693318558,row,1,tracker_actual_2026-08-24
2026-08-29,UK,7.057326074191231,uk,1,tracker_actual_2026-08-24
2026-08-30,Canada,7.5560878422223725,ca,1,tracker_actual_2026-08-24
2026-08-30,China,26.512779664891777,chn,1,tracker_actual_2026-08-24
2026-08-30,EU,7.906411075941583,eu,1,tracker_actual_2026-08-24
2026-08-30,Free-trade partners,9.27708897669308,fta,1,tracker_actual_2026-08-24
2026-08-30,Japan,12.942568380499939,jp,1,tracker_actual_2026-08-24
2026-08-30,Mexico,6.84581107629548,mx,1,tracker_actual_2026-08-24
2026-08-30,Rest of World,10.940317693318558,row,1,tracker_actual_2026-08-24
2026-08-30,UK,7.057326074191231,uk,1,tracker_actual_2026-08-24
2026-08-31,Canada,7.5560878422223725,ca,1,tracker_actual_2026-08-24
2026-08-31,China,26.512779664891777,chn,1,tracker_actual_2026-08-24
2026-08-31,EU,7.906411075941583,eu,1,tracker_actual_2026-08-24
2026-08-31,Free-trade partners,9.27708897669308,fta,1,tracker_actual_2026-08-24
2026-08-31,Japan,12.942568380499939,jp,1,tracker_actual_2026-08-24
2026-08-31,Mexico,6.84581107629548,mx,1,tracker_actual_2026-08-24
2026-08-31,Rest of World,10.940317693318558,row,1,tracker_actual_2026-08-24
2026-08-31,UK,7.057326074191231,uk,1,tracker_actual_2026-08-24
2026-09-01,Canada,7.5560878422223725,ca,1,tracker_actual_2026-08-24
2026-09-01,China,26.512779664891777,chn,1,tracker_actual_2026-08-24
2026-09-01,EU,7.906411075941583,eu,1,tracker_actual_2026-08-24
2026-09-01,Free-trade partners,9.27708897669308,fta,1,tracker_actual_2026-08-24
2026-09-01,Japan,12.942568380499939,jp,1,tracker_actual_2026-08-24
2026-09-01,Mexico,6.84581107629548,mx,1,tracker_actual_2026-08-24
2026-09-01,Rest of World,10.940317693318558,row,1,tracker_actual_2026-08-24
2026-09-01,UK,7.057326074191231,uk,1,tracker_actual_2026-08-24
2026-09-02,Canada,7.5560878422223725,ca,1,tracker_actual_2026-08-24
2026-09-02,China,26.512779664891777,chn,1,tracker_actual_2026-08-24
2026-09-02,EU,7.906411075941583,eu,1,tracker_actual_2026-08-24
2026-09-02,Free-trade partners,9.27708897669308,fta,1,tracker_actual_2026-08-24
2026-09-02,Japan,12.942568380499939,jp,1,tracker_actual_2026-08-24
2026-09-02,Mexico,6.84581107629548,mx,1,tracker_actual_2026-08-24
2026-09-02,Rest of World,10.940317693318558,row,1,tracker_actual_2026-08-24
2026-09-02,UK,7.057326074191231,uk,1,tracker_actual_2026-08-24
2026-09-03,Canada,7.5560878422223725,ca,1,tracker_actual_2026-08-24
2026-09-03,China,26.512779664891777,chn,1,tracker_actual_2026-08-24
2026-09-03,EU,7.906411075941583,eu,1,tracker_actual_2026-08-24
2026-09-03,Free-trade partners,9.27708897669308,fta,1,tracker_actual_2026-08-24
2026-09-03,Japan,12.942568380499939,jp,1,tracker_actual_2026-08-24
2026-09-03,Mexico,6.84581107629548,mx,1,tracker_actual_2026-08-24
2026-09-03,Rest of World,10.940317693318558,row,1,tracker_actual_2026-08-24
2026-09-03,UK,7.057326074191231,uk,1,tracker_actual_2026-08-24
2026-09-04,Canada,7.5560878422223725,ca,1,tracker_actual_2026-08-24
2026-09-04,China,26.512779664891777,chn,1,tracker_actual_2026-08-24
2026-09-04,EU,7.906411075941583,eu,1,tracker_actual_2026-08-24
2026-09-04,Free-trade partners,9.27708897669308,fta,1,tracker_actual_2026-08-24
2026-09-04,Japan,12.942568380499939,jp,1,tracker_actual_2026-08-24
2026-09-04,Mexico,6.84581107629548,mx,1,tracker_actual_2026-08-24
2026-09-04,Rest of World,10.940317693318558,row,1,tracker_actual_2026-08-24
2026-09-04,UK,7.057326074191231,uk,1,tracker_actual_2026-08-24
2026-09-05,Canada,7.5560878422223725,ca,1,tracker_actual_2026-08-24
2026-09-05,China,26.512779664891777,chn,1,tracker_actual_2026-08-24
2026-09-05,EU,7.906411075941583,eu,1,tracker_actual_2026-08-24
2026-09-05,Free-trade partners,9.27708897669308,fta,1,tracker_actual_2026-08-24
2026-09-05,Japan,12.942568380499939,jp,1,tracker_actual_2026-08-24
2026-09-05,Mexico,6.84581107629548,mx,1,tracker_actual_2026-08-24
2026-09-05,Rest of World,10.940317693318558,row,1,tracker_actual_2026-08-24
2026-09-05,UK,7.057326074191231,uk,1,tracker_actual_2026-08-24
2026-09-06,Canada,7.5560878422223725,ca,1,tracker_actual_2026-08-24
2026-09-06,China,26.512779664891777,chn,1,tracker_actual_2026-08-24
2026-09-06,EU,7.906411075941583,eu,1,tracker_actual_2026-08-24
2026-09-06,Free-trade partners,9.27708897669308,fta,1,tracker_actual_2026-08-24
2026-09-06,Japan,12.942568380499939,jp,1,tracker_actual_2026-08-24
2026-09-06,Mexico,6.84581107629548,mx,1,tracker_actual_2026-08-24
2026-09-06,Rest of World,10.940317693318558,row,1,tracker_actual_2026-08-24
2026-09-06,UK,7.057326074191231,uk,1,tracker_actual_2026-08-24
2026-09-07,Canada,7.5560878422223725,ca,1,tracker_actual_2026-08-24
2026-09-07,China,26.512779664891777,chn,1,tracker_actual_2026-08-24
2026-09-07,EU,7.906411075941583,eu,1,tracker_actual_2026-08-24
2026-09-07,Free-trade partners,9.27708897669308,fta,1,tracker_actual_2026-08-24
2026-09-07,Japan,12.942568380499939,jp,1,tracker_actual_2026-08-24
2026-09-07,Mexico,6.84581107629548,mx,1,tracker_actual_2026-08-24
2026-09-07,Rest of World,10.940317693318558,row,1,tracker_actual_2026-08-24
2026-09-07,UK,7.057326074191231,uk,1,tracker_actual_2026-08-24
2026-09-08,Canada,7.5560878422223725,ca,1,tracker_actual_2026-08-24
2026-09-08,China,26.512779664891777,chn,1,tracker_actual_2026-08-24
2026-09-08,EU,7.906411075941583,eu,1,tracker_actual_2026-08-24
2026-09-08,Free-trade partners,9.27708897669308,fta,1,tracker_actual_2026-08-24
2026-09-08,Japan,12.942568380499939,jp,1,tracker_actual_2026-08-24
2026-09-08,Mexico,6.84581107629548,mx,1,tracker_actual_2026-08-24
2026-09-08,Rest of World,10.940317693318558,row,1,tracker_actual_2026-08-24
2026-09-08,UK,7.057326074191231,uk,1,tracker_actual_2026-08-24
2026-09-09,Canada,7.5560878422223725,ca,1,tracker_actual_2026-08-24
2026-09-09,China,26.512779664891777,chn,1,tracker_actual_2026-08-24
2026-09-09,EU,7.906411075941583,eu,1,tracker_actual_2026-08-24
2026-09-09,Free-trade partners,9.27708897669308,fta,1,tracker_actual_2026-08-24
2026-09-09,Japan,12.942568380499939,jp,1,tracker_actual_2026-08-24
2026-09-09,Mexico,6.84581107629548,mx,1,tracker_actual_2026-08-24
2026-09-09,Rest of World,10.940317693318558,row,1,tracker_actual_2026-08-24
2026-09-09,UK,7.057326074191231,uk,1,tracker_actual_2026-08-24
2026-09-10,Canada,7.5560878422223725,ca,1,tracker_actual_2026-08-24
2026-09-10,China,26.512779664891777,chn,1,tracker_actual_2026-08-24
2026-09-10,EU,7.906411075941583,eu,1,tracker_actual_2026-08-24
2026-09-10,Free-trade partners,9.27708897669308,fta,1,tracker_actual_2026-08-24
2026-09-10,Japan,12.942568380499939,jp,1,tracker_actual_2026-08-24
2026-09-10,Mexico,6.84581107629548,mx,1,tracker_actual_2026-08-24
2026-09-10,Rest of World,10.940317693318558,row,1,tracker_actual_2026-08-24
2026-09-10,UK,7.057326074191231,uk,1,tracker_actual_2026-08-24
2026-09-11,Canada,7.5560878422223725,ca,1,tracker_actual_2026-08-24
2026-09-11,China,26.512779664891777,chn,1,tracker_actual_2026-08-24
2026-09-11,EU,7.906411075941583,eu,1,tracker_actual_2026-08-24
2026-09-11,Free-trade partners,9.27708897669308,fta,1,tracker_actual_2026-08-24
2026-09-11,Japan,12.942568380499939,jp,1,tracker_actual_2026-08-24
2026-09-11,Mexico,6.84581107629548,mx,1,tracker_actual_2026-08-24
2026-09-11,Rest of World,10.940317693318558,row,1,tracker_actual_2026-08-24
2026-09-11,UK,7.057326074191231,uk,1,tracker_actual_2026-08-24
2026-09-12,Canada,7.5560878422223725,ca,1,tracker_actual_2026-08-24
2026-09-12,China,26.512779664891777,chn,1,tracker_actual_2026-08-24
2026-09-12,EU,7.906411075941583,eu,1,tracker_actual_2026-08-24
2026-09-12,Free-trade partners,9.27708897669308,fta,1,tracker_actual_2026-08-24
2026-09-12,Japan,12.942568380499939,jp,1,tracker_actual_2026-08-24
2026-09-12,Mexico,6.84581107629548,mx,1,tracker_actual_2026-08-24
2026-09-12,Rest of World,10.940317693318558,row,1,tracker_actual_2026-08-24
2026-09-12,UK,7.057326074191231,uk,1,tracker_actual_2026-08-24
2026-09-13,Canada,7.5560878422223725,ca,1,tracker_actual_2026-08-24
2026-09-13,China,26.512779664891777,chn,1,tracker_actual_2026-08-24
2026-09-13,EU,7.906411075941583,eu,1,tracker_actual_2026-08-24
2026-09-13,Free-trade partners,9.27708897669308,fta,1,tracker_actual_2026-08-24
2026-09-13,Japan,12.942568380499939,jp,1,tracker_actual_2026-08-24
2026-09-13,Mexico,6.84581107629548,mx,1,tracker_actual_2026-08-24
2026-09-13,Rest of World,10.940317693318558,row,1,tracker_actual_2026-08-24
2026-09-13,UK,7.057326074191231,uk,1,tracker_actual_2026-08-24
2026-09-14,Canada,7.5560878422223725,ca,1,tracker_actual_2026-08-24
2026-09-14,China,26.512779664891777,chn,1,tracker_actual_2026-08-24
2026-09-14,EU,7.906411075941583,eu,1,tracker_actual_2026-08-24
2026-09-14,Free-trade partners,9.27708897669308,fta,1,tracker_actual_2026-08-24
2026-09-14,Japan,12.942568380499939,jp,1,tracker_actual_2026-08-24
2026-09-14,Mexico,6.84581107629548,mx,1,tracker_actual_2026-08-24
2026-09-14,Rest of World,10.940317693318558,row,1,tracker_actual_2026-08-24
2026-09-14,UK,7.057326074191231,uk,1,tracker_actual_2026-08-24
2026-09-15,Canada,7.5560878422223725,ca,1,tracker_actual_2026-08-24
2026-09-15,China,26.512779664891777,chn,1,tracker_actual_2026-08-24
2026-09-15,EU,7.906411075941583,eu,1,tracker_actual_2026-08-24
2026-09-15,Free-trade partners,9.27708897669308,fta,1,tracker_actual_2026-08-24
2026-09-15,Japan,12.942568380499939,jp,1,tracker_actual_2026-08-24
2026-09-15,Mexico,6.84581107629548,mx,1,tracker_actual_2026-08-24
2026-09-15,Rest of World,10.940317693318558,row,1,tracker_actual_2026-08-24
2026-09-15,UK,7.057326074191231,uk,1,tracker_actual_2026-08-24
2026-09-16,Canada,7.5560878422223725,ca,1,tracker_actual_2026-08-24
2026-09-16,China,26.512779664891777,chn,1,tracker_actual_2026-08-24
2026-09-16,EU,7.906411075941583,eu,1,tracker_actual_2026-08-24
2026-09-16,Free-trade partners,9.27708897669308,fta,1,tracker_actual_2026-08-24
2026-09-16,Japan,12.942568380499939,jp,1,tracker_actual_2026-08-24
2026-09-16,Mexico,6.84581107629548,mx,1,tracker_actual_2026-08-24
2026-09-16,Rest of World,10.940317693318558,row,1,tracker_actual_2026-08-24
2026-09-16,UK,7.057326074191231,uk,1,tracker_actual_2026-08-24
2026-09-17,Canada,7.5560878422223725,ca,1,tracker_actual_2026-08-24
2026-09-17,China,26.512779664891777,chn,1,tracker_actual_2026-08-24
2026-09-17,EU,7.906411075941583,eu,1,tracker_actual_2026-08-24
2026-09-17,Free-trade partners,9.27708897669308,fta,1,tracker_actual_2026-08-24
2026-09-17,Japan,12.942568380499939,jp,1,tracker_actual_2026-08-24
2026-09-17,Mexico,6.84581107629548,mx,1,tracker_actual_2026-08-24
2026-09-17,Rest of World,10.940317693318558,row,1,tracker_actual_2026-08-24
2026-09-17,UK,7.057326074191231,uk,1,tracker_actual_2026-08-24
2026-09-18,Canada,7.5560878422223725,ca,1,tracker_actual_2026-08-24
2026-09-18,China,26.512779664891777,chn,1,tracker_actual_2026-08-24
2026-09-18,EU,7.906411075941583,eu,1,tracker_actual_2026-08-24
2026-09-18,Free-trade partners,9.27708897669308,fta,1,tracker_actual_2026-08-24
2026-09-18,Japan,12.942568380499939,jp,1,tracker_actual_2026-08-24
2026-09-18,Mexico,6.84581107629548,mx,1,tracker_actual_2026-08-24
2026-09-18,Rest of World,10.940317693318558,row,1,tracker_actual_2026-08-24
2026-09-18,UK,7.057326074191231,uk,1,tracker_actual_2026-08-24
2026-09-19,Canada,7.5560878422223725,ca,1,tracker_actual_2026-08-24
2026-09-19,China,26.512779664891777,chn,1,tracker_actual_2026-08-24
2026-09-19,EU,7.906411075941583,eu,1,tracker_actual_2026-08-24
2026-09-19,Free-trade partners,9.27708897669308,fta,1,tracker_actual_2026-08-24
2026-09-19,Japan,12.942568380499939,jp,1,tracker_actual_2026-08-24
2026-09-19,Mexico,6.84581107629548,mx,1,tracker_actual_2026-08-24
2026-09-19,Rest of World,10.940317693318558,row,1,tracker_actual_2026-08-24
2026-09-19,UK,7.057326074191231,uk,1,tracker_actual_2026-08-24
2026-09-20,Canada,7.5560878422223725,ca,1,tracker_actual_2026-08-24
2026-09-20,China,26.512779664891777,chn,1,tracker_actual_2026-08-24
2026-09-20,EU,7.906411075941583,eu,1,tracker_actual_2026-08-24
2026-09-20,Free-trade partners,9.27708897669308,fta,1,tracker_actual_2026-08-24
2026-09-20,Japan,12.942568380499939,jp,1,tracker_actual_2026-08-24
2026-09-20,Mexico,6.84581107629548,mx,1,tracker_actual_2026-08-24
2026-09-20,Rest of World,10.940317693318558,row,1,tracker_actual_2026-08-24
2026-09-20,UK,7.057326074191231,uk,1,tracker_actual_2026-08-24
2026-09-21,Canada,7.5560878422223725,ca,1,tracker_actual_2026-08-24
2026-09-21,China,26.512779664891777,chn,1,tracker_actual_2026-08-24
2026-09-21,EU,7.906411075941583,eu,1,tracker_actual_2026-08-24
2026-09-21,Free-trade partners,9.27708897669308,fta,1,tracker_actual_2026-08-24
2026-09-21,Japan,12.942568380499939,jp,1,tracker_actual_2026-08-24
2026-09-21,Mexico,6.84581107629548,mx,1,tracker_actual_2026-08-24
2026-09-21,Rest of World,10.940317693318558,row,1,tracker_actual_2026-08-24
2026-09-21,UK,7.057326074191231,uk,1,tracker_actual_2026-08-24
2026-09-22,Canada,7.5560878422223725,ca,1,tracker_actual_2026-08-24
2026-09-22,China,26.512779664891777,chn,1,tracker_actual_2026-08-24
2026-09-22,EU,7.906411075941583,eu,1,tracker_actual_2026-08-24
2026-09-22,Free-trade partners,9.27708897669308,fta,1,tracker_actual_2026-08-24
2026-09-22,Japan,12.942568380499939,jp,1,tracker_actual_2026-08-24
2026-09-22,Mexico,6.84581107629548,mx,1,tracker_actual_2026-08-24
2026-09-22,Rest of World,10.940317693318558,row,1,tracker_actual_2026-08-24
2026-09-22,UK,7.057326074191231,uk,1,tracker_actual_2026-08-24
2026-09-23,Canada,7.5560878422223725,ca,1,tracker_actual_2026-08-24
2026-09-23,China,26.512779664891777,chn,1,tracker_actual_2026-08-24
2026-09-23,EU,7.906411075941583,eu,1,tracker_actual_2026-08-24
2026-09-23,Free-trade partners,9.27708897669308,fta,1,tracker_actual_2026-08-24
2026-09-23,Japan,12.942568380499939,jp,1,tracker_actual_2026-08-24
2026-09-23,Mexico,6.84581107629548,mx,1,tracker_actual_2026-08-24
2026-09-23,Rest of World,10.940317693318558,row,1,tracker_actual_2026-08-24
2026-09-23,UK,7.057326074191231,uk,1,tracker_actual_2026-08-24
2026-09-24,Canada,7.5560878422223725,ca,1,tracker_actual_2026-08-24
2026-09-24,China,26.512779664891777,chn,1,tracker_actual_2026-08-24
2026-09-24,EU,7.906411075941583,eu,1,tracker_actual_2026-08-24
2026-09-24,Free-trade partners,9.27708897669308,fta,1,tracker_actual_2026-08-24
2026-09-24,Japan,12.942568380499939,jp,1,tracker_actual_2026-08-24
2026-09-24,Mexico,6.84581107629548,mx,1,tracker_actual_2026-08-24
2026-09-24,Rest of World,10.940317693318558,row,1,tracker_actual_2026-08-24
2026-09-24,UK,7.057326074191231,uk,1,tracker_actual_2026-08-24
2026-09-25,Canada,7.5560878422223725,ca,1,tracker_actual_2026-08-24
2026-09-25,China,26.512779664891777,chn,1,tracker_actual_2026-08-24
2026-09-25,EU,7.906411075941583,eu,1,tracker_actual_2026-08-24
2026-09-25,Free-trade partners,9.27708897669308,fta,1,tracker_actual_2026-08-24
2026-09-25,Japan,12.942568380499939,jp,1,tracker_actual_2026-08-24
2026-09-25,Mexico,6.84581107629548,mx,1,tracker_actual_2026-08-24
2026-09-25,Rest of World,10.940317693318558,row,1,tracker_actual_2026-08-24
2026-09-25,UK,7.057326074191231,uk,1,tracker_actual_2026-08-24
2026-09-26,Canada,7.5560878422223725,ca,1,tracker_actual_2026-08-24
2026-09-26,China,26.512779664891777,chn,1,tracker_actual_2026-08-24
2026-09-26,EU,7.906411075941583,eu,1,tracker_actual_2026-08-24
2026-09-26,Free-trade partners,9.27708897669308,fta,1,tracker_actual_2026-08-24
2026-09-26,Japan,12.942568380499939,jp,1,tracker_actual_2026-08-24
2026-09-26,Mexico,6.84581107629548,mx,1,tracker_actual_2026-08-24
2026-09-26,Rest of World,10.940317693318558,row,1,tracker_actual_2026-08-24
2026-09-26,UK,7.057326074191231,uk,1,tracker_actual_2026-08-24
2026-09-27,Canada,7.5560878422223725,ca,1,tracker_actual_2026-08-24
2026-09-27,China,26.512779664891777,chn,1,tracker_actual_2026-08-24
2026-09-27,EU,7.906411075941583,eu,1,tracker_actual_2026-08-24
2026-09-27,Free-trade partners,9.27708897669308,fta,1,tracker_actual_2026-08-24
2026-09-27,Japan,12.942568380499939,jp,1,tracker_actual_2026-08-24
2026-09-27,Mexico,6.84581107629548,mx,1,tracker_actual_2026-08-24
2026-09-27,Rest of World,10.940317693318558,row,1,tracker_actual_2026-08-24
2026-09-27,UK,7.057326074191231,uk,1,tracker_actual_2026-08-24
2026-09-28,Canada,7.5560878422223725,ca,1,tracker_actual_2026-08-24
2026-09-28,China,26.512779664891777,chn,1,tracker_actual_2026-08-24
2026-09-28,EU,7.906411075941583,eu,1,tracker_actual_2026-08-24
2026-09-28,Free-trade partners,9.27708897669308,fta,1,tracker_actual_2026-08-24
2026-09-28,Japan,12.942568380499939,jp,1,tracker_actual_2026-08-24
2026-09-28,Mexico,6.84581107629548,mx,1,tracker_actual_2026-08-24
2026-09-28,Rest of World,10.940317693318558,row,1,tracker_actual_2026-08-24
2026-09-28,UK,7.057326074191231,uk,1,tracker_actual_2026-08-24
2026-09-29,Canada,7.82852363259579,ca,1,tracker_actual_2026-08-24
2026-09-29,China,26.536703579369348,chn,1,tracker_actual_2026-08-24
2026-09-29,EU,8.186542249917318,eu,1,tracker_actual_2026-08-24
2026-09-29,Free-trade partners,11.870926388932551,fta,1,tracker_actual_2026-08-24
2026-09-29,Japan,13.076942846842348,jp,1,tracker_actual_2026-08-24
2026-09-29,Mexico,6.880741124415055,mx,1,tracker_actual_2026-08-24
2026-09-29,Rest of World,11.056918864114943,row,1,tracker_actual_2026-08-24
2026-09-29,UK,7.057326074191231,uk,1,tracker_actual_2026-08-24
2026-09-30,Canada,7.82852363259579,ca,1,tracker_actual_2026-08-24
2026-09-30,China,26.536703579369348,chn,1,tracker_actual_2026-08-24
2026-09-30,EU,8.186542249917318,eu,1,tracker_actual_2026-08-24
2026-09-30,Free-trade partners,11.870926388932551,fta,1,tracker_actual_2026-08-24
2026-09-30,Japan,13.076942846842348,jp,1,tracker_actual_2026-08-24
2026-09-30,Mexico,6.880741124415055,mx,1,tracker_actual_2026-08-24
2026-09-30,Rest of World,11.056918864114943,row,1,tracker_actual_2026-08-24
2026-09-30,UK,7.057326074191231,uk,1,tracker_actual_2026-08-24
2026-10-01,Canada,7.82852363259579,ca,1,tracker_actual_2026-08-24
2026-10-01,China,26.536703579369348,chn,1,tracker_actual_2026-08-24
2026-10-01,EU,8.186542249917318,eu,1,tracker_actual_2026-08-24
2026-10-01,Free-trade partners,11.870926388932551,fta,1,tracker_actual_2026-08-24
2026-10-01,Japan,13.076942846842348,jp,1,tracker_actual_2026-08-24
2026-10-01,Mexico,6.880741124415055,mx,1,tracker_actual_2026-08-24
2026-10-01,Rest of World,11.056918864114943,row,1,tracker_actual_2026-08-24
2026-10-01,UK,7.057326074191231,uk,1,tracker_actual_2026-08-24
2026-10-02,Canada,7.82852363259579,ca,1,tracker_actual_2026-08-24
2026-10-02,China,26.536703579369348,chn,1,tracker_actual_2026-08-24
2026-10-02,EU,8.186542249917318,eu,1,tracker_actual_2026-08-24
2026-10-02,Free-trade partners,11.870926388932551,fta,1,tracker_actual_2026-08-24
2026-10-02,Japan,13.076942846842348,jp,1,tracker_actual_2026-08-24
2026-10-02,Mexico,6.880741124415055,mx,1,tracker_actual_2026-08-24
2026-10-02,Rest of World,11.056918864114943,row,1,tracker_actual_2026-08-24
2026-10-02,UK,7.057326074191231,uk,1,tracker_actual_2026-08-24
2026-10-03,Canada,7.82852363259579,ca,1,tracker_actual_2026-08-24
2026-10-03,China,26.536703579369348,chn,1,tracker_actual_2026-08-24
2026-10-03,EU,8.186542249917318,eu,1,tracker_actual_2026-08-24
2026-10-03,Free-trade partners,11.870926388932551,fta,1,tracker_actual_2026-08-24
2026-10-03,Japan,13.076942846842348,jp,1,tracker_actual_2026-08-24
2026-10-03,Mexico,6.880741124415055,mx,1,tracker_actual_2026-08-24
2026-10-03,Rest of World,11.056918864114943,row,1,tracker_actual_2026-08-24
2026-10-03,UK,7.057326074191231,uk,1,tracker_actual_2026-08-24
2026-10-04,Canada,7.82852363259579,ca,1,tracker_actual_2026-08-24
2026-10-04,China,26.536703579369348,chn,1,tracker_actual_2026-08-24
2026-10-04,EU,8.186542249917318,eu,1,tracker_actual_2026-08-24
2026-10-04,Free-trade partners,11.870926388932551,fta,1,tracker_actual_2026-08-24
2026-10-04,Japan,13.076942846842348,jp,1,tracker_actual_2026-08-24
2026-10-04,Mexico,6.880741124415055,mx,1,tracker_actual_2026-08-24
2026-10-04,Rest of World,11.056918864114943,row,1,tracker_actual_2026-08-24
2026-10-04,UK,7.057326074191231,uk,1,tracker_actual_2026-08-24
2026-10-05,Canada,7.82852363259579,ca,1,tracker_actual_2026-08-24
2026-10-05,China,26.536703579369348,chn,1,tracker_actual_2026-08-24
2026-10-05,EU,8.186542249917318,eu,1,tracker_actual_2026-08-24
2026-10-05,Free-trade partners,11.870926388932551,fta,1,tracker_actual_2026-08-24
2026-10-05,Japan,13.076942846842348,jp,1,tracker_actual_2026-08-24
2026-10-05,Mexico,6.880741124415055,mx,1,tracker_actual_2026-08-24
2026-10-05,Rest of World,11.056918864114943,row,1,tracker_actual_2026-08-24
2026-10-05,UK,7.057326074191231,uk,1,tracker_actual_2026-08-24
2026-10-06,Canada,7.82852363259579,ca,1,tracker_actual_2026-08-24
2026-10-06,China,26.536703579369348,chn,1,tracker_actual_2026-08-24
2026-10-06,EU,8.186542249917318,eu,1,tracker_actual_2026-08-24
2026-10-06,Free-trade partners,11.870926388932551,fta,1,tracker_actual_2026-08-24
2026-10-06,Japan,13.076942846842348,jp,1,tracker_actual_2026-08-24
2026-10-06,Mexico,6.880741124415055,mx,1,tracker_actual_2026-08-24
2026-10-06,Rest of World,11.056918864114943,row,1,tracker_actual_2026-08-24
2026-10-06,UK,7.057326074191231,uk,1,tracker_actual_2026-08-24
2026-10-07,Canada,7.82852363259579,ca,1,tracker_actual_2026-08-24
2026-10-07,China,26.536703579369348,chn,1,tracker_actual_2026-08-24
2026-10-07,EU,8.186542249917318,eu,1,tracker_actual_2026-08-24
2026-10-07,Free-trade partners,11.870926388932551,fta,1,tracker_actual_2026-08-24
2026-10-07,Japan,13.076942846842348,jp,1,tracker_actual_2026-08-24
2026-10-07,Mexico,6.880741124415055,mx,1,tracker_actual_2026-08-24
2026-10-07,Rest of World,11.056918864114943,row,1,tracker_actual_2026-08-24
2026-10-07,UK,7.057326074191231,uk,1,tracker_actual_2026-08-24
2026-10-08,Canada,7.82852363259579,ca,1,tracker_actual_2026-08-24
2026-10-08,China,26.536703579369348,chn,1,tracker_actual_2026-08-24
2026-10-08,EU,8.186542249917318,eu,1,tracker_actual_2026-08-24
2026-10-08,Free-trade partners,11.870926388932551,fta,1,tracker_actual_2026-08-24
2026-10-08,Japan,13.076942846842348,jp,1,tracker_actual_2026-08-24
2026-10-08,Mexico,6.880741124415055,mx,1,tracker_actual_2026-08-24
2026-10-08,Rest of World,11.056918864114943,row,1,tracker_actual_2026-08-24
2026-10-08,UK,7.057326074191231,uk,1,tracker_actual_2026-08-24
2026-10-09,Canada,7.82852363259579,ca,1,tracker_actual_2026-08-24
2026-10-09,China,26.536703579369348,chn,1,tracker_actual_2026-08-24
2026-10-09,EU,8.186542249917318,eu,1,tracker_actual_2026-08-24
2026-10-09,Free-trade partners,11.870926388932551,fta,1,tracker_actual_2026-08-24
2026-10-09,Japan,13.076942846842348,jp,1,tracker_actual_2026-08-24
2026-10-09,Mexico,6.880741124415055,mx,1,tracker_actual_2026-08-24
2026-10-09,Rest of World,11.056918864114943,row,1,tracker_actual_2026-08-24
2026-10-09,UK,7.057326074191231,uk,1,tracker_actual_2026-08-24
2026-10-10,Canada,7.82852363259579,ca,1,tracker_actual_2026-08-24
2026-10-10,China,26.536703579369348,chn,1,tracker_actual_2026-08-24
2026-10-10,EU,8.186542249917318,eu,1,tracker_actual_2026-08-24
2026-10-10,Free-trade partners,11.870926388932551,fta,1,tracker_actual_2026-08-24
2026-10-10,Japan,13.076942846842348,jp,1,tracker_actual_2026-08-24
2026-10-10,Mexico,6.880741124415055,mx,1,tracker_actual_2026-08-24
2026-10-10,Rest of World,11.056918864114943,row,1,tracker_actual_2026-08-24
2026-10-10,UK,7.057326074191231,uk,1,tracker_actual_2026-08-24
2026-10-11,Canada,7.82852363259579,ca,1,tracker_actual_2026-08-24
2026-10-11,China,26.536703579369348,chn,1,tracker_actual_2026-08-24
2026-10-11,EU,8.186542249917318,eu,1,tracker_actual_2026-08-24
2026-10-11,Free-trade partners,11.870926388932551,fta,1,tracker_actual_2026-08-24
2026-10-11,Japan,13.076942846842348,jp,1,tracker_actual_2026-08-24
2026-10-11,Mexico,6.880741124415055,mx,1,tracker_actual_2026-08-24
2026-10-11,Rest of World,11.056918864114943,row,1,tracker_actual_2026-08-24
2026-10-11,UK,7.057326074191231,uk,1,tracker_actual_2026-08-24
2026-10-12,Canada,7.82852363259579,ca,1,tracker_actual_2026-08-24
2026-10-12,China,26.536703579369348,chn,1,tracker_actual_2026-08-24
2026-10-12,EU,8.186542249917318,eu,1,tracker_actual_2026-08-24
2026-10-12,Free-trade partners,11.870926388932551,fta,1,tracker_actual_2026-08-24
2026-10-12,Japan,13.076942846842348,jp,1,tracker_actual_2026-08-24
2026-10-12,Mexico,6.880741124415055,mx,1,tracker_actual_2026-08-24
2026-10-12,Rest of World,11.056918864114943,row,1,tracker_actual_2026-08-24
2026-10-12,UK,7.057326074191231,uk,1,tracker_actual_2026-08-24
2026-10-13,Canada,7.82852363259579,ca,1,tracker_actual_2026-08-24
2026-10-13,China,26.536703579369348,chn,1,tracker_actual_2026-08-24
2026-10-13,EU,8.186542249917318,eu,1,tracker_actual_2026-08-24
2026-10-13,Free-trade partners,11.870926388932551,fta,1,tracker_actual_2026-08-24
2026-10-13,Japan,13.076942846842348,jp,1,tracker_actual_2026-08-24
2026-10-13,Mexico,6.880741124415055,mx,1,tracker_actual_2026-08-24
2026-10-13,Rest of World,11.056918864114943,row,1,tracker_actual_2026-08-24
2026-10-13,UK,7.057326074191231,uk,1,tracker_actual_2026-08-24
2026-10-14,Canada,7.82852363259579,ca,1,tracker_actual_2026-08-24
2026-10-14,China,26.536703579369348,chn,1,tracker_actual_2026-08-24
2026-10-14,EU,8.186542249917318,eu,1,tracker_actual_2026-08-24
2026-10-14,Free-trade partners,11.870926388932551,fta,1,tracker_actual_2026-08-24
2026-10-14,Japan,13.076942846842348,jp,1,tracker_actual_2026-08-24
2026-10-14,Mexico,6.880741124415055,mx,1,tracker_actual_2026-08-24
2026-10-14,Rest of World,11.056918864114943,row,1,tracker_actual_2026-08-24
2026-10-14,UK,7.057326074191231,uk,1,tracker_actual_2026-08-24
2026-10-15,Canada,7.82852363259579,ca,1,tracker_actual_2026-08-24
2026-10-15,China,26.536703579369348,chn,1,tracker_actual_2026-08-24
2026-10-15,EU,8.186542249917318,eu,1,tracker_actual_2026-08-24
2026-10-15,Free-trade partners,11.870926388932551,fta,1,tracker_actual_2026-08-24
2026-10-15,Japan,13.076942846842348,jp,1,tracker_actual_2026-08-24
2026-10-15,Mexico,6.880741124415055,mx,1,tracker_actual_2026-08-24
2026-10-15,Rest of World,11.056918864114943,row,1,tracker_actual_2026-08-24
2026-10-15,UK,7.057326074191231,uk,1,tracker_actual_2026-08-24
2026-10-16,Canada,7.82852363259579,ca,1,tracker_actual_2026-08-24
2026-10-16,China,26.536703579369348,chn,1,tracker_actual_2026-08-24
2026-10-16,EU,8.186542249917318,eu,1,tracker_actual_2026-08-24
2026-10-16,Free-trade partners,11.870926388932551,fta,1,tracker_actual_2026-08-24
2026-10-16,Japan,13.076942846842348,jp,1,tracker_actual_2026-08-24
2026-10-16,Mexico,6.880741124415055,mx,1,tracker_actual_2026-08-24
2026-10-16,Rest of World,11.056918864114943,row,1,tracker_actual_2026-08-24
2026-10-16,UK,7.057326074191231,uk,1,tracker_actual_2026-08-24
2026-10-17,Canada,7.82852363259579,ca,1,tracker_actual_2026-08-24
2026-10-17,China,26.536703579369348,chn,1,tracker_actual_2026-08-24
2026-10-17,EU,8.186542249917318,eu,1,tracker_actual_2026-08-24
2026-10-17,Free-trade partners,11.870926388932551,fta,1,tracker_actual_2026-08-24
2026-10-17,Japan,13.076942846842348,jp,1,tracker_actual_2026-08-24
2026-10-17,Mexico,6.880741124415055,mx,1,tracker_actual_2026-08-24
2026-10-17,Rest of World,11.056918864114943,row,1,tracker_actual_2026-08-24
2026-10-17,UK,7.057326074191231,uk,1,tracker_actual_2026-08-24
2026-10-18,Canada,7.82852363259579,ca,1,tracker_actual_2026-08-24
2026-10-18,China,26.536703579369348,chn,1,tracker_actual_2026-08-24
2026-10-18,EU,8.186542249917318,eu,1,tracker_actual_2026-08-24
2026-10-18,Free-trade partners,11.870926388932551,fta,1,tracker_actual_2026-08-24
2026-10-18,Japan,13.076942846842348,jp,1,tracker_actual_2026-08-24
2026-10-18,Mexico,6.880741124415055,mx,1,tracker_actual_2026-08-24
2026-10-18,Rest of World,11.056918864114943,row,1,tracker_actual_2026-08-24
2026-10-18,UK,7.057326074191231,uk,1,tracker_actual_2026-08-24
2026-10-19,Canada,7.82852363259579,ca,1,tracker_actual_2026-08-24
2026-10-19,China,26.536703579369348,chn,1,tracker_actual_2026-08-24
2026-10-19,EU,8.186542249917318,eu,1,tracker_actual_2026-08-24
2026-10-19,Free-trade partners,11.870926388932551,fta,1,tracker_actual_2026-08-24
2026-10-19,Japan,13.076942846842348,jp,1,tracker_actual_2026-08-24
2026-10-19,Mexico,6.880741124415055,mx,1,tracker_actual_2026-08-24
2026-10-19,Rest of World,11.056918864114943,row,1,tracker_actual_2026-08-24
2026-10-19,UK,7.057326074191231,uk,1,tracker_actual_2026-08-24
2026-10-20,Canada,7.82852363259579,ca,1,tracker_actual_2026-08-24
2026-10-20,China,26.536703579369348,chn,1,tracker_actual_2026-08-24
2026-10-20,EU,8.186542249917318,eu,1,tracker_actual_2026-08-24
2026-10-20,Free-trade partners,11.870926388932551,fta,1,tracker_actual_2026-08-24
2026-10-20,Japan,13.076942846842348,jp,1,tracker_actual_2026-08-24
2026-10-20,Mexico,6.880741124415055,mx,1,tracker_actual_2026-08-24
2026-10-20,Rest of World,11.056918864114943,row,1,tracker_actual_2026-08-24
2026-10-20,UK,7.057326074191231,uk,1,tracker_actual_2026-08-24
2026-10-21,Canada,7.82852363259579,ca,1,tracker_actual_2026-08-24
2026-10-21,China,26.536703579369348,chn,1,tracker_actual_2026-08-24
2026-10-21,EU,8.186542249917318,eu,1,tracker_actual_2026-08-24
2026-10-21,Free-trade partners,11.870926388932551,fta,1,tracker_actual_2026-08-24
2026-10-21,Japan,13.076942846842348,jp,1,tracker_actual_2026-08-24
2026-10-21,Mexico,6.880741124415055,mx,1,tracker_actual_2026-08-24
2026-10-21,Rest of World,11.056918864114943,row,1,tracker_actual_2026-08-24
2026-10-21,UK,7.057326074191231,uk,1,tracker_actual_2026-08-24
2026-10-22,Canada,7.82852363259579,ca,1,tracker_actual_2026-08-24
2026-10-22,China,26.536703579369348,chn,1,tracker_actual_2026-08-24
2026-10-22,EU,8.186542249917318,eu,1,tracker_actual_2026-08-24
2026-10-22,Free-trade partners,11.870926388932551,fta,1,tracker_actual_2026-08-24
2026-10-22,Japan,13.076942846842348,jp,1,tracker_actual_2026-08-24
2026-10-22,Mexico,6.880741124415055,mx,1,tracker_actual_2026-08-24
2026-10-22,Rest of World,11.056918864114943,row,1,tracker_actual_2026-08-24
2026-10-22,UK,7.057326074191231,uk,1,tracker_actual_2026-08-24
2026-10-23,Canada,7.82852363259579,ca,1,tracker_actual_2026-08-24
2026-10-23,China,26.536703579369348,chn,1,tracker_actual_2026-08-24
2026-10-23,EU,8.186542249917318,eu,1,tracker_actual_2026-08-24
2026-10-23,Free-trade partners,11.870926388932551,fta,1,tracker_actual_2026-08-24
2026-10-23,Japan,13.076942846842348,jp,1,tracker_actual_2026-08-24
2026-10-23,Mexico,6.880741124415055,mx,1,tracker_actual_2026-08-24
2026-10-23,Rest of World,11.056918864114943,row,1,tracker_actual_2026-08-24
2026-10-23,UK,7.057326074191231,uk,1,tracker_actual_2026-08-24
2026-10-24,Canada,7.82852363259579,ca,1,tracker_actual_2026-08-24
2026-10-24,China,26.536703579369348,chn,1,tracker_actual_2026-08-24
2026-10-24,EU,8.186542249917318,eu,1,tracker_actual_2026-08-24
2026-10-24,Free-trade partners,11.870926388932551,fta,1,tracker_actual_2026-08-24
2026-10-24,Japan,13.076942846842348,jp,1,tracker_actual_2026-08-24
2026-10-24,Mexico,6.880741124415055,mx,1,tracker_actual_2026-08-24
2026-10-24,Rest of World,11.056918864114943,row,1,tracker_actual_2026-08-24
2026-10-24,UK,7.057326074191231,uk,1,tracker_actual_2026-08-24
2026-10-25,Canada,7.82852363259579,ca,1,tracker_actual_2026-08-24
2026-10-25,China,26.536703579369348,chn,1,tracker_actual_2026-08-24
2026-10-25,EU,8.186542249917318,eu,1,tracker_actual_2026-08-24
2026-10-25,Free-trade partners,11.870926388932551,fta,1,tracker_actual_2026-08-24
2026-10-25,Japan,13.076942846842348,jp,1,tracker_actual_2026-08-24
2026-10-25,Mexico,6.880741124415055,mx,1,tracker_actual_2026-08-24
2026-10-25,Rest of World,11.056918864114943,row,1,tracker_actual_2026-08-24
2026-10-25,UK,7.057326074191231,uk,1,tracker_actual_2026-08-24
2026-10-26,Canada,7.82852363259579,ca,1,tracker_actual_2026-08-24
2026-10-26,China,26.536703579369348,chn,1,tracker_actual_2026-08-24
2026-10-26,EU,8.186542249917318,eu,1,tracker_actual_2026-08-24
2026-10-26,Free-trade partners,11.870926388932551,fta,1,tracker_actual_2026-08-24
2026-10-26,Japan,13.076942846842348,jp,1,tracker_actual_2026-08-24
2026-10-26,Mexico,6.880741124415055,mx,1,tracker_actual_2026-08-24
2026-10-26,Rest of World,11.056918864114943,row,1,tracker_actual_2026-08-24
2026-10-26,UK,7.057326074191231,uk,1,tracker_actual_2026-08-24
2026-10-27,Canada,7.82852363259579,ca,1,tracker_actual_2026-08-24
2026-10-27,China,26.536703579369348,chn,1,tracker_actual_2026-08-24
2026-10-27,EU,8.186542249917318,eu,1,tracker_actual_2026-08-24
2026-10-27,Free-trade partners,11.870926388932551,fta,1,tracker_actual_2026-08-24
2026-10-27,Japan,13.076942846842348,jp,1,tracker_actual_2026-08-24
2026-10-27,Mexico,6.880741124415055,mx,1,tracker_actual_2026-08-24
2026-10-27,Rest of World,11.056918864114943,row,1,tracker_actual_2026-08-24
2026-10-27,UK,7.057326074191231,uk,1,tracker_actual_2026-08-24
2026-10-28,Canada,7.82852363259579,ca,1,tracker_actual_2026-08-24
2026-10-28,China,26.536703579369348,chn,1,tracker_actual_2026-08-24
2026-10-28,EU,8.186542249917318,eu,1,tracker_actual_2026-08-24
2026-10-28,Free-trade partners,11.870926388932551,fta,1,tracker_actual_2026-08-24
2026-10-28,Japan,13.076942846842348,jp,1,tracker_actual_2026-08-24
2026-10-28,Mexico,6.880741124415055,mx,1,tracker_actual_2026-08-24
2026-10-28,Rest of World,11.056918864114943,row,1,tracker_actual_2026-08-24
2026-10-28,UK,7.057326074191231,uk,1,tracker_actual_2026-08-24
2026-10-29,Canada,7.82852363259579,ca,1,tracker_actual_2026-08-24
2026-10-29,China,26.536703579369348,chn,1,tracker_actual_2026-08-24
2026-10-29,EU,8.186542249917318,eu,1,tracker_actual_2026-08-24
2026-10-29,Free-trade partners,11.870926388932551,fta,1,tracker_actual_2026-08-24
2026-10-29,Japan,13.076942846842348,jp,1,tracker_actual_2026-08-24
2026-10-29,Mexico,6.880741124415055,mx,1,tracker_actual_2026-08-24
2026-10-29,Rest of World,11.056918864114943,row,1,tracker_actual_2026-08-24
2026-10-29,UK,7.057326074191231,uk,1,tracker_actual_2026-08-24
2026-10-30,Canada,7.82852363259579,ca,1,tracker_actual_2026-08-24
2026-10-30,China,26.536703579369348,chn,1,tracker_actual_2026-08-24
2026-10-30,EU,8.186542249917318,eu,1,tracker_actual_2026-08-24
2026-10-30,Free-trade partners,11.870926388932551,fta,1,tracker_actual_2026-08-24
2026-10-30,Japan,13.076942846842348,jp,1,tracker_actual_2026-08-24
2026-10-30,Mexico,6.880741124415055,mx,1,tracker_actual_2026-08-24
2026-10-30,Rest of World,11.056918864114943,row,1,tracker_actual_2026-08-24
2026-10-30,UK,7.057326074191231,uk,1,tracker_actual_2026-08-24
2026-10-31,Canada,7.82852363259579,ca,1,tracker_actual_2026-08-24
2026-10-31,China,26.536703579369348,chn,1,tracker_actual_2026-08-24
2026-10-31,EU,8.186542249917318,eu,1,tracker_actual_2026-08-24
2026-10-31,Free-trade partners,11.870926388932551,fta,1,tracker_actual_2026-08-24
2026-10-31,Japan,13.076942846842348,jp,1,tracker_actual_2026-08-24
2026-10-31,Mexico,6.880741124415055,mx,1,tracker_actual_2026-08-24
2026-10-31,Rest of World,11.056918864114943,row,1,tracker_actual_2026-08-24
2026-10-31,UK,7.057326074191231,uk,1,tracker_actual_2026-08-24
2026-11-01,Canada,7.82852363259579,ca,1,tracker_actual_2026-08-24
2026-11-01,China,26.536703579369348,chn,1,tracker_actual_2026-08-24
2026-11-01,EU,8.186542249917318,eu,1,tracker_actual_2026-08-24
2026-11-01,Free-trade partners,11.870926388932551,fta,1,tracker_actual_2026-08-24
2026-11-01,Japan,13.076942846842348,jp,1,tracker_actual_2026-08-24
2026-11-01,Mexico,6.880741124415055,mx,1,tracker_actual_2026-08-24
2026-11-01,Rest of World,11.056918864114943,row,1,tracker_actual_2026-08-24
2026-11-01,UK,7.057326074191231,uk,1,tracker_actual_2026-08-24
2026-11-02,Canada,7.82852363259579,ca,1,tracker_actual_2026-08-24
2026-11-02,China,26.536703579369348,chn,1,tracker_actual_2026-08-24
2026-11-02,EU,8.186542249917318,eu,1,tracker_actual_2026-08-24
2026-11-02,Free-trade partners,11.870926388932551,fta,1,tracker_actual_2026-08-24
2026-11-02,Japan,13.076942846842348,jp,1,tracker_actual_2026-08-24
2026-11-02,Mexico,6.880741124415055,mx,1,tracker_actual_2026-08-24
2026-11-02,Rest of World,11.056918864114943,row,1,tracker_actual_2026-08-24
2026-11-02,UK,7.057326074191231,uk,1,tracker_actual_2026-08-24
2026-11-03,Canada,7.82852363259579,ca,1,tracker_actual_2026-08-24
2026-11-03,China,26.536703579369348,chn,1,tracker_actual_2026-08-24
2026-11-03,EU,8.186542249917318,eu,1,tracker_actual_2026-08-24
2026-11-03,Free-trade partners,11.870926388932551,fta,1,tracker_actual_2026-08-24
2026-11-03,Japan,13.076942846842348,jp,1,tracker_actual_2026-08-24
2026-11-03,Mexico,6.880741124415055,mx,1,tracker_actual_2026-08-24
2026-11-03,Rest of World,11.056918864114943,row,1,tracker_actual_2026-08-24
2026-11-03,UK,7.057326074191231,uk,1,tracker_actual_2026-08-24
2026-11-04,Canada,7.82852363259579,ca,1,tracker_actual_2026-08-24
2026-11-04,China,26.536703579369348,chn,1,tracker_actual_2026-08-24
2026-11-04,EU,8.186542249917318,eu,1,tracker_actual_2026-08-24
2026-11-04,Free-trade partners,11.870926388932551,fta,1,tracker_actual_2026-08-24
2026-11-04,Japan,13.076942846842348,jp,1,tracker_actual_2026-08-24
2026-11-04,Mexico,6.880741124415055,mx,1,tracker_actual_2026-08-24
2026-11-04,Rest of World,11.056918864114943,row,1,tracker_actual_2026-08-24
2026-11-04,UK,7.057326074191231,uk,1,tracker_actual_2026-08-24
2026-11-05,Canada,7.82852363259579,ca,1,tracker_actual_2026-08-24
2026-11-05,China,26.536703579369348,chn,1,tracker_actual_2026-08-24
2026-11-05,EU,8.186542249917318,eu,1,tracker_actual_2026-08-24
2026-11-05,Free-trade partners,11.870926388932551,fta,1,tracker_actual_2026-08-24
2026-11-05,Japan,13.076942846842348,jp,1,tracker_actual_2026-08-24
2026-11-05,Mexico,6.880741124415055,mx,1,tracker_actual_2026-08-24
2026-11-05,Rest of World,11.056918864114943,row,1,tracker_actual_2026-08-24
2026-11-05,UK,7.057326074191231,uk,1,tracker_actual_2026-08-24
2026-11-06,Canada,7.82852363259579,ca,1,tracker_actual_2026-08-24
2026-11-06,China,26.536703579369348,chn,1,tracker_actual_2026-08-24
2026-11-06,EU,8.186542249917318,eu,1,tracker_actual_2026-08-24
2026-11-06,Free-trade partners,11.870926388932551,fta,1,tracker_actual_2026-08-24
2026-11-06,Japan,13.076942846842348,jp,1,tracker_actual_2026-08-24
2026-11-06,Mexico,6.880741124415055,mx,1,tracker_actual_2026-08-24
2026-11-06,Rest of World,11.056918864114943,row,1,tracker_actual_2026-08-24
2026-11-06,UK,7.057326074191231,uk,1,tracker_actual_2026-08-24
2026-11-07,Canada,7.82852363259579,ca,1,tracker_actual_2026-08-24
2026-11-07,China,26.536703579369348,chn,1,tracker_actual_2026-08-24
2026-11-07,EU,8.186542249917318,eu,1,tracker_actual_2026-08-24
2026-11-07,Free-trade partners,11.870926388932551,fta,1,tracker_actual_2026-08-24
2026-11-07,Japan,13.076942846842348,jp,1,tracker_actual_2026-08-24
2026-11-07,Mexico,6.880741124415055,mx,1,tracker_actual_2026-08-24
2026-11-07,Rest of World,11.056918864114943,row,1,tracker_actual_2026-08-24
2026-11-07,UK,7.057326074191231,uk,1,tracker_actual_2026-08-24
2026-11-08,Canada,7.82852363259579,ca,1,tracker_actual_2026-08-24
2026-11-08,China,26.536703579369348,chn,1,tracker_actual_2026-08-24
2026-11-08,EU,8.186542249917318,eu,1,tracker_actual_2026-08-24
2026-11-08,Free-trade partners,11.870926388932551,fta,1,tracker_actual_2026-08-24
2026-11-08,Japan,13.076942846842348,jp,1,tracker_actual_2026-08-24
2026-11-08,Mexico,6.880741124415055,mx,1,tracker_actual_2026-08-24
2026-11-08,Rest of World,11.056918864114943,row,1,tracker_actual_2026-08-24
2026-11-08,UK,7.057326074191231,uk,1,tracker_actual_2026-08-24
2026-11-09,Canada,7.82852363259579,ca,1,tracker_actual_2026-08-24
2026-11-09,China,26.536703579369348,chn,1,tracker_actual_2026-08-24
2026-11-09,EU,8.186542249917318,eu,1,tracker_actual_2026-08-24
2026-11-09,Free-trade partners,11.870926388932551,fta,1,tracker_actual_2026-08-24
2026-11-09,Japan,13.076942846842348,jp,1,tracker_actual_2026-08-24
2026-11-09,Mexico,6.880741124415055,mx,1,tracker_actual_2026-08-24
2026-11-09,Rest of World,11.056918864114943,row,1,tracker_actual_2026-08-24
2026-11-09,UK,7.057326074191231,uk,1,tracker_actual_2026-08-24
2026-11-10,Canada,7.82852363259579,ca,1,tracker_actual_2026-08-24
2026-11-10,China,27.214673534281452,chn,1,tracker_actual_2026-08-24
2026-11-10,EU,8.186542249917318,eu,1,tracker_actual_2026-08-24
2026-11-10,Free-trade partners,11.870926388932551,fta,1,tracker_actual_2026-08-24
2026-11-10,Japan,13.076942846842348,jp,1,tracker_actual_2026-08-24
2026-11-10,Mexico,6.880741124415055,mx,1,tracker_actual_2026-08-24
2026-11-10,Rest of World,11.056918864114943,row,1,tracker_actual_2026-08-24
2026-11-10,UK,7.057326074191231,uk,1,tracker_actual_2026-08-24
2026-11-11,Canada,7.82852363259579,ca,1,tracker_actual_2026-08-24
2026-11-11,China,27.214673534281452,chn,1,tracker_actual_2026-08-24
2026-11-11,EU,8.186542249917318,eu,1,tracker_actual_2026-08-24
2026-11-11,Free-trade partners,11.870926388932551,fta,1,tracker_actual_2026-08-24
2026-11-11,Japan,13.076942846842348,jp,1,tracker_actual_2026-08-24
2026-11-11,Mexico,6.880741124415055,mx,1,tracker_actual_2026-08-24
2026-11-11,Rest of World,11.056918864114943,row,1,tracker_actual_2026-08-24
2026-11-11,UK,7.057326074191231,uk,1,tracker_actual_2026-08-24
2026-11-12,Canada,7.82852363259579,ca,1,tracker_actual_2026-08-24
2026-11-12,China,27.214673534281452,chn,1,tracker_actual_2026-08-24
2026-11-12,EU,8.186542249917318,eu,1,tracker_actual_2026-08-24
2026-11-12,Free-trade partners,11.870926388932551,fta,1,tracker_actual_2026-08-24
2026-11-12,Japan,13.076942846842348,jp,1,tracker_actual_2026-08-24
2026-11-12,Mexico,6.880741124415055,mx,1,tracker_actual_2026-08-24
2026-11-12,Rest of World,11.056918864114943,row,1,tracker_actual_2026-08-24
2026-11-12,UK,7.057326074191231,uk,1,tracker_actual_2026-08-24
2026-11-13,Canada,7.82852363259579,ca,1,tracker_actual_2026-08-24
2026-11-13,China,27.214673534281452,chn,1,tracker_actual_2026-08-24
2026-11-13,EU,8.186542249917318,eu,1,tracker_actual_2026-08-24
2026-11-13,Free-trade partners,11.870926388932551,fta,1,tracker_actual_2026-08-24
2026-11-13,Japan,13.076942846842348,jp,1,tracker_actual_2026-08-24
2026-11-13,Mexico,6.880741124415055,mx,1,tracker_actual_2026-08-24
2026-11-13,Rest of World,11.056918864114943,row,1,tracker_actual_2026-08-24
2026-11-13,UK,7.057326074191231,uk,1,tracker_actual_2026-08-24
2026-11-14,Canada,7.82852363259579,ca,1,tracker_actual_2026-08-24
2026-11-14,China,27.214673534281452,chn,1,tracker_actual_2026-08-24
2026-11-14,EU,8.186542249917318,eu,1,tracker_actual_2026-08-24
2026-11-14,Free-trade partners,11.870926388932551,fta,1,tracker_actual_2026-08-24
2026-11-14,Japan,13.076942846842348,jp,1,tracker_actual_2026-08-24
2026-11-14,Mexico,6.880741124415055,mx,1,tracker_actual_2026-08-24
2026-11-14,Rest of World,11.056918864114943,row,1,tracker_actual_2026-08-24
2026-11-14,UK,7.057326074191231,uk,1,tracker_actual_2026-08-24
2026-11-15,Canada,7.82852363259579,ca,1,tracker_actual_2026-08-24
2026-11-15,China,27.214673534281452,chn,1,tracker_actual_2026-08-24
2026-11-15,EU,8.186542249917318,eu,1,tracker_actual_2026-08-24
2026-11-15,Free-trade partners,11.870926388932551,fta,1,tracker_actual_2026-08-24
2026-11-15,Japan,13.076942846842348,jp,1,tracker_actual_2026-08-24
2026-11-15,Mexico,6.880741124415055,mx,1,tracker_actual_2026-08-24
2026-11-15,Rest of World,11.056918864114943,row,1,tracker_actual_2026-08-24
2026-11-15,UK,7.057326074191231,uk,1,tracker_actual_2026-08-24
2026-11-16,Canada,7.82852363259579,ca,1,tracker_actual_2026-08-24
2026-11-16,China,27.214673534281452,chn,1,tracker_actual_2026-08-24
2026-11-16,EU,8.186542249917318,eu,1,tracker_actual_2026-08-24
2026-11-16,Free-trade partners,11.870926388932551,fta,1,tracker_actual_2026-08-24
2026-11-16,Japan,13.076942846842348,jp,1,tracker_actual_2026-08-24
2026-11-16,Mexico,6.880741124415055,mx,1,tracker_actual_2026-08-24
2026-11-16,Rest of World,11.056918864114943,row,1,tracker_actual_2026-08-24
2026-11-16,UK,7.057326074191231,uk,1,tracker_actual_2026-08-24
2026-11-17,Canada,7.82852363259579,ca,1,tracker_actual_2026-08-24
2026-11-17,China,27.214673534281452,chn,1,tracker_actual_2026-08-24
2026-11-17,EU,8.186542249917318,eu,1,tracker_actual_2026-08-24
2026-11-17,Free-trade partners,11.870926388932551,fta,1,tracker_actual_2026-08-24
2026-11-17,Japan,13.076942846842348,jp,1,tracker_actual_2026-08-24
2026-11-17,Mexico,6.880741124415055,mx,1,tracker_actual_2026-08-24
2026-11-17,Rest of World,11.056918864114943,row,1,tracker_actual_2026-08-24
2026-11-17,UK,7.057326074191231,uk,1,tracker_actual_2026-08-24
2026-11-18,Canada,7.82852363259579,ca,1,tracker_actual_2026-08-24
2026-11-18,China,27.214673534281452,chn,1,tracker_actual_2026-08-24
2026-11-18,EU,8.186542249917318,eu,1,tracker_actual_2026-08-24
2026-11-18,Free-trade partners,11.870926388932551,fta,1,tracker_actual_2026-08-24
2026-11-18,Japan,13.076942846842348,jp,1,tracker_actual_2026-08-24
2026-11-18,Mexico,6.880741124415055,mx,1,tracker_actual_2026-08-24
2026-11-18,Rest of World,11.056918864114943,row,1,tracker_actual_2026-08-24
2026-11-18,UK,7.057326074191231,uk,1,tracker_actual_2026-08-24
2026-11-19,Canada,7.82852363259579,ca,1,tracker_actual_2026-08-24
2026-11-19,China,27.214673534281452,chn,1,tracker_actual_2026-08-24
2026-11-19,EU,8.186542249917318,eu,1,tracker_actual_2026-08-24
2026-11-19,Free-trade partners,11.870926388932551,fta,1,tracker_actual_2026-08-24
2026-11-19,Japan,13.076942846842348,jp,1,tracker_actual_2026-08-24
2026-11-19,Mexico,6.880741124415055,mx,1,tracker_actual_2026-08-24
2026-11-19,Rest of World,11.056918864114943,row,1,tracker_actual_2026-08-24
2026-11-19,UK,7.057326074191231,uk,1,tracker_actual_2026-08-24
2026-11-20,Canada,7.82852363259579,ca,1,tracker_actual_2026-08-24
2026-11-20,China,27.214673534281452,chn,1,tracker_actual_2026-08-24
2026-11-20,EU,8.186542249917318,eu,1,tracker_actual_2026-08-24
2026-11-20,Free-trade partners,11.870926388932551,fta,1,tracker_actual_2026-08-24
2026-11-20,Japan,13.076942846842348,jp,1,tracker_actual_2026-08-24
2026-11-20,Mexico,6.880741124415055,mx,1,tracker_actual_2026-08-24
2026-11-20,Rest of World,11.056918864114943,row,1,tracker_actual_2026-08-24
2026-11-20,UK,7.057326074191231,uk,1,tracker_actual_2026-08-24
2026-11-21,Canada,7.82852363259579,ca,1,tracker_actual_2026-08-24
2026-11-21,China,27.214673534281452,chn,1,tracker_actual_2026-08-24
2026-11-21,EU,8.186542249917318,eu,1,tracker_actual_2026-08-24
2026-11-21,Free-trade partners,11.870926388932551,fta,1,tracker_actual_2026-08-24
2026-11-21,Japan,13.076942846842348,jp,1,tracker_actual_2026-08-24
2026-11-21,Mexico,6.880741124415055,mx,1,tracker_actual_2026-08-24
2026-11-21,Rest of World,11.056918864114943,row,1,tracker_actual_2026-08-24
2026-11-21,UK,7.057326074191231,uk,1,tracker_actual_2026-08-24
2026-11-22,Canada,7.82852363259579,ca,1,tracker_actual_2026-08-24
2026-11-22,China,27.214673534281452,chn,1,tracker_actual_2026-08-24
2026-11-22,EU,8.186542249917318,eu,1,tracker_actual_2026-08-24
2026-11-22,Free-trade partners,11.870926388932551,fta,1,tracker_actual_2026-08-24
2026-11-22,Japan,13.076942846842348,jp,1,tracker_actual_2026-08-24
2026-11-22,Mexico,6.880741124415055,mx,1,tracker_actual_2026-08-24
2026-11-22,Rest of World,11.056918864114943,row,1,tracker_actual_2026-08-24
2026-11-22,UK,7.057326074191231,uk,1,tracker_actual_2026-08-24
2026-11-23,Canada,7.82852363259579,ca,1,tracker_actual_2026-08-24
2026-11-23,China,27.214673534281452,chn,1,tracker_actual_2026-08-24
2026-11-23,EU,8.186542249917318,eu,1,tracker_actual_2026-08-24
2026-11-23,Free-trade partners,11.870926388932551,fta,1,tracker_actual_2026-08-24
2026-11-23,Japan,13.076942846842348,jp,1,tracker_actual_2026-08-24
2026-11-23,Mexico,6.880741124415055,mx,1,tracker_actual_2026-08-24
2026-11-23,Rest of World,11.056918864114943,row,1,tracker_actual_2026-08-24
2026-11-23,UK,7.057326074191231,uk,1,tracker_actual_2026-08-24
2026-11-24,Canada,7.82852363259579,ca,1,tracker_actual_2026-08-24
2026-11-24,China,27.214673534281452,chn,1,tracker_actual_2026-08-24
2026-11-24,EU,8.186542249917318,eu,1,tracker_actual_2026-08-24
2026-11-24,Free-trade partners,11.870926388932551,fta,1,tracker_actual_2026-08-24
2026-11-24,Japan,13.076942846842348,jp,1,tracker_actual_2026-08-24
2026-11-24,Mexico,6.880741124415055,mx,1,tracker_actual_2026-08-24
2026-11-24,Rest of World,11.056918864114943,row,1,tracker_actual_2026-08-24
2026-11-24,UK,7.057326074191231,uk,1,tracker_actual_2026-08-24
2026-11-25,Canada,7.82852363259579,ca,1,tracker_actual_2026-08-24
2026-11-25,China,27.214673534281452,chn,1,tracker_actual_2026-08-24
2026-11-25,EU,8.186542249917318,eu,1,tracker_actual_2026-08-24
2026-11-25,Free-trade partners,11.870926388932551,fta,1,tracker_actual_2026-08-24
2026-11-25,Japan,13.076942846842348,jp,1,tracker_actual_2026-08-24
2026-11-25,Mexico,6.880741124415055,mx,1,tracker_actual_2026-08-24
2026-11-25,Rest of World,11.056918864114943,row,1,tracker_actual_2026-08-24
2026-11-25,UK,7.057326074191231,uk,1,tracker_actual_2026-08-24
2026-11-26,Canada,7.82852363259579,ca,1,tracker_actual_2026-08-24
2026-11-26,China,27.214673534281452,chn,1,tracker_actual_2026-08-24
2026-11-26,EU,8.186542249917318,eu,1,tracker_actual_2026-08-24
2026-11-26,Free-trade partners,11.870926388932551,fta,1,tracker_actual_2026-08-24
2026-11-26,Japan,13.076942846842348,jp,1,tracker_actual_2026-08-24
2026-11-26,Mexico,6.880741124415055,mx,1,tracker_actual_2026-08-24
2026-11-26,Rest of World,11.056918864114943,row,1,tracker_actual_2026-08-24
2026-11-26,UK,7.057326074191231,uk,1,tracker_actual_2026-08-24
2026-11-27,Canada,7.82852363259579,ca,1,tracker_actual_2026-08-24
2026-11-27,China,27.214673534281452,chn,1,tracker_actual_2026-08-24
2026-11-27,EU,8.186542249917318,eu,1,tracker_actual_2026-08-24
2026-11-27,Free-trade partners,11.870926388932551,fta,1,tracker_actual_2026-08-24
2026-11-27,Japan,13.076942846842348,jp,1,tracker_actual_2026-08-24
2026-11-27,Mexico,6.880741124415055,mx,1,tracker_actual_2026-08-24
2026-11-27,Rest of World,11.056918864114943,row,1,tracker_actual_2026-08-24
2026-11-27,UK,7.057326074191231,uk,1,tracker_actual_2026-08-24
2026-11-28,Canada,7.82852363259579,ca,1,tracker_actual_2026-08-24
2026-11-28,China,27.214673534281452,chn,1,tracker_actual_2026-08-24
2026-11-28,EU,8.186542249917318,eu,1,tracker_actual_2026-08-24
2026-11-28,Free-trade partners,11.870926388932551,fta,1,tracker_actual_2026-08-24
2026-11-28,Japan,13.076942846842348,jp,1,tracker_actual_2026-08-24
2026-11-28,Mexico,6.880741124415055,mx,1,tracker_actual_2026-08-24
2026-11-28,Rest of World,11.056918864114943,row,1,tracker_actual_2026-08-24
2026-11-28,UK,7.057326074191231,uk,1,tracker_actual_2026-08-24
2026-11-29,Canada,7.82852363259579,ca,1,tracker_actual_2026-08-24
2026-11-29,China,27.214673534281452,chn,1,tracker_actual_2026-08-24
2026-11-29,EU,8.186542249917318,eu,1,tracker_actual_2026-08-24
2026-11-29,Free-trade partners,11.870926388932551,fta,1,tracker_actual_2026-08-24
2026-11-29,Japan,13.076942846842348,jp,1,tracker_actual_2026-08-24
2026-11-29,Mexico,6.880741124415055,mx,1,tracker_actual_2026-08-24
2026-11-29,Rest of World,11.056918864114943,row,1,tracker_actual_2026-08-24
2026-11-29,UK,7.057326074191231,uk,1,tracker_actual_2026-08-24
2026-11-30,Canada,7.82852363259579,ca,1,tracker_actual_2026-08-24
2026-11-30,China,27.214673534281452,chn,1,tracker_actual_2026-08-24
2026-11-30,EU,8.186542249917318,eu,1,tracker_actual_2026-08-24
2026-11-30,Free-trade partners,11.870926388932551,fta,1,tracker_actual_2026-08-24
2026-11-30,Japan,13.076942846842348,jp,1,tracker_actual_2026-08-24
2026-11-30,Mexico,6.880741124415055,mx,1,tracker_actual_2026-08-24
2026-11-30,Rest of World,11.056918864114943,row,1,tracker_actual_2026-08-24
2026-11-30,UK,7.057326074191231,uk,1,tracker_actual_2026-08-24
2026-12-01,Canada,7.82852363259579,ca,1,tracker_actual_2026-08-24
2026-12-01,China,27.214673534281452,chn,1,tracker_actual_2026-08-24
2026-12-01,EU,8.186542249917318,eu,1,tracker_actual_2026-08-24
2026-12-01,Free-trade partners,11.870926388932551,fta,1,tracker_actual_2026-08-24
2026-12-01,Japan,13.076942846842348,jp,1,tracker_actual_2026-08-24
2026-12-01,Mexico,6.880741124415055,mx,1,tracker_actual_2026-08-24
2026-12-01,Rest of World,11.056918864114943,row,1,tracker_actual_2026-08-24
2026-12-01,UK,7.057326074191231,uk,1,tracker_actual_2026-08-24
2026-12-02,Canada,7.82852363259579,ca,1,tracker_actual_2026-08-24
2026-12-02,China,27.214673534281452,chn,1,tracker_actual_2026-08-24
2026-12-02,EU,8.186542249917318,eu,1,tracker_actual_2026-08-24
2026-12-02,Free-trade partners,11.870926388932551,fta,1,tracker_actual_2026-08-24
2026-12-02,Japan,13.076942846842348,jp,1,tracker_actual_2026-08-24
2026-12-02,Mexico,6.880741124415055,mx,1,tracker_actual_2026-08-24
2026-12-02,Rest of World,11.056918864114943,row,1,tracker_actual_2026-08-24
2026-12-02,UK,7.057326074191231,uk,1,tracker_actual_2026-08-24
2026-12-03,Canada,7.82852363259579,ca,1,tracker_actual_2026-08-24
2026-12-03,China,27.214673534281452,chn,1,tracker_actual_2026-08-24
2026-12-03,EU,8.186542249917318,eu,1,tracker_actual_2026-08-24
2026-12-03,Free-trade partners,11.870926388932551,fta,1,tracker_actual_2026-08-24
2026-12-03,Japan,13.076942846842348,jp,1,tracker_actual_2026-08-24
2026-12-03,Mexico,6.880741124415055,mx,1,tracker_actual_2026-08-24
2026-12-03,Rest of World,11.056918864114943,row,1,tracker_actual_2026-08-24
2026-12-03,UK,7.057326074191231,uk,1,tracker_actual_2026-08-24
2026-12-04,Canada,7.829737785665801,ca,1,tracker_actual_2026-08-24
2026-12-04,China,27.2198622269524,chn,1,tracker_actual_2026-08-24
2026-12-04,EU,8.193962168422233,eu,1,tracker_actual_2026-08-24
2026-12-04,Free-trade partners,11.92542879919018,fta,1,tracker_actual_2026-08-24
2026-12-04,Japan,13.14039121088729,jp,1,tracker_actual_2026-08-24
2026-12-04,Mexico,6.8874732874652285,mx,1,tracker_actual_2026-08-24
2026-12-04,Rest of World,11.363643750163414,row,1,tracker_actual_2026-08-24
2026-12-04,UK,7.0594255589302355,uk,1,tracker_actual_2026-08-24
2026-12-05,Canada,7.829737785665801,ca,1,tracker_actual_2026-08-24
2026-12-05,China,27.2198622269524,chn,1,tracker_actual_2026-08-24
2026-12-05,EU,8.193962168422233,eu,1,tracker_actual_2026-08-24
2026-12-05,Free-trade partners,11.92542879919018,fta,1,tracker_actual_2026-08-24
2026-12-05,Japan,13.14039121088729,jp,1,tracker_actual_2026-08-24
2026-12-05,Mexico,6.8874732874652285,mx,1,tracker_actual_2026-08-24
2026-12-05,Rest of World,11.363643750163414,row,1,tracker_actual_2026-08-24
2026-12-05,UK,7.0594255589302355,uk,1,tracker_actual_2026-08-24
2026-12-06,Canada,7.829737785665801,ca,1,tracker_actual_2026-08-24
2026-12-06,China,27.2198622269524,chn,1,tracker_actual_2026-08-24
2026-12-06,EU,8.193962168422233,eu,1,tracker_actual_2026-08-24
2026-12-06,Free-trade partners,11.92542879919018,fta,1,tracker_actual_2026-08-24
2026-12-06,Japan,13.14039121088729,jp,1,tracker_actual_2026-08-24
2026-12-06,Mexico,6.8874732874652285,mx,1,tracker_actual_2026-08-24
2026-12-06,Rest of World,11.363643750163414,row,1,tracker_actual_2026-08-24
2026-12-06,UK,7.0594255589302355,uk,1,tracker_actual_2026-08-24
2026-12-07,Canada,7.829737785665801,ca,1,tracker_actual_2026-08-24
2026-12-07,China,27.2198622269524,chn,1,tracker_actual_2026-08-24
2026-12-07,EU,8.193962168422233,eu,1,tracker_actual_2026-08-24
2026-12-07,Free-trade partners,11.92542879919018,fta,1,tracker_actual_2026-08-24
2026-12-07,Japan,13.14039121088729,jp,1,tracker_actual_2026-08-24
2026-12-07,Mexico,6.8874732874652285,mx,1,tracker_actual_2026-08-24
2026-12-07,Rest of World,11.363643750163414,row,1,tracker_actual_2026-08-24
2026-12-07,UK,7.0594255589302355,uk,1,tracker_actual_2026-08-24
2026-12-08,Canada,7.829737785665801,ca,1,tracker_actual_2026-08-24
2026-12-08,China,27.2198622269524,chn,1,tracker_actual_2026-08-24
2026-12-08,EU,8.193962168422233,eu,1,tracker_actual_2026-08-24
2026-12-08,Free-trade partners,11.92542879919018,fta,1,tracker_actual_2026-08-24
2026-12-08,Japan,13.14039121088729,jp,1,tracker_actual_2026-08-24
2026-12-08,Mexico,6.8874732874652285,mx,1,tracker_actual_2026-08-24
2026-12-08,Rest of World,11.363643750163414,row,1,tracker_actual_2026-08-24
2026-12-08,UK,7.0594255589302355,uk,1,tracker_actual_2026-08-24
2026-12-09,Canada,7.829737785665801,ca,1,tracker_actual_2026-08-24
2026-12-09,China,27.2198622269524,chn,1,tracker_actual_2026-08-24
2026-12-09,EU,8.193962168422233,eu,1,tracker_actual_2026-08-24
2026-12-09,Free-trade partners,11.92542879919018,fta,1,tracker_actual_2026-08-24
2026-12-09,Japan,13.14039121088729,jp,1,tracker_actual_2026-08-24
2026-12-09,Mexico,6.8874732874652285,mx,1,tracker_actual_2026-08-24
2026-12-09,Rest of World,11.363643750163414,row,1,tracker_actual_2026-08-24
2026-12-09,UK,7.0594255589302355,uk,1,tracker_actual_2026-08-24
2026-12-10,Canada,7.829737785665801,ca,1,tracker_actual_2026-08-24
2026-12-10,China,27.2198622269524,chn,1,tracker_actual_2026-08-24
2026-12-10,EU,8.193962168422233,eu,1,tracker_actual_2026-08-24
2026-12-10,Free-trade partners,11.92542879919018,fta,1,tracker_actual_2026-08-24
2026-12-10,Japan,13.14039121088729,jp,1,tracker_actual_2026-08-24
2026-12-10,Mexico,6.8874732874652285,mx,1,tracker_actual_2026-08-24
2026-12-10,Rest of World,11.363643750163414,row,1,tracker_actual_2026-08-24
2026-12-10,UK,7.0594255589302355,uk,1,tracker_actual_2026-08-24
2026-12-11,Canada,7.829737785665801,ca,1,tracker_actual_2026-08-24
2026-12-11,China,27.2198622269524,chn,1,tracker_actual_2026-08-24
2026-12-11,EU,8.193962168422233,eu,1,tracker_actual_2026-08-24
2026-12-11,Free-trade partners,11.92542879919018,fta,1,tracker_actual_2026-08-24
2026-12-11,Japan,13.14039121088729,jp,1,tracker_actual_2026-08-24
2026-12-11,Mexico,6.8874732874652285,mx,1,tracker_actual_2026-08-24
2026-12-11,Rest of World,11.363643750163414,row,1,tracker_actual_2026-08-24
2026-12-11,UK,7.0594255589302355,uk,1,tracker_actual_2026-08-24
2026-12-12,Canada,7.829737785665801,ca,1,tracker_actual_2026-08-24
2026-12-12,China,27.2198622269524,chn,1,tracker_actual_2026-08-24
2026-12-12,EU,8.193962168422233,eu,1,tracker_actual_2026-08-24
2026-12-12,Free-trade partners,11.92542879919018,fta,1,tracker_actual_2026-08-24
2026-12-12,Japan,13.14039121088729,jp,1,tracker_actual_2026-08-24
2026-12-12,Mexico,6.8874732874652285,mx,1,tracker_actual_2026-08-24
2026-12-12,Rest of World,11.363643750163414,row,1,tracker_actual_2026-08-24
2026-12-12,UK,7.0594255589302355,uk,1,tracker_actual_2026-08-24
2026-12-13,Canada,7.829737785665801,ca,1,tracker_actual_2026-08-24
2026-12-13,China,27.2198622269524,chn,1,tracker_actual_2026-08-24
2026-12-13,EU,8.193962168422233,eu,1,tracker_actual_2026-08-24
2026-12-13,Free-trade partners,11.92542879919018,fta,1,tracker_actual_2026-08-24
2026-12-13,Japan,13.14039121088729,jp,1,tracker_actual_2026-08-24
2026-12-13,Mexico,6.8874732874652285,mx,1,tracker_actual_2026-08-24
2026-12-13,Rest of World,11.363643750163414,row,1,tracker_actual_2026-08-24
2026-12-13,UK,7.0594255589302355,uk,1,tracker_actual_2026-08-24
2026-12-14,Canada,7.829737785665801,ca,1,tracker_actual_2026-08-24
2026-12-14,China,27.2198622269524,chn,1,tracker_actual_2026-08-24
2026-12-14,EU,8.193962168422233,eu,1,tracker_actual_2026-08-24
2026-12-14,Free-trade partners,11.92542879919018,fta,1,tracker_actual_2026-08-24
2026-12-14,Japan,13.14039121088729,jp,1,tracker_actual_2026-08-24
2026-12-14,Mexico,6.8874732874652285,mx,1,tracker_actual_2026-08-24
2026-12-14,Rest of World,11.363643750163414,row,1,tracker_actual_2026-08-24
2026-12-14,UK,7.0594255589302355,uk,1,tracker_actual_2026-08-24
2026-12-15,Canada,7.829737785665801,ca,1,tracker_actual_2026-08-24
2026-12-15,China,27.2198622269524,chn,1,tracker_actual_2026-08-24
2026-12-15,EU,8.193962168422233,eu,1,tracker_actual_2026-08-24
2026-12-15,Free-trade partners,11.92542879919018,fta,1,tracker_actual_2026-08-24
2026-12-15,Japan,13.14039121088729,jp,1,tracker_actual_2026-08-24
2026-12-15,Mexico,6.8874732874652285,mx,1,tracker_actual_2026-08-24
2026-12-15,Rest of World,11.363643750163414,row,1,tracker_actual_2026-08-24
2026-12-15,UK,7.0594255589302355,uk,1,tracker_actual_2026-08-24
2026-12-16,Canada,7.829737785665801,ca,1,tracker_actual_2026-08-24
2026-12-16,China,27.2198622269524,chn,1,tracker_actual_2026-08-24
2026-12-16,EU,8.193962168422233,eu,1,tracker_actual_2026-08-24
2026-12-16,Free-trade partners,11.92542879919018,fta,1,tracker_actual_2026-08-24
2026-12-16,Japan,13.14039121088729,jp,1,tracker_actual_2026-08-24
2026-12-16,Mexico,6.8874732874652285,mx,1,tracker_actual_2026-08-24
2026-12-16,Rest of World,11.363643750163414,row,1,tracker_actual_2026-08-24
2026-12-16,UK,7.0594255589302355,uk,1,tracker_actual_2026-08-24
2026-12-17,Canada,7.829737785665801,ca,1,tracker_actual_2026-08-24
2026-12-17,China,27.2198622269524,chn,1,tracker_actual_2026-08-24
2026-12-17,EU,8.193962168422233,eu,1,tracker_actual_2026-08-24
2026-12-17,Free-trade partners,11.92542879919018,fta,1,tracker_actual_2026-08-24
2026-12-17,Japan,13.14039121088729,jp,1,tracker_actual_2026-08-24
2026-12-17,Mexico,6.8874732874652285,mx,1,tracker_actual_2026-08-24
2026-12-17,Rest of World,11.363643750163414,row,1,tracker_actual_2026-08-24
2026-12-17,UK,7.0594255589302355,uk,1,tracker_actual_2026-08-24
2026-12-18,Canada,7.829737785665801,ca,1,tracker_actual_2026-08-24
2026-12-18,China,27.2198622269524,chn,1,tracker_actual_2026-08-24
2026-12-18,EU,8.193962168422233,eu,1,tracker_actual_2026-08-24
2026-12-18,Free-trade partners,11.92542879919018,fta,1,tracker_actual_2026-08-24
2026-12-18,Japan,13.14039121088729,jp,1,tracker_actual_2026-08-24
2026-12-18,Mexico,6.8874732874652285,mx,1,tracker_actual_2026-08-24
2026-12-18,Rest of World,11.363643750163414,row,1,tracker_actual_2026-08-24
2026-12-18,UK,7.0594255589302355,uk,1,tracker_actual_2026-08-24
2026-12-19,Canada,7.829737785665801,ca,1,tracker_actual_2026-08-24
2026-12-19,China,27.2198622269524,chn,1,tracker_actual_2026-08-24
2026-12-19,EU,8.193962168422233,eu,1,tracker_actual_2026-08-24
2026-12-19,Free-trade partners,11.92542879919018,fta,1,tracker_actual_2026-08-24
2026-12-19,Japan,13.14039121088729,jp,1,tracker_actual_2026-08-24
2026-12-19,Mexico,6.8874732874652285,mx,1,tracker_actual_2026-08-24
2026-12-19,Rest of World,11.363643750163414,row,1,tracker_actual_2026-08-24
2026-12-19,UK,7.0594255589302355,uk,1,tracker_actual_2026-08-24
2026-12-20,Canada,7.829737785665801,ca,1,tracker_actual_2026-08-24
2026-12-20,China,27.2198622269524,chn,1,tracker_actual_2026-08-24
2026-12-20,EU,8.193962168422233,eu,1,tracker_actual_2026-08-24
2026-12-20,Free-trade partners,11.92542879919018,fta,1,tracker_actual_2026-08-24
2026-12-20,Japan,13.14039121088729,jp,1,tracker_actual_2026-08-24
2026-12-20,Mexico,6.8874732874652285,mx,1,tracker_actual_2026-08-24
2026-12-20,Rest of World,11.363643750163414,row,1,tracker_actual_2026-08-24
2026-12-20,UK,7.0594255589302355,uk,1,tracker_actual_2026-08-24
2026-12-21,Canada,7.829737785665801,ca,1,tracker_actual_2026-08-24
2026-12-21,China,27.2198622269524,chn,1,tracker_actual_2026-08-24
2026-12-21,EU,8.193962168422233,eu,1,tracker_actual_2026-08-24
2026-12-21,Free-trade partners,11.92542879919018,fta,1,tracker_actual_2026-08-24
2026-12-21,Japan,13.14039121088729,jp,1,tracker_actual_2026-08-24
2026-12-21,Mexico,6.8874732874652285,mx,1,tracker_actual_2026-08-24
2026-12-21,Rest of World,11.363643750163414,row,1,tracker_actual_2026-08-24
2026-12-21,UK,7.0594255589302355,uk,1,tracker_actual_2026-08-24
2026-12-22,Canada,7.829737785665801,ca,1,tracker_actual_2026-08-24
2026-12-22,China,27.2198622269524,chn,1,tracker_actual_2026-08-24
2026-12-22,EU,8.193962168422233,eu,1,tracker_actual_2026-08-24
2026-12-22,Free-trade partners,11.92542879919018,fta,1,tracker_actual_2026-08-24
2026-12-22,Japan,13.14039121088729,jp,1,tracker_actual_2026-08-24
2026-12-22,Mexico,6.8874732874652285,mx,1,tracker_actual_2026-08-24
2026-12-22,Rest of World,11.363643750163414,row,1,tracker_actual_2026-08-24
2026-12-22,UK,7.0594255589302355,uk,1,tracker_actual_2026-08-24
2026-12-23,Canada,7.829737785665801,ca,1,tracker_actual_2026-08-24
2026-12-23,China,27.2198622269524,chn,1,tracker_actual_2026-08-24
2026-12-23,EU,8.193962168422233,eu,1,tracker_actual_2026-08-24
2026-12-23,Free-trade partners,11.92542879919018,fta,1,tracker_actual_2026-08-24
2026-12-23,Japan,13.14039121088729,jp,1,tracker_actual_2026-08-24
2026-12-23,Mexico,6.8874732874652285,mx,1,tracker_actual_2026-08-24
2026-12-23,Rest of World,11.363643750163414,row,1,tracker_actual_2026-08-24
2026-12-23,UK,7.0594255589302355,uk,1,tracker_actual_2026-08-24
2026-12-24,Canada,7.829737785665801,ca,1,tracker_actual_2026-08-24
2026-12-24,China,27.2198622269524,chn,1,tracker_actual_2026-08-24
2026-12-24,EU,8.193962168422233,eu,1,tracker_actual_2026-08-24
2026-12-24,Free-trade partners,11.92542879919018,fta,1,tracker_actual_2026-08-24
2026-12-24,Japan,13.14039121088729,jp,1,tracker_actual_2026-08-24
2026-12-24,Mexico,6.8874732874652285,mx,1,tracker_actual_2026-08-24
2026-12-24,Rest of World,11.363643750163414,row,1,tracker_actual_2026-08-24
2026-12-24,UK,7.0594255589302355,uk,1,tracker_actual_2026-08-24
2026-12-25,Canada,7.829737785665801,ca,1,tracker_actual_2026-08-24
2026-12-25,China,27.2198622269524,chn,1,tracker_actual_2026-08-24
2026-12-25,EU,8.193962168422233,eu,1,tracker_actual_2026-08-24
2026-12-25,Free-trade partners,11.92542879919018,fta,1,tracker_actual_2026-08-24
2026-12-25,Japan,13.14039121088729,jp,1,tracker_actual_2026-08-24
2026-12-25,Mexico,6.8874732874652285,mx,1,tracker_actual_2026-08-24
2026-12-25,Rest of World,11.363643750163414,row,1,tracker_actual_2026-08-24
2026-12-25,UK,7.0594255589302355,uk,1,tracker_actual_2026-08-24
2026-12-26,Canada,7.829737785665801,ca,1,tracker_actual_2026-08-24
2026-12-26,China,27.2198622269524,chn,1,tracker_actual_2026-08-24
2026-12-26,EU,8.193962168422233,eu,1,tracker_actual_2026-08-24
2026-12-26,Free-trade partners,11.92542879919018,fta,1,tracker_actual_2026-08-24
2026-12-26,Japan,13.14039121088729,jp,1,tracker_actual_2026-08-24
2026-12-26,Mexico,6.8874732874652285,mx,1,tracker_actual_2026-08-24
2026-12-26,Rest of World,11.363643750163414,row,1,tracker_actual_2026-08-24
2026-12-26,UK,7.0594255589302355,uk,1,tracker_actual_2026-08-24
2026-12-27,Canada,7.829737785665801,ca,1,tracker_actual_2026-08-24
2026-12-27,China,27.2198622269524,chn,1,tracker_actual_2026-08-24
2026-12-27,EU,8.193962168422233,eu,1,tracker_actual_2026-08-24
2026-12-27,Free-trade partners,11.92542879919018,fta,1,tracker_actual_2026-08-24
2026-12-27,Japan,13.14039121088729,jp,1,tracker_actual_2026-08-24
2026-12-27,Mexico,6.8874732874652285,mx,1,tracker_actual_2026-08-24
2026-12-27,Rest of World,11.363643750163414,row,1,tracker_actual_2026-08-24
2026-12-27,UK,7.0594255589302355,uk,1,tracker_actual_2026-08-24
2026-12-28,Canada,7.829737785665801,ca,1,tracker_actual_2026-08-24
2026-12-28,China,27.2198622269524,chn,1,tracker_actual_2026-08-24
2026-12-28,EU,8.193962168422233,eu,1,tracker_actual_2026-08-24
2026-12-28,Free-trade partners,11.92542879919018,fta,1,tracker_actual_2026-08-24
2026-12-28,Japan,13.14039121088729,jp,1,tracker_actual_2026-08-24
2026-12-28,Mexico,6.8874732874652285,mx,1,tracker_actual_2026-08-24
2026-12-28,Rest of World,11.363643750163414,row,1,tracker_actual_2026-08-24
2026-12-28,UK,7.0594255589302355,uk,1,tracker_actual_2026-08-24
2026-12-29,Canada,7.829737785665801,ca,1,tracker_actual_2026-08-24
2026-12-29,China,27.2198622269524,chn,1,tracker_actual_2026-08-24
2026-12-29,EU,8.193962168422233,eu,1,tracker_actual_2026-08-24
2026-12-29,Free-trade partners,11.92542879919018,fta,1,tracker_actual_2026-08-24
2026-12-29,Japan,13.14039121088729,jp,1,tracker_actual_2026-08-24
2026-12-29,Mexico,6.8874732874652285,mx,1,tracker_actual_2026-08-24
2026-12-29,Rest of World,11.363643750163414,row,1,tracker_actual_2026-08-24
2026-12-29,UK,7.0594255589302355,uk,1,tracker_actual_2026-08-24
2026-12-30,Canada,7.829737785665801,ca,1,tracker_actual_2026-08-24
2026-12-30,China,27.2198622269524,chn,1,tracker_actual_2026-08-24
2026-12-30,EU,8.193962168422233,eu,1,tracker_actual_2026-08-24
2026-12-30,Free-trade partners,11.92542879919018,fta,1,tracker_actual_2026-08-24
2026-12-30,Japan,13.14039121088729,jp,1,tracker_actual_2026-08-24
2026-12-30,Mexico,6.8874732874652285,mx,1,tracker_actual_2026-08-24
2026-12-30,Rest of World,11.363643750163414,row,1,tracker_actual_2026-08-24
2026-12-30,UK,7.0594255589302355,uk,1,tracker_actual_2026-08-24
2026-12-31,Canada,7.829737785665801,ca,1,tracker_actual_2026-08-24
2026-12-31,China,27.2198622269524,chn,1,tracker_actual_2026-08-24
2026-12-31,EU,8.193962168422233,eu,1,tracker_actual_2026-08-24
2026-12-31,Free-trade partners,11.92542879919018,fta,1,tracker_actual_2026-08-24
2026-12-31,Japan,13.14039121088729,jp,1,tracker_actual_2026-08-24
2026-12-31,Mexico,6.8874732874652285,mx,1,tracker_actual_2026-08-24
2026-12-31,Rest of World,11.363643750163414,row,1,tracker_actual_2026-08-24
2026-12-31,UK,7.0594255589302355,uk,1,tracker_actual_2026-08-24
2025-01-01,Canada,0.101852187324056,ca,0,tracker_no_s338_2026-08-24
2025-01-01,China,12.024141924503965,chn,0,tracker_no_s338_2026-08-24
2025-01-01,EU,1.3065734851022839,eu,0,tracker_no_s338_2026-08-24
2025-01-01,Free-trade partners,0.4765191380387736,fta,0,tracker_no_s338_2026-08-24
2025-01-01,Japan,1.544234204417029,jp,0,tracker_no_s338_2026-08-24
2025-01-01,Mexico,0.23855623769280396,mx,0,tracker_no_s338_2026-08-24
2025-01-01,Rest of World,2.647922264349226,row,0,tracker_no_s338_2026-08-24
2025-01-01,UK,1.027779304941755,uk,0,tracker_no_s338_2026-08-24
2025-01-02,Canada,0.101852187324056,ca,0,tracker_no_s338_2026-08-24
2025-01-02,China,12.024141924503965,chn,0,tracker_no_s338_2026-08-24
2025-01-02,EU,1.3065734851022839,eu,0,tracker_no_s338_2026-08-24
2025-01-02,Free-trade partners,0.4765191380387736,fta,0,tracker_no_s338_2026-08-24
2025-01-02,Japan,1.544234204417029,jp,0,tracker_no_s338_2026-08-24
2025-01-02,Mexico,0.23855623769280396,mx,0,tracker_no_s338_2026-08-24
2025-01-02,Rest of World,2.647922264349226,row,0,tracker_no_s338_2026-08-24
2025-01-02,UK,1.027779304941755,uk,0,tracker_no_s338_2026-08-24
2025-01-03,Canada,0.101852187324056,ca,0,tracker_no_s338_2026-08-24
2025-01-03,China,12.024141924503965,chn,0,tracker_no_s338_2026-08-24
2025-01-03,EU,1.3065734851022839,eu,0,tracker_no_s338_2026-08-24
2025-01-03,Free-trade partners,0.4765191380387736,fta,0,tracker_no_s338_2026-08-24
2025-01-03,Japan,1.544234204417029,jp,0,tracker_no_s338_2026-08-24
2025-01-03,Mexico,0.23855623769280396,mx,0,tracker_no_s338_2026-08-24
2025-01-03,Rest of World,2.647922264349226,row,0,tracker_no_s338_2026-08-24
2025-01-03,UK,1.027779304941755,uk,0,tracker_no_s338_2026-08-24
2025-01-04,Canada,0.101852187324056,ca,0,tracker_no_s338_2026-08-24
2025-01-04,China,12.024141924503965,chn,0,tracker_no_s338_2026-08-24
2025-01-04,EU,1.3065734851022839,eu,0,tracker_no_s338_2026-08-24
2025-01-04,Free-trade partners,0.4765191380387736,fta,0,tracker_no_s338_2026-08-24
2025-01-04,Japan,1.544234204417029,jp,0,tracker_no_s338_2026-08-24
2025-01-04,Mexico,0.23855623769280396,mx,0,tracker_no_s338_2026-08-24
2025-01-04,Rest of World,2.647922264349226,row,0,tracker_no_s338_2026-08-24
2025-01-04,UK,1.027779304941755,uk,0,tracker_no_s338_2026-08-24
2025-01-05,Canada,0.101852187324056,ca,0,tracker_no_s338_2026-08-24
2025-01-05,China,12.024141924503965,chn,0,tracker_no_s338_2026-08-24
2025-01-05,EU,1.3065734851022839,eu,0,tracker_no_s338_2026-08-24
2025-01-05,Free-trade partners,0.4765191380387736,fta,0,tracker_no_s338_2026-08-24
2025-01-05,Japan,1.544234204417029,jp,0,tracker_no_s338_2026-08-24
2025-01-05,Mexico,0.23855623769280396,mx,0,tracker_no_s338_2026-08-24
2025-01-05,Rest of World,2.647922264349226,row,0,tracker_no_s338_2026-08-24
2025-01-05,UK,1.027779304941755,uk,0,tracker_no_s338_2026-08-24
2025-01-06,Canada,0.101852187324056,ca,0,tracker_no_s338_2026-08-24
2025-01-06,China,12.024141924503965,chn,0,tracker_no_s338_2026-08-24
2025-01-06,EU,1.3065734851022839,eu,0,tracker_no_s338_2026-08-24
2025-01-06,Free-trade partners,0.4765191380387736,fta,0,tracker_no_s338_2026-08-24
2025-01-06,Japan,1.544234204417029,jp,0,tracker_no_s338_2026-08-24
2025-01-06,Mexico,0.23855623769280396,mx,0,tracker_no_s338_2026-08-24
2025-01-06,Rest of World,2.647922264349226,row,0,tracker_no_s338_2026-08-24
2025-01-06,UK,1.027779304941755,uk,0,tracker_no_s338_2026-08-24
2025-01-07,Canada,0.101852187324056,ca,0,tracker_no_s338_2026-08-24
2025-01-07,China,12.024141924503965,chn,0,tracker_no_s338_2026-08-24
2025-01-07,EU,1.3065734851022839,eu,0,tracker_no_s338_2026-08-24
2025-01-07,Free-trade partners,0.4765191380387736,fta,0,tracker_no_s338_2026-08-24
2025-01-07,Japan,1.544234204417029,jp,0,tracker_no_s338_2026-08-24
2025-01-07,Mexico,0.23855623769280396,mx,0,tracker_no_s338_2026-08-24
2025-01-07,Rest of World,2.647922264349226,row,0,tracker_no_s338_2026-08-24
2025-01-07,UK,1.027779304941755,uk,0,tracker_no_s338_2026-08-24
2025-01-08,Canada,0.101852187324056,ca,0,tracker_no_s338_2026-08-24
2025-01-08,China,12.024141924503965,chn,0,tracker_no_s338_2026-08-24
2025-01-08,EU,1.3065734851022839,eu,0,tracker_no_s338_2026-08-24
2025-01-08,Free-trade partners,0.4765191380387736,fta,0,tracker_no_s338_2026-08-24
2025-01-08,Japan,1.544234204417029,jp,0,tracker_no_s338_2026-08-24
2025-01-08,Mexico,0.23855623769280396,mx,0,tracker_no_s338_2026-08-24
2025-01-08,Rest of World,2.647922264349226,row,0,tracker_no_s338_2026-08-24
2025-01-08,UK,1.027779304941755,uk,0,tracker_no_s338_2026-08-24
2025-01-09,Canada,0.101852187324056,ca,0,tracker_no_s338_2026-08-24
2025-01-09,China,12.024141924503965,chn,0,tracker_no_s338_2026-08-24
2025-01-09,EU,1.3065734851022839,eu,0,tracker_no_s338_2026-08-24
2025-01-09,Free-trade partners,0.4765191380387736,fta,0,tracker_no_s338_2026-08-24
2025-01-09,Japan,1.544234204417029,jp,0,tracker_no_s338_2026-08-24
2025-01-09,Mexico,0.23855623769280396,mx,0,tracker_no_s338_2026-08-24
2025-01-09,Rest of World,2.647922264349226,row,0,tracker_no_s338_2026-08-24
2025-01-09,UK,1.027779304941755,uk,0,tracker_no_s338_2026-08-24
2025-01-10,Canada,0.101852187324056,ca,0,tracker_no_s338_2026-08-24
2025-01-10,China,12.024141924503965,chn,0,tracker_no_s338_2026-08-24
2025-01-10,EU,1.3065734851022839,eu,0,tracker_no_s338_2026-08-24
2025-01-10,Free-trade partners,0.4765191380387736,fta,0,tracker_no_s338_2026-08-24
2025-01-10,Japan,1.544234204417029,jp,0,tracker_no_s338_2026-08-24
2025-01-10,Mexico,0.23855623769280396,mx,0,tracker_no_s338_2026-08-24
2025-01-10,Rest of World,2.647922264349226,row,0,tracker_no_s338_2026-08-24
2025-01-10,UK,1.027779304941755,uk,0,tracker_no_s338_2026-08-24
2025-01-11,Canada,0.101852187324056,ca,0,tracker_no_s338_2026-08-24
2025-01-11,China,12.024141924503965,chn,0,tracker_no_s338_2026-08-24
2025-01-11,EU,1.3065734851022839,eu,0,tracker_no_s338_2026-08-24
2025-01-11,Free-trade partners,0.4765191380387736,fta,0,tracker_no_s338_2026-08-24
2025-01-11,Japan,1.544234204417029,jp,0,tracker_no_s338_2026-08-24
2025-01-11,Mexico,0.23855623769280396,mx,0,tracker_no_s338_2026-08-24
2025-01-11,Rest of World,2.647922264349226,row,0,tracker_no_s338_2026-08-24
2025-01-11,UK,1.027779304941755,uk,0,tracker_no_s338_2026-08-24
2025-01-12,Canada,0.101852187324056,ca,0,tracker_no_s338_2026-08-24
2025-01-12,China,12.024141924503965,chn,0,tracker_no_s338_2026-08-24
2025-01-12,EU,1.3065734851022839,eu,0,tracker_no_s338_2026-08-24
2025-01-12,Free-trade partners,0.4765191380387736,fta,0,tracker_no_s338_2026-08-24
2025-01-12,Japan,1.544234204417029,jp,0,tracker_no_s338_2026-08-24
2025-01-12,Mexico,0.23855623769280396,mx,0,tracker_no_s338_2026-08-24
2025-01-12,Rest of World,2.647922264349226,row,0,tracker_no_s338_2026-08-24
2025-01-12,UK,1.027779304941755,uk,0,tracker_no_s338_2026-08-24
2025-01-13,Canada,0.101852187324056,ca,0,tracker_no_s338_2026-08-24
2025-01-13,China,12.024141924503965,chn,0,tracker_no_s338_2026-08-24
2025-01-13,EU,1.3065734851022839,eu,0,tracker_no_s338_2026-08-24
2025-01-13,Free-trade partners,0.4765191380387736,fta,0,tracker_no_s338_2026-08-24
2025-01-13,Japan,1.544234204417029,jp,0,tracker_no_s338_2026-08-24
2025-01-13,Mexico,0.23855623769280396,mx,0,tracker_no_s338_2026-08-24
2025-01-13,Rest of World,2.647922264349226,row,0,tracker_no_s338_2026-08-24
2025-01-13,UK,1.027779304941755,uk,0,tracker_no_s338_2026-08-24
2025-01-14,Canada,0.101852187324056,ca,0,tracker_no_s338_2026-08-24
2025-01-14,China,12.024141924503965,chn,0,tracker_no_s338_2026-08-24
2025-01-14,EU,1.3065734851022839,eu,0,tracker_no_s338_2026-08-24
2025-01-14,Free-trade partners,0.4765191380387736,fta,0,tracker_no_s338_2026-08-24
2025-01-14,Japan,1.544234204417029,jp,0,tracker_no_s338_2026-08-24
2025-01-14,Mexico,0.23855623769280396,mx,0,tracker_no_s338_2026-08-24
2025-01-14,Rest of World,2.647922264349226,row,0,tracker_no_s338_2026-08-24
2025-01-14,UK,1.027779304941755,uk,0,tracker_no_s338_2026-08-24
2025-01-15,Canada,0.101852187324056,ca,0,tracker_no_s338_2026-08-24
2025-01-15,China,12.024141924503965,chn,0,tracker_no_s338_2026-08-24
2025-01-15,EU,1.3065734851022839,eu,0,tracker_no_s338_2026-08-24
2025-01-15,Free-trade partners,0.4765191380387736,fta,0,tracker_no_s338_2026-08-24
2025-01-15,Japan,1.544234204417029,jp,0,tracker_no_s338_2026-08-24
2025-01-15,Mexico,0.23855623769280396,mx,0,tracker_no_s338_2026-08-24
2025-01-15,Rest of World,2.647922264349226,row,0,tracker_no_s338_2026-08-24
2025-01-15,UK,1.027779304941755,uk,0,tracker_no_s338_2026-08-24
2025-01-16,Canada,0.101852187324056,ca,0,tracker_no_s338_2026-08-24
2025-01-16,China,12.024141924503965,chn,0,tracker_no_s338_2026-08-24
2025-01-16,EU,1.3065734851022839,eu,0,tracker_no_s338_2026-08-24
2025-01-16,Free-trade partners,0.4765191380387736,fta,0,tracker_no_s338_2026-08-24
2025-01-16,Japan,1.544234204417029,jp,0,tracker_no_s338_2026-08-24
2025-01-16,Mexico,0.23855623769280396,mx,0,tracker_no_s338_2026-08-24
2025-01-16,Rest of World,2.647922264349226,row,0,tracker_no_s338_2026-08-24
2025-01-16,UK,1.027779304941755,uk,0,tracker_no_s338_2026-08-24
2025-01-17,Canada,0.101852187324056,ca,0,tracker_no_s338_2026-08-24
2025-01-17,China,12.024141924503965,chn,0,tracker_no_s338_2026-08-24
2025-01-17,EU,1.3065734851022839,eu,0,tracker_no_s338_2026-08-24
2025-01-17,Free-trade partners,0.4765191380387736,fta,0,tracker_no_s338_2026-08-24
2025-01-17,Japan,1.544234204417029,jp,0,tracker_no_s338_2026-08-24
2025-01-17,Mexico,0.23855623769280396,mx,0,tracker_no_s338_2026-08-24
2025-01-17,Rest of World,2.647922264349226,row,0,tracker_no_s338_2026-08-24
2025-01-17,UK,1.027779304941755,uk,0,tracker_no_s338_2026-08-24
2025-01-18,Canada,0.101852187324056,ca,0,tracker_no_s338_2026-08-24
2025-01-18,China,12.024141924503965,chn,0,tracker_no_s338_2026-08-24
2025-01-18,EU,1.3065734851022839,eu,0,tracker_no_s338_2026-08-24
2025-01-18,Free-trade partners,0.4765191380387736,fta,0,tracker_no_s338_2026-08-24
2025-01-18,Japan,1.544234204417029,jp,0,tracker_no_s338_2026-08-24
2025-01-18,Mexico,0.23855623769280396,mx,0,tracker_no_s338_2026-08-24
2025-01-18,Rest of World,2.647922264349226,row,0,tracker_no_s338_2026-08-24
2025-01-18,UK,1.027779304941755,uk,0,tracker_no_s338_2026-08-24
2025-01-19,Canada,0.101852187324056,ca,0,tracker_no_s338_2026-08-24
2025-01-19,China,12.024141924503965,chn,0,tracker_no_s338_2026-08-24
2025-01-19,EU,1.3065734851022839,eu,0,tracker_no_s338_2026-08-24
2025-01-19,Free-trade partners,0.4765191380387736,fta,0,tracker_no_s338_2026-08-24
2025-01-19,Japan,1.544234204417029,jp,0,tracker_no_s338_2026-08-24
2025-01-19,Mexico,0.23855623769280396,mx,0,tracker_no_s338_2026-08-24
2025-01-19,Rest of World,2.647922264349226,row,0,tracker_no_s338_2026-08-24
2025-01-19,UK,1.027779304941755,uk,0,tracker_no_s338_2026-08-24
2025-01-20,Canada,0.101852187324056,ca,0,tracker_no_s338_2026-08-24
2025-01-20,China,12.024141924503965,chn,0,tracker_no_s338_2026-08-24
2025-01-20,EU,1.3065734851022839,eu,0,tracker_no_s338_2026-08-24
2025-01-20,Free-trade partners,0.4765191380387736,fta,0,tracker_no_s338_2026-08-24
2025-01-20,Japan,1.544234204417029,jp,0,tracker_no_s338_2026-08-24
2025-01-20,Mexico,0.23855623769280396,mx,0,tracker_no_s338_2026-08-24
2025-01-20,Rest of World,2.647922264349226,row,0,tracker_no_s338_2026-08-24
2025-01-20,UK,1.027779304941755,uk,0,tracker_no_s338_2026-08-24
2025-01-21,Canada,0.101852187324056,ca,0,tracker_no_s338_2026-08-24
2025-01-21,China,12.024141924503965,chn,0,tracker_no_s338_2026-08-24
2025-01-21,EU,1.3065734851022839,eu,0,tracker_no_s338_2026-08-24
2025-01-21,Free-trade partners,0.4765191380387736,fta,0,tracker_no_s338_2026-08-24
2025-01-21,Japan,1.544234204417029,jp,0,tracker_no_s338_2026-08-24
2025-01-21,Mexico,0.23855623769280396,mx,0,tracker_no_s338_2026-08-24
2025-01-21,Rest of World,2.647922264349226,row,0,tracker_no_s338_2026-08-24
2025-01-21,UK,1.027779304941755,uk,0,tracker_no_s338_2026-08-24
2025-01-22,Canada,0.101852187324056,ca,0,tracker_no_s338_2026-08-24
2025-01-22,China,12.024141924503965,chn,0,tracker_no_s338_2026-08-24
2025-01-22,EU,1.3065734851022839,eu,0,tracker_no_s338_2026-08-24
2025-01-22,Free-trade partners,0.4765191380387736,fta,0,tracker_no_s338_2026-08-24
2025-01-22,Japan,1.544234204417029,jp,0,tracker_no_s338_2026-08-24
2025-01-22,Mexico,0.23855623769280396,mx,0,tracker_no_s338_2026-08-24
2025-01-22,Rest of World,2.647922264349226,row,0,tracker_no_s338_2026-08-24
2025-01-22,UK,1.027779304941755,uk,0,tracker_no_s338_2026-08-24
2025-01-23,Canada,0.101852187324056,ca,0,tracker_no_s338_2026-08-24
2025-01-23,China,12.024141924503965,chn,0,tracker_no_s338_2026-08-24
2025-01-23,EU,1.3065734851022839,eu,0,tracker_no_s338_2026-08-24
2025-01-23,Free-trade partners,0.4765191380387736,fta,0,tracker_no_s338_2026-08-24
2025-01-23,Japan,1.544234204417029,jp,0,tracker_no_s338_2026-08-24
2025-01-23,Mexico,0.23855623769280396,mx,0,tracker_no_s338_2026-08-24
2025-01-23,Rest of World,2.647922264349226,row,0,tracker_no_s338_2026-08-24
2025-01-23,UK,1.027779304941755,uk,0,tracker_no_s338_2026-08-24
2025-01-24,Canada,0.101852187324056,ca,0,tracker_no_s338_2026-08-24
2025-01-24,China,12.024141924503965,chn,0,tracker_no_s338_2026-08-24
2025-01-24,EU,1.3065734851022839,eu,0,tracker_no_s338_2026-08-24
2025-01-24,Free-trade partners,0.4765191380387736,fta,0,tracker_no_s338_2026-08-24
2025-01-24,Japan,1.544234204417029,jp,0,tracker_no_s338_2026-08-24
2025-01-24,Mexico,0.23855623769280396,mx,0,tracker_no_s338_2026-08-24
2025-01-24,Rest of World,2.647922264349226,row,0,tracker_no_s338_2026-08-24
2025-01-24,UK,1.027779304941755,uk,0,tracker_no_s338_2026-08-24
2025-01-25,Canada,0.101852187324056,ca,0,tracker_no_s338_2026-08-24
2025-01-25,China,12.024141924503965,chn,0,tracker_no_s338_2026-08-24
2025-01-25,EU,1.3065734851022839,eu,0,tracker_no_s338_2026-08-24
2025-01-25,Free-trade partners,0.4765191380387736,fta,0,tracker_no_s338_2026-08-24
2025-01-25,Japan,1.544234204417029,jp,0,tracker_no_s338_2026-08-24
2025-01-25,Mexico,0.23855623769280396,mx,0,tracker_no_s338_2026-08-24
2025-01-25,Rest of World,2.647922264349226,row,0,tracker_no_s338_2026-08-24
2025-01-25,UK,1.027779304941755,uk,0,tracker_no_s338_2026-08-24
2025-01-26,Canada,0.101852187324056,ca,0,tracker_no_s338_2026-08-24
2025-01-26,China,12.024141924503965,chn,0,tracker_no_s338_2026-08-24
2025-01-26,EU,1.3065734851022839,eu,0,tracker_no_s338_2026-08-24
2025-01-26,Free-trade partners,0.4765191380387736,fta,0,tracker_no_s338_2026-08-24
2025-01-26,Japan,1.544234204417029,jp,0,tracker_no_s338_2026-08-24
2025-01-26,Mexico,0.23855623769280396,mx,0,tracker_no_s338_2026-08-24
2025-01-26,Rest of World,2.647922264349226,row,0,tracker_no_s338_2026-08-24
2025-01-26,UK,1.027779304941755,uk,0,tracker_no_s338_2026-08-24
2025-01-27,Canada,0.101852187324056,ca,0,tracker_no_s338_2026-08-24
2025-01-27,China,12.024141924503965,chn,0,tracker_no_s338_2026-08-24
2025-01-27,EU,1.3065734851022839,eu,0,tracker_no_s338_2026-08-24
2025-01-27,Free-trade partners,0.4765191380387736,fta,0,tracker_no_s338_2026-08-24
2025-01-27,Japan,1.544234204417029,jp,0,tracker_no_s338_2026-08-24
2025-01-27,Mexico,0.23855623769280396,mx,0,tracker_no_s338_2026-08-24
2025-01-27,Rest of World,2.647922264349226,row,0,tracker_no_s338_2026-08-24
2025-01-27,UK,1.027779304941755,uk,0,tracker_no_s338_2026-08-24
2025-01-28,Canada,0.101852187324056,ca,0,tracker_no_s338_2026-08-24
2025-01-28,China,12.024141924503965,chn,0,tracker_no_s338_2026-08-24
2025-01-28,EU,1.3065734851022839,eu,0,tracker_no_s338_2026-08-24
2025-01-28,Free-trade partners,0.4765191380387736,fta,0,tracker_no_s338_2026-08-24
2025-01-28,Japan,1.544234204417029,jp,0,tracker_no_s338_2026-08-24
2025-01-28,Mexico,0.23855623769280396,mx,0,tracker_no_s338_2026-08-24
2025-01-28,Rest of World,2.647922264349226,row,0,tracker_no_s338_2026-08-24
2025-01-28,UK,1.027779304941755,uk,0,tracker_no_s338_2026-08-24
2025-01-29,Canada,0.101852187324056,ca,0,tracker_no_s338_2026-08-24
2025-01-29,China,12.024141924503965,chn,0,tracker_no_s338_2026-08-24
2025-01-29,EU,1.3065734851022839,eu,0,tracker_no_s338_2026-08-24
2025-01-29,Free-trade partners,0.4765191380387736,fta,0,tracker_no_s338_2026-08-24
2025-01-29,Japan,1.544234204417029,jp,0,tracker_no_s338_2026-08-24
2025-01-29,Mexico,0.23855623769280396,mx,0,tracker_no_s338_2026-08-24
2025-01-29,Rest of World,2.647922264349226,row,0,tracker_no_s338_2026-08-24
2025-01-29,UK,1.027779304941755,uk,0,tracker_no_s338_2026-08-24
2025-01-30,Canada,0.101852187324056,ca,0,tracker_no_s338_2026-08-24
2025-01-30,China,12.024141924503965,chn,0,tracker_no_s338_2026-08-24
2025-01-30,EU,1.3065734851022839,eu,0,tracker_no_s338_2026-08-24
2025-01-30,Free-trade partners,0.4765191380387736,fta,0,tracker_no_s338_2026-08-24
2025-01-30,Japan,1.544234204417029,jp,0,tracker_no_s338_2026-08-24
2025-01-30,Mexico,0.23855623769280396,mx,0,tracker_no_s338_2026-08-24
2025-01-30,Rest of World,2.647922264349226,row,0,tracker_no_s338_2026-08-24
2025-01-30,UK,1.027779304941755,uk,0,tracker_no_s338_2026-08-24
2025-01-31,Canada,0.101852187324056,ca,0,tracker_no_s338_2026-08-24
2025-01-31,China,12.024141924503965,chn,0,tracker_no_s338_2026-08-24
2025-01-31,EU,1.3065734851022839,eu,0,tracker_no_s338_2026-08-24
2025-01-31,Free-trade partners,0.4765191380387736,fta,0,tracker_no_s338_2026-08-24
2025-01-31,Japan,1.544234204417029,jp,0,tracker_no_s338_2026-08-24
2025-01-31,Mexico,0.23855623769280396,mx,0,tracker_no_s338_2026-08-24
2025-01-31,Rest of World,2.647922264349226,row,0,tracker_no_s338_2026-08-24
2025-01-31,UK,1.027779304941755,uk,0,tracker_no_s338_2026-08-24
2025-02-01,Canada,0.101852187324056,ca,0,tracker_no_s338_2026-08-24
2025-02-01,China,12.024141924503965,chn,0,tracker_no_s338_2026-08-24
2025-02-01,EU,1.3065734851022839,eu,0,tracker_no_s338_2026-08-24
2025-02-01,Free-trade partners,0.4765191380387736,fta,0,tracker_no_s338_2026-08-24
2025-02-01,Japan,1.544234204417029,jp,0,tracker_no_s338_2026-08-24
2025-02-01,Mexico,0.23855623769280396,mx,0,tracker_no_s338_2026-08-24
2025-02-01,Rest of World,2.647922264349226,row,0,tracker_no_s338_2026-08-24
2025-02-01,UK,1.027779304941755,uk,0,tracker_no_s338_2026-08-24
2025-02-02,Canada,0.101852187324056,ca,0,tracker_no_s338_2026-08-24
2025-02-02,China,12.024141924503965,chn,0,tracker_no_s338_2026-08-24
2025-02-02,EU,1.3065734851022839,eu,0,tracker_no_s338_2026-08-24
2025-02-02,Free-trade partners,0.4765191380387736,fta,0,tracker_no_s338_2026-08-24
2025-02-02,Japan,1.544234204417029,jp,0,tracker_no_s338_2026-08-24
2025-02-02,Mexico,0.23855623769280396,mx,0,tracker_no_s338_2026-08-24
2025-02-02,Rest of World,2.647922264349226,row,0,tracker_no_s338_2026-08-24
2025-02-02,UK,1.027779304941755,uk,0,tracker_no_s338_2026-08-24
2025-02-03,Canada,0.101852187324056,ca,0,tracker_no_s338_2026-08-24
2025-02-03,China,12.024141924503965,chn,0,tracker_no_s338_2026-08-24
2025-02-03,EU,1.3065734851022839,eu,0,tracker_no_s338_2026-08-24
2025-02-03,Free-trade partners,0.4765191380387736,fta,0,tracker_no_s338_2026-08-24
2025-02-03,Japan,1.544234204417029,jp,0,tracker_no_s338_2026-08-24
2025-02-03,Mexico,0.23855623769280396,mx,0,tracker_no_s338_2026-08-24
2025-02-03,Rest of World,2.647922264349226,row,0,tracker_no_s338_2026-08-24
2025-02-03,UK,1.027779304941755,uk,0,tracker_no_s338_2026-08-24
2025-02-04,Canada,0.101852625270724,ca,0,tracker_no_s338_2026-08-24
2025-02-04,China,22.012479520424126,chn,0,tracker_no_s338_2026-08-24
2025-02-04,EU,1.3065794621829285,eu,0,tracker_no_s338_2026-08-24
2025-02-04,Free-trade partners,0.4765215933902309,fta,0,tracker_no_s338_2026-08-24
2025-02-04,Japan,1.5442346868703358,jp,0,tracker_no_s338_2026-08-24
2025-02-04,Mexico,0.23855628400817702,mx,0,tracker_no_s338_2026-08-24
2025-02-04,Rest of World,2.6888500600499956,row,0,tracker_no_s338_2026-08-24
2025-02-04,UK,1.0277835076446418,uk,0,tracker_no_s338_2026-08-24
2025-02-05,Canada,0.101852625270724,ca,0,tracker_no_s338_2026-08-24
2025-02-05,China,22.012479520424126,chn,0,tracker_no_s338_2026-08-24
2025-02-05,EU,1.3065794621829285,eu,0,tracker_no_s338_2026-08-24
2025-02-05,Free-trade partners,0.4765215933902309,fta,0,tracker_no_s338_2026-08-24
2025-02-05,Japan,1.5442346868703358,jp,0,tracker_no_s338_2026-08-24
2025-02-05,Mexico,0.23855628400817702,mx,0,tracker_no_s338_2026-08-24
2025-02-05,Rest of World,2.6888500600499956,row,0,tracker_no_s338_2026-08-24
2025-02-05,UK,1.0277835076446418,uk,0,tracker_no_s338_2026-08-24
2025-02-06,Canada,0.101852625270724,ca,0,tracker_no_s338_2026-08-24
2025-02-06,China,22.012479520424126,chn,0,tracker_no_s338_2026-08-24
2025-02-06,EU,1.3065794621829285,eu,0,tracker_no_s338_2026-08-24
2025-02-06,Free-trade partners,0.4765215933902309,fta,0,tracker_no_s338_2026-08-24
2025-02-06,Japan,1.5442346868703358,jp,0,tracker_no_s338_2026-08-24
2025-02-06,Mexico,0.23855628400817702,mx,0,tracker_no_s338_2026-08-24
2025-02-06,Rest of World,2.6888500600499956,row,0,tracker_no_s338_2026-08-24
2025-02-06,UK,1.0277835076446418,uk,0,tracker_no_s338_2026-08-24
2025-02-07,Canada,0.101852625270724,ca,0,tracker_no_s338_2026-08-24
2025-02-07,China,22.012479520424126,chn,0,tracker_no_s338_2026-08-24
2025-02-07,EU,1.3065794621829285,eu,0,tracker_no_s338_2026-08-24
2025-02-07,Free-trade partners,0.4765215933902309,fta,0,tracker_no_s338_2026-08-24
2025-02-07,Japan,1.5442346868703358,jp,0,tracker_no_s338_2026-08-24
2025-02-07,Mexico,0.23855628400817702,mx,0,tracker_no_s338_2026-08-24
2025-02-07,Rest of World,2.6888500600499956,row,0,tracker_no_s338_2026-08-24
2025-02-07,UK,1.0277835076446418,uk,0,tracker_no_s338_2026-08-24
2025-02-08,Canada,0.101852625270724,ca,0,tracker_no_s338_2026-08-24
2025-02-08,China,22.012479520424126,chn,0,tracker_no_s338_2026-08-24
2025-02-08,EU,1.3065794621829285,eu,0,tracker_no_s338_2026-08-24
2025-02-08,Free-trade partners,0.4765215933902309,fta,0,tracker_no_s338_2026-08-24
2025-02-08,Japan,1.5442346868703358,jp,0,tracker_no_s338_2026-08-24
2025-02-08,Mexico,0.23855628400817702,mx,0,tracker_no_s338_2026-08-24
2025-02-08,Rest of World,2.6888500600499956,row,0,tracker_no_s338_2026-08-24
2025-02-08,UK,1.0277835076446418,uk,0,tracker_no_s338_2026-08-24
2025-02-09,Canada,0.101852625270724,ca,0,tracker_no_s338_2026-08-24
2025-02-09,China,22.012479520424126,chn,0,tracker_no_s338_2026-08-24
2025-02-09,EU,1.3065794621829285,eu,0,tracker_no_s338_2026-08-24
2025-02-09,Free-trade partners,0.4765215933902309,fta,0,tracker_no_s338_2026-08-24
2025-02-09,Japan,1.5442346868703358,jp,0,tracker_no_s338_2026-08-24
2025-02-09,Mexico,0.23855628400817702,mx,0,tracker_no_s338_2026-08-24
2025-02-09,Rest of World,2.6888500600499956,row,0,tracker_no_s338_2026-08-24
2025-02-09,UK,1.0277835076446418,uk,0,tracker_no_s338_2026-08-24
2025-02-10,Canada,0.101852625270724,ca,0,tracker_no_s338_2026-08-24
2025-02-10,China,22.012479520424126,chn,0,tracker_no_s338_2026-08-24
2025-02-10,EU,1.3065794621829285,eu,0,tracker_no_s338_2026-08-24
2025-02-10,Free-trade partners,0.4765215933902309,fta,0,tracker_no_s338_2026-08-24
2025-02-10,Japan,1.5442346868703358,jp,0,tracker_no_s338_2026-08-24
2025-02-10,Mexico,0.23855628400817702,mx,0,tracker_no_s338_2026-08-24
2025-02-10,Rest of World,2.6888500600499956,row,0,tracker_no_s338_2026-08-24
2025-02-10,UK,1.0277835076446418,uk,0,tracker_no_s338_2026-08-24
2025-02-11,Canada,0.101852625270724,ca,0,tracker_no_s338_2026-08-24
2025-02-11,China,22.012479520424126,chn,0,tracker_no_s338_2026-08-24
2025-02-11,EU,1.3065794621829285,eu,0,tracker_no_s338_2026-08-24
2025-02-11,Free-trade partners,0.4765215933902309,fta,0,tracker_no_s338_2026-08-24
2025-02-11,Japan,1.5442346868703358,jp,0,tracker_no_s338_2026-08-24
2025-02-11,Mexico,0.23855628400817702,mx,0,tracker_no_s338_2026-08-24
2025-02-11,Rest of World,2.6888500600499956,row,0,tracker_no_s338_2026-08-24
2025-02-11,UK,1.0277835076446418,uk,0,tracker_no_s338_2026-08-24
2025-02-12,Canada,0.101852625270724,ca,0,tracker_no_s338_2026-08-24
2025-02-12,China,22.012479520424126,chn,0,tracker_no_s338_2026-08-24
2025-02-12,EU,1.3065794621829285,eu,0,tracker_no_s338_2026-08-24
2025-02-12,Free-trade partners,0.4765215933902309,fta,0,tracker_no_s338_2026-08-24
2025-02-12,Japan,1.5442346868703358,jp,0,tracker_no_s338_2026-08-24
2025-02-12,Mexico,0.23855628400817702,mx,0,tracker_no_s338_2026-08-24
2025-02-12,Rest of World,2.6888500600499956,row,0,tracker_no_s338_2026-08-24
2025-02-12,UK,1.0277835076446418,uk,0,tracker_no_s338_2026-08-24
2025-02-13,Canada,0.101852625270724,ca,0,tracker_no_s338_2026-08-24
2025-02-13,China,22.012479520424126,chn,0,tracker_no_s338_2026-08-24
2025-02-13,EU,1.3065794621829285,eu,0,tracker_no_s338_2026-08-24
2025-02-13,Free-trade partners,0.4765215933902309,fta,0,tracker_no_s338_2026-08-24
2025-02-13,Japan,1.5442346868703358,jp,0,tracker_no_s338_2026-08-24
2025-02-13,Mexico,0.23855628400817702,mx,0,tracker_no_s338_2026-08-24
2025-02-13,Rest of World,2.6888500600499956,row,0,tracker_no_s338_2026-08-24
2025-02-13,UK,1.0277835076446418,uk,0,tracker_no_s338_2026-08-24
2025-02-14,Canada,0.101852625270724,ca,0,tracker_no_s338_2026-08-24
2025-02-14,China,22.012479520424126,chn,0,tracker_no_s338_2026-08-24
2025-02-14,EU,1.3065794621829285,eu,0,tracker_no_s338_2026-08-24
2025-02-14,Free-trade partners,0.4765215933902309,fta,0,tracker_no_s338_2026-08-24
2025-02-14,Japan,1.5442346868703358,jp,0,tracker_no_s338_2026-08-24
2025-02-14,Mexico,0.23855628400817702,mx,0,tracker_no_s338_2026-08-24
2025-02-14,Rest of World,2.6888500600499956,row,0,tracker_no_s338_2026-08-24
2025-02-14,UK,1.0277835076446418,uk,0,tracker_no_s338_2026-08-24
2025-02-15,Canada,0.101852625270724,ca,0,tracker_no_s338_2026-08-24
2025-02-15,China,22.012479520424126,chn,0,tracker_no_s338_2026-08-24
2025-02-15,EU,1.3065794621829285,eu,0,tracker_no_s338_2026-08-24
2025-02-15,Free-trade partners,0.4765215933902309,fta,0,tracker_no_s338_2026-08-24
2025-02-15,Japan,1.5442346868703358,jp,0,tracker_no_s338_2026-08-24
2025-02-15,Mexico,0.23855628400817702,mx,0,tracker_no_s338_2026-08-24
2025-02-15,Rest of World,2.6888500600499956,row,0,tracker_no_s338_2026-08-24
2025-02-15,UK,1.0277835076446418,uk,0,tracker_no_s338_2026-08-24
2025-02-16,Canada,0.101852625270724,ca,0,tracker_no_s338_2026-08-24
2025-02-16,China,22.012479520424126,chn,0,tracker_no_s338_2026-08-24
2025-02-16,EU,1.3065794621829285,eu,0,tracker_no_s338_2026-08-24
2025-02-16,Free-trade partners,0.4765215933902309,fta,0,tracker_no_s338_2026-08-24
2025-02-16,Japan,1.5442346868703358,jp,0,tracker_no_s338_2026-08-24
2025-02-16,Mexico,0.23855628400817702,mx,0,tracker_no_s338_2026-08-24
2025-02-16,Rest of World,2.6888500600499956,row,0,tracker_no_s338_2026-08-24
2025-02-16,UK,1.0277835076446418,uk,0,tracker_no_s338_2026-08-24
2025-02-17,Canada,0.101852625270724,ca,0,tracker_no_s338_2026-08-24
2025-02-17,China,22.012479520424126,chn,0,tracker_no_s338_2026-08-24
2025-02-17,EU,1.3065794621829285,eu,0,tracker_no_s338_2026-08-24
2025-02-17,Free-trade partners,0.4765215933902309,fta,0,tracker_no_s338_2026-08-24
2025-02-17,Japan,1.5442346868703358,jp,0,tracker_no_s338_2026-08-24
2025-02-17,Mexico,0.23855628400817702,mx,0,tracker_no_s338_2026-08-24
2025-02-17,Rest of World,2.6888500600499956,row,0,tracker_no_s338_2026-08-24
2025-02-17,UK,1.0277835076446418,uk,0,tracker_no_s338_2026-08-24
2025-02-18,Canada,0.101852625270724,ca,0,tracker_no_s338_2026-08-24
2025-02-18,China,22.012479520424126,chn,0,tracker_no_s338_2026-08-24
2025-02-18,EU,1.3065794621829285,eu,0,tracker_no_s338_2026-08-24
2025-02-18,Free-trade partners,0.4765215933902309,fta,0,tracker_no_s338_2026-08-24
2025-02-18,Japan,1.5442346868703358,jp,0,tracker_no_s338_2026-08-24
2025-02-18,Mexico,0.23855628400817702,mx,0,tracker_no_s338_2026-08-24
2025-02-18,Rest of World,2.6888500600499956,row,0,tracker_no_s338_2026-08-24
2025-02-18,UK,1.0277835076446418,uk,0,tracker_no_s338_2026-08-24
2025-02-19,Canada,0.101852625270724,ca,0,tracker_no_s338_2026-08-24
2025-02-19,China,22.012479520424126,chn,0,tracker_no_s338_2026-08-24
2025-02-19,EU,1.3065794621829285,eu,0,tracker_no_s338_2026-08-24
2025-02-19,Free-trade partners,0.4765215933902309,fta,0,tracker_no_s338_2026-08-24
2025-02-19,Japan,1.5442346868703358,jp,0,tracker_no_s338_2026-08-24
2025-02-19,Mexico,0.23855628400817702,mx,0,tracker_no_s338_2026-08-24
2025-02-19,Rest of World,2.6888500600499956,row,0,tracker_no_s338_2026-08-24
2025-02-19,UK,1.0277835076446418,uk,0,tracker_no_s338_2026-08-24
2025-02-20,Canada,0.101852625270724,ca,0,tracker_no_s338_2026-08-24
2025-02-20,China,22.012479520424126,chn,0,tracker_no_s338_2026-08-24
2025-02-20,EU,1.3065794621829285,eu,0,tracker_no_s338_2026-08-24
2025-02-20,Free-trade partners,0.4765215933902309,fta,0,tracker_no_s338_2026-08-24
2025-02-20,Japan,1.5442346868703358,jp,0,tracker_no_s338_2026-08-24
2025-02-20,Mexico,0.23855628400817702,mx,0,tracker_no_s338_2026-08-24
2025-02-20,Rest of World,2.6888500600499956,row,0,tracker_no_s338_2026-08-24
2025-02-20,UK,1.0277835076446418,uk,0,tracker_no_s338_2026-08-24
2025-02-21,Canada,0.101852625270724,ca,0,tracker_no_s338_2026-08-24
2025-02-21,China,22.012479520424126,chn,0,tracker_no_s338_2026-08-24
2025-02-21,EU,1.3065794621829285,eu,0,tracker_no_s338_2026-08-24
2025-02-21,Free-trade partners,0.4765215933902309,fta,0,tracker_no_s338_2026-08-24
2025-02-21,Japan,1.5442346868703358,jp,0,tracker_no_s338_2026-08-24
2025-02-21,Mexico,0.23855628400817702,mx,0,tracker_no_s338_2026-08-24
2025-02-21,Rest of World,2.6888500600499956,row,0,tracker_no_s338_2026-08-24
2025-02-21,UK,1.0277835076446418,uk,0,tracker_no_s338_2026-08-24
2025-02-22,Canada,0.101852625270724,ca,0,tracker_no_s338_2026-08-24
2025-02-22,China,22.012479520424126,chn,0,tracker_no_s338_2026-08-24
2025-02-22,EU,1.3065794621829285,eu,0,tracker_no_s338_2026-08-24
2025-02-22,Free-trade partners,0.4765215933902309,fta,0,tracker_no_s338_2026-08-24
2025-02-22,Japan,1.5442346868703358,jp,0,tracker_no_s338_2026-08-24
2025-02-22,Mexico,0.23855628400817702,mx,0,tracker_no_s338_2026-08-24
2025-02-22,Rest of World,2.6888500600499956,row,0,tracker_no_s338_2026-08-24
2025-02-22,UK,1.0277835076446418,uk,0,tracker_no_s338_2026-08-24
2025-02-23,Canada,0.101852625270724,ca,0,tracker_no_s338_2026-08-24
2025-02-23,China,22.012479520424126,chn,0,tracker_no_s338_2026-08-24
2025-02-23,EU,1.3065794621829285,eu,0,tracker_no_s338_2026-08-24
2025-02-23,Free-trade partners,0.4765215933902309,fta,0,tracker_no_s338_2026-08-24
2025-02-23,Japan,1.5442346868703358,jp,0,tracker_no_s338_2026-08-24
2025-02-23,Mexico,0.23855628400817702,mx,0,tracker_no_s338_2026-08-24
2025-02-23,Rest of World,2.6888500600499956,row,0,tracker_no_s338_2026-08-24
2025-02-23,UK,1.0277835076446418,uk,0,tracker_no_s338_2026-08-24
2025-02-24,Canada,0.101852625270724,ca,0,tracker_no_s338_2026-08-24
2025-02-24,China,22.012479520424126,chn,0,tracker_no_s338_2026-08-24
2025-02-24,EU,1.3065794621829285,eu,0,tracker_no_s338_2026-08-24
2025-02-24,Free-trade partners,0.4765215933902309,fta,0,tracker_no_s338_2026-08-24
2025-02-24,Japan,1.5442346868703358,jp,0,tracker_no_s338_2026-08-24
2025-02-24,Mexico,0.23855628400817702,mx,0,tracker_no_s338_2026-08-24
2025-02-24,Rest of World,2.6888500600499956,row,0,tracker_no_s338_2026-08-24
2025-02-24,UK,1.0277835076446418,uk,0,tracker_no_s338_2026-08-24
2025-02-25,Canada,0.101852625270724,ca,0,tracker_no_s338_2026-08-24
2025-02-25,China,22.012479520424126,chn,0,tracker_no_s338_2026-08-24
2025-02-25,EU,1.3065794621829285,eu,0,tracker_no_s338_2026-08-24
2025-02-25,Free-trade partners,0.4765215933902309,fta,0,tracker_no_s338_2026-08-24
2025-02-25,Japan,1.5442346868703358,jp,0,tracker_no_s338_2026-08-24
2025-02-25,Mexico,0.23855628400817702,mx,0,tracker_no_s338_2026-08-24
2025-02-25,Rest of World,2.6888500600499956,row,0,tracker_no_s338_2026-08-24
2025-02-25,UK,1.0277835076446418,uk,0,tracker_no_s338_2026-08-24
2025-02-26,Canada,0.101852625270724,ca,0,tracker_no_s338_2026-08-24
2025-02-26,China,22.012479520424126,chn,0,tracker_no_s338_2026-08-24
2025-02-26,EU,1.3065794621829285,eu,0,tracker_no_s338_2026-08-24
2025-02-26,Free-trade partners,0.4765215933902309,fta,0,tracker_no_s338_2026-08-24
2025-02-26,Japan,1.5442346868703358,jp,0,tracker_no_s338_2026-08-24
2025-02-26,Mexico,0.23855628400817702,mx,0,tracker_no_s338_2026-08-24
2025-02-26,Rest of World,2.6888500600499956,row,0,tracker_no_s338_2026-08-24
2025-02-26,UK,1.0277835076446418,uk,0,tracker_no_s338_2026-08-24
2025-02-27,Canada,0.101852625270724,ca,0,tracker_no_s338_2026-08-24
2025-02-27,China,22.012479520424126,chn,0,tracker_no_s338_2026-08-24
2025-02-27,EU,1.3065794621829285,eu,0,tracker_no_s338_2026-08-24
2025-02-27,Free-trade partners,0.4765215933902309,fta,0,tracker_no_s338_2026-08-24
2025-02-27,Japan,1.5442346868703358,jp,0,tracker_no_s338_2026-08-24
2025-02-27,Mexico,0.23855628400817702,mx,0,tracker_no_s338_2026-08-24
2025-02-27,Rest of World,2.6888500600499956,row,0,tracker_no_s338_2026-08-24
2025-02-27,UK,1.0277835076446418,uk,0,tracker_no_s338_2026-08-24
2025-02-28,Canada,0.101852625270724,ca,0,tracker_no_s338_2026-08-24
2025-02-28,China,22.012479520424126,chn,0,tracker_no_s338_2026-08-24
2025-02-28,EU,1.3065794621829285,eu,0,tracker_no_s338_2026-08-24
2025-02-28,Free-trade partners,0.4765215933902309,fta,0,tracker_no_s338_2026-08-24
2025-02-28,Japan,1.5442346868703358,jp,0,tracker_no_s338_2026-08-24
2025-02-28,Mexico,0.23855628400817702,mx,0,tracker_no_s338_2026-08-24
2025-02-28,Rest of World,2.6888500600499956,row,0,tracker_no_s338_2026-08-24
2025-02-28,UK,1.0277835076446418,uk,0,tracker_no_s338_2026-08-24
2025-03-01,Canada,0.101852625270724,ca,0,tracker_no_s338_2026-08-24
2025-03-01,China,22.012479520424126,chn,0,tracker_no_s338_2026-08-24
2025-03-01,EU,1.3065794621829285,eu,0,tracker_no_s338_2026-08-24
2025-03-01,Free-trade partners,0.4765215933902309,fta,0,tracker_no_s338_2026-08-24
2025-03-01,Japan,1.5442346868703358,jp,0,tracker_no_s338_2026-08-24
2025-03-01,Mexico,0.23855628400817702,mx,0,tracker_no_s338_2026-08-24
2025-03-01,Rest of World,2.6888500600499956,row,0,tracker_no_s338_2026-08-24
2025-03-01,UK,1.0277835076446418,uk,0,tracker_no_s338_2026-08-24
2025-03-02,Canada,0.101852625270724,ca,0,tracker_no_s338_2026-08-24
2025-03-02,China,22.012479520424126,chn,0,tracker_no_s338_2026-08-24
2025-03-02,EU,1.3065794621829285,eu,0,tracker_no_s338_2026-08-24
2025-03-02,Free-trade partners,0.4765215933902309,fta,0,tracker_no_s338_2026-08-24
2025-03-02,Japan,1.5442346868703358,jp,0,tracker_no_s338_2026-08-24
2025-03-02,Mexico,0.23855628400817702,mx,0,tracker_no_s338_2026-08-24
2025-03-02,Rest of World,2.6888500600499956,row,0,tracker_no_s338_2026-08-24
2025-03-02,UK,1.0277835076446418,uk,0,tracker_no_s338_2026-08-24
2025-03-03,Canada,0.101852625270724,ca,0,tracker_no_s338_2026-08-24
2025-03-03,China,22.012479520424126,chn,0,tracker_no_s338_2026-08-24
2025-03-03,EU,1.3065794621829285,eu,0,tracker_no_s338_2026-08-24
2025-03-03,Free-trade partners,0.4765215933902309,fta,0,tracker_no_s338_2026-08-24
2025-03-03,Japan,1.5442346868703358,jp,0,tracker_no_s338_2026-08-24
2025-03-03,Mexico,0.23855628400817702,mx,0,tracker_no_s338_2026-08-24
2025-03-03,Rest of World,2.6888500600499956,row,0,tracker_no_s338_2026-08-24
2025-03-03,UK,1.0277835076446418,uk,0,tracker_no_s338_2026-08-24
2025-03-04,Canada,1.686196068903614,ca,0,tracker_no_s338_2026-08-24
2025-03-04,China,32.01247952042413,chn,0,tracker_no_s338_2026-08-24
2025-03-04,EU,1.3065794621829285,eu,0,tracker_no_s338_2026-08-24
2025-03-04,Free-trade partners,0.4765215933902309,fta,0,tracker_no_s338_2026-08-24
2025-03-04,Japan,1.5442346868703358,jp,0,tracker_no_s338_2026-08-24
2025-03-04,Mexico,3.050459293631754,mx,0,tracker_no_s338_2026-08-24
2025-03-04,Rest of World,2.7297635739678774,row,0,tracker_no_s338_2026-08-24
2025-03-04,UK,1.0277835076446418,uk,0,tracker_no_s338_2026-08-24
2025-03-05,Canada,1.686196068903614,ca,0,tracker_no_s338_2026-08-24
2025-03-05,China,32.01247952042413,chn,0,tracker_no_s338_2026-08-24
2025-03-05,EU,1.3065794621829285,eu,0,tracker_no_s338_2026-08-24
2025-03-05,Free-trade partners,0.4765215933902309,fta,0,tracker_no_s338_2026-08-24
2025-03-05,Japan,1.5442346868703358,jp,0,tracker_no_s338_2026-08-24
2025-03-05,Mexico,3.050459293631754,mx,0,tracker_no_s338_2026-08-24
2025-03-05,Rest of World,2.7297635739678774,row,0,tracker_no_s338_2026-08-24
2025-03-05,UK,1.0277835076446418,uk,0,tracker_no_s338_2026-08-24
2025-03-06,Canada,1.686196068903614,ca,0,tracker_no_s338_2026-08-24
2025-03-06,China,32.01247952042413,chn,0,tracker_no_s338_2026-08-24
2025-03-06,EU,1.3065794621829285,eu,0,tracker_no_s338_2026-08-24
2025-03-06,Free-trade partners,0.4765215933902309,fta,0,tracker_no_s338_2026-08-24
2025-03-06,Japan,1.5442346868703358,jp,0,tracker_no_s338_2026-08-24
2025-03-06,Mexico,3.050459293631754,mx,0,tracker_no_s338_2026-08-24
2025-03-06,Rest of World,2.7297635739678774,row,0,tracker_no_s338_2026-08-24
2025-03-06,UK,1.0277835076446418,uk,0,tracker_no_s338_2026-08-24
2025-03-07,Canada,1.688075725463933,ca,0,tracker_no_s338_2026-08-24
2025-03-07,China,32.04166631588683,chn,0,tracker_no_s338_2026-08-24
2025-03-07,EU,1.3070160957349464,eu,0,tracker_no_s338_2026-08-24
2025-03-07,Free-trade partners,0.5280465406108266,fta,0,tracker_no_s338_2026-08-24
2025-03-07,Japan,1.5442761085108507,jp,0,tracker_no_s338_2026-08-24
2025-03-07,Mexico,3.051540536018103,mx,0,tracker_no_s338_2026-08-24
2025-03-07,Rest of World,2.783936049773457,row,0,tracker_no_s338_2026-08-24
2025-03-07,UK,1.027817903315356,uk,0,tracker_no_s338_2026-08-24
2025-03-08,Canada,1.688075725463933,ca,0,tracker_no_s338_2026-08-24
2025-03-08,China,32.04166631588683,chn,0,tracker_no_s338_2026-08-24
2025-03-08,EU,1.3070160957349464,eu,0,tracker_no_s338_2026-08-24
2025-03-08,Free-trade partners,0.5280465406108266,fta,0,tracker_no_s338_2026-08-24
2025-03-08,Japan,1.5442761085108507,jp,0,tracker_no_s338_2026-08-24
2025-03-08,Mexico,3.051540536018103,mx,0,tracker_no_s338_2026-08-24
2025-03-08,Rest of World,2.783936049773457,row,0,tracker_no_s338_2026-08-24
2025-03-08,UK,1.027817903315356,uk,0,tracker_no_s338_2026-08-24
2025-03-09,Canada,1.688075725463933,ca,0,tracker_no_s338_2026-08-24
2025-03-09,China,32.04166631588683,chn,0,tracker_no_s338_2026-08-24
2025-03-09,EU,1.3070160957349464,eu,0,tracker_no_s338_2026-08-24
2025-03-09,Free-trade partners,0.5280465406108266,fta,0,tracker_no_s338_2026-08-24
2025-03-09,Japan,1.5442761085108507,jp,0,tracker_no_s338_2026-08-24
2025-03-09,Mexico,3.051540536018103,mx,0,tracker_no_s338_2026-08-24
2025-03-09,Rest of World,2.783936049773457,row,0,tracker_no_s338_2026-08-24
2025-03-09,UK,1.027817903315356,uk,0,tracker_no_s338_2026-08-24
2025-03-10,Canada,1.688075725463933,ca,0,tracker_no_s338_2026-08-24
2025-03-10,China,32.04166631588683,chn,0,tracker_no_s338_2026-08-24
2025-03-10,EU,1.3070160957349464,eu,0,tracker_no_s338_2026-08-24
2025-03-10,Free-trade partners,0.5280465406108266,fta,0,tracker_no_s338_2026-08-24
2025-03-10,Japan,1.5442761085108507,jp,0,tracker_no_s338_2026-08-24
2025-03-10,Mexico,3.051540536018103,mx,0,tracker_no_s338_2026-08-24
2025-03-10,Rest of World,2.783936049773457,row,0,tracker_no_s338_2026-08-24
2025-03-10,UK,1.027817903315356,uk,0,tracker_no_s338_2026-08-24
2025-03-11,Canada,1.688075725463933,ca,0,tracker_no_s338_2026-08-24
2025-03-11,China,32.04166631588683,chn,0,tracker_no_s338_2026-08-24
2025-03-11,EU,1.3070160957349464,eu,0,tracker_no_s338_2026-08-24
2025-03-11,Free-trade partners,0.5280465406108266,fta,0,tracker_no_s338_2026-08-24
2025-03-11,Japan,1.5442761085108507,jp,0,tracker_no_s338_2026-08-24
2025-03-11,Mexico,3.051540536018103,mx,0,tracker_no_s338_2026-08-24
2025-03-11,Rest of World,2.783936049773457,row,0,tracker_no_s338_2026-08-24
2025-03-11,UK,1.027817903315356,uk,0,tracker_no_s338_2026-08-24
2025-03-12,Canada,3.057357299696399,ca,1,tracker_no_s338_2026-08-24
2025-03-12,China,32.884993186025035,chn,1,tracker_no_s338_2026-08-24
2025-03-12,EU,2.002502286570915,eu,1,tracker_no_s338_2026-08-24
2025-03-12,Free-trade partners,1.2004594805544422,fta,1,tracker_no_s338_2026-08-24
2025-03-12,Japan,2.106253549788308,jp,1,tracker_no_s338_2026-08-24
2025-03-12,Mexico,3.603149279388936,mx,1,tracker_no_s338_2026-08-24
2025-03-12,Rest of World,3.2621984086169147,row,1,tracker_no_s338_2026-08-24
2025-03-12,UK,1.5243315041814138,uk,1,tracker_no_s338_2026-08-24
2025-03-13,Canada,3.057357299696399,ca,1,tracker_no_s338_2026-08-24
2025-03-13,China,32.884993186025035,chn,1,tracker_no_s338_2026-08-24
2025-03-13,EU,2.002502286570915,eu,1,tracker_no_s338_2026-08-24
2025-03-13,Free-trade partners,1.2004594805544422,fta,1,tracker_no_s338_2026-08-24
2025-03-13,Japan,2.106253549788308,jp,1,tracker_no_s338_2026-08-24
2025-03-13,Mexico,3.603149279388936,mx,1,tracker_no_s338_2026-08-24
2025-03-13,Rest of World,3.2621984086169147,row,1,tracker_no_s338_2026-08-24
2025-03-13,UK,1.5243315041814138,uk,1,tracker_no_s338_2026-08-24
2025-03-14,Canada,3.057357299696399,ca,0,tracker_no_s338_2026-08-24
2025-03-14,China,32.884993186025035,chn,0,tracker_no_s338_2026-08-24
2025-03-14,EU,2.002502286570915,eu,0,tracker_no_s338_2026-08-24
2025-03-14,Free-trade partners,1.2004594805544422,fta,0,tracker_no_s338_2026-08-24
2025-03-14,Japan,2.106253549788308,jp,0,tracker_no_s338_2026-08-24
2025-03-14,Mexico,3.603149279388936,mx,0,tracker_no_s338_2026-08-24
2025-03-14,Rest of World,3.2621984086169147,row,0,tracker_no_s338_2026-08-24
2025-03-14,UK,1.5243315041814138,uk,0,tracker_no_s338_2026-08-24
2025-03-15,Canada,3.057357299696399,ca,0,tracker_no_s338_2026-08-24
2025-03-15,China,32.884993186025035,chn,0,tracker_no_s338_2026-08-24
2025-03-15,EU,2.002502286570915,eu,0,tracker_no_s338_2026-08-24
2025-03-15,Free-trade partners,1.2004594805544422,fta,0,tracker_no_s338_2026-08-24
2025-03-15,Japan,2.106253549788308,jp,0,tracker_no_s338_2026-08-24
2025-03-15,Mexico,3.603149279388936,mx,0,tracker_no_s338_2026-08-24
2025-03-15,Rest of World,3.2621984086169147,row,0,tracker_no_s338_2026-08-24
2025-03-15,UK,1.5243315041814138,uk,0,tracker_no_s338_2026-08-24
2025-03-16,Canada,3.057357299696399,ca,0,tracker_no_s338_2026-08-24
2025-03-16,China,32.884993186025035,chn,0,tracker_no_s338_2026-08-24
2025-03-16,EU,2.002502286570915,eu,0,tracker_no_s338_2026-08-24
2025-03-16,Free-trade partners,1.2004594805544422,fta,0,tracker_no_s338_2026-08-24
2025-03-16,Japan,2.106253549788308,jp,0,tracker_no_s338_2026-08-24
2025-03-16,Mexico,3.603149279388936,mx,0,tracker_no_s338_2026-08-24
2025-03-16,Rest of World,3.2621984086169147,row,0,tracker_no_s338_2026-08-24
2025-03-16,UK,1.5243315041814138,uk,0,tracker_no_s338_2026-08-24
2025-03-17,Canada,3.057357299696399,ca,0,tracker_no_s338_2026-08-24
2025-03-17,China,32.884993186025035,chn,0,tracker_no_s338_2026-08-24
2025-03-17,EU,2.002502286570915,eu,0,tracker_no_s338_2026-08-24
2025-03-17,Free-trade partners,1.2004594805544422,fta,0,tracker_no_s338_2026-08-24
2025-03-17,Japan,2.106253549788308,jp,0,tracker_no_s338_2026-08-24
2025-03-17,Mexico,3.603149279388936,mx,0,tracker_no_s338_2026-08-24
2025-03-17,Rest of World,3.2621984086169147,row,0,tracker_no_s338_2026-08-24
2025-03-17,UK,1.5243315041814138,uk,0,tracker_no_s338_2026-08-24
2025-03-18,Canada,3.057357299696399,ca,0,tracker_no_s338_2026-08-24
2025-03-18,China,32.884993186025035,chn,0,tracker_no_s338_2026-08-24
2025-03-18,EU,2.002502286570915,eu,0,tracker_no_s338_2026-08-24
2025-03-18,Free-trade partners,1.2004594805544422,fta,0,tracker_no_s338_2026-08-24
2025-03-18,Japan,2.106253549788308,jp,0,tracker_no_s338_2026-08-24
2025-03-18,Mexico,3.603149279388936,mx,0,tracker_no_s338_2026-08-24
2025-03-18,Rest of World,3.2621984086169147,row,0,tracker_no_s338_2026-08-24
2025-03-18,UK,1.5243315041814138,uk,0,tracker_no_s338_2026-08-24
2025-03-19,Canada,3.057357299696399,ca,0,tracker_no_s338_2026-08-24
2025-03-19,China,32.884993186025035,chn,0,tracker_no_s338_2026-08-24
2025-03-19,EU,2.002502286570915,eu,0,tracker_no_s338_2026-08-24
2025-03-19,Free-trade partners,1.2004594805544422,fta,0,tracker_no_s338_2026-08-24
2025-03-19,Japan,2.106253549788308,jp,0,tracker_no_s338_2026-08-24
2025-03-19,Mexico,3.603149279388936,mx,0,tracker_no_s338_2026-08-24
2025-03-19,Rest of World,3.2621984086169147,row,0,tracker_no_s338_2026-08-24
2025-03-19,UK,1.5243315041814138,uk,0,tracker_no_s338_2026-08-24
2025-03-20,Canada,3.057357299696399,ca,0,tracker_no_s338_2026-08-24
2025-03-20,China,32.884993186025035,chn,0,tracker_no_s338_2026-08-24
2025-03-20,EU,2.002502286570915,eu,0,tracker_no_s338_2026-08-24
2025-03-20,Free-trade partners,1.2004594805544422,fta,0,tracker_no_s338_2026-08-24
2025-03-20,Japan,2.106253549788308,jp,0,tracker_no_s338_2026-08-24
2025-03-20,Mexico,3.603149279388936,mx,0,tracker_no_s338_2026-08-24
2025-03-20,Rest of World,3.2621984086169147,row,0,tracker_no_s338_2026-08-24
2025-03-20,UK,1.5243315041814138,uk,0,tracker_no_s338_2026-08-24
2025-03-21,Canada,3.057357299696399,ca,0,tracker_no_s338_2026-08-24
2025-03-21,China,32.884993186025035,chn,0,tracker_no_s338_2026-08-24
2025-03-21,EU,2.002502286570915,eu,0,tracker_no_s338_2026-08-24
2025-03-21,Free-trade partners,1.2004594805544422,fta,0,tracker_no_s338_2026-08-24
2025-03-21,Japan,2.106253549788308,jp,0,tracker_no_s338_2026-08-24
2025-03-21,Mexico,3.603149279388936,mx,0,tracker_no_s338_2026-08-24
2025-03-21,Rest of World,3.2621984086169147,row,0,tracker_no_s338_2026-08-24
2025-03-21,UK,1.5243315041814138,uk,0,tracker_no_s338_2026-08-24
2025-03-22,Canada,3.057357299696399,ca,0,tracker_no_s338_2026-08-24
2025-03-22,China,32.884993186025035,chn,0,tracker_no_s338_2026-08-24
2025-03-22,EU,2.002502286570915,eu,0,tracker_no_s338_2026-08-24
2025-03-22,Free-trade partners,1.2004594805544422,fta,0,tracker_no_s338_2026-08-24
2025-03-22,Japan,2.106253549788308,jp,0,tracker_no_s338_2026-08-24
2025-03-22,Mexico,3.603149279388936,mx,0,tracker_no_s338_2026-08-24
2025-03-22,Rest of World,3.2621984086169147,row,0,tracker_no_s338_2026-08-24
2025-03-22,UK,1.5243315041814138,uk,0,tracker_no_s338_2026-08-24
2025-03-23,Canada,3.057357299696399,ca,0,tracker_no_s338_2026-08-24
2025-03-23,China,32.884993186025035,chn,0,tracker_no_s338_2026-08-24
2025-03-23,EU,2.002502286570915,eu,0,tracker_no_s338_2026-08-24
2025-03-23,Free-trade partners,1.2004594805544422,fta,0,tracker_no_s338_2026-08-24
2025-03-23,Japan,2.106253549788308,jp,0,tracker_no_s338_2026-08-24
2025-03-23,Mexico,3.603149279388936,mx,0,tracker_no_s338_2026-08-24
2025-03-23,Rest of World,3.2621984086169147,row,0,tracker_no_s338_2026-08-24
2025-03-23,UK,1.5243315041814138,uk,0,tracker_no_s338_2026-08-24
2025-03-24,Canada,3.057357299696399,ca,0,tracker_no_s338_2026-08-24
2025-03-24,China,32.884993186025035,chn,0,tracker_no_s338_2026-08-24
2025-03-24,EU,2.002502286570915,eu,0,tracker_no_s338_2026-08-24
2025-03-24,Free-trade partners,1.2004594805544422,fta,0,tracker_no_s338_2026-08-24
2025-03-24,Japan,2.106253549788308,jp,0,tracker_no_s338_2026-08-24
2025-03-24,Mexico,3.603149279388936,mx,0,tracker_no_s338_2026-08-24
2025-03-24,Rest of World,3.2621984086169147,row,0,tracker_no_s338_2026-08-24
2025-03-24,UK,1.5243315041814138,uk,0,tracker_no_s338_2026-08-24
2025-03-25,Canada,3.057357299696399,ca,0,tracker_no_s338_2026-08-24
2025-03-25,China,32.884993186025035,chn,0,tracker_no_s338_2026-08-24
2025-03-25,EU,2.002502286570915,eu,0,tracker_no_s338_2026-08-24
2025-03-25,Free-trade partners,1.2004594805544422,fta,0,tracker_no_s338_2026-08-24
2025-03-25,Japan,2.106253549788308,jp,0,tracker_no_s338_2026-08-24
2025-03-25,Mexico,3.603149279388936,mx,0,tracker_no_s338_2026-08-24
2025-03-25,Rest of World,3.2621984086169147,row,0,tracker_no_s338_2026-08-24
2025-03-25,UK,1.5243315041814138,uk,0,tracker_no_s338_2026-08-24
2025-03-26,Canada,3.057357299696399,ca,0,tracker_no_s338_2026-08-24
2025-03-26,China,32.884993186025035,chn,0,tracker_no_s338_2026-08-24
2025-03-26,EU,2.002502286570915,eu,0,tracker_no_s338_2026-08-24
2025-03-26,Free-trade partners,1.2004594805544422,fta,0,tracker_no_s338_2026-08-24
2025-03-26,Japan,2.106253549788308,jp,0,tracker_no_s338_2026-08-24
2025-03-26,Mexico,3.603149279388936,mx,0,tracker_no_s338_2026-08-24
2025-03-26,Rest of World,3.2621984086169147,row,0,tracker_no_s338_2026-08-24
2025-03-26,UK,1.5243315041814138,uk,0,tracker_no_s338_2026-08-24
2025-03-27,Canada,3.057357299696399,ca,0,tracker_no_s338_2026-08-24
2025-03-27,China,32.884993186025035,chn,0,tracker_no_s338_2026-08-24
2025-03-27,EU,2.002502286570915,eu,0,tracker_no_s338_2026-08-24
2025-03-27,Free-trade partners,1.2004594805544422,fta,0,tracker_no_s338_2026-08-24
2025-03-27,Japan,2.106253549788308,jp,0,tracker_no_s338_2026-08-24
2025-03-27,Mexico,3.603149279388936,mx,0,tracker_no_s338_2026-08-24
2025-03-27,Rest of World,3.2621984086169147,row,0,tracker_no_s338_2026-08-24
2025-03-27,UK,1.5243315041814138,uk,0,tracker_no_s338_2026-08-24
2025-03-28,Canada,3.057357299696399,ca,0,tracker_no_s338_2026-08-24
2025-03-28,China,32.884993186025035,chn,0,tracker_no_s338_2026-08-24
2025-03-28,EU,2.002502286570915,eu,0,tracker_no_s338_2026-08-24
2025-03-28,Free-trade partners,1.2004594805544422,fta,0,tracker_no_s338_2026-08-24
2025-03-28,Japan,2.106253549788308,jp,0,tracker_no_s338_2026-08-24
2025-03-28,Mexico,3.603149279388936,mx,0,tracker_no_s338_2026-08-24
2025-03-28,Rest of World,3.2621984086169147,row,0,tracker_no_s338_2026-08-24
2025-03-28,UK,1.5243315041814138,uk,0,tracker_no_s338_2026-08-24
2025-03-29,Canada,3.057357299696399,ca,0,tracker_no_s338_2026-08-24
2025-03-29,China,32.884993186025035,chn,0,tracker_no_s338_2026-08-24
2025-03-29,EU,2.002502286570915,eu,0,tracker_no_s338_2026-08-24
2025-03-29,Free-trade partners,1.2004594805544422,fta,0,tracker_no_s338_2026-08-24
2025-03-29,Japan,2.106253549788308,jp,0,tracker_no_s338_2026-08-24
2025-03-29,Mexico,3.603149279388936,mx,0,tracker_no_s338_2026-08-24
2025-03-29,Rest of World,3.2621984086169147,row,0,tracker_no_s338_2026-08-24
2025-03-29,UK,1.5243315041814138,uk,0,tracker_no_s338_2026-08-24
2025-03-30,Canada,3.057357299696399,ca,0,tracker_no_s338_2026-08-24
2025-03-30,China,32.884993186025035,chn,0,tracker_no_s338_2026-08-24
2025-03-30,EU,2.002502286570915,eu,0,tracker_no_s338_2026-08-24
2025-03-30,Free-trade partners,1.2004594805544422,fta,0,tracker_no_s338_2026-08-24
2025-03-30,Japan,2.106253549788308,jp,0,tracker_no_s338_2026-08-24
2025-03-30,Mexico,3.603149279388936,mx,0,tracker_no_s338_2026-08-24
2025-03-30,Rest of World,3.2621984086169147,row,0,tracker_no_s338_2026-08-24
2025-03-30,UK,1.5243315041814138,uk,0,tracker_no_s338_2026-08-24
2025-03-31,Canada,3.057357299696399,ca,0,tracker_no_s338_2026-08-24
2025-03-31,China,32.884993186025035,chn,0,tracker_no_s338_2026-08-24
2025-03-31,EU,2.002502286570915,eu,0,tracker_no_s338_2026-08-24
2025-03-31,Free-trade partners,1.2004594805544422,fta,0,tracker_no_s338_2026-08-24
2025-03-31,Japan,2.106253549788308,jp,0,tracker_no_s338_2026-08-24
2025-03-31,Mexico,3.603149279388936,mx,0,tracker_no_s338_2026-08-24
2025-03-31,Rest of World,3.2621984086169147,row,0,tracker_no_s338_2026-08-24
2025-03-31,UK,1.5243315041814138,uk,0,tracker_no_s338_2026-08-24
2025-04-01,Canada,3.057357299696399,ca,0,tracker_no_s338_2026-08-24
2025-04-01,China,32.884993186025035,chn,0,tracker_no_s338_2026-08-24
2025-04-01,EU,2.002502286570915,eu,0,tracker_no_s338_2026-08-24
2025-04-01,Free-trade partners,1.2004594805544422,fta,0,tracker_no_s338_2026-08-24
2025-04-01,Japan,2.106253549788308,jp,0,tracker_no_s338_2026-08-24
2025-04-01,Mexico,3.603149279388936,mx,0,tracker_no_s338_2026-08-24
2025-04-01,Rest of World,3.2621984086169147,row,0,tracker_no_s338_2026-08-24
2025-04-01,UK,1.5243315041814138,uk,0,tracker_no_s338_2026-08-24
2025-04-02,Canada,3.057357299696399,ca,0,tracker_no_s338_2026-08-24
2025-04-02,China,32.884993186025035,chn,0,tracker_no_s338_2026-08-24
2025-04-02,EU,2.002502286570915,eu,0,tracker_no_s338_2026-08-24
2025-04-02,Free-trade partners,1.2004594805544422,fta,0,tracker_no_s338_2026-08-24
2025-04-02,Japan,2.106253549788308,jp,0,tracker_no_s338_2026-08-24
2025-04-02,Mexico,3.603149279388936,mx,0,tracker_no_s338_2026-08-24
2025-04-02,Rest of World,3.2621984086169147,row,0,tracker_no_s338_2026-08-24
2025-04-02,UK,1.5243315041814138,uk,0,tracker_no_s338_2026-08-24
2025-04-03,Canada,4.201539908937141,ca,0,tracker_no_s338_2026-08-24
2025-04-03,China,33.02180603772613,chn,0,tracker_no_s338_2026-08-24
2025-04-03,EU,4.148669394852446,eu,0,tracker_no_s338_2026-08-24
2025-04-03,Free-trade partners,4.240111429702015,fta,0,tracker_no_s338_2026-08-24
2025-04-03,Japan,8.93945124891406,jp,0,tracker_no_s338_2026-08-24
2025-04-03,Mexico,5.697861498281293,mx,0,tracker_no_s338_2026-08-24
2025-04-03,Rest of World,3.354849364403212,row,0,tracker_no_s338_2026-08-24
2025-04-03,UK,5.557522526630847,uk,0,tracker_no_s338_2026-08-24
2025-04-04,Canada,4.201539908937141,ca,0,tracker_no_s338_2026-08-24
2025-04-04,China,33.02180603772613,chn,0,tracker_no_s338_2026-08-24
2025-04-04,EU,4.148669394852446,eu,0,tracker_no_s338_2026-08-24
2025-04-04,Free-trade partners,4.240111429702015,fta,0,tracker_no_s338_2026-08-24
2025-04-04,Japan,8.93945124891406,jp,0,tracker_no_s338_2026-08-24
2025-04-04,Mexico,5.697861498281293,mx,0,tracker_no_s338_2026-08-24
2025-04-04,Rest of World,3.354849364403212,row,0,tracker_no_s338_2026-08-24
2025-04-04,UK,5.557522526630847,uk,0,tracker_no_s338_2026-08-24
2025-04-05,Canada,4.201774737129041,ca,0,tracker_no_s338_2026-08-24
2025-04-05,China,56.06108700137747,chn,0,tracker_no_s338_2026-08-24
2025-04-05,EU,9.394337148788521,eu,0,tracker_no_s338_2026-08-24
2025-04-05,Free-trade partners,9.4575447289517,fta,0,tracker_no_s338_2026-08-24
2025-04-05,Japan,14.519864797844479,jp,0,tracker_no_s338_2026-08-24
2025-04-05,Mexico,5.714390251906906,mx,0,tracker_no_s338_2026-08-24
2025-04-05,Rest of World,9.056148478442474,row,0,tracker_no_s338_2026-08-24
2025-04-05,UK,10.96075175989466,uk,0,tracker_no_s338_2026-08-24
2025-04-06,Canada,4.201774737129041,ca,0,tracker_no_s338_2026-08-24
2025-04-06,China,56.06108700137747,chn,0,tracker_no_s338_2026-08-24
2025-04-06,EU,9.394337148788521,eu,0,tracker_no_s338_2026-08-24
2025-04-06,Free-trade partners,9.4575447289517,fta,0,tracker_no_s338_2026-08-24
2025-04-06,Japan,14.519864797844479,jp,0,tracker_no_s338_2026-08-24
2025-04-06,Mexico,5.714390251906906,mx,0,tracker_no_s338_2026-08-24
2025-04-06,Rest of World,9.056148478442474,row,0,tracker_no_s338_2026-08-24
2025-04-06,UK,10.96075175989466,uk,0,tracker_no_s338_2026-08-24
2025-04-07,Canada,4.201774737129041,ca,0,tracker_no_s338_2026-08-24
2025-04-07,China,56.06108700137747,chn,0,tracker_no_s338_2026-08-24
2025-04-07,EU,9.394337148788521,eu,0,tracker_no_s338_2026-08-24
2025-04-07,Free-trade partners,9.4575447289517,fta,0,tracker_no_s338_2026-08-24
2025-04-07,Japan,14.519864797844479,jp,0,tracker_no_s338_2026-08-24
2025-04-07,Mexico,5.714390251906906,mx,0,tracker_no_s338_2026-08-24
2025-04-07,Rest of World,9.056148478442474,row,0,tracker_no_s338_2026-08-24
2025-04-07,UK,10.96075175989466,uk,0,tracker_no_s338_2026-08-24
2025-04-08,Canada,4.201774737129041,ca,0,tracker_no_s338_2026-08-24
2025-04-08,China,56.06108700137747,chn,0,tracker_no_s338_2026-08-24
2025-04-08,EU,9.394337148788521,eu,0,tracker_no_s338_2026-08-24
2025-04-08,Free-trade partners,9.4575447289517,fta,0,tracker_no_s338_2026-08-24
2025-04-08,Japan,14.519864797844479,jp,0,tracker_no_s338_2026-08-24
2025-04-08,Mexico,5.714390251906906,mx,0,tracker_no_s338_2026-08-24
2025-04-08,Rest of World,9.056148478442474,row,0,tracker_no_s338_2026-08-24
2025-04-08,UK,10.96075175989466,uk,0,tracker_no_s338_2026-08-24
2025-04-09,Canada,4.201774737129041,ca,0,tracker_no_s338_2026-08-24
2025-04-09,China,89.94236464861507,chn,0,tracker_no_s338_2026-08-24
2025-04-09,EU,9.394337148788521,eu,0,tracker_no_s338_2026-08-24
2025-04-09,Free-trade partners,9.4575447289517,fta,0,tracker_no_s338_2026-08-24
2025-04-09,Japan,14.519864797844479,jp,0,tracker_no_s338_2026-08-24
2025-04-09,Mexico,5.714390251906906,mx,0,tracker_no_s338_2026-08-24
2025-04-09,Rest of World,9.240874492842863,row,0,tracker_no_s338_2026-08-24
2025-04-09,UK,10.96075175989466,uk,0,tracker_no_s338_2026-08-24
2025-04-10,Canada,4.201774737129041,ca,0,tracker_no_s338_2026-08-24
2025-04-10,China,117.72501231934989,chn,0,tracker_no_s338_2026-08-24
2025-04-10,EU,9.394337148788521,eu,0,tracker_no_s338_2026-08-24
2025-04-10,Free-trade partners,9.4575447289517,fta,0,tracker_no_s338_2026-08-24
2025-04-10,Japan,14.519864797844479,jp,0,tracker_no_s338_2026-08-24
2025-04-10,Mexico,5.714390251906906,mx,0,tracker_no_s338_2026-08-24
2025-04-10,Rest of World,9.378847922213462,row,0,tracker_no_s338_2026-08-24
2025-04-10,UK,10.96075175989466,uk,0,tracker_no_s338_2026-08-24
2025-04-11,Canada,4.201774737129041,ca,0,tracker_no_s338_2026-08-24
2025-04-11,China,117.72501231934989,chn,0,tracker_no_s338_2026-08-24
2025-04-11,EU,9.394337148788521,eu,0,tracker_no_s338_2026-08-24
2025-04-11,Free-trade partners,9.4575447289517,fta,0,tracker_no_s338_2026-08-24
2025-04-11,Japan,14.519864797844479,jp,0,tracker_no_s338_2026-08-24
2025-04-11,Mexico,5.714390251906906,mx,0,tracker_no_s338_2026-08-24
2025-04-11,Rest of World,9.378847922213462,row,0,tracker_no_s338_2026-08-24
2025-04-11,UK,10.96075175989466,uk,0,tracker_no_s338_2026-08-24
2025-04-12,Canada,4.201774737129041,ca,0,tracker_no_s338_2026-08-24
2025-04-12,China,117.72501231934989,chn,0,tracker_no_s338_2026-08-24
2025-04-12,EU,9.394337148788521,eu,0,tracker_no_s338_2026-08-24
2025-04-12,Free-trade partners,9.4575447289517,fta,0,tracker_no_s338_2026-08-24
2025-04-12,Japan,14.519864797844479,jp,0,tracker_no_s338_2026-08-24
2025-04-12,Mexico,5.714390251906906,mx,0,tracker_no_s338_2026-08-24
2025-04-12,Rest of World,9.378847922213462,row,0,tracker_no_s338_2026-08-24
2025-04-12,UK,10.96075175989466,uk,0,tracker_no_s338_2026-08-24
2025-04-13,Canada,4.201774737129041,ca,0,tracker_no_s338_2026-08-24
2025-04-13,China,117.72501231934989,chn,0,tracker_no_s338_2026-08-24
2025-04-13,EU,9.394337148788521,eu,0,tracker_no_s338_2026-08-24
2025-04-13,Free-trade partners,9.4575447289517,fta,0,tracker_no_s338_2026-08-24
2025-04-13,Japan,14.519864797844479,jp,0,tracker_no_s338_2026-08-24
2025-04-13,Mexico,5.714390251906906,mx,0,tracker_no_s338_2026-08-24
2025-04-13,Rest of World,9.378847922213462,row,0,tracker_no_s338_2026-08-24
2025-04-13,UK,10.96075175989466,uk,0,tracker_no_s338_2026-08-24
2025-04-14,Canada,4.201774737129041,ca,0,tracker_no_s338_2026-08-24
2025-04-14,China,117.72501231934989,chn,0,tracker_no_s338_2026-08-24
2025-04-14,EU,9.394337148788521,eu,0,tracker_no_s338_2026-08-24
2025-04-14,Free-trade partners,9.4575447289517,fta,0,tracker_no_s338_2026-08-24
2025-04-14,Japan,14.519864797844479,jp,0,tracker_no_s338_2026-08-24
2025-04-14,Mexico,5.714390251906906,mx,0,tracker_no_s338_2026-08-24
2025-04-14,Rest of World,9.378847922213462,row,0,tracker_no_s338_2026-08-24
2025-04-14,UK,10.96075175989466,uk,0,tracker_no_s338_2026-08-24
2025-04-15,Canada,4.201774737129041,ca,0,tracker_no_s338_2026-08-24
2025-04-15,China,117.72501231934989,chn,0,tracker_no_s338_2026-08-24
2025-04-15,EU,9.394337148788521,eu,0,tracker_no_s338_2026-08-24
2025-04-15,Free-trade partners,9.4575447289517,fta,0,tracker_no_s338_2026-08-24
2025-04-15,Japan,14.519864797844479,jp,0,tracker_no_s338_2026-08-24
2025-04-15,Mexico,5.714390251906906,mx,0,tracker_no_s338_2026-08-24
2025-04-15,Rest of World,9.378847922213462,row,0,tracker_no_s338_2026-08-24
2025-04-15,UK,10.96075175989466,uk,0,tracker_no_s338_2026-08-24
2025-04-16,Canada,4.201774737129041,ca,0,tracker_no_s338_2026-08-24
2025-04-16,China,117.72501231934989,chn,0,tracker_no_s338_2026-08-24
2025-04-16,EU,9.394337148788521,eu,0,tracker_no_s338_2026-08-24
2025-04-16,Free-trade partners,9.4575447289517,fta,0,tracker_no_s338_2026-08-24
2025-04-16,Japan,14.519864797844479,jp,0,tracker_no_s338_2026-08-24
2025-04-16,Mexico,5.714390251906906,mx,0,tracker_no_s338_2026-08-24
2025-04-16,Rest of World,9.378847922213462,row,0,tracker_no_s338_2026-08-24
2025-04-16,UK,10.96075175989466,uk,0,tracker_no_s338_2026-08-24
2025-04-17,Canada,4.201774737129041,ca,0,tracker_no_s338_2026-08-24
2025-04-17,China,117.72501231934989,chn,0,tracker_no_s338_2026-08-24
2025-04-17,EU,9.394337148788521,eu,0,tracker_no_s338_2026-08-24
2025-04-17,Free-trade partners,9.4575447289517,fta,0,tracker_no_s338_2026-08-24
2025-04-17,Japan,14.519864797844479,jp,0,tracker_no_s338_2026-08-24
2025-04-17,Mexico,5.714390251906906,mx,0,tracker_no_s338_2026-08-24
2025-04-17,Rest of World,9.378847922213462,row,0,tracker_no_s338_2026-08-24
2025-04-17,UK,10.96075175989466,uk,0,tracker_no_s338_2026-08-24
2025-04-18,Canada,4.201774737129041,ca,0,tracker_no_s338_2026-08-24
2025-04-18,China,117.72501231934989,chn,0,tracker_no_s338_2026-08-24
2025-04-18,EU,9.394337148788521,eu,0,tracker_no_s338_2026-08-24
2025-04-18,Free-trade partners,9.4575447289517,fta,0,tracker_no_s338_2026-08-24
2025-04-18,Japan,14.519864797844479,jp,0,tracker_no_s338_2026-08-24
2025-04-18,Mexico,5.714390251906906,mx,0,tracker_no_s338_2026-08-24
2025-04-18,Rest of World,9.378847922213462,row,0,tracker_no_s338_2026-08-24
2025-04-18,UK,10.96075175989466,uk,0,tracker_no_s338_2026-08-24
2025-04-19,Canada,4.201774737129041,ca,0,tracker_no_s338_2026-08-24
2025-04-19,China,117.72501231934989,chn,0,tracker_no_s338_2026-08-24
2025-04-19,EU,9.394337148788521,eu,0,tracker_no_s338_2026-08-24
2025-04-19,Free-trade partners,9.4575447289517,fta,0,tracker_no_s338_2026-08-24
2025-04-19,Japan,14.519864797844479,jp,0,tracker_no_s338_2026-08-24
2025-04-19,Mexico,5.714390251906906,mx,0,tracker_no_s338_2026-08-24
2025-04-19,Rest of World,9.378847922213462,row,0,tracker_no_s338_2026-08-24
2025-04-19,UK,10.96075175989466,uk,0,tracker_no_s338_2026-08-24
2025-04-20,Canada,4.201774737129041,ca,0,tracker_no_s338_2026-08-24
2025-04-20,China,117.72501231934989,chn,0,tracker_no_s338_2026-08-24
2025-04-20,EU,9.394337148788521,eu,0,tracker_no_s338_2026-08-24
2025-04-20,Free-trade partners,9.4575447289517,fta,0,tracker_no_s338_2026-08-24
2025-04-20,Japan,14.519864797844479,jp,0,tracker_no_s338_2026-08-24
2025-04-20,Mexico,5.714390251906906,mx,0,tracker_no_s338_2026-08-24
2025-04-20,Rest of World,9.378847922213462,row,0,tracker_no_s338_2026-08-24
2025-04-20,UK,10.96075175989466,uk,0,tracker_no_s338_2026-08-24
2025-04-21,Canada,4.201774737129041,ca,0,tracker_no_s338_2026-08-24
2025-04-21,China,117.72501231934989,chn,0,tracker_no_s338_2026-08-24
2025-04-21,EU,9.394337148788521,eu,0,tracker_no_s338_2026-08-24
2025-04-21,Free-trade partners,9.4575447289517,fta,0,tracker_no_s338_2026-08-24
2025-04-21,Japan,14.519864797844479,jp,0,tracker_no_s338_2026-08-24
2025-04-21,Mexico,5.714390251906906,mx,0,tracker_no_s338_2026-08-24
2025-04-21,Rest of World,9.378847922213462,row,0,tracker_no_s338_2026-08-24
2025-04-21,UK,10.96075175989466,uk,0,tracker_no_s338_2026-08-24
2025-04-22,Canada,4.201774737129041,ca,0,tracker_no_s338_2026-08-24
2025-04-22,China,117.72501231934989,chn,0,tracker_no_s338_2026-08-24
2025-04-22,EU,9.394337148788521,eu,0,tracker_no_s338_2026-08-24
2025-04-22,Free-trade partners,9.4575447289517,fta,0,tracker_no_s338_2026-08-24
2025-04-22,Japan,14.519864797844479,jp,0,tracker_no_s338_2026-08-24
2025-04-22,Mexico,5.714390251906906,mx,0,tracker_no_s338_2026-08-24
2025-04-22,Rest of World,9.378847922213462,row,0,tracker_no_s338_2026-08-24
2025-04-22,UK,10.96075175989466,uk,0,tracker_no_s338_2026-08-24
2025-04-23,Canada,4.201774737129041,ca,0,tracker_no_s338_2026-08-24
2025-04-23,China,117.72501231934989,chn,0,tracker_no_s338_2026-08-24
2025-04-23,EU,9.394337148788521,eu,0,tracker_no_s338_2026-08-24
2025-04-23,Free-trade partners,9.4575447289517,fta,0,tracker_no_s338_2026-08-24
2025-04-23,Japan,14.519864797844479,jp,0,tracker_no_s338_2026-08-24
2025-04-23,Mexico,5.714390251906906,mx,0,tracker_no_s338_2026-08-24
2025-04-23,Rest of World,9.378847922213462,row,0,tracker_no_s338_2026-08-24
2025-04-23,UK,10.96075175989466,uk,0,tracker_no_s338_2026-08-24
2025-04-24,Canada,4.201774737129041,ca,0,tracker_no_s338_2026-08-24
2025-04-24,China,117.72501231934989,chn,0,tracker_no_s338_2026-08-24
2025-04-24,EU,9.394337148788521,eu,0,tracker_no_s338_2026-08-24
2025-04-24,Free-trade partners,9.4575447289517,fta,0,tracker_no_s338_2026-08-24
2025-04-24,Japan,14.519864797844479,jp,0,tracker_no_s338_2026-08-24
2025-04-24,Mexico,5.714390251906906,mx,0,tracker_no_s338_2026-08-24
2025-04-24,Rest of World,9.378847922213462,row,0,tracker_no_s338_2026-08-24
2025-04-24,UK,10.96075175989466,uk,0,tracker_no_s338_2026-08-24
2025-04-25,Canada,4.201774737129041,ca,0,tracker_no_s338_2026-08-24
2025-04-25,China,117.72501231934989,chn,0,tracker_no_s338_2026-08-24
2025-04-25,EU,9.394337148788521,eu,0,tracker_no_s338_2026-08-24
2025-04-25,Free-trade partners,9.4575447289517,fta,0,tracker_no_s338_2026-08-24
2025-04-25,Japan,14.519864797844479,jp,0,tracker_no_s338_2026-08-24
2025-04-25,Mexico,5.714390251906906,mx,0,tracker_no_s338_2026-08-24
2025-04-25,Rest of World,9.378847922213462,row,0,tracker_no_s338_2026-08-24
2025-04-25,UK,10.96075175989466,uk,0,tracker_no_s338_2026-08-24
2025-04-26,Canada,4.201774737129041,ca,0,tracker_no_s338_2026-08-24
2025-04-26,China,117.72501231934989,chn,0,tracker_no_s338_2026-08-24
2025-04-26,EU,9.394337148788521,eu,0,tracker_no_s338_2026-08-24
2025-04-26,Free-trade partners,9.4575447289517,fta,0,tracker_no_s338_2026-08-24
2025-04-26,Japan,14.519864797844479,jp,0,tracker_no_s338_2026-08-24
2025-04-26,Mexico,5.714390251906906,mx,0,tracker_no_s338_2026-08-24
2025-04-26,Rest of World,9.378847922213462,row,0,tracker_no_s338_2026-08-24
2025-04-26,UK,10.96075175989466,uk,0,tracker_no_s338_2026-08-24
2025-04-27,Canada,4.201774737129041,ca,0,tracker_no_s338_2026-08-24
2025-04-27,China,117.72501231934989,chn,0,tracker_no_s338_2026-08-24
2025-04-27,EU,9.394337148788521,eu,0,tracker_no_s338_2026-08-24
2025-04-27,Free-trade partners,9.4575447289517,fta,0,tracker_no_s338_2026-08-24
2025-04-27,Japan,14.519864797844479,jp,0,tracker_no_s338_2026-08-24
2025-04-27,Mexico,5.714390251906906,mx,0,tracker_no_s338_2026-08-24
2025-04-27,Rest of World,9.378847922213462,row,0,tracker_no_s338_2026-08-24
2025-04-27,UK,10.96075175989466,uk,0,tracker_no_s338_2026-08-24
2025-04-28,Canada,4.201774737129041,ca,0,tracker_no_s338_2026-08-24
2025-04-28,China,117.72501231934989,chn,0,tracker_no_s338_2026-08-24
2025-04-28,EU,9.394337148788521,eu,0,tracker_no_s338_2026-08-24
2025-04-28,Free-trade partners,9.4575447289517,fta,0,tracker_no_s338_2026-08-24
2025-04-28,Japan,14.519864797844479,jp,0,tracker_no_s338_2026-08-24
2025-04-28,Mexico,5.714390251906906,mx,0,tracker_no_s338_2026-08-24
2025-04-28,Rest of World,9.378847922213462,row,0,tracker_no_s338_2026-08-24
2025-04-28,UK,10.96075175989466,uk,0,tracker_no_s338_2026-08-24
2025-04-29,Canada,4.201774737129041,ca,0,tracker_no_s338_2026-08-24
2025-04-29,China,117.72501231934989,chn,0,tracker_no_s338_2026-08-24
2025-04-29,EU,9.394337148788521,eu,0,tracker_no_s338_2026-08-24
2025-04-29,Free-trade partners,9.4575447289517,fta,0,tracker_no_s338_2026-08-24
2025-04-29,Japan,14.519864797844479,jp,0,tracker_no_s338_2026-08-24
2025-04-29,Mexico,5.714390251906906,mx,0,tracker_no_s338_2026-08-24
2025-04-29,Rest of World,9.378847922213462,row,0,tracker_no_s338_2026-08-24
2025-04-29,UK,10.96075175989466,uk,0,tracker_no_s338_2026-08-24
2025-04-30,Canada,4.201774737129041,ca,0,tracker_no_s338_2026-08-24
2025-04-30,China,117.72501231934989,chn,0,tracker_no_s338_2026-08-24
2025-04-30,EU,9.394337148788521,eu,0,tracker_no_s338_2026-08-24
2025-04-30,Free-trade partners,9.4575447289517,fta,0,tracker_no_s338_2026-08-24
2025-04-30,Japan,14.519864797844479,jp,0,tracker_no_s338_2026-08-24
2025-04-30,Mexico,5.714390251906906,mx,0,tracker_no_s338_2026-08-24
2025-04-30,Rest of World,9.378847922213462,row,0,tracker_no_s338_2026-08-24
2025-04-30,UK,10.96075175989466,uk,0,tracker_no_s338_2026-08-24
2025-05-01,Canada,4.201774737129041,ca,0,tracker_no_s338_2026-08-24
2025-05-01,China,117.72501231934989,chn,0,tracker_no_s338_2026-08-24
2025-05-01,EU,9.394337148788521,eu,0,tracker_no_s338_2026-08-24
2025-05-01,Free-trade partners,9.4575447289517,fta,0,tracker_no_s338_2026-08-24
2025-05-01,Japan,14.519864797844479,jp,0,tracker_no_s338_2026-08-24
2025-05-01,Mexico,5.714390251906906,mx,0,tracker_no_s338_2026-08-24
2025-05-01,Rest of World,9.378847922213462,row,0,tracker_no_s338_2026-08-24
2025-05-01,UK,10.96075175989466,uk,0,tracker_no_s338_2026-08-24
2025-05-02,Canada,4.201774737129041,ca,0,tracker_no_s338_2026-08-24
2025-05-02,China,117.72501231934989,chn,0,tracker_no_s338_2026-08-24
2025-05-02,EU,9.394337148788521,eu,0,tracker_no_s338_2026-08-24
2025-05-02,Free-trade partners,9.4575447289517,fta,0,tracker_no_s338_2026-08-24
2025-05-02,Japan,14.519864797844479,jp,0,tracker_no_s338_2026-08-24
2025-05-02,Mexico,5.714390251906906,mx,0,tracker_no_s338_2026-08-24
2025-05-02,Rest of World,9.378847922213462,row,0,tracker_no_s338_2026-08-24
2025-05-02,UK,10.96075175989466,uk,0,tracker_no_s338_2026-08-24
2025-05-03,Canada,4.186228672890171,ca,0,tracker_no_s338_2026-08-24
2025-05-03,China,110.34820793148079,chn,0,tracker_no_s338_2026-08-24
2025-05-03,EU,9.863116517081266,eu,0,tracker_no_s338_2026-08-24
2025-05-03,Free-trade partners,10.277766035920413,fta,0,tracker_no_s338_2026-08-24
2025-05-03,Japan,15.930944697442417,jp,0,tracker_no_s338_2026-08-24
2025-05-03,Mexico,5.666308333643768,mx,0,tracker_no_s338_2026-08-24
2025-05-03,Rest of World,9.840898925652757,row,0,tracker_no_s338_2026-08-24
2025-05-03,UK,11.266615305360391,uk,0,tracker_no_s338_2026-08-24
2025-05-04,Canada,4.186228672890171,ca,0,tracker_no_s338_2026-08-24
2025-05-04,China,110.34820793148079,chn,0,tracker_no_s338_2026-08-24
2025-05-04,EU,9.863116517081266,eu,0,tracker_no_s338_2026-08-24
2025-05-04,Free-trade partners,10.277766035920413,fta,0,tracker_no_s338_2026-08-24
2025-05-04,Japan,15.930944697442417,jp,0,tracker_no_s338_2026-08-24
2025-05-04,Mexico,5.666308333643768,mx,0,tracker_no_s338_2026-08-24
2025-05-04,Rest of World,9.840898925652757,row,0,tracker_no_s338_2026-08-24
2025-05-04,UK,11.266615305360391,uk,0,tracker_no_s338_2026-08-24
2025-05-05,Canada,4.186228672890171,ca,0,tracker_no_s338_2026-08-24
2025-05-05,China,110.34820793148079,chn,0,tracker_no_s338_2026-08-24
2025-05-05,EU,9.863116517081266,eu,0,tracker_no_s338_2026-08-24
2025-05-05,Free-trade partners,10.277766035920413,fta,0,tracker_no_s338_2026-08-24
2025-05-05,Japan,15.930944697442417,jp,0,tracker_no_s338_2026-08-24
2025-05-05,Mexico,5.666308333643768,mx,0,tracker_no_s338_2026-08-24
2025-05-05,Rest of World,9.840898925652757,row,0,tracker_no_s338_2026-08-24
2025-05-05,UK,11.266615305360391,uk,0,tracker_no_s338_2026-08-24
2025-05-06,Canada,4.186228672890171,ca,0,tracker_no_s338_2026-08-24
2025-05-06,China,110.34820793148079,chn,0,tracker_no_s338_2026-08-24
2025-05-06,EU,9.863116517081266,eu,0,tracker_no_s338_2026-08-24
2025-05-06,Free-trade partners,10.277766035920413,fta,0,tracker_no_s338_2026-08-24
2025-05-06,Japan,15.930944697442417,jp,0,tracker_no_s338_2026-08-24
2025-05-06,Mexico,5.666308333643768,mx,0,tracker_no_s338_2026-08-24
2025-05-06,Rest of World,9.840898925652757,row,0,tracker_no_s338_2026-08-24
2025-05-06,UK,11.266615305360391,uk,0,tracker_no_s338_2026-08-24
2025-05-07,Canada,4.186228672890171,ca,0,tracker_no_s338_2026-08-24
2025-05-07,China,110.34820793148079,chn,0,tracker_no_s338_2026-08-24
2025-05-07,EU,9.863116517081266,eu,0,tracker_no_s338_2026-08-24
2025-05-07,Free-trade partners,10.277766035920413,fta,0,tracker_no_s338_2026-08-24
2025-05-07,Japan,15.930944697442417,jp,0,tracker_no_s338_2026-08-24
2025-05-07,Mexico,5.666308333643768,mx,0,tracker_no_s338_2026-08-24
2025-05-07,Rest of World,9.840898925652757,row,0,tracker_no_s338_2026-08-24
2025-05-07,UK,11.266615305360391,uk,0,tracker_no_s338_2026-08-24
2025-05-08,Canada,4.186228672890171,ca,0,tracker_no_s338_2026-08-24
2025-05-08,China,110.34820793148079,chn,0,tracker_no_s338_2026-08-24
2025-05-08,EU,9.863116517081266,eu,0,tracker_no_s338_2026-08-24
2025-05-08,Free-trade partners,10.277766035920413,fta,0,tracker_no_s338_2026-08-24
2025-05-08,Japan,15.930944697442417,jp,0,tracker_no_s338_2026-08-24
2025-05-08,Mexico,5.666308333643768,mx,0,tracker_no_s338_2026-08-24
2025-05-08,Rest of World,9.840898925652757,row,0,tracker_no_s338_2026-08-24
2025-05-08,UK,11.266615305360391,uk,0,tracker_no_s338_2026-08-24
2025-05-09,Canada,4.186228672890171,ca,0,tracker_no_s338_2026-08-24
2025-05-09,China,110.34820793148079,chn,0,tracker_no_s338_2026-08-24
2025-05-09,EU,9.863116517081266,eu,0,tracker_no_s338_2026-08-24
2025-05-09,Free-trade partners,10.277766035920413,fta,0,tracker_no_s338_2026-08-24
2025-05-09,Japan,15.930944697442417,jp,0,tracker_no_s338_2026-08-24
2025-05-09,Mexico,5.666308333643768,mx,0,tracker_no_s338_2026-08-24
2025-05-09,Rest of World,9.840898925652757,row,0,tracker_no_s338_2026-08-24
2025-05-09,UK,11.266615305360391,uk,0,tracker_no_s338_2026-08-24
2025-05-10,Canada,4.186228672890171,ca,0,tracker_no_s338_2026-08-24
2025-05-10,China,110.34820793148079,chn,0,tracker_no_s338_2026-08-24
2025-05-10,EU,9.863116517081266,eu,0,tracker_no_s338_2026-08-24
2025-05-10,Free-trade partners,10.277766035920413,fta,0,tracker_no_s338_2026-08-24
2025-05-10,Japan,15.930944697442417,jp,0,tracker_no_s338_2026-08-24
2025-05-10,Mexico,5.666308333643768,mx,0,tracker_no_s338_2026-08-24
2025-05-10,Rest of World,9.840898925652757,row,0,tracker_no_s338_2026-08-24
2025-05-10,UK,11.266615305360391,uk,0,tracker_no_s338_2026-08-24
2025-05-11,Canada,4.186228672890171,ca,0,tracker_no_s338_2026-08-24
2025-05-11,China,110.34820793148079,chn,0,tracker_no_s338_2026-08-24
2025-05-11,EU,9.863116517081266,eu,0,tracker_no_s338_2026-08-24
2025-05-11,Free-trade partners,10.277766035920413,fta,0,tracker_no_s338_2026-08-24
2025-05-11,Japan,15.930944697442417,jp,0,tracker_no_s338_2026-08-24
2025-05-11,Mexico,5.666308333643768,mx,0,tracker_no_s338_2026-08-24
2025-05-11,Rest of World,9.840898925652757,row,0,tracker_no_s338_2026-08-24
2025-05-11,UK,11.266615305360391,uk,0,tracker_no_s338_2026-08-24
2025-05-12,Canada,4.186228672890171,ca,0,tracker_no_s338_2026-08-24
2025-05-12,China,110.34820793148079,chn,0,tracker_no_s338_2026-08-24
2025-05-12,EU,9.863116517081266,eu,0,tracker_no_s338_2026-08-24
2025-05-12,Free-trade partners,10.277766035920413,fta,0,tracker_no_s338_2026-08-24
2025-05-12,Japan,15.930944697442417,jp,0,tracker_no_s338_2026-08-24
2025-05-12,Mexico,5.666308333643768,mx,0,tracker_no_s338_2026-08-24
2025-05-12,Rest of World,9.840898925652757,row,0,tracker_no_s338_2026-08-24
2025-05-12,UK,11.266615305360391,uk,0,tracker_no_s338_2026-08-24
2025-05-13,Canada,4.186228672890171,ca,0,tracker_no_s338_2026-08-24
2025-05-13,China,110.34820793148079,chn,0,tracker_no_s338_2026-08-24
2025-05-13,EU,9.863116517081266,eu,0,tracker_no_s338_2026-08-24
2025-05-13,Free-trade partners,10.277766035920413,fta,0,tracker_no_s338_2026-08-24
2025-05-13,Japan,15.930944697442417,jp,0,tracker_no_s338_2026-08-24
2025-05-13,Mexico,5.666308333643768,mx,0,tracker_no_s338_2026-08-24
2025-05-13,Rest of World,9.840898925652757,row,0,tracker_no_s338_2026-08-24
2025-05-13,UK,11.266615305360391,uk,0,tracker_no_s338_2026-08-24
2025-05-14,Canada,4.186228672890171,ca,0,tracker_no_s338_2026-08-24
2025-05-14,China,40.81008364004201,chn,0,tracker_no_s338_2026-08-24
2025-05-14,EU,9.863116517081266,eu,0,tracker_no_s338_2026-08-24
2025-05-14,Free-trade partners,10.277766035920413,fta,0,tracker_no_s338_2026-08-24
2025-05-14,Japan,15.930944697442417,jp,0,tracker_no_s338_2026-08-24
2025-05-14,Mexico,5.666308333643768,mx,0,tracker_no_s338_2026-08-24
2025-05-14,Rest of World,9.418215952845,row,0,tracker_no_s338_2026-08-24
2025-05-14,UK,11.266615305360391,uk,0,tracker_no_s338_2026-08-24
2025-05-15,Canada,4.186228672890171,ca,0,tracker_no_s338_2026-08-24
2025-05-15,China,40.81008364004201,chn,0,tracker_no_s338_2026-08-24
2025-05-15,EU,9.863116517081266,eu,0,tracker_no_s338_2026-08-24
2025-05-15,Free-trade partners,10.277766035920413,fta,0,tracker_no_s338_2026-08-24
2025-05-15,Japan,15.930944697442417,jp,0,tracker_no_s338_2026-08-24
2025-05-15,Mexico,5.666308333643768,mx,0,tracker_no_s338_2026-08-24
2025-05-15,Rest of World,9.418215952845,row,0,tracker_no_s338_2026-08-24
2025-05-15,UK,11.266615305360391,uk,0,tracker_no_s338_2026-08-24
2025-05-16,Canada,4.186228672890171,ca,0,tracker_no_s338_2026-08-24
2025-05-16,China,40.81008364004201,chn,0,tracker_no_s338_2026-08-24
2025-05-16,EU,9.863116517081266,eu,0,tracker_no_s338_2026-08-24
2025-05-16,Free-trade partners,10.277766035920413,fta,0,tracker_no_s338_2026-08-24
2025-05-16,Japan,15.930944697442417,jp,0,tracker_no_s338_2026-08-24
2025-05-16,Mexico,5.666308333643768,mx,0,tracker_no_s338_2026-08-24
2025-05-16,Rest of World,9.418215952845,row,0,tracker_no_s338_2026-08-24
2025-05-16,UK,11.266615305360391,uk,0,tracker_no_s338_2026-08-24
2025-05-17,Canada,4.186228672890171,ca,0,tracker_no_s338_2026-08-24
2025-05-17,China,40.81008364004201,chn,0,tracker_no_s338_2026-08-24
2025-05-17,EU,9.863116517081266,eu,0,tracker_no_s338_2026-08-24
2025-05-17,Free-trade partners,10.277766035920413,fta,0,tracker_no_s338_2026-08-24
2025-05-17,Japan,15.930944697442417,jp,0,tracker_no_s338_2026-08-24
2025-05-17,Mexico,5.666308333643768,mx,0,tracker_no_s338_2026-08-24
2025-05-17,Rest of World,9.418215952845,row,0,tracker_no_s338_2026-08-24
2025-05-17,UK,11.266615305360391,uk,0,tracker_no_s338_2026-08-24
2025-05-18,Canada,4.186228672890171,ca,0,tracker_no_s338_2026-08-24
2025-05-18,China,40.81008364004201,chn,0,tracker_no_s338_2026-08-24
2025-05-18,EU,9.863116517081266,eu,0,tracker_no_s338_2026-08-24
2025-05-18,Free-trade partners,10.277766035920413,fta,0,tracker_no_s338_2026-08-24
2025-05-18,Japan,15.930944697442417,jp,0,tracker_no_s338_2026-08-24
2025-05-18,Mexico,5.666308333643768,mx,0,tracker_no_s338_2026-08-24
2025-05-18,Rest of World,9.418215952845,row,0,tracker_no_s338_2026-08-24
2025-05-18,UK,11.266615305360391,uk,0,tracker_no_s338_2026-08-24
2025-05-19,Canada,4.186228672890171,ca,0,tracker_no_s338_2026-08-24
2025-05-19,China,40.81008364004201,chn,0,tracker_no_s338_2026-08-24
2025-05-19,EU,9.863116517081266,eu,0,tracker_no_s338_2026-08-24
2025-05-19,Free-trade partners,10.277766035920413,fta,0,tracker_no_s338_2026-08-24
2025-05-19,Japan,15.930944697442417,jp,0,tracker_no_s338_2026-08-24
2025-05-19,Mexico,5.666308333643768,mx,0,tracker_no_s338_2026-08-24
2025-05-19,Rest of World,9.418215952845,row,0,tracker_no_s338_2026-08-24
2025-05-19,UK,11.266615305360391,uk,0,tracker_no_s338_2026-08-24
2025-05-20,Canada,4.186228672890171,ca,0,tracker_no_s338_2026-08-24
2025-05-20,China,40.81008364004201,chn,0,tracker_no_s338_2026-08-24
2025-05-20,EU,9.863116517081266,eu,0,tracker_no_s338_2026-08-24
2025-05-20,Free-trade partners,10.277766035920413,fta,0,tracker_no_s338_2026-08-24
2025-05-20,Japan,15.930944697442417,jp,0,tracker_no_s338_2026-08-24
2025-05-20,Mexico,5.666308333643768,mx,0,tracker_no_s338_2026-08-24
2025-05-20,Rest of World,9.418215952845,row,0,tracker_no_s338_2026-08-24
2025-05-20,UK,11.266615305360391,uk,0,tracker_no_s338_2026-08-24
2025-05-21,Canada,4.186228672890171,ca,0,tracker_no_s338_2026-08-24
2025-05-21,China,40.81008364004201,chn,0,tracker_no_s338_2026-08-24
2025-05-21,EU,9.863116517081266,eu,0,tracker_no_s338_2026-08-24
2025-05-21,Free-trade partners,10.277766035920413,fta,0,tracker_no_s338_2026-08-24
2025-05-21,Japan,15.930944697442417,jp,0,tracker_no_s338_2026-08-24
2025-05-21,Mexico,5.666308333643768,mx,0,tracker_no_s338_2026-08-24
2025-05-21,Rest of World,9.418215952845,row,0,tracker_no_s338_2026-08-24
2025-05-21,UK,11.266615305360391,uk,0,tracker_no_s338_2026-08-24
2025-05-22,Canada,4.186228672890171,ca,0,tracker_no_s338_2026-08-24
2025-05-22,China,40.81008364004201,chn,0,tracker_no_s338_2026-08-24
2025-05-22,EU,9.863116517081266,eu,0,tracker_no_s338_2026-08-24
2025-05-22,Free-trade partners,10.277766035920413,fta,0,tracker_no_s338_2026-08-24
2025-05-22,Japan,15.930944697442417,jp,0,tracker_no_s338_2026-08-24
2025-05-22,Mexico,5.666308333643768,mx,0,tracker_no_s338_2026-08-24
2025-05-22,Rest of World,9.418215952845,row,0,tracker_no_s338_2026-08-24
2025-05-22,UK,11.266615305360391,uk,0,tracker_no_s338_2026-08-24
2025-05-23,Canada,4.186228672890171,ca,0,tracker_no_s338_2026-08-24
2025-05-23,China,40.81008364004201,chn,0,tracker_no_s338_2026-08-24
2025-05-23,EU,9.863116517081266,eu,0,tracker_no_s338_2026-08-24
2025-05-23,Free-trade partners,10.277766035920413,fta,0,tracker_no_s338_2026-08-24
2025-05-23,Japan,15.930944697442417,jp,0,tracker_no_s338_2026-08-24
2025-05-23,Mexico,5.666308333643768,mx,0,tracker_no_s338_2026-08-24
2025-05-23,Rest of World,9.418215952845,row,0,tracker_no_s338_2026-08-24
2025-05-23,UK,11.266615305360391,uk,0,tracker_no_s338_2026-08-24
2025-05-24,Canada,4.186228672890171,ca,0,tracker_no_s338_2026-08-24
2025-05-24,China,40.81008364004201,chn,0,tracker_no_s338_2026-08-24
2025-05-24,EU,9.863116517081266,eu,0,tracker_no_s338_2026-08-24
2025-05-24,Free-trade partners,10.277766035920413,fta,0,tracker_no_s338_2026-08-24
2025-05-24,Japan,15.930944697442417,jp,0,tracker_no_s338_2026-08-24
2025-05-24,Mexico,5.666308333643768,mx,0,tracker_no_s338_2026-08-24
2025-05-24,Rest of World,9.418215952845,row,0,tracker_no_s338_2026-08-24
2025-05-24,UK,11.266615305360391,uk,0,tracker_no_s338_2026-08-24
2025-05-25,Canada,4.186228672890171,ca,0,tracker_no_s338_2026-08-24
2025-05-25,China,40.81008364004201,chn,0,tracker_no_s338_2026-08-24
2025-05-25,EU,9.863116517081266,eu,0,tracker_no_s338_2026-08-24
2025-05-25,Free-trade partners,10.277766035920413,fta,0,tracker_no_s338_2026-08-24
2025-05-25,Japan,15.930944697442417,jp,0,tracker_no_s338_2026-08-24
2025-05-25,Mexico,5.666308333643768,mx,0,tracker_no_s338_2026-08-24
2025-05-25,Rest of World,9.418215952845,row,0,tracker_no_s338_2026-08-24
2025-05-25,UK,11.266615305360391,uk,0,tracker_no_s338_2026-08-24
2025-05-26,Canada,4.186228672890171,ca,0,tracker_no_s338_2026-08-24
2025-05-26,China,40.81008364004201,chn,0,tracker_no_s338_2026-08-24
2025-05-26,EU,9.863116517081266,eu,0,tracker_no_s338_2026-08-24
2025-05-26,Free-trade partners,10.277766035920413,fta,0,tracker_no_s338_2026-08-24
2025-05-26,Japan,15.930944697442417,jp,0,tracker_no_s338_2026-08-24
2025-05-26,Mexico,5.666308333643768,mx,0,tracker_no_s338_2026-08-24
2025-05-26,Rest of World,9.418215952845,row,0,tracker_no_s338_2026-08-24
2025-05-26,UK,11.266615305360391,uk,0,tracker_no_s338_2026-08-24
2025-05-27,Canada,4.186228672890171,ca,0,tracker_no_s338_2026-08-24
2025-05-27,China,40.81008364004201,chn,0,tracker_no_s338_2026-08-24
2025-05-27,EU,9.863116517081266,eu,0,tracker_no_s338_2026-08-24
2025-05-27,Free-trade partners,10.277766035920413,fta,0,tracker_no_s338_2026-08-24
2025-05-27,Japan,15.930944697442417,jp,0,tracker_no_s338_2026-08-24
2025-05-27,Mexico,5.666308333643768,mx,0,tracker_no_s338_2026-08-24
2025-05-27,Rest of World,9.418215952845,row,0,tracker_no_s338_2026-08-24
2025-05-27,UK,11.266615305360391,uk,0,tracker_no_s338_2026-08-24
2025-05-28,Canada,4.186228672890171,ca,0,tracker_no_s338_2026-08-24
2025-05-28,China,40.81008364004201,chn,0,tracker_no_s338_2026-08-24
2025-05-28,EU,9.863116517081266,eu,0,tracker_no_s338_2026-08-24
2025-05-28,Free-trade partners,10.277766035920413,fta,0,tracker_no_s338_2026-08-24
2025-05-28,Japan,15.930944697442417,jp,0,tracker_no_s338_2026-08-24
2025-05-28,Mexico,5.666308333643768,mx,0,tracker_no_s338_2026-08-24
2025-05-28,Rest of World,9.418215952845,row,0,tracker_no_s338_2026-08-24
2025-05-28,UK,11.266615305360391,uk,0,tracker_no_s338_2026-08-24
2025-05-29,Canada,4.186228672890171,ca,0,tracker_no_s338_2026-08-24
2025-05-29,China,40.81008364004201,chn,0,tracker_no_s338_2026-08-24
2025-05-29,EU,9.863116517081266,eu,0,tracker_no_s338_2026-08-24
2025-05-29,Free-trade partners,10.277766035920413,fta,0,tracker_no_s338_2026-08-24
2025-05-29,Japan,15.930944697442417,jp,0,tracker_no_s338_2026-08-24
2025-05-29,Mexico,5.666308333643768,mx,0,tracker_no_s338_2026-08-24
2025-05-29,Rest of World,9.418215952845,row,0,tracker_no_s338_2026-08-24
2025-05-29,UK,11.266615305360391,uk,0,tracker_no_s338_2026-08-24
2025-05-30,Canada,4.186228672890171,ca,0,tracker_no_s338_2026-08-24
2025-05-30,China,40.81008364004201,chn,0,tracker_no_s338_2026-08-24
2025-05-30,EU,9.863116517081266,eu,0,tracker_no_s338_2026-08-24
2025-05-30,Free-trade partners,10.277766035920413,fta,0,tracker_no_s338_2026-08-24
2025-05-30,Japan,15.930944697442417,jp,0,tracker_no_s338_2026-08-24
2025-05-30,Mexico,5.666308333643768,mx,0,tracker_no_s338_2026-08-24
2025-05-30,Rest of World,9.418215952845,row,0,tracker_no_s338_2026-08-24
2025-05-30,UK,11.266615305360391,uk,0,tracker_no_s338_2026-08-24
2025-05-31,Canada,4.186228672890171,ca,0,tracker_no_s338_2026-08-24
2025-05-31,China,40.81008364004201,chn,0,tracker_no_s338_2026-08-24
2025-05-31,EU,9.863116517081266,eu,0,tracker_no_s338_2026-08-24
2025-05-31,Free-trade partners,10.277766035920413,fta,0,tracker_no_s338_2026-08-24
2025-05-31,Japan,15.930944697442417,jp,0,tracker_no_s338_2026-08-24
2025-05-31,Mexico,5.666308333643768,mx,0,tracker_no_s338_2026-08-24
2025-05-31,Rest of World,9.418215952845,row,0,tracker_no_s338_2026-08-24
2025-05-31,UK,11.266615305360391,uk,0,tracker_no_s338_2026-08-24
2025-06-01,Canada,4.186228672890171,ca,1,tracker_no_s338_2026-08-24
2025-06-01,China,41.312366324910435,chn,1,tracker_no_s338_2026-08-24
2025-06-01,EU,9.863116517081266,eu,1,tracker_no_s338_2026-08-24
2025-06-01,Free-trade partners,10.277766035920413,fta,1,tracker_no_s338_2026-08-24
2025-06-01,Japan,15.930944697442417,jp,1,tracker_no_s338_2026-08-24
2025-06-01,Mexico,5.666308333643768,mx,1,tracker_no_s338_2026-08-24
2025-06-01,Rest of World,9.418215952845,row,1,tracker_no_s338_2026-08-24
2025-06-01,UK,11.266615305360391,uk,1,tracker_no_s338_2026-08-24
2025-06-02,Canada,4.186228672890171,ca,1,tracker_no_s338_2026-08-24
2025-06-02,China,41.312366324910435,chn,1,tracker_no_s338_2026-08-24
2025-06-02,EU,9.863116517081266,eu,1,tracker_no_s338_2026-08-24
2025-06-02,Free-trade partners,10.277766035920413,fta,1,tracker_no_s338_2026-08-24
2025-06-02,Japan,15.930944697442417,jp,1,tracker_no_s338_2026-08-24
2025-06-02,Mexico,5.666308333643768,mx,1,tracker_no_s338_2026-08-24
2025-06-02,Rest of World,9.418215952845,row,1,tracker_no_s338_2026-08-24
2025-06-02,UK,11.266615305360391,uk,1,tracker_no_s338_2026-08-24
2025-06-03,Canada,4.186228672890171,ca,1,tracker_no_s338_2026-08-24
2025-06-03,China,41.312366324910435,chn,1,tracker_no_s338_2026-08-24
2025-06-03,EU,9.863116517081266,eu,1,tracker_no_s338_2026-08-24
2025-06-03,Free-trade partners,10.277766035920413,fta,1,tracker_no_s338_2026-08-24
2025-06-03,Japan,15.930944697442417,jp,1,tracker_no_s338_2026-08-24
2025-06-03,Mexico,5.666308333643768,mx,1,tracker_no_s338_2026-08-24
2025-06-03,Rest of World,9.418215952845,row,1,tracker_no_s338_2026-08-24
2025-06-03,UK,11.266615305360391,uk,1,tracker_no_s338_2026-08-24
2025-06-04,Canada,5.680154011047975,ca,0,tracker_no_s338_2026-08-24
2025-06-04,China,41.91532978109217,chn,0,tracker_no_s338_2026-08-24
2025-06-04,EU,10.644500560808286,eu,0,tracker_no_s338_2026-08-24
2025-06-04,Free-trade partners,11.284799275198337,fta,0,tracker_no_s338_2026-08-24
2025-06-04,Japan,16.758404623230355,jp,0,tracker_no_s338_2026-08-24
2025-06-04,Mexico,6.411124970698386,mx,0,tracker_no_s338_2026-08-24
2025-06-04,Rest of World,10.21790886603048,row,0,tracker_no_s338_2026-08-24
2025-06-04,UK,11.266615305360391,uk,0,tracker_no_s338_2026-08-24
2025-06-05,Canada,5.680154011047975,ca,0,tracker_no_s338_2026-08-24
2025-06-05,China,41.91532978109217,chn,0,tracker_no_s338_2026-08-24
2025-06-05,EU,10.644500560808286,eu,0,tracker_no_s338_2026-08-24
2025-06-05,Free-trade partners,11.284799275198337,fta,0,tracker_no_s338_2026-08-24
2025-06-05,Japan,16.758404623230355,jp,0,tracker_no_s338_2026-08-24
2025-06-05,Mexico,6.411124970698386,mx,0,tracker_no_s338_2026-08-24
2025-06-05,Rest of World,10.21790886603048,row,0,tracker_no_s338_2026-08-24
2025-06-05,UK,11.266615305360391,uk,0,tracker_no_s338_2026-08-24
2025-06-06,Canada,5.680154011047975,ca,0,tracker_no_s338_2026-08-24
2025-06-06,China,41.91532978109217,chn,0,tracker_no_s338_2026-08-24
2025-06-06,EU,10.644500560808286,eu,0,tracker_no_s338_2026-08-24
2025-06-06,Free-trade partners,11.284799275198337,fta,0,tracker_no_s338_2026-08-24
2025-06-06,Japan,16.758404623230355,jp,0,tracker_no_s338_2026-08-24
2025-06-06,Mexico,6.411124970698386,mx,0,tracker_no_s338_2026-08-24
2025-06-06,Rest of World,10.21790886603048,row,0,tracker_no_s338_2026-08-24
2025-06-06,UK,11.266615305360391,uk,0,tracker_no_s338_2026-08-24
2025-06-07,Canada,5.680154011047975,ca,0,tracker_no_s338_2026-08-24
2025-06-07,China,41.91532978109217,chn,0,tracker_no_s338_2026-08-24
2025-06-07,EU,10.644500560808286,eu,0,tracker_no_s338_2026-08-24
2025-06-07,Free-trade partners,11.284799275198337,fta,0,tracker_no_s338_2026-08-24
2025-06-07,Japan,16.758404623230355,jp,0,tracker_no_s338_2026-08-24
2025-06-07,Mexico,6.411124970698386,mx,0,tracker_no_s338_2026-08-24
2025-06-07,Rest of World,10.21790886603048,row,0,tracker_no_s338_2026-08-24
2025-06-07,UK,11.266615305360391,uk,0,tracker_no_s338_2026-08-24
2025-06-08,Canada,5.680154011047975,ca,0,tracker_no_s338_2026-08-24
2025-06-08,China,41.91532978109217,chn,0,tracker_no_s338_2026-08-24
2025-06-08,EU,10.644500560808286,eu,0,tracker_no_s338_2026-08-24
2025-06-08,Free-trade partners,11.284799275198337,fta,0,tracker_no_s338_2026-08-24
2025-06-08,Japan,16.758404623230355,jp,0,tracker_no_s338_2026-08-24
2025-06-08,Mexico,6.411124970698386,mx,0,tracker_no_s338_2026-08-24
2025-06-08,Rest of World,10.21790886603048,row,0,tracker_no_s338_2026-08-24
2025-06-08,UK,11.266615305360391,uk,0,tracker_no_s338_2026-08-24
2025-06-09,Canada,5.680154011047975,ca,0,tracker_no_s338_2026-08-24
2025-06-09,China,41.91532978109217,chn,0,tracker_no_s338_2026-08-24
2025-06-09,EU,10.644500560808286,eu,0,tracker_no_s338_2026-08-24
2025-06-09,Free-trade partners,11.284799275198337,fta,0,tracker_no_s338_2026-08-24
2025-06-09,Japan,16.758404623230355,jp,0,tracker_no_s338_2026-08-24
2025-06-09,Mexico,6.411124970698386,mx,0,tracker_no_s338_2026-08-24
2025-06-09,Rest of World,10.21790886603048,row,0,tracker_no_s338_2026-08-24
2025-06-09,UK,11.266615305360391,uk,0,tracker_no_s338_2026-08-24
2025-06-10,Canada,5.680154011047975,ca,0,tracker_no_s338_2026-08-24
2025-06-10,China,41.91532978109217,chn,0,tracker_no_s338_2026-08-24
2025-06-10,EU,10.644500560808286,eu,0,tracker_no_s338_2026-08-24
2025-06-10,Free-trade partners,11.284799275198337,fta,0,tracker_no_s338_2026-08-24
2025-06-10,Japan,16.758404623230355,jp,0,tracker_no_s338_2026-08-24
2025-06-10,Mexico,6.411124970698386,mx,0,tracker_no_s338_2026-08-24
2025-06-10,Rest of World,10.21790886603048,row,0,tracker_no_s338_2026-08-24
2025-06-10,UK,11.266615305360391,uk,0,tracker_no_s338_2026-08-24
2025-06-11,Canada,5.680154011047975,ca,0,tracker_no_s338_2026-08-24
2025-06-11,China,41.91532978109217,chn,0,tracker_no_s338_2026-08-24
2025-06-11,EU,10.644500560808286,eu,0,tracker_no_s338_2026-08-24
2025-06-11,Free-trade partners,11.284799275198337,fta,0,tracker_no_s338_2026-08-24
2025-06-11,Japan,16.758404623230355,jp,0,tracker_no_s338_2026-08-24
2025-06-11,Mexico,6.411124970698386,mx,0,tracker_no_s338_2026-08-24
2025-06-11,Rest of World,10.21790886603048,row,0,tracker_no_s338_2026-08-24
2025-06-11,UK,11.266615305360391,uk,0,tracker_no_s338_2026-08-24
2025-06-12,Canada,5.680154011047975,ca,0,tracker_no_s338_2026-08-24
2025-06-12,China,41.91532978109217,chn,0,tracker_no_s338_2026-08-24
2025-06-12,EU,10.644500560808286,eu,0,tracker_no_s338_2026-08-24
2025-06-12,Free-trade partners,11.284799275198337,fta,0,tracker_no_s338_2026-08-24
2025-06-12,Japan,16.758404623230355,jp,0,tracker_no_s338_2026-08-24
2025-06-12,Mexico,6.411124970698386,mx,0,tracker_no_s338_2026-08-24
2025-06-12,Rest of World,10.21790886603048,row,0,tracker_no_s338_2026-08-24
2025-06-12,UK,11.266615305360391,uk,0,tracker_no_s338_2026-08-24
2025-06-13,Canada,5.680154011047975,ca,0,tracker_no_s338_2026-08-24
2025-06-13,China,41.91532978109217,chn,0,tracker_no_s338_2026-08-24
2025-06-13,EU,10.644500560808286,eu,0,tracker_no_s338_2026-08-24
2025-06-13,Free-trade partners,11.284799275198337,fta,0,tracker_no_s338_2026-08-24
2025-06-13,Japan,16.758404623230355,jp,0,tracker_no_s338_2026-08-24
2025-06-13,Mexico,6.411124970698386,mx,0,tracker_no_s338_2026-08-24
2025-06-13,Rest of World,10.21790886603048,row,0,tracker_no_s338_2026-08-24
2025-06-13,UK,11.266615305360391,uk,0,tracker_no_s338_2026-08-24
2025-06-14,Canada,5.680154011047975,ca,0,tracker_no_s338_2026-08-24
2025-06-14,China,41.91532978109217,chn,0,tracker_no_s338_2026-08-24
2025-06-14,EU,10.644500560808286,eu,0,tracker_no_s338_2026-08-24
2025-06-14,Free-trade partners,11.284799275198337,fta,0,tracker_no_s338_2026-08-24
2025-06-14,Japan,16.758404623230355,jp,0,tracker_no_s338_2026-08-24
2025-06-14,Mexico,6.411124970698386,mx,0,tracker_no_s338_2026-08-24
2025-06-14,Rest of World,10.21790886603048,row,0,tracker_no_s338_2026-08-24
2025-06-14,UK,11.266615305360391,uk,0,tracker_no_s338_2026-08-24
2025-06-15,Canada,5.680154011047975,ca,0,tracker_no_s338_2026-08-24
2025-06-15,China,41.91532978109217,chn,0,tracker_no_s338_2026-08-24
2025-06-15,EU,10.644500560808286,eu,0,tracker_no_s338_2026-08-24
2025-06-15,Free-trade partners,11.284799275198337,fta,0,tracker_no_s338_2026-08-24
2025-06-15,Japan,16.758404623230355,jp,0,tracker_no_s338_2026-08-24
2025-06-15,Mexico,6.411124970698386,mx,0,tracker_no_s338_2026-08-24
2025-06-15,Rest of World,10.21790886603048,row,0,tracker_no_s338_2026-08-24
2025-06-15,UK,11.266615305360391,uk,0,tracker_no_s338_2026-08-24
2025-06-16,Canada,5.680154011047975,ca,0,tracker_no_s338_2026-08-24
2025-06-16,China,41.91532978109217,chn,0,tracker_no_s338_2026-08-24
2025-06-16,EU,10.644500560808286,eu,0,tracker_no_s338_2026-08-24
2025-06-16,Free-trade partners,11.284799275198337,fta,0,tracker_no_s338_2026-08-24
2025-06-16,Japan,16.758404623230355,jp,0,tracker_no_s338_2026-08-24
2025-06-16,Mexico,6.411124970698386,mx,0,tracker_no_s338_2026-08-24
2025-06-16,Rest of World,10.21790886603048,row,0,tracker_no_s338_2026-08-24
2025-06-16,UK,11.266615305360391,uk,0,tracker_no_s338_2026-08-24
2025-06-17,Canada,5.680154011047975,ca,0,tracker_no_s338_2026-08-24
2025-06-17,China,41.91532978109217,chn,0,tracker_no_s338_2026-08-24
2025-06-17,EU,10.644500560808286,eu,0,tracker_no_s338_2026-08-24
2025-06-17,Free-trade partners,11.284799275198337,fta,0,tracker_no_s338_2026-08-24
2025-06-17,Japan,16.758404623230355,jp,0,tracker_no_s338_2026-08-24
2025-06-17,Mexico,6.411124970698386,mx,0,tracker_no_s338_2026-08-24
2025-06-17,Rest of World,10.21790886603048,row,0,tracker_no_s338_2026-08-24
2025-06-17,UK,11.266615305360391,uk,0,tracker_no_s338_2026-08-24
2025-06-18,Canada,5.680154011047975,ca,0,tracker_no_s338_2026-08-24
2025-06-18,China,41.91532978109217,chn,0,tracker_no_s338_2026-08-24
2025-06-18,EU,10.644500560808286,eu,0,tracker_no_s338_2026-08-24
2025-06-18,Free-trade partners,11.284799275198337,fta,0,tracker_no_s338_2026-08-24
2025-06-18,Japan,16.758404623230355,jp,0,tracker_no_s338_2026-08-24
2025-06-18,Mexico,6.411124970698386,mx,0,tracker_no_s338_2026-08-24
2025-06-18,Rest of World,10.21790886603048,row,0,tracker_no_s338_2026-08-24
2025-06-18,UK,11.266615305360391,uk,0,tracker_no_s338_2026-08-24
2025-06-19,Canada,5.680154011047975,ca,0,tracker_no_s338_2026-08-24
2025-06-19,China,41.91532978109217,chn,0,tracker_no_s338_2026-08-24
2025-06-19,EU,10.644500560808286,eu,0,tracker_no_s338_2026-08-24
2025-06-19,Free-trade partners,11.284799275198337,fta,0,tracker_no_s338_2026-08-24
2025-06-19,Japan,16.758404623230355,jp,0,tracker_no_s338_2026-08-24
2025-06-19,Mexico,6.411124970698386,mx,0,tracker_no_s338_2026-08-24
2025-06-19,Rest of World,10.21790886603048,row,0,tracker_no_s338_2026-08-24
2025-06-19,UK,11.266615305360391,uk,0,tracker_no_s338_2026-08-24
2025-06-20,Canada,5.680154011047975,ca,0,tracker_no_s338_2026-08-24
2025-06-20,China,41.91532978109217,chn,0,tracker_no_s338_2026-08-24
2025-06-20,EU,10.644500560808286,eu,0,tracker_no_s338_2026-08-24
2025-06-20,Free-trade partners,11.284799275198337,fta,0,tracker_no_s338_2026-08-24
2025-06-20,Japan,16.758404623230355,jp,0,tracker_no_s338_2026-08-24
2025-06-20,Mexico,6.411124970698386,mx,0,tracker_no_s338_2026-08-24
2025-06-20,Rest of World,10.21790886603048,row,0,tracker_no_s338_2026-08-24
2025-06-20,UK,11.266615305360391,uk,0,tracker_no_s338_2026-08-24
2025-06-21,Canada,5.680154011047975,ca,0,tracker_no_s338_2026-08-24
2025-06-21,China,41.91532978109217,chn,0,tracker_no_s338_2026-08-24
2025-06-21,EU,10.644500560808286,eu,0,tracker_no_s338_2026-08-24
2025-06-21,Free-trade partners,11.284799275198337,fta,0,tracker_no_s338_2026-08-24
2025-06-21,Japan,16.758404623230355,jp,0,tracker_no_s338_2026-08-24
2025-06-21,Mexico,6.411124970698386,mx,0,tracker_no_s338_2026-08-24
2025-06-21,Rest of World,10.21790886603048,row,0,tracker_no_s338_2026-08-24
2025-06-21,UK,11.266615305360391,uk,0,tracker_no_s338_2026-08-24
2025-06-22,Canada,5.680154011047975,ca,0,tracker_no_s338_2026-08-24
2025-06-22,China,41.91532978109217,chn,0,tracker_no_s338_2026-08-24
2025-06-22,EU,10.644500560808286,eu,0,tracker_no_s338_2026-08-24
2025-06-22,Free-trade partners,11.284799275198337,fta,0,tracker_no_s338_2026-08-24
2025-06-22,Japan,16.758404623230355,jp,0,tracker_no_s338_2026-08-24
2025-06-22,Mexico,6.411124970698386,mx,0,tracker_no_s338_2026-08-24
2025-06-22,Rest of World,10.21790886603048,row,0,tracker_no_s338_2026-08-24
2025-06-22,UK,11.266615305360391,uk,0,tracker_no_s338_2026-08-24
2025-06-23,Canada,5.680154011047975,ca,0,tracker_no_s338_2026-08-24
2025-06-23,China,41.91532978109217,chn,0,tracker_no_s338_2026-08-24
2025-06-23,EU,10.644500560808286,eu,0,tracker_no_s338_2026-08-24
2025-06-23,Free-trade partners,11.284799275198337,fta,0,tracker_no_s338_2026-08-24
2025-06-23,Japan,16.758404623230355,jp,0,tracker_no_s338_2026-08-24
2025-06-23,Mexico,6.411124970698386,mx,0,tracker_no_s338_2026-08-24
2025-06-23,Rest of World,10.21790886603048,row,0,tracker_no_s338_2026-08-24
2025-06-23,UK,11.266615305360391,uk,0,tracker_no_s338_2026-08-24
2025-06-24,Canada,5.680154011047975,ca,0,tracker_no_s338_2026-08-24
2025-06-24,China,41.91532978109217,chn,0,tracker_no_s338_2026-08-24
2025-06-24,EU,10.644500560808286,eu,0,tracker_no_s338_2026-08-24
2025-06-24,Free-trade partners,11.284799275198337,fta,0,tracker_no_s338_2026-08-24
2025-06-24,Japan,16.758404623230355,jp,0,tracker_no_s338_2026-08-24
2025-06-24,Mexico,6.411124970698386,mx,0,tracker_no_s338_2026-08-24
2025-06-24,Rest of World,10.21790886603048,row,0,tracker_no_s338_2026-08-24
2025-06-24,UK,11.266615305360391,uk,0,tracker_no_s338_2026-08-24
2025-06-25,Canada,5.680154011047975,ca,0,tracker_no_s338_2026-08-24
2025-06-25,China,41.91532978109217,chn,0,tracker_no_s338_2026-08-24
2025-06-25,EU,10.644500560808286,eu,0,tracker_no_s338_2026-08-24
2025-06-25,Free-trade partners,11.284799275198337,fta,0,tracker_no_s338_2026-08-24
2025-06-25,Japan,16.758404623230355,jp,0,tracker_no_s338_2026-08-24
2025-06-25,Mexico,6.411124970698386,mx,0,tracker_no_s338_2026-08-24
2025-06-25,Rest of World,10.21790886603048,row,0,tracker_no_s338_2026-08-24
2025-06-25,UK,11.266615305360391,uk,0,tracker_no_s338_2026-08-24
2025-06-26,Canada,5.680154011047975,ca,0,tracker_no_s338_2026-08-24
2025-06-26,China,41.91532978109217,chn,0,tracker_no_s338_2026-08-24
2025-06-26,EU,10.644500560808286,eu,0,tracker_no_s338_2026-08-24
2025-06-26,Free-trade partners,11.284799275198337,fta,0,tracker_no_s338_2026-08-24
2025-06-26,Japan,16.758404623230355,jp,0,tracker_no_s338_2026-08-24
2025-06-26,Mexico,6.411124970698386,mx,0,tracker_no_s338_2026-08-24
2025-06-26,Rest of World,10.21790886603048,row,0,tracker_no_s338_2026-08-24
2025-06-26,UK,11.266615305360391,uk,0,tracker_no_s338_2026-08-24
2025-06-27,Canada,5.680154011047975,ca,0,tracker_no_s338_2026-08-24
2025-06-27,China,41.91532978109217,chn,0,tracker_no_s338_2026-08-24
2025-06-27,EU,10.644500560808286,eu,0,tracker_no_s338_2026-08-24
2025-06-27,Free-trade partners,11.284799275198337,fta,0,tracker_no_s338_2026-08-24
2025-06-27,Japan,16.758404623230355,jp,0,tracker_no_s338_2026-08-24
2025-06-27,Mexico,6.411124970698386,mx,0,tracker_no_s338_2026-08-24
2025-06-27,Rest of World,10.21790886603048,row,0,tracker_no_s338_2026-08-24
2025-06-27,UK,11.266615305360391,uk,0,tracker_no_s338_2026-08-24
2025-06-28,Canada,5.680154011047975,ca,0,tracker_no_s338_2026-08-24
2025-06-28,China,41.91532978109217,chn,0,tracker_no_s338_2026-08-24
2025-06-28,EU,10.644500560808286,eu,0,tracker_no_s338_2026-08-24
2025-06-28,Free-trade partners,11.284799275198337,fta,0,tracker_no_s338_2026-08-24
2025-06-28,Japan,16.758404623230355,jp,0,tracker_no_s338_2026-08-24
2025-06-28,Mexico,6.411124970698386,mx,0,tracker_no_s338_2026-08-24
2025-06-28,Rest of World,10.21790886603048,row,0,tracker_no_s338_2026-08-24
2025-06-28,UK,11.266615305360391,uk,0,tracker_no_s338_2026-08-24
2025-06-29,Canada,5.680154011047975,ca,0,tracker_no_s338_2026-08-24
2025-06-29,China,41.91532978109217,chn,0,tracker_no_s338_2026-08-24
2025-06-29,EU,10.644500560808286,eu,0,tracker_no_s338_2026-08-24
2025-06-29,Free-trade partners,11.284799275198337,fta,0,tracker_no_s338_2026-08-24
2025-06-29,Japan,16.758404623230355,jp,0,tracker_no_s338_2026-08-24
2025-06-29,Mexico,6.411124970698386,mx,0,tracker_no_s338_2026-08-24
2025-06-29,Rest of World,10.21790886603048,row,0,tracker_no_s338_2026-08-24
2025-06-29,UK,11.266615305360391,uk,0,tracker_no_s338_2026-08-24
2025-06-30,Canada,5.680154011047975,ca,0,tracker_no_s338_2026-08-24
2025-06-30,China,41.91532978109217,chn,0,tracker_no_s338_2026-08-24
2025-06-30,EU,10.644500560808286,eu,0,tracker_no_s338_2026-08-24
2025-06-30,Free-trade partners,11.284799275198337,fta,0,tracker_no_s338_2026-08-24
2025-06-30,Japan,16.758404623230355,jp,0,tracker_no_s338_2026-08-24
2025-06-30,Mexico,6.411124970698386,mx,0,tracker_no_s338_2026-08-24
2025-06-30,Rest of World,10.21790886603048,row,0,tracker_no_s338_2026-08-24
2025-06-30,UK,11.266615305360391,uk,0,tracker_no_s338_2026-08-24
2025-07-01,Canada,5.67382683314384,ca,0,tracker_no_s338_2026-08-24
2025-07-01,China,41.91404030125591,chn,0,tracker_no_s338_2026-08-24
2025-07-01,EU,10.644019528551413,eu,0,tracker_no_s338_2026-08-24
2025-07-01,Free-trade partners,11.28446646807384,fta,0,tracker_no_s338_2026-08-24
2025-07-01,Japan,16.758341914278525,jp,0,tracker_no_s338_2026-08-24
2025-07-01,Mexico,6.416642521987832,mx,0,tracker_no_s338_2026-08-24
2025-07-01,Rest of World,10.217016095957831,row,0,tracker_no_s338_2026-08-24
2025-07-01,UK,8.151393159308064,uk,0,tracker_no_s338_2026-08-24
2025-07-02,Canada,5.67382683314384,ca,0,tracker_no_s338_2026-08-24
2025-07-02,China,41.91404030125591,chn,0,tracker_no_s338_2026-08-24
2025-07-02,EU,10.644019528551413,eu,0,tracker_no_s338_2026-08-24
2025-07-02,Free-trade partners,11.28446646807384,fta,0,tracker_no_s338_2026-08-24
2025-07-02,Japan,16.758341914278525,jp,0,tracker_no_s338_2026-08-24
2025-07-02,Mexico,6.416642521987832,mx,0,tracker_no_s338_2026-08-24
2025-07-02,Rest of World,10.217016095957831,row,0,tracker_no_s338_2026-08-24
2025-07-02,UK,8.151393159308064,uk,0,tracker_no_s338_2026-08-24
2025-07-03,Canada,5.67382683314384,ca,0,tracker_no_s338_2026-08-24
2025-07-03,China,41.91404030125591,chn,0,tracker_no_s338_2026-08-24
2025-07-03,EU,10.644019528551413,eu,0,tracker_no_s338_2026-08-24
2025-07-03,Free-trade partners,11.28446646807384,fta,0,tracker_no_s338_2026-08-24
2025-07-03,Japan,16.758341914278525,jp,0,tracker_no_s338_2026-08-24
2025-07-03,Mexico,6.416642521987832,mx,0,tracker_no_s338_2026-08-24
2025-07-03,Rest of World,10.217016095957831,row,0,tracker_no_s338_2026-08-24
2025-07-03,UK,8.151393159308064,uk,0,tracker_no_s338_2026-08-24
2025-07-04,Canada,5.67382683314384,ca,0,tracker_no_s338_2026-08-24
2025-07-04,China,41.91404030125591,chn,0,tracker_no_s338_2026-08-24
2025-07-04,EU,10.644019528551413,eu,0,tracker_no_s338_2026-08-24
2025-07-04,Free-trade partners,11.28446646807384,fta,0,tracker_no_s338_2026-08-24
2025-07-04,Japan,16.758341914278525,jp,0,tracker_no_s338_2026-08-24
2025-07-04,Mexico,6.416642521987832,mx,0,tracker_no_s338_2026-08-24
2025-07-04,Rest of World,10.217016095957831,row,0,tracker_no_s338_2026-08-24
2025-07-04,UK,8.151393159308064,uk,0,tracker_no_s338_2026-08-24
2025-07-05,Canada,5.67382683314384,ca,0,tracker_no_s338_2026-08-24
2025-07-05,China,41.91404030125591,chn,0,tracker_no_s338_2026-08-24
2025-07-05,EU,10.644019528551413,eu,0,tracker_no_s338_2026-08-24
2025-07-05,Free-trade partners,11.28446646807384,fta,0,tracker_no_s338_2026-08-24
2025-07-05,Japan,16.758341914278525,jp,0,tracker_no_s338_2026-08-24
2025-07-05,Mexico,6.416642521987832,mx,0,tracker_no_s338_2026-08-24
2025-07-05,Rest of World,10.217016095957831,row,0,tracker_no_s338_2026-08-24
2025-07-05,UK,8.151393159308064,uk,0,tracker_no_s338_2026-08-24
2025-07-06,Canada,5.67382683314384,ca,0,tracker_no_s338_2026-08-24
2025-07-06,China,41.91404030125591,chn,0,tracker_no_s338_2026-08-24
2025-07-06,EU,10.644019528551413,eu,0,tracker_no_s338_2026-08-24
2025-07-06,Free-trade partners,11.28446646807384,fta,0,tracker_no_s338_2026-08-24
2025-07-06,Japan,16.758341914278525,jp,0,tracker_no_s338_2026-08-24
2025-07-06,Mexico,6.416642521987832,mx,0,tracker_no_s338_2026-08-24
2025-07-06,Rest of World,10.217016095957831,row,0,tracker_no_s338_2026-08-24
2025-07-06,UK,8.151393159308064,uk,0,tracker_no_s338_2026-08-24
2025-07-07,Canada,5.67382683314384,ca,0,tracker_no_s338_2026-08-24
2025-07-07,China,41.91404030125591,chn,0,tracker_no_s338_2026-08-24
2025-07-07,EU,10.644019528551413,eu,0,tracker_no_s338_2026-08-24
2025-07-07,Free-trade partners,11.28446646807384,fta,0,tracker_no_s338_2026-08-24
2025-07-07,Japan,16.758341914278525,jp,0,tracker_no_s338_2026-08-24
2025-07-07,Mexico,6.416642521987832,mx,0,tracker_no_s338_2026-08-24
2025-07-07,Rest of World,10.217016095957831,row,0,tracker_no_s338_2026-08-24
2025-07-07,UK,8.151393159308064,uk,0,tracker_no_s338_2026-08-24
2025-07-08,Canada,5.67382683314384,ca,0,tracker_no_s338_2026-08-24
2025-07-08,China,41.91404030125591,chn,0,tracker_no_s338_2026-08-24
2025-07-08,EU,10.644019528551413,eu,0,tracker_no_s338_2026-08-24
2025-07-08,Free-trade partners,11.28446646807384,fta,0,tracker_no_s338_2026-08-24
2025-07-08,Japan,16.758341914278525,jp,0,tracker_no_s338_2026-08-24
2025-07-08,Mexico,6.416642521987832,mx,0,tracker_no_s338_2026-08-24
2025-07-08,Rest of World,10.217016095957831,row,0,tracker_no_s338_2026-08-24
2025-07-08,UK,8.151393159308064,uk,0,tracker_no_s338_2026-08-24
2025-07-09,Canada,5.67382683314384,ca,0,tracker_no_s338_2026-08-24
2025-07-09,China,41.91404030125591,chn,0,tracker_no_s338_2026-08-24
2025-07-09,EU,10.644019528551413,eu,0,tracker_no_s338_2026-08-24
2025-07-09,Free-trade partners,11.28446646807384,fta,0,tracker_no_s338_2026-08-24
2025-07-09,Japan,16.758341914278525,jp,0,tracker_no_s338_2026-08-24
2025-07-09,Mexico,6.416642521987832,mx,0,tracker_no_s338_2026-08-24
2025-07-09,Rest of World,10.217016095957831,row,0,tracker_no_s338_2026-08-24
2025-07-09,UK,8.151393159308064,uk,0,tracker_no_s338_2026-08-24
2025-07-10,Canada,5.67382683314384,ca,0,tracker_no_s338_2026-08-24
2025-07-10,China,41.91404030125591,chn,0,tracker_no_s338_2026-08-24
2025-07-10,EU,10.644019528551413,eu,0,tracker_no_s338_2026-08-24
2025-07-10,Free-trade partners,11.28446646807384,fta,0,tracker_no_s338_2026-08-24
2025-07-10,Japan,16.758341914278525,jp,0,tracker_no_s338_2026-08-24
2025-07-10,Mexico,6.416642521987832,mx,0,tracker_no_s338_2026-08-24
2025-07-10,Rest of World,10.217016095957831,row,0,tracker_no_s338_2026-08-24
2025-07-10,UK,8.151393159308064,uk,0,tracker_no_s338_2026-08-24
2025-07-11,Canada,5.67382683314384,ca,0,tracker_no_s338_2026-08-24
2025-07-11,China,41.91404030125591,chn,0,tracker_no_s338_2026-08-24
2025-07-11,EU,10.644019528551413,eu,0,tracker_no_s338_2026-08-24
2025-07-11,Free-trade partners,11.28446646807384,fta,0,tracker_no_s338_2026-08-24
2025-07-11,Japan,16.758341914278525,jp,0,tracker_no_s338_2026-08-24
2025-07-11,Mexico,6.416642521987832,mx,0,tracker_no_s338_2026-08-24
2025-07-11,Rest of World,10.217016095957831,row,0,tracker_no_s338_2026-08-24
2025-07-11,UK,8.151393159308064,uk,0,tracker_no_s338_2026-08-24
2025-07-12,Canada,5.67382683314384,ca,0,tracker_no_s338_2026-08-24
2025-07-12,China,41.91404030125591,chn,0,tracker_no_s338_2026-08-24
2025-07-12,EU,10.644019528551413,eu,0,tracker_no_s338_2026-08-24
2025-07-12,Free-trade partners,11.28446646807384,fta,0,tracker_no_s338_2026-08-24
2025-07-12,Japan,16.758341914278525,jp,0,tracker_no_s338_2026-08-24
2025-07-12,Mexico,6.416642521987832,mx,0,tracker_no_s338_2026-08-24
2025-07-12,Rest of World,10.217016095957831,row,0,tracker_no_s338_2026-08-24
2025-07-12,UK,8.151393159308064,uk,0,tracker_no_s338_2026-08-24
2025-07-13,Canada,5.67382683314384,ca,0,tracker_no_s338_2026-08-24
2025-07-13,China,41.91404030125591,chn,0,tracker_no_s338_2026-08-24
2025-07-13,EU,10.644019528551413,eu,0,tracker_no_s338_2026-08-24
2025-07-13,Free-trade partners,11.28446646807384,fta,0,tracker_no_s338_2026-08-24
2025-07-13,Japan,16.758341914278525,jp,0,tracker_no_s338_2026-08-24
2025-07-13,Mexico,6.416642521987832,mx,0,tracker_no_s338_2026-08-24
2025-07-13,Rest of World,10.217016095957831,row,0,tracker_no_s338_2026-08-24
2025-07-13,UK,8.151393159308064,uk,0,tracker_no_s338_2026-08-24
2025-07-14,Canada,5.67382683314384,ca,0,tracker_no_s338_2026-08-24
2025-07-14,China,41.91404030125591,chn,0,tracker_no_s338_2026-08-24
2025-07-14,EU,10.644019528551413,eu,0,tracker_no_s338_2026-08-24
2025-07-14,Free-trade partners,11.28446646807384,fta,0,tracker_no_s338_2026-08-24
2025-07-14,Japan,16.758341914278525,jp,0,tracker_no_s338_2026-08-24
2025-07-14,Mexico,6.416642521987832,mx,0,tracker_no_s338_2026-08-24
2025-07-14,Rest of World,10.217016095957831,row,0,tracker_no_s338_2026-08-24
2025-07-14,UK,8.151393159308064,uk,0,tracker_no_s338_2026-08-24
2025-07-15,Canada,5.67382683314384,ca,0,tracker_no_s338_2026-08-24
2025-07-15,China,41.91404030125591,chn,0,tracker_no_s338_2026-08-24
2025-07-15,EU,10.644019528551413,eu,0,tracker_no_s338_2026-08-24
2025-07-15,Free-trade partners,11.28446646807384,fta,0,tracker_no_s338_2026-08-24
2025-07-15,Japan,16.758341914278525,jp,0,tracker_no_s338_2026-08-24
2025-07-15,Mexico,6.416642521987832,mx,0,tracker_no_s338_2026-08-24
2025-07-15,Rest of World,10.217016095957831,row,0,tracker_no_s338_2026-08-24
2025-07-15,UK,8.151393159308064,uk,0,tracker_no_s338_2026-08-24
2025-07-16,Canada,5.67382683314384,ca,0,tracker_no_s338_2026-08-24
2025-07-16,China,41.91404030125591,chn,0,tracker_no_s338_2026-08-24
2025-07-16,EU,10.644019528551413,eu,0,tracker_no_s338_2026-08-24
2025-07-16,Free-trade partners,11.28446646807384,fta,0,tracker_no_s338_2026-08-24
2025-07-16,Japan,16.758341914278525,jp,0,tracker_no_s338_2026-08-24
2025-07-16,Mexico,6.416642521987832,mx,0,tracker_no_s338_2026-08-24
2025-07-16,Rest of World,10.217016095957831,row,0,tracker_no_s338_2026-08-24
2025-07-16,UK,8.151393159308064,uk,0,tracker_no_s338_2026-08-24
2025-07-17,Canada,5.67382683314384,ca,0,tracker_no_s338_2026-08-24
2025-07-17,China,41.91404030125591,chn,0,tracker_no_s338_2026-08-24
2025-07-17,EU,10.644019528551413,eu,0,tracker_no_s338_2026-08-24
2025-07-17,Free-trade partners,11.28446646807384,fta,0,tracker_no_s338_2026-08-24
2025-07-17,Japan,16.758341914278525,jp,0,tracker_no_s338_2026-08-24
2025-07-17,Mexico,6.416642521987832,mx,0,tracker_no_s338_2026-08-24
2025-07-17,Rest of World,10.217016095957831,row,0,tracker_no_s338_2026-08-24
2025-07-17,UK,8.151393159308064,uk,0,tracker_no_s338_2026-08-24
2025-07-18,Canada,5.67382683314384,ca,0,tracker_no_s338_2026-08-24
2025-07-18,China,41.91404030125591,chn,0,tracker_no_s338_2026-08-24
2025-07-18,EU,10.644019528551413,eu,0,tracker_no_s338_2026-08-24
2025-07-18,Free-trade partners,11.28446646807384,fta,0,tracker_no_s338_2026-08-24
2025-07-18,Japan,16.758341914278525,jp,0,tracker_no_s338_2026-08-24
2025-07-18,Mexico,6.416642521987832,mx,0,tracker_no_s338_2026-08-24
2025-07-18,Rest of World,10.217016095957831,row,0,tracker_no_s338_2026-08-24
2025-07-18,UK,8.151393159308064,uk,0,tracker_no_s338_2026-08-24
2025-07-19,Canada,5.67382683314384,ca,0,tracker_no_s338_2026-08-24
2025-07-19,China,41.91404030125591,chn,0,tracker_no_s338_2026-08-24
2025-07-19,EU,10.644019528551413,eu,0,tracker_no_s338_2026-08-24
2025-07-19,Free-trade partners,11.28446646807384,fta,0,tracker_no_s338_2026-08-24
2025-07-19,Japan,16.758341914278525,jp,0,tracker_no_s338_2026-08-24
2025-07-19,Mexico,6.416642521987832,mx,0,tracker_no_s338_2026-08-24
2025-07-19,Rest of World,10.217016095957831,row,0,tracker_no_s338_2026-08-24
2025-07-19,UK,8.151393159308064,uk,0,tracker_no_s338_2026-08-24
2025-07-20,Canada,5.67382683314384,ca,0,tracker_no_s338_2026-08-24
2025-07-20,China,41.91404030125591,chn,0,tracker_no_s338_2026-08-24
2025-07-20,EU,10.644019528551413,eu,0,tracker_no_s338_2026-08-24
2025-07-20,Free-trade partners,11.28446646807384,fta,0,tracker_no_s338_2026-08-24
2025-07-20,Japan,16.758341914278525,jp,0,tracker_no_s338_2026-08-24
2025-07-20,Mexico,6.416642521987832,mx,0,tracker_no_s338_2026-08-24
2025-07-20,Rest of World,10.217016095957831,row,0,tracker_no_s338_2026-08-24
2025-07-20,UK,8.151393159308064,uk,0,tracker_no_s338_2026-08-24
2025-07-21,Canada,5.67382683314384,ca,0,tracker_no_s338_2026-08-24
2025-07-21,China,41.91404030125591,chn,0,tracker_no_s338_2026-08-24
2025-07-21,EU,10.644019528551413,eu,0,tracker_no_s338_2026-08-24
2025-07-21,Free-trade partners,11.28446646807384,fta,0,tracker_no_s338_2026-08-24
2025-07-21,Japan,16.758341914278525,jp,0,tracker_no_s338_2026-08-24
2025-07-21,Mexico,6.416642521987832,mx,0,tracker_no_s338_2026-08-24
2025-07-21,Rest of World,10.217016095957831,row,0,tracker_no_s338_2026-08-24
2025-07-21,UK,8.151393159308064,uk,0,tracker_no_s338_2026-08-24
2025-07-22,Canada,5.67382683314384,ca,0,tracker_no_s338_2026-08-24
2025-07-22,China,41.91404030125591,chn,0,tracker_no_s338_2026-08-24
2025-07-22,EU,10.644019528551413,eu,0,tracker_no_s338_2026-08-24
2025-07-22,Free-trade partners,11.28446646807384,fta,0,tracker_no_s338_2026-08-24
2025-07-22,Japan,16.758341914278525,jp,0,tracker_no_s338_2026-08-24
2025-07-22,Mexico,6.416642521987832,mx,0,tracker_no_s338_2026-08-24
2025-07-22,Rest of World,10.217016095957831,row,0,tracker_no_s338_2026-08-24
2025-07-22,UK,8.151393159308064,uk,0,tracker_no_s338_2026-08-24
2025-07-23,Canada,5.67382683314384,ca,0,tracker_no_s338_2026-08-24
2025-07-23,China,41.91404030125591,chn,0,tracker_no_s338_2026-08-24
2025-07-23,EU,10.644019528551413,eu,0,tracker_no_s338_2026-08-24
2025-07-23,Free-trade partners,11.28446646807384,fta,0,tracker_no_s338_2026-08-24
2025-07-23,Japan,16.758341914278525,jp,0,tracker_no_s338_2026-08-24
2025-07-23,Mexico,6.416642521987832,mx,0,tracker_no_s338_2026-08-24
2025-07-23,Rest of World,10.217016095957831,row,0,tracker_no_s338_2026-08-24
2025-07-23,UK,8.151393159308064,uk,0,tracker_no_s338_2026-08-24
2025-07-24,Canada,5.67382683314384,ca,0,tracker_no_s338_2026-08-24
2025-07-24,China,41.91404030125591,chn,0,tracker_no_s338_2026-08-24
2025-07-24,EU,10.644019528551413,eu,0,tracker_no_s338_2026-08-24
2025-07-24,Free-trade partners,11.28446646807384,fta,0,tracker_no_s338_2026-08-24
2025-07-24,Japan,16.758341914278525,jp,0,tracker_no_s338_2026-08-24
2025-07-24,Mexico,6.416642521987832,mx,0,tracker_no_s338_2026-08-24
2025-07-24,Rest of World,10.217016095957831,row,0,tracker_no_s338_2026-08-24
2025-07-24,UK,8.151393159308064,uk,0,tracker_no_s338_2026-08-24
2025-07-25,Canada,5.67382683314384,ca,0,tracker_no_s338_2026-08-24
2025-07-25,China,41.91404030125591,chn,0,tracker_no_s338_2026-08-24
2025-07-25,EU,10.644019528551413,eu,0,tracker_no_s338_2026-08-24
2025-07-25,Free-trade partners,11.28446646807384,fta,0,tracker_no_s338_2026-08-24
2025-07-25,Japan,16.758341914278525,jp,0,tracker_no_s338_2026-08-24
2025-07-25,Mexico,6.416642521987832,mx,0,tracker_no_s338_2026-08-24
2025-07-25,Rest of World,10.217016095957831,row,0,tracker_no_s338_2026-08-24
2025-07-25,UK,8.151393159308064,uk,0,tracker_no_s338_2026-08-24
2025-07-26,Canada,5.67382683314384,ca,0,tracker_no_s338_2026-08-24
2025-07-26,China,41.91404030125591,chn,0,tracker_no_s338_2026-08-24
2025-07-26,EU,10.644019528551413,eu,0,tracker_no_s338_2026-08-24
2025-07-26,Free-trade partners,11.28446646807384,fta,0,tracker_no_s338_2026-08-24
2025-07-26,Japan,16.758341914278525,jp,0,tracker_no_s338_2026-08-24
2025-07-26,Mexico,6.416642521987832,mx,0,tracker_no_s338_2026-08-24
2025-07-26,Rest of World,10.217016095957831,row,0,tracker_no_s338_2026-08-24
2025-07-26,UK,8.151393159308064,uk,0,tracker_no_s338_2026-08-24
2025-07-27,Canada,5.67382683314384,ca,0,tracker_no_s338_2026-08-24
2025-07-27,China,41.91404030125591,chn,0,tracker_no_s338_2026-08-24
2025-07-27,EU,10.644019528551413,eu,0,tracker_no_s338_2026-08-24
2025-07-27,Free-trade partners,11.28446646807384,fta,0,tracker_no_s338_2026-08-24
2025-07-27,Japan,16.758341914278525,jp,0,tracker_no_s338_2026-08-24
2025-07-27,Mexico,6.416642521987832,mx,0,tracker_no_s338_2026-08-24
2025-07-27,Rest of World,10.217016095957831,row,0,tracker_no_s338_2026-08-24
2025-07-27,UK,8.151393159308064,uk,0,tracker_no_s338_2026-08-24
2025-07-28,Canada,5.67382683314384,ca,0,tracker_no_s338_2026-08-24
2025-07-28,China,41.91404030125591,chn,0,tracker_no_s338_2026-08-24
2025-07-28,EU,10.644019528551413,eu,0,tracker_no_s338_2026-08-24
2025-07-28,Free-trade partners,11.28446646807384,fta,0,tracker_no_s338_2026-08-24
2025-07-28,Japan,16.758341914278525,jp,0,tracker_no_s338_2026-08-24
2025-07-28,Mexico,6.416642521987832,mx,0,tracker_no_s338_2026-08-24
2025-07-28,Rest of World,10.217016095957831,row,0,tracker_no_s338_2026-08-24
2025-07-28,UK,8.151393159308064,uk,0,tracker_no_s338_2026-08-24
2025-07-29,Canada,5.67382683314384,ca,0,tracker_no_s338_2026-08-24
2025-07-29,China,41.91404030125591,chn,0,tracker_no_s338_2026-08-24
2025-07-29,EU,10.644019528551413,eu,0,tracker_no_s338_2026-08-24
2025-07-29,Free-trade partners,11.28446646807384,fta,0,tracker_no_s338_2026-08-24
2025-07-29,Japan,16.758341914278525,jp,0,tracker_no_s338_2026-08-24
2025-07-29,Mexico,6.416642521987832,mx,0,tracker_no_s338_2026-08-24
2025-07-29,Rest of World,10.217016095957831,row,0,tracker_no_s338_2026-08-24
2025-07-29,UK,8.151393159308064,uk,0,tracker_no_s338_2026-08-24
2025-07-30,Canada,5.67382683314384,ca,0,tracker_no_s338_2026-08-24
2025-07-30,China,41.91404030125591,chn,0,tracker_no_s338_2026-08-24
2025-07-30,EU,10.644019528551413,eu,0,tracker_no_s338_2026-08-24
2025-07-30,Free-trade partners,11.28446646807384,fta,0,tracker_no_s338_2026-08-24
2025-07-30,Japan,16.758341914278525,jp,0,tracker_no_s338_2026-08-24
2025-07-30,Mexico,6.416642521987832,mx,0,tracker_no_s338_2026-08-24
2025-07-30,Rest of World,10.217016095957831,row,0,tracker_no_s338_2026-08-24
2025-07-30,UK,8.151393159308064,uk,0,tracker_no_s338_2026-08-24
2025-07-31,Canada,5.67382683314384,ca,0,tracker_no_s338_2026-08-24
2025-07-31,China,41.91404030125591,chn,0,tracker_no_s338_2026-08-24
2025-07-31,EU,10.644019528551413,eu,0,tracker_no_s338_2026-08-24
2025-07-31,Free-trade partners,11.28446646807384,fta,0,tracker_no_s338_2026-08-24
2025-07-31,Japan,16.758341914278525,jp,0,tracker_no_s338_2026-08-24
2025-07-31,Mexico,6.416642521987832,mx,0,tracker_no_s338_2026-08-24
2025-07-31,Rest of World,10.217016095957831,row,0,tracker_no_s338_2026-08-24
2025-07-31,UK,8.151393159308064,uk,0,tracker_no_s338_2026-08-24
2025-08-01,Canada,6.431908374358904,ca,0,tracker_no_s338_2026-08-24
2025-08-01,China,42.06241645733947,chn,0,tracker_no_s338_2026-08-24
2025-08-01,EU,10.771114550812149,eu,0,tracker_no_s338_2026-08-24
2025-08-01,Free-trade partners,11.4689265780514,fta,0,tracker_no_s338_2026-08-24
2025-08-01,Japan,16.814255753994303,jp,0,tracker_no_s338_2026-08-24
2025-08-01,Mexico,6.557880598906996,mx,0,tracker_no_s338_2026-08-24
2025-08-01,Rest of World,10.341339361852077,row,0,tracker_no_s338_2026-08-24
2025-08-01,UK,8.236315919066607,uk,0,tracker_no_s338_2026-08-24
2025-08-02,Canada,6.431908374358904,ca,0,tracker_no_s338_2026-08-24
2025-08-02,China,42.06241645733947,chn,0,tracker_no_s338_2026-08-24
2025-08-02,EU,10.771114550812149,eu,0,tracker_no_s338_2026-08-24
2025-08-02,Free-trade partners,11.4689265780514,fta,0,tracker_no_s338_2026-08-24
2025-08-02,Japan,16.814255753994303,jp,0,tracker_no_s338_2026-08-24
2025-08-02,Mexico,6.557880598906996,mx,0,tracker_no_s338_2026-08-24
2025-08-02,Rest of World,10.341339361852077,row,0,tracker_no_s338_2026-08-24
2025-08-02,UK,8.236315919066607,uk,0,tracker_no_s338_2026-08-24
2025-08-03,Canada,6.431908374358904,ca,0,tracker_no_s338_2026-08-24
2025-08-03,China,42.06241645733947,chn,0,tracker_no_s338_2026-08-24
2025-08-03,EU,10.771114550812149,eu,0,tracker_no_s338_2026-08-24
2025-08-03,Free-trade partners,11.4689265780514,fta,0,tracker_no_s338_2026-08-24
2025-08-03,Japan,16.814255753994303,jp,0,tracker_no_s338_2026-08-24
2025-08-03,Mexico,6.557880598906996,mx,0,tracker_no_s338_2026-08-24
2025-08-03,Rest of World,10.341339361852077,row,0,tracker_no_s338_2026-08-24
2025-08-03,UK,8.236315919066607,uk,0,tracker_no_s338_2026-08-24
2025-08-04,Canada,6.431908374358904,ca,0,tracker_no_s338_2026-08-24
2025-08-04,China,42.06241645733947,chn,0,tracker_no_s338_2026-08-24
2025-08-04,EU,10.771114550812149,eu,0,tracker_no_s338_2026-08-24
2025-08-04,Free-trade partners,11.4689265780514,fta,0,tracker_no_s338_2026-08-24
2025-08-04,Japan,16.814255753994303,jp,0,tracker_no_s338_2026-08-24
2025-08-04,Mexico,6.557880598906996,mx,0,tracker_no_s338_2026-08-24
2025-08-04,Rest of World,10.341339361852077,row,0,tracker_no_s338_2026-08-24
2025-08-04,UK,8.236315919066607,uk,0,tracker_no_s338_2026-08-24
2025-08-05,Canada,6.431908374358904,ca,0,tracker_no_s338_2026-08-24
2025-08-05,China,42.06241645733947,chn,0,tracker_no_s338_2026-08-24
2025-08-05,EU,10.771114550812149,eu,0,tracker_no_s338_2026-08-24
2025-08-05,Free-trade partners,11.4689265780514,fta,0,tracker_no_s338_2026-08-24
2025-08-05,Japan,16.814255753994303,jp,0,tracker_no_s338_2026-08-24
2025-08-05,Mexico,6.557880598906996,mx,0,tracker_no_s338_2026-08-24
2025-08-05,Rest of World,10.341339361852077,row,0,tracker_no_s338_2026-08-24
2025-08-05,UK,8.236315919066607,uk,0,tracker_no_s338_2026-08-24
2025-08-06,Canada,6.431908374358904,ca,0,tracker_no_s338_2026-08-24
2025-08-06,China,42.06241645733947,chn,0,tracker_no_s338_2026-08-24
2025-08-06,EU,10.771114550812149,eu,0,tracker_no_s338_2026-08-24
2025-08-06,Free-trade partners,11.4689265780514,fta,0,tracker_no_s338_2026-08-24
2025-08-06,Japan,16.814255753994303,jp,0,tracker_no_s338_2026-08-24
2025-08-06,Mexico,6.557880598906996,mx,0,tracker_no_s338_2026-08-24
2025-08-06,Rest of World,10.341339361852077,row,0,tracker_no_s338_2026-08-24
2025-08-06,UK,8.236315919066607,uk,0,tracker_no_s338_2026-08-24
2025-08-07,Canada,6.431908374358904,ca,0,tracker_no_s338_2026-08-24
2025-08-07,China,42.06241645733947,chn,0,tracker_no_s338_2026-08-24
2025-08-07,EU,12.423399311609204,eu,0,tracker_no_s338_2026-08-24
2025-08-07,Free-trade partners,12.706648659482699,fta,0,tracker_no_s338_2026-08-24
2025-08-07,Japan,18.647363916933784,jp,0,tracker_no_s338_2026-08-24
2025-08-07,Mexico,6.557880598906996,mx,0,tracker_no_s338_2026-08-24
2025-08-07,Rest of World,16.927067539159122,row,0,tracker_no_s338_2026-08-24
2025-08-07,UK,8.236315919066607,uk,0,tracker_no_s338_2026-08-24
2025-08-08,Canada,6.431908374358904,ca,0,tracker_no_s338_2026-08-24
2025-08-08,China,42.06241645733947,chn,0,tracker_no_s338_2026-08-24
2025-08-08,EU,12.423399311609204,eu,0,tracker_no_s338_2026-08-24
2025-08-08,Free-trade partners,12.706648659482699,fta,0,tracker_no_s338_2026-08-24
2025-08-08,Japan,18.647363916933784,jp,0,tracker_no_s338_2026-08-24
2025-08-08,Mexico,6.557880598906996,mx,0,tracker_no_s338_2026-08-24
2025-08-08,Rest of World,16.927067539159122,row,0,tracker_no_s338_2026-08-24
2025-08-08,UK,8.236315919066607,uk,0,tracker_no_s338_2026-08-24
2025-08-09,Canada,6.431908374358904,ca,0,tracker_no_s338_2026-08-24
2025-08-09,China,42.06241645733947,chn,0,tracker_no_s338_2026-08-24
2025-08-09,EU,12.423399311609204,eu,0,tracker_no_s338_2026-08-24
2025-08-09,Free-trade partners,12.706648659482699,fta,0,tracker_no_s338_2026-08-24
2025-08-09,Japan,18.647363916933784,jp,0,tracker_no_s338_2026-08-24
2025-08-09,Mexico,6.557880598906996,mx,0,tracker_no_s338_2026-08-24
2025-08-09,Rest of World,16.927067539159122,row,0,tracker_no_s338_2026-08-24
2025-08-09,UK,8.236315919066607,uk,0,tracker_no_s338_2026-08-24
2025-08-10,Canada,6.431908374358904,ca,0,tracker_no_s338_2026-08-24
2025-08-10,China,42.06241645733947,chn,0,tracker_no_s338_2026-08-24
2025-08-10,EU,12.423399311609204,eu,0,tracker_no_s338_2026-08-24
2025-08-10,Free-trade partners,12.706648659482699,fta,0,tracker_no_s338_2026-08-24
2025-08-10,Japan,18.647363916933784,jp,0,tracker_no_s338_2026-08-24
2025-08-10,Mexico,6.557880598906996,mx,0,tracker_no_s338_2026-08-24
2025-08-10,Rest of World,16.927067539159122,row,0,tracker_no_s338_2026-08-24
2025-08-10,UK,8.236315919066607,uk,0,tracker_no_s338_2026-08-24
2025-08-11,Canada,6.431908374358904,ca,0,tracker_no_s338_2026-08-24
2025-08-11,China,42.06241645733947,chn,0,tracker_no_s338_2026-08-24
2025-08-11,EU,12.423399311609204,eu,0,tracker_no_s338_2026-08-24
2025-08-11,Free-trade partners,12.706648659482699,fta,0,tracker_no_s338_2026-08-24
2025-08-11,Japan,18.647363916933784,jp,0,tracker_no_s338_2026-08-24
2025-08-11,Mexico,6.557880598906996,mx,0,tracker_no_s338_2026-08-24
2025-08-11,Rest of World,16.927067539159122,row,0,tracker_no_s338_2026-08-24
2025-08-11,UK,8.236315919066607,uk,0,tracker_no_s338_2026-08-24
2025-08-12,Canada,6.431908374358904,ca,0,tracker_no_s338_2026-08-24
2025-08-12,China,42.06241645733947,chn,0,tracker_no_s338_2026-08-24
2025-08-12,EU,12.423399311609204,eu,0,tracker_no_s338_2026-08-24
2025-08-12,Free-trade partners,12.706648659482699,fta,0,tracker_no_s338_2026-08-24
2025-08-12,Japan,18.647363916933784,jp,0,tracker_no_s338_2026-08-24
2025-08-12,Mexico,6.557880598906996,mx,0,tracker_no_s338_2026-08-24
2025-08-12,Rest of World,16.927067539159122,row,0,tracker_no_s338_2026-08-24
2025-08-12,UK,8.236315919066607,uk,0,tracker_no_s338_2026-08-24
2025-08-13,Canada,6.431908374358904,ca,0,tracker_no_s338_2026-08-24
2025-08-13,China,42.06241645733947,chn,0,tracker_no_s338_2026-08-24
2025-08-13,EU,12.423399311609204,eu,0,tracker_no_s338_2026-08-24
2025-08-13,Free-trade partners,12.706648659482699,fta,0,tracker_no_s338_2026-08-24
2025-08-13,Japan,18.647363916933784,jp,0,tracker_no_s338_2026-08-24
2025-08-13,Mexico,6.557880598906996,mx,0,tracker_no_s338_2026-08-24
2025-08-13,Rest of World,16.927067539159122,row,0,tracker_no_s338_2026-08-24
2025-08-13,UK,8.236315919066607,uk,0,tracker_no_s338_2026-08-24
2025-08-14,Canada,6.431908374358904,ca,0,tracker_no_s338_2026-08-24
2025-08-14,China,42.06241645733947,chn,0,tracker_no_s338_2026-08-24
2025-08-14,EU,12.423399311609204,eu,0,tracker_no_s338_2026-08-24
2025-08-14,Free-trade partners,12.706648659482699,fta,0,tracker_no_s338_2026-08-24
2025-08-14,Japan,18.647363916933784,jp,0,tracker_no_s338_2026-08-24
2025-08-14,Mexico,6.557880598906996,mx,0,tracker_no_s338_2026-08-24
2025-08-14,Rest of World,16.927067539159122,row,0,tracker_no_s338_2026-08-24
2025-08-14,UK,8.236315919066607,uk,0,tracker_no_s338_2026-08-24
2025-08-15,Canada,6.431908374358904,ca,0,tracker_no_s338_2026-08-24
2025-08-15,China,42.06241645733947,chn,0,tracker_no_s338_2026-08-24
2025-08-15,EU,12.423399311609204,eu,0,tracker_no_s338_2026-08-24
2025-08-15,Free-trade partners,12.706648659482699,fta,0,tracker_no_s338_2026-08-24
2025-08-15,Japan,18.647363916933784,jp,0,tracker_no_s338_2026-08-24
2025-08-15,Mexico,6.557880598906996,mx,0,tracker_no_s338_2026-08-24
2025-08-15,Rest of World,16.927067539159122,row,0,tracker_no_s338_2026-08-24
2025-08-15,UK,8.236315919066607,uk,0,tracker_no_s338_2026-08-24
2025-08-16,Canada,6.431908374358904,ca,0,tracker_no_s338_2026-08-24
2025-08-16,China,42.06241645733947,chn,0,tracker_no_s338_2026-08-24
2025-08-16,EU,12.423399311609204,eu,0,tracker_no_s338_2026-08-24
2025-08-16,Free-trade partners,12.706648659482699,fta,0,tracker_no_s338_2026-08-24
2025-08-16,Japan,18.647363916933784,jp,0,tracker_no_s338_2026-08-24
2025-08-16,Mexico,6.557880598906996,mx,0,tracker_no_s338_2026-08-24
2025-08-16,Rest of World,16.927067539159122,row,0,tracker_no_s338_2026-08-24
2025-08-16,UK,8.236315919066607,uk,0,tracker_no_s338_2026-08-24
2025-08-17,Canada,6.431908374358904,ca,0,tracker_no_s338_2026-08-24
2025-08-17,China,42.06241645733947,chn,0,tracker_no_s338_2026-08-24
2025-08-17,EU,12.423399311609204,eu,0,tracker_no_s338_2026-08-24
2025-08-17,Free-trade partners,12.706648659482699,fta,0,tracker_no_s338_2026-08-24
2025-08-17,Japan,18.647363916933784,jp,0,tracker_no_s338_2026-08-24
2025-08-17,Mexico,6.557880598906996,mx,0,tracker_no_s338_2026-08-24
2025-08-17,Rest of World,16.927067539159122,row,0,tracker_no_s338_2026-08-24
2025-08-17,UK,8.236315919066607,uk,0,tracker_no_s338_2026-08-24
2025-08-18,Canada,6.688302433412549,ca,0,tracker_no_s338_2026-08-24
2025-08-18,China,42.32363078635028,chn,0,tracker_no_s338_2026-08-24
2025-08-18,EU,12.781599798577496,eu,0,tracker_no_s338_2026-08-24
2025-08-18,Free-trade partners,12.899462152684867,fta,0,tracker_no_s338_2026-08-24
2025-08-18,Japan,19.28654459151871,jp,0,tracker_no_s338_2026-08-24
2025-08-18,Mexico,6.991919543747432,mx,0,tracker_no_s338_2026-08-24
2025-08-18,Rest of World,17.02138018650462,row,0,tracker_no_s338_2026-08-24
2025-08-18,UK,8.40155319265734,uk,0,tracker_no_s338_2026-08-24
2025-08-19,Canada,6.688302433412549,ca,0,tracker_no_s338_2026-08-24
2025-08-19,China,42.32363078635028,chn,0,tracker_no_s338_2026-08-24
2025-08-19,EU,12.781599798577496,eu,0,tracker_no_s338_2026-08-24
2025-08-19,Free-trade partners,12.899462152684867,fta,0,tracker_no_s338_2026-08-24
2025-08-19,Japan,19.28654459151871,jp,0,tracker_no_s338_2026-08-24
2025-08-19,Mexico,6.991919543747432,mx,0,tracker_no_s338_2026-08-24
2025-08-19,Rest of World,17.02138018650462,row,0,tracker_no_s338_2026-08-24
2025-08-19,UK,8.40155319265734,uk,0,tracker_no_s338_2026-08-24
2025-08-20,Canada,6.688302433412549,ca,0,tracker_no_s338_2026-08-24
2025-08-20,China,42.32363078635028,chn,0,tracker_no_s338_2026-08-24
2025-08-20,EU,12.781599798577496,eu,0,tracker_no_s338_2026-08-24
2025-08-20,Free-trade partners,12.899462152684867,fta,0,tracker_no_s338_2026-08-24
2025-08-20,Japan,19.28654459151871,jp,0,tracker_no_s338_2026-08-24
2025-08-20,Mexico,6.991919543747432,mx,0,tracker_no_s338_2026-08-24
2025-08-20,Rest of World,17.02138018650462,row,0,tracker_no_s338_2026-08-24
2025-08-20,UK,8.40155319265734,uk,0,tracker_no_s338_2026-08-24
2025-08-21,Canada,6.688302433412549,ca,0,tracker_no_s338_2026-08-24
2025-08-21,China,42.32363078635028,chn,0,tracker_no_s338_2026-08-24
2025-08-21,EU,12.781599798577496,eu,0,tracker_no_s338_2026-08-24
2025-08-21,Free-trade partners,12.899462152684867,fta,0,tracker_no_s338_2026-08-24
2025-08-21,Japan,19.28654459151871,jp,0,tracker_no_s338_2026-08-24
2025-08-21,Mexico,6.991919543747432,mx,0,tracker_no_s338_2026-08-24
2025-08-21,Rest of World,17.02138018650462,row,0,tracker_no_s338_2026-08-24
2025-08-21,UK,8.40155319265734,uk,0,tracker_no_s338_2026-08-24
2025-08-22,Canada,6.688302433412549,ca,0,tracker_no_s338_2026-08-24
2025-08-22,China,42.32363078635028,chn,0,tracker_no_s338_2026-08-24
2025-08-22,EU,12.781599798577496,eu,0,tracker_no_s338_2026-08-24
2025-08-22,Free-trade partners,12.899462152684867,fta,0,tracker_no_s338_2026-08-24
2025-08-22,Japan,19.28654459151871,jp,0,tracker_no_s338_2026-08-24
2025-08-22,Mexico,6.991919543747432,mx,0,tracker_no_s338_2026-08-24
2025-08-22,Rest of World,17.02138018650462,row,0,tracker_no_s338_2026-08-24
2025-08-22,UK,8.40155319265734,uk,0,tracker_no_s338_2026-08-24
2025-08-23,Canada,6.688302433412549,ca,0,tracker_no_s338_2026-08-24
2025-08-23,China,42.32363078635028,chn,0,tracker_no_s338_2026-08-24
2025-08-23,EU,12.781599798577496,eu,0,tracker_no_s338_2026-08-24
2025-08-23,Free-trade partners,12.899462152684867,fta,0,tracker_no_s338_2026-08-24
2025-08-23,Japan,19.28654459151871,jp,0,tracker_no_s338_2026-08-24
2025-08-23,Mexico,6.991919543747432,mx,0,tracker_no_s338_2026-08-24
2025-08-23,Rest of World,17.02138018650462,row,0,tracker_no_s338_2026-08-24
2025-08-23,UK,8.40155319265734,uk,0,tracker_no_s338_2026-08-24
2025-08-24,Canada,6.688302433412549,ca,0,tracker_no_s338_2026-08-24
2025-08-24,China,42.32363078635028,chn,0,tracker_no_s338_2026-08-24
2025-08-24,EU,12.781599798577496,eu,0,tracker_no_s338_2026-08-24
2025-08-24,Free-trade partners,12.899462152684867,fta,0,tracker_no_s338_2026-08-24
2025-08-24,Japan,19.28654459151871,jp,0,tracker_no_s338_2026-08-24
2025-08-24,Mexico,6.991919543747432,mx,0,tracker_no_s338_2026-08-24
2025-08-24,Rest of World,17.02138018650462,row,0,tracker_no_s338_2026-08-24
2025-08-24,UK,8.40155319265734,uk,0,tracker_no_s338_2026-08-24
2025-08-25,Canada,6.688302433412549,ca,0,tracker_no_s338_2026-08-24
2025-08-25,China,42.32363078635028,chn,0,tracker_no_s338_2026-08-24
2025-08-25,EU,12.781599798577496,eu,0,tracker_no_s338_2026-08-24
2025-08-25,Free-trade partners,12.899462152684867,fta,0,tracker_no_s338_2026-08-24
2025-08-25,Japan,19.28654459151871,jp,0,tracker_no_s338_2026-08-24
2025-08-25,Mexico,6.991919543747432,mx,0,tracker_no_s338_2026-08-24
2025-08-25,Rest of World,17.02138018650462,row,0,tracker_no_s338_2026-08-24
2025-08-25,UK,8.40155319265734,uk,0,tracker_no_s338_2026-08-24
2025-08-26,Canada,6.688302433412549,ca,0,tracker_no_s338_2026-08-24
2025-08-26,China,42.32363078635028,chn,0,tracker_no_s338_2026-08-24
2025-08-26,EU,12.781599798577496,eu,0,tracker_no_s338_2026-08-24
2025-08-26,Free-trade partners,12.899462152684867,fta,0,tracker_no_s338_2026-08-24
2025-08-26,Japan,19.28654459151871,jp,0,tracker_no_s338_2026-08-24
2025-08-26,Mexico,6.991919543747432,mx,0,tracker_no_s338_2026-08-24
2025-08-26,Rest of World,17.02138018650462,row,0,tracker_no_s338_2026-08-24
2025-08-26,UK,8.40155319265734,uk,0,tracker_no_s338_2026-08-24
2025-08-27,Canada,6.688302433412549,ca,0,tracker_no_s338_2026-08-24
2025-08-27,China,42.32363078635028,chn,0,tracker_no_s338_2026-08-24
2025-08-27,EU,12.781599798577496,eu,0,tracker_no_s338_2026-08-24
2025-08-27,Free-trade partners,12.899462152684867,fta,0,tracker_no_s338_2026-08-24
2025-08-27,Japan,19.28654459151871,jp,0,tracker_no_s338_2026-08-24
2025-08-27,Mexico,6.991919543747432,mx,0,tracker_no_s338_2026-08-24
2025-08-27,Rest of World,18.696185296488473,row,0,tracker_no_s338_2026-08-24
2025-08-27,UK,8.40155319265734,uk,0,tracker_no_s338_2026-08-24
2025-08-28,Canada,6.688302433412549,ca,0,tracker_no_s338_2026-08-24
2025-08-28,China,42.32363078635028,chn,0,tracker_no_s338_2026-08-24
2025-08-28,EU,12.781599798577496,eu,0,tracker_no_s338_2026-08-24
2025-08-28,Free-trade partners,12.899462152684867,fta,0,tracker_no_s338_2026-08-24
2025-08-28,Japan,19.28654459151871,jp,0,tracker_no_s338_2026-08-24
2025-08-28,Mexico,6.991919543747432,mx,0,tracker_no_s338_2026-08-24
2025-08-28,Rest of World,18.696185296488473,row,0,tracker_no_s338_2026-08-24
2025-08-28,UK,8.40155319265734,uk,0,tracker_no_s338_2026-08-24
2025-08-29,Canada,6.688302433412549,ca,0,tracker_no_s338_2026-08-24
2025-08-29,China,42.32363078635028,chn,0,tracker_no_s338_2026-08-24
2025-08-29,EU,12.781599798577496,eu,0,tracker_no_s338_2026-08-24
2025-08-29,Free-trade partners,12.899462152684867,fta,0,tracker_no_s338_2026-08-24
2025-08-29,Japan,19.28654459151871,jp,0,tracker_no_s338_2026-08-24
2025-08-29,Mexico,6.991919543747432,mx,0,tracker_no_s338_2026-08-24
2025-08-29,Rest of World,18.696185296488473,row,0,tracker_no_s338_2026-08-24
2025-08-29,UK,8.40155319265734,uk,0,tracker_no_s338_2026-08-24
2025-08-30,Canada,6.688302433412549,ca,0,tracker_no_s338_2026-08-24
2025-08-30,China,42.32363078635028,chn,0,tracker_no_s338_2026-08-24
2025-08-30,EU,12.781599798577496,eu,0,tracker_no_s338_2026-08-24
2025-08-30,Free-trade partners,12.899462152684867,fta,0,tracker_no_s338_2026-08-24
2025-08-30,Japan,19.28654459151871,jp,0,tracker_no_s338_2026-08-24
2025-08-30,Mexico,6.991919543747432,mx,0,tracker_no_s338_2026-08-24
2025-08-30,Rest of World,18.696185296488473,row,0,tracker_no_s338_2026-08-24
2025-08-30,UK,8.40155319265734,uk,0,tracker_no_s338_2026-08-24
2025-08-31,Canada,6.688302433412549,ca,0,tracker_no_s338_2026-08-24
2025-08-31,China,42.32363078635028,chn,0,tracker_no_s338_2026-08-24
2025-08-31,EU,12.781599798577496,eu,0,tracker_no_s338_2026-08-24
2025-08-31,Free-trade partners,12.899462152684867,fta,0,tracker_no_s338_2026-08-24
2025-08-31,Japan,19.28654459151871,jp,0,tracker_no_s338_2026-08-24
2025-08-31,Mexico,6.991919543747432,mx,0,tracker_no_s338_2026-08-24
2025-08-31,Rest of World,18.696185296488473,row,0,tracker_no_s338_2026-08-24
2025-08-31,UK,8.40155319265734,uk,0,tracker_no_s338_2026-08-24
2025-09-01,Canada,6.688302433412549,ca,1,tracker_no_s338_2026-08-24
2025-09-01,China,42.825913471218705,chn,1,tracker_no_s338_2026-08-24
2025-09-01,EU,12.781599798577496,eu,1,tracker_no_s338_2026-08-24
2025-09-01,Free-trade partners,12.899462152684867,fta,1,tracker_no_s338_2026-08-24
2025-09-01,Japan,19.28654459151871,jp,1,tracker_no_s338_2026-08-24
2025-09-01,Mexico,6.991919543747432,mx,1,tracker_no_s338_2026-08-24
2025-09-01,Rest of World,18.696185296488473,row,1,tracker_no_s338_2026-08-24
2025-09-01,UK,8.40155319265734,uk,1,tracker_no_s338_2026-08-24
2025-09-02,Canada,6.688302433412549,ca,0,tracker_no_s338_2026-08-24
2025-09-02,China,42.32363078635028,chn,0,tracker_no_s338_2026-08-24
2025-09-02,EU,12.781599798577496,eu,0,tracker_no_s338_2026-08-24
2025-09-02,Free-trade partners,12.899462152684867,fta,0,tracker_no_s338_2026-08-24
2025-09-02,Japan,19.28654459151871,jp,0,tracker_no_s338_2026-08-24
2025-09-02,Mexico,6.991919543747432,mx,0,tracker_no_s338_2026-08-24
2025-09-02,Rest of World,18.696185296488473,row,0,tracker_no_s338_2026-08-24
2025-09-02,UK,8.40155319265734,uk,0,tracker_no_s338_2026-08-24
2025-09-03,Canada,6.688302433412549,ca,0,tracker_no_s338_2026-08-24
2025-09-03,China,42.32363078635028,chn,0,tracker_no_s338_2026-08-24
2025-09-03,EU,12.781599798577496,eu,0,tracker_no_s338_2026-08-24
2025-09-03,Free-trade partners,12.899462152684867,fta,0,tracker_no_s338_2026-08-24
2025-09-03,Japan,19.28654459151871,jp,0,tracker_no_s338_2026-08-24
2025-09-03,Mexico,6.991919543747432,mx,0,tracker_no_s338_2026-08-24
2025-09-03,Rest of World,18.696185296488473,row,0,tracker_no_s338_2026-08-24
2025-09-03,UK,8.40155319265734,uk,0,tracker_no_s338_2026-08-24
2025-09-04,Canada,6.688302433412549,ca,0,tracker_no_s338_2026-08-24
2025-09-04,China,42.32363078635028,chn,0,tracker_no_s338_2026-08-24
2025-09-04,EU,12.781599798577496,eu,0,tracker_no_s338_2026-08-24
2025-09-04,Free-trade partners,12.899462152684867,fta,0,tracker_no_s338_2026-08-24
2025-09-04,Japan,19.28654459151871,jp,0,tracker_no_s338_2026-08-24
2025-09-04,Mexico,6.991919543747432,mx,0,tracker_no_s338_2026-08-24
2025-09-04,Rest of World,18.696185296488473,row,0,tracker_no_s338_2026-08-24
2025-09-04,UK,8.40155319265734,uk,0,tracker_no_s338_2026-08-24
2025-09-05,Canada,6.688302433412549,ca,0,tracker_no_s338_2026-08-24
2025-09-05,China,42.32363078635028,chn,0,tracker_no_s338_2026-08-24
2025-09-05,EU,12.781599798577496,eu,0,tracker_no_s338_2026-08-24
2025-09-05,Free-trade partners,12.899462152684867,fta,0,tracker_no_s338_2026-08-24
2025-09-05,Japan,19.28654459151871,jp,0,tracker_no_s338_2026-08-24
2025-09-05,Mexico,6.991919543747432,mx,0,tracker_no_s338_2026-08-24
2025-09-05,Rest of World,18.696185296488473,row,0,tracker_no_s338_2026-08-24
2025-09-05,UK,8.40155319265734,uk,0,tracker_no_s338_2026-08-24
2025-09-06,Canada,6.688302433412549,ca,0,tracker_no_s338_2026-08-24
2025-09-06,China,42.32363078635028,chn,0,tracker_no_s338_2026-08-24
2025-09-06,EU,12.781599798577496,eu,0,tracker_no_s338_2026-08-24
2025-09-06,Free-trade partners,12.899462152684867,fta,0,tracker_no_s338_2026-08-24
2025-09-06,Japan,19.28654459151871,jp,0,tracker_no_s338_2026-08-24
2025-09-06,Mexico,6.991919543747432,mx,0,tracker_no_s338_2026-08-24
2025-09-06,Rest of World,18.696185296488473,row,0,tracker_no_s338_2026-08-24
2025-09-06,UK,8.40155319265734,uk,0,tracker_no_s338_2026-08-24
2025-09-07,Canada,6.688302433412549,ca,0,tracker_no_s338_2026-08-24
2025-09-07,China,42.32363078635028,chn,0,tracker_no_s338_2026-08-24
2025-09-07,EU,12.781599798577496,eu,0,tracker_no_s338_2026-08-24
2025-09-07,Free-trade partners,12.899462152684867,fta,0,tracker_no_s338_2026-08-24
2025-09-07,Japan,19.28654459151871,jp,0,tracker_no_s338_2026-08-24
2025-09-07,Mexico,6.991919543747432,mx,0,tracker_no_s338_2026-08-24
2025-09-07,Rest of World,18.696185296488473,row,0,tracker_no_s338_2026-08-24
2025-09-07,UK,8.40155319265734,uk,0,tracker_no_s338_2026-08-24
2025-09-08,Canada,6.688302433412549,ca,0,tracker_no_s338_2026-08-24
2025-09-08,China,42.31359906274538,chn,0,tracker_no_s338_2026-08-24
2025-09-08,EU,12.775547852300903,eu,0,tracker_no_s338_2026-08-24
2025-09-08,Free-trade partners,12.83705031050999,fta,0,tracker_no_s338_2026-08-24
2025-09-08,Japan,19.288064128540846,jp,0,tracker_no_s338_2026-08-24
2025-09-08,Mexico,6.991919543747432,mx,0,tracker_no_s338_2026-08-24
2025-09-08,Rest of World,17.949776865581278,row,0,tracker_no_s338_2026-08-24
2025-09-08,UK,8.374088119552006,uk,0,tracker_no_s338_2026-08-24
2025-09-09,Canada,6.688302433412549,ca,0,tracker_no_s338_2026-08-24
2025-09-09,China,42.31359906274538,chn,0,tracker_no_s338_2026-08-24
2025-09-09,EU,12.775547852300903,eu,0,tracker_no_s338_2026-08-24
2025-09-09,Free-trade partners,12.83705031050999,fta,0,tracker_no_s338_2026-08-24
2025-09-09,Japan,19.288064128540846,jp,0,tracker_no_s338_2026-08-24
2025-09-09,Mexico,6.991919543747432,mx,0,tracker_no_s338_2026-08-24
2025-09-09,Rest of World,17.949776865581278,row,0,tracker_no_s338_2026-08-24
2025-09-09,UK,8.374088119552006,uk,0,tracker_no_s338_2026-08-24
2025-09-10,Canada,6.688302433412549,ca,0,tracker_no_s338_2026-08-24
2025-09-10,China,42.31359906274538,chn,0,tracker_no_s338_2026-08-24
2025-09-10,EU,12.775547852300903,eu,0,tracker_no_s338_2026-08-24
2025-09-10,Free-trade partners,12.83705031050999,fta,0,tracker_no_s338_2026-08-24
2025-09-10,Japan,19.288064128540846,jp,0,tracker_no_s338_2026-08-24
2025-09-10,Mexico,6.991919543747432,mx,0,tracker_no_s338_2026-08-24
2025-09-10,Rest of World,17.949776865581278,row,0,tracker_no_s338_2026-08-24
2025-09-10,UK,8.374088119552006,uk,0,tracker_no_s338_2026-08-24
2025-09-11,Canada,6.688302433412549,ca,0,tracker_no_s338_2026-08-24
2025-09-11,China,42.31359906274538,chn,0,tracker_no_s338_2026-08-24
2025-09-11,EU,12.775547852300903,eu,0,tracker_no_s338_2026-08-24
2025-09-11,Free-trade partners,12.83705031050999,fta,0,tracker_no_s338_2026-08-24
2025-09-11,Japan,19.288064128540846,jp,0,tracker_no_s338_2026-08-24
2025-09-11,Mexico,6.991919543747432,mx,0,tracker_no_s338_2026-08-24
2025-09-11,Rest of World,17.949776865581278,row,0,tracker_no_s338_2026-08-24
2025-09-11,UK,8.374088119552006,uk,0,tracker_no_s338_2026-08-24
2025-09-12,Canada,6.688302433412549,ca,0,tracker_no_s338_2026-08-24
2025-09-12,China,42.31359906274538,chn,0,tracker_no_s338_2026-08-24
2025-09-12,EU,12.775547852300903,eu,0,tracker_no_s338_2026-08-24
2025-09-12,Free-trade partners,12.83705031050999,fta,0,tracker_no_s338_2026-08-24
2025-09-12,Japan,19.288064128540846,jp,0,tracker_no_s338_2026-08-24
2025-09-12,Mexico,6.991919543747432,mx,0,tracker_no_s338_2026-08-24
2025-09-12,Rest of World,17.949776865581278,row,0,tracker_no_s338_2026-08-24
2025-09-12,UK,8.374088119552006,uk,0,tracker_no_s338_2026-08-24
2025-09-13,Canada,6.688302433412549,ca,0,tracker_no_s338_2026-08-24
2025-09-13,China,42.31359906274538,chn,0,tracker_no_s338_2026-08-24
2025-09-13,EU,12.775547852300903,eu,0,tracker_no_s338_2026-08-24
2025-09-13,Free-trade partners,12.83705031050999,fta,0,tracker_no_s338_2026-08-24
2025-09-13,Japan,19.288064128540846,jp,0,tracker_no_s338_2026-08-24
2025-09-13,Mexico,6.991919543747432,mx,0,tracker_no_s338_2026-08-24
2025-09-13,Rest of World,17.949776865581278,row,0,tracker_no_s338_2026-08-24
2025-09-13,UK,8.374088119552006,uk,0,tracker_no_s338_2026-08-24
2025-09-14,Canada,6.688302433412549,ca,0,tracker_no_s338_2026-08-24
2025-09-14,China,42.31359906274538,chn,0,tracker_no_s338_2026-08-24
2025-09-14,EU,12.775547852300903,eu,0,tracker_no_s338_2026-08-24
2025-09-14,Free-trade partners,12.83705031050999,fta,0,tracker_no_s338_2026-08-24
2025-09-14,Japan,19.288064128540846,jp,0,tracker_no_s338_2026-08-24
2025-09-14,Mexico,6.991919543747432,mx,0,tracker_no_s338_2026-08-24
2025-09-14,Rest of World,17.949776865581278,row,0,tracker_no_s338_2026-08-24
2025-09-14,UK,8.374088119552006,uk,0,tracker_no_s338_2026-08-24
2025-09-15,Canada,6.688302433412549,ca,0,tracker_no_s338_2026-08-24
2025-09-15,China,42.31359906274538,chn,0,tracker_no_s338_2026-08-24
2025-09-15,EU,12.775547852300903,eu,0,tracker_no_s338_2026-08-24
2025-09-15,Free-trade partners,12.83705031050999,fta,0,tracker_no_s338_2026-08-24
2025-09-15,Japan,19.288064128540846,jp,0,tracker_no_s338_2026-08-24
2025-09-15,Mexico,6.991919543747432,mx,0,tracker_no_s338_2026-08-24
2025-09-15,Rest of World,17.949776865581278,row,0,tracker_no_s338_2026-08-24
2025-09-15,UK,8.374088119552006,uk,0,tracker_no_s338_2026-08-24
2025-09-16,Canada,6.688302433412549,ca,0,tracker_no_s338_2026-08-24
2025-09-16,China,42.31359906274538,chn,0,tracker_no_s338_2026-08-24
2025-09-16,EU,12.775547852300903,eu,0,tracker_no_s338_2026-08-24
2025-09-16,Free-trade partners,12.83705031050999,fta,0,tracker_no_s338_2026-08-24
2025-09-16,Japan,14.623929862544111,jp,0,tracker_no_s338_2026-08-24
2025-09-16,Mexico,6.991919543747432,mx,0,tracker_no_s338_2026-08-24
2025-09-16,Rest of World,17.949776865581278,row,0,tracker_no_s338_2026-08-24
2025-09-16,UK,8.374088119552006,uk,0,tracker_no_s338_2026-08-24
2025-09-17,Canada,6.688302433412549,ca,0,tracker_no_s338_2026-08-24
2025-09-17,China,42.31359906274538,chn,0,tracker_no_s338_2026-08-24
2025-09-17,EU,12.775547852300903,eu,0,tracker_no_s338_2026-08-24
2025-09-17,Free-trade partners,12.83705031050999,fta,0,tracker_no_s338_2026-08-24
2025-09-17,Japan,14.623929862544111,jp,0,tracker_no_s338_2026-08-24
2025-09-17,Mexico,6.991919543747432,mx,0,tracker_no_s338_2026-08-24
2025-09-17,Rest of World,17.949776865581278,row,0,tracker_no_s338_2026-08-24
2025-09-17,UK,8.374088119552006,uk,0,tracker_no_s338_2026-08-24
2025-09-18,Canada,6.688302433412549,ca,0,tracker_no_s338_2026-08-24
2025-09-18,China,42.31359906274538,chn,0,tracker_no_s338_2026-08-24
2025-09-18,EU,12.775547852300903,eu,0,tracker_no_s338_2026-08-24
2025-09-18,Free-trade partners,12.83705031050999,fta,0,tracker_no_s338_2026-08-24
2025-09-18,Japan,14.623929862544111,jp,0,tracker_no_s338_2026-08-24
2025-09-18,Mexico,6.991919543747432,mx,0,tracker_no_s338_2026-08-24
2025-09-18,Rest of World,17.949776865581278,row,0,tracker_no_s338_2026-08-24
2025-09-18,UK,8.374088119552006,uk,0,tracker_no_s338_2026-08-24
2025-09-19,Canada,6.688302433412549,ca,0,tracker_no_s338_2026-08-24
2025-09-19,China,42.31359906274538,chn,0,tracker_no_s338_2026-08-24
2025-09-19,EU,12.775547852300903,eu,0,tracker_no_s338_2026-08-24
2025-09-19,Free-trade partners,12.83705031050999,fta,0,tracker_no_s338_2026-08-24
2025-09-19,Japan,14.623929862544111,jp,0,tracker_no_s338_2026-08-24
2025-09-19,Mexico,6.991919543747432,mx,0,tracker_no_s338_2026-08-24
2025-09-19,Rest of World,17.949776865581278,row,0,tracker_no_s338_2026-08-24
2025-09-19,UK,8.374088119552006,uk,0,tracker_no_s338_2026-08-24
2025-09-20,Canada,6.688302433412549,ca,0,tracker_no_s338_2026-08-24
2025-09-20,China,42.31359906274538,chn,0,tracker_no_s338_2026-08-24
2025-09-20,EU,12.775547852300903,eu,0,tracker_no_s338_2026-08-24
2025-09-20,Free-trade partners,12.83705031050999,fta,0,tracker_no_s338_2026-08-24
2025-09-20,Japan,14.623929862544111,jp,0,tracker_no_s338_2026-08-24
2025-09-20,Mexico,6.991919543747432,mx,0,tracker_no_s338_2026-08-24
2025-09-20,Rest of World,17.949776865581278,row,0,tracker_no_s338_2026-08-24
2025-09-20,UK,8.374088119552006,uk,0,tracker_no_s338_2026-08-24
2025-09-21,Canada,6.688302433412549,ca,0,tracker_no_s338_2026-08-24
2025-09-21,China,42.31359906274538,chn,0,tracker_no_s338_2026-08-24
2025-09-21,EU,12.775547852300903,eu,0,tracker_no_s338_2026-08-24
2025-09-21,Free-trade partners,12.83705031050999,fta,0,tracker_no_s338_2026-08-24
2025-09-21,Japan,14.623929862544111,jp,0,tracker_no_s338_2026-08-24
2025-09-21,Mexico,6.991919543747432,mx,0,tracker_no_s338_2026-08-24
2025-09-21,Rest of World,17.949776865581278,row,0,tracker_no_s338_2026-08-24
2025-09-21,UK,8.374088119552006,uk,0,tracker_no_s338_2026-08-24
2025-09-22,Canada,6.688302433412549,ca,0,tracker_no_s338_2026-08-24
2025-09-22,China,42.31359906274538,chn,0,tracker_no_s338_2026-08-24
2025-09-22,EU,12.775547852300903,eu,0,tracker_no_s338_2026-08-24
2025-09-22,Free-trade partners,12.83705031050999,fta,0,tracker_no_s338_2026-08-24
2025-09-22,Japan,14.623929862544111,jp,0,tracker_no_s338_2026-08-24
2025-09-22,Mexico,6.991919543747432,mx,0,tracker_no_s338_2026-08-24
2025-09-22,Rest of World,17.949776865581278,row,0,tracker_no_s338_2026-08-24
2025-09-22,UK,8.374088119552006,uk,0,tracker_no_s338_2026-08-24
2025-09-23,Canada,6.688302433412549,ca,0,tracker_no_s338_2026-08-24
2025-09-23,China,42.31359906274538,chn,0,tracker_no_s338_2026-08-24
2025-09-23,EU,12.775547852300903,eu,0,tracker_no_s338_2026-08-24
2025-09-23,Free-trade partners,12.83705031050999,fta,0,tracker_no_s338_2026-08-24
2025-09-23,Japan,14.623929862544111,jp,0,tracker_no_s338_2026-08-24
2025-09-23,Mexico,6.991919543747432,mx,0,tracker_no_s338_2026-08-24
2025-09-23,Rest of World,17.949776865581278,row,0,tracker_no_s338_2026-08-24
2025-09-23,UK,8.374088119552006,uk,0,tracker_no_s338_2026-08-24
2025-09-24,Canada,6.688302433412549,ca,0,tracker_no_s338_2026-08-24
2025-09-24,China,42.31359906274538,chn,0,tracker_no_s338_2026-08-24
2025-09-24,EU,12.775547852300903,eu,0,tracker_no_s338_2026-08-24
2025-09-24,Free-trade partners,12.83705031050999,fta,0,tracker_no_s338_2026-08-24
2025-09-24,Japan,14.623929862544111,jp,0,tracker_no_s338_2026-08-24
2025-09-24,Mexico,6.991919543747432,mx,0,tracker_no_s338_2026-08-24
2025-09-24,Rest of World,17.949776865581278,row,0,tracker_no_s338_2026-08-24
2025-09-24,UK,8.374088119552006,uk,0,tracker_no_s338_2026-08-24
2025-09-25,Canada,6.688302433412549,ca,0,tracker_no_s338_2026-08-24
2025-09-25,China,42.31359906274538,chn,0,tracker_no_s338_2026-08-24
2025-09-25,EU,9.51157301842267,eu,0,tracker_no_s338_2026-08-24
2025-09-25,Free-trade partners,12.83705031050999,fta,0,tracker_no_s338_2026-08-24
2025-09-25,Japan,14.623929862544111,jp,0,tracker_no_s338_2026-08-24
2025-09-25,Mexico,6.991919543747432,mx,0,tracker_no_s338_2026-08-24
2025-09-25,Rest of World,17.949776865581278,row,0,tracker_no_s338_2026-08-24
2025-09-25,UK,8.374088119552006,uk,0,tracker_no_s338_2026-08-24
2025-09-26,Canada,6.688302433412549,ca,0,tracker_no_s338_2026-08-24
2025-09-26,China,42.31359906274538,chn,0,tracker_no_s338_2026-08-24
2025-09-26,EU,9.51157301842267,eu,0,tracker_no_s338_2026-08-24
2025-09-26,Free-trade partners,12.83705031050999,fta,0,tracker_no_s338_2026-08-24
2025-09-26,Japan,14.623929862544111,jp,0,tracker_no_s338_2026-08-24
2025-09-26,Mexico,6.991919543747432,mx,0,tracker_no_s338_2026-08-24
2025-09-26,Rest of World,17.949776865581278,row,0,tracker_no_s338_2026-08-24
2025-09-26,UK,8.374088119552006,uk,0,tracker_no_s338_2026-08-24
2025-09-27,Canada,6.688302433412549,ca,0,tracker_no_s338_2026-08-24
2025-09-27,China,42.31359906274538,chn,0,tracker_no_s338_2026-08-24
2025-09-27,EU,9.51157301842267,eu,0,tracker_no_s338_2026-08-24
2025-09-27,Free-trade partners,12.83705031050999,fta,0,tracker_no_s338_2026-08-24
2025-09-27,Japan,14.623929862544111,jp,0,tracker_no_s338_2026-08-24
2025-09-27,Mexico,6.991919543747432,mx,0,tracker_no_s338_2026-08-24
2025-09-27,Rest of World,17.949776865581278,row,0,tracker_no_s338_2026-08-24
2025-09-27,UK,8.374088119552006,uk,0,tracker_no_s338_2026-08-24
2025-09-28,Canada,6.688302433412549,ca,0,tracker_no_s338_2026-08-24
2025-09-28,China,42.31359906274538,chn,0,tracker_no_s338_2026-08-24
2025-09-28,EU,9.51157301842267,eu,0,tracker_no_s338_2026-08-24
2025-09-28,Free-trade partners,12.83705031050999,fta,0,tracker_no_s338_2026-08-24
2025-09-28,Japan,14.623929862544111,jp,0,tracker_no_s338_2026-08-24
2025-09-28,Mexico,6.991919543747432,mx,0,tracker_no_s338_2026-08-24
2025-09-28,Rest of World,17.949776865581278,row,0,tracker_no_s338_2026-08-24
2025-09-28,UK,8.374088119552006,uk,0,tracker_no_s338_2026-08-24
2025-09-29,Canada,6.688302433412549,ca,0,tracker_no_s338_2026-08-24
2025-09-29,China,42.31359906274538,chn,0,tracker_no_s338_2026-08-24
2025-09-29,EU,9.51157301842267,eu,0,tracker_no_s338_2026-08-24
2025-09-29,Free-trade partners,12.83705031050999,fta,0,tracker_no_s338_2026-08-24
2025-09-29,Japan,14.623929862544111,jp,0,tracker_no_s338_2026-08-24
2025-09-29,Mexico,6.991919543747432,mx,0,tracker_no_s338_2026-08-24
2025-09-29,Rest of World,17.949776865581278,row,0,tracker_no_s338_2026-08-24
2025-09-29,UK,8.374088119552006,uk,0,tracker_no_s338_2026-08-24
2025-09-30,Canada,6.688302433412549,ca,0,tracker_no_s338_2026-08-24
2025-09-30,China,42.31359906274538,chn,0,tracker_no_s338_2026-08-24
2025-09-30,EU,9.51157301842267,eu,0,tracker_no_s338_2026-08-24
2025-09-30,Free-trade partners,12.83705031050999,fta,0,tracker_no_s338_2026-08-24
2025-09-30,Japan,14.623929862544111,jp,0,tracker_no_s338_2026-08-24
2025-09-30,Mexico,6.991919543747432,mx,0,tracker_no_s338_2026-08-24
2025-09-30,Rest of World,17.949776865581278,row,0,tracker_no_s338_2026-08-24
2025-09-30,UK,8.374088119552006,uk,0,tracker_no_s338_2026-08-24
2025-10-01,Canada,6.688302433412549,ca,0,tracker_no_s338_2026-08-24
2025-10-01,China,42.31359906274538,chn,0,tracker_no_s338_2026-08-24
2025-10-01,EU,9.51157301842267,eu,0,tracker_no_s338_2026-08-24
2025-10-01,Free-trade partners,12.83705031050999,fta,0,tracker_no_s338_2026-08-24
2025-10-01,Japan,14.623929862544111,jp,0,tracker_no_s338_2026-08-24
2025-10-01,Mexico,6.991919543747432,mx,0,tracker_no_s338_2026-08-24
2025-10-01,Rest of World,17.949776865581278,row,0,tracker_no_s338_2026-08-24
2025-10-01,UK,8.374088119552006,uk,0,tracker_no_s338_2026-08-24
2025-10-02,Canada,6.688302433412549,ca,0,tracker_no_s338_2026-08-24
2025-10-02,China,42.31359906274538,chn,0,tracker_no_s338_2026-08-24
2025-10-02,EU,9.51157301842267,eu,0,tracker_no_s338_2026-08-24
2025-10-02,Free-trade partners,12.83705031050999,fta,0,tracker_no_s338_2026-08-24
2025-10-02,Japan,14.623929862544111,jp,0,tracker_no_s338_2026-08-24
2025-10-02,Mexico,6.991919543747432,mx,0,tracker_no_s338_2026-08-24
2025-10-02,Rest of World,17.949776865581278,row,0,tracker_no_s338_2026-08-24
2025-10-02,UK,8.374088119552006,uk,0,tracker_no_s338_2026-08-24
2025-10-03,Canada,6.688302433412549,ca,0,tracker_no_s338_2026-08-24
2025-10-03,China,42.31359906274538,chn,0,tracker_no_s338_2026-08-24
2025-10-03,EU,9.51157301842267,eu,0,tracker_no_s338_2026-08-24
2025-10-03,Free-trade partners,12.83705031050999,fta,0,tracker_no_s338_2026-08-24
2025-10-03,Japan,14.623929862544111,jp,0,tracker_no_s338_2026-08-24
2025-10-03,Mexico,6.991919543747432,mx,0,tracker_no_s338_2026-08-24
2025-10-03,Rest of World,17.949776865581278,row,0,tracker_no_s338_2026-08-24
2025-10-03,UK,8.374088119552006,uk,0,tracker_no_s338_2026-08-24
2025-10-04,Canada,6.688302433412549,ca,0,tracker_no_s338_2026-08-24
2025-10-04,China,42.31359906274538,chn,0,tracker_no_s338_2026-08-24
2025-10-04,EU,9.51157301842267,eu,0,tracker_no_s338_2026-08-24
2025-10-04,Free-trade partners,12.83705031050999,fta,0,tracker_no_s338_2026-08-24
2025-10-04,Japan,14.623929862544111,jp,0,tracker_no_s338_2026-08-24
2025-10-04,Mexico,6.991919543747432,mx,0,tracker_no_s338_2026-08-24
2025-10-04,Rest of World,17.949776865581278,row,0,tracker_no_s338_2026-08-24
2025-10-04,UK,8.374088119552006,uk,0,tracker_no_s338_2026-08-24
2025-10-05,Canada,6.688302433412549,ca,0,tracker_no_s338_2026-08-24
2025-10-05,China,42.31359906274538,chn,0,tracker_no_s338_2026-08-24
2025-10-05,EU,9.51157301842267,eu,0,tracker_no_s338_2026-08-24
2025-10-05,Free-trade partners,12.83705031050999,fta,0,tracker_no_s338_2026-08-24
2025-10-05,Japan,14.623929862544111,jp,0,tracker_no_s338_2026-08-24
2025-10-05,Mexico,6.991919543747432,mx,0,tracker_no_s338_2026-08-24
2025-10-05,Rest of World,17.949776865581278,row,0,tracker_no_s338_2026-08-24
2025-10-05,UK,8.374088119552006,uk,0,tracker_no_s338_2026-08-24
2025-10-06,Canada,6.688302433412549,ca,0,tracker_no_s338_2026-08-24
2025-10-06,China,42.31359906274538,chn,0,tracker_no_s338_2026-08-24
2025-10-06,EU,9.51157301842267,eu,0,tracker_no_s338_2026-08-24
2025-10-06,Free-trade partners,12.83705031050999,fta,0,tracker_no_s338_2026-08-24
2025-10-06,Japan,14.623929862544111,jp,0,tracker_no_s338_2026-08-24
2025-10-06,Mexico,6.991919543747432,mx,0,tracker_no_s338_2026-08-24
2025-10-06,Rest of World,17.949776865581278,row,0,tracker_no_s338_2026-08-24
2025-10-06,UK,8.374088119552006,uk,0,tracker_no_s338_2026-08-24
2025-10-07,Canada,6.688302433412549,ca,0,tracker_no_s338_2026-08-24
2025-10-07,China,42.31359906274538,chn,0,tracker_no_s338_2026-08-24
2025-10-07,EU,9.51157301842267,eu,0,tracker_no_s338_2026-08-24
2025-10-07,Free-trade partners,12.83705031050999,fta,0,tracker_no_s338_2026-08-24
2025-10-07,Japan,14.623929862544111,jp,0,tracker_no_s338_2026-08-24
2025-10-07,Mexico,6.991919543747432,mx,0,tracker_no_s338_2026-08-24
2025-10-07,Rest of World,17.949776865581278,row,0,tracker_no_s338_2026-08-24
2025-10-07,UK,8.374088119552006,uk,0,tracker_no_s338_2026-08-24
2025-10-08,Canada,6.688302433412549,ca,0,tracker_no_s338_2026-08-24
2025-10-08,China,42.31359906274538,chn,0,tracker_no_s338_2026-08-24
2025-10-08,EU,9.51157301842267,eu,0,tracker_no_s338_2026-08-24
2025-10-08,Free-trade partners,12.83705031050999,fta,0,tracker_no_s338_2026-08-24
2025-10-08,Japan,14.623929862544111,jp,0,tracker_no_s338_2026-08-24
2025-10-08,Mexico,6.991919543747432,mx,0,tracker_no_s338_2026-08-24
2025-10-08,Rest of World,17.949776865581278,row,0,tracker_no_s338_2026-08-24
2025-10-08,UK,8.374088119552006,uk,0,tracker_no_s338_2026-08-24
2025-10-09,Canada,6.688302433412549,ca,0,tracker_no_s338_2026-08-24
2025-10-09,China,42.31359906274538,chn,0,tracker_no_s338_2026-08-24
2025-10-09,EU,9.51157301842267,eu,0,tracker_no_s338_2026-08-24
2025-10-09,Free-trade partners,12.83705031050999,fta,0,tracker_no_s338_2026-08-24
2025-10-09,Japan,14.623929862544111,jp,0,tracker_no_s338_2026-08-24
2025-10-09,Mexico,6.991919543747432,mx,0,tracker_no_s338_2026-08-24
2025-10-09,Rest of World,17.949776865581278,row,0,tracker_no_s338_2026-08-24
2025-10-09,UK,8.374088119552006,uk,0,tracker_no_s338_2026-08-24
2025-10-10,Canada,6.688302433412549,ca,0,tracker_no_s338_2026-08-24
2025-10-10,China,42.31359906274538,chn,0,tracker_no_s338_2026-08-24
2025-10-10,EU,9.51157301842267,eu,0,tracker_no_s338_2026-08-24
2025-10-10,Free-trade partners,12.83705031050999,fta,0,tracker_no_s338_2026-08-24
2025-10-10,Japan,14.623929862544111,jp,0,tracker_no_s338_2026-08-24
2025-10-10,Mexico,6.991919543747432,mx,0,tracker_no_s338_2026-08-24
2025-10-10,Rest of World,17.949776865581278,row,0,tracker_no_s338_2026-08-24
2025-10-10,UK,8.374088119552006,uk,0,tracker_no_s338_2026-08-24
2025-10-11,Canada,6.688302433412549,ca,0,tracker_no_s338_2026-08-24
2025-10-11,China,42.31359906274538,chn,0,tracker_no_s338_2026-08-24
2025-10-11,EU,9.51157301842267,eu,0,tracker_no_s338_2026-08-24
2025-10-11,Free-trade partners,12.83705031050999,fta,0,tracker_no_s338_2026-08-24
2025-10-11,Japan,14.623929862544111,jp,0,tracker_no_s338_2026-08-24
2025-10-11,Mexico,6.991919543747432,mx,0,tracker_no_s338_2026-08-24
2025-10-11,Rest of World,17.949776865581278,row,0,tracker_no_s338_2026-08-24
2025-10-11,UK,8.374088119552006,uk,0,tracker_no_s338_2026-08-24
2025-10-12,Canada,6.688302433412549,ca,0,tracker_no_s338_2026-08-24
2025-10-12,China,42.31359906274538,chn,0,tracker_no_s338_2026-08-24
2025-10-12,EU,9.51157301842267,eu,0,tracker_no_s338_2026-08-24
2025-10-12,Free-trade partners,12.83705031050999,fta,0,tracker_no_s338_2026-08-24
2025-10-12,Japan,14.623929862544111,jp,0,tracker_no_s338_2026-08-24
2025-10-12,Mexico,6.991919543747432,mx,0,tracker_no_s338_2026-08-24
2025-10-12,Rest of World,17.949776865581278,row,0,tracker_no_s338_2026-08-24
2025-10-12,UK,8.374088119552006,uk,0,tracker_no_s338_2026-08-24
2025-10-13,Canada,6.688302433412549,ca,0,tracker_no_s338_2026-08-24
2025-10-13,China,42.31359906274538,chn,0,tracker_no_s338_2026-08-24
2025-10-13,EU,9.51157301842267,eu,0,tracker_no_s338_2026-08-24
2025-10-13,Free-trade partners,12.83705031050999,fta,0,tracker_no_s338_2026-08-24
2025-10-13,Japan,14.623929862544111,jp,0,tracker_no_s338_2026-08-24
2025-10-13,Mexico,6.991919543747432,mx,0,tracker_no_s338_2026-08-24
2025-10-13,Rest of World,17.949776865581278,row,0,tracker_no_s338_2026-08-24
2025-10-13,UK,8.374088119552006,uk,0,tracker_no_s338_2026-08-24
2025-10-14,Canada,6.896820935511274,ca,0,tracker_no_s338_2026-08-24
2025-10-14,China,42.42310079122983,chn,0,tracker_no_s338_2026-08-24
2025-10-14,EU,9.562003010977675,eu,0,tracker_no_s338_2026-08-24
2025-10-14,Free-trade partners,12.871741849171572,fta,0,tracker_no_s338_2026-08-24
2025-10-14,Japan,14.625700644959522,jp,0,tracker_no_s338_2026-08-24
2025-10-14,Mexico,7.072399019387149,mx,0,tracker_no_s338_2026-08-24
2025-10-14,Rest of World,18.054795017117332,row,0,tracker_no_s338_2026-08-24
2025-10-14,UK,8.375998752536862,uk,0,tracker_no_s338_2026-08-24
2025-10-15,Canada,6.896820935511274,ca,0,tracker_no_s338_2026-08-24
2025-10-15,China,42.42310079122983,chn,0,tracker_no_s338_2026-08-24
2025-10-15,EU,9.562003010977675,eu,0,tracker_no_s338_2026-08-24
2025-10-15,Free-trade partners,12.871741849171572,fta,0,tracker_no_s338_2026-08-24
2025-10-15,Japan,14.625700644959522,jp,0,tracker_no_s338_2026-08-24
2025-10-15,Mexico,7.072399019387149,mx,0,tracker_no_s338_2026-08-24
2025-10-15,Rest of World,18.054795017117332,row,0,tracker_no_s338_2026-08-24
2025-10-15,UK,8.375998752536862,uk,0,tracker_no_s338_2026-08-24
2025-10-16,Canada,6.896820935511274,ca,0,tracker_no_s338_2026-08-24
2025-10-16,China,42.42310079122983,chn,0,tracker_no_s338_2026-08-24
2025-10-16,EU,9.562003010977675,eu,0,tracker_no_s338_2026-08-24
2025-10-16,Free-trade partners,12.871741849171572,fta,0,tracker_no_s338_2026-08-24
2025-10-16,Japan,14.625700644959522,jp,0,tracker_no_s338_2026-08-24
2025-10-16,Mexico,7.072399019387149,mx,0,tracker_no_s338_2026-08-24
2025-10-16,Rest of World,18.054795017117332,row,0,tracker_no_s338_2026-08-24
2025-10-16,UK,8.375998752536862,uk,0,tracker_no_s338_2026-08-24
2025-10-17,Canada,6.896820935511274,ca,0,tracker_no_s338_2026-08-24
2025-10-17,China,42.42310079122983,chn,0,tracker_no_s338_2026-08-24
2025-10-17,EU,9.562003010977675,eu,0,tracker_no_s338_2026-08-24
2025-10-17,Free-trade partners,12.871741849171572,fta,0,tracker_no_s338_2026-08-24
2025-10-17,Japan,14.625700644959522,jp,0,tracker_no_s338_2026-08-24
2025-10-17,Mexico,7.072399019387149,mx,0,tracker_no_s338_2026-08-24
2025-10-17,Rest of World,18.054795017117332,row,0,tracker_no_s338_2026-08-24
2025-10-17,UK,8.375998752536862,uk,0,tracker_no_s338_2026-08-24
2025-10-18,Canada,6.896820935511274,ca,0,tracker_no_s338_2026-08-24
2025-10-18,China,42.42310079122983,chn,0,tracker_no_s338_2026-08-24
2025-10-18,EU,9.562003010977675,eu,0,tracker_no_s338_2026-08-24
2025-10-18,Free-trade partners,12.871741849171572,fta,0,tracker_no_s338_2026-08-24
2025-10-18,Japan,14.625700644959522,jp,0,tracker_no_s338_2026-08-24
2025-10-18,Mexico,7.072399019387149,mx,0,tracker_no_s338_2026-08-24
2025-10-18,Rest of World,18.054795017117332,row,0,tracker_no_s338_2026-08-24
2025-10-18,UK,8.375998752536862,uk,0,tracker_no_s338_2026-08-24
2025-10-19,Canada,6.896820935511274,ca,0,tracker_no_s338_2026-08-24
2025-10-19,China,42.42310079122983,chn,0,tracker_no_s338_2026-08-24
2025-10-19,EU,9.562003010977675,eu,0,tracker_no_s338_2026-08-24
2025-10-19,Free-trade partners,12.871741849171572,fta,0,tracker_no_s338_2026-08-24
2025-10-19,Japan,14.625700644959522,jp,0,tracker_no_s338_2026-08-24
2025-10-19,Mexico,7.072399019387149,mx,0,tracker_no_s338_2026-08-24
2025-10-19,Rest of World,18.054795017117332,row,0,tracker_no_s338_2026-08-24
2025-10-19,UK,8.375998752536862,uk,0,tracker_no_s338_2026-08-24
2025-10-20,Canada,6.896820935511274,ca,0,tracker_no_s338_2026-08-24
2025-10-20,China,42.42310079122983,chn,0,tracker_no_s338_2026-08-24
2025-10-20,EU,9.562003010977675,eu,0,tracker_no_s338_2026-08-24
2025-10-20,Free-trade partners,12.871741849171572,fta,0,tracker_no_s338_2026-08-24
2025-10-20,Japan,14.625700644959522,jp,0,tracker_no_s338_2026-08-24
2025-10-20,Mexico,7.072399019387149,mx,0,tracker_no_s338_2026-08-24
2025-10-20,Rest of World,18.054795017117332,row,0,tracker_no_s338_2026-08-24
2025-10-20,UK,8.375998752536862,uk,0,tracker_no_s338_2026-08-24
2025-10-21,Canada,6.896820935511274,ca,0,tracker_no_s338_2026-08-24
2025-10-21,China,42.42310079122983,chn,0,tracker_no_s338_2026-08-24
2025-10-21,EU,9.562003010977675,eu,0,tracker_no_s338_2026-08-24
2025-10-21,Free-trade partners,12.871741849171572,fta,0,tracker_no_s338_2026-08-24
2025-10-21,Japan,14.625700644959522,jp,0,tracker_no_s338_2026-08-24
2025-10-21,Mexico,7.072399019387149,mx,0,tracker_no_s338_2026-08-24
2025-10-21,Rest of World,18.054795017117332,row,0,tracker_no_s338_2026-08-24
2025-10-21,UK,8.375998752536862,uk,0,tracker_no_s338_2026-08-24
2025-10-22,Canada,6.896820935511274,ca,0,tracker_no_s338_2026-08-24
2025-10-22,China,42.42310079122983,chn,0,tracker_no_s338_2026-08-24
2025-10-22,EU,9.562003010977675,eu,0,tracker_no_s338_2026-08-24
2025-10-22,Free-trade partners,12.871741849171572,fta,0,tracker_no_s338_2026-08-24
2025-10-22,Japan,14.625700644959522,jp,0,tracker_no_s338_2026-08-24
2025-10-22,Mexico,7.072399019387149,mx,0,tracker_no_s338_2026-08-24
2025-10-22,Rest of World,18.054795017117332,row,0,tracker_no_s338_2026-08-24
2025-10-22,UK,8.375998752536862,uk,0,tracker_no_s338_2026-08-24
2025-10-23,Canada,6.896820935511274,ca,0,tracker_no_s338_2026-08-24
2025-10-23,China,42.42310079122983,chn,0,tracker_no_s338_2026-08-24
2025-10-23,EU,9.562003010977675,eu,0,tracker_no_s338_2026-08-24
2025-10-23,Free-trade partners,12.871741849171572,fta,0,tracker_no_s338_2026-08-24
2025-10-23,Japan,14.625700644959522,jp,0,tracker_no_s338_2026-08-24
2025-10-23,Mexico,7.072399019387149,mx,0,tracker_no_s338_2026-08-24
2025-10-23,Rest of World,18.054795017117332,row,0,tracker_no_s338_2026-08-24
2025-10-23,UK,8.375998752536862,uk,0,tracker_no_s338_2026-08-24
2025-10-24,Canada,6.896820935511274,ca,0,tracker_no_s338_2026-08-24
2025-10-24,China,42.42310079122983,chn,0,tracker_no_s338_2026-08-24
2025-10-24,EU,9.562003010977675,eu,0,tracker_no_s338_2026-08-24
2025-10-24,Free-trade partners,12.871741849171572,fta,0,tracker_no_s338_2026-08-24
2025-10-24,Japan,14.625700644959522,jp,0,tracker_no_s338_2026-08-24
2025-10-24,Mexico,7.072399019387149,mx,0,tracker_no_s338_2026-08-24
2025-10-24,Rest of World,18.054795017117332,row,0,tracker_no_s338_2026-08-24
2025-10-24,UK,8.375998752536862,uk,0,tracker_no_s338_2026-08-24
2025-10-25,Canada,6.896820935511274,ca,0,tracker_no_s338_2026-08-24
2025-10-25,China,42.42310079122983,chn,0,tracker_no_s338_2026-08-24
2025-10-25,EU,9.562003010977675,eu,0,tracker_no_s338_2026-08-24
2025-10-25,Free-trade partners,12.871741849171572,fta,0,tracker_no_s338_2026-08-24
2025-10-25,Japan,14.625700644959522,jp,0,tracker_no_s338_2026-08-24
2025-10-25,Mexico,7.072399019387149,mx,0,tracker_no_s338_2026-08-24
2025-10-25,Rest of World,18.054795017117332,row,0,tracker_no_s338_2026-08-24
2025-10-25,UK,8.375998752536862,uk,0,tracker_no_s338_2026-08-24
2025-10-26,Canada,6.896820935511274,ca,0,tracker_no_s338_2026-08-24
2025-10-26,China,42.42310079122983,chn,0,tracker_no_s338_2026-08-24
2025-10-26,EU,9.562003010977675,eu,0,tracker_no_s338_2026-08-24
2025-10-26,Free-trade partners,12.871741849171572,fta,0,tracker_no_s338_2026-08-24
2025-10-26,Japan,14.625700644959522,jp,0,tracker_no_s338_2026-08-24
2025-10-26,Mexico,7.072399019387149,mx,0,tracker_no_s338_2026-08-24
2025-10-26,Rest of World,18.054795017117332,row,0,tracker_no_s338_2026-08-24
2025-10-26,UK,8.375998752536862,uk,0,tracker_no_s338_2026-08-24
2025-10-27,Canada,6.896820935511274,ca,0,tracker_no_s338_2026-08-24
2025-10-27,China,42.42310079122983,chn,0,tracker_no_s338_2026-08-24
2025-10-27,EU,9.562003010977675,eu,0,tracker_no_s338_2026-08-24
2025-10-27,Free-trade partners,12.871741849171572,fta,0,tracker_no_s338_2026-08-24
2025-10-27,Japan,14.625700644959522,jp,0,tracker_no_s338_2026-08-24
2025-10-27,Mexico,7.072399019387149,mx,0,tracker_no_s338_2026-08-24
2025-10-27,Rest of World,18.054795017117332,row,0,tracker_no_s338_2026-08-24
2025-10-27,UK,8.375998752536862,uk,0,tracker_no_s338_2026-08-24
2025-10-28,Canada,6.896820935511274,ca,0,tracker_no_s338_2026-08-24
2025-10-28,China,42.42310079122983,chn,0,tracker_no_s338_2026-08-24
2025-10-28,EU,9.562003010977675,eu,0,tracker_no_s338_2026-08-24
2025-10-28,Free-trade partners,12.871741849171572,fta,0,tracker_no_s338_2026-08-24
2025-10-28,Japan,14.625700644959522,jp,0,tracker_no_s338_2026-08-24
2025-10-28,Mexico,7.072399019387149,mx,0,tracker_no_s338_2026-08-24
2025-10-28,Rest of World,18.054795017117332,row,0,tracker_no_s338_2026-08-24
2025-10-28,UK,8.375998752536862,uk,0,tracker_no_s338_2026-08-24
2025-10-29,Canada,6.896820935511274,ca,0,tracker_no_s338_2026-08-24
2025-10-29,China,42.42310079122983,chn,0,tracker_no_s338_2026-08-24
2025-10-29,EU,9.562003010977675,eu,0,tracker_no_s338_2026-08-24
2025-10-29,Free-trade partners,12.871741849171572,fta,0,tracker_no_s338_2026-08-24
2025-10-29,Japan,14.625700644959522,jp,0,tracker_no_s338_2026-08-24
2025-10-29,Mexico,7.072399019387149,mx,0,tracker_no_s338_2026-08-24
2025-10-29,Rest of World,18.054795017117332,row,0,tracker_no_s338_2026-08-24
2025-10-29,UK,8.375998752536862,uk,0,tracker_no_s338_2026-08-24
2025-10-30,Canada,6.896820935511274,ca,0,tracker_no_s338_2026-08-24
2025-10-30,China,42.42310079122983,chn,0,tracker_no_s338_2026-08-24
2025-10-30,EU,9.562003010977675,eu,0,tracker_no_s338_2026-08-24
2025-10-30,Free-trade partners,12.871741849171572,fta,0,tracker_no_s338_2026-08-24
2025-10-30,Japan,14.625700644959522,jp,0,tracker_no_s338_2026-08-24
2025-10-30,Mexico,7.072399019387149,mx,0,tracker_no_s338_2026-08-24
2025-10-30,Rest of World,18.054795017117332,row,0,tracker_no_s338_2026-08-24
2025-10-30,UK,8.375998752536862,uk,0,tracker_no_s338_2026-08-24
2025-10-31,Canada,6.896820935511274,ca,0,tracker_no_s338_2026-08-24
2025-10-31,China,42.42310079122983,chn,0,tracker_no_s338_2026-08-24
2025-10-31,EU,9.562003010977675,eu,0,tracker_no_s338_2026-08-24
2025-10-31,Free-trade partners,12.871741849171572,fta,0,tracker_no_s338_2026-08-24
2025-10-31,Japan,14.625700644959522,jp,0,tracker_no_s338_2026-08-24
2025-10-31,Mexico,7.072399019387149,mx,0,tracker_no_s338_2026-08-24
2025-10-31,Rest of World,18.054795017117332,row,0,tracker_no_s338_2026-08-24
2025-10-31,UK,8.375998752536862,uk,0,tracker_no_s338_2026-08-24
2025-11-01,Canada,7.117914024198208,ca,0,tracker_no_s338_2026-08-24
2025-11-01,China,42.440303297072326,chn,0,tracker_no_s338_2026-08-24
2025-11-01,EU,9.594934090591915,eu,0,tracker_no_s338_2026-08-24
2025-11-01,Free-trade partners,12.904694586154234,fta,0,tracker_no_s338_2026-08-24
2025-11-01,Japan,14.738758728143361,jp,0,tracker_no_s338_2026-08-24
2025-11-01,Mexico,7.552389270850608,mx,0,tracker_no_s338_2026-08-24
2025-11-01,Rest of World,18.053771713013873,row,0,tracker_no_s338_2026-08-24
2025-11-01,UK,8.634050402891235,uk,0,tracker_no_s338_2026-08-24
2025-11-02,Canada,7.117914024198208,ca,0,tracker_no_s338_2026-08-24
2025-11-02,China,42.440303297072326,chn,0,tracker_no_s338_2026-08-24
2025-11-02,EU,9.594934090591915,eu,0,tracker_no_s338_2026-08-24
2025-11-02,Free-trade partners,12.904694586154234,fta,0,tracker_no_s338_2026-08-24
2025-11-02,Japan,14.738758728143361,jp,0,tracker_no_s338_2026-08-24
2025-11-02,Mexico,7.552389270850608,mx,0,tracker_no_s338_2026-08-24
2025-11-02,Rest of World,18.053771713013873,row,0,tracker_no_s338_2026-08-24
2025-11-02,UK,8.634050402891235,uk,0,tracker_no_s338_2026-08-24
2025-11-03,Canada,7.117914024198208,ca,0,tracker_no_s338_2026-08-24
2025-11-03,China,42.440303297072326,chn,0,tracker_no_s338_2026-08-24
2025-11-03,EU,9.594934090591915,eu,0,tracker_no_s338_2026-08-24
2025-11-03,Free-trade partners,12.904694586154234,fta,0,tracker_no_s338_2026-08-24
2025-11-03,Japan,14.738758728143361,jp,0,tracker_no_s338_2026-08-24
2025-11-03,Mexico,7.552389270850608,mx,0,tracker_no_s338_2026-08-24
2025-11-03,Rest of World,18.053771713013873,row,0,tracker_no_s338_2026-08-24
2025-11-03,UK,8.634050402891235,uk,0,tracker_no_s338_2026-08-24
2025-11-04,Canada,7.117914024198208,ca,0,tracker_no_s338_2026-08-24
2025-11-04,China,42.440303297072326,chn,0,tracker_no_s338_2026-08-24
2025-11-04,EU,9.594934090591915,eu,0,tracker_no_s338_2026-08-24
2025-11-04,Free-trade partners,12.904694586154234,fta,0,tracker_no_s338_2026-08-24
2025-11-04,Japan,14.738758728143361,jp,0,tracker_no_s338_2026-08-24
2025-11-04,Mexico,7.552389270850608,mx,0,tracker_no_s338_2026-08-24
2025-11-04,Rest of World,18.053771713013873,row,0,tracker_no_s338_2026-08-24
2025-11-04,UK,8.634050402891235,uk,0,tracker_no_s338_2026-08-24
2025-11-05,Canada,7.117914024198208,ca,0,tracker_no_s338_2026-08-24
2025-11-05,China,42.440303297072326,chn,0,tracker_no_s338_2026-08-24
2025-11-05,EU,9.594934090591915,eu,0,tracker_no_s338_2026-08-24
2025-11-05,Free-trade partners,12.904694586154234,fta,0,tracker_no_s338_2026-08-24
2025-11-05,Japan,14.738758728143361,jp,0,tracker_no_s338_2026-08-24
2025-11-05,Mexico,7.552389270850608,mx,0,tracker_no_s338_2026-08-24
2025-11-05,Rest of World,18.053771713013873,row,0,tracker_no_s338_2026-08-24
2025-11-05,UK,8.634050402891235,uk,0,tracker_no_s338_2026-08-24
2025-11-06,Canada,7.117914024198208,ca,0,tracker_no_s338_2026-08-24
2025-11-06,China,42.440303297072326,chn,0,tracker_no_s338_2026-08-24
2025-11-06,EU,9.594934090591915,eu,0,tracker_no_s338_2026-08-24
2025-11-06,Free-trade partners,12.904694586154234,fta,0,tracker_no_s338_2026-08-24
2025-11-06,Japan,14.738758728143361,jp,0,tracker_no_s338_2026-08-24
2025-11-06,Mexico,7.552389270850608,mx,0,tracker_no_s338_2026-08-24
2025-11-06,Rest of World,18.053771713013873,row,0,tracker_no_s338_2026-08-24
2025-11-06,UK,8.634050402891235,uk,0,tracker_no_s338_2026-08-24
2025-11-07,Canada,7.117914024198208,ca,0,tracker_no_s338_2026-08-24
2025-11-07,China,42.440303297072326,chn,0,tracker_no_s338_2026-08-24
2025-11-07,EU,9.594934090591915,eu,0,tracker_no_s338_2026-08-24
2025-11-07,Free-trade partners,12.904694586154234,fta,0,tracker_no_s338_2026-08-24
2025-11-07,Japan,14.738758728143361,jp,0,tracker_no_s338_2026-08-24
2025-11-07,Mexico,7.552389270850608,mx,0,tracker_no_s338_2026-08-24
2025-11-07,Rest of World,18.053771713013873,row,0,tracker_no_s338_2026-08-24
2025-11-07,UK,8.634050402891235,uk,0,tracker_no_s338_2026-08-24
2025-11-08,Canada,7.117914024198208,ca,0,tracker_no_s338_2026-08-24
2025-11-08,China,42.440303297072326,chn,0,tracker_no_s338_2026-08-24
2025-11-08,EU,9.594934090591915,eu,0,tracker_no_s338_2026-08-24
2025-11-08,Free-trade partners,12.904694586154234,fta,0,tracker_no_s338_2026-08-24
2025-11-08,Japan,14.738758728143361,jp,0,tracker_no_s338_2026-08-24
2025-11-08,Mexico,7.552389270850608,mx,0,tracker_no_s338_2026-08-24
2025-11-08,Rest of World,18.053771713013873,row,0,tracker_no_s338_2026-08-24
2025-11-08,UK,8.634050402891235,uk,0,tracker_no_s338_2026-08-24
2025-11-09,Canada,7.117914024198208,ca,0,tracker_no_s338_2026-08-24
2025-11-09,China,32.56247350174889,chn,0,tracker_no_s338_2026-08-24
2025-11-09,EU,9.594934090591915,eu,0,tracker_no_s338_2026-08-24
2025-11-09,Free-trade partners,12.904694586154234,fta,0,tracker_no_s338_2026-08-24
2025-11-09,Japan,14.738758728143361,jp,0,tracker_no_s338_2026-08-24
2025-11-09,Mexico,7.552389270850608,mx,0,tracker_no_s338_2026-08-24
2025-11-09,Rest of World,18.013279228582967,row,0,tracker_no_s338_2026-08-24
2025-11-09,UK,8.634050402891235,uk,0,tracker_no_s338_2026-08-24
2025-11-10,Canada,7.117914024198208,ca,0,tracker_no_s338_2026-08-24
2025-11-10,China,32.44030329707233,chn,0,tracker_no_s338_2026-08-24
2025-11-10,EU,9.594934090591915,eu,0,tracker_no_s338_2026-08-24
2025-11-10,Free-trade partners,12.904694586154234,fta,0,tracker_no_s338_2026-08-24
2025-11-10,Japan,14.738758728143361,jp,0,tracker_no_s338_2026-08-24
2025-11-10,Mexico,7.552389270850608,mx,0,tracker_no_s338_2026-08-24
2025-11-10,Rest of World,18.013279228582967,row,0,tracker_no_s338_2026-08-24
2025-11-10,UK,8.634050402891235,uk,0,tracker_no_s338_2026-08-24
2025-11-11,Canada,7.117914024198208,ca,0,tracker_no_s338_2026-08-24
2025-11-11,China,32.44030329707233,chn,0,tracker_no_s338_2026-08-24
2025-11-11,EU,9.594934090591915,eu,0,tracker_no_s338_2026-08-24
2025-11-11,Free-trade partners,12.904694586154234,fta,0,tracker_no_s338_2026-08-24
2025-11-11,Japan,14.738758728143361,jp,0,tracker_no_s338_2026-08-24
2025-11-11,Mexico,7.552389270850608,mx,0,tracker_no_s338_2026-08-24
2025-11-11,Rest of World,18.013279228582967,row,0,tracker_no_s338_2026-08-24
2025-11-11,UK,8.634050402891235,uk,0,tracker_no_s338_2026-08-24
2025-11-12,Canada,7.117914024198208,ca,0,tracker_no_s338_2026-08-24
2025-11-12,China,32.44030329707233,chn,0,tracker_no_s338_2026-08-24
2025-11-12,EU,9.594934090591915,eu,0,tracker_no_s338_2026-08-24
2025-11-12,Free-trade partners,12.904694586154234,fta,0,tracker_no_s338_2026-08-24
2025-11-12,Japan,14.738758728143361,jp,0,tracker_no_s338_2026-08-24
2025-11-12,Mexico,7.552389270850608,mx,0,tracker_no_s338_2026-08-24
2025-11-12,Rest of World,18.013279228582967,row,0,tracker_no_s338_2026-08-24
2025-11-12,UK,8.634050402891235,uk,0,tracker_no_s338_2026-08-24
2025-11-13,Canada,7.117914024198208,ca,0,tracker_no_s338_2026-08-24
2025-11-13,China,32.42762340827493,chn,0,tracker_no_s338_2026-08-24
2025-11-13,EU,9.557704684933816,eu,0,tracker_no_s338_2026-08-24
2025-11-13,Free-trade partners,12.40990590873705,fta,0,tracker_no_s338_2026-08-24
2025-11-13,Japan,14.72183494282396,jp,0,tracker_no_s338_2026-08-24
2025-11-13,Mexico,7.552389270850608,mx,0,tracker_no_s338_2026-08-24
2025-11-13,Rest of World,17.37017817505472,row,0,tracker_no_s338_2026-08-24
2025-11-13,UK,8.62110185520467,uk,0,tracker_no_s338_2026-08-24
2025-11-14,Canada,7.117914024198208,ca,1,tracker_no_s338_2026-08-24
2025-11-14,China,32.42762340827493,chn,1,tracker_no_s338_2026-08-24
2025-11-14,EU,9.557704684933816,eu,1,tracker_no_s338_2026-08-24
2025-11-14,Free-trade partners,12.40990590873705,fta,1,tracker_no_s338_2026-08-24
2025-11-14,Japan,14.72209658218514,jp,1,tracker_no_s338_2026-08-24
2025-11-14,Mexico,7.552389270850608,mx,1,tracker_no_s338_2026-08-24
2025-11-14,Rest of World,16.709466672928496,row,1,tracker_no_s338_2026-08-24
2025-11-14,UK,8.62110185520467,uk,1,tracker_no_s338_2026-08-24
2025-11-15,Canada,7.117914024198208,ca,1,tracker_no_s338_2026-08-24
2025-11-15,China,32.42762340827493,chn,1,tracker_no_s338_2026-08-24
2025-11-15,EU,9.557704684933816,eu,1,tracker_no_s338_2026-08-24
2025-11-15,Free-trade partners,12.40990590873705,fta,1,tracker_no_s338_2026-08-24
2025-11-15,Japan,14.72209658218514,jp,1,tracker_no_s338_2026-08-24
2025-11-15,Mexico,7.552389270850608,mx,1,tracker_no_s338_2026-08-24
2025-11-15,Rest of World,16.709466672928496,row,1,tracker_no_s338_2026-08-24
2025-11-15,UK,8.62110185520467,uk,1,tracker_no_s338_2026-08-24
2025-11-16,Canada,7.117914024198208,ca,1,tracker_no_s338_2026-08-24
2025-11-16,China,32.42762340827493,chn,1,tracker_no_s338_2026-08-24
2025-11-16,EU,9.557704684933816,eu,1,tracker_no_s338_2026-08-24
2025-11-16,Free-trade partners,12.40990590873705,fta,1,tracker_no_s338_2026-08-24
2025-11-16,Japan,14.72209658218514,jp,1,tracker_no_s338_2026-08-24
2025-11-16,Mexico,7.552389270850608,mx,1,tracker_no_s338_2026-08-24
2025-11-16,Rest of World,16.709466672928496,row,1,tracker_no_s338_2026-08-24
2025-11-16,UK,8.62110185520467,uk,1,tracker_no_s338_2026-08-24
2025-11-17,Canada,7.117914024198208,ca,1,tracker_no_s338_2026-08-24
2025-11-17,China,32.42762340827493,chn,1,tracker_no_s338_2026-08-24
2025-11-17,EU,9.557704684933816,eu,1,tracker_no_s338_2026-08-24
2025-11-17,Free-trade partners,12.40990590873705,fta,1,tracker_no_s338_2026-08-24
2025-11-17,Japan,14.72209658218514,jp,1,tracker_no_s338_2026-08-24
2025-11-17,Mexico,7.552389270850608,mx,1,tracker_no_s338_2026-08-24
2025-11-17,Rest of World,16.709466672928496,row,1,tracker_no_s338_2026-08-24
2025-11-17,UK,8.62110185520467,uk,1,tracker_no_s338_2026-08-24
2025-11-18,Canada,7.117914024198208,ca,1,tracker_no_s338_2026-08-24
2025-11-18,China,32.42762340827493,chn,1,tracker_no_s338_2026-08-24
2025-11-18,EU,9.557704684933816,eu,1,tracker_no_s338_2026-08-24
2025-11-18,Free-trade partners,12.40990590873705,fta,1,tracker_no_s338_2026-08-24
2025-11-18,Japan,14.72209658218514,jp,1,tracker_no_s338_2026-08-24
2025-11-18,Mexico,7.552389270850608,mx,1,tracker_no_s338_2026-08-24
2025-11-18,Rest of World,16.709466672928496,row,1,tracker_no_s338_2026-08-24
2025-11-18,UK,8.62110185520467,uk,1,tracker_no_s338_2026-08-24
2025-11-19,Canada,7.117914024198208,ca,1,tracker_no_s338_2026-08-24
2025-11-19,China,32.42762340827493,chn,1,tracker_no_s338_2026-08-24
2025-11-19,EU,9.557704684933816,eu,1,tracker_no_s338_2026-08-24
2025-11-19,Free-trade partners,12.40990590873705,fta,1,tracker_no_s338_2026-08-24
2025-11-19,Japan,14.72209658218514,jp,1,tracker_no_s338_2026-08-24
2025-11-19,Mexico,7.552389270850608,mx,1,tracker_no_s338_2026-08-24
2025-11-19,Rest of World,16.709466672928496,row,1,tracker_no_s338_2026-08-24
2025-11-19,UK,8.62110185520467,uk,1,tracker_no_s338_2026-08-24
2025-11-20,Canada,7.117914024198208,ca,1,tracker_no_s338_2026-08-24
2025-11-20,China,32.42762340827493,chn,1,tracker_no_s338_2026-08-24
2025-11-20,EU,9.557704684933816,eu,1,tracker_no_s338_2026-08-24
2025-11-20,Free-trade partners,12.40990590873705,fta,1,tracker_no_s338_2026-08-24
2025-11-20,Japan,14.72209658218514,jp,1,tracker_no_s338_2026-08-24
2025-11-20,Mexico,7.552389270850608,mx,1,tracker_no_s338_2026-08-24
2025-11-20,Rest of World,16.709466672928496,row,1,tracker_no_s338_2026-08-24
2025-11-20,UK,8.62110185520467,uk,1,tracker_no_s338_2026-08-24
2025-11-21,Canada,7.117914024198208,ca,0,tracker_no_s338_2026-08-24
2025-11-21,China,32.42762340827493,chn,0,tracker_no_s338_2026-08-24
2025-11-21,EU,9.557704684933816,eu,0,tracker_no_s338_2026-08-24
2025-11-21,Free-trade partners,12.40990590873705,fta,0,tracker_no_s338_2026-08-24
2025-11-21,Japan,14.72183494282396,jp,0,tracker_no_s338_2026-08-24
2025-11-21,Mexico,7.552389270850608,mx,0,tracker_no_s338_2026-08-24
2025-11-21,Rest of World,16.709466672928496,row,0,tracker_no_s338_2026-08-24
2025-11-21,UK,8.62110185520467,uk,0,tracker_no_s338_2026-08-24
2025-11-22,Canada,7.117914024198208,ca,0,tracker_no_s338_2026-08-24
2025-11-22,China,32.42762340827493,chn,0,tracker_no_s338_2026-08-24
2025-11-22,EU,9.557704684933816,eu,0,tracker_no_s338_2026-08-24
2025-11-22,Free-trade partners,12.40990590873705,fta,0,tracker_no_s338_2026-08-24
2025-11-22,Japan,14.72183494282396,jp,0,tracker_no_s338_2026-08-24
2025-11-22,Mexico,7.552389270850608,mx,0,tracker_no_s338_2026-08-24
2025-11-22,Rest of World,16.709466672928496,row,0,tracker_no_s338_2026-08-24
2025-11-22,UK,8.62110185520467,uk,0,tracker_no_s338_2026-08-24
2025-11-23,Canada,7.117914024198208,ca,0,tracker_no_s338_2026-08-24
2025-11-23,China,32.42762340827493,chn,0,tracker_no_s338_2026-08-24
2025-11-23,EU,9.557704684933816,eu,0,tracker_no_s338_2026-08-24
2025-11-23,Free-trade partners,12.40990590873705,fta,0,tracker_no_s338_2026-08-24
2025-11-23,Japan,14.72183494282396,jp,0,tracker_no_s338_2026-08-24
2025-11-23,Mexico,7.552389270850608,mx,0,tracker_no_s338_2026-08-24
2025-11-23,Rest of World,16.709466672928496,row,0,tracker_no_s338_2026-08-24
2025-11-23,UK,8.62110185520467,uk,0,tracker_no_s338_2026-08-24
2025-11-24,Canada,7.117914024198208,ca,0,tracker_no_s338_2026-08-24
2025-11-24,China,32.42762340827493,chn,0,tracker_no_s338_2026-08-24
2025-11-24,EU,9.557704684933816,eu,0,tracker_no_s338_2026-08-24
2025-11-24,Free-trade partners,12.40990590873705,fta,0,tracker_no_s338_2026-08-24
2025-11-24,Japan,14.72183494282396,jp,0,tracker_no_s338_2026-08-24
2025-11-24,Mexico,7.552389270850608,mx,0,tracker_no_s338_2026-08-24
2025-11-24,Rest of World,16.709466672928496,row,0,tracker_no_s338_2026-08-24
2025-11-24,UK,8.62110185520467,uk,0,tracker_no_s338_2026-08-24
2025-11-25,Canada,7.117914024198208,ca,0,tracker_no_s338_2026-08-24
2025-11-25,China,32.42762340827493,chn,0,tracker_no_s338_2026-08-24
2025-11-25,EU,9.557704684933816,eu,0,tracker_no_s338_2026-08-24
2025-11-25,Free-trade partners,12.40990590873705,fta,0,tracker_no_s338_2026-08-24
2025-11-25,Japan,14.72183494282396,jp,0,tracker_no_s338_2026-08-24
2025-11-25,Mexico,7.552389270850608,mx,0,tracker_no_s338_2026-08-24
2025-11-25,Rest of World,16.709466672928496,row,0,tracker_no_s338_2026-08-24
2025-11-25,UK,8.62110185520467,uk,0,tracker_no_s338_2026-08-24
2025-11-26,Canada,7.117914024198208,ca,0,tracker_no_s338_2026-08-24
2025-11-26,China,32.42762340827493,chn,0,tracker_no_s338_2026-08-24
2025-11-26,EU,9.557704684933816,eu,0,tracker_no_s338_2026-08-24
2025-11-26,Free-trade partners,12.40990590873705,fta,0,tracker_no_s338_2026-08-24
2025-11-26,Japan,14.72183494282396,jp,0,tracker_no_s338_2026-08-24
2025-11-26,Mexico,7.552389270850608,mx,0,tracker_no_s338_2026-08-24
2025-11-26,Rest of World,16.709466672928496,row,0,tracker_no_s338_2026-08-24
2025-11-26,UK,8.62110185520467,uk,0,tracker_no_s338_2026-08-24
2025-11-27,Canada,7.117914024198208,ca,0,tracker_no_s338_2026-08-24
2025-11-27,China,32.42762340827493,chn,0,tracker_no_s338_2026-08-24
2025-11-27,EU,9.557704684933816,eu,0,tracker_no_s338_2026-08-24
2025-11-27,Free-trade partners,12.40990590873705,fta,0,tracker_no_s338_2026-08-24
2025-11-27,Japan,14.72183494282396,jp,0,tracker_no_s338_2026-08-24
2025-11-27,Mexico,7.552389270850608,mx,0,tracker_no_s338_2026-08-24
2025-11-27,Rest of World,16.709466672928496,row,0,tracker_no_s338_2026-08-24
2025-11-27,UK,8.62110185520467,uk,0,tracker_no_s338_2026-08-24
2025-11-28,Canada,7.117914024198208,ca,0,tracker_no_s338_2026-08-24
2025-11-28,China,32.42762340827493,chn,0,tracker_no_s338_2026-08-24
2025-11-28,EU,9.557704684933816,eu,0,tracker_no_s338_2026-08-24
2025-11-28,Free-trade partners,12.40990590873705,fta,0,tracker_no_s338_2026-08-24
2025-11-28,Japan,14.72183494282396,jp,0,tracker_no_s338_2026-08-24
2025-11-28,Mexico,7.552389270850608,mx,0,tracker_no_s338_2026-08-24
2025-11-28,Rest of World,16.709466672928496,row,0,tracker_no_s338_2026-08-24
2025-11-28,UK,8.62110185520467,uk,0,tracker_no_s338_2026-08-24
2025-11-29,Canada,7.117914024198208,ca,0,tracker_no_s338_2026-08-24
2025-11-29,China,32.42762340827493,chn,0,tracker_no_s338_2026-08-24
2025-11-29,EU,9.557704684933816,eu,0,tracker_no_s338_2026-08-24
2025-11-29,Free-trade partners,12.40990590873705,fta,0,tracker_no_s338_2026-08-24
2025-11-29,Japan,14.72183494282396,jp,0,tracker_no_s338_2026-08-24
2025-11-29,Mexico,7.552389270850608,mx,0,tracker_no_s338_2026-08-24
2025-11-29,Rest of World,16.709466672928496,row,0,tracker_no_s338_2026-08-24
2025-11-29,UK,8.62110185520467,uk,0,tracker_no_s338_2026-08-24
2025-11-30,Canada,7.117914024198208,ca,0,tracker_no_s338_2026-08-24
2025-11-30,China,32.42762340827493,chn,0,tracker_no_s338_2026-08-24
2025-11-30,EU,9.557704684933816,eu,0,tracker_no_s338_2026-08-24
2025-11-30,Free-trade partners,12.40990590873705,fta,0,tracker_no_s338_2026-08-24
2025-11-30,Japan,14.72183494282396,jp,0,tracker_no_s338_2026-08-24
2025-11-30,Mexico,7.552389270850608,mx,0,tracker_no_s338_2026-08-24
2025-11-30,Rest of World,16.709466672928496,row,0,tracker_no_s338_2026-08-24
2025-11-30,UK,8.62110185520467,uk,0,tracker_no_s338_2026-08-24
2025-12-01,Canada,7.117914024198208,ca,0,tracker_no_s338_2026-08-24
2025-12-01,China,32.42762340827493,chn,0,tracker_no_s338_2026-08-24
2025-12-01,EU,9.557704684933816,eu,0,tracker_no_s338_2026-08-24
2025-12-01,Free-trade partners,12.40990590873705,fta,0,tracker_no_s338_2026-08-24
2025-12-01,Japan,14.72183494282396,jp,0,tracker_no_s338_2026-08-24
2025-12-01,Mexico,7.552389270850608,mx,0,tracker_no_s338_2026-08-24
2025-12-01,Rest of World,16.709466672928496,row,0,tracker_no_s338_2026-08-24
2025-12-01,UK,8.62110185520467,uk,0,tracker_no_s338_2026-08-24
2025-12-02,Canada,7.117914024198208,ca,0,tracker_no_s338_2026-08-24
2025-12-02,China,32.42762340827493,chn,0,tracker_no_s338_2026-08-24
2025-12-02,EU,9.557704684933816,eu,0,tracker_no_s338_2026-08-24
2025-12-02,Free-trade partners,12.40990590873705,fta,0,tracker_no_s338_2026-08-24
2025-12-02,Japan,14.72183494282396,jp,0,tracker_no_s338_2026-08-24
2025-12-02,Mexico,7.552389270850608,mx,0,tracker_no_s338_2026-08-24
2025-12-02,Rest of World,16.709466672928496,row,0,tracker_no_s338_2026-08-24
2025-12-02,UK,8.62110185520467,uk,0,tracker_no_s338_2026-08-24
2025-12-03,Canada,7.117914024198208,ca,0,tracker_no_s338_2026-08-24
2025-12-03,China,32.42762340827493,chn,0,tracker_no_s338_2026-08-24
2025-12-03,EU,9.557704684933816,eu,0,tracker_no_s338_2026-08-24
2025-12-03,Free-trade partners,12.40990590873705,fta,0,tracker_no_s338_2026-08-24
2025-12-03,Japan,14.72183494282396,jp,0,tracker_no_s338_2026-08-24
2025-12-03,Mexico,7.552389270850608,mx,0,tracker_no_s338_2026-08-24
2025-12-03,Rest of World,16.709466672928496,row,0,tracker_no_s338_2026-08-24
2025-12-03,UK,8.62110185520467,uk,0,tracker_no_s338_2026-08-24
2025-12-04,Canada,7.117914024198208,ca,0,tracker_no_s338_2026-08-24
2025-12-04,China,32.42762340827493,chn,0,tracker_no_s338_2026-08-24
2025-12-04,EU,9.557704684933816,eu,0,tracker_no_s338_2026-08-24
2025-12-04,Free-trade partners,12.40990590873705,fta,0,tracker_no_s338_2026-08-24
2025-12-04,Japan,14.72183494282396,jp,0,tracker_no_s338_2026-08-24
2025-12-04,Mexico,7.552389270850608,mx,0,tracker_no_s338_2026-08-24
2025-12-04,Rest of World,16.709466672928496,row,0,tracker_no_s338_2026-08-24
2025-12-04,UK,8.62110185520467,uk,0,tracker_no_s338_2026-08-24
2025-12-05,Canada,7.117914024198208,ca,0,tracker_no_s338_2026-08-24
2025-12-05,China,32.42762340827493,chn,0,tracker_no_s338_2026-08-24
2025-12-05,EU,9.557704684933816,eu,0,tracker_no_s338_2026-08-24
2025-12-05,Free-trade partners,10.1287255296528,fta,0,tracker_no_s338_2026-08-24
2025-12-05,Japan,14.72183494282396,jp,0,tracker_no_s338_2026-08-24
2025-12-05,Mexico,7.552389270850608,mx,0,tracker_no_s338_2026-08-24
2025-12-05,Rest of World,16.709466672928496,row,0,tracker_no_s338_2026-08-24
2025-12-05,UK,8.62110185520467,uk,0,tracker_no_s338_2026-08-24
2025-12-06,Canada,7.117914024198208,ca,0,tracker_no_s338_2026-08-24
2025-12-06,China,32.42762340827493,chn,0,tracker_no_s338_2026-08-24
2025-12-06,EU,9.557704684933816,eu,0,tracker_no_s338_2026-08-24
2025-12-06,Free-trade partners,10.1287255296528,fta,0,tracker_no_s338_2026-08-24
2025-12-06,Japan,14.72183494282396,jp,0,tracker_no_s338_2026-08-24
2025-12-06,Mexico,7.552389270850608,mx,0,tracker_no_s338_2026-08-24
2025-12-06,Rest of World,16.709466672928496,row,0,tracker_no_s338_2026-08-24
2025-12-06,UK,8.62110185520467,uk,0,tracker_no_s338_2026-08-24
2025-12-07,Canada,7.117914024198208,ca,0,tracker_no_s338_2026-08-24
2025-12-07,China,32.42762340827493,chn,0,tracker_no_s338_2026-08-24
2025-12-07,EU,9.557704684933816,eu,0,tracker_no_s338_2026-08-24
2025-12-07,Free-trade partners,10.1287255296528,fta,0,tracker_no_s338_2026-08-24
2025-12-07,Japan,14.72183494282396,jp,0,tracker_no_s338_2026-08-24
2025-12-07,Mexico,7.552389270850608,mx,0,tracker_no_s338_2026-08-24
2025-12-07,Rest of World,16.709466672928496,row,0,tracker_no_s338_2026-08-24
2025-12-07,UK,8.62110185520467,uk,0,tracker_no_s338_2026-08-24
2025-12-08,Canada,7.117914024198208,ca,0,tracker_no_s338_2026-08-24
2025-12-08,China,32.42762340827493,chn,0,tracker_no_s338_2026-08-24
2025-12-08,EU,9.557704684933816,eu,0,tracker_no_s338_2026-08-24
2025-12-08,Free-trade partners,10.1287255296528,fta,0,tracker_no_s338_2026-08-24
2025-12-08,Japan,14.72183494282396,jp,0,tracker_no_s338_2026-08-24
2025-12-08,Mexico,7.552389270850608,mx,0,tracker_no_s338_2026-08-24
2025-12-08,Rest of World,16.709466672928496,row,0,tracker_no_s338_2026-08-24
2025-12-08,UK,8.62110185520467,uk,0,tracker_no_s338_2026-08-24
2025-12-09,Canada,7.117914024198208,ca,0,tracker_no_s338_2026-08-24
2025-12-09,China,32.42762340827493,chn,0,tracker_no_s338_2026-08-24
2025-12-09,EU,9.557704684933816,eu,0,tracker_no_s338_2026-08-24
2025-12-09,Free-trade partners,10.1287255296528,fta,0,tracker_no_s338_2026-08-24
2025-12-09,Japan,14.72183494282396,jp,0,tracker_no_s338_2026-08-24
2025-12-09,Mexico,7.552389270850608,mx,0,tracker_no_s338_2026-08-24
2025-12-09,Rest of World,16.709466672928496,row,0,tracker_no_s338_2026-08-24
2025-12-09,UK,8.62110185520467,uk,0,tracker_no_s338_2026-08-24
2025-12-10,Canada,7.117914024198208,ca,0,tracker_no_s338_2026-08-24
2025-12-10,China,32.42762340827493,chn,0,tracker_no_s338_2026-08-24
2025-12-10,EU,9.557704684933816,eu,0,tracker_no_s338_2026-08-24
2025-12-10,Free-trade partners,10.1287255296528,fta,0,tracker_no_s338_2026-08-24
2025-12-10,Japan,14.72183494282396,jp,0,tracker_no_s338_2026-08-24
2025-12-10,Mexico,7.552389270850608,mx,0,tracker_no_s338_2026-08-24
2025-12-10,Rest of World,16.709466672928496,row,0,tracker_no_s338_2026-08-24
2025-12-10,UK,8.62110185520467,uk,0,tracker_no_s338_2026-08-24
2025-12-11,Canada,7.117914024198208,ca,0,tracker_no_s338_2026-08-24
2025-12-11,China,32.42762340827493,chn,0,tracker_no_s338_2026-08-24
2025-12-11,EU,9.557704684933816,eu,0,tracker_no_s338_2026-08-24
2025-12-11,Free-trade partners,10.1287255296528,fta,0,tracker_no_s338_2026-08-24
2025-12-11,Japan,14.72183494282396,jp,0,tracker_no_s338_2026-08-24
2025-12-11,Mexico,7.552389270850608,mx,0,tracker_no_s338_2026-08-24
2025-12-11,Rest of World,16.709466672928496,row,0,tracker_no_s338_2026-08-24
2025-12-11,UK,8.62110185520467,uk,0,tracker_no_s338_2026-08-24
2025-12-12,Canada,7.117914024198208,ca,0,tracker_no_s338_2026-08-24
2025-12-12,China,32.42762340827493,chn,0,tracker_no_s338_2026-08-24
2025-12-12,EU,9.557704684933816,eu,0,tracker_no_s338_2026-08-24
2025-12-12,Free-trade partners,10.1287255296528,fta,0,tracker_no_s338_2026-08-24
2025-12-12,Japan,14.72183494282396,jp,0,tracker_no_s338_2026-08-24
2025-12-12,Mexico,7.552389270850608,mx,0,tracker_no_s338_2026-08-24
2025-12-12,Rest of World,16.709466672928496,row,0,tracker_no_s338_2026-08-24
2025-12-12,UK,8.62110185520467,uk,0,tracker_no_s338_2026-08-24
2025-12-13,Canada,7.117914024198208,ca,0,tracker_no_s338_2026-08-24
2025-12-13,China,32.42762340827493,chn,0,tracker_no_s338_2026-08-24
2025-12-13,EU,9.557704684933816,eu,0,tracker_no_s338_2026-08-24
2025-12-13,Free-trade partners,10.1287255296528,fta,0,tracker_no_s338_2026-08-24
2025-12-13,Japan,14.72183494282396,jp,0,tracker_no_s338_2026-08-24
2025-12-13,Mexico,7.552389270850608,mx,0,tracker_no_s338_2026-08-24
2025-12-13,Rest of World,16.709466672928496,row,0,tracker_no_s338_2026-08-24
2025-12-13,UK,8.62110185520467,uk,0,tracker_no_s338_2026-08-24
2025-12-14,Canada,7.117914024198208,ca,0,tracker_no_s338_2026-08-24
2025-12-14,China,32.42762340827493,chn,0,tracker_no_s338_2026-08-24
2025-12-14,EU,9.557704684933816,eu,0,tracker_no_s338_2026-08-24
2025-12-14,Free-trade partners,10.1287255296528,fta,0,tracker_no_s338_2026-08-24
2025-12-14,Japan,14.72183494282396,jp,0,tracker_no_s338_2026-08-24
2025-12-14,Mexico,7.552389270850608,mx,0,tracker_no_s338_2026-08-24
2025-12-14,Rest of World,16.709466672928496,row,0,tracker_no_s338_2026-08-24
2025-12-14,UK,8.62110185520467,uk,0,tracker_no_s338_2026-08-24
2025-12-15,Canada,7.117914024198208,ca,0,tracker_no_s338_2026-08-24
2025-12-15,China,32.42762340827493,chn,0,tracker_no_s338_2026-08-24
2025-12-15,EU,9.557704684933816,eu,0,tracker_no_s338_2026-08-24
2025-12-15,Free-trade partners,10.1287255296528,fta,0,tracker_no_s338_2026-08-24
2025-12-15,Japan,14.72183494282396,jp,0,tracker_no_s338_2026-08-24
2025-12-15,Mexico,7.552389270850608,mx,0,tracker_no_s338_2026-08-24
2025-12-15,Rest of World,16.709466672928496,row,0,tracker_no_s338_2026-08-24
2025-12-15,UK,8.62110185520467,uk,0,tracker_no_s338_2026-08-24
2025-12-16,Canada,7.117914024198208,ca,0,tracker_no_s338_2026-08-24
2025-12-16,China,32.42762340827493,chn,0,tracker_no_s338_2026-08-24
2025-12-16,EU,9.557704684933816,eu,0,tracker_no_s338_2026-08-24
2025-12-16,Free-trade partners,10.1287255296528,fta,0,tracker_no_s338_2026-08-24
2025-12-16,Japan,14.72183494282396,jp,0,tracker_no_s338_2026-08-24
2025-12-16,Mexico,7.552389270850608,mx,0,tracker_no_s338_2026-08-24
2025-12-16,Rest of World,16.709466672928496,row,0,tracker_no_s338_2026-08-24
2025-12-16,UK,8.62110185520467,uk,0,tracker_no_s338_2026-08-24
2025-12-17,Canada,7.117914024198208,ca,0,tracker_no_s338_2026-08-24
2025-12-17,China,32.42762340827493,chn,0,tracker_no_s338_2026-08-24
2025-12-17,EU,9.557704684933816,eu,0,tracker_no_s338_2026-08-24
2025-12-17,Free-trade partners,10.1287255296528,fta,0,tracker_no_s338_2026-08-24
2025-12-17,Japan,14.72183494282396,jp,0,tracker_no_s338_2026-08-24
2025-12-17,Mexico,7.552389270850608,mx,0,tracker_no_s338_2026-08-24
2025-12-17,Rest of World,16.709466672928496,row,0,tracker_no_s338_2026-08-24
2025-12-17,UK,8.62110185520467,uk,0,tracker_no_s338_2026-08-24
2025-12-18,Canada,7.117914024198208,ca,0,tracker_no_s338_2026-08-24
2025-12-18,China,32.42762340827493,chn,0,tracker_no_s338_2026-08-24
2025-12-18,EU,9.557704684933816,eu,0,tracker_no_s338_2026-08-24
2025-12-18,Free-trade partners,10.1287255296528,fta,0,tracker_no_s338_2026-08-24
2025-12-18,Japan,14.72183494282396,jp,0,tracker_no_s338_2026-08-24
2025-12-18,Mexico,7.552389270850608,mx,0,tracker_no_s338_2026-08-24
2025-12-18,Rest of World,16.709466672928496,row,0,tracker_no_s338_2026-08-24
2025-12-18,UK,8.62110185520467,uk,0,tracker_no_s338_2026-08-24
2025-12-19,Canada,7.117914024198208,ca,0,tracker_no_s338_2026-08-24
2025-12-19,China,32.42762340827493,chn,0,tracker_no_s338_2026-08-24
2025-12-19,EU,9.557704684933816,eu,0,tracker_no_s338_2026-08-24
2025-12-19,Free-trade partners,10.1287255296528,fta,0,tracker_no_s338_2026-08-24
2025-12-19,Japan,14.72183494282396,jp,0,tracker_no_s338_2026-08-24
2025-12-19,Mexico,7.552389270850608,mx,0,tracker_no_s338_2026-08-24
2025-12-19,Rest of World,16.709466672928496,row,0,tracker_no_s338_2026-08-24
2025-12-19,UK,8.62110185520467,uk,0,tracker_no_s338_2026-08-24
2025-12-20,Canada,7.117914024198208,ca,0,tracker_no_s338_2026-08-24
2025-12-20,China,32.42762340827493,chn,0,tracker_no_s338_2026-08-24
2025-12-20,EU,9.557704684933816,eu,0,tracker_no_s338_2026-08-24
2025-12-20,Free-trade partners,10.1287255296528,fta,0,tracker_no_s338_2026-08-24
2025-12-20,Japan,14.72183494282396,jp,0,tracker_no_s338_2026-08-24
2025-12-20,Mexico,7.552389270850608,mx,0,tracker_no_s338_2026-08-24
2025-12-20,Rest of World,16.709466672928496,row,0,tracker_no_s338_2026-08-24
2025-12-20,UK,8.62110185520467,uk,0,tracker_no_s338_2026-08-24
2025-12-21,Canada,7.117914024198208,ca,0,tracker_no_s338_2026-08-24
2025-12-21,China,32.42762340827493,chn,0,tracker_no_s338_2026-08-24
2025-12-21,EU,9.557704684933816,eu,0,tracker_no_s338_2026-08-24
2025-12-21,Free-trade partners,10.1287255296528,fta,0,tracker_no_s338_2026-08-24
2025-12-21,Japan,14.72183494282396,jp,0,tracker_no_s338_2026-08-24
2025-12-21,Mexico,7.552389270850608,mx,0,tracker_no_s338_2026-08-24
2025-12-21,Rest of World,16.709466672928496,row,0,tracker_no_s338_2026-08-24
2025-12-21,UK,8.62110185520467,uk,0,tracker_no_s338_2026-08-24
2025-12-22,Canada,7.117914024198208,ca,0,tracker_no_s338_2026-08-24
2025-12-22,China,32.42762340827493,chn,0,tracker_no_s338_2026-08-24
2025-12-22,EU,9.557704684933816,eu,0,tracker_no_s338_2026-08-24
2025-12-22,Free-trade partners,10.1287255296528,fta,0,tracker_no_s338_2026-08-24
2025-12-22,Japan,14.72183494282396,jp,0,tracker_no_s338_2026-08-24
2025-12-22,Mexico,7.552389270850608,mx,0,tracker_no_s338_2026-08-24
2025-12-22,Rest of World,16.709466672928496,row,0,tracker_no_s338_2026-08-24
2025-12-22,UK,8.62110185520467,uk,0,tracker_no_s338_2026-08-24
2025-12-23,Canada,7.117914024198208,ca,0,tracker_no_s338_2026-08-24
2025-12-23,China,32.42762340827493,chn,0,tracker_no_s338_2026-08-24
2025-12-23,EU,9.557704684933816,eu,0,tracker_no_s338_2026-08-24
2025-12-23,Free-trade partners,10.1287255296528,fta,0,tracker_no_s338_2026-08-24
2025-12-23,Japan,14.72183494282396,jp,0,tracker_no_s338_2026-08-24
2025-12-23,Mexico,7.552389270850608,mx,0,tracker_no_s338_2026-08-24
2025-12-23,Rest of World,16.709466672928496,row,0,tracker_no_s338_2026-08-24
2025-12-23,UK,8.62110185520467,uk,0,tracker_no_s338_2026-08-24
2025-12-24,Canada,7.117914024198208,ca,0,tracker_no_s338_2026-08-24
2025-12-24,China,32.42762340827493,chn,0,tracker_no_s338_2026-08-24
2025-12-24,EU,9.557704684933816,eu,0,tracker_no_s338_2026-08-24
2025-12-24,Free-trade partners,10.1287255296528,fta,0,tracker_no_s338_2026-08-24
2025-12-24,Japan,14.72183494282396,jp,0,tracker_no_s338_2026-08-24
2025-12-24,Mexico,7.552389270850608,mx,0,tracker_no_s338_2026-08-24
2025-12-24,Rest of World,16.709466672928496,row,0,tracker_no_s338_2026-08-24
2025-12-24,UK,8.62110185520467,uk,0,tracker_no_s338_2026-08-24
2025-12-25,Canada,7.117914024198208,ca,0,tracker_no_s338_2026-08-24
2025-12-25,China,32.42762340827493,chn,0,tracker_no_s338_2026-08-24
2025-12-25,EU,9.557704684933816,eu,0,tracker_no_s338_2026-08-24
2025-12-25,Free-trade partners,10.1287255296528,fta,0,tracker_no_s338_2026-08-24
2025-12-25,Japan,14.72183494282396,jp,0,tracker_no_s338_2026-08-24
2025-12-25,Mexico,7.552389270850608,mx,0,tracker_no_s338_2026-08-24
2025-12-25,Rest of World,16.709466672928496,row,0,tracker_no_s338_2026-08-24
2025-12-25,UK,8.62110185520467,uk,0,tracker_no_s338_2026-08-24
2025-12-26,Canada,7.117914024198208,ca,0,tracker_no_s338_2026-08-24
2025-12-26,China,32.42762340827493,chn,0,tracker_no_s338_2026-08-24
2025-12-26,EU,9.557704684933816,eu,0,tracker_no_s338_2026-08-24
2025-12-26,Free-trade partners,10.1287255296528,fta,0,tracker_no_s338_2026-08-24
2025-12-26,Japan,14.72183494282396,jp,0,tracker_no_s338_2026-08-24
2025-12-26,Mexico,7.552389270850608,mx,0,tracker_no_s338_2026-08-24
2025-12-26,Rest of World,16.709466672928496,row,0,tracker_no_s338_2026-08-24
2025-12-26,UK,8.62110185520467,uk,0,tracker_no_s338_2026-08-24
2025-12-27,Canada,7.117914024198208,ca,0,tracker_no_s338_2026-08-24
2025-12-27,China,32.42762340827493,chn,0,tracker_no_s338_2026-08-24
2025-12-27,EU,9.557704684933816,eu,0,tracker_no_s338_2026-08-24
2025-12-27,Free-trade partners,10.1287255296528,fta,0,tracker_no_s338_2026-08-24
2025-12-27,Japan,14.72183494282396,jp,0,tracker_no_s338_2026-08-24
2025-12-27,Mexico,7.552389270850608,mx,0,tracker_no_s338_2026-08-24
2025-12-27,Rest of World,16.709466672928496,row,0,tracker_no_s338_2026-08-24
2025-12-27,UK,8.62110185520467,uk,0,tracker_no_s338_2026-08-24
2025-12-28,Canada,7.117914024198208,ca,0,tracker_no_s338_2026-08-24
2025-12-28,China,32.42762340827493,chn,0,tracker_no_s338_2026-08-24
2025-12-28,EU,9.557704684933816,eu,0,tracker_no_s338_2026-08-24
2025-12-28,Free-trade partners,10.1287255296528,fta,0,tracker_no_s338_2026-08-24
2025-12-28,Japan,14.72183494282396,jp,0,tracker_no_s338_2026-08-24
2025-12-28,Mexico,7.552389270850608,mx,0,tracker_no_s338_2026-08-24
2025-12-28,Rest of World,16.709466672928496,row,0,tracker_no_s338_2026-08-24
2025-12-28,UK,8.62110185520467,uk,0,tracker_no_s338_2026-08-24
2025-12-29,Canada,7.117914024198208,ca,0,tracker_no_s338_2026-08-24
2025-12-29,China,32.42762340827493,chn,0,tracker_no_s338_2026-08-24
2025-12-29,EU,9.557704684933816,eu,0,tracker_no_s338_2026-08-24
2025-12-29,Free-trade partners,10.1287255296528,fta,0,tracker_no_s338_2026-08-24
2025-12-29,Japan,14.72183494282396,jp,0,tracker_no_s338_2026-08-24
2025-12-29,Mexico,7.552389270850608,mx,0,tracker_no_s338_2026-08-24
2025-12-29,Rest of World,16.709466672928496,row,0,tracker_no_s338_2026-08-24
2025-12-29,UK,8.62110185520467,uk,0,tracker_no_s338_2026-08-24
2025-12-30,Canada,7.117914024198208,ca,0,tracker_no_s338_2026-08-24
2025-12-30,China,32.42762340827493,chn,0,tracker_no_s338_2026-08-24
2025-12-30,EU,9.557704684933816,eu,0,tracker_no_s338_2026-08-24
2025-12-30,Free-trade partners,10.1287255296528,fta,0,tracker_no_s338_2026-08-24
2025-12-30,Japan,14.72183494282396,jp,0,tracker_no_s338_2026-08-24
2025-12-30,Mexico,7.552389270850608,mx,0,tracker_no_s338_2026-08-24
2025-12-30,Rest of World,16.709466672928496,row,0,tracker_no_s338_2026-08-24
2025-12-30,UK,8.62110185520467,uk,0,tracker_no_s338_2026-08-24
2025-12-31,Canada,7.117914024198208,ca,0,tracker_no_s338_2026-08-24
2025-12-31,China,32.42762340827493,chn,0,tracker_no_s338_2026-08-24
2025-12-31,EU,9.557704684933816,eu,0,tracker_no_s338_2026-08-24
2025-12-31,Free-trade partners,10.1287255296528,fta,0,tracker_no_s338_2026-08-24
2025-12-31,Japan,14.72183494282396,jp,0,tracker_no_s338_2026-08-24
2025-12-31,Mexico,7.552389270850608,mx,0,tracker_no_s338_2026-08-24
2025-12-31,Rest of World,16.709466672928496,row,0,tracker_no_s338_2026-08-24
2025-12-31,UK,8.62110185520467,uk,0,tracker_no_s338_2026-08-24
2026-01-01,Canada,7.117914024198208,ca,1,tracker_no_s338_2026-08-24
2026-01-01,China,33.65361252244924,chn,1,tracker_no_s338_2026-08-24
2026-01-01,EU,9.557704684933816,eu,1,tracker_no_s338_2026-08-24
2026-01-01,Free-trade partners,10.1287255296528,fta,1,tracker_no_s338_2026-08-24
2026-01-01,Japan,14.72183494282396,jp,1,tracker_no_s338_2026-08-24
2026-01-01,Mexico,7.552389270850608,mx,1,tracker_no_s338_2026-08-24
2026-01-01,Rest of World,16.644250183041148,row,1,tracker_no_s338_2026-08-24
2026-01-01,UK,8.62110185520467,uk,1,tracker_no_s338_2026-08-24
2026-01-02,Canada,7.117914024198208,ca,1,tracker_no_s338_2026-08-24
2026-01-02,China,33.65361252244924,chn,1,tracker_no_s338_2026-08-24
2026-01-02,EU,9.557704684933816,eu,1,tracker_no_s338_2026-08-24
2026-01-02,Free-trade partners,10.1287255296528,fta,1,tracker_no_s338_2026-08-24
2026-01-02,Japan,14.72183494282396,jp,1,tracker_no_s338_2026-08-24
2026-01-02,Mexico,7.552389270850608,mx,1,tracker_no_s338_2026-08-24
2026-01-02,Rest of World,16.644250183041148,row,1,tracker_no_s338_2026-08-24
2026-01-02,UK,8.62110185520467,uk,1,tracker_no_s338_2026-08-24
2026-01-03,Canada,7.117914024198208,ca,1,tracker_no_s338_2026-08-24
2026-01-03,China,33.65361252244924,chn,1,tracker_no_s338_2026-08-24
2026-01-03,EU,9.557704684933816,eu,1,tracker_no_s338_2026-08-24
2026-01-03,Free-trade partners,10.1287255296528,fta,1,tracker_no_s338_2026-08-24
2026-01-03,Japan,14.72183494282396,jp,1,tracker_no_s338_2026-08-24
2026-01-03,Mexico,7.552389270850608,mx,1,tracker_no_s338_2026-08-24
2026-01-03,Rest of World,16.644250183041148,row,1,tracker_no_s338_2026-08-24
2026-01-03,UK,8.62110185520467,uk,1,tracker_no_s338_2026-08-24
2026-01-04,Canada,7.117914024198208,ca,1,tracker_no_s338_2026-08-24
2026-01-04,China,33.65361252244924,chn,1,tracker_no_s338_2026-08-24
2026-01-04,EU,9.557704684933816,eu,1,tracker_no_s338_2026-08-24
2026-01-04,Free-trade partners,10.1287255296528,fta,1,tracker_no_s338_2026-08-24
2026-01-04,Japan,14.72183494282396,jp,1,tracker_no_s338_2026-08-24
2026-01-04,Mexico,7.552389270850608,mx,1,tracker_no_s338_2026-08-24
2026-01-04,Rest of World,16.644250183041148,row,1,tracker_no_s338_2026-08-24
2026-01-04,UK,8.62110185520467,uk,1,tracker_no_s338_2026-08-24
2026-01-05,Canada,7.117914024198208,ca,1,tracker_no_s338_2026-08-24
2026-01-05,China,33.65361252244924,chn,1,tracker_no_s338_2026-08-24
2026-01-05,EU,9.557704684933816,eu,1,tracker_no_s338_2026-08-24
2026-01-05,Free-trade partners,10.1287255296528,fta,1,tracker_no_s338_2026-08-24
2026-01-05,Japan,14.72183494282396,jp,1,tracker_no_s338_2026-08-24
2026-01-05,Mexico,7.552389270850608,mx,1,tracker_no_s338_2026-08-24
2026-01-05,Rest of World,16.644250183041148,row,1,tracker_no_s338_2026-08-24
2026-01-05,UK,8.62110185520467,uk,1,tracker_no_s338_2026-08-24
2026-01-06,Canada,7.117914024198208,ca,1,tracker_no_s338_2026-08-24
2026-01-06,China,33.65361252244924,chn,1,tracker_no_s338_2026-08-24
2026-01-06,EU,9.557704684933816,eu,1,tracker_no_s338_2026-08-24
2026-01-06,Free-trade partners,10.1287255296528,fta,1,tracker_no_s338_2026-08-24
2026-01-06,Japan,14.72183494282396,jp,1,tracker_no_s338_2026-08-24
2026-01-06,Mexico,7.552389270850608,mx,1,tracker_no_s338_2026-08-24
2026-01-06,Rest of World,16.644250183041148,row,1,tracker_no_s338_2026-08-24
2026-01-06,UK,8.62110185520467,uk,1,tracker_no_s338_2026-08-24
2026-01-07,Canada,7.117914024198208,ca,1,tracker_no_s338_2026-08-24
2026-01-07,China,33.65361252244924,chn,1,tracker_no_s338_2026-08-24
2026-01-07,EU,9.557704684933816,eu,1,tracker_no_s338_2026-08-24
2026-01-07,Free-trade partners,10.1287255296528,fta,1,tracker_no_s338_2026-08-24
2026-01-07,Japan,14.72183494282396,jp,1,tracker_no_s338_2026-08-24
2026-01-07,Mexico,7.552389270850608,mx,1,tracker_no_s338_2026-08-24
2026-01-07,Rest of World,16.644250183041148,row,1,tracker_no_s338_2026-08-24
2026-01-07,UK,8.62110185520467,uk,1,tracker_no_s338_2026-08-24
2026-01-08,Canada,7.117914024198208,ca,1,tracker_no_s338_2026-08-24
2026-01-08,China,33.65361252244924,chn,1,tracker_no_s338_2026-08-24
2026-01-08,EU,9.557704684933816,eu,1,tracker_no_s338_2026-08-24
2026-01-08,Free-trade partners,10.1287255296528,fta,1,tracker_no_s338_2026-08-24
2026-01-08,Japan,14.72183494282396,jp,1,tracker_no_s338_2026-08-24
2026-01-08,Mexico,7.552389270850608,mx,1,tracker_no_s338_2026-08-24
2026-01-08,Rest of World,16.644250183041148,row,1,tracker_no_s338_2026-08-24
2026-01-08,UK,8.62110185520467,uk,1,tracker_no_s338_2026-08-24
2026-01-09,Canada,7.117914024198208,ca,1,tracker_no_s338_2026-08-24
2026-01-09,China,33.65361252244924,chn,1,tracker_no_s338_2026-08-24
2026-01-09,EU,9.557704684933816,eu,1,tracker_no_s338_2026-08-24
2026-01-09,Free-trade partners,10.1287255296528,fta,1,tracker_no_s338_2026-08-24
2026-01-09,Japan,14.72183494282396,jp,1,tracker_no_s338_2026-08-24
2026-01-09,Mexico,7.552389270850608,mx,1,tracker_no_s338_2026-08-24
2026-01-09,Rest of World,16.644250183041148,row,1,tracker_no_s338_2026-08-24
2026-01-09,UK,8.62110185520467,uk,1,tracker_no_s338_2026-08-24
2026-01-10,Canada,7.117914024198208,ca,1,tracker_no_s338_2026-08-24
2026-01-10,China,33.65361252244924,chn,1,tracker_no_s338_2026-08-24
2026-01-10,EU,9.557704684933816,eu,1,tracker_no_s338_2026-08-24
2026-01-10,Free-trade partners,10.1287255296528,fta,1,tracker_no_s338_2026-08-24
2026-01-10,Japan,14.72183494282396,jp,1,tracker_no_s338_2026-08-24
2026-01-10,Mexico,7.552389270850608,mx,1,tracker_no_s338_2026-08-24
2026-01-10,Rest of World,16.644250183041148,row,1,tracker_no_s338_2026-08-24
2026-01-10,UK,8.62110185520467,uk,1,tracker_no_s338_2026-08-24
2026-01-11,Canada,7.117914024198208,ca,1,tracker_no_s338_2026-08-24
2026-01-11,China,33.65361252244924,chn,1,tracker_no_s338_2026-08-24
2026-01-11,EU,9.557704684933816,eu,1,tracker_no_s338_2026-08-24
2026-01-11,Free-trade partners,10.1287255296528,fta,1,tracker_no_s338_2026-08-24
2026-01-11,Japan,14.72183494282396,jp,1,tracker_no_s338_2026-08-24
2026-01-11,Mexico,7.552389270850608,mx,1,tracker_no_s338_2026-08-24
2026-01-11,Rest of World,16.644250183041148,row,1,tracker_no_s338_2026-08-24
2026-01-11,UK,8.62110185520467,uk,1,tracker_no_s338_2026-08-24
2026-01-12,Canada,7.117914024198208,ca,1,tracker_no_s338_2026-08-24
2026-01-12,China,33.65361252244924,chn,1,tracker_no_s338_2026-08-24
2026-01-12,EU,9.557704684933816,eu,1,tracker_no_s338_2026-08-24
2026-01-12,Free-trade partners,10.1287255296528,fta,1,tracker_no_s338_2026-08-24
2026-01-12,Japan,14.72183494282396,jp,1,tracker_no_s338_2026-08-24
2026-01-12,Mexico,7.552389270850608,mx,1,tracker_no_s338_2026-08-24
2026-01-12,Rest of World,16.644250183041148,row,1,tracker_no_s338_2026-08-24
2026-01-12,UK,8.62110185520467,uk,1,tracker_no_s338_2026-08-24
2026-01-13,Canada,7.117914024198208,ca,1,tracker_no_s338_2026-08-24
2026-01-13,China,33.65361252244924,chn,1,tracker_no_s338_2026-08-24
2026-01-13,EU,9.557704684933816,eu,1,tracker_no_s338_2026-08-24
2026-01-13,Free-trade partners,10.1287255296528,fta,1,tracker_no_s338_2026-08-24
2026-01-13,Japan,14.72183494282396,jp,1,tracker_no_s338_2026-08-24
2026-01-13,Mexico,7.552389270850608,mx,1,tracker_no_s338_2026-08-24
2026-01-13,Rest of World,16.644250183041148,row,1,tracker_no_s338_2026-08-24
2026-01-13,UK,8.62110185520467,uk,1,tracker_no_s338_2026-08-24
2026-01-14,Canada,7.117914024198208,ca,1,tracker_no_s338_2026-08-24
2026-01-14,China,33.65361252244924,chn,1,tracker_no_s338_2026-08-24
2026-01-14,EU,9.557704684933816,eu,1,tracker_no_s338_2026-08-24
2026-01-14,Free-trade partners,10.1287255296528,fta,1,tracker_no_s338_2026-08-24
2026-01-14,Japan,14.72183494282396,jp,1,tracker_no_s338_2026-08-24
2026-01-14,Mexico,7.552389270850608,mx,1,tracker_no_s338_2026-08-24
2026-01-14,Rest of World,16.644250183041148,row,1,tracker_no_s338_2026-08-24
2026-01-14,UK,8.62110185520467,uk,1,tracker_no_s338_2026-08-24
2026-01-15,Canada,7.117792225602846,ca,1,tracker_no_s338_2026-08-24
2026-01-15,China,33.65007511645211,chn,1,tracker_no_s338_2026-08-24
2026-01-15,EU,9.559739741406439,eu,1,tracker_no_s338_2026-08-24
2026-01-15,Free-trade partners,10.129741981014428,fta,1,tracker_no_s338_2026-08-24
2026-01-15,Japan,14.721790394258916,jp,1,tracker_no_s338_2026-08-24
2026-01-15,Mexico,7.656466629376606,mx,1,tracker_no_s338_2026-08-24
2026-01-15,Rest of World,16.810208539067755,row,1,tracker_no_s338_2026-08-24
2026-01-15,UK,8.622216784253729,uk,1,tracker_no_s338_2026-08-24
2026-01-16,Canada,7.117792225602846,ca,1,tracker_no_s338_2026-08-24
2026-01-16,China,33.65007511645211,chn,1,tracker_no_s338_2026-08-24
2026-01-16,EU,9.559739741406439,eu,1,tracker_no_s338_2026-08-24
2026-01-16,Free-trade partners,10.129741981014428,fta,1,tracker_no_s338_2026-08-24
2026-01-16,Japan,14.721790394258916,jp,1,tracker_no_s338_2026-08-24
2026-01-16,Mexico,7.656466629376606,mx,1,tracker_no_s338_2026-08-24
2026-01-16,Rest of World,16.810208539067755,row,1,tracker_no_s338_2026-08-24
2026-01-16,UK,8.622216784253729,uk,1,tracker_no_s338_2026-08-24
2026-01-17,Canada,7.117792225602846,ca,1,tracker_no_s338_2026-08-24
2026-01-17,China,33.65007511645211,chn,1,tracker_no_s338_2026-08-24
2026-01-17,EU,9.559739741406439,eu,1,tracker_no_s338_2026-08-24
2026-01-17,Free-trade partners,10.129741981014428,fta,1,tracker_no_s338_2026-08-24
2026-01-17,Japan,14.721790394258916,jp,1,tracker_no_s338_2026-08-24
2026-01-17,Mexico,7.656466629376606,mx,1,tracker_no_s338_2026-08-24
2026-01-17,Rest of World,16.810208539067755,row,1,tracker_no_s338_2026-08-24
2026-01-17,UK,8.622216784253729,uk,1,tracker_no_s338_2026-08-24
2026-01-18,Canada,7.117792225602846,ca,1,tracker_no_s338_2026-08-24
2026-01-18,China,33.65007511645211,chn,1,tracker_no_s338_2026-08-24
2026-01-18,EU,9.559739741406439,eu,1,tracker_no_s338_2026-08-24
2026-01-18,Free-trade partners,10.129741981014428,fta,1,tracker_no_s338_2026-08-24
2026-01-18,Japan,14.721790394258916,jp,1,tracker_no_s338_2026-08-24
2026-01-18,Mexico,7.656466629376606,mx,1,tracker_no_s338_2026-08-24
2026-01-18,Rest of World,16.810208539067755,row,1,tracker_no_s338_2026-08-24
2026-01-18,UK,8.622216784253729,uk,1,tracker_no_s338_2026-08-24
2026-01-19,Canada,7.117792225602846,ca,1,tracker_no_s338_2026-08-24
2026-01-19,China,33.65007511645211,chn,1,tracker_no_s338_2026-08-24
2026-01-19,EU,9.559739741406439,eu,1,tracker_no_s338_2026-08-24
2026-01-19,Free-trade partners,10.129741981014428,fta,1,tracker_no_s338_2026-08-24
2026-01-19,Japan,14.721790394258916,jp,1,tracker_no_s338_2026-08-24
2026-01-19,Mexico,7.656466629376606,mx,1,tracker_no_s338_2026-08-24
2026-01-19,Rest of World,16.810208539067755,row,1,tracker_no_s338_2026-08-24
2026-01-19,UK,8.622216784253729,uk,1,tracker_no_s338_2026-08-24
2026-01-20,Canada,7.117792225602846,ca,1,tracker_no_s338_2026-08-24
2026-01-20,China,33.65007511645211,chn,1,tracker_no_s338_2026-08-24
2026-01-20,EU,9.559739741406439,eu,1,tracker_no_s338_2026-08-24
2026-01-20,Free-trade partners,10.129741981014428,fta,1,tracker_no_s338_2026-08-24
2026-01-20,Japan,14.721790394258916,jp,1,tracker_no_s338_2026-08-24
2026-01-20,Mexico,7.656466629376606,mx,1,tracker_no_s338_2026-08-24
2026-01-20,Rest of World,16.810208539067755,row,1,tracker_no_s338_2026-08-24
2026-01-20,UK,8.622216784253729,uk,1,tracker_no_s338_2026-08-24
2026-01-21,Canada,7.117792225602846,ca,1,tracker_no_s338_2026-08-24
2026-01-21,China,33.65007511645211,chn,1,tracker_no_s338_2026-08-24
2026-01-21,EU,9.559739741406439,eu,1,tracker_no_s338_2026-08-24
2026-01-21,Free-trade partners,10.129741981014428,fta,1,tracker_no_s338_2026-08-24
2026-01-21,Japan,14.721790394258916,jp,1,tracker_no_s338_2026-08-24
2026-01-21,Mexico,7.656466629376606,mx,1,tracker_no_s338_2026-08-24
2026-01-21,Rest of World,16.810208539067755,row,1,tracker_no_s338_2026-08-24
2026-01-21,UK,8.622216784253729,uk,1,tracker_no_s338_2026-08-24
2026-01-22,Canada,7.117792225602846,ca,1,tracker_no_s338_2026-08-24
2026-01-22,China,33.65007511645211,chn,1,tracker_no_s338_2026-08-24
2026-01-22,EU,9.559739741406439,eu,1,tracker_no_s338_2026-08-24
2026-01-22,Free-trade partners,10.129741981014428,fta,1,tracker_no_s338_2026-08-24
2026-01-22,Japan,14.721790394258916,jp,1,tracker_no_s338_2026-08-24
2026-01-22,Mexico,7.656466629376606,mx,1,tracker_no_s338_2026-08-24
2026-01-22,Rest of World,16.810208539067755,row,1,tracker_no_s338_2026-08-24
2026-01-22,UK,8.622216784253729,uk,1,tracker_no_s338_2026-08-24
2026-01-23,Canada,7.117792225602846,ca,1,tracker_no_s338_2026-08-24
2026-01-23,China,33.65007511645211,chn,1,tracker_no_s338_2026-08-24
2026-01-23,EU,9.559739741406439,eu,1,tracker_no_s338_2026-08-24
2026-01-23,Free-trade partners,10.129741981014428,fta,1,tracker_no_s338_2026-08-24
2026-01-23,Japan,14.721790394258916,jp,1,tracker_no_s338_2026-08-24
2026-01-23,Mexico,7.656466629376606,mx,1,tracker_no_s338_2026-08-24
2026-01-23,Rest of World,16.810208539067755,row,1,tracker_no_s338_2026-08-24
2026-01-23,UK,8.622216784253729,uk,1,tracker_no_s338_2026-08-24
2026-01-24,Canada,7.117792225602846,ca,1,tracker_no_s338_2026-08-24
2026-01-24,China,33.65007511645211,chn,1,tracker_no_s338_2026-08-24
2026-01-24,EU,9.559739741406439,eu,1,tracker_no_s338_2026-08-24
2026-01-24,Free-trade partners,10.129741981014428,fta,1,tracker_no_s338_2026-08-24
2026-01-24,Japan,14.721790394258916,jp,1,tracker_no_s338_2026-08-24
2026-01-24,Mexico,7.656466629376606,mx,1,tracker_no_s338_2026-08-24
2026-01-24,Rest of World,16.810208539067755,row,1,tracker_no_s338_2026-08-24
2026-01-24,UK,8.622216784253729,uk,1,tracker_no_s338_2026-08-24
2026-01-25,Canada,7.117792225602846,ca,1,tracker_no_s338_2026-08-24
2026-01-25,China,33.65007511645211,chn,1,tracker_no_s338_2026-08-24
2026-01-25,EU,9.559739741406439,eu,1,tracker_no_s338_2026-08-24
2026-01-25,Free-trade partners,10.129741981014428,fta,1,tracker_no_s338_2026-08-24
2026-01-25,Japan,14.721790394258916,jp,1,tracker_no_s338_2026-08-24
2026-01-25,Mexico,7.656466629376606,mx,1,tracker_no_s338_2026-08-24
2026-01-25,Rest of World,16.810208539067755,row,1,tracker_no_s338_2026-08-24
2026-01-25,UK,8.622216784253729,uk,1,tracker_no_s338_2026-08-24
2026-01-26,Canada,7.117792225602846,ca,1,tracker_no_s338_2026-08-24
2026-01-26,China,33.65007511645211,chn,1,tracker_no_s338_2026-08-24
2026-01-26,EU,9.559739741406439,eu,1,tracker_no_s338_2026-08-24
2026-01-26,Free-trade partners,10.129741981014428,fta,1,tracker_no_s338_2026-08-24
2026-01-26,Japan,14.721790394258916,jp,1,tracker_no_s338_2026-08-24
2026-01-26,Mexico,7.656466629376606,mx,1,tracker_no_s338_2026-08-24
2026-01-26,Rest of World,16.810208539067755,row,1,tracker_no_s338_2026-08-24
2026-01-26,UK,8.622216784253729,uk,1,tracker_no_s338_2026-08-24
2026-01-27,Canada,7.117792225602846,ca,1,tracker_no_s338_2026-08-24
2026-01-27,China,33.65007511645211,chn,1,tracker_no_s338_2026-08-24
2026-01-27,EU,9.559739741406439,eu,1,tracker_no_s338_2026-08-24
2026-01-27,Free-trade partners,10.129741981014428,fta,1,tracker_no_s338_2026-08-24
2026-01-27,Japan,14.721790394258916,jp,1,tracker_no_s338_2026-08-24
2026-01-27,Mexico,7.656466629376606,mx,1,tracker_no_s338_2026-08-24
2026-01-27,Rest of World,16.810208539067755,row,1,tracker_no_s338_2026-08-24
2026-01-27,UK,8.622216784253729,uk,1,tracker_no_s338_2026-08-24
2026-01-28,Canada,7.117792225602846,ca,1,tracker_no_s338_2026-08-24
2026-01-28,China,33.65007511645211,chn,1,tracker_no_s338_2026-08-24
2026-01-28,EU,9.559739741406439,eu,1,tracker_no_s338_2026-08-24
2026-01-28,Free-trade partners,10.129741981014428,fta,1,tracker_no_s338_2026-08-24
2026-01-28,Japan,14.721790394258916,jp,1,tracker_no_s338_2026-08-24
2026-01-28,Mexico,7.656466629376606,mx,1,tracker_no_s338_2026-08-24
2026-01-28,Rest of World,16.810208539067755,row,1,tracker_no_s338_2026-08-24
2026-01-28,UK,8.622216784253729,uk,1,tracker_no_s338_2026-08-24
2026-01-29,Canada,7.117792225602846,ca,1,tracker_no_s338_2026-08-24
2026-01-29,China,33.65007511645211,chn,1,tracker_no_s338_2026-08-24
2026-01-29,EU,9.559739741406439,eu,1,tracker_no_s338_2026-08-24
2026-01-29,Free-trade partners,10.129741981014428,fta,1,tracker_no_s338_2026-08-24
2026-01-29,Japan,14.721790394258916,jp,1,tracker_no_s338_2026-08-24
2026-01-29,Mexico,7.656466629376606,mx,1,tracker_no_s338_2026-08-24
2026-01-29,Rest of World,16.810208539067755,row,1,tracker_no_s338_2026-08-24
2026-01-29,UK,8.622216784253729,uk,1,tracker_no_s338_2026-08-24
2026-01-30,Canada,7.117792225602846,ca,1,tracker_no_s338_2026-08-24
2026-01-30,China,33.65007511645211,chn,1,tracker_no_s338_2026-08-24
2026-01-30,EU,9.559739741406439,eu,1,tracker_no_s338_2026-08-24
2026-01-30,Free-trade partners,10.129741981014428,fta,1,tracker_no_s338_2026-08-24
2026-01-30,Japan,14.721790394258916,jp,1,tracker_no_s338_2026-08-24
2026-01-30,Mexico,7.656466629376606,mx,1,tracker_no_s338_2026-08-24
2026-01-30,Rest of World,16.810208539067755,row,1,tracker_no_s338_2026-08-24
2026-01-30,UK,8.622216784253729,uk,1,tracker_no_s338_2026-08-24
2026-01-31,Canada,7.117792225602846,ca,1,tracker_no_s338_2026-08-24
2026-01-31,China,33.65007511645211,chn,1,tracker_no_s338_2026-08-24
2026-01-31,EU,9.559739741406439,eu,1,tracker_no_s338_2026-08-24
2026-01-31,Free-trade partners,10.129741981014428,fta,1,tracker_no_s338_2026-08-24
2026-01-31,Japan,14.721790394258916,jp,1,tracker_no_s338_2026-08-24
2026-01-31,Mexico,7.656466629376606,mx,1,tracker_no_s338_2026-08-24
2026-01-31,Rest of World,16.810208539067755,row,1,tracker_no_s338_2026-08-24
2026-01-31,UK,8.622216784253729,uk,1,tracker_no_s338_2026-08-24
2026-02-01,Canada,7.11636815775961,ca,1,tracker_no_s338_2026-08-24
2026-02-01,China,33.642409713368515,chn,1,tracker_no_s338_2026-08-24
2026-02-01,EU,9.564073853757206,eu,1,tracker_no_s338_2026-08-24
2026-02-01,Free-trade partners,10.13663225301153,fta,1,tracker_no_s338_2026-08-24
2026-02-01,Japan,14.733091140017656,jp,1,tracker_no_s338_2026-08-24
2026-02-01,Mexico,7.651468691699469,mx,1,tracker_no_s338_2026-08-24
2026-02-01,Rest of World,16.82193525830959,row,1,tracker_no_s338_2026-08-24
2026-02-01,UK,8.615649063333425,uk,1,tracker_no_s338_2026-08-24
2026-02-02,Canada,7.11636815775961,ca,1,tracker_no_s338_2026-08-24
2026-02-02,China,33.642409713368515,chn,1,tracker_no_s338_2026-08-24
2026-02-02,EU,9.564073853757206,eu,1,tracker_no_s338_2026-08-24
2026-02-02,Free-trade partners,10.13663225301153,fta,1,tracker_no_s338_2026-08-24
2026-02-02,Japan,14.733091140017656,jp,1,tracker_no_s338_2026-08-24
2026-02-02,Mexico,7.651468691699469,mx,1,tracker_no_s338_2026-08-24
2026-02-02,Rest of World,16.82193525830959,row,1,tracker_no_s338_2026-08-24
2026-02-02,UK,8.615649063333425,uk,1,tracker_no_s338_2026-08-24
2026-02-03,Canada,7.11636815775961,ca,1,tracker_no_s338_2026-08-24
2026-02-03,China,33.642409713368515,chn,1,tracker_no_s338_2026-08-24
2026-02-03,EU,9.564073853757206,eu,1,tracker_no_s338_2026-08-24
2026-02-03,Free-trade partners,10.13663225301153,fta,1,tracker_no_s338_2026-08-24
2026-02-03,Japan,14.733091140017656,jp,1,tracker_no_s338_2026-08-24
2026-02-03,Mexico,7.651468691699469,mx,1,tracker_no_s338_2026-08-24
2026-02-03,Rest of World,16.82193525830959,row,1,tracker_no_s338_2026-08-24
2026-02-03,UK,8.615649063333425,uk,1,tracker_no_s338_2026-08-24
2026-02-04,Canada,7.11636815775961,ca,1,tracker_no_s338_2026-08-24
2026-02-04,China,33.642409713368515,chn,1,tracker_no_s338_2026-08-24
2026-02-04,EU,9.564073853757206,eu,1,tracker_no_s338_2026-08-24
2026-02-04,Free-trade partners,10.13663225301153,fta,1,tracker_no_s338_2026-08-24
2026-02-04,Japan,14.733091140017656,jp,1,tracker_no_s338_2026-08-24
2026-02-04,Mexico,7.651468691699469,mx,1,tracker_no_s338_2026-08-24
2026-02-04,Rest of World,16.82193525830959,row,1,tracker_no_s338_2026-08-24
2026-02-04,UK,8.615649063333425,uk,1,tracker_no_s338_2026-08-24
2026-02-05,Canada,7.11636815775961,ca,1,tracker_no_s338_2026-08-24
2026-02-05,China,33.642409713368515,chn,1,tracker_no_s338_2026-08-24
2026-02-05,EU,9.564073853757206,eu,1,tracker_no_s338_2026-08-24
2026-02-05,Free-trade partners,10.13663225301153,fta,1,tracker_no_s338_2026-08-24
2026-02-05,Japan,14.733091140017656,jp,1,tracker_no_s338_2026-08-24
2026-02-05,Mexico,7.651468691699469,mx,1,tracker_no_s338_2026-08-24
2026-02-05,Rest of World,16.82193525830959,row,1,tracker_no_s338_2026-08-24
2026-02-05,UK,8.615649063333425,uk,1,tracker_no_s338_2026-08-24
2026-02-06,Canada,7.11636815775961,ca,1,tracker_no_s338_2026-08-24
2026-02-06,China,33.642409713368515,chn,1,tracker_no_s338_2026-08-24
2026-02-06,EU,9.564073853757206,eu,1,tracker_no_s338_2026-08-24
2026-02-06,Free-trade partners,10.13663225301153,fta,1,tracker_no_s338_2026-08-24
2026-02-06,Japan,14.733091140017656,jp,1,tracker_no_s338_2026-08-24
2026-02-06,Mexico,7.651468691699469,mx,1,tracker_no_s338_2026-08-24
2026-02-06,Rest of World,16.82193525830959,row,1,tracker_no_s338_2026-08-24
2026-02-06,UK,8.615649063333425,uk,1,tracker_no_s338_2026-08-24
2026-02-07,Canada,7.179332058813756,ca,1,tracker_no_s338_2026-08-24
2026-02-07,China,33.69623351577706,chn,1,tracker_no_s338_2026-08-24
2026-02-07,EU,9.571575525808578,eu,1,tracker_no_s338_2026-08-24
2026-02-07,Free-trade partners,10.109604445594755,fta,1,tracker_no_s338_2026-08-24
2026-02-07,Japan,14.761286850294923,jp,1,tracker_no_s338_2026-08-24
2026-02-07,Mexico,7.732451235329626,mx,1,tracker_no_s338_2026-08-24
2026-02-07,Rest of World,14.903393655286095,row,1,tracker_no_s338_2026-08-24
2026-02-07,UK,8.63047059693741,uk,1,tracker_no_s338_2026-08-24
2026-02-08,Canada,7.179332058813756,ca,1,tracker_no_s338_2026-08-24
2026-02-08,China,33.69623351577706,chn,1,tracker_no_s338_2026-08-24
2026-02-08,EU,9.571575525808578,eu,1,tracker_no_s338_2026-08-24
2026-02-08,Free-trade partners,10.109604445594755,fta,1,tracker_no_s338_2026-08-24
2026-02-08,Japan,14.761286850294923,jp,1,tracker_no_s338_2026-08-24
2026-02-08,Mexico,7.732451235329626,mx,1,tracker_no_s338_2026-08-24
2026-02-08,Rest of World,14.903393655286095,row,1,tracker_no_s338_2026-08-24
2026-02-08,UK,8.63047059693741,uk,1,tracker_no_s338_2026-08-24
2026-02-09,Canada,7.179332058813756,ca,1,tracker_no_s338_2026-08-24
2026-02-09,China,33.69623351577706,chn,1,tracker_no_s338_2026-08-24
2026-02-09,EU,9.571575525808578,eu,1,tracker_no_s338_2026-08-24
2026-02-09,Free-trade partners,10.109604445594755,fta,1,tracker_no_s338_2026-08-24
2026-02-09,Japan,14.761286850294923,jp,1,tracker_no_s338_2026-08-24
2026-02-09,Mexico,7.732451235329626,mx,1,tracker_no_s338_2026-08-24
2026-02-09,Rest of World,14.903393655286095,row,1,tracker_no_s338_2026-08-24
2026-02-09,UK,8.63047059693741,uk,1,tracker_no_s338_2026-08-24
2026-02-10,Canada,7.179332058813756,ca,1,tracker_no_s338_2026-08-24
2026-02-10,China,33.69623351577706,chn,1,tracker_no_s338_2026-08-24
2026-02-10,EU,9.571575525808578,eu,1,tracker_no_s338_2026-08-24
2026-02-10,Free-trade partners,10.109604445594755,fta,1,tracker_no_s338_2026-08-24
2026-02-10,Japan,14.761286850294923,jp,1,tracker_no_s338_2026-08-24
2026-02-10,Mexico,7.732451235329626,mx,1,tracker_no_s338_2026-08-24
2026-02-10,Rest of World,14.903393655286095,row,1,tracker_no_s338_2026-08-24
2026-02-10,UK,8.63047059693741,uk,1,tracker_no_s338_2026-08-24
2026-02-11,Canada,7.179332058813756,ca,1,tracker_no_s338_2026-08-24
2026-02-11,China,33.69623351577706,chn,1,tracker_no_s338_2026-08-24
2026-02-11,EU,9.571575525808578,eu,1,tracker_no_s338_2026-08-24
2026-02-11,Free-trade partners,10.109604445594755,fta,1,tracker_no_s338_2026-08-24
2026-02-11,Japan,14.761286850294923,jp,1,tracker_no_s338_2026-08-24
2026-02-11,Mexico,7.732451235329626,mx,1,tracker_no_s338_2026-08-24
2026-02-11,Rest of World,14.903393655286095,row,1,tracker_no_s338_2026-08-24
2026-02-11,UK,8.63047059693741,uk,1,tracker_no_s338_2026-08-24
2026-02-12,Canada,7.179332058813756,ca,1,tracker_no_s338_2026-08-24
2026-02-12,China,33.69623351577706,chn,1,tracker_no_s338_2026-08-24
2026-02-12,EU,9.571575525808578,eu,1,tracker_no_s338_2026-08-24
2026-02-12,Free-trade partners,10.109604445594755,fta,1,tracker_no_s338_2026-08-24
2026-02-12,Japan,14.761286850294923,jp,1,tracker_no_s338_2026-08-24
2026-02-12,Mexico,7.732451235329626,mx,1,tracker_no_s338_2026-08-24
2026-02-12,Rest of World,14.903393655286095,row,1,tracker_no_s338_2026-08-24
2026-02-12,UK,8.63047059693741,uk,1,tracker_no_s338_2026-08-24
2026-02-13,Canada,7.179332058813756,ca,1,tracker_no_s338_2026-08-24
2026-02-13,China,33.69623351577706,chn,1,tracker_no_s338_2026-08-24
2026-02-13,EU,9.571575525808578,eu,1,tracker_no_s338_2026-08-24
2026-02-13,Free-trade partners,10.109604445594755,fta,1,tracker_no_s338_2026-08-24
2026-02-13,Japan,14.761286850294923,jp,1,tracker_no_s338_2026-08-24
2026-02-13,Mexico,7.732451235329626,mx,1,tracker_no_s338_2026-08-24
2026-02-13,Rest of World,14.903393655286095,row,1,tracker_no_s338_2026-08-24
2026-02-13,UK,8.63047059693741,uk,1,tracker_no_s338_2026-08-24
2026-02-14,Canada,7.179332058813756,ca,1,tracker_no_s338_2026-08-24
2026-02-14,China,33.69623351577706,chn,1,tracker_no_s338_2026-08-24
2026-02-14,EU,9.571575525808578,eu,1,tracker_no_s338_2026-08-24
2026-02-14,Free-trade partners,10.109604445594755,fta,1,tracker_no_s338_2026-08-24
2026-02-14,Japan,14.761286850294923,jp,1,tracker_no_s338_2026-08-24
2026-02-14,Mexico,7.732451235329626,mx,1,tracker_no_s338_2026-08-24
2026-02-14,Rest of World,14.903393655286095,row,1,tracker_no_s338_2026-08-24
2026-02-14,UK,8.63047059693741,uk,1,tracker_no_s338_2026-08-24
2026-02-15,Canada,7.179332058813756,ca,1,tracker_no_s338_2026-08-24
2026-02-15,China,33.69623351577706,chn,1,tracker_no_s338_2026-08-24
2026-02-15,EU,9.571575525808578,eu,1,tracker_no_s338_2026-08-24
2026-02-15,Free-trade partners,10.109604445594755,fta,1,tracker_no_s338_2026-08-24
2026-02-15,Japan,14.761286850294923,jp,1,tracker_no_s338_2026-08-24
2026-02-15,Mexico,7.732451235329626,mx,1,tracker_no_s338_2026-08-24
2026-02-15,Rest of World,14.903393655286095,row,1,tracker_no_s338_2026-08-24
2026-02-15,UK,8.63047059693741,uk,1,tracker_no_s338_2026-08-24
2026-02-16,Canada,7.179332058813756,ca,1,tracker_no_s338_2026-08-24
2026-02-16,China,33.69623351577706,chn,1,tracker_no_s338_2026-08-24
2026-02-16,EU,9.571575525808578,eu,1,tracker_no_s338_2026-08-24
2026-02-16,Free-trade partners,10.109604445594755,fta,1,tracker_no_s338_2026-08-24
2026-02-16,Japan,14.761286850294923,jp,1,tracker_no_s338_2026-08-24
2026-02-16,Mexico,7.732451235329626,mx,1,tracker_no_s338_2026-08-24
2026-02-16,Rest of World,14.903393655286095,row,1,tracker_no_s338_2026-08-24
2026-02-16,UK,8.63047059693741,uk,1,tracker_no_s338_2026-08-24
2026-02-17,Canada,7.179332058813756,ca,1,tracker_no_s338_2026-08-24
2026-02-17,China,33.69623351577706,chn,1,tracker_no_s338_2026-08-24
2026-02-17,EU,9.571575525808578,eu,1,tracker_no_s338_2026-08-24
2026-02-17,Free-trade partners,10.109604445594755,fta,1,tracker_no_s338_2026-08-24
2026-02-17,Japan,14.761286850294923,jp,1,tracker_no_s338_2026-08-24
2026-02-17,Mexico,7.732451235329626,mx,1,tracker_no_s338_2026-08-24
2026-02-17,Rest of World,14.903393655286095,row,1,tracker_no_s338_2026-08-24
2026-02-17,UK,8.63047059693741,uk,1,tracker_no_s338_2026-08-24
2026-02-18,Canada,7.179332058813756,ca,1,tracker_no_s338_2026-08-24
2026-02-18,China,33.69623351577706,chn,1,tracker_no_s338_2026-08-24
2026-02-18,EU,9.571575525808578,eu,1,tracker_no_s338_2026-08-24
2026-02-18,Free-trade partners,10.109604445594755,fta,1,tracker_no_s338_2026-08-24
2026-02-18,Japan,14.761286850294923,jp,1,tracker_no_s338_2026-08-24
2026-02-18,Mexico,7.732451235329626,mx,1,tracker_no_s338_2026-08-24
2026-02-18,Rest of World,14.903393655286095,row,1,tracker_no_s338_2026-08-24
2026-02-18,UK,8.63047059693741,uk,1,tracker_no_s338_2026-08-24
2026-02-19,Canada,7.179332058813756,ca,1,tracker_no_s338_2026-08-24
2026-02-19,China,33.69623351577706,chn,1,tracker_no_s338_2026-08-24
2026-02-19,EU,9.571575525808578,eu,1,tracker_no_s338_2026-08-24
2026-02-19,Free-trade partners,10.109604445594755,fta,1,tracker_no_s338_2026-08-24
2026-02-19,Japan,14.761286850294923,jp,1,tracker_no_s338_2026-08-24
2026-02-19,Mexico,7.732451235329626,mx,1,tracker_no_s338_2026-08-24
2026-02-19,Rest of World,14.903393655286095,row,1,tracker_no_s338_2026-08-24
2026-02-19,UK,8.63047059693741,uk,1,tracker_no_s338_2026-08-24
2026-02-20,Canada,5.370073252788974,ca,1,tracker_no_s338_2026-08-24
2026-02-20,China,17.83933236748922,chn,1,tracker_no_s338_2026-08-24
2026-02-20,EU,5.025449280576305,eu,1,tracker_no_s338_2026-08-24
2026-02-20,Free-trade partners,5.371550290401232,fta,1,tracker_no_s338_2026-08-24
2026-02-20,Japan,8.759423249679562,jp,1,tracker_no_s338_2026-08-24
2026-02-20,Mexico,6.191092351960044,mx,1,tracker_no_s338_2026-08-24
2026-02-20,Rest of World,5.435430855493084,row,1,tracker_no_s338_2026-08-24
2026-02-20,UK,3.792836175572287,uk,1,tracker_no_s338_2026-08-24
2026-02-21,Canada,5.370073252788974,ca,1,tracker_no_s338_2026-08-24
2026-02-21,China,17.83933236748922,chn,1,tracker_no_s338_2026-08-24
2026-02-21,EU,5.025449280576305,eu,1,tracker_no_s338_2026-08-24
2026-02-21,Free-trade partners,5.371550290401232,fta,1,tracker_no_s338_2026-08-24
2026-02-21,Japan,8.759423249679562,jp,1,tracker_no_s338_2026-08-24
2026-02-21,Mexico,6.191092351960044,mx,1,tracker_no_s338_2026-08-24
2026-02-21,Rest of World,5.435430855493084,row,1,tracker_no_s338_2026-08-24
2026-02-21,UK,3.792836175572287,uk,1,tracker_no_s338_2026-08-24
2026-02-22,Canada,5.370073252788974,ca,1,tracker_no_s338_2026-08-24
2026-02-22,China,17.83933236748922,chn,1,tracker_no_s338_2026-08-24
2026-02-22,EU,5.025449280576305,eu,1,tracker_no_s338_2026-08-24
2026-02-22,Free-trade partners,5.371550290401232,fta,1,tracker_no_s338_2026-08-24
2026-02-22,Japan,8.759423249679562,jp,1,tracker_no_s338_2026-08-24
2026-02-22,Mexico,6.191092351960044,mx,1,tracker_no_s338_2026-08-24
2026-02-22,Rest of World,5.435430855493084,row,1,tracker_no_s338_2026-08-24
2026-02-22,UK,3.792836175572287,uk,1,tracker_no_s338_2026-08-24
2026-02-23,Canada,5.370073252788974,ca,1,tracker_no_s338_2026-08-24
2026-02-23,China,17.83933236748922,chn,1,tracker_no_s338_2026-08-24
2026-02-23,EU,5.025449280576305,eu,1,tracker_no_s338_2026-08-24
2026-02-23,Free-trade partners,5.371550290401232,fta,1,tracker_no_s338_2026-08-24
2026-02-23,Japan,8.759423249679562,jp,1,tracker_no_s338_2026-08-24
2026-02-23,Mexico,6.191092351960044,mx,1,tracker_no_s338_2026-08-24
2026-02-23,Rest of World,5.435430855493084,row,1,tracker_no_s338_2026-08-24
2026-02-23,UK,3.792836175572287,uk,1,tracker_no_s338_2026-08-24
2026-02-24,Canada,5.588308288034597,ca,1,tracker_no_s338_2026-08-24
2026-02-24,China,23.673413636891755,chn,1,tracker_no_s338_2026-08-24
2026-02-24,EU,9.334393445173164,eu,1,tracker_no_s338_2026-08-24
2026-02-24,Free-trade partners,9.342092300154421,fta,1,tracker_no_s338_2026-08-24
2026-02-24,Japan,12.71735200337373,jp,1,tracker_no_s338_2026-08-24
2026-02-24,Mexico,6.639983255078681,mx,1,tracker_no_s338_2026-08-24
2026-02-24,Rest of World,9.97840294106633,row,1,tracker_no_s338_2026-08-24
2026-02-24,UK,7.840508799048681,uk,1,tracker_no_s338_2026-08-24
2026-02-25,Canada,5.588308288034597,ca,1,tracker_no_s338_2026-08-24
2026-02-25,China,23.673413636891755,chn,1,tracker_no_s338_2026-08-24
2026-02-25,EU,9.334393445173164,eu,1,tracker_no_s338_2026-08-24
2026-02-25,Free-trade partners,9.342092300154421,fta,1,tracker_no_s338_2026-08-24
2026-02-25,Japan,12.71735200337373,jp,1,tracker_no_s338_2026-08-24
2026-02-25,Mexico,6.639983255078681,mx,1,tracker_no_s338_2026-08-24
2026-02-25,Rest of World,9.97840294106633,row,1,tracker_no_s338_2026-08-24
2026-02-25,UK,7.840508799048681,uk,1,tracker_no_s338_2026-08-24
2026-02-26,Canada,5.588308288034597,ca,1,tracker_no_s338_2026-08-24
2026-02-26,China,23.673413636891755,chn,1,tracker_no_s338_2026-08-24
2026-02-26,EU,9.334393445173164,eu,1,tracker_no_s338_2026-08-24
2026-02-26,Free-trade partners,9.342092300154421,fta,1,tracker_no_s338_2026-08-24
2026-02-26,Japan,12.71735200337373,jp,1,tracker_no_s338_2026-08-24
2026-02-26,Mexico,6.639983255078681,mx,1,tracker_no_s338_2026-08-24
2026-02-26,Rest of World,9.97840294106633,row,1,tracker_no_s338_2026-08-24
2026-02-26,UK,7.840508799048681,uk,1,tracker_no_s338_2026-08-24
2026-02-27,Canada,5.588308288034597,ca,1,tracker_no_s338_2026-08-24
2026-02-27,China,23.673413636891755,chn,1,tracker_no_s338_2026-08-24
2026-02-27,EU,9.334393445173164,eu,1,tracker_no_s338_2026-08-24
2026-02-27,Free-trade partners,9.342092300154421,fta,1,tracker_no_s338_2026-08-24
2026-02-27,Japan,12.71735200337373,jp,1,tracker_no_s338_2026-08-24
2026-02-27,Mexico,6.639983255078681,mx,1,tracker_no_s338_2026-08-24
2026-02-27,Rest of World,9.97840294106633,row,1,tracker_no_s338_2026-08-24
2026-02-27,UK,7.840508799048681,uk,1,tracker_no_s338_2026-08-24
2026-02-28,Canada,5.588308288034597,ca,1,tracker_no_s338_2026-08-24
2026-02-28,China,23.673413636891755,chn,1,tracker_no_s338_2026-08-24
2026-02-28,EU,9.334393445173164,eu,1,tracker_no_s338_2026-08-24
2026-02-28,Free-trade partners,9.342092300154421,fta,1,tracker_no_s338_2026-08-24
2026-02-28,Japan,12.71735200337373,jp,1,tracker_no_s338_2026-08-24
2026-02-28,Mexico,6.639983255078681,mx,1,tracker_no_s338_2026-08-24
2026-02-28,Rest of World,9.97840294106633,row,1,tracker_no_s338_2026-08-24
2026-02-28,UK,7.840508799048681,uk,1,tracker_no_s338_2026-08-24
2026-03-01,Canada,5.588308288034597,ca,1,tracker_no_s338_2026-08-24
2026-03-01,China,23.673413636891755,chn,1,tracker_no_s338_2026-08-24
2026-03-01,EU,9.334393445173164,eu,1,tracker_no_s338_2026-08-24
2026-03-01,Free-trade partners,9.342092300154421,fta,1,tracker_no_s338_2026-08-24
2026-03-01,Japan,12.71735200337373,jp,1,tracker_no_s338_2026-08-24
2026-03-01,Mexico,6.639983255078681,mx,1,tracker_no_s338_2026-08-24
2026-03-01,Rest of World,9.97840294106633,row,1,tracker_no_s338_2026-08-24
2026-03-01,UK,7.840508799048681,uk,1,tracker_no_s338_2026-08-24
2026-03-02,Canada,5.588308288034597,ca,1,tracker_no_s338_2026-08-24
2026-03-02,China,23.673413636891755,chn,1,tracker_no_s338_2026-08-24
2026-03-02,EU,9.334393445173164,eu,1,tracker_no_s338_2026-08-24
2026-03-02,Free-trade partners,9.342092300154421,fta,1,tracker_no_s338_2026-08-24
2026-03-02,Japan,12.71735200337373,jp,1,tracker_no_s338_2026-08-24
2026-03-02,Mexico,6.639983255078681,mx,1,tracker_no_s338_2026-08-24
2026-03-02,Rest of World,9.97840294106633,row,1,tracker_no_s338_2026-08-24
2026-03-02,UK,7.840508799048681,uk,1,tracker_no_s338_2026-08-24
2026-03-03,Canada,5.588308288034597,ca,1,tracker_no_s338_2026-08-24
2026-03-03,China,23.673413636891755,chn,1,tracker_no_s338_2026-08-24
2026-03-03,EU,9.334393445173164,eu,1,tracker_no_s338_2026-08-24
2026-03-03,Free-trade partners,9.342092300154421,fta,1,tracker_no_s338_2026-08-24
2026-03-03,Japan,12.71735200337373,jp,1,tracker_no_s338_2026-08-24
2026-03-03,Mexico,6.639983255078681,mx,1,tracker_no_s338_2026-08-24
2026-03-03,Rest of World,9.97840294106633,row,1,tracker_no_s338_2026-08-24
2026-03-03,UK,7.840508799048681,uk,1,tracker_no_s338_2026-08-24
2026-03-04,Canada,5.588308288034597,ca,1,tracker_no_s338_2026-08-24
2026-03-04,China,23.673413636891755,chn,1,tracker_no_s338_2026-08-24
2026-03-04,EU,9.334393445173164,eu,1,tracker_no_s338_2026-08-24
2026-03-04,Free-trade partners,9.342092300154421,fta,1,tracker_no_s338_2026-08-24
2026-03-04,Japan,12.71735200337373,jp,1,tracker_no_s338_2026-08-24
2026-03-04,Mexico,6.639983255078681,mx,1,tracker_no_s338_2026-08-24
2026-03-04,Rest of World,9.97840294106633,row,1,tracker_no_s338_2026-08-24
2026-03-04,UK,7.840508799048681,uk,1,tracker_no_s338_2026-08-24
2026-03-05,Canada,5.588308288034597,ca,1,tracker_no_s338_2026-08-24
2026-03-05,China,23.673413636891755,chn,1,tracker_no_s338_2026-08-24
2026-03-05,EU,9.334393445173164,eu,1,tracker_no_s338_2026-08-24
2026-03-05,Free-trade partners,9.342092300154421,fta,1,tracker_no_s338_2026-08-24
2026-03-05,Japan,12.71735200337373,jp,1,tracker_no_s338_2026-08-24
2026-03-05,Mexico,6.639983255078681,mx,1,tracker_no_s338_2026-08-24
2026-03-05,Rest of World,9.97840294106633,row,1,tracker_no_s338_2026-08-24
2026-03-05,UK,7.840508799048681,uk,1,tracker_no_s338_2026-08-24
2026-03-06,Canada,5.588308288034597,ca,1,tracker_no_s338_2026-08-24
2026-03-06,China,23.673413636891755,chn,1,tracker_no_s338_2026-08-24
2026-03-06,EU,9.334393445173164,eu,1,tracker_no_s338_2026-08-24
2026-03-06,Free-trade partners,9.342092300154421,fta,1,tracker_no_s338_2026-08-24
2026-03-06,Japan,12.71735200337373,jp,1,tracker_no_s338_2026-08-24
2026-03-06,Mexico,6.639983255078681,mx,1,tracker_no_s338_2026-08-24
2026-03-06,Rest of World,9.97840294106633,row,1,tracker_no_s338_2026-08-24
2026-03-06,UK,7.840508799048681,uk,1,tracker_no_s338_2026-08-24
2026-03-07,Canada,5.588308288034597,ca,1,tracker_no_s338_2026-08-24
2026-03-07,China,23.673413636891755,chn,1,tracker_no_s338_2026-08-24
2026-03-07,EU,9.334393445173164,eu,1,tracker_no_s338_2026-08-24
2026-03-07,Free-trade partners,9.342092300154421,fta,1,tracker_no_s338_2026-08-24
2026-03-07,Japan,12.71735200337373,jp,1,tracker_no_s338_2026-08-24
2026-03-07,Mexico,6.639983255078681,mx,1,tracker_no_s338_2026-08-24
2026-03-07,Rest of World,9.97840294106633,row,1,tracker_no_s338_2026-08-24
2026-03-07,UK,7.840508799048681,uk,1,tracker_no_s338_2026-08-24
2026-03-08,Canada,5.588308288034597,ca,1,tracker_no_s338_2026-08-24
2026-03-08,China,23.673413636891755,chn,1,tracker_no_s338_2026-08-24
2026-03-08,EU,9.334393445173164,eu,1,tracker_no_s338_2026-08-24
2026-03-08,Free-trade partners,9.342092300154421,fta,1,tracker_no_s338_2026-08-24
2026-03-08,Japan,12.71735200337373,jp,1,tracker_no_s338_2026-08-24
2026-03-08,Mexico,6.639983255078681,mx,1,tracker_no_s338_2026-08-24
2026-03-08,Rest of World,9.97840294106633,row,1,tracker_no_s338_2026-08-24
2026-03-08,UK,7.840508799048681,uk,1,tracker_no_s338_2026-08-24
2026-03-09,Canada,5.588308288034597,ca,1,tracker_no_s338_2026-08-24
2026-03-09,China,23.673413636891755,chn,1,tracker_no_s338_2026-08-24
2026-03-09,EU,9.334393445173164,eu,1,tracker_no_s338_2026-08-24
2026-03-09,Free-trade partners,9.342092300154421,fta,1,tracker_no_s338_2026-08-24
2026-03-09,Japan,12.71735200337373,jp,1,tracker_no_s338_2026-08-24
2026-03-09,Mexico,6.639983255078681,mx,1,tracker_no_s338_2026-08-24
2026-03-09,Rest of World,9.97840294106633,row,1,tracker_no_s338_2026-08-24
2026-03-09,UK,7.840508799048681,uk,1,tracker_no_s338_2026-08-24
2026-03-10,Canada,5.588308288034597,ca,1,tracker_no_s338_2026-08-24
2026-03-10,China,23.673413636891755,chn,1,tracker_no_s338_2026-08-24
2026-03-10,EU,9.334393445173164,eu,1,tracker_no_s338_2026-08-24
2026-03-10,Free-trade partners,9.342092300154421,fta,1,tracker_no_s338_2026-08-24
2026-03-10,Japan,12.71735200337373,jp,1,tracker_no_s338_2026-08-24
2026-03-10,Mexico,6.639983255078681,mx,1,tracker_no_s338_2026-08-24
2026-03-10,Rest of World,9.97840294106633,row,1,tracker_no_s338_2026-08-24
2026-03-10,UK,7.840508799048681,uk,1,tracker_no_s338_2026-08-24
2026-03-11,Canada,5.588308288034597,ca,1,tracker_no_s338_2026-08-24
2026-03-11,China,23.673413636891755,chn,1,tracker_no_s338_2026-08-24
2026-03-11,EU,9.334393445173164,eu,1,tracker_no_s338_2026-08-24
2026-03-11,Free-trade partners,9.342092300154421,fta,1,tracker_no_s338_2026-08-24
2026-03-11,Japan,12.71735200337373,jp,1,tracker_no_s338_2026-08-24
2026-03-11,Mexico,6.639983255078681,mx,1,tracker_no_s338_2026-08-24
2026-03-11,Rest of World,9.97840294106633,row,1,tracker_no_s338_2026-08-24
2026-03-11,UK,7.840508799048681,uk,1,tracker_no_s338_2026-08-24
2026-03-12,Canada,5.588308288034597,ca,1,tracker_no_s338_2026-08-24
2026-03-12,China,23.673413636891755,chn,1,tracker_no_s338_2026-08-24
2026-03-12,EU,9.334393445173164,eu,1,tracker_no_s338_2026-08-24
2026-03-12,Free-trade partners,9.342092300154421,fta,1,tracker_no_s338_2026-08-24
2026-03-12,Japan,12.71735200337373,jp,1,tracker_no_s338_2026-08-24
2026-03-12,Mexico,6.639983255078681,mx,1,tracker_no_s338_2026-08-24
2026-03-12,Rest of World,9.97840294106633,row,1,tracker_no_s338_2026-08-24
2026-03-12,UK,7.840508799048681,uk,1,tracker_no_s338_2026-08-24
2026-03-13,Canada,5.588308288034597,ca,1,tracker_no_s338_2026-08-24
2026-03-13,China,23.673413636891755,chn,1,tracker_no_s338_2026-08-24
2026-03-13,EU,9.334393445173164,eu,1,tracker_no_s338_2026-08-24
2026-03-13,Free-trade partners,9.342092300154421,fta,1,tracker_no_s338_2026-08-24
2026-03-13,Japan,12.71735200337373,jp,1,tracker_no_s338_2026-08-24
2026-03-13,Mexico,6.639983255078681,mx,1,tracker_no_s338_2026-08-24
2026-03-13,Rest of World,9.97840294106633,row,1,tracker_no_s338_2026-08-24
2026-03-13,UK,7.840508799048681,uk,1,tracker_no_s338_2026-08-24
2026-03-14,Canada,5.588308288034597,ca,1,tracker_no_s338_2026-08-24
2026-03-14,China,23.673413636891755,chn,1,tracker_no_s338_2026-08-24
2026-03-14,EU,9.334393445173164,eu,1,tracker_no_s338_2026-08-24
2026-03-14,Free-trade partners,9.342092300154421,fta,1,tracker_no_s338_2026-08-24
2026-03-14,Japan,12.71735200337373,jp,1,tracker_no_s338_2026-08-24
2026-03-14,Mexico,6.639983255078681,mx,1,tracker_no_s338_2026-08-24
2026-03-14,Rest of World,9.97840294106633,row,1,tracker_no_s338_2026-08-24
2026-03-14,UK,7.840508799048681,uk,1,tracker_no_s338_2026-08-24
2026-03-15,Canada,5.588308288034597,ca,1,tracker_no_s338_2026-08-24
2026-03-15,China,23.673413636891755,chn,1,tracker_no_s338_2026-08-24
2026-03-15,EU,9.334393445173164,eu,1,tracker_no_s338_2026-08-24
2026-03-15,Free-trade partners,9.342092300154421,fta,1,tracker_no_s338_2026-08-24
2026-03-15,Japan,12.71735200337373,jp,1,tracker_no_s338_2026-08-24
2026-03-15,Mexico,6.639983255078681,mx,1,tracker_no_s338_2026-08-24
2026-03-15,Rest of World,9.97840294106633,row,1,tracker_no_s338_2026-08-24
2026-03-15,UK,7.840508799048681,uk,1,tracker_no_s338_2026-08-24
2026-03-16,Canada,5.588308288034597,ca,1,tracker_no_s338_2026-08-24
2026-03-16,China,23.673413636891755,chn,1,tracker_no_s338_2026-08-24
2026-03-16,EU,9.334393445173164,eu,1,tracker_no_s338_2026-08-24
2026-03-16,Free-trade partners,9.342092300154421,fta,1,tracker_no_s338_2026-08-24
2026-03-16,Japan,12.71735200337373,jp,1,tracker_no_s338_2026-08-24
2026-03-16,Mexico,6.639983255078681,mx,1,tracker_no_s338_2026-08-24
2026-03-16,Rest of World,9.97840294106633,row,1,tracker_no_s338_2026-08-24
2026-03-16,UK,7.840508799048681,uk,1,tracker_no_s338_2026-08-24
2026-03-17,Canada,5.588308288034597,ca,1,tracker_no_s338_2026-08-24
2026-03-17,China,23.673413636891755,chn,1,tracker_no_s338_2026-08-24
2026-03-17,EU,9.334393445173164,eu,1,tracker_no_s338_2026-08-24
2026-03-17,Free-trade partners,9.342092300154421,fta,1,tracker_no_s338_2026-08-24
2026-03-17,Japan,12.71735200337373,jp,1,tracker_no_s338_2026-08-24
2026-03-17,Mexico,6.639983255078681,mx,1,tracker_no_s338_2026-08-24
2026-03-17,Rest of World,9.97840294106633,row,1,tracker_no_s338_2026-08-24
2026-03-17,UK,7.840508799048681,uk,1,tracker_no_s338_2026-08-24
2026-03-18,Canada,5.588308288034597,ca,1,tracker_no_s338_2026-08-24
2026-03-18,China,23.673413636891755,chn,1,tracker_no_s338_2026-08-24
2026-03-18,EU,9.334393445173164,eu,1,tracker_no_s338_2026-08-24
2026-03-18,Free-trade partners,9.342092300154421,fta,1,tracker_no_s338_2026-08-24
2026-03-18,Japan,12.71735200337373,jp,1,tracker_no_s338_2026-08-24
2026-03-18,Mexico,6.639983255078681,mx,1,tracker_no_s338_2026-08-24
2026-03-18,Rest of World,9.97840294106633,row,1,tracker_no_s338_2026-08-24
2026-03-18,UK,7.840508799048681,uk,1,tracker_no_s338_2026-08-24
2026-03-19,Canada,5.588308288034597,ca,1,tracker_no_s338_2026-08-24
2026-03-19,China,23.673413636891755,chn,1,tracker_no_s338_2026-08-24
2026-03-19,EU,9.334393445173164,eu,1,tracker_no_s338_2026-08-24
2026-03-19,Free-trade partners,9.342092300154421,fta,1,tracker_no_s338_2026-08-24
2026-03-19,Japan,12.71735200337373,jp,1,tracker_no_s338_2026-08-24
2026-03-19,Mexico,6.639983255078681,mx,1,tracker_no_s338_2026-08-24
2026-03-19,Rest of World,9.97840294106633,row,1,tracker_no_s338_2026-08-24
2026-03-19,UK,7.840508799048681,uk,1,tracker_no_s338_2026-08-24
2026-03-20,Canada,5.588308288034597,ca,1,tracker_no_s338_2026-08-24
2026-03-20,China,23.673413636891755,chn,1,tracker_no_s338_2026-08-24
2026-03-20,EU,9.334393445173164,eu,1,tracker_no_s338_2026-08-24
2026-03-20,Free-trade partners,9.342092300154421,fta,1,tracker_no_s338_2026-08-24
2026-03-20,Japan,12.71735200337373,jp,1,tracker_no_s338_2026-08-24
2026-03-20,Mexico,6.639983255078681,mx,1,tracker_no_s338_2026-08-24
2026-03-20,Rest of World,9.97840294106633,row,1,tracker_no_s338_2026-08-24
2026-03-20,UK,7.840508799048681,uk,1,tracker_no_s338_2026-08-24
2026-03-21,Canada,5.588308288034597,ca,1,tracker_no_s338_2026-08-24
2026-03-21,China,23.673413636891755,chn,1,tracker_no_s338_2026-08-24
2026-03-21,EU,9.334393445173164,eu,1,tracker_no_s338_2026-08-24
2026-03-21,Free-trade partners,9.342092300154421,fta,1,tracker_no_s338_2026-08-24
2026-03-21,Japan,12.71735200337373,jp,1,tracker_no_s338_2026-08-24
2026-03-21,Mexico,6.639983255078681,mx,1,tracker_no_s338_2026-08-24
2026-03-21,Rest of World,9.97840294106633,row,1,tracker_no_s338_2026-08-24
2026-03-21,UK,7.840508799048681,uk,1,tracker_no_s338_2026-08-24
2026-03-22,Canada,5.588308288034597,ca,1,tracker_no_s338_2026-08-24
2026-03-22,China,23.673413636891755,chn,1,tracker_no_s338_2026-08-24
2026-03-22,EU,9.334393445173164,eu,1,tracker_no_s338_2026-08-24
2026-03-22,Free-trade partners,9.342092300154421,fta,1,tracker_no_s338_2026-08-24
2026-03-22,Japan,12.71735200337373,jp,1,tracker_no_s338_2026-08-24
2026-03-22,Mexico,6.639983255078681,mx,1,tracker_no_s338_2026-08-24
2026-03-22,Rest of World,9.97840294106633,row,1,tracker_no_s338_2026-08-24
2026-03-22,UK,7.840508799048681,uk,1,tracker_no_s338_2026-08-24
2026-03-23,Canada,5.588308288034597,ca,1,tracker_no_s338_2026-08-24
2026-03-23,China,23.673413636891755,chn,1,tracker_no_s338_2026-08-24
2026-03-23,EU,9.334393445173164,eu,1,tracker_no_s338_2026-08-24
2026-03-23,Free-trade partners,9.342092300154421,fta,1,tracker_no_s338_2026-08-24
2026-03-23,Japan,12.71735200337373,jp,1,tracker_no_s338_2026-08-24
2026-03-23,Mexico,6.639983255078681,mx,1,tracker_no_s338_2026-08-24
2026-03-23,Rest of World,9.97840294106633,row,1,tracker_no_s338_2026-08-24
2026-03-23,UK,7.840508799048681,uk,1,tracker_no_s338_2026-08-24
2026-03-24,Canada,5.588308288034597,ca,1,tracker_no_s338_2026-08-24
2026-03-24,China,23.673413636891755,chn,1,tracker_no_s338_2026-08-24
2026-03-24,EU,9.334393445173164,eu,1,tracker_no_s338_2026-08-24
2026-03-24,Free-trade partners,9.342092300154421,fta,1,tracker_no_s338_2026-08-24
2026-03-24,Japan,12.71735200337373,jp,1,tracker_no_s338_2026-08-24
2026-03-24,Mexico,6.639983255078681,mx,1,tracker_no_s338_2026-08-24
2026-03-24,Rest of World,9.97840294106633,row,1,tracker_no_s338_2026-08-24
2026-03-24,UK,7.840508799048681,uk,1,tracker_no_s338_2026-08-24
2026-03-25,Canada,5.588308288034597,ca,1,tracker_no_s338_2026-08-24
2026-03-25,China,23.673413636891755,chn,1,tracker_no_s338_2026-08-24
2026-03-25,EU,9.334393445173164,eu,1,tracker_no_s338_2026-08-24
2026-03-25,Free-trade partners,9.342092300154421,fta,1,tracker_no_s338_2026-08-24
2026-03-25,Japan,12.71735200337373,jp,1,tracker_no_s338_2026-08-24
2026-03-25,Mexico,6.639983255078681,mx,1,tracker_no_s338_2026-08-24
2026-03-25,Rest of World,9.97840294106633,row,1,tracker_no_s338_2026-08-24
2026-03-25,UK,7.840508799048681,uk,1,tracker_no_s338_2026-08-24
2026-03-26,Canada,5.588308288034597,ca,1,tracker_no_s338_2026-08-24
2026-03-26,China,23.673413636891755,chn,1,tracker_no_s338_2026-08-24
2026-03-26,EU,9.334393445173164,eu,1,tracker_no_s338_2026-08-24
2026-03-26,Free-trade partners,9.342092300154421,fta,1,tracker_no_s338_2026-08-24
2026-03-26,Japan,12.71735200337373,jp,1,tracker_no_s338_2026-08-24
2026-03-26,Mexico,6.639983255078681,mx,1,tracker_no_s338_2026-08-24
2026-03-26,Rest of World,9.97840294106633,row,1,tracker_no_s338_2026-08-24
2026-03-26,UK,7.840508799048681,uk,1,tracker_no_s338_2026-08-24
2026-03-27,Canada,5.588308288034597,ca,1,tracker_no_s338_2026-08-24
2026-03-27,China,23.673413636891755,chn,1,tracker_no_s338_2026-08-24
2026-03-27,EU,9.334393445173164,eu,1,tracker_no_s338_2026-08-24
2026-03-27,Free-trade partners,9.342092300154421,fta,1,tracker_no_s338_2026-08-24
2026-03-27,Japan,12.71735200337373,jp,1,tracker_no_s338_2026-08-24
2026-03-27,Mexico,6.639983255078681,mx,1,tracker_no_s338_2026-08-24
2026-03-27,Rest of World,9.97840294106633,row,1,tracker_no_s338_2026-08-24
2026-03-27,UK,7.840508799048681,uk,1,tracker_no_s338_2026-08-24
2026-03-28,Canada,5.588308288034597,ca,1,tracker_no_s338_2026-08-24
2026-03-28,China,23.673413636891755,chn,1,tracker_no_s338_2026-08-24
2026-03-28,EU,9.334393445173164,eu,1,tracker_no_s338_2026-08-24
2026-03-28,Free-trade partners,9.342092300154421,fta,1,tracker_no_s338_2026-08-24
2026-03-28,Japan,12.71735200337373,jp,1,tracker_no_s338_2026-08-24
2026-03-28,Mexico,6.639983255078681,mx,1,tracker_no_s338_2026-08-24
2026-03-28,Rest of World,9.97840294106633,row,1,tracker_no_s338_2026-08-24
2026-03-28,UK,7.840508799048681,uk,1,tracker_no_s338_2026-08-24
2026-03-29,Canada,5.588308288034597,ca,1,tracker_no_s338_2026-08-24
2026-03-29,China,23.673413636891755,chn,1,tracker_no_s338_2026-08-24
2026-03-29,EU,9.334393445173164,eu,1,tracker_no_s338_2026-08-24
2026-03-29,Free-trade partners,9.342092300154421,fta,1,tracker_no_s338_2026-08-24
2026-03-29,Japan,12.71735200337373,jp,1,tracker_no_s338_2026-08-24
2026-03-29,Mexico,6.639983255078681,mx,1,tracker_no_s338_2026-08-24
2026-03-29,Rest of World,9.97840294106633,row,1,tracker_no_s338_2026-08-24
2026-03-29,UK,7.840508799048681,uk,1,tracker_no_s338_2026-08-24
2026-03-30,Canada,5.588308288034597,ca,1,tracker_no_s338_2026-08-24
2026-03-30,China,23.673413636891755,chn,1,tracker_no_s338_2026-08-24
2026-03-30,EU,9.334393445173164,eu,1,tracker_no_s338_2026-08-24
2026-03-30,Free-trade partners,9.342092300154421,fta,1,tracker_no_s338_2026-08-24
2026-03-30,Japan,12.71735200337373,jp,1,tracker_no_s338_2026-08-24
2026-03-30,Mexico,6.639983255078681,mx,1,tracker_no_s338_2026-08-24
2026-03-30,Rest of World,9.97840294106633,row,1,tracker_no_s338_2026-08-24
2026-03-30,UK,7.840508799048681,uk,1,tracker_no_s338_2026-08-24
2026-03-31,Canada,5.588308288034597,ca,1,tracker_no_s338_2026-08-24
2026-03-31,China,23.673413636891755,chn,1,tracker_no_s338_2026-08-24
2026-03-31,EU,9.334393445173164,eu,1,tracker_no_s338_2026-08-24
2026-03-31,Free-trade partners,9.342092300154421,fta,1,tracker_no_s338_2026-08-24
2026-03-31,Japan,12.71735200337373,jp,1,tracker_no_s338_2026-08-24
2026-03-31,Mexico,6.639983255078681,mx,1,tracker_no_s338_2026-08-24
2026-03-31,Rest of World,9.97840294106633,row,1,tracker_no_s338_2026-08-24
2026-03-31,UK,7.840508799048681,uk,1,tracker_no_s338_2026-08-24
2026-04-01,Canada,5.588308288034597,ca,1,tracker_no_s338_2026-08-24
2026-04-01,China,23.673413636891755,chn,1,tracker_no_s338_2026-08-24
2026-04-01,EU,9.334393445173164,eu,1,tracker_no_s338_2026-08-24
2026-04-01,Free-trade partners,9.342092300154421,fta,1,tracker_no_s338_2026-08-24
2026-04-01,Japan,12.71735200337373,jp,1,tracker_no_s338_2026-08-24
2026-04-01,Mexico,6.639983255078681,mx,1,tracker_no_s338_2026-08-24
2026-04-01,Rest of World,9.97840294106633,row,1,tracker_no_s338_2026-08-24
2026-04-01,UK,7.840508799048681,uk,1,tracker_no_s338_2026-08-24
2026-04-02,Canada,5.588308288034597,ca,1,tracker_no_s338_2026-08-24
2026-04-02,China,23.673413636891755,chn,1,tracker_no_s338_2026-08-24
2026-04-02,EU,9.334393445173164,eu,1,tracker_no_s338_2026-08-24
2026-04-02,Free-trade partners,9.342092300154421,fta,1,tracker_no_s338_2026-08-24
2026-04-02,Japan,12.71735200337373,jp,1,tracker_no_s338_2026-08-24
2026-04-02,Mexico,6.639983255078681,mx,1,tracker_no_s338_2026-08-24
2026-04-02,Rest of World,9.97840294106633,row,1,tracker_no_s338_2026-08-24
2026-04-02,UK,7.840508799048681,uk,1,tracker_no_s338_2026-08-24
2026-04-03,Canada,5.588308288034597,ca,1,tracker_no_s338_2026-08-24
2026-04-03,China,23.673413636891755,chn,1,tracker_no_s338_2026-08-24
2026-04-03,EU,9.334393445173164,eu,1,tracker_no_s338_2026-08-24
2026-04-03,Free-trade partners,9.342092300154421,fta,1,tracker_no_s338_2026-08-24
2026-04-03,Japan,12.71735200337373,jp,1,tracker_no_s338_2026-08-24
2026-04-03,Mexico,6.639983255078681,mx,1,tracker_no_s338_2026-08-24
2026-04-03,Rest of World,9.97840294106633,row,1,tracker_no_s338_2026-08-24
2026-04-03,UK,7.840508799048681,uk,1,tracker_no_s338_2026-08-24
2026-04-04,Canada,5.588308288034597,ca,1,tracker_no_s338_2026-08-24
2026-04-04,China,23.673413636891755,chn,1,tracker_no_s338_2026-08-24
2026-04-04,EU,9.334393445173164,eu,1,tracker_no_s338_2026-08-24
2026-04-04,Free-trade partners,9.342092300154421,fta,1,tracker_no_s338_2026-08-24
2026-04-04,Japan,12.71735200337373,jp,1,tracker_no_s338_2026-08-24
2026-04-04,Mexico,6.639983255078681,mx,1,tracker_no_s338_2026-08-24
2026-04-04,Rest of World,9.97840294106633,row,1,tracker_no_s338_2026-08-24
2026-04-04,UK,7.840508799048681,uk,1,tracker_no_s338_2026-08-24
2026-04-05,Canada,5.588308288034597,ca,1,tracker_no_s338_2026-08-24
2026-04-05,China,23.673413636891755,chn,1,tracker_no_s338_2026-08-24
2026-04-05,EU,9.334393445173164,eu,1,tracker_no_s338_2026-08-24
2026-04-05,Free-trade partners,9.342092300154421,fta,1,tracker_no_s338_2026-08-24
2026-04-05,Japan,12.71735200337373,jp,1,tracker_no_s338_2026-08-24
2026-04-05,Mexico,6.639983255078681,mx,1,tracker_no_s338_2026-08-24
2026-04-05,Rest of World,9.97840294106633,row,1,tracker_no_s338_2026-08-24
2026-04-05,UK,7.840508799048681,uk,1,tracker_no_s338_2026-08-24
2026-04-06,Canada,5.341334555242383,ca,1,tracker_no_s338_2026-08-24
2026-04-06,China,25.941243224991045,chn,1,tracker_no_s338_2026-08-24
2026-04-06,EU,9.444465493387963,eu,1,tracker_no_s338_2026-08-24
2026-04-06,Free-trade partners,9.52591886514845,fta,1,tracker_no_s338_2026-08-24
2026-04-06,Japan,13.682218596169315,jp,1,tracker_no_s338_2026-08-24
2026-04-06,Mexico,6.970467294227258,mx,1,tracker_no_s338_2026-08-24
2026-04-06,Rest of World,11.029384225094422,row,1,tracker_no_s338_2026-08-24
2026-04-06,UK,8.107574286220483,uk,1,tracker_no_s338_2026-08-24
2026-04-07,Canada,5.341334555242383,ca,1,tracker_no_s338_2026-08-24
2026-04-07,China,25.941243224991045,chn,1,tracker_no_s338_2026-08-24
2026-04-07,EU,9.444465493387963,eu,1,tracker_no_s338_2026-08-24
2026-04-07,Free-trade partners,9.52591886514845,fta,1,tracker_no_s338_2026-08-24
2026-04-07,Japan,13.682218596169315,jp,1,tracker_no_s338_2026-08-24
2026-04-07,Mexico,6.970467294227258,mx,1,tracker_no_s338_2026-08-24
2026-04-07,Rest of World,11.029384225094422,row,1,tracker_no_s338_2026-08-24
2026-04-07,UK,8.107574286220483,uk,1,tracker_no_s338_2026-08-24
2026-04-08,Canada,5.341334555242383,ca,1,tracker_no_s338_2026-08-24
2026-04-08,China,25.941243224991045,chn,1,tracker_no_s338_2026-08-24
2026-04-08,EU,9.444465493387963,eu,1,tracker_no_s338_2026-08-24
2026-04-08,Free-trade partners,9.52591886514845,fta,1,tracker_no_s338_2026-08-24
2026-04-08,Japan,13.682218596169315,jp,1,tracker_no_s338_2026-08-24
2026-04-08,Mexico,6.970467294227258,mx,1,tracker_no_s338_2026-08-24
2026-04-08,Rest of World,11.029384225094422,row,1,tracker_no_s338_2026-08-24
2026-04-08,UK,8.107574286220483,uk,1,tracker_no_s338_2026-08-24
2026-04-09,Canada,5.341334555242383,ca,1,tracker_no_s338_2026-08-24
2026-04-09,China,25.941243224991045,chn,1,tracker_no_s338_2026-08-24
2026-04-09,EU,9.444465493387963,eu,1,tracker_no_s338_2026-08-24
2026-04-09,Free-trade partners,9.52591886514845,fta,1,tracker_no_s338_2026-08-24
2026-04-09,Japan,13.682218596169315,jp,1,tracker_no_s338_2026-08-24
2026-04-09,Mexico,6.970467294227258,mx,1,tracker_no_s338_2026-08-24
2026-04-09,Rest of World,11.029384225094422,row,1,tracker_no_s338_2026-08-24
2026-04-09,UK,8.107574286220483,uk,1,tracker_no_s338_2026-08-24
2026-04-10,Canada,5.341334555242383,ca,1,tracker_no_s338_2026-08-24
2026-04-10,China,25.941243224991045,chn,1,tracker_no_s338_2026-08-24
2026-04-10,EU,9.444465493387963,eu,1,tracker_no_s338_2026-08-24
2026-04-10,Free-trade partners,9.52591886514845,fta,1,tracker_no_s338_2026-08-24
2026-04-10,Japan,13.682218596169315,jp,1,tracker_no_s338_2026-08-24
2026-04-10,Mexico,6.970467294227258,mx,1,tracker_no_s338_2026-08-24
2026-04-10,Rest of World,11.029384225094422,row,1,tracker_no_s338_2026-08-24
2026-04-10,UK,8.107574286220483,uk,1,tracker_no_s338_2026-08-24
2026-04-11,Canada,5.341334555242383,ca,1,tracker_no_s338_2026-08-24
2026-04-11,China,25.941243224991045,chn,1,tracker_no_s338_2026-08-24
2026-04-11,EU,9.444465493387963,eu,1,tracker_no_s338_2026-08-24
2026-04-11,Free-trade partners,9.52591886514845,fta,1,tracker_no_s338_2026-08-24
2026-04-11,Japan,13.682218596169315,jp,1,tracker_no_s338_2026-08-24
2026-04-11,Mexico,6.970467294227258,mx,1,tracker_no_s338_2026-08-24
2026-04-11,Rest of World,11.029384225094422,row,1,tracker_no_s338_2026-08-24
2026-04-11,UK,8.107574286220483,uk,1,tracker_no_s338_2026-08-24
2026-04-12,Canada,5.341334555242383,ca,1,tracker_no_s338_2026-08-24
2026-04-12,China,25.941243224991045,chn,1,tracker_no_s338_2026-08-24
2026-04-12,EU,9.444465493387963,eu,1,tracker_no_s338_2026-08-24
2026-04-12,Free-trade partners,9.52591886514845,fta,1,tracker_no_s338_2026-08-24
2026-04-12,Japan,13.682218596169315,jp,1,tracker_no_s338_2026-08-24
2026-04-12,Mexico,6.970467294227258,mx,1,tracker_no_s338_2026-08-24
2026-04-12,Rest of World,11.029384225094422,row,1,tracker_no_s338_2026-08-24
2026-04-12,UK,8.107574286220483,uk,1,tracker_no_s338_2026-08-24
2026-04-13,Canada,5.341334555242383,ca,1,tracker_no_s338_2026-08-24
2026-04-13,China,25.941243224991045,chn,1,tracker_no_s338_2026-08-24
2026-04-13,EU,9.444465493387963,eu,1,tracker_no_s338_2026-08-24
2026-04-13,Free-trade partners,9.52591886514845,fta,1,tracker_no_s338_2026-08-24
2026-04-13,Japan,13.682218596169315,jp,1,tracker_no_s338_2026-08-24
2026-04-13,Mexico,6.970467294227258,mx,1,tracker_no_s338_2026-08-24
2026-04-13,Rest of World,11.029384225094422,row,1,tracker_no_s338_2026-08-24
2026-04-13,UK,8.107574286220483,uk,1,tracker_no_s338_2026-08-24
2026-04-14,Canada,5.341334555242383,ca,1,tracker_no_s338_2026-08-24
2026-04-14,China,25.941243224991045,chn,1,tracker_no_s338_2026-08-24
2026-04-14,EU,9.444465493387963,eu,1,tracker_no_s338_2026-08-24
2026-04-14,Free-trade partners,9.52591886514845,fta,1,tracker_no_s338_2026-08-24
2026-04-14,Japan,13.682218596169315,jp,1,tracker_no_s338_2026-08-24
2026-04-14,Mexico,6.970467294227258,mx,1,tracker_no_s338_2026-08-24
2026-04-14,Rest of World,11.029384225094422,row,1,tracker_no_s338_2026-08-24
2026-04-14,UK,8.107574286220483,uk,1,tracker_no_s338_2026-08-24
2026-04-15,Canada,5.341334555242383,ca,1,tracker_no_s338_2026-08-24
2026-04-15,China,25.941243224991045,chn,1,tracker_no_s338_2026-08-24
2026-04-15,EU,9.444465493387963,eu,1,tracker_no_s338_2026-08-24
2026-04-15,Free-trade partners,9.52591886514845,fta,1,tracker_no_s338_2026-08-24
2026-04-15,Japan,13.682218596169315,jp,1,tracker_no_s338_2026-08-24
2026-04-15,Mexico,6.970467294227258,mx,1,tracker_no_s338_2026-08-24
2026-04-15,Rest of World,11.029384225094422,row,1,tracker_no_s338_2026-08-24
2026-04-15,UK,8.107574286220483,uk,1,tracker_no_s338_2026-08-24
2026-04-16,Canada,5.341334555242383,ca,1,tracker_no_s338_2026-08-24
2026-04-16,China,25.941243224991045,chn,1,tracker_no_s338_2026-08-24
2026-04-16,EU,9.444465493387963,eu,1,tracker_no_s338_2026-08-24
2026-04-16,Free-trade partners,9.52591886514845,fta,1,tracker_no_s338_2026-08-24
2026-04-16,Japan,13.682218596169315,jp,1,tracker_no_s338_2026-08-24
2026-04-16,Mexico,6.970467294227258,mx,1,tracker_no_s338_2026-08-24
2026-04-16,Rest of World,11.029384225094422,row,1,tracker_no_s338_2026-08-24
2026-04-16,UK,8.107574286220483,uk,1,tracker_no_s338_2026-08-24
2026-04-17,Canada,5.341334555242383,ca,1,tracker_no_s338_2026-08-24
2026-04-17,China,25.941243224991045,chn,1,tracker_no_s338_2026-08-24
2026-04-17,EU,9.444465493387963,eu,1,tracker_no_s338_2026-08-24
2026-04-17,Free-trade partners,9.52591886514845,fta,1,tracker_no_s338_2026-08-24
2026-04-17,Japan,13.682218596169315,jp,1,tracker_no_s338_2026-08-24
2026-04-17,Mexico,6.970467294227258,mx,1,tracker_no_s338_2026-08-24
2026-04-17,Rest of World,11.029384225094422,row,1,tracker_no_s338_2026-08-24
2026-04-17,UK,8.107574286220483,uk,1,tracker_no_s338_2026-08-24
2026-04-18,Canada,5.341334555242383,ca,1,tracker_no_s338_2026-08-24
2026-04-18,China,25.941243224991045,chn,1,tracker_no_s338_2026-08-24
2026-04-18,EU,9.444465493387963,eu,1,tracker_no_s338_2026-08-24
2026-04-18,Free-trade partners,9.52591886514845,fta,1,tracker_no_s338_2026-08-24
2026-04-18,Japan,13.682218596169315,jp,1,tracker_no_s338_2026-08-24
2026-04-18,Mexico,6.970467294227258,mx,1,tracker_no_s338_2026-08-24
2026-04-18,Rest of World,11.029384225094422,row,1,tracker_no_s338_2026-08-24
2026-04-18,UK,8.107574286220483,uk,1,tracker_no_s338_2026-08-24
2026-04-19,Canada,5.341334555242383,ca,1,tracker_no_s338_2026-08-24
2026-04-19,China,25.941243224991045,chn,1,tracker_no_s338_2026-08-24
2026-04-19,EU,9.444465493387963,eu,1,tracker_no_s338_2026-08-24
2026-04-19,Free-trade partners,9.52591886514845,fta,1,tracker_no_s338_2026-08-24
2026-04-19,Japan,13.682218596169315,jp,1,tracker_no_s338_2026-08-24
2026-04-19,Mexico,6.970467294227258,mx,1,tracker_no_s338_2026-08-24
2026-04-19,Rest of World,11.029384225094422,row,1,tracker_no_s338_2026-08-24
2026-04-19,UK,8.107574286220483,uk,1,tracker_no_s338_2026-08-24
2026-04-20,Canada,5.341334555242383,ca,1,tracker_no_s338_2026-08-24
2026-04-20,China,25.941243224991045,chn,1,tracker_no_s338_2026-08-24
2026-04-20,EU,9.444465493387963,eu,1,tracker_no_s338_2026-08-24
2026-04-20,Free-trade partners,9.52591886514845,fta,1,tracker_no_s338_2026-08-24
2026-04-20,Japan,13.682218596169315,jp,1,tracker_no_s338_2026-08-24
2026-04-20,Mexico,6.970467294227258,mx,1,tracker_no_s338_2026-08-24
2026-04-20,Rest of World,11.029384225094422,row,1,tracker_no_s338_2026-08-24
2026-04-20,UK,8.107574286220483,uk,1,tracker_no_s338_2026-08-24
2026-04-21,Canada,5.341334555242383,ca,1,tracker_no_s338_2026-08-24
2026-04-21,China,25.941243224991045,chn,1,tracker_no_s338_2026-08-24
2026-04-21,EU,9.444465493387963,eu,1,tracker_no_s338_2026-08-24
2026-04-21,Free-trade partners,9.52591886514845,fta,1,tracker_no_s338_2026-08-24
2026-04-21,Japan,13.682218596169315,jp,1,tracker_no_s338_2026-08-24
2026-04-21,Mexico,6.970467294227258,mx,1,tracker_no_s338_2026-08-24
2026-04-21,Rest of World,11.029384225094422,row,1,tracker_no_s338_2026-08-24
2026-04-21,UK,8.107574286220483,uk,1,tracker_no_s338_2026-08-24
2026-04-22,Canada,5.341334555242383,ca,1,tracker_no_s338_2026-08-24
2026-04-22,China,25.941243224991045,chn,1,tracker_no_s338_2026-08-24
2026-04-22,EU,9.444465493387963,eu,1,tracker_no_s338_2026-08-24
2026-04-22,Free-trade partners,9.52591886514845,fta,1,tracker_no_s338_2026-08-24
2026-04-22,Japan,13.682218596169315,jp,1,tracker_no_s338_2026-08-24
2026-04-22,Mexico,6.970467294227258,mx,1,tracker_no_s338_2026-08-24
2026-04-22,Rest of World,11.029384225094422,row,1,tracker_no_s338_2026-08-24
2026-04-22,UK,8.107574286220483,uk,1,tracker_no_s338_2026-08-24
2026-04-23,Canada,5.341334555242383,ca,1,tracker_no_s338_2026-08-24
2026-04-23,China,25.941243224991045,chn,1,tracker_no_s338_2026-08-24
2026-04-23,EU,9.444465493387963,eu,1,tracker_no_s338_2026-08-24
2026-04-23,Free-trade partners,9.52591886514845,fta,1,tracker_no_s338_2026-08-24
2026-04-23,Japan,13.682218596169315,jp,1,tracker_no_s338_2026-08-24
2026-04-23,Mexico,6.970467294227258,mx,1,tracker_no_s338_2026-08-24
2026-04-23,Rest of World,11.029384225094422,row,1,tracker_no_s338_2026-08-24
2026-04-23,UK,8.107574286220483,uk,1,tracker_no_s338_2026-08-24
2026-04-24,Canada,5.341334555242383,ca,1,tracker_no_s338_2026-08-24
2026-04-24,China,25.941243224991045,chn,1,tracker_no_s338_2026-08-24
2026-04-24,EU,9.444465493387963,eu,1,tracker_no_s338_2026-08-24
2026-04-24,Free-trade partners,9.52591886514845,fta,1,tracker_no_s338_2026-08-24
2026-04-24,Japan,13.682218596169315,jp,1,tracker_no_s338_2026-08-24
2026-04-24,Mexico,6.970467294227258,mx,1,tracker_no_s338_2026-08-24
2026-04-24,Rest of World,11.029384225094422,row,1,tracker_no_s338_2026-08-24
2026-04-24,UK,8.107574286220483,uk,1,tracker_no_s338_2026-08-24
2026-04-25,Canada,5.341334555242383,ca,1,tracker_no_s338_2026-08-24
2026-04-25,China,25.941243224991045,chn,1,tracker_no_s338_2026-08-24
2026-04-25,EU,9.444465493387963,eu,1,tracker_no_s338_2026-08-24
2026-04-25,Free-trade partners,9.52591886514845,fta,1,tracker_no_s338_2026-08-24
2026-04-25,Japan,13.682218596169315,jp,1,tracker_no_s338_2026-08-24
2026-04-25,Mexico,6.970467294227258,mx,1,tracker_no_s338_2026-08-24
2026-04-25,Rest of World,11.029384225094422,row,1,tracker_no_s338_2026-08-24
2026-04-25,UK,8.107574286220483,uk,1,tracker_no_s338_2026-08-24
2026-04-26,Canada,5.341334555242383,ca,1,tracker_no_s338_2026-08-24
2026-04-26,China,25.941243224991045,chn,1,tracker_no_s338_2026-08-24
2026-04-26,EU,9.444465493387963,eu,1,tracker_no_s338_2026-08-24
2026-04-26,Free-trade partners,9.52591886514845,fta,1,tracker_no_s338_2026-08-24
2026-04-26,Japan,13.682218596169315,jp,1,tracker_no_s338_2026-08-24
2026-04-26,Mexico,6.970467294227258,mx,1,tracker_no_s338_2026-08-24
2026-04-26,Rest of World,11.029384225094422,row,1,tracker_no_s338_2026-08-24
2026-04-26,UK,8.107574286220483,uk,1,tracker_no_s338_2026-08-24
2026-04-27,Canada,5.341334555242383,ca,1,tracker_no_s338_2026-08-24
2026-04-27,China,25.941243224991045,chn,1,tracker_no_s338_2026-08-24
2026-04-27,EU,9.444465493387963,eu,1,tracker_no_s338_2026-08-24
2026-04-27,Free-trade partners,9.52591886514845,fta,1,tracker_no_s338_2026-08-24
2026-04-27,Japan,13.682218596169315,jp,1,tracker_no_s338_2026-08-24
2026-04-27,Mexico,6.970467294227258,mx,1,tracker_no_s338_2026-08-24
2026-04-27,Rest of World,11.029384225094422,row,1,tracker_no_s338_2026-08-24
2026-04-27,UK,8.107574286220483,uk,1,tracker_no_s338_2026-08-24
2026-04-28,Canada,5.341334555242383,ca,1,tracker_no_s338_2026-08-24
2026-04-28,China,25.941243224991045,chn,1,tracker_no_s338_2026-08-24
2026-04-28,EU,9.444465493387963,eu,1,tracker_no_s338_2026-08-24
2026-04-28,Free-trade partners,9.52591886514845,fta,1,tracker_no_s338_2026-08-24
2026-04-28,Japan,13.682218596169315,jp,1,tracker_no_s338_2026-08-24
2026-04-28,Mexico,6.970467294227258,mx,1,tracker_no_s338_2026-08-24
2026-04-28,Rest of World,11.029384225094422,row,1,tracker_no_s338_2026-08-24
2026-04-28,UK,8.107574286220483,uk,1,tracker_no_s338_2026-08-24
2026-04-29,Canada,5.341334555242383,ca,1,tracker_no_s338_2026-08-24
2026-04-29,China,25.941243224991045,chn,1,tracker_no_s338_2026-08-24
2026-04-29,EU,9.444465493387963,eu,1,tracker_no_s338_2026-08-24
2026-04-29,Free-trade partners,9.52591886514845,fta,1,tracker_no_s338_2026-08-24
2026-04-29,Japan,13.682218596169315,jp,1,tracker_no_s338_2026-08-24
2026-04-29,Mexico,6.970467294227258,mx,1,tracker_no_s338_2026-08-24
2026-04-29,Rest of World,11.029384225094422,row,1,tracker_no_s338_2026-08-24
2026-04-29,UK,8.107574286220483,uk,1,tracker_no_s338_2026-08-24
2026-04-30,Canada,5.341334555242383,ca,1,tracker_no_s338_2026-08-24
2026-04-30,China,25.941243224991045,chn,1,tracker_no_s338_2026-08-24
2026-04-30,EU,9.444465493387963,eu,1,tracker_no_s338_2026-08-24
2026-04-30,Free-trade partners,9.52591886514845,fta,1,tracker_no_s338_2026-08-24
2026-04-30,Japan,13.682218596169315,jp,1,tracker_no_s338_2026-08-24
2026-04-30,Mexico,6.970467294227258,mx,1,tracker_no_s338_2026-08-24
2026-04-30,Rest of World,11.029384225094422,row,1,tracker_no_s338_2026-08-24
2026-04-30,UK,8.107574286220483,uk,1,tracker_no_s338_2026-08-24
2026-05-01,Canada,5.341334555242383,ca,1,tracker_no_s338_2026-08-24
2026-05-01,China,25.941243224991045,chn,1,tracker_no_s338_2026-08-24
2026-05-01,EU,9.444465493387963,eu,1,tracker_no_s338_2026-08-24
2026-05-01,Free-trade partners,9.52591886514845,fta,1,tracker_no_s338_2026-08-24
2026-05-01,Japan,13.682218596169315,jp,1,tracker_no_s338_2026-08-24
2026-05-01,Mexico,6.970467294227258,mx,1,tracker_no_s338_2026-08-24
2026-05-01,Rest of World,10.93701098025981,row,1,tracker_no_s338_2026-08-24
2026-05-01,UK,8.107574286220483,uk,1,tracker_no_s338_2026-08-24
2026-05-02,Canada,5.341334555242383,ca,1,tracker_no_s338_2026-08-24
2026-05-02,China,25.941243224991045,chn,1,tracker_no_s338_2026-08-24
2026-05-02,EU,9.444465493387963,eu,1,tracker_no_s338_2026-08-24
2026-05-02,Free-trade partners,9.52591886514845,fta,1,tracker_no_s338_2026-08-24
2026-05-02,Japan,13.682218596169315,jp,1,tracker_no_s338_2026-08-24
2026-05-02,Mexico,6.970467294227258,mx,1,tracker_no_s338_2026-08-24
2026-05-02,Rest of World,10.93701098025981,row,1,tracker_no_s338_2026-08-24
2026-05-02,UK,8.107574286220483,uk,1,tracker_no_s338_2026-08-24
2026-05-03,Canada,5.341334555242383,ca,1,tracker_no_s338_2026-08-24
2026-05-03,China,25.941243224991045,chn,1,tracker_no_s338_2026-08-24
2026-05-03,EU,9.444465493387963,eu,1,tracker_no_s338_2026-08-24
2026-05-03,Free-trade partners,9.52591886514845,fta,1,tracker_no_s338_2026-08-24
2026-05-03,Japan,13.682218596169315,jp,1,tracker_no_s338_2026-08-24
2026-05-03,Mexico,6.970467294227258,mx,1,tracker_no_s338_2026-08-24
2026-05-03,Rest of World,10.93701098025981,row,1,tracker_no_s338_2026-08-24
2026-05-03,UK,8.107574286220483,uk,1,tracker_no_s338_2026-08-24
2026-05-04,Canada,5.341334555242383,ca,1,tracker_no_s338_2026-08-24
2026-05-04,China,25.941243224991045,chn,1,tracker_no_s338_2026-08-24
2026-05-04,EU,9.444465493387963,eu,1,tracker_no_s338_2026-08-24
2026-05-04,Free-trade partners,9.52591886514845,fta,1,tracker_no_s338_2026-08-24
2026-05-04,Japan,13.682218596169315,jp,1,tracker_no_s338_2026-08-24
2026-05-04,Mexico,6.970467294227258,mx,1,tracker_no_s338_2026-08-24
2026-05-04,Rest of World,10.93701098025981,row,1,tracker_no_s338_2026-08-24
2026-05-04,UK,8.107574286220483,uk,1,tracker_no_s338_2026-08-24
2026-05-05,Canada,5.341334555242383,ca,1,tracker_no_s338_2026-08-24
2026-05-05,China,25.941243224991045,chn,1,tracker_no_s338_2026-08-24
2026-05-05,EU,9.444465493387963,eu,1,tracker_no_s338_2026-08-24
2026-05-05,Free-trade partners,9.52591886514845,fta,1,tracker_no_s338_2026-08-24
2026-05-05,Japan,13.682218596169315,jp,1,tracker_no_s338_2026-08-24
2026-05-05,Mexico,6.970467294227258,mx,1,tracker_no_s338_2026-08-24
2026-05-05,Rest of World,10.93701098025981,row,1,tracker_no_s338_2026-08-24
2026-05-05,UK,8.107574286220483,uk,1,tracker_no_s338_2026-08-24
2026-05-06,Canada,5.341334555242383,ca,1,tracker_no_s338_2026-08-24
2026-05-06,China,25.941243224991045,chn,1,tracker_no_s338_2026-08-24
2026-05-06,EU,9.444465493387963,eu,1,tracker_no_s338_2026-08-24
2026-05-06,Free-trade partners,9.52591886514845,fta,1,tracker_no_s338_2026-08-24
2026-05-06,Japan,13.682218596169315,jp,1,tracker_no_s338_2026-08-24
2026-05-06,Mexico,6.970467294227258,mx,1,tracker_no_s338_2026-08-24
2026-05-06,Rest of World,10.93701098025981,row,1,tracker_no_s338_2026-08-24
2026-05-06,UK,8.107574286220483,uk,1,tracker_no_s338_2026-08-24
2026-05-07,Canada,5.341334555242383,ca,1,tracker_no_s338_2026-08-24
2026-05-07,China,25.941243224991045,chn,1,tracker_no_s338_2026-08-24
2026-05-07,EU,9.444465493387963,eu,1,tracker_no_s338_2026-08-24
2026-05-07,Free-trade partners,9.52591886514845,fta,1,tracker_no_s338_2026-08-24
2026-05-07,Japan,13.682218596169315,jp,1,tracker_no_s338_2026-08-24
2026-05-07,Mexico,6.970467294227258,mx,1,tracker_no_s338_2026-08-24
2026-05-07,Rest of World,10.93701098025981,row,1,tracker_no_s338_2026-08-24
2026-05-07,UK,8.107574286220483,uk,1,tracker_no_s338_2026-08-24
2026-05-08,Canada,5.341334555242383,ca,1,tracker_no_s338_2026-08-24
2026-05-08,China,25.941243224991045,chn,1,tracker_no_s338_2026-08-24
2026-05-08,EU,9.444465493387963,eu,1,tracker_no_s338_2026-08-24
2026-05-08,Free-trade partners,9.52591886514845,fta,1,tracker_no_s338_2026-08-24
2026-05-08,Japan,13.682218596169315,jp,1,tracker_no_s338_2026-08-24
2026-05-08,Mexico,6.970467294227258,mx,1,tracker_no_s338_2026-08-24
2026-05-08,Rest of World,10.93701098025981,row,1,tracker_no_s338_2026-08-24
2026-05-08,UK,8.107574286220483,uk,1,tracker_no_s338_2026-08-24
2026-05-09,Canada,5.341334555242383,ca,1,tracker_no_s338_2026-08-24
2026-05-09,China,25.941243224991045,chn,1,tracker_no_s338_2026-08-24
2026-05-09,EU,9.444465493387963,eu,1,tracker_no_s338_2026-08-24
2026-05-09,Free-trade partners,9.52591886514845,fta,1,tracker_no_s338_2026-08-24
2026-05-09,Japan,13.682218596169315,jp,1,tracker_no_s338_2026-08-24
2026-05-09,Mexico,6.970467294227258,mx,1,tracker_no_s338_2026-08-24
2026-05-09,Rest of World,10.93701098025981,row,1,tracker_no_s338_2026-08-24
2026-05-09,UK,8.107574286220483,uk,1,tracker_no_s338_2026-08-24
2026-05-10,Canada,5.341334555242383,ca,1,tracker_no_s338_2026-08-24
2026-05-10,China,25.941243224991045,chn,1,tracker_no_s338_2026-08-24
2026-05-10,EU,9.444465493387963,eu,1,tracker_no_s338_2026-08-24
2026-05-10,Free-trade partners,9.52591886514845,fta,1,tracker_no_s338_2026-08-24
2026-05-10,Japan,13.682218596169315,jp,1,tracker_no_s338_2026-08-24
2026-05-10,Mexico,6.970467294227258,mx,1,tracker_no_s338_2026-08-24
2026-05-10,Rest of World,10.93701098025981,row,1,tracker_no_s338_2026-08-24
2026-05-10,UK,8.107574286220483,uk,1,tracker_no_s338_2026-08-24
2026-05-11,Canada,5.341334555242383,ca,1,tracker_no_s338_2026-08-24
2026-05-11,China,25.941243224991045,chn,1,tracker_no_s338_2026-08-24
2026-05-11,EU,9.444465493387963,eu,1,tracker_no_s338_2026-08-24
2026-05-11,Free-trade partners,9.52591886514845,fta,1,tracker_no_s338_2026-08-24
2026-05-11,Japan,13.682218596169315,jp,1,tracker_no_s338_2026-08-24
2026-05-11,Mexico,6.970467294227258,mx,1,tracker_no_s338_2026-08-24
2026-05-11,Rest of World,10.93701098025981,row,1,tracker_no_s338_2026-08-24
2026-05-11,UK,8.107574286220483,uk,1,tracker_no_s338_2026-08-24
2026-05-12,Canada,5.341334555242383,ca,1,tracker_no_s338_2026-08-24
2026-05-12,China,25.941243224991045,chn,1,tracker_no_s338_2026-08-24
2026-05-12,EU,9.444465493387963,eu,1,tracker_no_s338_2026-08-24
2026-05-12,Free-trade partners,9.52591886514845,fta,1,tracker_no_s338_2026-08-24
2026-05-12,Japan,13.682218596169315,jp,1,tracker_no_s338_2026-08-24
2026-05-12,Mexico,6.970467294227258,mx,1,tracker_no_s338_2026-08-24
2026-05-12,Rest of World,10.93701098025981,row,1,tracker_no_s338_2026-08-24
2026-05-12,UK,8.107574286220483,uk,1,tracker_no_s338_2026-08-24
2026-05-13,Canada,5.341334555242383,ca,1,tracker_no_s338_2026-08-24
2026-05-13,China,25.941243224991045,chn,1,tracker_no_s338_2026-08-24
2026-05-13,EU,9.444465493387963,eu,1,tracker_no_s338_2026-08-24
2026-05-13,Free-trade partners,9.52591886514845,fta,1,tracker_no_s338_2026-08-24
2026-05-13,Japan,13.682218596169315,jp,1,tracker_no_s338_2026-08-24
2026-05-13,Mexico,6.970467294227258,mx,1,tracker_no_s338_2026-08-24
2026-05-13,Rest of World,10.93701098025981,row,1,tracker_no_s338_2026-08-24
2026-05-13,UK,8.107574286220483,uk,1,tracker_no_s338_2026-08-24
2026-05-14,Canada,5.341334555242383,ca,1,tracker_no_s338_2026-08-24
2026-05-14,China,25.941243224991045,chn,1,tracker_no_s338_2026-08-24
2026-05-14,EU,9.444465493387963,eu,1,tracker_no_s338_2026-08-24
2026-05-14,Free-trade partners,9.52591886514845,fta,1,tracker_no_s338_2026-08-24
2026-05-14,Japan,13.682218596169315,jp,1,tracker_no_s338_2026-08-24
2026-05-14,Mexico,6.970467294227258,mx,1,tracker_no_s338_2026-08-24
2026-05-14,Rest of World,10.93701098025981,row,1,tracker_no_s338_2026-08-24
2026-05-14,UK,8.107574286220483,uk,1,tracker_no_s338_2026-08-24
2026-05-15,Canada,5.341334555242383,ca,1,tracker_no_s338_2026-08-24
2026-05-15,China,25.941243224991045,chn,1,tracker_no_s338_2026-08-24
2026-05-15,EU,9.444465493387963,eu,1,tracker_no_s338_2026-08-24
2026-05-15,Free-trade partners,9.52591886514845,fta,1,tracker_no_s338_2026-08-24
2026-05-15,Japan,13.682218596169315,jp,1,tracker_no_s338_2026-08-24
2026-05-15,Mexico,6.970467294227258,mx,1,tracker_no_s338_2026-08-24
2026-05-15,Rest of World,10.93701098025981,row,1,tracker_no_s338_2026-08-24
2026-05-15,UK,8.107574286220483,uk,1,tracker_no_s338_2026-08-24
2026-05-16,Canada,5.341334555242383,ca,1,tracker_no_s338_2026-08-24
2026-05-16,China,25.941243224991045,chn,1,tracker_no_s338_2026-08-24
2026-05-16,EU,9.444465493387963,eu,1,tracker_no_s338_2026-08-24
2026-05-16,Free-trade partners,9.52591886514845,fta,1,tracker_no_s338_2026-08-24
2026-05-16,Japan,13.682218596169315,jp,1,tracker_no_s338_2026-08-24
2026-05-16,Mexico,6.970467294227258,mx,1,tracker_no_s338_2026-08-24
2026-05-16,Rest of World,10.93701098025981,row,1,tracker_no_s338_2026-08-24
2026-05-16,UK,8.107574286220483,uk,1,tracker_no_s338_2026-08-24
2026-05-17,Canada,5.341334555242383,ca,1,tracker_no_s338_2026-08-24
2026-05-17,China,25.941243224991045,chn,1,tracker_no_s338_2026-08-24
2026-05-17,EU,9.444465493387963,eu,1,tracker_no_s338_2026-08-24
2026-05-17,Free-trade partners,9.52591886514845,fta,1,tracker_no_s338_2026-08-24
2026-05-17,Japan,13.682218596169315,jp,1,tracker_no_s338_2026-08-24
2026-05-17,Mexico,6.970467294227258,mx,1,tracker_no_s338_2026-08-24
2026-05-17,Rest of World,10.93701098025981,row,1,tracker_no_s338_2026-08-24
2026-05-17,UK,8.107574286220483,uk,1,tracker_no_s338_2026-08-24
2026-05-18,Canada,5.341334555242383,ca,1,tracker_no_s338_2026-08-24
2026-05-18,China,25.941243224991045,chn,1,tracker_no_s338_2026-08-24
2026-05-18,EU,9.444465493387963,eu,1,tracker_no_s338_2026-08-24
2026-05-18,Free-trade partners,9.52591886514845,fta,1,tracker_no_s338_2026-08-24
2026-05-18,Japan,13.682218596169315,jp,1,tracker_no_s338_2026-08-24
2026-05-18,Mexico,6.970467294227258,mx,1,tracker_no_s338_2026-08-24
2026-05-18,Rest of World,10.93701098025981,row,1,tracker_no_s338_2026-08-24
2026-05-18,UK,8.107574286220483,uk,1,tracker_no_s338_2026-08-24
2026-05-19,Canada,5.341334555242383,ca,1,tracker_no_s338_2026-08-24
2026-05-19,China,25.941243224991045,chn,1,tracker_no_s338_2026-08-24
2026-05-19,EU,9.444465493387963,eu,1,tracker_no_s338_2026-08-24
2026-05-19,Free-trade partners,9.52591886514845,fta,1,tracker_no_s338_2026-08-24
2026-05-19,Japan,13.682218596169315,jp,1,tracker_no_s338_2026-08-24
2026-05-19,Mexico,6.970467294227258,mx,1,tracker_no_s338_2026-08-24
2026-05-19,Rest of World,10.93701098025981,row,1,tracker_no_s338_2026-08-24
2026-05-19,UK,8.107574286220483,uk,1,tracker_no_s338_2026-08-24
2026-05-20,Canada,5.341334555242383,ca,1,tracker_no_s338_2026-08-24
2026-05-20,China,25.941243224991045,chn,1,tracker_no_s338_2026-08-24
2026-05-20,EU,9.444465493387963,eu,1,tracker_no_s338_2026-08-24
2026-05-20,Free-trade partners,9.52591886514845,fta,1,tracker_no_s338_2026-08-24
2026-05-20,Japan,13.682218596169315,jp,1,tracker_no_s338_2026-08-24
2026-05-20,Mexico,6.970467294227258,mx,1,tracker_no_s338_2026-08-24
2026-05-20,Rest of World,10.93701098025981,row,1,tracker_no_s338_2026-08-24
2026-05-20,UK,8.107574286220483,uk,1,tracker_no_s338_2026-08-24
2026-05-21,Canada,5.341334555242383,ca,1,tracker_no_s338_2026-08-24
2026-05-21,China,25.941243224991045,chn,1,tracker_no_s338_2026-08-24
2026-05-21,EU,9.444465493387963,eu,1,tracker_no_s338_2026-08-24
2026-05-21,Free-trade partners,9.52591886514845,fta,1,tracker_no_s338_2026-08-24
2026-05-21,Japan,13.682218596169315,jp,1,tracker_no_s338_2026-08-24
2026-05-21,Mexico,6.970467294227258,mx,1,tracker_no_s338_2026-08-24
2026-05-21,Rest of World,10.93701098025981,row,1,tracker_no_s338_2026-08-24
2026-05-21,UK,8.107574286220483,uk,1,tracker_no_s338_2026-08-24
2026-05-22,Canada,5.341334555242383,ca,1,tracker_no_s338_2026-08-24
2026-05-22,China,25.941243224991045,chn,1,tracker_no_s338_2026-08-24
2026-05-22,EU,9.444465493387963,eu,1,tracker_no_s338_2026-08-24
2026-05-22,Free-trade partners,9.52591886514845,fta,1,tracker_no_s338_2026-08-24
2026-05-22,Japan,13.682218596169315,jp,1,tracker_no_s338_2026-08-24
2026-05-22,Mexico,6.970467294227258,mx,1,tracker_no_s338_2026-08-24
2026-05-22,Rest of World,10.93701098025981,row,1,tracker_no_s338_2026-08-24
2026-05-22,UK,8.107574286220483,uk,1,tracker_no_s338_2026-08-24
2026-05-23,Canada,5.341334555242383,ca,1,tracker_no_s338_2026-08-24
2026-05-23,China,25.941243224991045,chn,1,tracker_no_s338_2026-08-24
2026-05-23,EU,9.444465493387963,eu,1,tracker_no_s338_2026-08-24
2026-05-23,Free-trade partners,9.52591886514845,fta,1,tracker_no_s338_2026-08-24
2026-05-23,Japan,13.682218596169315,jp,1,tracker_no_s338_2026-08-24
2026-05-23,Mexico,6.970467294227258,mx,1,tracker_no_s338_2026-08-24
2026-05-23,Rest of World,10.93701098025981,row,1,tracker_no_s338_2026-08-24
2026-05-23,UK,8.107574286220483,uk,1,tracker_no_s338_2026-08-24
2026-05-24,Canada,5.341334555242383,ca,1,tracker_no_s338_2026-08-24
2026-05-24,China,25.941243224991045,chn,1,tracker_no_s338_2026-08-24
2026-05-24,EU,9.444465493387963,eu,1,tracker_no_s338_2026-08-24
2026-05-24,Free-trade partners,9.52591886514845,fta,1,tracker_no_s338_2026-08-24
2026-05-24,Japan,13.682218596169315,jp,1,tracker_no_s338_2026-08-24
2026-05-24,Mexico,6.970467294227258,mx,1,tracker_no_s338_2026-08-24
2026-05-24,Rest of World,10.93701098025981,row,1,tracker_no_s338_2026-08-24
2026-05-24,UK,8.107574286220483,uk,1,tracker_no_s338_2026-08-24
2026-05-25,Canada,5.341334555242383,ca,1,tracker_no_s338_2026-08-24
2026-05-25,China,25.941243224991045,chn,1,tracker_no_s338_2026-08-24
2026-05-25,EU,9.444465493387963,eu,1,tracker_no_s338_2026-08-24
2026-05-25,Free-trade partners,9.52591886514845,fta,1,tracker_no_s338_2026-08-24
2026-05-25,Japan,13.682218596169315,jp,1,tracker_no_s338_2026-08-24
2026-05-25,Mexico,6.970467294227258,mx,1,tracker_no_s338_2026-08-24
2026-05-25,Rest of World,10.93701098025981,row,1,tracker_no_s338_2026-08-24
2026-05-25,UK,8.107574286220483,uk,1,tracker_no_s338_2026-08-24
2026-05-26,Canada,5.341334555242383,ca,1,tracker_no_s338_2026-08-24
2026-05-26,China,25.941243224991045,chn,1,tracker_no_s338_2026-08-24
2026-05-26,EU,9.444465493387963,eu,1,tracker_no_s338_2026-08-24
2026-05-26,Free-trade partners,9.52591886514845,fta,1,tracker_no_s338_2026-08-24
2026-05-26,Japan,13.682218596169315,jp,1,tracker_no_s338_2026-08-24
2026-05-26,Mexico,6.970467294227258,mx,1,tracker_no_s338_2026-08-24
2026-05-26,Rest of World,10.93701098025981,row,1,tracker_no_s338_2026-08-24
2026-05-26,UK,8.107574286220483,uk,1,tracker_no_s338_2026-08-24
2026-05-27,Canada,5.341334555242383,ca,1,tracker_no_s338_2026-08-24
2026-05-27,China,25.941243224991045,chn,1,tracker_no_s338_2026-08-24
2026-05-27,EU,9.444465493387963,eu,1,tracker_no_s338_2026-08-24
2026-05-27,Free-trade partners,9.52591886514845,fta,1,tracker_no_s338_2026-08-24
2026-05-27,Japan,13.682218596169315,jp,1,tracker_no_s338_2026-08-24
2026-05-27,Mexico,6.970467294227258,mx,1,tracker_no_s338_2026-08-24
2026-05-27,Rest of World,10.93701098025981,row,1,tracker_no_s338_2026-08-24
2026-05-27,UK,8.107574286220483,uk,1,tracker_no_s338_2026-08-24
2026-05-28,Canada,5.341334555242383,ca,1,tracker_no_s338_2026-08-24
2026-05-28,China,25.941243224991045,chn,1,tracker_no_s338_2026-08-24
2026-05-28,EU,9.444465493387963,eu,1,tracker_no_s338_2026-08-24
2026-05-28,Free-trade partners,9.52591886514845,fta,1,tracker_no_s338_2026-08-24
2026-05-28,Japan,13.682218596169315,jp,1,tracker_no_s338_2026-08-24
2026-05-28,Mexico,6.970467294227258,mx,1,tracker_no_s338_2026-08-24
2026-05-28,Rest of World,10.93701098025981,row,1,tracker_no_s338_2026-08-24
2026-05-28,UK,8.107574286220483,uk,1,tracker_no_s338_2026-08-24
2026-05-29,Canada,5.341334555242383,ca,1,tracker_no_s338_2026-08-24
2026-05-29,China,25.941243224991045,chn,1,tracker_no_s338_2026-08-24
2026-05-29,EU,9.444465493387963,eu,1,tracker_no_s338_2026-08-24
2026-05-29,Free-trade partners,9.52591886514845,fta,1,tracker_no_s338_2026-08-24
2026-05-29,Japan,13.682218596169315,jp,1,tracker_no_s338_2026-08-24
2026-05-29,Mexico,6.970467294227258,mx,1,tracker_no_s338_2026-08-24
2026-05-29,Rest of World,10.93701098025981,row,1,tracker_no_s338_2026-08-24
2026-05-29,UK,8.107574286220483,uk,1,tracker_no_s338_2026-08-24
2026-05-30,Canada,5.341334555242383,ca,1,tracker_no_s338_2026-08-24
2026-05-30,China,25.941243224991045,chn,1,tracker_no_s338_2026-08-24
2026-05-30,EU,9.444465493387963,eu,1,tracker_no_s338_2026-08-24
2026-05-30,Free-trade partners,9.52591886514845,fta,1,tracker_no_s338_2026-08-24
2026-05-30,Japan,13.682218596169315,jp,1,tracker_no_s338_2026-08-24
2026-05-30,Mexico,6.970467294227258,mx,1,tracker_no_s338_2026-08-24
2026-05-30,Rest of World,10.93701098025981,row,1,tracker_no_s338_2026-08-24
2026-05-30,UK,8.107574286220483,uk,1,tracker_no_s338_2026-08-24
2026-05-31,Canada,5.341334555242383,ca,1,tracker_no_s338_2026-08-24
2026-05-31,China,25.941243224991045,chn,1,tracker_no_s338_2026-08-24
2026-05-31,EU,9.444465493387963,eu,1,tracker_no_s338_2026-08-24
2026-05-31,Free-trade partners,9.52591886514845,fta,1,tracker_no_s338_2026-08-24
2026-05-31,Japan,13.682218596169315,jp,1,tracker_no_s338_2026-08-24
2026-05-31,Mexico,6.970467294227258,mx,1,tracker_no_s338_2026-08-24
2026-05-31,Rest of World,10.93701098025981,row,1,tracker_no_s338_2026-08-24
2026-05-31,UK,8.107574286220483,uk,1,tracker_no_s338_2026-08-24
2026-06-01,Canada,5.341334555242383,ca,1,tracker_no_s338_2026-08-24
2026-06-01,China,25.941243224991045,chn,1,tracker_no_s338_2026-08-24
2026-06-01,EU,9.444465493387963,eu,1,tracker_no_s338_2026-08-24
2026-06-01,Free-trade partners,9.52591886514845,fta,1,tracker_no_s338_2026-08-24
2026-06-01,Japan,13.682218596169315,jp,1,tracker_no_s338_2026-08-24
2026-06-01,Mexico,6.970467294227258,mx,1,tracker_no_s338_2026-08-24
2026-06-01,Rest of World,10.93701098025981,row,1,tracker_no_s338_2026-08-24
2026-06-01,UK,8.107574286220483,uk,1,tracker_no_s338_2026-08-24
2026-06-02,Canada,5.341334555242383,ca,1,tracker_no_s338_2026-08-24
2026-06-02,China,25.941243224991045,chn,1,tracker_no_s338_2026-08-24
2026-06-02,EU,9.444465493387963,eu,1,tracker_no_s338_2026-08-24
2026-06-02,Free-trade partners,9.52591886514845,fta,1,tracker_no_s338_2026-08-24
2026-06-02,Japan,13.682218596169315,jp,1,tracker_no_s338_2026-08-24
2026-06-02,Mexico,6.970467294227258,mx,1,tracker_no_s338_2026-08-24
2026-06-02,Rest of World,10.93701098025981,row,1,tracker_no_s338_2026-08-24
2026-06-02,UK,8.107574286220483,uk,1,tracker_no_s338_2026-08-24
2026-06-03,Canada,5.341334555242383,ca,1,tracker_no_s338_2026-08-24
2026-06-03,China,25.941243224991045,chn,1,tracker_no_s338_2026-08-24
2026-06-03,EU,9.444465493387963,eu,1,tracker_no_s338_2026-08-24
2026-06-03,Free-trade partners,9.52591886514845,fta,1,tracker_no_s338_2026-08-24
2026-06-03,Japan,13.682218596169315,jp,1,tracker_no_s338_2026-08-24
2026-06-03,Mexico,6.970467294227258,mx,1,tracker_no_s338_2026-08-24
2026-06-03,Rest of World,10.93701098025981,row,1,tracker_no_s338_2026-08-24
2026-06-03,UK,8.107574286220483,uk,1,tracker_no_s338_2026-08-24
2026-06-04,Canada,5.341334555242383,ca,1,tracker_no_s338_2026-08-24
2026-06-04,China,25.941243224991045,chn,1,tracker_no_s338_2026-08-24
2026-06-04,EU,9.444465493387963,eu,1,tracker_no_s338_2026-08-24
2026-06-04,Free-trade partners,9.52591886514845,fta,1,tracker_no_s338_2026-08-24
2026-06-04,Japan,13.682218596169315,jp,1,tracker_no_s338_2026-08-24
2026-06-04,Mexico,6.970467294227258,mx,1,tracker_no_s338_2026-08-24
2026-06-04,Rest of World,10.93701098025981,row,1,tracker_no_s338_2026-08-24
2026-06-04,UK,8.107574286220483,uk,1,tracker_no_s338_2026-08-24
2026-06-05,Canada,5.341334555242383,ca,1,tracker_no_s338_2026-08-24
2026-06-05,China,25.941243224991045,chn,1,tracker_no_s338_2026-08-24
2026-06-05,EU,9.444465493387963,eu,1,tracker_no_s338_2026-08-24
2026-06-05,Free-trade partners,9.52591886514845,fta,1,tracker_no_s338_2026-08-24
2026-06-05,Japan,13.682218596169315,jp,1,tracker_no_s338_2026-08-24
2026-06-05,Mexico,6.970467294227258,mx,1,tracker_no_s338_2026-08-24
2026-06-05,Rest of World,10.93701098025981,row,1,tracker_no_s338_2026-08-24
2026-06-05,UK,8.107574286220483,uk,1,tracker_no_s338_2026-08-24
2026-06-06,Canada,5.341334555242383,ca,1,tracker_no_s338_2026-08-24
2026-06-06,China,25.941243224991045,chn,1,tracker_no_s338_2026-08-24
2026-06-06,EU,9.444465493387963,eu,1,tracker_no_s338_2026-08-24
2026-06-06,Free-trade partners,9.52591886514845,fta,1,tracker_no_s338_2026-08-24
2026-06-06,Japan,13.682218596169315,jp,1,tracker_no_s338_2026-08-24
2026-06-06,Mexico,6.970467294227258,mx,1,tracker_no_s338_2026-08-24
2026-06-06,Rest of World,10.93701098025981,row,1,tracker_no_s338_2026-08-24
2026-06-06,UK,8.107574286220483,uk,1,tracker_no_s338_2026-08-24
2026-06-07,Canada,5.341334555242383,ca,1,tracker_no_s338_2026-08-24
2026-06-07,China,25.941243224991045,chn,1,tracker_no_s338_2026-08-24
2026-06-07,EU,9.444465493387963,eu,1,tracker_no_s338_2026-08-24
2026-06-07,Free-trade partners,9.52591886514845,fta,1,tracker_no_s338_2026-08-24
2026-06-07,Japan,13.682218596169315,jp,1,tracker_no_s338_2026-08-24
2026-06-07,Mexico,6.970467294227258,mx,1,tracker_no_s338_2026-08-24
2026-06-07,Rest of World,10.93701098025981,row,1,tracker_no_s338_2026-08-24
2026-06-07,UK,8.107574286220483,uk,1,tracker_no_s338_2026-08-24
2026-06-08,Canada,5.286316529391855,ca,1,tracker_no_s338_2026-08-24
2026-06-08,China,25.862186931993374,chn,1,tracker_no_s338_2026-08-24
2026-06-08,EU,9.269636670039375,eu,1,tracker_no_s338_2026-08-24
2026-06-08,Free-trade partners,9.43302144047934,fta,1,tracker_no_s338_2026-08-24
2026-06-08,Japan,13.07698391695779,jp,1,tracker_no_s338_2026-08-24
2026-06-08,Mexico,6.8966852112302055,mx,1,tracker_no_s338_2026-08-24
2026-06-08,Rest of World,10.898954244073334,row,1,tracker_no_s338_2026-08-24
2026-06-08,UK,8.111789081818927,uk,1,tracker_no_s338_2026-08-24
2026-06-09,Canada,5.286316529391855,ca,1,tracker_no_s338_2026-08-24
2026-06-09,China,25.862186931993374,chn,1,tracker_no_s338_2026-08-24
2026-06-09,EU,9.269636670039375,eu,1,tracker_no_s338_2026-08-24
2026-06-09,Free-trade partners,9.43302144047934,fta,1,tracker_no_s338_2026-08-24
2026-06-09,Japan,13.07698391695779,jp,1,tracker_no_s338_2026-08-24
2026-06-09,Mexico,6.8966852112302055,mx,1,tracker_no_s338_2026-08-24
2026-06-09,Rest of World,10.898954244073334,row,1,tracker_no_s338_2026-08-24
2026-06-09,UK,8.111789081818927,uk,1,tracker_no_s338_2026-08-24
2026-06-10,Canada,5.286316529391855,ca,1,tracker_no_s338_2026-08-24
2026-06-10,China,25.862186931993374,chn,1,tracker_no_s338_2026-08-24
2026-06-10,EU,9.269636670039375,eu,1,tracker_no_s338_2026-08-24
2026-06-10,Free-trade partners,9.43302144047934,fta,1,tracker_no_s338_2026-08-24
2026-06-10,Japan,13.07698391695779,jp,1,tracker_no_s338_2026-08-24
2026-06-10,Mexico,6.8966852112302055,mx,1,tracker_no_s338_2026-08-24
2026-06-10,Rest of World,10.898954244073334,row,1,tracker_no_s338_2026-08-24
2026-06-10,UK,8.111789081818927,uk,1,tracker_no_s338_2026-08-24
2026-06-11,Canada,5.286316529391855,ca,1,tracker_no_s338_2026-08-24
2026-06-11,China,25.862186931993374,chn,1,tracker_no_s338_2026-08-24
2026-06-11,EU,9.269636670039375,eu,1,tracker_no_s338_2026-08-24
2026-06-11,Free-trade partners,9.43302144047934,fta,1,tracker_no_s338_2026-08-24
2026-06-11,Japan,13.07698391695779,jp,1,tracker_no_s338_2026-08-24
2026-06-11,Mexico,6.8966852112302055,mx,1,tracker_no_s338_2026-08-24
2026-06-11,Rest of World,10.898954244073334,row,1,tracker_no_s338_2026-08-24
2026-06-11,UK,8.111789081818927,uk,1,tracker_no_s338_2026-08-24
2026-06-12,Canada,5.286316529391855,ca,1,tracker_no_s338_2026-08-24
2026-06-12,China,25.862186931993374,chn,1,tracker_no_s338_2026-08-24
2026-06-12,EU,9.269636670039375,eu,1,tracker_no_s338_2026-08-24
2026-06-12,Free-trade partners,9.43302144047934,fta,1,tracker_no_s338_2026-08-24
2026-06-12,Japan,13.07698391695779,jp,1,tracker_no_s338_2026-08-24
2026-06-12,Mexico,6.8966852112302055,mx,1,tracker_no_s338_2026-08-24
2026-06-12,Rest of World,10.898954244073334,row,1,tracker_no_s338_2026-08-24
2026-06-12,UK,8.111789081818927,uk,1,tracker_no_s338_2026-08-24
2026-06-13,Canada,5.286316529391855,ca,1,tracker_no_s338_2026-08-24
2026-06-13,China,25.862186931993374,chn,1,tracker_no_s338_2026-08-24
2026-06-13,EU,9.269636670039375,eu,1,tracker_no_s338_2026-08-24
2026-06-13,Free-trade partners,9.43302144047934,fta,1,tracker_no_s338_2026-08-24
2026-06-13,Japan,13.07698391695779,jp,1,tracker_no_s338_2026-08-24
2026-06-13,Mexico,6.8966852112302055,mx,1,tracker_no_s338_2026-08-24
2026-06-13,Rest of World,10.898954244073334,row,1,tracker_no_s338_2026-08-24
2026-06-13,UK,8.111789081818927,uk,1,tracker_no_s338_2026-08-24
2026-06-14,Canada,5.286316529391855,ca,1,tracker_no_s338_2026-08-24
2026-06-14,China,25.862186931993374,chn,1,tracker_no_s338_2026-08-24
2026-06-14,EU,9.269636670039375,eu,1,tracker_no_s338_2026-08-24
2026-06-14,Free-trade partners,9.43302144047934,fta,1,tracker_no_s338_2026-08-24
2026-06-14,Japan,13.07698391695779,jp,1,tracker_no_s338_2026-08-24
2026-06-14,Mexico,6.8966852112302055,mx,1,tracker_no_s338_2026-08-24
2026-06-14,Rest of World,10.898954244073334,row,1,tracker_no_s338_2026-08-24
2026-06-14,UK,8.111789081818927,uk,1,tracker_no_s338_2026-08-24
2026-06-15,Canada,5.286316529391855,ca,1,tracker_no_s338_2026-08-24
2026-06-15,China,25.862186931993374,chn,1,tracker_no_s338_2026-08-24
2026-06-15,EU,9.269636670039375,eu,1,tracker_no_s338_2026-08-24
2026-06-15,Free-trade partners,9.43302144047934,fta,1,tracker_no_s338_2026-08-24
2026-06-15,Japan,13.07698391695779,jp,1,tracker_no_s338_2026-08-24
2026-06-15,Mexico,6.8966852112302055,mx,1,tracker_no_s338_2026-08-24
2026-06-15,Rest of World,10.898954244073334,row,1,tracker_no_s338_2026-08-24
2026-06-15,UK,8.111789081818927,uk,1,tracker_no_s338_2026-08-24
2026-06-16,Canada,5.286316529391855,ca,1,tracker_no_s338_2026-08-24
2026-06-16,China,25.862186931993374,chn,1,tracker_no_s338_2026-08-24
2026-06-16,EU,9.269636670039375,eu,1,tracker_no_s338_2026-08-24
2026-06-16,Free-trade partners,9.43302144047934,fta,1,tracker_no_s338_2026-08-24
2026-06-16,Japan,13.07698391695779,jp,1,tracker_no_s338_2026-08-24
2026-06-16,Mexico,6.8966852112302055,mx,1,tracker_no_s338_2026-08-24
2026-06-16,Rest of World,10.898954244073334,row,1,tracker_no_s338_2026-08-24
2026-06-16,UK,8.111789081818927,uk,1,tracker_no_s338_2026-08-24
2026-06-17,Canada,5.286316529391855,ca,1,tracker_no_s338_2026-08-24
2026-06-17,China,25.862186931993374,chn,1,tracker_no_s338_2026-08-24
2026-06-17,EU,9.269636670039375,eu,1,tracker_no_s338_2026-08-24
2026-06-17,Free-trade partners,9.43302144047934,fta,1,tracker_no_s338_2026-08-24
2026-06-17,Japan,13.07698391695779,jp,1,tracker_no_s338_2026-08-24
2026-06-17,Mexico,6.8966852112302055,mx,1,tracker_no_s338_2026-08-24
2026-06-17,Rest of World,10.898954244073334,row,1,tracker_no_s338_2026-08-24
2026-06-17,UK,8.111789081818927,uk,1,tracker_no_s338_2026-08-24
2026-06-18,Canada,5.286316529391855,ca,1,tracker_no_s338_2026-08-24
2026-06-18,China,25.862186931993374,chn,1,tracker_no_s338_2026-08-24
2026-06-18,EU,9.269636670039375,eu,1,tracker_no_s338_2026-08-24
2026-06-18,Free-trade partners,9.43302144047934,fta,1,tracker_no_s338_2026-08-24
2026-06-18,Japan,13.07698391695779,jp,1,tracker_no_s338_2026-08-24
2026-06-18,Mexico,6.8966852112302055,mx,1,tracker_no_s338_2026-08-24
2026-06-18,Rest of World,10.898954244073334,row,1,tracker_no_s338_2026-08-24
2026-06-18,UK,8.111789081818927,uk,1,tracker_no_s338_2026-08-24
2026-06-19,Canada,5.286316529391855,ca,1,tracker_no_s338_2026-08-24
2026-06-19,China,25.862186931993374,chn,1,tracker_no_s338_2026-08-24
2026-06-19,EU,9.269636670039375,eu,1,tracker_no_s338_2026-08-24
2026-06-19,Free-trade partners,9.43302144047934,fta,1,tracker_no_s338_2026-08-24
2026-06-19,Japan,13.07698391695779,jp,1,tracker_no_s338_2026-08-24
2026-06-19,Mexico,6.8966852112302055,mx,1,tracker_no_s338_2026-08-24
2026-06-19,Rest of World,10.898954244073334,row,1,tracker_no_s338_2026-08-24
2026-06-19,UK,8.111789081818927,uk,1,tracker_no_s338_2026-08-24
2026-06-20,Canada,5.286316529391855,ca,1,tracker_no_s338_2026-08-24
2026-06-20,China,25.862186931993374,chn,1,tracker_no_s338_2026-08-24
2026-06-20,EU,9.269636670039375,eu,1,tracker_no_s338_2026-08-24
2026-06-20,Free-trade partners,9.43302144047934,fta,1,tracker_no_s338_2026-08-24
2026-06-20,Japan,13.07698391695779,jp,1,tracker_no_s338_2026-08-24
2026-06-20,Mexico,6.8966852112302055,mx,1,tracker_no_s338_2026-08-24
2026-06-20,Rest of World,10.898954244073334,row,1,tracker_no_s338_2026-08-24
2026-06-20,UK,8.111789081818927,uk,1,tracker_no_s338_2026-08-24
2026-06-21,Canada,5.286316529391855,ca,1,tracker_no_s338_2026-08-24
2026-06-21,China,25.862186931993374,chn,1,tracker_no_s338_2026-08-24
2026-06-21,EU,9.269636670039375,eu,1,tracker_no_s338_2026-08-24
2026-06-21,Free-trade partners,9.43302144047934,fta,1,tracker_no_s338_2026-08-24
2026-06-21,Japan,13.07698391695779,jp,1,tracker_no_s338_2026-08-24
2026-06-21,Mexico,6.8966852112302055,mx,1,tracker_no_s338_2026-08-24
2026-06-21,Rest of World,10.898954244073334,row,1,tracker_no_s338_2026-08-24
2026-06-21,UK,8.111789081818927,uk,1,tracker_no_s338_2026-08-24
2026-06-22,Canada,5.286316529391855,ca,1,tracker_no_s338_2026-08-24
2026-06-22,China,25.862186931993374,chn,1,tracker_no_s338_2026-08-24
2026-06-22,EU,9.269636670039375,eu,1,tracker_no_s338_2026-08-24
2026-06-22,Free-trade partners,9.43302144047934,fta,1,tracker_no_s338_2026-08-24
2026-06-22,Japan,13.07698391695779,jp,1,tracker_no_s338_2026-08-24
2026-06-22,Mexico,6.8966852112302055,mx,1,tracker_no_s338_2026-08-24
2026-06-22,Rest of World,10.898954244073334,row,1,tracker_no_s338_2026-08-24
2026-06-22,UK,8.111789081818927,uk,1,tracker_no_s338_2026-08-24
2026-06-23,Canada,5.286316529391855,ca,1,tracker_no_s338_2026-08-24
2026-06-23,China,25.862186931993374,chn,1,tracker_no_s338_2026-08-24
2026-06-23,EU,9.269636670039375,eu,1,tracker_no_s338_2026-08-24
2026-06-23,Free-trade partners,9.43302144047934,fta,1,tracker_no_s338_2026-08-24
2026-06-23,Japan,13.07698391695779,jp,1,tracker_no_s338_2026-08-24
2026-06-23,Mexico,6.8966852112302055,mx,1,tracker_no_s338_2026-08-24
2026-06-23,Rest of World,10.898954244073334,row,1,tracker_no_s338_2026-08-24
2026-06-23,UK,8.111789081818927,uk,1,tracker_no_s338_2026-08-24
2026-06-24,Canada,5.286316529391855,ca,1,tracker_no_s338_2026-08-24
2026-06-24,China,25.862186931993374,chn,1,tracker_no_s338_2026-08-24
2026-06-24,EU,9.269636670039375,eu,1,tracker_no_s338_2026-08-24
2026-06-24,Free-trade partners,9.43302144047934,fta,1,tracker_no_s338_2026-08-24
2026-06-24,Japan,13.07698391695779,jp,1,tracker_no_s338_2026-08-24
2026-06-24,Mexico,6.8966852112302055,mx,1,tracker_no_s338_2026-08-24
2026-06-24,Rest of World,10.898954244073334,row,1,tracker_no_s338_2026-08-24
2026-06-24,UK,8.111789081818927,uk,1,tracker_no_s338_2026-08-24
2026-06-25,Canada,5.286316529391855,ca,1,tracker_no_s338_2026-08-24
2026-06-25,China,25.862186931993374,chn,1,tracker_no_s338_2026-08-24
2026-06-25,EU,9.269636670039375,eu,1,tracker_no_s338_2026-08-24
2026-06-25,Free-trade partners,9.43302144047934,fta,1,tracker_no_s338_2026-08-24
2026-06-25,Japan,13.07698391695779,jp,1,tracker_no_s338_2026-08-24
2026-06-25,Mexico,6.8966852112302055,mx,1,tracker_no_s338_2026-08-24
2026-06-25,Rest of World,10.898954244073334,row,1,tracker_no_s338_2026-08-24
2026-06-25,UK,8.111789081818927,uk,1,tracker_no_s338_2026-08-24
2026-06-26,Canada,5.286316529391855,ca,1,tracker_no_s338_2026-08-24
2026-06-26,China,25.862186931993374,chn,1,tracker_no_s338_2026-08-24
2026-06-26,EU,9.269636670039375,eu,1,tracker_no_s338_2026-08-24
2026-06-26,Free-trade partners,9.43302144047934,fta,1,tracker_no_s338_2026-08-24
2026-06-26,Japan,13.07698391695779,jp,1,tracker_no_s338_2026-08-24
2026-06-26,Mexico,6.8966852112302055,mx,1,tracker_no_s338_2026-08-24
2026-06-26,Rest of World,10.898954244073334,row,1,tracker_no_s338_2026-08-24
2026-06-26,UK,8.111789081818927,uk,1,tracker_no_s338_2026-08-24
2026-06-27,Canada,5.286316529391855,ca,1,tracker_no_s338_2026-08-24
2026-06-27,China,25.862186931993374,chn,1,tracker_no_s338_2026-08-24
2026-06-27,EU,9.269636670039375,eu,1,tracker_no_s338_2026-08-24
2026-06-27,Free-trade partners,9.43302144047934,fta,1,tracker_no_s338_2026-08-24
2026-06-27,Japan,13.07698391695779,jp,1,tracker_no_s338_2026-08-24
2026-06-27,Mexico,6.8966852112302055,mx,1,tracker_no_s338_2026-08-24
2026-06-27,Rest of World,10.898954244073334,row,1,tracker_no_s338_2026-08-24
2026-06-27,UK,8.111789081818927,uk,1,tracker_no_s338_2026-08-24
2026-06-28,Canada,5.286316529391855,ca,1,tracker_no_s338_2026-08-24
2026-06-28,China,25.862186931993374,chn,1,tracker_no_s338_2026-08-24
2026-06-28,EU,9.269636670039375,eu,1,tracker_no_s338_2026-08-24
2026-06-28,Free-trade partners,9.43302144047934,fta,1,tracker_no_s338_2026-08-24
2026-06-28,Japan,13.07698391695779,jp,1,tracker_no_s338_2026-08-24
2026-06-28,Mexico,6.8966852112302055,mx,1,tracker_no_s338_2026-08-24
2026-06-28,Rest of World,10.898954244073334,row,1,tracker_no_s338_2026-08-24
2026-06-28,UK,8.111789081818927,uk,1,tracker_no_s338_2026-08-24
2026-06-29,Canada,5.286316529391855,ca,1,tracker_no_s338_2026-08-24
2026-06-29,China,25.862186931993374,chn,1,tracker_no_s338_2026-08-24
2026-06-29,EU,9.269636670039375,eu,1,tracker_no_s338_2026-08-24
2026-06-29,Free-trade partners,9.43302144047934,fta,1,tracker_no_s338_2026-08-24
2026-06-29,Japan,13.07698391695779,jp,1,tracker_no_s338_2026-08-24
2026-06-29,Mexico,6.8966852112302055,mx,1,tracker_no_s338_2026-08-24
2026-06-29,Rest of World,10.898954244073334,row,1,tracker_no_s338_2026-08-24
2026-06-29,UK,8.111789081818927,uk,1,tracker_no_s338_2026-08-24
2026-06-30,Canada,5.286316529391855,ca,1,tracker_no_s338_2026-08-24
2026-06-30,China,25.862186931993374,chn,1,tracker_no_s338_2026-08-24
2026-06-30,EU,9.269636670039375,eu,1,tracker_no_s338_2026-08-24
2026-06-30,Free-trade partners,9.43302144047934,fta,1,tracker_no_s338_2026-08-24
2026-06-30,Japan,13.07698391695779,jp,1,tracker_no_s338_2026-08-24
2026-06-30,Mexico,6.8966852112302055,mx,1,tracker_no_s338_2026-08-24
2026-06-30,Rest of World,10.898954244073334,row,1,tracker_no_s338_2026-08-24
2026-06-30,UK,8.111789081818927,uk,1,tracker_no_s338_2026-08-24
2026-07-01,Canada,5.287547828731678,ca,1,tracker_no_s338_2026-08-24
2026-07-01,China,25.908478023223957,chn,1,tracker_no_s338_2026-08-24
2026-07-01,EU,9.279866912643577,eu,1,tracker_no_s338_2026-08-24
2026-07-01,Free-trade partners,9.442148498137321,fta,1,tracker_no_s338_2026-08-24
2026-07-01,Japan,13.088592521572348,jp,1,tracker_no_s338_2026-08-24
2026-07-01,Mexico,6.8985768579342706,mx,1,tracker_no_s338_2026-08-24
2026-07-01,Rest of World,10.916021175876448,row,1,tracker_no_s338_2026-08-24
2026-07-01,UK,8.131865467740134,uk,1,tracker_no_s338_2026-08-24
2026-07-02,Canada,5.287547828731678,ca,1,tracker_no_s338_2026-08-24
2026-07-02,China,25.908478023223957,chn,1,tracker_no_s338_2026-08-24
2026-07-02,EU,9.279866912643577,eu,1,tracker_no_s338_2026-08-24
2026-07-02,Free-trade partners,9.442148498137321,fta,1,tracker_no_s338_2026-08-24
2026-07-02,Japan,13.088592521572348,jp,1,tracker_no_s338_2026-08-24
2026-07-02,Mexico,6.8985768579342706,mx,1,tracker_no_s338_2026-08-24
2026-07-02,Rest of World,10.916021175876448,row,1,tracker_no_s338_2026-08-24
2026-07-02,UK,8.131865467740134,uk,1,tracker_no_s338_2026-08-24
2026-07-03,Canada,5.287547828731678,ca,1,tracker_no_s338_2026-08-24
2026-07-03,China,25.908478023223957,chn,1,tracker_no_s338_2026-08-24
2026-07-03,EU,9.279866912643577,eu,1,tracker_no_s338_2026-08-24
2026-07-03,Free-trade partners,9.442148498137321,fta,1,tracker_no_s338_2026-08-24
2026-07-03,Japan,13.088592521572348,jp,1,tracker_no_s338_2026-08-24
2026-07-03,Mexico,6.8985768579342706,mx,1,tracker_no_s338_2026-08-24
2026-07-03,Rest of World,10.916021175876448,row,1,tracker_no_s338_2026-08-24
2026-07-03,UK,8.131865467740134,uk,1,tracker_no_s338_2026-08-24
2026-07-04,Canada,5.287547828731678,ca,1,tracker_no_s338_2026-08-24
2026-07-04,China,25.908478023223957,chn,1,tracker_no_s338_2026-08-24
2026-07-04,EU,9.279866912643577,eu,1,tracker_no_s338_2026-08-24
2026-07-04,Free-trade partners,9.442148498137321,fta,1,tracker_no_s338_2026-08-24
2026-07-04,Japan,13.088592521572348,jp,1,tracker_no_s338_2026-08-24
2026-07-04,Mexico,6.8985768579342706,mx,1,tracker_no_s338_2026-08-24
2026-07-04,Rest of World,10.916021175876448,row,1,tracker_no_s338_2026-08-24
2026-07-04,UK,8.131865467740134,uk,1,tracker_no_s338_2026-08-24
2026-07-05,Canada,5.287547828731678,ca,1,tracker_no_s338_2026-08-24
2026-07-05,China,25.908478023223957,chn,1,tracker_no_s338_2026-08-24
2026-07-05,EU,9.279866912643577,eu,1,tracker_no_s338_2026-08-24
2026-07-05,Free-trade partners,9.442148498137321,fta,1,tracker_no_s338_2026-08-24
2026-07-05,Japan,13.088592521572348,jp,1,tracker_no_s338_2026-08-24
2026-07-05,Mexico,6.8985768579342706,mx,1,tracker_no_s338_2026-08-24
2026-07-05,Rest of World,10.916021175876448,row,1,tracker_no_s338_2026-08-24
2026-07-05,UK,8.131865467740134,uk,1,tracker_no_s338_2026-08-24
2026-07-06,Canada,5.287547828731678,ca,1,tracker_no_s338_2026-08-24
2026-07-06,China,25.908478023223957,chn,1,tracker_no_s338_2026-08-24
2026-07-06,EU,9.279866912643577,eu,1,tracker_no_s338_2026-08-24
2026-07-06,Free-trade partners,9.442148498137321,fta,1,tracker_no_s338_2026-08-24
2026-07-06,Japan,13.088592521572348,jp,1,tracker_no_s338_2026-08-24
2026-07-06,Mexico,6.8985768579342706,mx,1,tracker_no_s338_2026-08-24
2026-07-06,Rest of World,10.916021175876448,row,1,tracker_no_s338_2026-08-24
2026-07-06,UK,8.131865467740134,uk,1,tracker_no_s338_2026-08-24
2026-07-07,Canada,5.287547828731678,ca,1,tracker_no_s338_2026-08-24
2026-07-07,China,25.908478023223957,chn,1,tracker_no_s338_2026-08-24
2026-07-07,EU,9.279866912643577,eu,1,tracker_no_s338_2026-08-24
2026-07-07,Free-trade partners,9.442148498137321,fta,1,tracker_no_s338_2026-08-24
2026-07-07,Japan,13.088592521572348,jp,1,tracker_no_s338_2026-08-24
2026-07-07,Mexico,6.8985768579342706,mx,1,tracker_no_s338_2026-08-24
2026-07-07,Rest of World,10.916021175876448,row,1,tracker_no_s338_2026-08-24
2026-07-07,UK,8.131865467740134,uk,1,tracker_no_s338_2026-08-24
2026-07-08,Canada,5.287547828731678,ca,1,tracker_no_s338_2026-08-24
2026-07-08,China,25.908478023223957,chn,1,tracker_no_s338_2026-08-24
2026-07-08,EU,9.279866912643577,eu,1,tracker_no_s338_2026-08-24
2026-07-08,Free-trade partners,9.442148498137321,fta,1,tracker_no_s338_2026-08-24
2026-07-08,Japan,13.088592521572348,jp,1,tracker_no_s338_2026-08-24
2026-07-08,Mexico,6.8985768579342706,mx,1,tracker_no_s338_2026-08-24
2026-07-08,Rest of World,10.916021175876448,row,1,tracker_no_s338_2026-08-24
2026-07-08,UK,8.131865467740134,uk,1,tracker_no_s338_2026-08-24
2026-07-09,Canada,5.287547828731678,ca,1,tracker_no_s338_2026-08-24
2026-07-09,China,25.908478023223957,chn,1,tracker_no_s338_2026-08-24
2026-07-09,EU,9.279866912643577,eu,1,tracker_no_s338_2026-08-24
2026-07-09,Free-trade partners,9.442148498137321,fta,1,tracker_no_s338_2026-08-24
2026-07-09,Japan,13.088592521572348,jp,1,tracker_no_s338_2026-08-24
2026-07-09,Mexico,6.8985768579342706,mx,1,tracker_no_s338_2026-08-24
2026-07-09,Rest of World,10.916021175876448,row,1,tracker_no_s338_2026-08-24
2026-07-09,UK,8.131865467740134,uk,1,tracker_no_s338_2026-08-24
2026-07-10,Canada,5.287547828731678,ca,1,tracker_no_s338_2026-08-24
2026-07-10,China,25.908478023223957,chn,1,tracker_no_s338_2026-08-24
2026-07-10,EU,9.279866912643577,eu,1,tracker_no_s338_2026-08-24
2026-07-10,Free-trade partners,9.442148498137321,fta,1,tracker_no_s338_2026-08-24
2026-07-10,Japan,13.088592521572348,jp,1,tracker_no_s338_2026-08-24
2026-07-10,Mexico,6.8985768579342706,mx,1,tracker_no_s338_2026-08-24
2026-07-10,Rest of World,10.916021175876448,row,1,tracker_no_s338_2026-08-24
2026-07-10,UK,8.131865467740134,uk,1,tracker_no_s338_2026-08-24
2026-07-11,Canada,5.287547828731678,ca,1,tracker_no_s338_2026-08-24
2026-07-11,China,25.908478023223957,chn,1,tracker_no_s338_2026-08-24
2026-07-11,EU,9.279866912643577,eu,1,tracker_no_s338_2026-08-24
2026-07-11,Free-trade partners,9.442148498137321,fta,1,tracker_no_s338_2026-08-24
2026-07-11,Japan,13.088592521572348,jp,1,tracker_no_s338_2026-08-24
2026-07-11,Mexico,6.8985768579342706,mx,1,tracker_no_s338_2026-08-24
2026-07-11,Rest of World,10.916021175876448,row,1,tracker_no_s338_2026-08-24
2026-07-11,UK,8.131865467740134,uk,1,tracker_no_s338_2026-08-24
2026-07-12,Canada,5.287547828731678,ca,1,tracker_no_s338_2026-08-24
2026-07-12,China,25.908478023223957,chn,1,tracker_no_s338_2026-08-24
2026-07-12,EU,9.279866912643577,eu,1,tracker_no_s338_2026-08-24
2026-07-12,Free-trade partners,9.442148498137321,fta,1,tracker_no_s338_2026-08-24
2026-07-12,Japan,13.088592521572348,jp,1,tracker_no_s338_2026-08-24
2026-07-12,Mexico,6.8985768579342706,mx,1,tracker_no_s338_2026-08-24
2026-07-12,Rest of World,10.916021175876448,row,1,tracker_no_s338_2026-08-24
2026-07-12,UK,8.131865467740134,uk,1,tracker_no_s338_2026-08-24
2026-07-13,Canada,5.287547828731678,ca,1,tracker_no_s338_2026-08-24
2026-07-13,China,25.908478023223957,chn,1,tracker_no_s338_2026-08-24
2026-07-13,EU,9.279866912643577,eu,1,tracker_no_s338_2026-08-24
2026-07-13,Free-trade partners,9.442148498137321,fta,1,tracker_no_s338_2026-08-24
2026-07-13,Japan,13.088592521572348,jp,1,tracker_no_s338_2026-08-24
2026-07-13,Mexico,6.8985768579342706,mx,1,tracker_no_s338_2026-08-24
2026-07-13,Rest of World,10.916021175876448,row,1,tracker_no_s338_2026-08-24
2026-07-13,UK,8.131865467740134,uk,1,tracker_no_s338_2026-08-24
2026-07-14,Canada,5.287547828731678,ca,1,tracker_no_s338_2026-08-24
2026-07-14,China,25.908478023223957,chn,1,tracker_no_s338_2026-08-24
2026-07-14,EU,9.279866912643577,eu,1,tracker_no_s338_2026-08-24
2026-07-14,Free-trade partners,9.442148498137321,fta,1,tracker_no_s338_2026-08-24
2026-07-14,Japan,13.088592521572348,jp,1,tracker_no_s338_2026-08-24
2026-07-14,Mexico,6.8985768579342706,mx,1,tracker_no_s338_2026-08-24
2026-07-14,Rest of World,10.916021175876448,row,1,tracker_no_s338_2026-08-24
2026-07-14,UK,8.131865467740134,uk,1,tracker_no_s338_2026-08-24
2026-07-15,Canada,5.287547828731678,ca,1,tracker_no_s338_2026-08-24
2026-07-15,China,25.908478023223957,chn,1,tracker_no_s338_2026-08-24
2026-07-15,EU,9.279866912643577,eu,1,tracker_no_s338_2026-08-24
2026-07-15,Free-trade partners,9.442148498137321,fta,1,tracker_no_s338_2026-08-24
2026-07-15,Japan,13.088592521572348,jp,1,tracker_no_s338_2026-08-24
2026-07-15,Mexico,6.8985768579342706,mx,1,tracker_no_s338_2026-08-24
2026-07-15,Rest of World,10.916021175876448,row,1,tracker_no_s338_2026-08-24
2026-07-15,UK,8.131865467740134,uk,1,tracker_no_s338_2026-08-24
2026-07-16,Canada,5.287547828731678,ca,1,tracker_no_s338_2026-08-24
2026-07-16,China,25.908478023223957,chn,1,tracker_no_s338_2026-08-24
2026-07-16,EU,9.279866912643577,eu,1,tracker_no_s338_2026-08-24
2026-07-16,Free-trade partners,9.442148498137321,fta,1,tracker_no_s338_2026-08-24
2026-07-16,Japan,13.088592521572348,jp,1,tracker_no_s338_2026-08-24
2026-07-16,Mexico,6.8985768579342706,mx,1,tracker_no_s338_2026-08-24
2026-07-16,Rest of World,10.916021175876448,row,1,tracker_no_s338_2026-08-24
2026-07-16,UK,8.131865467740134,uk,1,tracker_no_s338_2026-08-24
2026-07-17,Canada,5.287547828731678,ca,1,tracker_no_s338_2026-08-24
2026-07-17,China,25.908478023223957,chn,1,tracker_no_s338_2026-08-24
2026-07-17,EU,9.279866912643577,eu,1,tracker_no_s338_2026-08-24
2026-07-17,Free-trade partners,9.442148498137321,fta,1,tracker_no_s338_2026-08-24
2026-07-17,Japan,13.088592521572348,jp,1,tracker_no_s338_2026-08-24
2026-07-17,Mexico,6.8985768579342706,mx,1,tracker_no_s338_2026-08-24
2026-07-17,Rest of World,10.916021175876448,row,1,tracker_no_s338_2026-08-24
2026-07-17,UK,8.131865467740134,uk,1,tracker_no_s338_2026-08-24
2026-07-18,Canada,5.287547828731678,ca,1,tracker_no_s338_2026-08-24
2026-07-18,China,25.908478023223957,chn,1,tracker_no_s338_2026-08-24
2026-07-18,EU,9.279866912643577,eu,1,tracker_no_s338_2026-08-24
2026-07-18,Free-trade partners,9.442148498137321,fta,1,tracker_no_s338_2026-08-24
2026-07-18,Japan,13.088592521572348,jp,1,tracker_no_s338_2026-08-24
2026-07-18,Mexico,6.8985768579342706,mx,1,tracker_no_s338_2026-08-24
2026-07-18,Rest of World,10.916021175876448,row,1,tracker_no_s338_2026-08-24
2026-07-18,UK,8.131865467740134,uk,1,tracker_no_s338_2026-08-24
2026-07-19,Canada,5.287547828731678,ca,1,tracker_no_s338_2026-08-24
2026-07-19,China,25.908478023223957,chn,1,tracker_no_s338_2026-08-24
2026-07-19,EU,9.279866912643577,eu,1,tracker_no_s338_2026-08-24
2026-07-19,Free-trade partners,9.442148498137321,fta,1,tracker_no_s338_2026-08-24
2026-07-19,Japan,13.088592521572348,jp,1,tracker_no_s338_2026-08-24
2026-07-19,Mexico,6.8985768579342706,mx,1,tracker_no_s338_2026-08-24
2026-07-19,Rest of World,10.916021175876448,row,1,tracker_no_s338_2026-08-24
2026-07-19,UK,8.131865467740134,uk,1,tracker_no_s338_2026-08-24
2026-07-20,Canada,5.287547828731678,ca,1,tracker_no_s338_2026-08-24
2026-07-20,China,25.908478023223957,chn,1,tracker_no_s338_2026-08-24
2026-07-20,EU,9.279866912643577,eu,1,tracker_no_s338_2026-08-24
2026-07-20,Free-trade partners,9.442148498137321,fta,1,tracker_no_s338_2026-08-24
2026-07-20,Japan,13.088592521572348,jp,1,tracker_no_s338_2026-08-24
2026-07-20,Mexico,6.8985768579342706,mx,1,tracker_no_s338_2026-08-24
2026-07-20,Rest of World,10.916021175876448,row,1,tracker_no_s338_2026-08-24
2026-07-20,UK,8.131865467740134,uk,1,tracker_no_s338_2026-08-24
2026-07-21,Canada,5.287547828731678,ca,1,tracker_no_s338_2026-08-24
2026-07-21,China,25.908478023223957,chn,1,tracker_no_s338_2026-08-24
2026-07-21,EU,9.279866912643577,eu,1,tracker_no_s338_2026-08-24
2026-07-21,Free-trade partners,9.442148498137321,fta,1,tracker_no_s338_2026-08-24
2026-07-21,Japan,13.088592521572348,jp,1,tracker_no_s338_2026-08-24
2026-07-21,Mexico,6.8985768579342706,mx,1,tracker_no_s338_2026-08-24
2026-07-21,Rest of World,10.916021175876448,row,1,tracker_no_s338_2026-08-24
2026-07-21,UK,8.131865467740134,uk,1,tracker_no_s338_2026-08-24
2026-07-22,Canada,5.287547828731678,ca,1,tracker_no_s338_2026-08-24
2026-07-22,China,25.908478023223957,chn,1,tracker_no_s338_2026-08-24
2026-07-22,EU,9.279866912643577,eu,1,tracker_no_s338_2026-08-24
2026-07-22,Free-trade partners,9.442148498137321,fta,1,tracker_no_s338_2026-08-24
2026-07-22,Japan,13.088592521572348,jp,1,tracker_no_s338_2026-08-24
2026-07-22,Mexico,6.8985768579342706,mx,1,tracker_no_s338_2026-08-24
2026-07-22,Rest of World,11.2158398503269,row,1,tracker_no_s338_2026-08-24
2026-07-22,UK,8.131865467740134,uk,1,tracker_no_s338_2026-08-24
2026-07-23,Canada,5.287547828731678,ca,1,tracker_no_s338_2026-08-24
2026-07-23,China,25.908478023223957,chn,1,tracker_no_s338_2026-08-24
2026-07-23,EU,9.279866912643577,eu,1,tracker_no_s338_2026-08-24
2026-07-23,Free-trade partners,9.442148498137321,fta,1,tracker_no_s338_2026-08-24
2026-07-23,Japan,13.088592521572348,jp,1,tracker_no_s338_2026-08-24
2026-07-23,Mexico,6.8985768579342706,mx,1,tracker_no_s338_2026-08-24
2026-07-23,Rest of World,11.2158398503269,row,1,tracker_no_s338_2026-08-24
2026-07-23,UK,8.131865467740134,uk,1,tracker_no_s338_2026-08-24
2026-07-24,Canada,5.267403185384271,ca,1,tracker_no_s338_2026-08-24
2026-07-24,China,26.520549328450738,chn,1,tracker_no_s338_2026-08-24
2026-07-24,EU,7.916033118063899,eu,1,tracker_no_s338_2026-08-24
2026-07-24,Free-trade partners,9.302631351512725,fta,1,tracker_no_s338_2026-08-24
2026-07-24,Japan,12.943671914473642,jp,1,tracker_no_s338_2026-08-24
2026-07-24,Mexico,6.845835828457446,mx,1,tracker_no_s338_2026-08-24
2026-07-24,Rest of World,10.943891745335947,row,1,tracker_no_s338_2026-08-24
2026-07-24,UK,7.060834026029957,uk,1,tracker_no_s338_2026-08-24
2026-07-25,Canada,5.267403185384271,ca,1,tracker_no_s338_2026-08-24
2026-07-25,China,26.520549328450738,chn,1,tracker_no_s338_2026-08-24
2026-07-25,EU,7.916033118063899,eu,1,tracker_no_s338_2026-08-24
2026-07-25,Free-trade partners,9.302631351512725,fta,1,tracker_no_s338_2026-08-24
2026-07-25,Japan,12.943671914473642,jp,1,tracker_no_s338_2026-08-24
2026-07-25,Mexico,6.845835828457446,mx,1,tracker_no_s338_2026-08-24
2026-07-25,Rest of World,10.943891745335947,row,1,tracker_no_s338_2026-08-24
2026-07-25,UK,7.060834026029957,uk,1,tracker_no_s338_2026-08-24
2026-07-26,Canada,5.267403185384271,ca,1,tracker_no_s338_2026-08-24
2026-07-26,China,26.520549328450738,chn,1,tracker_no_s338_2026-08-24
2026-07-26,EU,7.916033118063899,eu,1,tracker_no_s338_2026-08-24
2026-07-26,Free-trade partners,9.302631351512725,fta,1,tracker_no_s338_2026-08-24
2026-07-26,Japan,12.943671914473642,jp,1,tracker_no_s338_2026-08-24
2026-07-26,Mexico,6.845835828457446,mx,1,tracker_no_s338_2026-08-24
2026-07-26,Rest of World,10.943891745335947,row,1,tracker_no_s338_2026-08-24
2026-07-26,UK,7.060834026029957,uk,1,tracker_no_s338_2026-08-24
2026-07-27,Canada,5.267403185384271,ca,1,tracker_no_s338_2026-08-24
2026-07-27,China,26.520549328450738,chn,1,tracker_no_s338_2026-08-24
2026-07-27,EU,7.916033118063899,eu,1,tracker_no_s338_2026-08-24
2026-07-27,Free-trade partners,9.302631351512725,fta,1,tracker_no_s338_2026-08-24
2026-07-27,Japan,12.943671914473642,jp,1,tracker_no_s338_2026-08-24
2026-07-27,Mexico,6.845835828457446,mx,1,tracker_no_s338_2026-08-24
2026-07-27,Rest of World,10.943891745335947,row,1,tracker_no_s338_2026-08-24
2026-07-27,UK,7.060834026029957,uk,1,tracker_no_s338_2026-08-24
2026-07-28,Canada,5.267403185384271,ca,1,tracker_no_s338_2026-08-24
2026-07-28,China,26.520549328450738,chn,1,tracker_no_s338_2026-08-24
2026-07-28,EU,7.916033118063899,eu,1,tracker_no_s338_2026-08-24
2026-07-28,Free-trade partners,9.302631351512725,fta,1,tracker_no_s338_2026-08-24
2026-07-28,Japan,12.943671914473642,jp,1,tracker_no_s338_2026-08-24
2026-07-28,Mexico,6.845835828457446,mx,1,tracker_no_s338_2026-08-24
2026-07-28,Rest of World,10.943891745335947,row,1,tracker_no_s338_2026-08-24
2026-07-28,UK,7.060834026029957,uk,1,tracker_no_s338_2026-08-24
2026-07-29,Canada,5.267403185384271,ca,1,tracker_no_s338_2026-08-24
2026-07-29,China,26.520549328450738,chn,1,tracker_no_s338_2026-08-24
2026-07-29,EU,7.916033118063899,eu,1,tracker_no_s338_2026-08-24
2026-07-29,Free-trade partners,9.302631351512725,fta,1,tracker_no_s338_2026-08-24
2026-07-29,Japan,12.943671914473642,jp,1,tracker_no_s338_2026-08-24
2026-07-29,Mexico,6.845835828457446,mx,1,tracker_no_s338_2026-08-24
2026-07-29,Rest of World,10.943891745335947,row,1,tracker_no_s338_2026-08-24
2026-07-29,UK,7.060834026029957,uk,1,tracker_no_s338_2026-08-24
2026-07-30,Canada,5.267403185384271,ca,1,tracker_no_s338_2026-08-24
2026-07-30,China,26.520549328450738,chn,1,tracker_no_s338_2026-08-24
2026-07-30,EU,7.916033118063899,eu,1,tracker_no_s338_2026-08-24
2026-07-30,Free-trade partners,9.302631351512725,fta,1,tracker_no_s338_2026-08-24
2026-07-30,Japan,12.943671914473642,jp,1,tracker_no_s338_2026-08-24
2026-07-30,Mexico,6.845835828457446,mx,1,tracker_no_s338_2026-08-24
2026-07-30,Rest of World,10.943891745335947,row,1,tracker_no_s338_2026-08-24
2026-07-30,UK,7.060834026029957,uk,1,tracker_no_s338_2026-08-24
2026-07-31,Canada,5.267296618958872,ca,1,tracker_no_s338_2026-08-24
2026-07-31,China,26.512779664891777,chn,1,tracker_no_s338_2026-08-24
2026-07-31,EU,7.906411075941583,eu,1,tracker_no_s338_2026-08-24
2026-07-31,Free-trade partners,9.27708897669308,fta,1,tracker_no_s338_2026-08-24
2026-07-31,Japan,12.942568380499939,jp,1,tracker_no_s338_2026-08-24
2026-07-31,Mexico,6.84581107629548,mx,1,tracker_no_s338_2026-08-24
2026-07-31,Rest of World,10.940317693318558,row,1,tracker_no_s338_2026-08-24
2026-07-31,UK,7.057326074191231,uk,1,tracker_no_s338_2026-08-24
2026-08-01,Canada,5.267296618958872,ca,1,tracker_no_s338_2026-08-24
2026-08-01,China,26.512779664891777,chn,1,tracker_no_s338_2026-08-24
2026-08-01,EU,7.906411075941583,eu,1,tracker_no_s338_2026-08-24
2026-08-01,Free-trade partners,9.27708897669308,fta,1,tracker_no_s338_2026-08-24
2026-08-01,Japan,12.942568380499939,jp,1,tracker_no_s338_2026-08-24
2026-08-01,Mexico,6.84581107629548,mx,1,tracker_no_s338_2026-08-24
2026-08-01,Rest of World,10.940317693318558,row,1,tracker_no_s338_2026-08-24
2026-08-01,UK,7.057326074191231,uk,1,tracker_no_s338_2026-08-24
2026-08-02,Canada,5.267296618958872,ca,1,tracker_no_s338_2026-08-24
2026-08-02,China,26.512779664891777,chn,1,tracker_no_s338_2026-08-24
2026-08-02,EU,7.906411075941583,eu,1,tracker_no_s338_2026-08-24
2026-08-02,Free-trade partners,9.27708897669308,fta,1,tracker_no_s338_2026-08-24
2026-08-02,Japan,12.942568380499939,jp,1,tracker_no_s338_2026-08-24
2026-08-02,Mexico,6.84581107629548,mx,1,tracker_no_s338_2026-08-24
2026-08-02,Rest of World,10.940317693318558,row,1,tracker_no_s338_2026-08-24
2026-08-02,UK,7.057326074191231,uk,1,tracker_no_s338_2026-08-24
2026-08-03,Canada,5.267296618958872,ca,1,tracker_no_s338_2026-08-24
2026-08-03,China,26.512779664891777,chn,1,tracker_no_s338_2026-08-24
2026-08-03,EU,7.906411075941583,eu,1,tracker_no_s338_2026-08-24
2026-08-03,Free-trade partners,9.27708897669308,fta,1,tracker_no_s338_2026-08-24
2026-08-03,Japan,12.942568380499939,jp,1,tracker_no_s338_2026-08-24
2026-08-03,Mexico,6.84581107629548,mx,1,tracker_no_s338_2026-08-24
2026-08-03,Rest of World,10.940317693318558,row,1,tracker_no_s338_2026-08-24
2026-08-03,UK,7.057326074191231,uk,1,tracker_no_s338_2026-08-24
2026-08-04,Canada,5.267296618958872,ca,1,tracker_no_s338_2026-08-24
2026-08-04,China,26.512779664891777,chn,1,tracker_no_s338_2026-08-24
2026-08-04,EU,7.906411075941583,eu,1,tracker_no_s338_2026-08-24
2026-08-04,Free-trade partners,9.27708897669308,fta,1,tracker_no_s338_2026-08-24
2026-08-04,Japan,12.942568380499939,jp,1,tracker_no_s338_2026-08-24
2026-08-04,Mexico,6.84581107629548,mx,1,tracker_no_s338_2026-08-24
2026-08-04,Rest of World,10.940317693318558,row,1,tracker_no_s338_2026-08-24
2026-08-04,UK,7.057326074191231,uk,1,tracker_no_s338_2026-08-24
2026-08-05,Canada,5.267296618958872,ca,1,tracker_no_s338_2026-08-24
2026-08-05,China,26.512779664891777,chn,1,tracker_no_s338_2026-08-24
2026-08-05,EU,7.906411075941583,eu,1,tracker_no_s338_2026-08-24
2026-08-05,Free-trade partners,9.27708897669308,fta,1,tracker_no_s338_2026-08-24
2026-08-05,Japan,12.942568380499939,jp,1,tracker_no_s338_2026-08-24
2026-08-05,Mexico,6.84581107629548,mx,1,tracker_no_s338_2026-08-24
2026-08-05,Rest of World,10.940317693318558,row,1,tracker_no_s338_2026-08-24
2026-08-05,UK,7.057326074191231,uk,1,tracker_no_s338_2026-08-24
2026-08-06,Canada,5.267296618958872,ca,1,tracker_no_s338_2026-08-24
2026-08-06,China,26.512779664891777,chn,1,tracker_no_s338_2026-08-24
2026-08-06,EU,7.906411075941583,eu,1,tracker_no_s338_2026-08-24
2026-08-06,Free-trade partners,9.27708897669308,fta,1,tracker_no_s338_2026-08-24
2026-08-06,Japan,12.942568380499939,jp,1,tracker_no_s338_2026-08-24
2026-08-06,Mexico,6.84581107629548,mx,1,tracker_no_s338_2026-08-24
2026-08-06,Rest of World,10.940317693318558,row,1,tracker_no_s338_2026-08-24
2026-08-06,UK,7.057326074191231,uk,1,tracker_no_s338_2026-08-24
2026-08-07,Canada,5.267296618958872,ca,1,tracker_no_s338_2026-08-24
2026-08-07,China,26.512779664891777,chn,1,tracker_no_s338_2026-08-24
2026-08-07,EU,7.906411075941583,eu,1,tracker_no_s338_2026-08-24
2026-08-07,Free-trade partners,9.27708897669308,fta,1,tracker_no_s338_2026-08-24
2026-08-07,Japan,12.942568380499939,jp,1,tracker_no_s338_2026-08-24
2026-08-07,Mexico,6.84581107629548,mx,1,tracker_no_s338_2026-08-24
2026-08-07,Rest of World,10.940317693318558,row,1,tracker_no_s338_2026-08-24
2026-08-07,UK,7.057326074191231,uk,1,tracker_no_s338_2026-08-24
2026-08-08,Canada,5.267296618958872,ca,1,tracker_no_s338_2026-08-24
2026-08-08,China,26.512779664891777,chn,1,tracker_no_s338_2026-08-24
2026-08-08,EU,7.906411075941583,eu,1,tracker_no_s338_2026-08-24
2026-08-08,Free-trade partners,9.27708897669308,fta,1,tracker_no_s338_2026-08-24
2026-08-08,Japan,12.942568380499939,jp,1,tracker_no_s338_2026-08-24
2026-08-08,Mexico,6.84581107629548,mx,1,tracker_no_s338_2026-08-24
2026-08-08,Rest of World,10.940317693318558,row,1,tracker_no_s338_2026-08-24
2026-08-08,UK,7.057326074191231,uk,1,tracker_no_s338_2026-08-24
2026-08-09,Canada,5.267296618958872,ca,1,tracker_no_s338_2026-08-24
2026-08-09,China,26.512779664891777,chn,1,tracker_no_s338_2026-08-24
2026-08-09,EU,7.906411075941583,eu,1,tracker_no_s338_2026-08-24
2026-08-09,Free-trade partners,9.27708897669308,fta,1,tracker_no_s338_2026-08-24
2026-08-09,Japan,12.942568380499939,jp,1,tracker_no_s338_2026-08-24
2026-08-09,Mexico,6.84581107629548,mx,1,tracker_no_s338_2026-08-24
2026-08-09,Rest of World,10.940317693318558,row,1,tracker_no_s338_2026-08-24
2026-08-09,UK,7.057326074191231,uk,1,tracker_no_s338_2026-08-24
2026-08-10,Canada,5.267296618958872,ca,1,tracker_no_s338_2026-08-24
2026-08-10,China,26.512779664891777,chn,1,tracker_no_s338_2026-08-24
2026-08-10,EU,7.906411075941583,eu,1,tracker_no_s338_2026-08-24
2026-08-10,Free-trade partners,9.27708897669308,fta,1,tracker_no_s338_2026-08-24
2026-08-10,Japan,12.942568380499939,jp,1,tracker_no_s338_2026-08-24
2026-08-10,Mexico,6.84581107629548,mx,1,tracker_no_s338_2026-08-24
2026-08-10,Rest of World,10.940317693318558,row,1,tracker_no_s338_2026-08-24
2026-08-10,UK,7.057326074191231,uk,1,tracker_no_s338_2026-08-24
2026-08-11,Canada,5.267296618958872,ca,1,tracker_no_s338_2026-08-24
2026-08-11,China,26.512779664891777,chn,1,tracker_no_s338_2026-08-24
2026-08-11,EU,7.906411075941583,eu,1,tracker_no_s338_2026-08-24
2026-08-11,Free-trade partners,9.27708897669308,fta,1,tracker_no_s338_2026-08-24
2026-08-11,Japan,12.942568380499939,jp,1,tracker_no_s338_2026-08-24
2026-08-11,Mexico,6.84581107629548,mx,1,tracker_no_s338_2026-08-24
2026-08-11,Rest of World,10.940317693318558,row,1,tracker_no_s338_2026-08-24
2026-08-11,UK,7.057326074191231,uk,1,tracker_no_s338_2026-08-24
2026-08-12,Canada,5.267296618958872,ca,1,tracker_no_s338_2026-08-24
2026-08-12,China,26.512779664891777,chn,1,tracker_no_s338_2026-08-24
2026-08-12,EU,7.906411075941583,eu,1,tracker_no_s338_2026-08-24
2026-08-12,Free-trade partners,9.27708897669308,fta,1,tracker_no_s338_2026-08-24
2026-08-12,Japan,12.942568380499939,jp,1,tracker_no_s338_2026-08-24
2026-08-12,Mexico,6.84581107629548,mx,1,tracker_no_s338_2026-08-24
2026-08-12,Rest of World,10.940317693318558,row,1,tracker_no_s338_2026-08-24
2026-08-12,UK,7.057326074191231,uk,1,tracker_no_s338_2026-08-24
2026-08-13,Canada,5.267296618958872,ca,1,tracker_no_s338_2026-08-24
2026-08-13,China,26.512779664891777,chn,1,tracker_no_s338_2026-08-24
2026-08-13,EU,7.906411075941583,eu,1,tracker_no_s338_2026-08-24
2026-08-13,Free-trade partners,9.27708897669308,fta,1,tracker_no_s338_2026-08-24
2026-08-13,Japan,12.942568380499939,jp,1,tracker_no_s338_2026-08-24
2026-08-13,Mexico,6.84581107629548,mx,1,tracker_no_s338_2026-08-24
2026-08-13,Rest of World,10.940317693318558,row,1,tracker_no_s338_2026-08-24
2026-08-13,UK,7.057326074191231,uk,1,tracker_no_s338_2026-08-24
2026-08-14,Canada,5.267296618958872,ca,1,tracker_no_s338_2026-08-24
2026-08-14,China,26.512779664891777,chn,1,tracker_no_s338_2026-08-24
2026-08-14,EU,7.906411075941583,eu,1,tracker_no_s338_2026-08-24
2026-08-14,Free-trade partners,9.27708897669308,fta,1,tracker_no_s338_2026-08-24
2026-08-14,Japan,12.942568380499939,jp,1,tracker_no_s338_2026-08-24
2026-08-14,Mexico,6.84581107629548,mx,1,tracker_no_s338_2026-08-24
2026-08-14,Rest of World,10.940317693318558,row,1,tracker_no_s338_2026-08-24
2026-08-14,UK,7.057326074191231,uk,1,tracker_no_s338_2026-08-24
2026-08-15,Canada,5.267296618958872,ca,1,tracker_no_s338_2026-08-24
2026-08-15,China,26.512779664891777,chn,1,tracker_no_s338_2026-08-24
2026-08-15,EU,7.906411075941583,eu,1,tracker_no_s338_2026-08-24
2026-08-15,Free-trade partners,9.27708897669308,fta,1,tracker_no_s338_2026-08-24
2026-08-15,Japan,12.942568380499939,jp,1,tracker_no_s338_2026-08-24
2026-08-15,Mexico,6.84581107629548,mx,1,tracker_no_s338_2026-08-24
2026-08-15,Rest of World,10.940317693318558,row,1,tracker_no_s338_2026-08-24
2026-08-15,UK,7.057326074191231,uk,1,tracker_no_s338_2026-08-24
2026-08-16,Canada,5.267296618958872,ca,1,tracker_no_s338_2026-08-24
2026-08-16,China,26.512779664891777,chn,1,tracker_no_s338_2026-08-24
2026-08-16,EU,7.906411075941583,eu,1,tracker_no_s338_2026-08-24
2026-08-16,Free-trade partners,9.27708897669308,fta,1,tracker_no_s338_2026-08-24
2026-08-16,Japan,12.942568380499939,jp,1,tracker_no_s338_2026-08-24
2026-08-16,Mexico,6.84581107629548,mx,1,tracker_no_s338_2026-08-24
2026-08-16,Rest of World,10.940317693318558,row,1,tracker_no_s338_2026-08-24
2026-08-16,UK,7.057326074191231,uk,1,tracker_no_s338_2026-08-24
2026-08-17,Canada,5.267296618958872,ca,1,tracker_no_s338_2026-08-24
2026-08-17,China,26.512779664891777,chn,1,tracker_no_s338_2026-08-24
2026-08-17,EU,7.906411075941583,eu,1,tracker_no_s338_2026-08-24
2026-08-17,Free-trade partners,9.27708897669308,fta,1,tracker_no_s338_2026-08-24
2026-08-17,Japan,12.942568380499939,jp,1,tracker_no_s338_2026-08-24
2026-08-17,Mexico,6.84581107629548,mx,1,tracker_no_s338_2026-08-24
2026-08-17,Rest of World,10.940317693318558,row,1,tracker_no_s338_2026-08-24
2026-08-17,UK,7.057326074191231,uk,1,tracker_no_s338_2026-08-24
2026-08-18,Canada,5.267296618958872,ca,1,tracker_no_s338_2026-08-24
2026-08-18,China,26.512779664891777,chn,1,tracker_no_s338_2026-08-24
2026-08-18,EU,7.906411075941583,eu,1,tracker_no_s338_2026-08-24
2026-08-18,Free-trade partners,9.27708897669308,fta,1,tracker_no_s338_2026-08-24
2026-08-18,Japan,12.942568380499939,jp,1,tracker_no_s338_2026-08-24
2026-08-18,Mexico,6.84581107629548,mx,1,tracker_no_s338_2026-08-24
2026-08-18,Rest of World,10.940317693318558,row,1,tracker_no_s338_2026-08-24
2026-08-18,UK,7.057326074191231,uk,1,tracker_no_s338_2026-08-24
2026-08-19,Canada,5.267296618958872,ca,1,tracker_no_s338_2026-08-24
2026-08-19,China,26.512779664891777,chn,1,tracker_no_s338_2026-08-24
2026-08-19,EU,7.906411075941583,eu,1,tracker_no_s338_2026-08-24
2026-08-19,Free-trade partners,9.27708897669308,fta,1,tracker_no_s338_2026-08-24
2026-08-19,Japan,12.942568380499939,jp,1,tracker_no_s338_2026-08-24
2026-08-19,Mexico,6.84581107629548,mx,1,tracker_no_s338_2026-08-24
2026-08-19,Rest of World,10.940317693318558,row,1,tracker_no_s338_2026-08-24
2026-08-19,UK,7.057326074191231,uk,1,tracker_no_s338_2026-08-24
2026-08-20,Canada,5.267296618958872,ca,1,tracker_no_s338_2026-08-24
2026-08-20,China,26.512779664891777,chn,1,tracker_no_s338_2026-08-24
2026-08-20,EU,7.906411075941583,eu,1,tracker_no_s338_2026-08-24
2026-08-20,Free-trade partners,9.27708897669308,fta,1,tracker_no_s338_2026-08-24
2026-08-20,Japan,12.942568380499939,jp,1,tracker_no_s338_2026-08-24
2026-08-20,Mexico,6.84581107629548,mx,1,tracker_no_s338_2026-08-24
2026-08-20,Rest of World,10.940317693318558,row,1,tracker_no_s338_2026-08-24
2026-08-20,UK,7.057326074191231,uk,1,tracker_no_s338_2026-08-24
2026-08-21,Canada,5.267296618958872,ca,1,tracker_no_s338_2026-08-24
2026-08-21,China,26.512779664891777,chn,1,tracker_no_s338_2026-08-24
2026-08-21,EU,7.906411075941583,eu,1,tracker_no_s338_2026-08-24
2026-08-21,Free-trade partners,9.27708897669308,fta,1,tracker_no_s338_2026-08-24
2026-08-21,Japan,12.942568380499939,jp,1,tracker_no_s338_2026-08-24
2026-08-21,Mexico,6.84581107629548,mx,1,tracker_no_s338_2026-08-24
2026-08-21,Rest of World,10.940317693318558,row,1,tracker_no_s338_2026-08-24
2026-08-21,UK,7.057326074191231,uk,1,tracker_no_s338_2026-08-24
2026-08-22,Canada,5.267296618958872,ca,1,tracker_no_s338_2026-08-24
2026-08-22,China,26.512779664891777,chn,1,tracker_no_s338_2026-08-24
2026-08-22,EU,7.906411075941583,eu,1,tracker_no_s338_2026-08-24
2026-08-22,Free-trade partners,9.27708897669308,fta,1,tracker_no_s338_2026-08-24
2026-08-22,Japan,12.942568380499939,jp,1,tracker_no_s338_2026-08-24
2026-08-22,Mexico,6.84581107629548,mx,1,tracker_no_s338_2026-08-24
2026-08-22,Rest of World,10.940317693318558,row,1,tracker_no_s338_2026-08-24
2026-08-22,UK,7.057326074191231,uk,1,tracker_no_s338_2026-08-24
2026-08-23,Canada,5.267296618958872,ca,1,tracker_no_s338_2026-08-24
2026-08-23,China,26.512779664891777,chn,1,tracker_no_s338_2026-08-24
2026-08-23,EU,7.906411075941583,eu,1,tracker_no_s338_2026-08-24
2026-08-23,Free-trade partners,9.27708897669308,fta,1,tracker_no_s338_2026-08-24
2026-08-23,Japan,12.942568380499939,jp,1,tracker_no_s338_2026-08-24
2026-08-23,Mexico,6.84581107629548,mx,1,tracker_no_s338_2026-08-24
2026-08-23,Rest of World,10.940317693318558,row,1,tracker_no_s338_2026-08-24
2026-08-23,UK,7.057326074191231,uk,1,tracker_no_s338_2026-08-24
2026-08-24,Canada,5.267296618958872,ca,1,tracker_no_s338_2026-08-24
2026-08-24,China,26.512779664891777,chn,1,tracker_no_s338_2026-08-24
2026-08-24,EU,7.906411075941583,eu,1,tracker_no_s338_2026-08-24
2026-08-24,Free-trade partners,9.27708897669308,fta,1,tracker_no_s338_2026-08-24
2026-08-24,Japan,12.942568380499939,jp,1,tracker_no_s338_2026-08-24
2026-08-24,Mexico,6.84581107629548,mx,1,tracker_no_s338_2026-08-24
2026-08-24,Rest of World,10.940317693318558,row,1,tracker_no_s338_2026-08-24
2026-08-24,UK,7.057326074191231,uk,1,tracker_no_s338_2026-08-24
2026-08-25,Canada,5.267296618958872,ca,1,tracker_no_s338_2026-08-24
2026-08-25,China,26.512779664891777,chn,1,tracker_no_s338_2026-08-24
2026-08-25,EU,7.906411075941583,eu,1,tracker_no_s338_2026-08-24
2026-08-25,Free-trade partners,9.27708897669308,fta,1,tracker_no_s338_2026-08-24
2026-08-25,Japan,12.942568380499939,jp,1,tracker_no_s338_2026-08-24
2026-08-25,Mexico,6.84581107629548,mx,1,tracker_no_s338_2026-08-24
2026-08-25,Rest of World,10.940317693318558,row,1,tracker_no_s338_2026-08-24
2026-08-25,UK,7.057326074191231,uk,1,tracker_no_s338_2026-08-24
2026-08-26,Canada,5.267296618958872,ca,1,tracker_no_s338_2026-08-24
2026-08-26,China,26.512779664891777,chn,1,tracker_no_s338_2026-08-24
2026-08-26,EU,7.906411075941583,eu,1,tracker_no_s338_2026-08-24
2026-08-26,Free-trade partners,9.27708897669308,fta,1,tracker_no_s338_2026-08-24
2026-08-26,Japan,12.942568380499939,jp,1,tracker_no_s338_2026-08-24
2026-08-26,Mexico,6.84581107629548,mx,1,tracker_no_s338_2026-08-24
2026-08-26,Rest of World,10.940317693318558,row,1,tracker_no_s338_2026-08-24
2026-08-26,UK,7.057326074191231,uk,1,tracker_no_s338_2026-08-24
2026-08-27,Canada,5.267296618958872,ca,1,tracker_no_s338_2026-08-24
2026-08-27,China,26.512779664891777,chn,1,tracker_no_s338_2026-08-24
2026-08-27,EU,7.906411075941583,eu,1,tracker_no_s338_2026-08-24
2026-08-27,Free-trade partners,9.27708897669308,fta,1,tracker_no_s338_2026-08-24
2026-08-27,Japan,12.942568380499939,jp,1,tracker_no_s338_2026-08-24
2026-08-27,Mexico,6.84581107629548,mx,1,tracker_no_s338_2026-08-24
2026-08-27,Rest of World,10.940317693318558,row,1,tracker_no_s338_2026-08-24
2026-08-27,UK,7.057326074191231,uk,1,tracker_no_s338_2026-08-24
2026-08-28,Canada,5.267296618958872,ca,1,tracker_no_s338_2026-08-24
2026-08-28,China,26.512779664891777,chn,1,tracker_no_s338_2026-08-24
2026-08-28,EU,7.906411075941583,eu,1,tracker_no_s338_2026-08-24
2026-08-28,Free-trade partners,9.27708897669308,fta,1,tracker_no_s338_2026-08-24
2026-08-28,Japan,12.942568380499939,jp,1,tracker_no_s338_2026-08-24
2026-08-28,Mexico,6.84581107629548,mx,1,tracker_no_s338_2026-08-24
2026-08-28,Rest of World,10.940317693318558,row,1,tracker_no_s338_2026-08-24
2026-08-28,UK,7.057326074191231,uk,1,tracker_no_s338_2026-08-24
2026-08-29,Canada,5.267296618958872,ca,1,tracker_no_s338_2026-08-24
2026-08-29,China,26.512779664891777,chn,1,tracker_no_s338_2026-08-24
2026-08-29,EU,7.906411075941583,eu,1,tracker_no_s338_2026-08-24
2026-08-29,Free-trade partners,9.27708897669308,fta,1,tracker_no_s338_2026-08-24
2026-08-29,Japan,12.942568380499939,jp,1,tracker_no_s338_2026-08-24
2026-08-29,Mexico,6.84581107629548,mx,1,tracker_no_s338_2026-08-24
2026-08-29,Rest of World,10.940317693318558,row,1,tracker_no_s338_2026-08-24
2026-08-29,UK,7.057326074191231,uk,1,tracker_no_s338_2026-08-24
2026-08-30,Canada,5.267296618958872,ca,1,tracker_no_s338_2026-08-24
2026-08-30,China,26.512779664891777,chn,1,tracker_no_s338_2026-08-24
2026-08-30,EU,7.906411075941583,eu,1,tracker_no_s338_2026-08-24
2026-08-30,Free-trade partners,9.27708897669308,fta,1,tracker_no_s338_2026-08-24
2026-08-30,Japan,12.942568380499939,jp,1,tracker_no_s338_2026-08-24
2026-08-30,Mexico,6.84581107629548,mx,1,tracker_no_s338_2026-08-24
2026-08-30,Rest of World,10.940317693318558,row,1,tracker_no_s338_2026-08-24
2026-08-30,UK,7.057326074191231,uk,1,tracker_no_s338_2026-08-24
2026-08-31,Canada,5.267296618958872,ca,1,tracker_no_s338_2026-08-24
2026-08-31,China,26.512779664891777,chn,1,tracker_no_s338_2026-08-24
2026-08-31,EU,7.906411075941583,eu,1,tracker_no_s338_2026-08-24
2026-08-31,Free-trade partners,9.27708897669308,fta,1,tracker_no_s338_2026-08-24
2026-08-31,Japan,12.942568380499939,jp,1,tracker_no_s338_2026-08-24
2026-08-31,Mexico,6.84581107629548,mx,1,tracker_no_s338_2026-08-24
2026-08-31,Rest of World,10.940317693318558,row,1,tracker_no_s338_2026-08-24
2026-08-31,UK,7.057326074191231,uk,1,tracker_no_s338_2026-08-24
2026-09-01,Canada,5.267296618958872,ca,1,tracker_no_s338_2026-08-24
2026-09-01,China,26.512779664891777,chn,1,tracker_no_s338_2026-08-24
2026-09-01,EU,7.906411075941583,eu,1,tracker_no_s338_2026-08-24
2026-09-01,Free-trade partners,9.27708897669308,fta,1,tracker_no_s338_2026-08-24
2026-09-01,Japan,12.942568380499939,jp,1,tracker_no_s338_2026-08-24
2026-09-01,Mexico,6.84581107629548,mx,1,tracker_no_s338_2026-08-24
2026-09-01,Rest of World,10.940317693318558,row,1,tracker_no_s338_2026-08-24
2026-09-01,UK,7.057326074191231,uk,1,tracker_no_s338_2026-08-24
2026-09-02,Canada,5.267296618958872,ca,1,tracker_no_s338_2026-08-24
2026-09-02,China,26.512779664891777,chn,1,tracker_no_s338_2026-08-24
2026-09-02,EU,7.906411075941583,eu,1,tracker_no_s338_2026-08-24
2026-09-02,Free-trade partners,9.27708897669308,fta,1,tracker_no_s338_2026-08-24
2026-09-02,Japan,12.942568380499939,jp,1,tracker_no_s338_2026-08-24
2026-09-02,Mexico,6.84581107629548,mx,1,tracker_no_s338_2026-08-24
2026-09-02,Rest of World,10.940317693318558,row,1,tracker_no_s338_2026-08-24
2026-09-02,UK,7.057326074191231,uk,1,tracker_no_s338_2026-08-24
2026-09-03,Canada,5.267296618958872,ca,1,tracker_no_s338_2026-08-24
2026-09-03,China,26.512779664891777,chn,1,tracker_no_s338_2026-08-24
2026-09-03,EU,7.906411075941583,eu,1,tracker_no_s338_2026-08-24
2026-09-03,Free-trade partners,9.27708897669308,fta,1,tracker_no_s338_2026-08-24
2026-09-03,Japan,12.942568380499939,jp,1,tracker_no_s338_2026-08-24
2026-09-03,Mexico,6.84581107629548,mx,1,tracker_no_s338_2026-08-24
2026-09-03,Rest of World,10.940317693318558,row,1,tracker_no_s338_2026-08-24
2026-09-03,UK,7.057326074191231,uk,1,tracker_no_s338_2026-08-24
2026-09-04,Canada,5.267296618958872,ca,1,tracker_no_s338_2026-08-24
2026-09-04,China,26.512779664891777,chn,1,tracker_no_s338_2026-08-24
2026-09-04,EU,7.906411075941583,eu,1,tracker_no_s338_2026-08-24
2026-09-04,Free-trade partners,9.27708897669308,fta,1,tracker_no_s338_2026-08-24
2026-09-04,Japan,12.942568380499939,jp,1,tracker_no_s338_2026-08-24
2026-09-04,Mexico,6.84581107629548,mx,1,tracker_no_s338_2026-08-24
2026-09-04,Rest of World,10.940317693318558,row,1,tracker_no_s338_2026-08-24
2026-09-04,UK,7.057326074191231,uk,1,tracker_no_s338_2026-08-24
2026-09-05,Canada,5.267296618958872,ca,1,tracker_no_s338_2026-08-24
2026-09-05,China,26.512779664891777,chn,1,tracker_no_s338_2026-08-24
2026-09-05,EU,7.906411075941583,eu,1,tracker_no_s338_2026-08-24
2026-09-05,Free-trade partners,9.27708897669308,fta,1,tracker_no_s338_2026-08-24
2026-09-05,Japan,12.942568380499939,jp,1,tracker_no_s338_2026-08-24
2026-09-05,Mexico,6.84581107629548,mx,1,tracker_no_s338_2026-08-24
2026-09-05,Rest of World,10.940317693318558,row,1,tracker_no_s338_2026-08-24
2026-09-05,UK,7.057326074191231,uk,1,tracker_no_s338_2026-08-24
2026-09-06,Canada,5.267296618958872,ca,1,tracker_no_s338_2026-08-24
2026-09-06,China,26.512779664891777,chn,1,tracker_no_s338_2026-08-24
2026-09-06,EU,7.906411075941583,eu,1,tracker_no_s338_2026-08-24
2026-09-06,Free-trade partners,9.27708897669308,fta,1,tracker_no_s338_2026-08-24
2026-09-06,Japan,12.942568380499939,jp,1,tracker_no_s338_2026-08-24
2026-09-06,Mexico,6.84581107629548,mx,1,tracker_no_s338_2026-08-24
2026-09-06,Rest of World,10.940317693318558,row,1,tracker_no_s338_2026-08-24
2026-09-06,UK,7.057326074191231,uk,1,tracker_no_s338_2026-08-24
2026-09-07,Canada,5.267296618958872,ca,1,tracker_no_s338_2026-08-24
2026-09-07,China,26.512779664891777,chn,1,tracker_no_s338_2026-08-24
2026-09-07,EU,7.906411075941583,eu,1,tracker_no_s338_2026-08-24
2026-09-07,Free-trade partners,9.27708897669308,fta,1,tracker_no_s338_2026-08-24
2026-09-07,Japan,12.942568380499939,jp,1,tracker_no_s338_2026-08-24
2026-09-07,Mexico,6.84581107629548,mx,1,tracker_no_s338_2026-08-24
2026-09-07,Rest of World,10.940317693318558,row,1,tracker_no_s338_2026-08-24
2026-09-07,UK,7.057326074191231,uk,1,tracker_no_s338_2026-08-24
2026-09-08,Canada,5.267296618958872,ca,1,tracker_no_s338_2026-08-24
2026-09-08,China,26.512779664891777,chn,1,tracker_no_s338_2026-08-24
2026-09-08,EU,7.906411075941583,eu,1,tracker_no_s338_2026-08-24
2026-09-08,Free-trade partners,9.27708897669308,fta,1,tracker_no_s338_2026-08-24
2026-09-08,Japan,12.942568380499939,jp,1,tracker_no_s338_2026-08-24
2026-09-08,Mexico,6.84581107629548,mx,1,tracker_no_s338_2026-08-24
2026-09-08,Rest of World,10.940317693318558,row,1,tracker_no_s338_2026-08-24
2026-09-08,UK,7.057326074191231,uk,1,tracker_no_s338_2026-08-24
2026-09-09,Canada,5.267296618958872,ca,1,tracker_no_s338_2026-08-24
2026-09-09,China,26.512779664891777,chn,1,tracker_no_s338_2026-08-24
2026-09-09,EU,7.906411075941583,eu,1,tracker_no_s338_2026-08-24
2026-09-09,Free-trade partners,9.27708897669308,fta,1,tracker_no_s338_2026-08-24
2026-09-09,Japan,12.942568380499939,jp,1,tracker_no_s338_2026-08-24
2026-09-09,Mexico,6.84581107629548,mx,1,tracker_no_s338_2026-08-24
2026-09-09,Rest of World,10.940317693318558,row,1,tracker_no_s338_2026-08-24
2026-09-09,UK,7.057326074191231,uk,1,tracker_no_s338_2026-08-24
2026-09-10,Canada,5.267296618958872,ca,1,tracker_no_s338_2026-08-24
2026-09-10,China,26.512779664891777,chn,1,tracker_no_s338_2026-08-24
2026-09-10,EU,7.906411075941583,eu,1,tracker_no_s338_2026-08-24
2026-09-10,Free-trade partners,9.27708897669308,fta,1,tracker_no_s338_2026-08-24
2026-09-10,Japan,12.942568380499939,jp,1,tracker_no_s338_2026-08-24
2026-09-10,Mexico,6.84581107629548,mx,1,tracker_no_s338_2026-08-24
2026-09-10,Rest of World,10.940317693318558,row,1,tracker_no_s338_2026-08-24
2026-09-10,UK,7.057326074191231,uk,1,tracker_no_s338_2026-08-24
2026-09-11,Canada,5.267296618958872,ca,1,tracker_no_s338_2026-08-24
2026-09-11,China,26.512779664891777,chn,1,tracker_no_s338_2026-08-24
2026-09-11,EU,7.906411075941583,eu,1,tracker_no_s338_2026-08-24
2026-09-11,Free-trade partners,9.27708897669308,fta,1,tracker_no_s338_2026-08-24
2026-09-11,Japan,12.942568380499939,jp,1,tracker_no_s338_2026-08-24
2026-09-11,Mexico,6.84581107629548,mx,1,tracker_no_s338_2026-08-24
2026-09-11,Rest of World,10.940317693318558,row,1,tracker_no_s338_2026-08-24
2026-09-11,UK,7.057326074191231,uk,1,tracker_no_s338_2026-08-24
2026-09-12,Canada,5.267296618958872,ca,1,tracker_no_s338_2026-08-24
2026-09-12,China,26.512779664891777,chn,1,tracker_no_s338_2026-08-24
2026-09-12,EU,7.906411075941583,eu,1,tracker_no_s338_2026-08-24
2026-09-12,Free-trade partners,9.27708897669308,fta,1,tracker_no_s338_2026-08-24
2026-09-12,Japan,12.942568380499939,jp,1,tracker_no_s338_2026-08-24
2026-09-12,Mexico,6.84581107629548,mx,1,tracker_no_s338_2026-08-24
2026-09-12,Rest of World,10.940317693318558,row,1,tracker_no_s338_2026-08-24
2026-09-12,UK,7.057326074191231,uk,1,tracker_no_s338_2026-08-24
2026-09-13,Canada,5.267296618958872,ca,1,tracker_no_s338_2026-08-24
2026-09-13,China,26.512779664891777,chn,1,tracker_no_s338_2026-08-24
2026-09-13,EU,7.906411075941583,eu,1,tracker_no_s338_2026-08-24
2026-09-13,Free-trade partners,9.27708897669308,fta,1,tracker_no_s338_2026-08-24
2026-09-13,Japan,12.942568380499939,jp,1,tracker_no_s338_2026-08-24
2026-09-13,Mexico,6.84581107629548,mx,1,tracker_no_s338_2026-08-24
2026-09-13,Rest of World,10.940317693318558,row,1,tracker_no_s338_2026-08-24
2026-09-13,UK,7.057326074191231,uk,1,tracker_no_s338_2026-08-24
2026-09-14,Canada,5.267296618958872,ca,1,tracker_no_s338_2026-08-24
2026-09-14,China,26.512779664891777,chn,1,tracker_no_s338_2026-08-24
2026-09-14,EU,7.906411075941583,eu,1,tracker_no_s338_2026-08-24
2026-09-14,Free-trade partners,9.27708897669308,fta,1,tracker_no_s338_2026-08-24
2026-09-14,Japan,12.942568380499939,jp,1,tracker_no_s338_2026-08-24
2026-09-14,Mexico,6.84581107629548,mx,1,tracker_no_s338_2026-08-24
2026-09-14,Rest of World,10.940317693318558,row,1,tracker_no_s338_2026-08-24
2026-09-14,UK,7.057326074191231,uk,1,tracker_no_s338_2026-08-24
2026-09-15,Canada,5.267296618958872,ca,1,tracker_no_s338_2026-08-24
2026-09-15,China,26.512779664891777,chn,1,tracker_no_s338_2026-08-24
2026-09-15,EU,7.906411075941583,eu,1,tracker_no_s338_2026-08-24
2026-09-15,Free-trade partners,9.27708897669308,fta,1,tracker_no_s338_2026-08-24
2026-09-15,Japan,12.942568380499939,jp,1,tracker_no_s338_2026-08-24
2026-09-15,Mexico,6.84581107629548,mx,1,tracker_no_s338_2026-08-24
2026-09-15,Rest of World,10.940317693318558,row,1,tracker_no_s338_2026-08-24
2026-09-15,UK,7.057326074191231,uk,1,tracker_no_s338_2026-08-24
2026-09-16,Canada,5.267296618958872,ca,1,tracker_no_s338_2026-08-24
2026-09-16,China,26.512779664891777,chn,1,tracker_no_s338_2026-08-24
2026-09-16,EU,7.906411075941583,eu,1,tracker_no_s338_2026-08-24
2026-09-16,Free-trade partners,9.27708897669308,fta,1,tracker_no_s338_2026-08-24
2026-09-16,Japan,12.942568380499939,jp,1,tracker_no_s338_2026-08-24
2026-09-16,Mexico,6.84581107629548,mx,1,tracker_no_s338_2026-08-24
2026-09-16,Rest of World,10.940317693318558,row,1,tracker_no_s338_2026-08-24
2026-09-16,UK,7.057326074191231,uk,1,tracker_no_s338_2026-08-24
2026-09-17,Canada,5.267296618958872,ca,1,tracker_no_s338_2026-08-24
2026-09-17,China,26.512779664891777,chn,1,tracker_no_s338_2026-08-24
2026-09-17,EU,7.906411075941583,eu,1,tracker_no_s338_2026-08-24
2026-09-17,Free-trade partners,9.27708897669308,fta,1,tracker_no_s338_2026-08-24
2026-09-17,Japan,12.942568380499939,jp,1,tracker_no_s338_2026-08-24
2026-09-17,Mexico,6.84581107629548,mx,1,tracker_no_s338_2026-08-24
2026-09-17,Rest of World,10.940317693318558,row,1,tracker_no_s338_2026-08-24
2026-09-17,UK,7.057326074191231,uk,1,tracker_no_s338_2026-08-24
2026-09-18,Canada,5.267296618958872,ca,1,tracker_no_s338_2026-08-24
2026-09-18,China,26.512779664891777,chn,1,tracker_no_s338_2026-08-24
2026-09-18,EU,7.906411075941583,eu,1,tracker_no_s338_2026-08-24
2026-09-18,Free-trade partners,9.27708897669308,fta,1,tracker_no_s338_2026-08-24
2026-09-18,Japan,12.942568380499939,jp,1,tracker_no_s338_2026-08-24
2026-09-18,Mexico,6.84581107629548,mx,1,tracker_no_s338_2026-08-24
2026-09-18,Rest of World,10.940317693318558,row,1,tracker_no_s338_2026-08-24
2026-09-18,UK,7.057326074191231,uk,1,tracker_no_s338_2026-08-24
2026-09-19,Canada,5.267296618958872,ca,1,tracker_no_s338_2026-08-24
2026-09-19,China,26.512779664891777,chn,1,tracker_no_s338_2026-08-24
2026-09-19,EU,7.906411075941583,eu,1,tracker_no_s338_2026-08-24
2026-09-19,Free-trade partners,9.27708897669308,fta,1,tracker_no_s338_2026-08-24
2026-09-19,Japan,12.942568380499939,jp,1,tracker_no_s338_2026-08-24
2026-09-19,Mexico,6.84581107629548,mx,1,tracker_no_s338_2026-08-24
2026-09-19,Rest of World,10.940317693318558,row,1,tracker_no_s338_2026-08-24
2026-09-19,UK,7.057326074191231,uk,1,tracker_no_s338_2026-08-24
2026-09-20,Canada,5.267296618958872,ca,1,tracker_no_s338_2026-08-24
2026-09-20,China,26.512779664891777,chn,1,tracker_no_s338_2026-08-24
2026-09-20,EU,7.906411075941583,eu,1,tracker_no_s338_2026-08-24
2026-09-20,Free-trade partners,9.27708897669308,fta,1,tracker_no_s338_2026-08-24
2026-09-20,Japan,12.942568380499939,jp,1,tracker_no_s338_2026-08-24
2026-09-20,Mexico,6.84581107629548,mx,1,tracker_no_s338_2026-08-24
2026-09-20,Rest of World,10.940317693318558,row,1,tracker_no_s338_2026-08-24
2026-09-20,UK,7.057326074191231,uk,1,tracker_no_s338_2026-08-24
2026-09-21,Canada,5.267296618958872,ca,1,tracker_no_s338_2026-08-24
2026-09-21,China,26.512779664891777,chn,1,tracker_no_s338_2026-08-24
2026-09-21,EU,7.906411075941583,eu,1,tracker_no_s338_2026-08-24
2026-09-21,Free-trade partners,9.27708897669308,fta,1,tracker_no_s338_2026-08-24
2026-09-21,Japan,12.942568380499939,jp,1,tracker_no_s338_2026-08-24
2026-09-21,Mexico,6.84581107629548,mx,1,tracker_no_s338_2026-08-24
2026-09-21,Rest of World,10.940317693318558,row,1,tracker_no_s338_2026-08-24
2026-09-21,UK,7.057326074191231,uk,1,tracker_no_s338_2026-08-24
2026-09-22,Canada,5.267296618958872,ca,1,tracker_no_s338_2026-08-24
2026-09-22,China,26.512779664891777,chn,1,tracker_no_s338_2026-08-24
2026-09-22,EU,7.906411075941583,eu,1,tracker_no_s338_2026-08-24
2026-09-22,Free-trade partners,9.27708897669308,fta,1,tracker_no_s338_2026-08-24
2026-09-22,Japan,12.942568380499939,jp,1,tracker_no_s338_2026-08-24
2026-09-22,Mexico,6.84581107629548,mx,1,tracker_no_s338_2026-08-24
2026-09-22,Rest of World,10.940317693318558,row,1,tracker_no_s338_2026-08-24
2026-09-22,UK,7.057326074191231,uk,1,tracker_no_s338_2026-08-24
2026-09-23,Canada,5.267296618958872,ca,1,tracker_no_s338_2026-08-24
2026-09-23,China,26.512779664891777,chn,1,tracker_no_s338_2026-08-24
2026-09-23,EU,7.906411075941583,eu,1,tracker_no_s338_2026-08-24
2026-09-23,Free-trade partners,9.27708897669308,fta,1,tracker_no_s338_2026-08-24
2026-09-23,Japan,12.942568380499939,jp,1,tracker_no_s338_2026-08-24
2026-09-23,Mexico,6.84581107629548,mx,1,tracker_no_s338_2026-08-24
2026-09-23,Rest of World,10.940317693318558,row,1,tracker_no_s338_2026-08-24
2026-09-23,UK,7.057326074191231,uk,1,tracker_no_s338_2026-08-24
2026-09-24,Canada,5.267296618958872,ca,1,tracker_no_s338_2026-08-24
2026-09-24,China,26.512779664891777,chn,1,tracker_no_s338_2026-08-24
2026-09-24,EU,7.906411075941583,eu,1,tracker_no_s338_2026-08-24
2026-09-24,Free-trade partners,9.27708897669308,fta,1,tracker_no_s338_2026-08-24
2026-09-24,Japan,12.942568380499939,jp,1,tracker_no_s338_2026-08-24
2026-09-24,Mexico,6.84581107629548,mx,1,tracker_no_s338_2026-08-24
2026-09-24,Rest of World,10.940317693318558,row,1,tracker_no_s338_2026-08-24
2026-09-24,UK,7.057326074191231,uk,1,tracker_no_s338_2026-08-24
2026-09-25,Canada,5.267296618958872,ca,1,tracker_no_s338_2026-08-24
2026-09-25,China,26.512779664891777,chn,1,tracker_no_s338_2026-08-24
2026-09-25,EU,7.906411075941583,eu,1,tracker_no_s338_2026-08-24
2026-09-25,Free-trade partners,9.27708897669308,fta,1,tracker_no_s338_2026-08-24
2026-09-25,Japan,12.942568380499939,jp,1,tracker_no_s338_2026-08-24
2026-09-25,Mexico,6.84581107629548,mx,1,tracker_no_s338_2026-08-24
2026-09-25,Rest of World,10.940317693318558,row,1,tracker_no_s338_2026-08-24
2026-09-25,UK,7.057326074191231,uk,1,tracker_no_s338_2026-08-24
2026-09-26,Canada,5.267296618958872,ca,1,tracker_no_s338_2026-08-24
2026-09-26,China,26.512779664891777,chn,1,tracker_no_s338_2026-08-24
2026-09-26,EU,7.906411075941583,eu,1,tracker_no_s338_2026-08-24
2026-09-26,Free-trade partners,9.27708897669308,fta,1,tracker_no_s338_2026-08-24
2026-09-26,Japan,12.942568380499939,jp,1,tracker_no_s338_2026-08-24
2026-09-26,Mexico,6.84581107629548,mx,1,tracker_no_s338_2026-08-24
2026-09-26,Rest of World,10.940317693318558,row,1,tracker_no_s338_2026-08-24
2026-09-26,UK,7.057326074191231,uk,1,tracker_no_s338_2026-08-24
2026-09-27,Canada,5.267296618958872,ca,1,tracker_no_s338_2026-08-24
2026-09-27,China,26.512779664891777,chn,1,tracker_no_s338_2026-08-24
2026-09-27,EU,7.906411075941583,eu,1,tracker_no_s338_2026-08-24
2026-09-27,Free-trade partners,9.27708897669308,fta,1,tracker_no_s338_2026-08-24
2026-09-27,Japan,12.942568380499939,jp,1,tracker_no_s338_2026-08-24
2026-09-27,Mexico,6.84581107629548,mx,1,tracker_no_s338_2026-08-24
2026-09-27,Rest of World,10.940317693318558,row,1,tracker_no_s338_2026-08-24
2026-09-27,UK,7.057326074191231,uk,1,tracker_no_s338_2026-08-24
2026-09-28,Canada,5.267296618958872,ca,1,tracker_no_s338_2026-08-24
2026-09-28,China,26.512779664891777,chn,1,tracker_no_s338_2026-08-24
2026-09-28,EU,7.906411075941583,eu,1,tracker_no_s338_2026-08-24
2026-09-28,Free-trade partners,9.27708897669308,fta,1,tracker_no_s338_2026-08-24
2026-09-28,Japan,12.942568380499939,jp,1,tracker_no_s338_2026-08-24
2026-09-28,Mexico,6.84581107629548,mx,1,tracker_no_s338_2026-08-24
2026-09-28,Rest of World,10.940317693318558,row,1,tracker_no_s338_2026-08-24
2026-09-28,UK,7.057326074191231,uk,1,tracker_no_s338_2026-08-24
2026-09-29,Canada,5.539732409332289,ca,1,tracker_no_s338_2026-08-24
2026-09-29,China,26.536703579369348,chn,1,tracker_no_s338_2026-08-24
2026-09-29,EU,8.186542249917318,eu,1,tracker_no_s338_2026-08-24
2026-09-29,Free-trade partners,11.870926388932551,fta,1,tracker_no_s338_2026-08-24
2026-09-29,Japan,13.076942846842348,jp,1,tracker_no_s338_2026-08-24
2026-09-29,Mexico,6.880741124415055,mx,1,tracker_no_s338_2026-08-24
2026-09-29,Rest of World,11.056918864114943,row,1,tracker_no_s338_2026-08-24
2026-09-29,UK,7.057326074191231,uk,1,tracker_no_s338_2026-08-24
2026-09-30,Canada,5.539732409332289,ca,1,tracker_no_s338_2026-08-24
2026-09-30,China,26.536703579369348,chn,1,tracker_no_s338_2026-08-24
2026-09-30,EU,8.186542249917318,eu,1,tracker_no_s338_2026-08-24
2026-09-30,Free-trade partners,11.870926388932551,fta,1,tracker_no_s338_2026-08-24
2026-09-30,Japan,13.076942846842348,jp,1,tracker_no_s338_2026-08-24
2026-09-30,Mexico,6.880741124415055,mx,1,tracker_no_s338_2026-08-24
2026-09-30,Rest of World,11.056918864114943,row,1,tracker_no_s338_2026-08-24
2026-09-30,UK,7.057326074191231,uk,1,tracker_no_s338_2026-08-24
2026-10-01,Canada,5.539732409332289,ca,1,tracker_no_s338_2026-08-24
2026-10-01,China,26.536703579369348,chn,1,tracker_no_s338_2026-08-24
2026-10-01,EU,8.186542249917318,eu,1,tracker_no_s338_2026-08-24
2026-10-01,Free-trade partners,11.870926388932551,fta,1,tracker_no_s338_2026-08-24
2026-10-01,Japan,13.076942846842348,jp,1,tracker_no_s338_2026-08-24
2026-10-01,Mexico,6.880741124415055,mx,1,tracker_no_s338_2026-08-24
2026-10-01,Rest of World,11.056918864114943,row,1,tracker_no_s338_2026-08-24
2026-10-01,UK,7.057326074191231,uk,1,tracker_no_s338_2026-08-24
2026-10-02,Canada,5.539732409332289,ca,1,tracker_no_s338_2026-08-24
2026-10-02,China,26.536703579369348,chn,1,tracker_no_s338_2026-08-24
2026-10-02,EU,8.186542249917318,eu,1,tracker_no_s338_2026-08-24
2026-10-02,Free-trade partners,11.870926388932551,fta,1,tracker_no_s338_2026-08-24
2026-10-02,Japan,13.076942846842348,jp,1,tracker_no_s338_2026-08-24
2026-10-02,Mexico,6.880741124415055,mx,1,tracker_no_s338_2026-08-24
2026-10-02,Rest of World,11.056918864114943,row,1,tracker_no_s338_2026-08-24
2026-10-02,UK,7.057326074191231,uk,1,tracker_no_s338_2026-08-24
2026-10-03,Canada,5.539732409332289,ca,1,tracker_no_s338_2026-08-24
2026-10-03,China,26.536703579369348,chn,1,tracker_no_s338_2026-08-24
2026-10-03,EU,8.186542249917318,eu,1,tracker_no_s338_2026-08-24
2026-10-03,Free-trade partners,11.870926388932551,fta,1,tracker_no_s338_2026-08-24
2026-10-03,Japan,13.076942846842348,jp,1,tracker_no_s338_2026-08-24
2026-10-03,Mexico,6.880741124415055,mx,1,tracker_no_s338_2026-08-24
2026-10-03,Rest of World,11.056918864114943,row,1,tracker_no_s338_2026-08-24
2026-10-03,UK,7.057326074191231,uk,1,tracker_no_s338_2026-08-24
2026-10-04,Canada,5.539732409332289,ca,1,tracker_no_s338_2026-08-24
2026-10-04,China,26.536703579369348,chn,1,tracker_no_s338_2026-08-24
2026-10-04,EU,8.186542249917318,eu,1,tracker_no_s338_2026-08-24
2026-10-04,Free-trade partners,11.870926388932551,fta,1,tracker_no_s338_2026-08-24
2026-10-04,Japan,13.076942846842348,jp,1,tracker_no_s338_2026-08-24
2026-10-04,Mexico,6.880741124415055,mx,1,tracker_no_s338_2026-08-24
2026-10-04,Rest of World,11.056918864114943,row,1,tracker_no_s338_2026-08-24
2026-10-04,UK,7.057326074191231,uk,1,tracker_no_s338_2026-08-24
2026-10-05,Canada,5.539732409332289,ca,1,tracker_no_s338_2026-08-24
2026-10-05,China,26.536703579369348,chn,1,tracker_no_s338_2026-08-24
2026-10-05,EU,8.186542249917318,eu,1,tracker_no_s338_2026-08-24
2026-10-05,Free-trade partners,11.870926388932551,fta,1,tracker_no_s338_2026-08-24
2026-10-05,Japan,13.076942846842348,jp,1,tracker_no_s338_2026-08-24
2026-10-05,Mexico,6.880741124415055,mx,1,tracker_no_s338_2026-08-24
2026-10-05,Rest of World,11.056918864114943,row,1,tracker_no_s338_2026-08-24
2026-10-05,UK,7.057326074191231,uk,1,tracker_no_s338_2026-08-24
2026-10-06,Canada,5.539732409332289,ca,1,tracker_no_s338_2026-08-24
2026-10-06,China,26.536703579369348,chn,1,tracker_no_s338_2026-08-24
2026-10-06,EU,8.186542249917318,eu,1,tracker_no_s338_2026-08-24
2026-10-06,Free-trade partners,11.870926388932551,fta,1,tracker_no_s338_2026-08-24
2026-10-06,Japan,13.076942846842348,jp,1,tracker_no_s338_2026-08-24
2026-10-06,Mexico,6.880741124415055,mx,1,tracker_no_s338_2026-08-24
2026-10-06,Rest of World,11.056918864114943,row,1,tracker_no_s338_2026-08-24
2026-10-06,UK,7.057326074191231,uk,1,tracker_no_s338_2026-08-24
2026-10-07,Canada,5.539732409332289,ca,1,tracker_no_s338_2026-08-24
2026-10-07,China,26.536703579369348,chn,1,tracker_no_s338_2026-08-24
2026-10-07,EU,8.186542249917318,eu,1,tracker_no_s338_2026-08-24
2026-10-07,Free-trade partners,11.870926388932551,fta,1,tracker_no_s338_2026-08-24
2026-10-07,Japan,13.076942846842348,jp,1,tracker_no_s338_2026-08-24
2026-10-07,Mexico,6.880741124415055,mx,1,tracker_no_s338_2026-08-24
2026-10-07,Rest of World,11.056918864114943,row,1,tracker_no_s338_2026-08-24
2026-10-07,UK,7.057326074191231,uk,1,tracker_no_s338_2026-08-24
2026-10-08,Canada,5.539732409332289,ca,1,tracker_no_s338_2026-08-24
2026-10-08,China,26.536703579369348,chn,1,tracker_no_s338_2026-08-24
2026-10-08,EU,8.186542249917318,eu,1,tracker_no_s338_2026-08-24
2026-10-08,Free-trade partners,11.870926388932551,fta,1,tracker_no_s338_2026-08-24
2026-10-08,Japan,13.076942846842348,jp,1,tracker_no_s338_2026-08-24
2026-10-08,Mexico,6.880741124415055,mx,1,tracker_no_s338_2026-08-24
2026-10-08,Rest of World,11.056918864114943,row,1,tracker_no_s338_2026-08-24
2026-10-08,UK,7.057326074191231,uk,1,tracker_no_s338_2026-08-24
2026-10-09,Canada,5.539732409332289,ca,1,tracker_no_s338_2026-08-24
2026-10-09,China,26.536703579369348,chn,1,tracker_no_s338_2026-08-24
2026-10-09,EU,8.186542249917318,eu,1,tracker_no_s338_2026-08-24
2026-10-09,Free-trade partners,11.870926388932551,fta,1,tracker_no_s338_2026-08-24
2026-10-09,Japan,13.076942846842348,jp,1,tracker_no_s338_2026-08-24
2026-10-09,Mexico,6.880741124415055,mx,1,tracker_no_s338_2026-08-24
2026-10-09,Rest of World,11.056918864114943,row,1,tracker_no_s338_2026-08-24
2026-10-09,UK,7.057326074191231,uk,1,tracker_no_s338_2026-08-24
2026-10-10,Canada,5.539732409332289,ca,1,tracker_no_s338_2026-08-24
2026-10-10,China,26.536703579369348,chn,1,tracker_no_s338_2026-08-24
2026-10-10,EU,8.186542249917318,eu,1,tracker_no_s338_2026-08-24
2026-10-10,Free-trade partners,11.870926388932551,fta,1,tracker_no_s338_2026-08-24
2026-10-10,Japan,13.076942846842348,jp,1,tracker_no_s338_2026-08-24
2026-10-10,Mexico,6.880741124415055,mx,1,tracker_no_s338_2026-08-24
2026-10-10,Rest of World,11.056918864114943,row,1,tracker_no_s338_2026-08-24
2026-10-10,UK,7.057326074191231,uk,1,tracker_no_s338_2026-08-24
2026-10-11,Canada,5.539732409332289,ca,1,tracker_no_s338_2026-08-24
2026-10-11,China,26.536703579369348,chn,1,tracker_no_s338_2026-08-24
2026-10-11,EU,8.186542249917318,eu,1,tracker_no_s338_2026-08-24
2026-10-11,Free-trade partners,11.870926388932551,fta,1,tracker_no_s338_2026-08-24
2026-10-11,Japan,13.076942846842348,jp,1,tracker_no_s338_2026-08-24
2026-10-11,Mexico,6.880741124415055,mx,1,tracker_no_s338_2026-08-24
2026-10-11,Rest of World,11.056918864114943,row,1,tracker_no_s338_2026-08-24
2026-10-11,UK,7.057326074191231,uk,1,tracker_no_s338_2026-08-24
2026-10-12,Canada,5.539732409332289,ca,1,tracker_no_s338_2026-08-24
2026-10-12,China,26.536703579369348,chn,1,tracker_no_s338_2026-08-24
2026-10-12,EU,8.186542249917318,eu,1,tracker_no_s338_2026-08-24
2026-10-12,Free-trade partners,11.870926388932551,fta,1,tracker_no_s338_2026-08-24
2026-10-12,Japan,13.076942846842348,jp,1,tracker_no_s338_2026-08-24
2026-10-12,Mexico,6.880741124415055,mx,1,tracker_no_s338_2026-08-24
2026-10-12,Rest of World,11.056918864114943,row,1,tracker_no_s338_2026-08-24
2026-10-12,UK,7.057326074191231,uk,1,tracker_no_s338_2026-08-24
2026-10-13,Canada,5.539732409332289,ca,1,tracker_no_s338_2026-08-24
2026-10-13,China,26.536703579369348,chn,1,tracker_no_s338_2026-08-24
2026-10-13,EU,8.186542249917318,eu,1,tracker_no_s338_2026-08-24
2026-10-13,Free-trade partners,11.870926388932551,fta,1,tracker_no_s338_2026-08-24
2026-10-13,Japan,13.076942846842348,jp,1,tracker_no_s338_2026-08-24
2026-10-13,Mexico,6.880741124415055,mx,1,tracker_no_s338_2026-08-24
2026-10-13,Rest of World,11.056918864114943,row,1,tracker_no_s338_2026-08-24
2026-10-13,UK,7.057326074191231,uk,1,tracker_no_s338_2026-08-24
2026-10-14,Canada,5.539732409332289,ca,1,tracker_no_s338_2026-08-24
2026-10-14,China,26.536703579369348,chn,1,tracker_no_s338_2026-08-24
2026-10-14,EU,8.186542249917318,eu,1,tracker_no_s338_2026-08-24
2026-10-14,Free-trade partners,11.870926388932551,fta,1,tracker_no_s338_2026-08-24
2026-10-14,Japan,13.076942846842348,jp,1,tracker_no_s338_2026-08-24
2026-10-14,Mexico,6.880741124415055,mx,1,tracker_no_s338_2026-08-24
2026-10-14,Rest of World,11.056918864114943,row,1,tracker_no_s338_2026-08-24
2026-10-14,UK,7.057326074191231,uk,1,tracker_no_s338_2026-08-24
2026-10-15,Canada,5.539732409332289,ca,1,tracker_no_s338_2026-08-24
2026-10-15,China,26.536703579369348,chn,1,tracker_no_s338_2026-08-24
2026-10-15,EU,8.186542249917318,eu,1,tracker_no_s338_2026-08-24
2026-10-15,Free-trade partners,11.870926388932551,fta,1,tracker_no_s338_2026-08-24
2026-10-15,Japan,13.076942846842348,jp,1,tracker_no_s338_2026-08-24
2026-10-15,Mexico,6.880741124415055,mx,1,tracker_no_s338_2026-08-24
2026-10-15,Rest of World,11.056918864114943,row,1,tracker_no_s338_2026-08-24
2026-10-15,UK,7.057326074191231,uk,1,tracker_no_s338_2026-08-24
2026-10-16,Canada,5.539732409332289,ca,1,tracker_no_s338_2026-08-24
2026-10-16,China,26.536703579369348,chn,1,tracker_no_s338_2026-08-24
2026-10-16,EU,8.186542249917318,eu,1,tracker_no_s338_2026-08-24
2026-10-16,Free-trade partners,11.870926388932551,fta,1,tracker_no_s338_2026-08-24
2026-10-16,Japan,13.076942846842348,jp,1,tracker_no_s338_2026-08-24
2026-10-16,Mexico,6.880741124415055,mx,1,tracker_no_s338_2026-08-24
2026-10-16,Rest of World,11.056918864114943,row,1,tracker_no_s338_2026-08-24
2026-10-16,UK,7.057326074191231,uk,1,tracker_no_s338_2026-08-24
2026-10-17,Canada,5.539732409332289,ca,1,tracker_no_s338_2026-08-24
2026-10-17,China,26.536703579369348,chn,1,tracker_no_s338_2026-08-24
2026-10-17,EU,8.186542249917318,eu,1,tracker_no_s338_2026-08-24
2026-10-17,Free-trade partners,11.870926388932551,fta,1,tracker_no_s338_2026-08-24
2026-10-17,Japan,13.076942846842348,jp,1,tracker_no_s338_2026-08-24
2026-10-17,Mexico,6.880741124415055,mx,1,tracker_no_s338_2026-08-24
2026-10-17,Rest of World,11.056918864114943,row,1,tracker_no_s338_2026-08-24
2026-10-17,UK,7.057326074191231,uk,1,tracker_no_s338_2026-08-24
2026-10-18,Canada,5.539732409332289,ca,1,tracker_no_s338_2026-08-24
2026-10-18,China,26.536703579369348,chn,1,tracker_no_s338_2026-08-24
2026-10-18,EU,8.186542249917318,eu,1,tracker_no_s338_2026-08-24
2026-10-18,Free-trade partners,11.870926388932551,fta,1,tracker_no_s338_2026-08-24
2026-10-18,Japan,13.076942846842348,jp,1,tracker_no_s338_2026-08-24
2026-10-18,Mexico,6.880741124415055,mx,1,tracker_no_s338_2026-08-24
2026-10-18,Rest of World,11.056918864114943,row,1,tracker_no_s338_2026-08-24
2026-10-18,UK,7.057326074191231,uk,1,tracker_no_s338_2026-08-24
2026-10-19,Canada,5.539732409332289,ca,1,tracker_no_s338_2026-08-24
2026-10-19,China,26.536703579369348,chn,1,tracker_no_s338_2026-08-24
2026-10-19,EU,8.186542249917318,eu,1,tracker_no_s338_2026-08-24
2026-10-19,Free-trade partners,11.870926388932551,fta,1,tracker_no_s338_2026-08-24
2026-10-19,Japan,13.076942846842348,jp,1,tracker_no_s338_2026-08-24
2026-10-19,Mexico,6.880741124415055,mx,1,tracker_no_s338_2026-08-24
2026-10-19,Rest of World,11.056918864114943,row,1,tracker_no_s338_2026-08-24
2026-10-19,UK,7.057326074191231,uk,1,tracker_no_s338_2026-08-24
2026-10-20,Canada,5.539732409332289,ca,1,tracker_no_s338_2026-08-24
2026-10-20,China,26.536703579369348,chn,1,tracker_no_s338_2026-08-24
2026-10-20,EU,8.186542249917318,eu,1,tracker_no_s338_2026-08-24
2026-10-20,Free-trade partners,11.870926388932551,fta,1,tracker_no_s338_2026-08-24
2026-10-20,Japan,13.076942846842348,jp,1,tracker_no_s338_2026-08-24
2026-10-20,Mexico,6.880741124415055,mx,1,tracker_no_s338_2026-08-24
2026-10-20,Rest of World,11.056918864114943,row,1,tracker_no_s338_2026-08-24
2026-10-20,UK,7.057326074191231,uk,1,tracker_no_s338_2026-08-24
2026-10-21,Canada,5.539732409332289,ca,1,tracker_no_s338_2026-08-24
2026-10-21,China,26.536703579369348,chn,1,tracker_no_s338_2026-08-24
2026-10-21,EU,8.186542249917318,eu,1,tracker_no_s338_2026-08-24
2026-10-21,Free-trade partners,11.870926388932551,fta,1,tracker_no_s338_2026-08-24
2026-10-21,Japan,13.076942846842348,jp,1,tracker_no_s338_2026-08-24
2026-10-21,Mexico,6.880741124415055,mx,1,tracker_no_s338_2026-08-24
2026-10-21,Rest of World,11.056918864114943,row,1,tracker_no_s338_2026-08-24
2026-10-21,UK,7.057326074191231,uk,1,tracker_no_s338_2026-08-24
2026-10-22,Canada,5.539732409332289,ca,1,tracker_no_s338_2026-08-24
2026-10-22,China,26.536703579369348,chn,1,tracker_no_s338_2026-08-24
2026-10-22,EU,8.186542249917318,eu,1,tracker_no_s338_2026-08-24
2026-10-22,Free-trade partners,11.870926388932551,fta,1,tracker_no_s338_2026-08-24
2026-10-22,Japan,13.076942846842348,jp,1,tracker_no_s338_2026-08-24
2026-10-22,Mexico,6.880741124415055,mx,1,tracker_no_s338_2026-08-24
2026-10-22,Rest of World,11.056918864114943,row,1,tracker_no_s338_2026-08-24
2026-10-22,UK,7.057326074191231,uk,1,tracker_no_s338_2026-08-24
2026-10-23,Canada,5.539732409332289,ca,1,tracker_no_s338_2026-08-24
2026-10-23,China,26.536703579369348,chn,1,tracker_no_s338_2026-08-24
2026-10-23,EU,8.186542249917318,eu,1,tracker_no_s338_2026-08-24
2026-10-23,Free-trade partners,11.870926388932551,fta,1,tracker_no_s338_2026-08-24
2026-10-23,Japan,13.076942846842348,jp,1,tracker_no_s338_2026-08-24
2026-10-23,Mexico,6.880741124415055,mx,1,tracker_no_s338_2026-08-24
2026-10-23,Rest of World,11.056918864114943,row,1,tracker_no_s338_2026-08-24
2026-10-23,UK,7.057326074191231,uk,1,tracker_no_s338_2026-08-24
2026-10-24,Canada,5.539732409332289,ca,1,tracker_no_s338_2026-08-24
2026-10-24,China,26.536703579369348,chn,1,tracker_no_s338_2026-08-24
2026-10-24,EU,8.186542249917318,eu,1,tracker_no_s338_2026-08-24
2026-10-24,Free-trade partners,11.870926388932551,fta,1,tracker_no_s338_2026-08-24
2026-10-24,Japan,13.076942846842348,jp,1,tracker_no_s338_2026-08-24
2026-10-24,Mexico,6.880741124415055,mx,1,tracker_no_s338_2026-08-24
2026-10-24,Rest of World,11.056918864114943,row,1,tracker_no_s338_2026-08-24
2026-10-24,UK,7.057326074191231,uk,1,tracker_no_s338_2026-08-24
2026-10-25,Canada,5.539732409332289,ca,1,tracker_no_s338_2026-08-24
2026-10-25,China,26.536703579369348,chn,1,tracker_no_s338_2026-08-24
2026-10-25,EU,8.186542249917318,eu,1,tracker_no_s338_2026-08-24
2026-10-25,Free-trade partners,11.870926388932551,fta,1,tracker_no_s338_2026-08-24
2026-10-25,Japan,13.076942846842348,jp,1,tracker_no_s338_2026-08-24
2026-10-25,Mexico,6.880741124415055,mx,1,tracker_no_s338_2026-08-24
2026-10-25,Rest of World,11.056918864114943,row,1,tracker_no_s338_2026-08-24
2026-10-25,UK,7.057326074191231,uk,1,tracker_no_s338_2026-08-24
2026-10-26,Canada,5.539732409332289,ca,1,tracker_no_s338_2026-08-24
2026-10-26,China,26.536703579369348,chn,1,tracker_no_s338_2026-08-24
2026-10-26,EU,8.186542249917318,eu,1,tracker_no_s338_2026-08-24
2026-10-26,Free-trade partners,11.870926388932551,fta,1,tracker_no_s338_2026-08-24
2026-10-26,Japan,13.076942846842348,jp,1,tracker_no_s338_2026-08-24
2026-10-26,Mexico,6.880741124415055,mx,1,tracker_no_s338_2026-08-24
2026-10-26,Rest of World,11.056918864114943,row,1,tracker_no_s338_2026-08-24
2026-10-26,UK,7.057326074191231,uk,1,tracker_no_s338_2026-08-24
2026-10-27,Canada,5.539732409332289,ca,1,tracker_no_s338_2026-08-24
2026-10-27,China,26.536703579369348,chn,1,tracker_no_s338_2026-08-24
2026-10-27,EU,8.186542249917318,eu,1,tracker_no_s338_2026-08-24
2026-10-27,Free-trade partners,11.870926388932551,fta,1,tracker_no_s338_2026-08-24
2026-10-27,Japan,13.076942846842348,jp,1,tracker_no_s338_2026-08-24
2026-10-27,Mexico,6.880741124415055,mx,1,tracker_no_s338_2026-08-24
2026-10-27,Rest of World,11.056918864114943,row,1,tracker_no_s338_2026-08-24
2026-10-27,UK,7.057326074191231,uk,1,tracker_no_s338_2026-08-24
2026-10-28,Canada,5.539732409332289,ca,1,tracker_no_s338_2026-08-24
2026-10-28,China,26.536703579369348,chn,1,tracker_no_s338_2026-08-24
2026-10-28,EU,8.186542249917318,eu,1,tracker_no_s338_2026-08-24
2026-10-28,Free-trade partners,11.870926388932551,fta,1,tracker_no_s338_2026-08-24
2026-10-28,Japan,13.076942846842348,jp,1,tracker_no_s338_2026-08-24
2026-10-28,Mexico,6.880741124415055,mx,1,tracker_no_s338_2026-08-24
2026-10-28,Rest of World,11.056918864114943,row,1,tracker_no_s338_2026-08-24
2026-10-28,UK,7.057326074191231,uk,1,tracker_no_s338_2026-08-24
2026-10-29,Canada,5.539732409332289,ca,1,tracker_no_s338_2026-08-24
2026-10-29,China,26.536703579369348,chn,1,tracker_no_s338_2026-08-24
2026-10-29,EU,8.186542249917318,eu,1,tracker_no_s338_2026-08-24
2026-10-29,Free-trade partners,11.870926388932551,fta,1,tracker_no_s338_2026-08-24
2026-10-29,Japan,13.076942846842348,jp,1,tracker_no_s338_2026-08-24
2026-10-29,Mexico,6.880741124415055,mx,1,tracker_no_s338_2026-08-24
2026-10-29,Rest of World,11.056918864114943,row,1,tracker_no_s338_2026-08-24
2026-10-29,UK,7.057326074191231,uk,1,tracker_no_s338_2026-08-24
2026-10-30,Canada,5.539732409332289,ca,1,tracker_no_s338_2026-08-24
2026-10-30,China,26.536703579369348,chn,1,tracker_no_s338_2026-08-24
2026-10-30,EU,8.186542249917318,eu,1,tracker_no_s338_2026-08-24
2026-10-30,Free-trade partners,11.870926388932551,fta,1,tracker_no_s338_2026-08-24
2026-10-30,Japan,13.076942846842348,jp,1,tracker_no_s338_2026-08-24
2026-10-30,Mexico,6.880741124415055,mx,1,tracker_no_s338_2026-08-24
2026-10-30,Rest of World,11.056918864114943,row,1,tracker_no_s338_2026-08-24
2026-10-30,UK,7.057326074191231,uk,1,tracker_no_s338_2026-08-24
2026-10-31,Canada,5.539732409332289,ca,1,tracker_no_s338_2026-08-24
2026-10-31,China,26.536703579369348,chn,1,tracker_no_s338_2026-08-24
2026-10-31,EU,8.186542249917318,eu,1,tracker_no_s338_2026-08-24
2026-10-31,Free-trade partners,11.870926388932551,fta,1,tracker_no_s338_2026-08-24
2026-10-31,Japan,13.076942846842348,jp,1,tracker_no_s338_2026-08-24
2026-10-31,Mexico,6.880741124415055,mx,1,tracker_no_s338_2026-08-24
2026-10-31,Rest of World,11.056918864114943,row,1,tracker_no_s338_2026-08-24
2026-10-31,UK,7.057326074191231,uk,1,tracker_no_s338_2026-08-24
2026-11-01,Canada,5.539732409332289,ca,1,tracker_no_s338_2026-08-24
2026-11-01,China,26.536703579369348,chn,1,tracker_no_s338_2026-08-24
2026-11-01,EU,8.186542249917318,eu,1,tracker_no_s338_2026-08-24
2026-11-01,Free-trade partners,11.870926388932551,fta,1,tracker_no_s338_2026-08-24
2026-11-01,Japan,13.076942846842348,jp,1,tracker_no_s338_2026-08-24
2026-11-01,Mexico,6.880741124415055,mx,1,tracker_no_s338_2026-08-24
2026-11-01,Rest of World,11.056918864114943,row,1,tracker_no_s338_2026-08-24
2026-11-01,UK,7.057326074191231,uk,1,tracker_no_s338_2026-08-24
2026-11-02,Canada,5.539732409332289,ca,1,tracker_no_s338_2026-08-24
2026-11-02,China,26.536703579369348,chn,1,tracker_no_s338_2026-08-24
2026-11-02,EU,8.186542249917318,eu,1,tracker_no_s338_2026-08-24
2026-11-02,Free-trade partners,11.870926388932551,fta,1,tracker_no_s338_2026-08-24
2026-11-02,Japan,13.076942846842348,jp,1,tracker_no_s338_2026-08-24
2026-11-02,Mexico,6.880741124415055,mx,1,tracker_no_s338_2026-08-24
2026-11-02,Rest of World,11.056918864114943,row,1,tracker_no_s338_2026-08-24
2026-11-02,UK,7.057326074191231,uk,1,tracker_no_s338_2026-08-24
2026-11-03,Canada,5.539732409332289,ca,1,tracker_no_s338_2026-08-24
2026-11-03,China,26.536703579369348,chn,1,tracker_no_s338_2026-08-24
2026-11-03,EU,8.186542249917318,eu,1,tracker_no_s338_2026-08-24
2026-11-03,Free-trade partners,11.870926388932551,fta,1,tracker_no_s338_2026-08-24
2026-11-03,Japan,13.076942846842348,jp,1,tracker_no_s338_2026-08-24
2026-11-03,Mexico,6.880741124415055,mx,1,tracker_no_s338_2026-08-24
2026-11-03,Rest of World,11.056918864114943,row,1,tracker_no_s338_2026-08-24
2026-11-03,UK,7.057326074191231,uk,1,tracker_no_s338_2026-08-24
2026-11-04,Canada,5.539732409332289,ca,1,tracker_no_s338_2026-08-24
2026-11-04,China,26.536703579369348,chn,1,tracker_no_s338_2026-08-24
2026-11-04,EU,8.186542249917318,eu,1,tracker_no_s338_2026-08-24
2026-11-04,Free-trade partners,11.870926388932551,fta,1,tracker_no_s338_2026-08-24
2026-11-04,Japan,13.076942846842348,jp,1,tracker_no_s338_2026-08-24
2026-11-04,Mexico,6.880741124415055,mx,1,tracker_no_s338_2026-08-24
2026-11-04,Rest of World,11.056918864114943,row,1,tracker_no_s338_2026-08-24
2026-11-04,UK,7.057326074191231,uk,1,tracker_no_s338_2026-08-24
2026-11-05,Canada,5.539732409332289,ca,1,tracker_no_s338_2026-08-24
2026-11-05,China,26.536703579369348,chn,1,tracker_no_s338_2026-08-24
2026-11-05,EU,8.186542249917318,eu,1,tracker_no_s338_2026-08-24
2026-11-05,Free-trade partners,11.870926388932551,fta,1,tracker_no_s338_2026-08-24
2026-11-05,Japan,13.076942846842348,jp,1,tracker_no_s338_2026-08-24
2026-11-05,Mexico,6.880741124415055,mx,1,tracker_no_s338_2026-08-24
2026-11-05,Rest of World,11.056918864114943,row,1,tracker_no_s338_2026-08-24
2026-11-05,UK,7.057326074191231,uk,1,tracker_no_s338_2026-08-24
2026-11-06,Canada,5.539732409332289,ca,1,tracker_no_s338_2026-08-24
2026-11-06,China,26.536703579369348,chn,1,tracker_no_s338_2026-08-24
2026-11-06,EU,8.186542249917318,eu,1,tracker_no_s338_2026-08-24
2026-11-06,Free-trade partners,11.870926388932551,fta,1,tracker_no_s338_2026-08-24
2026-11-06,Japan,13.076942846842348,jp,1,tracker_no_s338_2026-08-24
2026-11-06,Mexico,6.880741124415055,mx,1,tracker_no_s338_2026-08-24
2026-11-06,Rest of World,11.056918864114943,row,1,tracker_no_s338_2026-08-24
2026-11-06,UK,7.057326074191231,uk,1,tracker_no_s338_2026-08-24
2026-11-07,Canada,5.539732409332289,ca,1,tracker_no_s338_2026-08-24
2026-11-07,China,26.536703579369348,chn,1,tracker_no_s338_2026-08-24
2026-11-07,EU,8.186542249917318,eu,1,tracker_no_s338_2026-08-24
2026-11-07,Free-trade partners,11.870926388932551,fta,1,tracker_no_s338_2026-08-24
2026-11-07,Japan,13.076942846842348,jp,1,tracker_no_s338_2026-08-24
2026-11-07,Mexico,6.880741124415055,mx,1,tracker_no_s338_2026-08-24
2026-11-07,Rest of World,11.056918864114943,row,1,tracker_no_s338_2026-08-24
2026-11-07,UK,7.057326074191231,uk,1,tracker_no_s338_2026-08-24
2026-11-08,Canada,5.539732409332289,ca,1,tracker_no_s338_2026-08-24
2026-11-08,China,26.536703579369348,chn,1,tracker_no_s338_2026-08-24
2026-11-08,EU,8.186542249917318,eu,1,tracker_no_s338_2026-08-24
2026-11-08,Free-trade partners,11.870926388932551,fta,1,tracker_no_s338_2026-08-24
2026-11-08,Japan,13.076942846842348,jp,1,tracker_no_s338_2026-08-24
2026-11-08,Mexico,6.880741124415055,mx,1,tracker_no_s338_2026-08-24
2026-11-08,Rest of World,11.056918864114943,row,1,tracker_no_s338_2026-08-24
2026-11-08,UK,7.057326074191231,uk,1,tracker_no_s338_2026-08-24
2026-11-09,Canada,5.539732409332289,ca,1,tracker_no_s338_2026-08-24
2026-11-09,China,26.536703579369348,chn,1,tracker_no_s338_2026-08-24
2026-11-09,EU,8.186542249917318,eu,1,tracker_no_s338_2026-08-24
2026-11-09,Free-trade partners,11.870926388932551,fta,1,tracker_no_s338_2026-08-24
2026-11-09,Japan,13.076942846842348,jp,1,tracker_no_s338_2026-08-24
2026-11-09,Mexico,6.880741124415055,mx,1,tracker_no_s338_2026-08-24
2026-11-09,Rest of World,11.056918864114943,row,1,tracker_no_s338_2026-08-24
2026-11-09,UK,7.057326074191231,uk,1,tracker_no_s338_2026-08-24
2026-11-10,Canada,5.539732409332289,ca,1,tracker_no_s338_2026-08-24
2026-11-10,China,27.214673534281452,chn,1,tracker_no_s338_2026-08-24
2026-11-10,EU,8.186542249917318,eu,1,tracker_no_s338_2026-08-24
2026-11-10,Free-trade partners,11.870926388932551,fta,1,tracker_no_s338_2026-08-24
2026-11-10,Japan,13.076942846842348,jp,1,tracker_no_s338_2026-08-24
2026-11-10,Mexico,6.880741124415055,mx,1,tracker_no_s338_2026-08-24
2026-11-10,Rest of World,11.056918864114943,row,1,tracker_no_s338_2026-08-24
2026-11-10,UK,7.057326074191231,uk,1,tracker_no_s338_2026-08-24
2026-11-11,Canada,5.539732409332289,ca,1,tracker_no_s338_2026-08-24
2026-11-11,China,27.214673534281452,chn,1,tracker_no_s338_2026-08-24
2026-11-11,EU,8.186542249917318,eu,1,tracker_no_s338_2026-08-24
2026-11-11,Free-trade partners,11.870926388932551,fta,1,tracker_no_s338_2026-08-24
2026-11-11,Japan,13.076942846842348,jp,1,tracker_no_s338_2026-08-24
2026-11-11,Mexico,6.880741124415055,mx,1,tracker_no_s338_2026-08-24
2026-11-11,Rest of World,11.056918864114943,row,1,tracker_no_s338_2026-08-24
2026-11-11,UK,7.057326074191231,uk,1,tracker_no_s338_2026-08-24
2026-11-12,Canada,5.539732409332289,ca,1,tracker_no_s338_2026-08-24
2026-11-12,China,27.214673534281452,chn,1,tracker_no_s338_2026-08-24
2026-11-12,EU,8.186542249917318,eu,1,tracker_no_s338_2026-08-24
2026-11-12,Free-trade partners,11.870926388932551,fta,1,tracker_no_s338_2026-08-24
2026-11-12,Japan,13.076942846842348,jp,1,tracker_no_s338_2026-08-24
2026-11-12,Mexico,6.880741124415055,mx,1,tracker_no_s338_2026-08-24
2026-11-12,Rest of World,11.056918864114943,row,1,tracker_no_s338_2026-08-24
2026-11-12,UK,7.057326074191231,uk,1,tracker_no_s338_2026-08-24
2026-11-13,Canada,5.539732409332289,ca,1,tracker_no_s338_2026-08-24
2026-11-13,China,27.214673534281452,chn,1,tracker_no_s338_2026-08-24
2026-11-13,EU,8.186542249917318,eu,1,tracker_no_s338_2026-08-24
2026-11-13,Free-trade partners,11.870926388932551,fta,1,tracker_no_s338_2026-08-24
2026-11-13,Japan,13.076942846842348,jp,1,tracker_no_s338_2026-08-24
2026-11-13,Mexico,6.880741124415055,mx,1,tracker_no_s338_2026-08-24
2026-11-13,Rest of World,11.056918864114943,row,1,tracker_no_s338_2026-08-24
2026-11-13,UK,7.057326074191231,uk,1,tracker_no_s338_2026-08-24
2026-11-14,Canada,5.539732409332289,ca,1,tracker_no_s338_2026-08-24
2026-11-14,China,27.214673534281452,chn,1,tracker_no_s338_2026-08-24
2026-11-14,EU,8.186542249917318,eu,1,tracker_no_s338_2026-08-24
2026-11-14,Free-trade partners,11.870926388932551,fta,1,tracker_no_s338_2026-08-24
2026-11-14,Japan,13.076942846842348,jp,1,tracker_no_s338_2026-08-24
2026-11-14,Mexico,6.880741124415055,mx,1,tracker_no_s338_2026-08-24
2026-11-14,Rest of World,11.056918864114943,row,1,tracker_no_s338_2026-08-24
2026-11-14,UK,7.057326074191231,uk,1,tracker_no_s338_2026-08-24
2026-11-15,Canada,5.539732409332289,ca,1,tracker_no_s338_2026-08-24
2026-11-15,China,27.214673534281452,chn,1,tracker_no_s338_2026-08-24
2026-11-15,EU,8.186542249917318,eu,1,tracker_no_s338_2026-08-24
2026-11-15,Free-trade partners,11.870926388932551,fta,1,tracker_no_s338_2026-08-24
2026-11-15,Japan,13.076942846842348,jp,1,tracker_no_s338_2026-08-24
2026-11-15,Mexico,6.880741124415055,mx,1,tracker_no_s338_2026-08-24
2026-11-15,Rest of World,11.056918864114943,row,1,tracker_no_s338_2026-08-24
2026-11-15,UK,7.057326074191231,uk,1,tracker_no_s338_2026-08-24
2026-11-16,Canada,5.539732409332289,ca,1,tracker_no_s338_2026-08-24
2026-11-16,China,27.214673534281452,chn,1,tracker_no_s338_2026-08-24
2026-11-16,EU,8.186542249917318,eu,1,tracker_no_s338_2026-08-24
2026-11-16,Free-trade partners,11.870926388932551,fta,1,tracker_no_s338_2026-08-24
2026-11-16,Japan,13.076942846842348,jp,1,tracker_no_s338_2026-08-24
2026-11-16,Mexico,6.880741124415055,mx,1,tracker_no_s338_2026-08-24
2026-11-16,Rest of World,11.056918864114943,row,1,tracker_no_s338_2026-08-24
2026-11-16,UK,7.057326074191231,uk,1,tracker_no_s338_2026-08-24
2026-11-17,Canada,5.539732409332289,ca,1,tracker_no_s338_2026-08-24
2026-11-17,China,27.214673534281452,chn,1,tracker_no_s338_2026-08-24
2026-11-17,EU,8.186542249917318,eu,1,tracker_no_s338_2026-08-24
2026-11-17,Free-trade partners,11.870926388932551,fta,1,tracker_no_s338_2026-08-24
2026-11-17,Japan,13.076942846842348,jp,1,tracker_no_s338_2026-08-24
2026-11-17,Mexico,6.880741124415055,mx,1,tracker_no_s338_2026-08-24
2026-11-17,Rest of World,11.056918864114943,row,1,tracker_no_s338_2026-08-24
2026-11-17,UK,7.057326074191231,uk,1,tracker_no_s338_2026-08-24
2026-11-18,Canada,5.539732409332289,ca,1,tracker_no_s338_2026-08-24
2026-11-18,China,27.214673534281452,chn,1,tracker_no_s338_2026-08-24
2026-11-18,EU,8.186542249917318,eu,1,tracker_no_s338_2026-08-24
2026-11-18,Free-trade partners,11.870926388932551,fta,1,tracker_no_s338_2026-08-24
2026-11-18,Japan,13.076942846842348,jp,1,tracker_no_s338_2026-08-24
2026-11-18,Mexico,6.880741124415055,mx,1,tracker_no_s338_2026-08-24
2026-11-18,Rest of World,11.056918864114943,row,1,tracker_no_s338_2026-08-24
2026-11-18,UK,7.057326074191231,uk,1,tracker_no_s338_2026-08-24
2026-11-19,Canada,5.539732409332289,ca,1,tracker_no_s338_2026-08-24
2026-11-19,China,27.214673534281452,chn,1,tracker_no_s338_2026-08-24
2026-11-19,EU,8.186542249917318,eu,1,tracker_no_s338_2026-08-24
2026-11-19,Free-trade partners,11.870926388932551,fta,1,tracker_no_s338_2026-08-24
2026-11-19,Japan,13.076942846842348,jp,1,tracker_no_s338_2026-08-24
2026-11-19,Mexico,6.880741124415055,mx,1,tracker_no_s338_2026-08-24
2026-11-19,Rest of World,11.056918864114943,row,1,tracker_no_s338_2026-08-24
2026-11-19,UK,7.057326074191231,uk,1,tracker_no_s338_2026-08-24
2026-11-20,Canada,5.539732409332289,ca,1,tracker_no_s338_2026-08-24
2026-11-20,China,27.214673534281452,chn,1,tracker_no_s338_2026-08-24
2026-11-20,EU,8.186542249917318,eu,1,tracker_no_s338_2026-08-24
2026-11-20,Free-trade partners,11.870926388932551,fta,1,tracker_no_s338_2026-08-24
2026-11-20,Japan,13.076942846842348,jp,1,tracker_no_s338_2026-08-24
2026-11-20,Mexico,6.880741124415055,mx,1,tracker_no_s338_2026-08-24
2026-11-20,Rest of World,11.056918864114943,row,1,tracker_no_s338_2026-08-24
2026-11-20,UK,7.057326074191231,uk,1,tracker_no_s338_2026-08-24
2026-11-21,Canada,5.539732409332289,ca,1,tracker_no_s338_2026-08-24
2026-11-21,China,27.214673534281452,chn,1,tracker_no_s338_2026-08-24
2026-11-21,EU,8.186542249917318,eu,1,tracker_no_s338_2026-08-24
2026-11-21,Free-trade partners,11.870926388932551,fta,1,tracker_no_s338_2026-08-24
2026-11-21,Japan,13.076942846842348,jp,1,tracker_no_s338_2026-08-24
2026-11-21,Mexico,6.880741124415055,mx,1,tracker_no_s338_2026-08-24
2026-11-21,Rest of World,11.056918864114943,row,1,tracker_no_s338_2026-08-24
2026-11-21,UK,7.057326074191231,uk,1,tracker_no_s338_2026-08-24
2026-11-22,Canada,5.539732409332289,ca,1,tracker_no_s338_2026-08-24
2026-11-22,China,27.214673534281452,chn,1,tracker_no_s338_2026-08-24
2026-11-22,EU,8.186542249917318,eu,1,tracker_no_s338_2026-08-24
2026-11-22,Free-trade partners,11.870926388932551,fta,1,tracker_no_s338_2026-08-24
2026-11-22,Japan,13.076942846842348,jp,1,tracker_no_s338_2026-08-24
2026-11-22,Mexico,6.880741124415055,mx,1,tracker_no_s338_2026-08-24
2026-11-22,Rest of World,11.056918864114943,row,1,tracker_no_s338_2026-08-24
2026-11-22,UK,7.057326074191231,uk,1,tracker_no_s338_2026-08-24
2026-11-23,Canada,5.539732409332289,ca,1,tracker_no_s338_2026-08-24
2026-11-23,China,27.214673534281452,chn,1,tracker_no_s338_2026-08-24
2026-11-23,EU,8.186542249917318,eu,1,tracker_no_s338_2026-08-24
2026-11-23,Free-trade partners,11.870926388932551,fta,1,tracker_no_s338_2026-08-24
2026-11-23,Japan,13.076942846842348,jp,1,tracker_no_s338_2026-08-24
2026-11-23,Mexico,6.880741124415055,mx,1,tracker_no_s338_2026-08-24
2026-11-23,Rest of World,11.056918864114943,row,1,tracker_no_s338_2026-08-24
2026-11-23,UK,7.057326074191231,uk,1,tracker_no_s338_2026-08-24
2026-11-24,Canada,5.539732409332289,ca,1,tracker_no_s338_2026-08-24
2026-11-24,China,27.214673534281452,chn,1,tracker_no_s338_2026-08-24
2026-11-24,EU,8.186542249917318,eu,1,tracker_no_s338_2026-08-24
2026-11-24,Free-trade partners,11.870926388932551,fta,1,tracker_no_s338_2026-08-24
2026-11-24,Japan,13.076942846842348,jp,1,tracker_no_s338_2026-08-24
2026-11-24,Mexico,6.880741124415055,mx,1,tracker_no_s338_2026-08-24
2026-11-24,Rest of World,11.056918864114943,row,1,tracker_no_s338_2026-08-24
2026-11-24,UK,7.057326074191231,uk,1,tracker_no_s338_2026-08-24
2026-11-25,Canada,5.539732409332289,ca,1,tracker_no_s338_2026-08-24
2026-11-25,China,27.214673534281452,chn,1,tracker_no_s338_2026-08-24
2026-11-25,EU,8.186542249917318,eu,1,tracker_no_s338_2026-08-24
2026-11-25,Free-trade partners,11.870926388932551,fta,1,tracker_no_s338_2026-08-24
2026-11-25,Japan,13.076942846842348,jp,1,tracker_no_s338_2026-08-24
2026-11-25,Mexico,6.880741124415055,mx,1,tracker_no_s338_2026-08-24
2026-11-25,Rest of World,11.056918864114943,row,1,tracker_no_s338_2026-08-24
2026-11-25,UK,7.057326074191231,uk,1,tracker_no_s338_2026-08-24
2026-11-26,Canada,5.539732409332289,ca,1,tracker_no_s338_2026-08-24
2026-11-26,China,27.214673534281452,chn,1,tracker_no_s338_2026-08-24
2026-11-26,EU,8.186542249917318,eu,1,tracker_no_s338_2026-08-24
2026-11-26,Free-trade partners,11.870926388932551,fta,1,tracker_no_s338_2026-08-24
2026-11-26,Japan,13.076942846842348,jp,1,tracker_no_s338_2026-08-24
2026-11-26,Mexico,6.880741124415055,mx,1,tracker_no_s338_2026-08-24
2026-11-26,Rest of World,11.056918864114943,row,1,tracker_no_s338_2026-08-24
2026-11-26,UK,7.057326074191231,uk,1,tracker_no_s338_2026-08-24
2026-11-27,Canada,5.539732409332289,ca,1,tracker_no_s338_2026-08-24
2026-11-27,China,27.214673534281452,chn,1,tracker_no_s338_2026-08-24
2026-11-27,EU,8.186542249917318,eu,1,tracker_no_s338_2026-08-24
2026-11-27,Free-trade partners,11.870926388932551,fta,1,tracker_no_s338_2026-08-24
2026-11-27,Japan,13.076942846842348,jp,1,tracker_no_s338_2026-08-24
2026-11-27,Mexico,6.880741124415055,mx,1,tracker_no_s338_2026-08-24
2026-11-27,Rest of World,11.056918864114943,row,1,tracker_no_s338_2026-08-24
2026-11-27,UK,7.057326074191231,uk,1,tracker_no_s338_2026-08-24
2026-11-28,Canada,5.539732409332289,ca,1,tracker_no_s338_2026-08-24
2026-11-28,China,27.214673534281452,chn,1,tracker_no_s338_2026-08-24
2026-11-28,EU,8.186542249917318,eu,1,tracker_no_s338_2026-08-24
2026-11-28,Free-trade partners,11.870926388932551,fta,1,tracker_no_s338_2026-08-24
2026-11-28,Japan,13.076942846842348,jp,1,tracker_no_s338_2026-08-24
2026-11-28,Mexico,6.880741124415055,mx,1,tracker_no_s338_2026-08-24
2026-11-28,Rest of World,11.056918864114943,row,1,tracker_no_s338_2026-08-24
2026-11-28,UK,7.057326074191231,uk,1,tracker_no_s338_2026-08-24
2026-11-29,Canada,5.539732409332289,ca,1,tracker_no_s338_2026-08-24
2026-11-29,China,27.214673534281452,chn,1,tracker_no_s338_2026-08-24
2026-11-29,EU,8.186542249917318,eu,1,tracker_no_s338_2026-08-24
2026-11-29,Free-trade partners,11.870926388932551,fta,1,tracker_no_s338_2026-08-24
2026-11-29,Japan,13.076942846842348,jp,1,tracker_no_s338_2026-08-24
2026-11-29,Mexico,6.880741124415055,mx,1,tracker_no_s338_2026-08-24
2026-11-29,Rest of World,11.056918864114943,row,1,tracker_no_s338_2026-08-24
2026-11-29,UK,7.057326074191231,uk,1,tracker_no_s338_2026-08-24
2026-11-30,Canada,5.539732409332289,ca,1,tracker_no_s338_2026-08-24
2026-11-30,China,27.214673534281452,chn,1,tracker_no_s338_2026-08-24
2026-11-30,EU,8.186542249917318,eu,1,tracker_no_s338_2026-08-24
2026-11-30,Free-trade partners,11.870926388932551,fta,1,tracker_no_s338_2026-08-24
2026-11-30,Japan,13.076942846842348,jp,1,tracker_no_s338_2026-08-24
2026-11-30,Mexico,6.880741124415055,mx,1,tracker_no_s338_2026-08-24
2026-11-30,Rest of World,11.056918864114943,row,1,tracker_no_s338_2026-08-24
2026-11-30,UK,7.057326074191231,uk,1,tracker_no_s338_2026-08-24
2026-12-01,Canada,5.539732409332289,ca,1,tracker_no_s338_2026-08-24
2026-12-01,China,27.214673534281452,chn,1,tracker_no_s338_2026-08-24
2026-12-01,EU,8.186542249917318,eu,1,tracker_no_s338_2026-08-24
2026-12-01,Free-trade partners,11.870926388932551,fta,1,tracker_no_s338_2026-08-24
2026-12-01,Japan,13.076942846842348,jp,1,tracker_no_s338_2026-08-24
2026-12-01,Mexico,6.880741124415055,mx,1,tracker_no_s338_2026-08-24
2026-12-01,Rest of World,11.056918864114943,row,1,tracker_no_s338_2026-08-24
2026-12-01,UK,7.057326074191231,uk,1,tracker_no_s338_2026-08-24
2026-12-02,Canada,5.539732409332289,ca,1,tracker_no_s338_2026-08-24
2026-12-02,China,27.214673534281452,chn,1,tracker_no_s338_2026-08-24
2026-12-02,EU,8.186542249917318,eu,1,tracker_no_s338_2026-08-24
2026-12-02,Free-trade partners,11.870926388932551,fta,1,tracker_no_s338_2026-08-24
2026-12-02,Japan,13.076942846842348,jp,1,tracker_no_s338_2026-08-24
2026-12-02,Mexico,6.880741124415055,mx,1,tracker_no_s338_2026-08-24
2026-12-02,Rest of World,11.056918864114943,row,1,tracker_no_s338_2026-08-24
2026-12-02,UK,7.057326074191231,uk,1,tracker_no_s338_2026-08-24
2026-12-03,Canada,5.539732409332289,ca,1,tracker_no_s338_2026-08-24
2026-12-03,China,27.214673534281452,chn,1,tracker_no_s338_2026-08-24
2026-12-03,EU,8.186542249917318,eu,1,tracker_no_s338_2026-08-24
2026-12-03,Free-trade partners,11.870926388932551,fta,1,tracker_no_s338_2026-08-24
2026-12-03,Japan,13.076942846842348,jp,1,tracker_no_s338_2026-08-24
2026-12-03,Mexico,6.880741124415055,mx,1,tracker_no_s338_2026-08-24
2026-12-03,Rest of World,11.056918864114943,row,1,tracker_no_s338_2026-08-24
2026-12-03,UK,7.057326074191231,uk,1,tracker_no_s338_2026-08-24
2026-12-04,Canada,5.5409465624023015,ca,1,tracker_no_s338_2026-08-24
2026-12-04,China,27.2198622269524,chn,1,tracker_no_s338_2026-08-24
2026-12-04,EU,8.193962168422233,eu,1,tracker_no_s338_2026-08-24
2026-12-04,Free-trade partners,11.92542879919018,fta,1,tracker_no_s338_2026-08-24
2026-12-04,Japan,13.14039121088729,jp,1,tracker_no_s338_2026-08-24
2026-12-04,Mexico,6.8874732874652285,mx,1,tracker_no_s338_2026-08-24
2026-12-04,Rest of World,11.363643750163414,row,1,tracker_no_s338_2026-08-24
2026-12-04,UK,7.0594255589302355,uk,1,tracker_no_s338_2026-08-24
2026-12-05,Canada,5.5409465624023015,ca,1,tracker_no_s338_2026-08-24
2026-12-05,China,27.2198622269524,chn,1,tracker_no_s338_2026-08-24
2026-12-05,EU,8.193962168422233,eu,1,tracker_no_s338_2026-08-24
2026-12-05,Free-trade partners,11.92542879919018,fta,1,tracker_no_s338_2026-08-24
2026-12-05,Japan,13.14039121088729,jp,1,tracker_no_s338_2026-08-24
2026-12-05,Mexico,6.8874732874652285,mx,1,tracker_no_s338_2026-08-24
2026-12-05,Rest of World,11.363643750163414,row,1,tracker_no_s338_2026-08-24
2026-12-05,UK,7.0594255589302355,uk,1,tracker_no_s338_2026-08-24
2026-12-06,Canada,5.5409465624023015,ca,1,tracker_no_s338_2026-08-24
2026-12-06,China,27.2198622269524,chn,1,tracker_no_s338_2026-08-24
2026-12-06,EU,8.193962168422233,eu,1,tracker_no_s338_2026-08-24
2026-12-06,Free-trade partners,11.92542879919018,fta,1,tracker_no_s338_2026-08-24
2026-12-06,Japan,13.14039121088729,jp,1,tracker_no_s338_2026-08-24
2026-12-06,Mexico,6.8874732874652285,mx,1,tracker_no_s338_2026-08-24
2026-12-06,Rest of World,11.363643750163414,row,1,tracker_no_s338_2026-08-24
2026-12-06,UK,7.0594255589302355,uk,1,tracker_no_s338_2026-08-24
2026-12-07,Canada,5.5409465624023015,ca,1,tracker_no_s338_2026-08-24
2026-12-07,China,27.2198622269524,chn,1,tracker_no_s338_2026-08-24
2026-12-07,EU,8.193962168422233,eu,1,tracker_no_s338_2026-08-24
2026-12-07,Free-trade partners,11.92542879919018,fta,1,tracker_no_s338_2026-08-24
2026-12-07,Japan,13.14039121088729,jp,1,tracker_no_s338_2026-08-24
2026-12-07,Mexico,6.8874732874652285,mx,1,tracker_no_s338_2026-08-24
2026-12-07,Rest of World,11.363643750163414,row,1,tracker_no_s338_2026-08-24
2026-12-07,UK,7.0594255589302355,uk,1,tracker_no_s338_2026-08-24
2026-12-08,Canada,5.5409465624023015,ca,1,tracker_no_s338_2026-08-24
2026-12-08,China,27.2198622269524,chn,1,tracker_no_s338_2026-08-24
2026-12-08,EU,8.193962168422233,eu,1,tracker_no_s338_2026-08-24
2026-12-08,Free-trade partners,11.92542879919018,fta,1,tracker_no_s338_2026-08-24
2026-12-08,Japan,13.14039121088729,jp,1,tracker_no_s338_2026-08-24
2026-12-08,Mexico,6.8874732874652285,mx,1,tracker_no_s338_2026-08-24
2026-12-08,Rest of World,11.363643750163414,row,1,tracker_no_s338_2026-08-24
2026-12-08,UK,7.0594255589302355,uk,1,tracker_no_s338_2026-08-24
2026-12-09,Canada,5.5409465624023015,ca,1,tracker_no_s338_2026-08-24
2026-12-09,China,27.2198622269524,chn,1,tracker_no_s338_2026-08-24
2026-12-09,EU,8.193962168422233,eu,1,tracker_no_s338_2026-08-24
2026-12-09,Free-trade partners,11.92542879919018,fta,1,tracker_no_s338_2026-08-24
2026-12-09,Japan,13.14039121088729,jp,1,tracker_no_s338_2026-08-24
2026-12-09,Mexico,6.8874732874652285,mx,1,tracker_no_s338_2026-08-24
2026-12-09,Rest of World,11.363643750163414,row,1,tracker_no_s338_2026-08-24
2026-12-09,UK,7.0594255589302355,uk,1,tracker_no_s338_2026-08-24
2026-12-10,Canada,5.5409465624023015,ca,1,tracker_no_s338_2026-08-24
2026-12-10,China,27.2198622269524,chn,1,tracker_no_s338_2026-08-24
2026-12-10,EU,8.193962168422233,eu,1,tracker_no_s338_2026-08-24
2026-12-10,Free-trade partners,11.92542879919018,fta,1,tracker_no_s338_2026-08-24
2026-12-10,Japan,13.14039121088729,jp,1,tracker_no_s338_2026-08-24
2026-12-10,Mexico,6.8874732874652285,mx,1,tracker_no_s338_2026-08-24
2026-12-10,Rest of World,11.363643750163414,row,1,tracker_no_s338_2026-08-24
2026-12-10,UK,7.0594255589302355,uk,1,tracker_no_s338_2026-08-24
2026-12-11,Canada,5.5409465624023015,ca,1,tracker_no_s338_2026-08-24
2026-12-11,China,27.2198622269524,chn,1,tracker_no_s338_2026-08-24
2026-12-11,EU,8.193962168422233,eu,1,tracker_no_s338_2026-08-24
2026-12-11,Free-trade partners,11.92542879919018,fta,1,tracker_no_s338_2026-08-24
2026-12-11,Japan,13.14039121088729,jp,1,tracker_no_s338_2026-08-24
2026-12-11,Mexico,6.8874732874652285,mx,1,tracker_no_s338_2026-08-24
2026-12-11,Rest of World,11.363643750163414,row,1,tracker_no_s338_2026-08-24
2026-12-11,UK,7.0594255589302355,uk,1,tracker_no_s338_2026-08-24
2026-12-12,Canada,5.5409465624023015,ca,1,tracker_no_s338_2026-08-24
2026-12-12,China,27.2198622269524,chn,1,tracker_no_s338_2026-08-24
2026-12-12,EU,8.193962168422233,eu,1,tracker_no_s338_2026-08-24
2026-12-12,Free-trade partners,11.92542879919018,fta,1,tracker_no_s338_2026-08-24
2026-12-12,Japan,13.14039121088729,jp,1,tracker_no_s338_2026-08-24
2026-12-12,Mexico,6.8874732874652285,mx,1,tracker_no_s338_2026-08-24
2026-12-12,Rest of World,11.363643750163414,row,1,tracker_no_s338_2026-08-24
2026-12-12,UK,7.0594255589302355,uk,1,tracker_no_s338_2026-08-24
2026-12-13,Canada,5.5409465624023015,ca,1,tracker_no_s338_2026-08-24
2026-12-13,China,27.2198622269524,chn,1,tracker_no_s338_2026-08-24
2026-12-13,EU,8.193962168422233,eu,1,tracker_no_s338_2026-08-24
2026-12-13,Free-trade partners,11.92542879919018,fta,1,tracker_no_s338_2026-08-24
2026-12-13,Japan,13.14039121088729,jp,1,tracker_no_s338_2026-08-24
2026-12-13,Mexico,6.8874732874652285,mx,1,tracker_no_s338_2026-08-24
2026-12-13,Rest of World,11.363643750163414,row,1,tracker_no_s338_2026-08-24
2026-12-13,UK,7.0594255589302355,uk,1,tracker_no_s338_2026-08-24
2026-12-14,Canada,5.5409465624023015,ca,1,tracker_no_s338_2026-08-24
2026-12-14,China,27.2198622269524,chn,1,tracker_no_s338_2026-08-24
2026-12-14,EU,8.193962168422233,eu,1,tracker_no_s338_2026-08-24
2026-12-14,Free-trade partners,11.92542879919018,fta,1,tracker_no_s338_2026-08-24
2026-12-14,Japan,13.14039121088729,jp,1,tracker_no_s338_2026-08-24
2026-12-14,Mexico,6.8874732874652285,mx,1,tracker_no_s338_2026-08-24
2026-12-14,Rest of World,11.363643750163414,row,1,tracker_no_s338_2026-08-24
2026-12-14,UK,7.0594255589302355,uk,1,tracker_no_s338_2026-08-24
2026-12-15,Canada,5.5409465624023015,ca,1,tracker_no_s338_2026-08-24
2026-12-15,China,27.2198622269524,chn,1,tracker_no_s338_2026-08-24
2026-12-15,EU,8.193962168422233,eu,1,tracker_no_s338_2026-08-24
2026-12-15,Free-trade partners,11.92542879919018,fta,1,tracker_no_s338_2026-08-24
2026-12-15,Japan,13.14039121088729,jp,1,tracker_no_s338_2026-08-24
2026-12-15,Mexico,6.8874732874652285,mx,1,tracker_no_s338_2026-08-24
2026-12-15,Rest of World,11.363643750163414,row,1,tracker_no_s338_2026-08-24
2026-12-15,UK,7.0594255589302355,uk,1,tracker_no_s338_2026-08-24
2026-12-16,Canada,5.5409465624023015,ca,1,tracker_no_s338_2026-08-24
2026-12-16,China,27.2198622269524,chn,1,tracker_no_s338_2026-08-24
2026-12-16,EU,8.193962168422233,eu,1,tracker_no_s338_2026-08-24
2026-12-16,Free-trade partners,11.92542879919018,fta,1,tracker_no_s338_2026-08-24
2026-12-16,Japan,13.14039121088729,jp,1,tracker_no_s338_2026-08-24
2026-12-16,Mexico,6.8874732874652285,mx,1,tracker_no_s338_2026-08-24
2026-12-16,Rest of World,11.363643750163414,row,1,tracker_no_s338_2026-08-24
2026-12-16,UK,7.0594255589302355,uk,1,tracker_no_s338_2026-08-24
2026-12-17,Canada,5.5409465624023015,ca,1,tracker_no_s338_2026-08-24
2026-12-17,China,27.2198622269524,chn,1,tracker_no_s338_2026-08-24
2026-12-17,EU,8.193962168422233,eu,1,tracker_no_s338_2026-08-24
2026-12-17,Free-trade partners,11.92542879919018,fta,1,tracker_no_s338_2026-08-24
2026-12-17,Japan,13.14039121088729,jp,1,tracker_no_s338_2026-08-24
2026-12-17,Mexico,6.8874732874652285,mx,1,tracker_no_s338_2026-08-24
2026-12-17,Rest of World,11.363643750163414,row,1,tracker_no_s338_2026-08-24
2026-12-17,UK,7.0594255589302355,uk,1,tracker_no_s338_2026-08-24
2026-12-18,Canada,5.5409465624023015,ca,1,tracker_no_s338_2026-08-24
2026-12-18,China,27.2198622269524,chn,1,tracker_no_s338_2026-08-24
2026-12-18,EU,8.193962168422233,eu,1,tracker_no_s338_2026-08-24
2026-12-18,Free-trade partners,11.92542879919018,fta,1,tracker_no_s338_2026-08-24
2026-12-18,Japan,13.14039121088729,jp,1,tracker_no_s338_2026-08-24
2026-12-18,Mexico,6.8874732874652285,mx,1,tracker_no_s338_2026-08-24
2026-12-18,Rest of World,11.363643750163414,row,1,tracker_no_s338_2026-08-24
2026-12-18,UK,7.0594255589302355,uk,1,tracker_no_s338_2026-08-24
2026-12-19,Canada,5.5409465624023015,ca,1,tracker_no_s338_2026-08-24
2026-12-19,China,27.2198622269524,chn,1,tracker_no_s338_2026-08-24
2026-12-19,EU,8.193962168422233,eu,1,tracker_no_s338_2026-08-24
2026-12-19,Free-trade partners,11.92542879919018,fta,1,tracker_no_s338_2026-08-24
2026-12-19,Japan,13.14039121088729,jp,1,tracker_no_s338_2026-08-24
2026-12-19,Mexico,6.8874732874652285,mx,1,tracker_no_s338_2026-08-24
2026-12-19,Rest of World,11.363643750163414,row,1,tracker_no_s338_2026-08-24
2026-12-19,UK,7.0594255589302355,uk,1,tracker_no_s338_2026-08-24
2026-12-20,Canada,5.5409465624023015,ca,1,tracker_no_s338_2026-08-24
2026-12-20,China,27.2198622269524,chn,1,tracker_no_s338_2026-08-24
2026-12-20,EU,8.193962168422233,eu,1,tracker_no_s338_2026-08-24
2026-12-20,Free-trade partners,11.92542879919018,fta,1,tracker_no_s338_2026-08-24
2026-12-20,Japan,13.14039121088729,jp,1,tracker_no_s338_2026-08-24
2026-12-20,Mexico,6.8874732874652285,mx,1,tracker_no_s338_2026-08-24
2026-12-20,Rest of World,11.363643750163414,row,1,tracker_no_s338_2026-08-24
2026-12-20,UK,7.0594255589302355,uk,1,tracker_no_s338_2026-08-24
2026-12-21,Canada,5.5409465624023015,ca,1,tracker_no_s338_2026-08-24
2026-12-21,China,27.2198622269524,chn,1,tracker_no_s338_2026-08-24
2026-12-21,EU,8.193962168422233,eu,1,tracker_no_s338_2026-08-24
2026-12-21,Free-trade partners,11.92542879919018,fta,1,tracker_no_s338_2026-08-24
2026-12-21,Japan,13.14039121088729,jp,1,tracker_no_s338_2026-08-24
2026-12-21,Mexico,6.8874732874652285,mx,1,tracker_no_s338_2026-08-24
2026-12-21,Rest of World,11.363643750163414,row,1,tracker_no_s338_2026-08-24
2026-12-21,UK,7.0594255589302355,uk,1,tracker_no_s338_2026-08-24
2026-12-22,Canada,5.5409465624023015,ca,1,tracker_no_s338_2026-08-24
2026-12-22,China,27.2198622269524,chn,1,tracker_no_s338_2026-08-24
2026-12-22,EU,8.193962168422233,eu,1,tracker_no_s338_2026-08-24
2026-12-22,Free-trade partners,11.92542879919018,fta,1,tracker_no_s338_2026-08-24
2026-12-22,Japan,13.14039121088729,jp,1,tracker_no_s338_2026-08-24
2026-12-22,Mexico,6.8874732874652285,mx,1,tracker_no_s338_2026-08-24
2026-12-22,Rest of World,11.363643750163414,row,1,tracker_no_s338_2026-08-24
2026-12-22,UK,7.0594255589302355,uk,1,tracker_no_s338_2026-08-24
2026-12-23,Canada,5.5409465624023015,ca,1,tracker_no_s338_2026-08-24
2026-12-23,China,27.2198622269524,chn,1,tracker_no_s338_2026-08-24
2026-12-23,EU,8.193962168422233,eu,1,tracker_no_s338_2026-08-24
2026-12-23,Free-trade partners,11.92542879919018,fta,1,tracker_no_s338_2026-08-24
2026-12-23,Japan,13.14039121088729,jp,1,tracker_no_s338_2026-08-24
2026-12-23,Mexico,6.8874732874652285,mx,1,tracker_no_s338_2026-08-24
2026-12-23,Rest of World,11.363643750163414,row,1,tracker_no_s338_2026-08-24
2026-12-23,UK,7.0594255589302355,uk,1,tracker_no_s338_2026-08-24
2026-12-24,Canada,5.5409465624023015,ca,1,tracker_no_s338_2026-08-24
2026-12-24,China,27.2198622269524,chn,1,tracker_no_s338_2026-08-24
2026-12-24,EU,8.193962168422233,eu,1,tracker_no_s338_2026-08-24
2026-12-24,Free-trade partners,11.92542879919018,fta,1,tracker_no_s338_2026-08-24
2026-12-24,Japan,13.14039121088729,jp,1,tracker_no_s338_2026-08-24
2026-12-24,Mexico,6.8874732874652285,mx,1,tracker_no_s338_2026-08-24
2026-12-24,Rest of World,11.363643750163414,row,1,tracker_no_s338_2026-08-24
2026-12-24,UK,7.0594255589302355,uk,1,tracker_no_s338_2026-08-24
2026-12-25,Canada,5.5409465624023015,ca,1,tracker_no_s338_2026-08-24
2026-12-25,China,27.2198622269524,chn,1,tracker_no_s338_2026-08-24
2026-12-25,EU,8.193962168422233,eu,1,tracker_no_s338_2026-08-24
2026-12-25,Free-trade partners,11.92542879919018,fta,1,tracker_no_s338_2026-08-24
2026-12-25,Japan,13.14039121088729,jp,1,tracker_no_s338_2026-08-24
2026-12-25,Mexico,6.8874732874652285,mx,1,tracker_no_s338_2026-08-24
2026-12-25,Rest of World,11.363643750163414,row,1,tracker_no_s338_2026-08-24
2026-12-25,UK,7.0594255589302355,uk,1,tracker_no_s338_2026-08-24
2026-12-26,Canada,5.5409465624023015,ca,1,tracker_no_s338_2026-08-24
2026-12-26,China,27.2198622269524,chn,1,tracker_no_s338_2026-08-24
2026-12-26,EU,8.193962168422233,eu,1,tracker_no_s338_2026-08-24
2026-12-26,Free-trade partners,11.92542879919018,fta,1,tracker_no_s338_2026-08-24
2026-12-26,Japan,13.14039121088729,jp,1,tracker_no_s338_2026-08-24
2026-12-26,Mexico,6.8874732874652285,mx,1,tracker_no_s338_2026-08-24
2026-12-26,Rest of World,11.363643750163414,row,1,tracker_no_s338_2026-08-24
2026-12-26,UK,7.0594255589302355,uk,1,tracker_no_s338_2026-08-24
2026-12-27,Canada,5.5409465624023015,ca,1,tracker_no_s338_2026-08-24
2026-12-27,China,27.2198622269524,chn,1,tracker_no_s338_2026-08-24
2026-12-27,EU,8.193962168422233,eu,1,tracker_no_s338_2026-08-24
2026-12-27,Free-trade partners,11.92542879919018,fta,1,tracker_no_s338_2026-08-24
2026-12-27,Japan,13.14039121088729,jp,1,tracker_no_s338_2026-08-24
2026-12-27,Mexico,6.8874732874652285,mx,1,tracker_no_s338_2026-08-24
2026-12-27,Rest of World,11.363643750163414,row,1,tracker_no_s338_2026-08-24
2026-12-27,UK,7.0594255589302355,uk,1,tracker_no_s338_2026-08-24
2026-12-28,Canada,5.5409465624023015,ca,1,tracker_no_s338_2026-08-24
2026-12-28,China,27.2198622269524,chn,1,tracker_no_s338_2026-08-24
2026-12-28,EU,8.193962168422233,eu,1,tracker_no_s338_2026-08-24
2026-12-28,Free-trade partners,11.92542879919018,fta,1,tracker_no_s338_2026-08-24
2026-12-28,Japan,13.14039121088729,jp,1,tracker_no_s338_2026-08-24
2026-12-28,Mexico,6.8874732874652285,mx,1,tracker_no_s338_2026-08-24
2026-12-28,Rest of World,11.363643750163414,row,1,tracker_no_s338_2026-08-24
2026-12-28,UK,7.0594255589302355,uk,1,tracker_no_s338_2026-08-24
2026-12-29,Canada,5.5409465624023015,ca,1,tracker_no_s338_2026-08-24
2026-12-29,China,27.2198622269524,chn,1,tracker_no_s338_2026-08-24
2026-12-29,EU,8.193962168422233,eu,1,tracker_no_s338_2026-08-24
2026-12-29,Free-trade partners,11.92542879919018,fta,1,tracker_no_s338_2026-08-24
2026-12-29,Japan,13.14039121088729,jp,1,tracker_no_s338_2026-08-24
2026-12-29,Mexico,6.8874732874652285,mx,1,tracker_no_s338_2026-08-24
2026-12-29,Rest of World,11.363643750163414,row,1,tracker_no_s338_2026-08-24
2026-12-29,UK,7.0594255589302355,uk,1,tracker_no_s338_2026-08-24
2026-12-30,Canada,5.5409465624023015,ca,1,tracker_no_s338_2026-08-24
2026-12-30,China,27.2198622269524,chn,1,tracker_no_s338_2026-08-24
2026-12-30,EU,8.193962168422233,eu,1,tracker_no_s338_2026-08-24
2026-12-30,Free-trade partners,11.92542879919018,fta,1,tracker_no_s338_2026-08-24
2026-12-30,Japan,13.14039121088729,jp,1,tracker_no_s338_2026-08-24
2026-12-30,Mexico,6.8874732874652285,mx,1,tracker_no_s338_2026-08-24
2026-12-30,Rest of World,11.363643750163414,row,1,tracker_no_s338_2026-08-24
2026-12-30,UK,7.0594255589302355,uk,1,tracker_no_s338_2026-08-24
2026-12-31,Canada,5.5409465624023015,ca,1,tracker_no_s338_2026-08-24
2026-12-31,China,27.2198622269524,chn,1,tracker_no_s338_2026-08-24
2026-12-31,EU,8.193962168422233,eu,1,tracker_no_s338_2026-08-24
2026-12-31,Free-trade partners,11.92542879919018,fta,1,tracker_no_s338_2026-08-24
2026-12-31,Japan,13.14039121088729,jp,1,tracker_no_s338_2026-08-24
2026-12-31,Mexico,6.8874732874652285,mx,1,tracker_no_s338_2026-08-24
2026-12-31,Rest of World,11.363643750163414,row,1,tracker_no_s338_2026-08-24
2026-12-31,UK,7.0594255589302355,uk,1,tracker_no_s338_2026-08-24
