row,year,value,measure
Arkansas-Oklahoma,FY1998,106234,corporation_total
Arkansas-Oklahoma,FY1999,105863,corporation_total
Arkansas-Oklahoma,FY1998,23838,employee_plan
Arkansas-Oklahoma,FY1999,19486,employee_plan
Arkansas-Oklahoma,FY1998,629057,employment
Arkansas-Oklahoma,FY1999,618188,employment
Arkansas-Oklahoma,FY1998,1758,estate_tax
Arkansas-Oklahoma,FY1999,1766,estate_tax
Arkansas-Oklahoma,FY1998,67847,estate_trust
Arkansas-Oklahoma,FY1999,84209,estate_trust
Arkansas-Oklahoma,FY1998,17983,estate_trust_estimated
Arkansas-Oklahoma,FY1999,15581,estate_trust_estimated
Arkansas-Oklahoma,FY1998,27768,excise
Arkansas-Oklahoma,FY1999,25269,excise
Arkansas-Oklahoma,FY1998,3866,gift_tax
Arkansas-Oklahoma,FY1999,4276,gift_tax
Arkansas-Oklahoma,FY1998,814254,individual_estimated
Arkansas-Oklahoma,FY1999,723729,individual_estimated
Arkansas-Oklahoma,FY1998,2493404,individual_income
Arkansas-Oklahoma,FY1999,2529301,individual_income
Arkansas-Oklahoma,FY1998,36685,partnership
Arkansas-Oklahoma,FY1999,39617,partnership
Arkansas-Oklahoma,FY1998,348680,supplemental
Arkansas-Oklahoma,FY1999,361053.79548827326,supplemental
Arkansas-Oklahoma,FY1998,11965,tax_exempt
Arkansas-Oklahoma,FY1999,11685,tax_exempt
Arkansas-Oklahoma,FY1998,4583339,total
Arkansas-Oklahoma,FY1999,4540023.795488274,total
Brooklyn,FY1998,203452,corporation_total
Brooklyn,FY1999,201512,corporation_total
Brooklyn,FY1998,43922,employee_plan
Brooklyn,FY1999,40895,employee_plan
Brooklyn,FY1998,751253,employment
Brooklyn,FY1999,753461,employment
Brooklyn,FY1998,2862,estate_tax
Brooklyn,FY1999,3134,estate_tax
Brooklyn,FY1998,34795,estate_trust
Brooklyn,FY1999,35090,estate_trust
Brooklyn,FY1998,15181,estate_trust_estimated
Brooklyn,FY1999,13359,estate_trust_estimated
Brooklyn,FY1998,6285,excise
Brooklyn,FY1999,5966,excise
Brooklyn,FY1998,6894,gift_tax
Brooklyn,FY1999,6568,gift_tax
Brooklyn,FY1998,1022512,individual_estimated
Brooklyn,FY1999,950334,individual_estimated
Brooklyn,FY1998,3108482,individual_income
Brooklyn,FY1999,3165226,individual_income
Brooklyn,FY1998,37542,partnership
Brooklyn,FY1999,39428,partnership
Brooklyn,FY1998,362113,supplemental
Brooklyn,FY1999,373483.25253179617,supplemental
Brooklyn,FY1998,10157,tax_exempt
Brooklyn,FY1999,10158,tax_exempt
Brooklyn,FY1998,5605450,total
Brooklyn,FY1999,5598614.252531796,total
Central California,FY1998,69130,corporation_total
Central California,FY1999,69114,corporation_total
Central California,FY1998,35922,employee_plan
Central California,FY1999,30127,employee_plan
Central California,FY1998,603880,employment
Central California,FY1999,590328,employment
Central California,FY1998,3047,estate_tax
Central California,FY1999,3403,estate_tax
Central California,FY1998,59935,estate_trust
Central California,FY1999,64310,estate_trust
Central California,FY1998,21431,estate_trust_estimated
Central California,FY1999,20455,estate_trust_estimated
Central California,FY1998,12321,excise
Central California,FY1999,11642,excise
Central California,FY1998,4156,gift_tax
Central California,FY1999,5085,gift_tax
Central California,FY1998,1031541,individual_estimated
Central California,FY1999,953491,individual_estimated
Central California,FY1998,2660656,individual_income
Central California,FY1999,2703083,individual_income
Central California,FY1998,45020,partnership
Central California,FY1999,46253,partnership
Central California,FY1998,332830,supplemental
Central California,FY1999,347440.1244242474,supplemental
Central California,FY1998,12741,tax_exempt
Central California,FY1999,12809,tax_exempt
Central California,FY1998,4892610,total
Central California,FY1999,4857540.124424247,total
Connecticut-Rhode Island,FY1998,96477,corporation_total
Connecticut-Rhode Island,FY1999,93022,corporation_total
Connecticut-Rhode Island,FY1998,38905,employee_plan
Connecticut-Rhode Island,FY1999,36345,employee_plan
Connecticut-Rhode Island,FY1998,524014,employment
Connecticut-Rhode Island,FY1999,515032,employment
Connecticut-Rhode Island,FY1998,2685,estate_tax
Connecticut-Rhode Island,FY1999,2840,estate_tax
Connecticut-Rhode Island,FY1998,72815,estate_trust
Connecticut-Rhode Island,FY1999,72361,estate_trust
Connecticut-Rhode Island,FY1998,27506,estate_trust_estimated
Connecticut-Rhode Island,FY1999,23173,estate_trust_estimated
Connecticut-Rhode Island,FY1998,8551,excise
Connecticut-Rhode Island,FY1999,8220,excise
Connecticut-Rhode Island,FY1998,9334,gift_tax
Connecticut-Rhode Island,FY1999,10323,gift_tax
Connecticut-Rhode Island,FY1998,832160,individual_estimated
Connecticut-Rhode Island,FY1999,792719,individual_estimated
Connecticut-Rhode Island,FY1998,2065127,individual_income
Connecticut-Rhode Island,FY1999,2093372,individual_income
Connecticut-Rhode Island,FY1998,46351,partnership
Connecticut-Rhode Island,FY1999,50725,partnership
Connecticut-Rhode Island,FY1998,255046,supplemental
Connecticut-Rhode Island,FY1999,262910,supplemental
Connecticut-Rhode Island,FY1998,15412,tax_exempt
Connecticut-Rhode Island,FY1999,15791,tax_exempt
Connecticut-Rhode Island,FY1998,3994383,total
Connecticut-Rhode Island,FY1999,3976833,total
Delaware-Maryland,FY1998,151286,corporation_total
Delaware-Maryland,FY1999,147803,corporation_total
Delaware-Maryland,FY1998,48387,employee_plan
Delaware-Maryland,FY1999,43467,employee_plan
Delaware-Maryland,FY1998,686789,employment
Delaware-Maryland,FY1999,673237,employment
Delaware-Maryland,FY1998,3180,estate_tax
Delaware-Maryland,FY1999,3250,estate_tax
Delaware-Maryland,FY1998,382661,estate_trust
Delaware-Maryland,FY1999,412520,estate_trust
Delaware-Maryland,FY1998,32554,estate_trust_estimated
Delaware-Maryland,FY1999,29041,estate_trust_estimated
Delaware-Maryland,FY1998,12562,excise
Delaware-Maryland,FY1999,12086,excise
Delaware-Maryland,FY1998,6895,gift_tax
Delaware-Maryland,FY1999,7401,gift_tax
Delaware-Maryland,FY1998,1079837,individual_estimated
Delaware-Maryland,FY1999,982596,individual_estimated
Delaware-Maryland,FY1998,3151082,individual_income
Delaware-Maryland,FY1999,3090020,individual_income
Delaware-Maryland,FY1998,49056,partnership
Delaware-Maryland,FY1999,52866,partnership
Delaware-Maryland,FY1998,346645,supplemental
Delaware-Maryland,FY1999,393560.8592810096,supplemental
Delaware-Maryland,FY1998,25328,tax_exempt
Delaware-Maryland,FY1999,23780,tax_exempt
Delaware-Maryland,FY1998,5976262,total
Delaware-Maryland,FY1999,5871627.859281009,total
Georgia,FY1998,149554,corporation_total
Georgia,FY1999,166561,corporation_total
Georgia,FY1998,31494,employee_plan
Georgia,FY1999,27287,employee_plan
Georgia,FY1998,773622,employment
Georgia,FY1999,782407,employment
Georgia,FY1998,2047,estate_tax
Georgia,FY1999,2243,estate_tax
Georgia,FY1998,42886,estate_trust
Georgia,FY1999,43084,estate_trust
Georgia,FY1998,18491,estate_trust_estimated
Georgia,FY1999,16571,estate_trust_estimated
Georgia,FY1998,21589,excise
Georgia,FY1999,20515,excise
Georgia,FY1998,6222,gift_tax
Georgia,FY1999,7141,gift_tax
Georgia,FY1998,840384,individual_estimated
Georgia,FY1999,782194,individual_estimated
Georgia,FY1998,3373071,individual_income
Georgia,FY1999,3462164,individual_income
Georgia,FY1998,36126,partnership
Georgia,FY1999,40405,partnership
Georgia,FY1998,399408,supplemental
Georgia,FY1999,498396.42337170726,supplemental
Georgia,FY1998,13186,tax_exempt
Georgia,FY1999,13201,tax_exempt
Georgia,FY1998,5708080,total
Georgia,FY1999,5862169.423371707,total
Gulf Coast,FY1998,183514,corporation_total
Gulf Coast,FY1999,183208,corporation_total
Gulf Coast,FY1998,39220,employee_plan
Gulf Coast,FY1999,31724,employee_plan
Gulf Coast,FY1998,1054838,employment
Gulf Coast,FY1999,1036126,employment
Gulf Coast,FY1998,2367,estate_tax
Gulf Coast,FY1999,2547,estate_tax
Gulf Coast,FY1998,63628,estate_trust
Gulf Coast,FY1999,67181,estate_trust
Gulf Coast,FY1998,22186,estate_trust_estimated
Gulf Coast,FY1999,19651,estate_trust_estimated
Gulf Coast,FY1998,44929,excise
Gulf Coast,FY1999,40856,excise
Gulf Coast,FY1998,6747,gift_tax
Gulf Coast,FY1999,7338,gift_tax
Gulf Coast,FY1998,1244995,individual_estimated
Gulf Coast,FY1999,1112922,individual_estimated
Gulf Coast,FY1998,4828422,individual_income
Gulf Coast,FY1999,4875075,individual_income
Gulf Coast,FY1998,57750,partnership
Gulf Coast,FY1999,62257,partnership
Gulf Coast,FY1998,480036,supplemental
Gulf Coast,FY1999,532730.7895418776,supplemental
Gulf Coast,FY1998,18179,tax_exempt
Gulf Coast,FY1999,17512,tax_exempt
Gulf Coast,FY1998,8046811,total
Gulf Coast,FY1999,7989127.789541878,total
Houston,FY1998,94227,corporation_total
Houston,FY1999,92939,corporation_total
Houston,FY1998,23240,employee_plan
Houston,FY1999,19422,employee_plan
Houston,FY1998,463106,employment
Houston,FY1999,459295,employment
Houston,FY1998,1430,estate_tax
Houston,FY1999,1483,estate_tax
Houston,FY1998,46155,estate_trust
Houston,FY1999,47589,estate_trust
Houston,FY1998,27779,estate_trust_estimated
Houston,FY1999,24288,estate_trust_estimated
Houston,FY1998,11861,excise
Houston,FY1999,11460,excise
Houston,FY1998,6055,gift_tax
Houston,FY1999,6762,gift_tax
Houston,FY1998,580964,individual_estimated
Houston,FY1999,523537,individual_estimated
Houston,FY1998,2127872,individual_income
Houston,FY1999,2194383,individual_income
Houston,FY1998,32019,partnership
Houston,FY1999,35651,partnership
Houston,FY1998,395848,supplemental
Houston,FY1999,411905,supplemental
Houston,FY1998,7674,tax_exempt
Houston,FY1999,7475,tax_exempt
Houston,FY1998,3818230,total
Houston,FY1999,3836189,total
Illinois,FY1998,248964,corporation_total
Illinois,FY1999,262924,corporation_total
Illinois,FY1998,97164,employee_plan
Illinois,FY1999,78511,employee_plan
Illinois,FY1998,1305195,employment
Illinois,FY1999,1300532,employment
Illinois,FY1998,5590,estate_tax
Illinois,FY1999,6189,estate_tax
Illinois,FY1998,186714,estate_trust
Illinois,FY1999,188176,estate_trust
Illinois,FY1998,64394,estate_trust_estimated
Illinois,FY1999,55283,estate_trust_estimated
Illinois,FY1998,40765,excise
Illinois,FY1999,37746,excise
Illinois,FY1998,11629,gift_tax
Illinois,FY1999,13996,gift_tax
Illinois,FY1998,1974337,individual_estimated
Illinois,FY1999,1829658,individual_estimated
Illinois,FY1998,5557968,individual_income
Illinois,FY1999,5633821,individual_income
Illinois,FY1998,69828,partnership
Illinois,FY1999,75183,partnership
Illinois,FY1998,506466,supplemental
Illinois,FY1999,593513.9573484403,supplemental
Illinois,FY1998,31174,tax_exempt
Illinois,FY1999,30403,tax_exempt
Illinois,FY1998,10100188,total
Illinois,FY1999,10105935.95734844,total
Indiana,FY1998,102039,corporation_total
Indiana,FY1999,102110,corporation_total
Indiana,FY1998,34733,employee_plan
Indiana,FY1999,27457,employee_plan
Indiana,FY1998,586005,employment
Indiana,FY1999,581671,employment
Indiana,FY1998,2132,estate_tax
Indiana,FY1999,2154,estate_tax
Indiana,FY1998,61272,estate_trust
Indiana,FY1999,56258,estate_trust
Indiana,FY1998,14397,estate_trust_estimated
Indiana,FY1999,13528,estate_trust_estimated
Indiana,FY1998,26318,excise
Indiana,FY1999,24841,excise
Indiana,FY1998,4937,gift_tax
Indiana,FY1999,5442,gift_tax
Indiana,FY1998,860696,individual_estimated
Indiana,FY1999,816176,individual_estimated
Indiana,FY1998,2722416,individual_income
Indiana,FY1999,2762961,individual_income
Indiana,FY1998,29641,partnership
Indiana,FY1999,31500,partnership
Indiana,FY1998,205077,supplemental
Indiana,FY1999,234107.39121349217,supplemental
Indiana,FY1998,17073,tax_exempt
Indiana,FY1999,17140,tax_exempt
Indiana,FY1998,4666736,total
Indiana,FY1999,4675345.3912134925,total
International,FY1998,29452,corporation_total
International,FY1999,30158,corporation_total
International,FY1998,4254,employee_plan
International,FY1999,4251,employee_plan
International,FY1998,236859,employment
International,FY1999,228234,employment
International,FY1998,815,estate_tax
International,FY1999,858,estate_tax
International,FY1998,2510,estate_trust
International,FY1999,1708,estate_trust
International,FY1998,627,estate_trust_estimated
International,FY1999,629,estate_trust_estimated
International,FY1998,6340,excise
International,FY1999,6924,excise
International,FY1998,691,gift_tax
International,FY1999,690,gift_tax
International,FY1998,283216,individual_estimated
International,FY1999,256496,individual_estimated
International,FY1998,1186524,individual_income
International,FY1999,1193137,individual_income
International,FY1998,3110,partnership
International,FY1999,3499,partnership
International,FY1998,340562,supplemental
International,FY1999,375929.443893046,supplemental
International,FY1998,1122,tax_exempt
International,FY1999,957,tax_exempt
International,FY1998,2096082,total
International,FY1999,2103470.44389305,total
Kansas-Missouri,FY1998,173171,corporation_total
Kansas-Missouri,FY1999,141635,corporation_total
Kansas-Missouri,FY1998,60363,employee_plan
Kansas-Missouri,FY1999,42479,employee_plan
Kansas-Missouri,FY1998,1145488,employment
Kansas-Missouri,FY1999,919600,employment
Kansas-Missouri,FY1998,4158,estate_tax
Kansas-Missouri,FY1999,3841,estate_tax
Kansas-Missouri,FY1998,191969,estate_trust
Kansas-Missouri,FY1999,100849,estate_trust
Kansas-Missouri,FY1998,36039,estate_trust_estimated
Kansas-Missouri,FY1999,26362,estate_trust_estimated
Kansas-Missouri,FY1998,49325,excise
Kansas-Missouri,FY1999,31532,excise
Kansas-Missouri,FY1998,9723,gift_tax
Kansas-Missouri,FY1999,8650,gift_tax
Kansas-Missouri,FY1998,1695086,individual_estimated
Kansas-Missouri,FY1999,1272571,individual_estimated
Kansas-Missouri,FY1998,4415330,individual_income
Kansas-Missouri,FY1999,3687368,individual_income
Kansas-Missouri,FY1998,66563,partnership
Kansas-Missouri,FY1999,58063,partnership
Kansas-Missouri,FY1998,402529,supplemental
Kansas-Missouri,FY1999,372642.08132731606,supplemental
Kansas-Missouri,FY1998,29125,tax_exempt
Kansas-Missouri,FY1999,23404,tax_exempt
Kansas-Missouri,FY1998,8278869,total
Kansas-Missouri,FY1999,6688996.081327316,total
Kentucky-Tennessee,FY1998,128606,corporation_total
Kentucky-Tennessee,FY1999,126706,corporation_total
Kentucky-Tennessee,FY1998,40074,employee_plan
Kentucky-Tennessee,FY1999,32335,employee_plan
Kentucky-Tennessee,FY1998,884706,employment
Kentucky-Tennessee,FY1999,873731,employment
Kentucky-Tennessee,FY1998,2705,estate_tax
Kentucky-Tennessee,FY1999,2812,estate_tax
Kentucky-Tennessee,FY1998,86756,estate_trust
Kentucky-Tennessee,FY1999,80456,estate_trust
Kentucky-Tennessee,FY1998,25793,estate_trust_estimated
Kentucky-Tennessee,FY1999,22696,estate_trust_estimated
Kentucky-Tennessee,FY1998,34856,excise
Kentucky-Tennessee,FY1999,31740,excise
Kentucky-Tennessee,FY1998,7163,gift_tax
Kentucky-Tennessee,FY1999,7842,gift_tax
Kentucky-Tennessee,FY1998,1183347,individual_estimated
Kentucky-Tennessee,FY1999,1081150,individual_estimated
Kentucky-Tennessee,FY1998,4121881,individual_income
Kentucky-Tennessee,FY1999,4182150,individual_income
Kentucky-Tennessee,FY1998,62155,partnership
Kentucky-Tennessee,FY1999,67970,partnership
Kentucky-Tennessee,FY1998,361987,supplemental
Kentucky-Tennessee,FY1999,403383.2189744038,supplemental
Kentucky-Tennessee,FY1998,17504,tax_exempt
Kentucky-Tennessee,FY1999,17349,tax_exempt
Kentucky-Tennessee,FY1998,6957533,total
Kentucky-Tennessee,FY1999,6930320.218974404,total
Los Angeles,FY1998,137517,corporation_total
Los Angeles,FY1999,138148,corporation_total
Los Angeles,FY1998,49096,employee_plan
Los Angeles,FY1999,42861,employee_plan
Los Angeles,FY1998,843428,employment
Los Angeles,FY1999,832110,employment
Los Angeles,FY1998,3535,estate_tax
Los Angeles,FY1999,3601,estate_tax
Los Angeles,FY1998,61854,estate_trust
Los Angeles,FY1999,62304,estate_trust
Los Angeles,FY1998,26320,estate_trust_estimated
Los Angeles,FY1999,24078,estate_trust_estimated
Los Angeles,FY1998,9246,excise
Los Angeles,FY1999,8471,excise
Los Angeles,FY1998,4594,gift_tax
Los Angeles,FY1999,5178,gift_tax
Los Angeles,FY1998,1011737,individual_estimated
Los Angeles,FY1999,934875,individual_estimated
Los Angeles,FY1998,3217396,individual_income
Los Angeles,FY1999,3288288,individual_income
Los Angeles,FY1998,64006,partnership
Los Angeles,FY1999,66981,partnership
Los Angeles,FY1998,519412,supplemental
Los Angeles,FY1999,538581.7991412703,supplemental
Los Angeles,FY1998,18977,tax_exempt
Los Angeles,FY1999,17951,tax_exempt
Los Angeles,FY1998,5967118,total
Los Angeles,FY1999,5963427.79914127,total
Manhattan,FY1998,192989,corporation_total
Manhattan,FY1999,187384,corporation_total
Manhattan,FY1998,61332,employee_plan
Manhattan,FY1999,57646,employee_plan
Manhattan,FY1998,744783,employment
Manhattan,FY1999,739436,employment
Manhattan,FY1998,3126,estate_tax
Manhattan,FY1999,3229,estate_tax
Manhattan,FY1998,124300,estate_trust
Manhattan,FY1999,122445,estate_trust
Manhattan,FY1998,50862,estate_trust_estimated
Manhattan,FY1999,42500,estate_trust_estimated
Manhattan,FY1998,4023,excise
Manhattan,FY1999,3741,excise
Manhattan,FY1998,8735,gift_tax
Manhattan,FY1999,8769,gift_tax
Manhattan,FY1998,787016,individual_estimated
Manhattan,FY1999,720208,individual_estimated
Manhattan,FY1998,1931366,individual_income
Manhattan,FY1999,1977366,individual_income
Manhattan,FY1998,54503,partnership
Manhattan,FY1999,60179,partnership
Manhattan,FY1998,373185,supplemental
Manhattan,FY1999,370142.82287306566,supplemental
Manhattan,FY1998,33911,tax_exempt
Manhattan,FY1999,34492,tax_exempt
Manhattan,FY1998,4370131,total
Manhattan,FY1999,4327537.822873065,total
Michigan,FY1998,191720,corporation_total
Michigan,FY1999,187852,corporation_total
Michigan,FY1998,63215,employee_plan
Michigan,FY1999,51041,employee_plan
Michigan,FY1998,996139,employment
Michigan,FY1999,983242,employment
Michigan,FY1998,2886,estate_tax
Michigan,FY1999,3309,estate_tax
Michigan,FY1998,83550,estate_trust
Michigan,FY1999,86888,estate_trust
Michigan,FY1998,25357,estate_trust_estimated
Michigan,FY1999,23382,estate_trust_estimated
Michigan,FY1998,23423,excise
Michigan,FY1999,22635,excise
Michigan,FY1998,7396,gift_tax
Michigan,FY1999,8446,gift_tax
Michigan,FY1998,1353181,individual_estimated
Michigan,FY1999,1259835,individual_estimated
Michigan,FY1998,4424929,individual_income
Michigan,FY1999,4493474,individual_income
Michigan,FY1998,59742,partnership
Michigan,FY1999,65490,partnership
Michigan,FY1998,393330,supplemental
Michigan,FY1999,428902.17788378854,supplemental
Michigan,FY1998,20509,tax_exempt
Michigan,FY1999,20158,tax_exempt
Michigan,FY1998,7645377,total
Michigan,FY1999,7634654.177883789,total
Midwest,FY1998,140137,corporation_total
Midwest,FY1999,181341,corporation_total
Midwest,FY1998,76668,employee_plan
Midwest,FY1999,64612,employee_plan
Midwest,FY1998,946348,employment
Midwest,FY1999,1157220,employment
Midwest,FY1998,3318,estate_tax
Midwest,FY1999,5048,estate_tax
Midwest,FY1998,127037,estate_trust
Midwest,FY1999,148026,estate_trust
Midwest,FY1998,29283,estate_trust_estimated
Midwest,FY1999,29117,estate_trust_estimated
Midwest,FY1998,37377,excise
Midwest,FY1999,49181,excise
Midwest,FY1998,7717,gift_tax
Midwest,FY1999,11260,gift_tax
Midwest,FY1998,1495271,individual_estimated
Midwest,FY1999,1644585,individual_estimated
Midwest,FY1998,3794141,individual_income
Midwest,FY1999,4643871,individual_income
Midwest,FY1998,56008,partnership
Midwest,FY1999,75738,partnership
Midwest,FY1998,269262,supplemental
Midwest,FY1999,389585.2871177036,supplemental
Midwest,FY1998,24638,tax_exempt
Midwest,FY1999,29027,tax_exempt
Midwest,FY1998,7007205,total
Midwest,FY1999,8428611.287117703,total
New England,FY1998,205730,corporation_total
New England,FY1999,202636,corporation_total
New England,FY1998,77581,employee_plan
New England,FY1999,73324,employee_plan
New England,FY1998,1109129,employment
New England,FY1999,1114549,employment
New England,FY1998,4640,estate_tax
New England,FY1999,5108,estate_tax
New England,FY1998,183881,estate_trust
New England,FY1999,187104,estate_trust
New England,FY1998,80090,estate_trust_estimated
New England,FY1999,76950,estate_trust_estimated
New England,FY1998,22428,excise
New England,FY1999,20503,excise
New England,FY1998,12190,gift_tax
New England,FY1999,12862,gift_tax
New England,FY1998,1762755,individual_estimated
New England,FY1999,1648336,individual_estimated
New England,FY1998,4400348,individual_income
New England,FY1999,4476588,individual_income
New England,FY1998,53014,partnership
New England,FY1999,57316,partnership
New England,FY1998,505431,supplemental
New England,FY1999,529217,supplemental
New England,FY1998,34814,tax_exempt
New England,FY1999,35716,tax_exempt
New England,FY1998,8452031,total
New England,FY1999,8440209,total
New Jersey,FY1998,242843,corporation_total
New Jersey,FY1999,238847,corporation_total
New Jersey,FY1998,72270,employee_plan
New Jersey,FY1999,62329,employee_plan
New Jersey,FY1998,1040823,employment
New Jersey,FY1999,1010194,employment
New Jersey,FY1998,4287,estate_tax
New Jersey,FY1999,4572,estate_tax
New Jersey,FY1998,109728,estate_trust
New Jersey,FY1999,113977,estate_trust
New Jersey,FY1998,38846,estate_trust_estimated
New Jersey,FY1999,33902,estate_trust_estimated
New Jersey,FY1998,17859,excise
New Jersey,FY1999,17224,excise
New Jersey,FY1998,9645,gift_tax
New Jersey,FY1999,10333,gift_tax
New Jersey,FY1998,1468802,individual_estimated
New Jersey,FY1999,1398586,individual_estimated
New Jersey,FY1998,3859863,individual_income
New Jersey,FY1999,3913818,individual_income
New Jersey,FY1998,70402,partnership
New Jersey,FY1999,75598,partnership
New Jersey,FY1998,498030,supplemental
New Jersey,FY1999,512822.6686844053,supplemental
New Jersey,FY1998,20583,tax_exempt
New Jersey,FY1999,22582,tax_exempt
New Jersey,FY1998,7453981,total
New Jersey,FY1999,7414784.668684405,total
North Central,FY1998,122093,corporation_total
North Central,FY1999,129159,corporation_total
North Central,FY1998,57556,employee_plan
North Central,FY1999,46263,employee_plan
North Central,FY1998,787364,employment
North Central,FY1999,790250,employment
North Central,FY1998,2202,estate_tax
North Central,FY1999,2401,estate_tax
North Central,FY1998,72542,estate_trust
North Central,FY1999,74578,estate_trust
North Central,FY1998,22218,estate_trust_estimated
North Central,FY1999,18110,estate_trust_estimated
North Central,FY1998,45754,excise
North Central,FY1999,42240,excise
North Central,FY1998,7219,gift_tax
North Central,FY1999,8603,gift_tax
North Central,FY1998,1072657,individual_estimated
North Central,FY1999,989084,individual_estimated
North Central,FY1998,2879161,individual_income
North Central,FY1999,2943751,individual_income
North Central,FY1998,48115,partnership
North Central,FY1999,51558,partnership
North Central,FY1998,274096,supplemental
North Central,FY1999,307224.7026590489,supplemental
North Central,FY1998,23421,tax_exempt
North Central,FY1999,27190,tax_exempt
North Central,FY1998,5414398,total
North Central,FY1999,5430411.702659049,total
North Florida,FY1998,198567,corporation_total
North Florida,FY1999,221279,corporation_total
North Florida,FY1998,30422,employee_plan
North Florida,FY1999,26030,employee_plan
North Florida,FY1998,832679,employment
North Florida,FY1999,842665,employment
North Florida,FY1998,3048,estate_tax
North Florida,FY1999,3331,estate_tax
North Florida,FY1998,74943,estate_trust
North Florida,FY1999,80386,estate_trust
North Florida,FY1998,22655,estate_trust_estimated
North Florida,FY1999,19793,estate_trust_estimated
North Florida,FY1998,19357,excise
North Florida,FY1999,18873,excise
North Florida,FY1998,6737,gift_tax
North Florida,FY1999,7268,gift_tax
North Florida,FY1998,1372257,individual_estimated
North Florida,FY1999,1279234,individual_estimated
North Florida,FY1998,3805747,individual_income
North Florida,FY1999,3898513,individual_income
North Florida,FY1998,30293,partnership
North Florida,FY1999,31576,partnership
North Florida,FY1998,473420,supplemental
North Florida,FY1999,581075.0792320011,supplemental
North Florida,FY1998,14526,tax_exempt
North Florida,FY1999,14228,tax_exempt
North Florida,FY1998,6884651,total
North Florida,FY1999,7024251.079232001,total
North Texas,FY1998,145191,corporation_total
North Texas,FY1999,142991,corporation_total
North Texas,FY1998,37603,employee_plan
North Texas,FY1999,30917,employee_plan
North Texas,FY1998,836139,employment
North Texas,FY1999,832014,employment
North Texas,FY1998,2398,estate_tax
North Texas,FY1999,2381,estate_tax
North Texas,FY1998,88861,estate_trust
North Texas,FY1999,87549,estate_trust
North Texas,FY1998,43172,estate_trust_estimated
North Texas,FY1999,36469,estate_trust_estimated
North Texas,FY1998,25886,excise
North Texas,FY1999,24297,excise
North Texas,FY1998,6322,gift_tax
North Texas,FY1999,7040,gift_tax
North Texas,FY1998,1044009,individual_estimated
North Texas,FY1999,932262,individual_estimated
North Texas,FY1998,3515851,individual_income
North Texas,FY1999,3602301,individual_income
North Texas,FY1998,68868,partnership
North Texas,FY1999,74903,partnership
North Texas,FY1998,611997,supplemental
North Texas,FY1999,636045,supplemental
North Texas,FY1998,16090,tax_exempt
North Texas,FY1999,15898,tax_exempt
North Texas,FY1998,6442387,total
North Texas,FY1999,6425067,total
North-South Carolina,FY1998,196526,corporation_total
North-South Carolina,FY1999,204771,corporation_total
North-South Carolina,FY1998,47663,employee_plan
North-South Carolina,FY1999,39172,employee_plan
North-South Carolina,FY1998,1156235,employment
North-South Carolina,FY1999,1158256,employment
North-South Carolina,FY1998,3907,estate_tax
North-South Carolina,FY1999,4133,estate_tax
North-South Carolina,FY1998,87488,estate_trust
North-South Carolina,FY1999,89327,estate_trust
North-South Carolina,FY1998,26439,estate_trust_estimated
North-South Carolina,FY1999,22165,estate_trust_estimated
North-South Carolina,FY1998,35692,excise
North-South Carolina,FY1999,33988,excise
North-South Carolina,FY1998,9500,gift_tax
North-South Carolina,FY1999,10504,gift_tax
North-South Carolina,FY1998,1532468,individual_estimated
North-South Carolina,FY1999,1400139,individual_estimated
North-South Carolina,FY1998,5176884,individual_income
North-South Carolina,FY1999,5259214,individual_income
North-South Carolina,FY1998,66683,partnership
North-South Carolina,FY1999,72600,partnership
North-South Carolina,FY1998,458595,supplemental
North-South Carolina,FY1999,547367.7968210991,supplemental
North-South Carolina,FY1998,22616,tax_exempt
North-South Carolina,FY1999,22602,tax_exempt
North-South Carolina,FY1998,8820696,total
North-South Carolina,FY1999,8864238.796821099,total
Northern California,FY1998,102450,corporation_total
Northern California,FY1999,102445,corporation_total
Northern California,FY1998,58707,employee_plan
Northern California,FY1999,49699,employee_plan
Northern California,FY1998,904552,employment
Northern California,FY1999,879197,employment
Northern California,FY1998,5440,estate_tax
Northern California,FY1999,5854,estate_tax
Northern California,FY1998,95306,estate_trust
Northern California,FY1999,97773,estate_trust
Northern California,FY1998,40110,estate_trust_estimated
Northern California,FY1999,37419,estate_trust_estimated
Northern California,FY1998,14365,excise
Northern California,FY1999,13377,excise
Northern California,FY1998,6767,gift_tax
Northern California,FY1999,7501,gift_tax
Northern California,FY1998,1772754,individual_estimated
Northern California,FY1999,1668595,individual_estimated
Northern California,FY1998,3774627,individual_income
Northern California,FY1999,3877723,individual_income
Northern California,FY1998,69105,partnership
Northern California,FY1999,71956,partnership
Northern California,FY1998,597204,supplemental
Northern California,FY1999,577572.3833687869,supplemental
Northern California,FY1998,24578,tax_exempt
Northern California,FY1999,24295,tax_exempt
Northern California,FY1998,7465965,total
Northern California,FY1999,7413406.383368786,total
Ohio,FY1998,188863,corporation_total
Ohio,FY1999,185031,corporation_total
Ohio,FY1998,80981,employee_plan
Ohio,FY1999,65616,employee_plan
Ohio,FY1998,1099823,employment
Ohio,FY1999,1084723,employment
Ohio,FY1998,4394,estate_tax
Ohio,FY1999,4627,estate_tax
Ohio,FY1998,167927,estate_trust
Ohio,FY1999,183552,estate_trust
Ohio,FY1998,36721,estate_trust_estimated
Ohio,FY1999,36403,estate_trust_estimated
Ohio,FY1998,32046,excise
Ohio,FY1999,30151,excise
Ohio,FY1998,10361,gift_tax
Ohio,FY1999,11739,gift_tax
Ohio,FY1998,1692176,individual_estimated
Ohio,FY1999,1551315,individual_estimated
Ohio,FY1998,5425406,individual_income
Ohio,FY1999,5470072,individual_income
Ohio,FY1998,67451,partnership
Ohio,FY1999,72376,partnership
Ohio,FY1998,502354,supplemental
Ohio,FY1999,545683.1017208323,supplemental
Ohio,FY1998,30225,tax_exempt
Ohio,FY1999,31142,tax_exempt
Ohio,FY1998,9338728,total
Ohio,FY1999,9272430.101720832,total
Other,FY1998,28542,corporation_total
Other,FY1999,29338,corporation_total
Other,FY1998,724,employee_plan
Other,FY1999,682,employee_plan
Other,FY1998,15323,employment
Other,FY1999,15294,employment
Other,FY1998,788,estate_tax
Other,FY1999,828,estate_tax
Other,FY1998,1210,estate_trust
Other,FY1999,1336,estate_trust
Other,FY1998,406,estate_trust_estimated
Other,FY1999,416,estate_trust_estimated
Other,FY1998,6222,excise
Other,FY1999,6835,excise
Other,FY1998,645,gift_tax
Other,FY1999,617,gift_tax
Other,FY1998,177812,individual_estimated
Other,FY1999,159969,individual_estimated
Other,FY1998,1052801,individual_income
Other,FY1999,1059890,individual_income
Other,FY1998,2807,partnership
Other,FY1999,3204,partnership
Other,FY1998,333635,supplemental
Other,FY1999,368189.9194849973,supplemental
Other,FY1998,791,tax_exempt
Other,FY1999,643,tax_exempt
Other,FY1998,1621706,total
Other,FY1999,1647241.9194849972,total
Pacific-Northwest,FY1998,208883,corporation_total
Pacific-Northwest,FY1999,210481,corporation_total
Pacific-Northwest,FY1998,63810,employee_plan
Pacific-Northwest,FY1999,52129,employee_plan
Pacific-Northwest,FY1998,1302754,employment
Pacific-Northwest,FY1999,1291387,employment
Pacific-Northwest,FY1998,4415,estate_tax
Pacific-Northwest,FY1999,4616,estate_tax
Pacific-Northwest,FY1998,92473,estate_trust
Pacific-Northwest,FY1999,98706,estate_trust
Pacific-Northwest,FY1998,36578,estate_trust_estimated
Pacific-Northwest,FY1999,32562,estate_trust_estimated
Pacific-Northwest,FY1998,46562,excise
Pacific-Northwest,FY1999,42466,excise
Pacific-Northwest,FY1998,10225,gift_tax
Pacific-Northwest,FY1999,11611,gift_tax
Pacific-Northwest,FY1998,1946274,individual_estimated
Pacific-Northwest,FY1999,1770898,individual_estimated
Pacific-Northwest,FY1998,5007004,individual_income
Pacific-Northwest,FY1999,5066312,individual_income
Pacific-Northwest,FY1998,79625,partnership
Pacific-Northwest,FY1999,84876,partnership
Pacific-Northwest,FY1998,812630,supplemental
Pacific-Northwest,FY1999,775119.0834018709,supplemental
Pacific-Northwest,FY1998,29406,tax_exempt
Pacific-Northwest,FY1999,29187,tax_exempt
Pacific-Northwest,FY1998,9640639,total
Pacific-Northwest,FY1999,9470350.08340187,total
Pennsylvania,FY1998,187361,corporation_total
Pennsylvania,FY1999,187076,corporation_total
Pennsylvania,FY1998,78765,employee_plan
Pennsylvania,FY1999,71850,employee_plan
Pennsylvania,FY1998,1205807,employment
Pennsylvania,FY1999,1184729,employment
Pennsylvania,FY1998,4820,estate_tax
Pennsylvania,FY1999,5077,estate_tax
Pennsylvania,FY1998,203076,estate_trust
Pennsylvania,FY1999,180041,estate_trust
Pennsylvania,FY1998,42517,estate_trust_estimated
Pennsylvania,FY1999,37221,estate_trust_estimated
Pennsylvania,FY1998,37061,excise
Pennsylvania,FY1999,34410,excise
Pennsylvania,FY1998,11765,gift_tax
Pennsylvania,FY1999,13203,gift_tax
Pennsylvania,FY1998,2071638,individual_estimated
Pennsylvania,FY1999,1943184,individual_estimated
Pennsylvania,FY1998,5585879,individual_income
Pennsylvania,FY1999,5649882,individual_income
Pennsylvania,FY1998,75135,partnership
Pennsylvania,FY1999,77832,partnership
Pennsylvania,FY1998,414766,supplemental
Pennsylvania,FY1999,528218.441189703,supplemental
Pennsylvania,FY1998,35308,tax_exempt
Pennsylvania,FY1999,34351,tax_exempt
Pennsylvania,FY1998,9953898,total
Pennsylvania,FY1999,9947074.441189704,total
Puerto Rico,FY1998,910,corporation_total
Puerto Rico,FY1999,820,corporation_total
Puerto Rico,FY1998,3530,employee_plan
Puerto Rico,FY1999,3569,employee_plan
Puerto Rico,FY1998,221536,employment
Puerto Rico,FY1999,212940,employment
Puerto Rico,FY1998,27,estate_tax
Puerto Rico,FY1999,30,estate_tax
Puerto Rico,FY1998,1300,estate_trust
Puerto Rico,FY1999,372,estate_trust
Puerto Rico,FY1998,221,estate_trust_estimated
Puerto Rico,FY1999,213,estate_trust_estimated
Puerto Rico,FY1998,118,excise
Puerto Rico,FY1999,89,excise
Puerto Rico,FY1998,46,gift_tax
Puerto Rico,FY1999,73,gift_tax
Puerto Rico,FY1998,105404,individual_estimated
Puerto Rico,FY1999,96527,individual_estimated
Puerto Rico,FY1998,133723,individual_income
Puerto Rico,FY1999,133247,individual_income
Puerto Rico,FY1998,303,partnership
Puerto Rico,FY1999,295,partnership
Puerto Rico,FY1998,6927,supplemental
Puerto Rico,FY1999,7738.52440804913,supplemental
Puerto Rico,FY1998,331,tax_exempt
Puerto Rico,FY1999,314,tax_exempt
Puerto Rico,FY1998,474376,total
Puerto Rico,FY1999,456227.5244080491,total
Rocky Mountain,FY1998,203032,corporation_total
Rocky Mountain,FY1999,210449,corporation_total
Rocky Mountain,FY1998,56249,employee_plan
Rocky Mountain,FY1999,45871,employee_plan
Rocky Mountain,FY1998,1139318,employment
Rocky Mountain,FY1999,1150276,employment
Rocky Mountain,FY1998,2869,estate_tax
Rocky Mountain,FY1999,3145,estate_tax
Rocky Mountain,FY1998,79679,estate_trust
Rocky Mountain,FY1999,74725,estate_trust
Rocky Mountain,FY1998,28434,estate_trust_estimated
Rocky Mountain,FY1999,24427,estate_trust_estimated
Rocky Mountain,FY1998,34841,excise
Rocky Mountain,FY1999,32339,excise
Rocky Mountain,FY1998,8086,gift_tax
Rocky Mountain,FY1999,9212,gift_tax
Rocky Mountain,FY1998,1365204,individual_estimated
Rocky Mountain,FY1999,1244476,individual_estimated
Rocky Mountain,FY1998,3926715,individual_income
Rocky Mountain,FY1999,4037792,individual_income
Rocky Mountain,FY1998,101927,partnership
Rocky Mountain,FY1999,111892,partnership
Rocky Mountain,FY1998,598922,supplemental
Rocky Mountain,FY1999,567296,supplemental
Rocky Mountain,FY1998,22557,tax_exempt
Rocky Mountain,FY1999,22626,tax_exempt
Rocky Mountain,FY1998,7567833,total
Rocky Mountain,FY1999,7534526,total
South Florida,FY1998,285174,corporation_total
South Florida,FY1999,318520,corporation_total
South Florida,FY1998,31380,employee_plan
South Florida,FY1999,26601,employee_plan
South Florida,FY1998,930918,employment
South Florida,FY1999,938490,employment
South Florida,FY1998,4393,estate_tax
South Florida,FY1999,4753,estate_tax
South Florida,FY1998,75681,estate_trust
South Florida,FY1999,74550,estate_trust
South Florida,FY1998,36161,estate_trust_estimated
South Florida,FY1999,32379,estate_trust_estimated
South Florida,FY1998,12331,excise
South Florida,FY1999,11843,excise
South Florida,FY1998,14525,gift_tax
South Florida,FY1999,16309,gift_tax
South Florida,FY1998,1572278,individual_estimated
South Florida,FY1999,1449636,individual_estimated
South Florida,FY1998,3089482,individual_income
South Florida,FY1999,3155327,individual_income
South Florida,FY1998,32688,partnership
South Florida,FY1999,35330,partnership
South Florida,FY1998,577110,supplemental
South Florida,FY1999,666294.291587894,supplemental
South Florida,FY1998,12596,tax_exempt
South Florida,FY1999,12752,tax_exempt
South Florida,FY1998,6674717,total
South Florida,FY1999,6742784.291587894,total
South Texas,FY1998,86676,corporation_total
South Texas,FY1999,83305,corporation_total
South Texas,FY1998,19516,employee_plan
South Texas,FY1999,15772,employee_plan
South Texas,FY1998,569887,employment
South Texas,FY1999,562549,employment
South Texas,FY1998,1636,estate_tax
South Texas,FY1999,1779,estate_tax
South Texas,FY1998,53644,estate_trust
South Texas,FY1999,62620,estate_trust
South Texas,FY1998,26039,estate_trust_estimated
South Texas,FY1999,22681,estate_trust_estimated
South Texas,FY1998,17029,excise
South Texas,FY1999,16142,excise
South Texas,FY1998,5122,gift_tax
South Texas,FY1999,5534,gift_tax
South Texas,FY1998,722259,individual_estimated
South Texas,FY1999,655703,individual_estimated
South Texas,FY1998,2803502,individual_income
South Texas,FY1999,2880423,individual_income
South Texas,FY1998,40824,partnership
South Texas,FY1999,44463,partnership
South Texas,FY1998,420171,supplemental
South Texas,FY1999,440108,supplemental
South Texas,FY1998,11120,tax_exempt
South Texas,FY1999,11279,tax_exempt
South Texas,FY1998,4777425,total
South Texas,FY1999,4802358,total
Southern California,FY1998,126826,corporation_total
Southern California,FY1999,128668,corporation_total
Southern California,FY1998,50457,employee_plan
Southern California,FY1999,43526,employee_plan
Southern California,FY1998,892839,employment
Southern California,FY1999,885157,employment
Southern California,FY1998,4064,estate_tax
Southern California,FY1999,4579,estate_tax
Southern California,FY1998,64998,estate_trust
Southern California,FY1999,66738,estate_trust
Southern California,FY1998,24904,estate_trust_estimated
Southern California,FY1999,23499,estate_trust_estimated
Southern California,FY1998,13613,excise
Southern California,FY1999,12741,excise
Southern California,FY1998,5420,gift_tax
Southern California,FY1999,6362,gift_tax
Southern California,FY1998,1521524,individual_estimated
Southern California,FY1999,1425457,individual_estimated
Southern California,FY1998,4181685,individual_income
Southern California,FY1999,4313226,individual_income
Southern California,FY1998,64393,partnership
Southern California,FY1999,67501,partnership
Southern California,FY1998,555152,supplemental
Southern California,FY1999,582135.4726139809,supplemental
Southern California,FY1998,15904,tax_exempt
Southern California,FY1999,15925,tax_exempt
Southern California,FY1998,7521779,total
Southern California,FY1999,7575514.472613981,total
Southwest,FY1998,149628,corporation_total
Southwest,FY1999,155812,corporation_total
Southwest,FY1998,38705,employee_plan
Southwest,FY1999,32745,employee_plan
Southwest,FY1998,794544,employment
Southwest,FY1999,798895,employment
Southwest,FY1998,2633,estate_tax
Southwest,FY1999,2883,estate_tax
Southwest,FY1998,59627,estate_trust
Southwest,FY1999,61218,estate_trust
Southwest,FY1998,23655,estate_trust_estimated
Southwest,FY1999,21073,estate_trust_estimated
Southwest,FY1998,24079,excise
Southwest,FY1999,22074,excise
Southwest,FY1998,5394,gift_tax
Southwest,FY1999,6350,gift_tax
Southwest,FY1998,1205355,individual_estimated
Southwest,FY1999,1125500,individual_estimated
Southwest,FY1998,3561729,individual_income
Southwest,FY1999,3670850,individual_income
Southwest,FY1998,63256,partnership
Southwest,FY1999,71788,partnership
Southwest,FY1998,504345,supplemental
Southwest,FY1999,494508,supplemental
Southwest,FY1998,14529,tax_exempt
Southwest,FY1999,14615,tax_exempt
Southwest,FY1998,6447479,total
Southwest,FY1999,6478311,total
Upstate New York,FY1998,110413,corporation_total
Upstate New York,FY1999,109525,corporation_total
Upstate New York,FY1998,44611,employee_plan
Upstate New York,FY1999,42090,employee_plan
Upstate New York,FY1998,650116,employment
Upstate New York,FY1999,639442,employment
Upstate New York,FY1998,2560,estate_tax
Upstate New York,FY1999,2778,estate_tax
Upstate New York,FY1998,96539,estate_trust
Upstate New York,FY1999,99268,estate_trust
Upstate New York,FY1998,19007,estate_trust_estimated
Upstate New York,FY1999,17011,estate_trust_estimated
Upstate New York,FY1998,16219,excise
Upstate New York,FY1999,15315,excise
Upstate New York,FY1998,8098,gift_tax
Upstate New York,FY1999,7802,gift_tax
Upstate New York,FY1998,970050,individual_estimated
Upstate New York,FY1999,917013,individual_estimated
Upstate New York,FY1998,3072967,individual_income
Upstate New York,FY1999,3107102,individual_income
Upstate New York,FY1998,37522,partnership
Upstate New York,FY1999,38949,partnership
Upstate New York,FY1998,256711,supplemental
Upstate New York,FY1999,263627,supplemental
Upstate New York,FY1998,17997,tax_exempt
Upstate New York,FY1999,18415,tax_exempt
Upstate New York,FY1998,5302810,total
Upstate New York,FY1999,5278337,total
Virginia-West Virginia,FY1998,152686,corporation_total
Virginia-West Virginia,FY1999,153588,corporation_total
Virginia-West Virginia,FY1998,43402,employee_plan
Virginia-West Virginia,FY1999,40517,employee_plan
Virginia-West Virginia,FY1998,845080,employment
Virginia-West Virginia,FY1999,841301,employment
Virginia-West Virginia,FY1998,3363,estate_tax
Virginia-West Virginia,FY1999,3502,estate_tax
Virginia-West Virginia,FY1998,84803,estate_trust
Virginia-West Virginia,FY1999,84484,estate_trust
Virginia-West Virginia,FY1998,24605,estate_trust_estimated
Virginia-West Virginia,FY1999,22263,estate_trust_estimated
Virginia-West Virginia,FY1998,22341,excise
Virginia-West Virginia,FY1999,21048,excise
Virginia-West Virginia,FY1998,7592,gift_tax
Virginia-West Virginia,FY1999,8241,gift_tax
Virginia-West Virginia,FY1998,1229736,individual_estimated
Virginia-West Virginia,FY1999,1191186,individual_estimated
Virginia-West Virginia,FY1998,3753052,individual_income
Virginia-West Virginia,FY1999,3929278,individual_income
Virginia-West Virginia,FY1998,50331,partnership
Virginia-West Virginia,FY1999,54116,partnership
Virginia-West Virginia,FY1998,341476,supplemental
Virginia-West Virginia,FY1999,430069.9304708417,supplemental
Virginia-West Virginia,FY1998,20995,tax_exempt
Virginia-West Virginia,FY1999,20464,tax_exempt
Virginia-West Virginia,FY1998,6579462,total
Virginia-West Virginia,FY1999,6800057.930470842,total
Midstates Region,FY1998,1116693,corporation_total
Midstates Region,FY1999,1140157,corporation_total
Midstates Region,FY1998,395948,employee_plan
Midstates Region,FY1999,317462,employee_plan
Midstates Region,FY1998,6682584,employment
Midstates Region,FY1999,6639648,employment
Midstates Region,FY1998,22490,estate_tax
Midstates Region,FY1999,24888,estate_tax
Midstates Region,FY1998,834769,estate_trust
Midstates Region,FY1999,793596,estate_trust
Midstates Region,FY1998,266907,estate_trust_estimated
Midstates Region,FY1999,227891,estate_trust_estimated
Midstates Region,FY1998,255765,excise
Midstates Region,FY1999,237867,excise
Midstates Region,FY1998,57653,gift_tax
Midstates Region,FY1999,66121,gift_tax
Midstates Region,FY1998,9398837,individual_estimated
Midstates Region,FY1999,8571129,individual_estimated
Midstates Region,FY1998,27587229,individual_income
Midstates Region,FY1999,28115219,individual_income
Midstates Region,FY1998,418910,partnership
Midstates Region,FY1999,455176,partnership
Midstates Region,FY1998,3229049,supplemental
Midstates Region,FY1999,3512077.8239407823,supplemental
Midstates Region,FY1998,155207,tax_exempt
Midstates Region,FY1999,156361,tax_exempt
Midstates Region,FY1998,50422041,total
Midstates Region,FY1999,50257592.82394078,total
Northeast Region,FY1998,1619848,corporation_total
Northeast Region,FY1999,1592885,corporation_total
Northeast Region,FY1998,561582,employee_plan
Northeast Region,FY1999,501136,employee_plan
Northeast Region,FY1998,8121887,employment
Northeast Region,FY1999,8024808,employment
Northeast Region,FY1998,32260,estate_tax
Northeast Region,FY1999,34674,estate_tax
Northeast Region,FY1998,1076611,estate_trust
Northeast Region,FY1999,1080726,estate_trust
Northeast Region,FY1998,336087,estate_trust_estimated
Northeast Region,FY1999,303901,estate_trust_estimated
Northeast Region,FY1998,167895,excise
Northeast Region,FY1999,158165,excise
Northeast Region,FY1998,84418,gift_tax
Northeast Region,FY1999,90045,gift_tax
Northeast Region,FY1998,11960290,individual_estimated
Northeast Region,FY1999,11181530,individual_estimated
Northeast Region,FY1998,33874367,individual_income
Northeast Region,FY1999,34346900,individual_income
Northeast Region,FY1998,501662,partnership
Northeast Region,FY1999,537893,partnership
Northeast Region,FY1998,3560966,supplemental
Northeast Region,FY1999,3815006.464883591,supplemental
Northeast Region,FY1998,218916,tax_exempt
Northeast Region,FY1999,222805,tax_exempt
Northeast Region,FY1998,62116789,total
Northeast Region,FY1999,61890474.4648836,total
Southeast Region,FY1998,1547952,corporation_total
Southeast Region,FY1999,1624546,corporation_total
Southeast Region,FY1998,346775,employee_plan
Southeast Region,FY1999,294590,employee_plan
Southeast Region,FY1998,7750872,employment
Southeast Region,FY1999,7727884,employment
Southeast Region,FY1998,27142,estate_tax
Southeast Region,FY1999,28725,estate_tax
Southeast Region,FY1998,960118,estate_trust
Southeast Region,FY1999,988246,estate_trust
Southeast Region,FY1998,223281,estate_trust_estimated
Southeast Region,FY1999,198087,estate_trust_estimated
Southeast Region,FY1998,229975,excise
Southeast Region,FY1999,215790,excise
Southeast Region,FY1998,70318,gift_tax
Southeast Region,FY1999,77486,gift_tax
Southeast Region,FY1998,10915998,individual_estimated
Southeast Region,FY1999,10095233,individual_estimated
Southeast Region,FY1998,34022037,individual_income
Southeast Region,FY1999,34614702,individual_income
Southeast Region,FY1998,414723,partnership
Southeast Region,FY1999,448620,partnership
Southeast Region,FY1998,3643754,supplemental
Southeast Region,FY1999,4286985.780494327,supplemental
Southeast Region,FY1998,162003,tax_exempt
Southeast Region,FY1999,159028,tax_exempt
Southeast Region,FY1998,60314948,total
Southeast Region,FY1999,60759922.780494325,total
Western Region,FY1998,997466,corporation_total
Western Region,FY1999,1015117,corporation_total
Western Region,FY1998,352946,employee_plan
Western Region,FY1999,296958,employee_plan
Western Region,FY1998,6481315,employment
Western Region,FY1999,6427350,employment
Western Region,FY1998,26003,estate_tax
Western Region,FY1999,28081,estate_tax
Western Region,FY1998,513872,estate_trust
Western Region,FY1999,525774,estate_trust
Western Region,FY1998,201432,estate_trust_estimated
Western Region,FY1999,183513,estate_trust_estimated
Western Region,FY1998,155027,excise
Western Region,FY1999,143110,excise
Western Region,FY1998,44642,gift_tax
Western Region,FY1999,51299,gift_tax
Western Region,FY1998,9854389,individual_estimated
Western Region,FY1999,9123292,individual_estimated
Western Region,FY1998,26329812,individual_income
Western Region,FY1999,26957274,individual_income
Western Region,FY1998,487332,partnership
Western Region,FY1999,521247,partnership
Western Region,FY1998,3920495,supplemental
Western Region,FY1999,3882652.862950157,supplemental
Western Region,FY1998,138692,tax_exempt
Western Region,FY1999,137408,tax_exempt
Western Region,FY1998,49503423,total
Western Region,FY1999,49293075.86295015,total
Alabama,FY2004,23462,c_corporation
Alabama,FY2005,22188,c_corporation
Alabama,FY2006,21615,c_corporation
Alabama,FY2007,22329,c_corporation
Alabama,FY2008,22627,c_corporation
Alabama,FY2009,21596,c_corporation
Alabama,FY2010,20605,c_corporation
Alabama,FY2011,19840,c_corporation
Alabama,FY2012,18742,c_corporation
Alabama,FY2013,18295,c_corporation
Alabama,FY2014,17613,c_corporation
Alabama,FY2015,17096,c_corporation
Alabama,FY2016,16678,c_corporation
Alabama,FY2017,15261,c_corporation
Alabama,FY2018,15181,c_corporation
Alabama,FY2019,15071,c_corporation
Alabama,FY2020,12587,c_corporation
Alabama,FY2021,13780,c_corporation
Alabama,FY2022,16162,c_corporation
Alabama,FY2023,15726,c_corporation
Alabama,FY2024,14156,c_corporation
Alabama,FY2025,14282,c_corporation
Alabama,FY2000,62900,corporation_total
Alabama,FY2001,61370,corporation_total
Alabama,FY2002,64115,corporation_total
Alabama,FY2003,64366,corporation_total
Alabama,FY2000,12763,employee_plan
Alabama,FY2001,8273,employee_plan
Alabama,FY2000,386037,employment
Alabama,FY2001,379699,employment
Alabama,FY2002,379680,employment
Alabama,FY2003,382716.1646545314,employment
Alabama,FY2004,387019.70429681375,employment
Alabama,FY2005,385639,employment
Alabama,FY2006,388866,employment
Alabama,FY2007,383232,employment
Alabama,FY2008,385107,employment
Alabama,FY2009,377747,employment
Alabama,FY2010,366456,employment
Alabama,FY2011,359259,employment
Alabama,FY2012,357969,employment
Alabama,FY2013,357791,employment
Alabama,FY2014,353564,employment
Alabama,FY2015,350924,employment
Alabama,FY2016,351693,employment
Alabama,FY2017,351082,employment
Alabama,FY2018,351189,employment
Alabama,FY2019,358208,employment
Alabama,FY2020,307479,employment
Alabama,FY2021,379651,employment
Alabama,FY2022,351553,employment
Alabama,FY2023,409007,employment
Alabama,FY2024,375425,employment
Alabama,FY2025,382990,employment
Alabama,FY2000,1139,estate_tax
Alabama,FY2001,1122,estate_tax
Alabama,FY2002,1058,estate_tax
Alabama,FY2003,890,estate_tax
Alabama,FY2004,652,estate_tax
Alabama,FY2005,600,estate_tax
Alabama,FY2006,503,estate_tax
Alabama,FY2007,447,estate_tax
Alabama,FY2008,371,estate_tax
Alabama,FY2009,405,estate_tax
Alabama,FY2010,259,estate_tax
Alabama,FY2011,91,estate_tax
Alabama,FY2012,156,estate_tax
Alabama,FY2013,214,estate_tax
Alabama,FY2014,255,estate_tax
Alabama,FY2015,252,estate_tax
Alabama,FY2016,244,estate_tax
Alabama,FY2017,245,estate_tax
Alabama,FY2018,230,estate_tax
Alabama,FY2019,140,estate_tax
Alabama,FY2020,150,estate_tax
Alabama,FY2021,182,estate_tax
Alabama,FY2022,234,estate_tax
Alabama,FY2023,391,estate_tax
Alabama,FY2024,228,estate_tax
Alabama,FY2025,204,estate_tax
Alabama,FY2000,35193,estate_trust
Alabama,FY2001,33630,estate_trust
Alabama,FY2002,30890,estate_trust
Alabama,FY2003,30528,estate_trust
Alabama,FY2004,27893,estate_trust
Alabama,FY2005,27322,estate_trust
Alabama,FY2006,26340,estate_trust
Alabama,FY2007,28463,estate_trust
Alabama,FY2008,28554,estate_trust
Alabama,FY2009,32027,estate_trust
Alabama,FY2010,30560,estate_trust
Alabama,FY2011,30292,estate_trust
Alabama,FY2012,28802,estate_trust
Alabama,FY2013,28731,estate_trust
Alabama,FY2014,29602,estate_trust
Alabama,FY2015,30368,estate_trust
Alabama,FY2016,29122,estate_trust
Alabama,FY2017,27548,estate_trust
Alabama,FY2018,29172,estate_trust
Alabama,FY2019,30024,estate_trust
Alabama,FY2020,28006,estate_trust
Alabama,FY2021,30655,estate_trust
Alabama,FY2022,28743,estate_trust
Alabama,FY2023,33213,estate_trust
Alabama,FY2024,29895,estate_trust
Alabama,FY2025,29865,estate_trust
Alabama,FY2000,7524,estate_trust_estimated
Alabama,FY2001,7746,estate_trust_estimated
Alabama,FY2002,6191,estate_trust_estimated
Alabama,FY2003,6088,estate_trust_estimated
Alabama,FY2004,5943,estate_trust_estimated
Alabama,FY2005,4284.224039797803,estate_trust_estimated
Alabama,FY2006,5777,estate_trust_estimated
Alabama,FY2007,6865,estate_trust_estimated
Alabama,FY2008,8524,estate_trust_estimated
Alabama,FY2009,4862,estate_trust_estimated
Alabama,FY2010,3122,estate_trust_estimated
Alabama,FY2011,3430,estate_trust_estimated
Alabama,FY2012,3442,estate_trust_estimated
Alabama,FY2013,4492,estate_trust_estimated
Alabama,FY2014,5364.959133483335,estate_trust_estimated
Alabama,FY2015,6462.548828868369,estate_trust_estimated
Alabama,FY2016,5743,estate_trust_estimated
Alabama,FY2017,4699,estate_trust_estimated
Alabama,FY2018,6011,estate_trust_estimated
Alabama,FY2019,6579,estate_trust_estimated
Alabama,FY2020,5555,estate_trust_estimated
Alabama,FY2021,6384,estate_trust_estimated
Alabama,FY2022,7738,estate_trust_estimated
Alabama,FY2023,5390,estate_trust_estimated
Alabama,FY2024,5382,estate_trust_estimated
Alabama,FY2025,6763,estate_trust_estimated
Alabama,FY2000,19208,excise
Alabama,FY2001,15307,excise
Alabama,FY2002,17536,excise
Alabama,FY2003,15358,excise
Alabama,FY2004,11758,excise
Alabama,FY2005,20747,excise
Alabama,FY2006,17866,excise
Alabama,FY2007,16932,excise
Alabama,FY2008,15309,excise
Alabama,FY2009,14048,excise
Alabama,FY2010,14349,excise
Alabama,FY2011,8789,excise
Alabama,FY2012,19804,excise
Alabama,FY2013,14113,excise
Alabama,FY2014,15016,excise
Alabama,FY2015,15447,excise
Alabama,FY2016,15273,excise
Alabama,FY2017,15278,excise
Alabama,FY2018,15441,excise
Alabama,FY2019,15535,excise
Alabama,FY2020,13088,excise
Alabama,FY2021,18595,excise
Alabama,FY2022,16934,excise
Alabama,FY2023,16740,excise
Alabama,FY2024,15509,excise
Alabama,FY2025,15274,excise
Alabama,FY2000,3903,gift_tax
Alabama,FY2001,3536,gift_tax
Alabama,FY2002,3244,gift_tax
Alabama,FY2003,3254,gift_tax
Alabama,FY2004,2679,gift_tax
Alabama,FY2005,2965,gift_tax
Alabama,FY2006,2481,gift_tax
Alabama,FY2007,2774,gift_tax
Alabama,FY2008,2633,gift_tax
Alabama,FY2009,2753,gift_tax
Alabama,FY2010,2449,gift_tax
Alabama,FY2011,2113,gift_tax
Alabama,FY2012,2509,gift_tax
Alabama,FY2013,2981,gift_tax
Alabama,FY2014,3163,gift_tax
Alabama,FY2015,2312,gift_tax
Alabama,FY2016,2163,gift_tax
Alabama,FY2017,2130,gift_tax
Alabama,FY2018,2224,gift_tax
Alabama,FY2019,1968,gift_tax
Alabama,FY2020,1235,gift_tax
Alabama,FY2021,2305,gift_tax
Alabama,FY2022,2086,gift_tax
Alabama,FY2023,4351,gift_tax
Alabama,FY2024,2566,gift_tax
Alabama,FY2025,2591,gift_tax
Alabama,FY2000,426065,individual_estimated
Alabama,FY2001,403458,individual_estimated
Alabama,FY2002,391283,individual_estimated
Alabama,FY2003,336633,individual_estimated
Alabama,FY2004,339247.06451612903,individual_estimated
Alabama,FY2005,329589,individual_estimated
Alabama,FY2006,339677,individual_estimated
Alabama,FY2007,339591,individual_estimated
Alabama,FY2008,346934,individual_estimated
Alabama,FY2009,329195,individual_estimated
Alabama,FY2010,271173,individual_estimated
Alabama,FY2011,262695,individual_estimated
Alabama,FY2012,245605,individual_estimated
Alabama,FY2013,269641,individual_estimated
Alabama,FY2014,252431,individual_estimated
Alabama,FY2015,258235,individual_estimated
Alabama,FY2016,249148,individual_estimated
Alabama,FY2017,241046,individual_estimated
Alabama,FY2018,239671,individual_estimated
Alabama,FY2019,236061,individual_estimated
Alabama,FY2020,213445,individual_estimated
Alabama,FY2021,217790,individual_estimated
Alabama,FY2022,217786,individual_estimated
Alabama,FY2023,207375,individual_estimated
Alabama,FY2024,211246,individual_estimated
Alabama,FY2025,208536,individual_estimated
Alabama,FY2000,1897625,individual_income
Alabama,FY2001,1901714,individual_income
Alabama,FY2002,1890640,individual_income
Alabama,FY2003,1882697,individual_income
Alabama,FY2004,1888500,individual_income
Alabama,FY2005,1906296,individual_income
Alabama,FY2006,1932097,individual_income
Alabama,FY2007,2021468,individual_income
Alabama,FY2008,2347362,individual_income
Alabama,FY2009,2085986,individual_income
Alabama,FY2010,2039519,individual_income
Alabama,FY2011,2079192,individual_income
Alabama,FY2012,2094553,individual_income
Alabama,FY2013,2050286,individual_income
Alabama,FY2014,2048463,individual_income
Alabama,FY2015,2049450,individual_income
Alabama,FY2016,2052504,individual_income
Alabama,FY2017,2036561,individual_income
Alabama,FY2018,2049479,individual_income
Alabama,FY2019,2051310,individual_income
Alabama,FY2020,2153025,individual_income
Alabama,FY2021,2278837,individual_income
Alabama,FY2022,2169239,individual_income
Alabama,FY2023,2184108,individual_income
Alabama,FY2024,2131810,individual_income
Alabama,FY2025,2166889,individual_income
Alabama,FY2000,25650,partnership
Alabama,FY2001,26765,partnership
Alabama,FY2002,29090,partnership
Alabama,FY2003,29934,partnership
Alabama,FY2004,32428,partnership
Alabama,FY2005,33510,partnership
Alabama,FY2006,34791,partnership
Alabama,FY2007,40433,partnership
Alabama,FY2008,43153,partnership
Alabama,FY2009,45317,partnership
Alabama,FY2010,45095,partnership
Alabama,FY2011,45418,partnership
Alabama,FY2012,44925,partnership
Alabama,FY2013,45545,partnership
Alabama,FY2014,45905,partnership
Alabama,FY2015,46547,partnership
Alabama,FY2016,46978,partnership
Alabama,FY2017,47802,partnership
Alabama,FY2018,48807,partnership
Alabama,FY2019,46849,partnership
Alabama,FY2020,50604,partnership
Alabama,FY2021,55401,partnership
Alabama,FY2022,53944,partnership
Alabama,FY2023,59980,partnership
Alabama,FY2024,59356,partnership
Alabama,FY2025,59908,partnership
Alabama,FY2004,41119,s_corporation
Alabama,FY2005,41759,s_corporation
Alabama,FY2006,42919,s_corporation
Alabama,FY2007,46878,s_corporation
Alabama,FY2008,51325,s_corporation
Alabama,FY2009,52033,s_corporation
Alabama,FY2010,51616,s_corporation
Alabama,FY2011,52638,s_corporation
Alabama,FY2012,51314,s_corporation
Alabama,FY2013,50820,s_corporation
Alabama,FY2014,50438,s_corporation
Alabama,FY2015,51043,s_corporation
Alabama,FY2016,51282,s_corporation
Alabama,FY2017,51766,s_corporation
Alabama,FY2018,52751,s_corporation
Alabama,FY2019,53690,s_corporation
Alabama,FY2020,51753,s_corporation
Alabama,FY2021,54634,s_corporation
Alabama,FY2022,57743,s_corporation
Alabama,FY2023,59596,s_corporation
Alabama,FY2024,61098,s_corporation
Alabama,FY2025,61778,s_corporation
Alabama,FY2000,188451.9330040691,supplemental
Alabama,FY2001,196647.23623218088,supplemental
Alabama,FY2002,236641.81960652675,supplemental
Alabama,FY2003,217324.7828394069,supplemental
Alabama,FY2004,240215.79071420655,supplemental
Alabama,FY2005,229342,supplemental
Alabama,FY2006,194262,supplemental
Alabama,FY2007,231985,supplemental
Alabama,FY2008,234387,supplemental
Alabama,FY2009,257284,supplemental
Alabama,FY2010,241778,supplemental
Alabama,FY2011,278505.4394868301,supplemental
Alabama,FY2012,263635,supplemental
Alabama,FY2013,253910,supplemental
Alabama,FY2014,235686,supplemental
Alabama,FY2015,243688,supplemental
Alabama,FY2016,240705,supplemental
Alabama,FY2017,271146,supplemental
Alabama,FY2018,282036,supplemental
Alabama,FY2019,298078,supplemental
Alabama,FY2020,219911,supplemental
Alabama,FY2021,296861,supplemental
Alabama,FY2022,445091,supplemental
Alabama,FY2023,455798,supplemental
Alabama,FY2024,458172.0032383798,supplemental
Alabama,FY2025,468261.500765153,supplemental
Alabama,FY2000,7165,tax_exempt
Alabama,FY2001,7219,tax_exempt
Alabama,FY2002,7661,tax_exempt
Alabama,FY2003,7982,tax_exempt
Alabama,FY2004,8410,tax_exempt
Alabama,FY2005,8036,tax_exempt
Alabama,FY2006,8301,tax_exempt
Alabama,FY2007,9102,tax_exempt
Alabama,FY2008,8984,tax_exempt
Alabama,FY2009,12842,tax_exempt
Alabama,FY2010,15747,tax_exempt
Alabama,FY2011,17277,tax_exempt
Alabama,FY2012,16062,tax_exempt
Alabama,FY2013,16924,tax_exempt
Alabama,FY2014,16792,tax_exempt
Alabama,FY2015,18198,tax_exempt
Alabama,FY2016,17158,tax_exempt
Alabama,FY2017,17611,tax_exempt
Alabama,FY2018,18114,tax_exempt
Alabama,FY2019,18529,tax_exempt
Alabama,FY2020,16615,tax_exempt
Alabama,FY2021,19190,tax_exempt
Alabama,FY2022,20358,tax_exempt
Alabama,FY2023,19854,tax_exempt
Alabama,FY2024,20302,tax_exempt
Alabama,FY2025,20901,tax_exempt
Alabama,FY2000,3073623.933004069,total
Alabama,FY2001,3046486.236232181,total
Alabama,FY2002,3058029.8196065268,total
Alabama,FY2003,2977770.9474939383,total
Alabama,FY2004,3009326.5595271494,total
Alabama,FY2005,3012277.2240397977,total
Alabama,FY2006,3015495,total
Alabama,FY2007,3150499,total
Alabama,FY2008,3495270,total
Alabama,FY2009,3236095,total
Alabama,FY2010,3102728,total
Alabama,FY2011,3159539.43948683,total
Alabama,FY2012,3147518,total
Alabama,FY2013,3113743,total
Alabama,FY2014,3074292.9591334835,total
Alabama,FY2015,3090023,total
Alabama,FY2016,3078691,total
Alabama,FY2017,3082175,total
Alabama,FY2018,3110306,total
Alabama,FY2019,3132042,total
Alabama,FY2020,3073453,total
Alabama,FY2021,3374265,total
Alabama,FY2022,3387611,total
Alabama,FY2023,3471529,total
Alabama,FY2024,3385145.00323838,total
Alabama,FY2025,3438243,total
Alaska,FY2004,4297,c_corporation
Alaska,FY2005,4153,c_corporation
Alaska,FY2006,4116,c_corporation
Alaska,FY2007,3929,c_corporation
Alaska,FY2008,4144,c_corporation
Alaska,FY2009,3899,c_corporation
Alaska,FY2010,3850,c_corporation
Alaska,FY2011,3676,c_corporation
Alaska,FY2012,3561,c_corporation
Alaska,FY2013,3436,c_corporation
Alaska,FY2014,3362,c_corporation
Alaska,FY2015,3303,c_corporation
Alaska,FY2016,3291,c_corporation
Alaska,FY2017,3003,c_corporation
Alaska,FY2018,2977,c_corporation
Alaska,FY2019,2937,c_corporation
Alaska,FY2020,2205,c_corporation
Alaska,FY2021,2712,c_corporation
Alaska,FY2022,3111,c_corporation
Alaska,FY2023,3202,c_corporation
Alaska,FY2024,2825,c_corporation
Alaska,FY2025,2861,c_corporation
Alaska,FY2000,10032,corporation_total
Alaska,FY2001,10057,corporation_total
Alaska,FY2002,10421,corporation_total
Alaska,FY2003,10608,corporation_total
Alaska,FY2000,2536,employee_plan
Alaska,FY2001,1895,employee_plan
Alaska,FY2000,74266,employment
Alaska,FY2001,74450,employment
Alaska,FY2002,75726,employment
Alaska,FY2003,78060.18086981948,employment
Alaska,FY2004,79925.56234040434,employment
Alaska,FY2005,79336,employment
Alaska,FY2006,80991,employment
Alaska,FY2007,78664,employment
Alaska,FY2008,78267,employment
Alaska,FY2009,78426,employment
Alaska,FY2010,78246,employment
Alaska,FY2011,78750,employment
Alaska,FY2012,78566,employment
Alaska,FY2013,79896,employment
Alaska,FY2014,79939,employment
Alaska,FY2015,79898,employment
Alaska,FY2016,79983,employment
Alaska,FY2017,79609,employment
Alaska,FY2018,79972,employment
Alaska,FY2019,82249,employment
Alaska,FY2020,69769,employment
Alaska,FY2021,87766,employment
Alaska,FY2022,81209,employment
Alaska,FY2023,94619,employment
Alaska,FY2024,86049,employment
Alaska,FY2025,88635,employment
Alaska,FY2000,130,estate_tax
Alaska,FY2001,144,estate_tax
Alaska,FY2002,156,estate_tax
Alaska,FY2003,124,estate_tax
Alaska,FY2004,92,estate_tax
Alaska,FY2005,77,estate_tax
Alaska,FY2006,78,estate_tax
Alaska,FY2007,61,estate_tax
Alaska,FY2008,58,estate_tax
Alaska,FY2009,47,estate_tax
Alaska,FY2010,44,estate_tax
Alaska,FY2011,19,estate_tax
Alaska,FY2012,38,estate_tax
Alaska,FY2013,36,estate_tax
Alaska,FY2014,38,estate_tax
Alaska,FY2015,57,estate_tax
Alaska,FY2016,55,estate_tax
Alaska,FY2017,35,estate_tax
Alaska,FY2018,46,estate_tax
Alaska,FY2019,35,estate_tax
Alaska,FY2020,21,estate_tax
Alaska,FY2021,43,estate_tax
Alaska,FY2022,36,estate_tax
Alaska,FY2023,63,estate_tax
Alaska,FY2024,34,estate_tax
Alaska,FY2025,37,estate_tax
Alaska,FY2000,3092,estate_trust
Alaska,FY2001,2963,estate_trust
Alaska,FY2002,2965,estate_trust
Alaska,FY2003,3193,estate_trust
Alaska,FY2004,3328,estate_trust
Alaska,FY2005,3244,estate_trust
Alaska,FY2006,3292,estate_trust
Alaska,FY2007,3582,estate_trust
Alaska,FY2008,3544,estate_trust
Alaska,FY2009,3831,estate_trust
Alaska,FY2010,4022,estate_trust
Alaska,FY2011,4296,estate_trust
Alaska,FY2012,4072,estate_trust
Alaska,FY2013,4243,estate_trust
Alaska,FY2014,4178,estate_trust
Alaska,FY2015,4292,estate_trust
Alaska,FY2016,4430,estate_trust
Alaska,FY2017,3990,estate_trust
Alaska,FY2018,4208,estate_trust
Alaska,FY2019,4300,estate_trust
Alaska,FY2020,3842,estate_trust
Alaska,FY2021,4679,estate_trust
Alaska,FY2022,4406,estate_trust
Alaska,FY2023,4857,estate_trust
Alaska,FY2024,4579,estate_trust
Alaska,FY2025,4858,estate_trust
Alaska,FY2000,1270,estate_trust_estimated
Alaska,FY2001,1150,estate_trust_estimated
Alaska,FY2002,1067,estate_trust_estimated
Alaska,FY2003,754,estate_trust_estimated
Alaska,FY2004,697,estate_trust_estimated
Alaska,FY2005,458.0995495694996,estate_trust_estimated
Alaska,FY2006,942,estate_trust_estimated
Alaska,FY2007,1145,estate_trust_estimated
Alaska,FY2008,1375,estate_trust_estimated
Alaska,FY2009,1055,estate_trust_estimated
Alaska,FY2010,717,estate_trust_estimated
Alaska,FY2011,682,estate_trust_estimated
Alaska,FY2012,639,estate_trust_estimated
Alaska,FY2013,877,estate_trust_estimated
Alaska,FY2014,1066.5280205117472,estate_trust_estimated
Alaska,FY2015,1156.3616432531778,estate_trust_estimated
Alaska,FY2016,1111,estate_trust_estimated
Alaska,FY2017,944,estate_trust_estimated
Alaska,FY2018,1011,estate_trust_estimated
Alaska,FY2019,1161,estate_trust_estimated
Alaska,FY2020,1046,estate_trust_estimated
Alaska,FY2021,1081,estate_trust_estimated
Alaska,FY2022,1143,estate_trust_estimated
Alaska,FY2023,904,estate_trust_estimated
Alaska,FY2024,856,estate_trust_estimated
Alaska,FY2025,1115,estate_trust_estimated
Alaska,FY2000,3003,excise
Alaska,FY2001,2687,excise
Alaska,FY2002,2821,excise
Alaska,FY2003,2930,excise
Alaska,FY2004,3729,excise
Alaska,FY2005,3798,excise
Alaska,FY2006,3666,excise
Alaska,FY2007,3402,excise
Alaska,FY2008,3329,excise
Alaska,FY2009,3629,excise
Alaska,FY2010,3626,excise
Alaska,FY2011,2904,excise
Alaska,FY2012,3582,excise
Alaska,FY2013,3647,excise
Alaska,FY2014,3433,excise
Alaska,FY2015,3498,excise
Alaska,FY2016,3518,excise
Alaska,FY2017,3330,excise
Alaska,FY2018,3263,excise
Alaska,FY2019,3199,excise
Alaska,FY2020,2245,excise
Alaska,FY2021,3081,excise
Alaska,FY2022,2757,excise
Alaska,FY2023,2958,excise
Alaska,FY2024,2377,excise
Alaska,FY2025,2647,excise
Alaska,FY2000,370,gift_tax
Alaska,FY2001,422,gift_tax
Alaska,FY2002,386,gift_tax
Alaska,FY2003,441,gift_tax
Alaska,FY2004,385,gift_tax
Alaska,FY2005,445,gift_tax
Alaska,FY2006,397,gift_tax
Alaska,FY2007,385,gift_tax
Alaska,FY2008,400,gift_tax
Alaska,FY2009,349,gift_tax
Alaska,FY2010,382,gift_tax
Alaska,FY2011,390,gift_tax
Alaska,FY2012,435,gift_tax
Alaska,FY2013,512,gift_tax
Alaska,FY2014,567,gift_tax
Alaska,FY2015,377,gift_tax
Alaska,FY2016,411,gift_tax
Alaska,FY2017,373,gift_tax
Alaska,FY2018,456,gift_tax
Alaska,FY2019,444,gift_tax
Alaska,FY2020,256,gift_tax
Alaska,FY2021,485,gift_tax
Alaska,FY2022,463,gift_tax
Alaska,FY2023,918,gift_tax
Alaska,FY2024,477,gift_tax
Alaska,FY2025,486,gift_tax
Alaska,FY2000,70457,individual_estimated
Alaska,FY2001,67183,individual_estimated
Alaska,FY2002,53066,individual_estimated
Alaska,FY2003,59233,individual_estimated
Alaska,FY2004,57989.82258064516,individual_estimated
Alaska,FY2005,53068,individual_estimated
Alaska,FY2006,56790,individual_estimated
Alaska,FY2007,56781,individual_estimated
Alaska,FY2008,59186,individual_estimated
Alaska,FY2009,59968,individual_estimated
Alaska,FY2010,50374,individual_estimated
Alaska,FY2011,49101,individual_estimated
Alaska,FY2012,45271,individual_estimated
Alaska,FY2013,51710,individual_estimated
Alaska,FY2014,47482,individual_estimated
Alaska,FY2015,49323,individual_estimated
Alaska,FY2016,47368,individual_estimated
Alaska,FY2017,43732,individual_estimated
Alaska,FY2018,42835,individual_estimated
Alaska,FY2019,41774,individual_estimated
Alaska,FY2020,37395,individual_estimated
Alaska,FY2021,5058,individual_estimated
Alaska,FY2022,1925,individual_estimated
Alaska,FY2023,2136,individual_estimated
Alaska,FY2024,2467,individual_estimated
Alaska,FY2025,8440,individual_estimated
Alaska,FY2000,326978,individual_income
Alaska,FY2001,328040,individual_income
Alaska,FY2002,333118,individual_income
Alaska,FY2003,334916,individual_income
Alaska,FY2004,344025,individual_income
Alaska,FY2005,344971,individual_income
Alaska,FY2006,343687,individual_income
Alaska,FY2007,341370,individual_income
Alaska,FY2008,370060,individual_income
Alaska,FY2009,359017,individual_income
Alaska,FY2010,358884,individual_income
Alaska,FY2011,372850,individual_income
Alaska,FY2012,369581,individual_income
Alaska,FY2013,364147,individual_income
Alaska,FY2014,357733,individual_income
Alaska,FY2015,357296,individual_income
Alaska,FY2016,357694,individual_income
Alaska,FY2017,345844,individual_income
Alaska,FY2018,345148,individual_income
Alaska,FY2019,344980,individual_income
Alaska,FY2020,347687,individual_income
Alaska,FY2021,366721,individual_income
Alaska,FY2022,346389,individual_income
Alaska,FY2023,351238,individual_income
Alaska,FY2024,342151,individual_income
Alaska,FY2025,346140,individual_income
Alaska,FY2000,4881,partnership
Alaska,FY2001,4771,partnership
Alaska,FY2002,4926,partnership
Alaska,FY2003,5102,partnership
Alaska,FY2004,5398,partnership
Alaska,FY2005,5426,partnership
Alaska,FY2006,5538,partnership
Alaska,FY2007,6120,partnership
Alaska,FY2008,6669,partnership
Alaska,FY2009,7142,partnership
Alaska,FY2010,6997,partnership
Alaska,FY2011,7104,partnership
Alaska,FY2012,7133,partnership
Alaska,FY2013,7212,partnership
Alaska,FY2014,7383,partnership
Alaska,FY2015,7563,partnership
Alaska,FY2016,7592,partnership
Alaska,FY2017,7729,partnership
Alaska,FY2018,7902,partnership
Alaska,FY2019,7331,partnership
Alaska,FY2020,8125,partnership
Alaska,FY2021,8650,partnership
Alaska,FY2022,8083,partnership
Alaska,FY2023,9200,partnership
Alaska,FY2024,8810,partnership
Alaska,FY2025,8948,partnership
Alaska,FY2004,6448,s_corporation
Alaska,FY2005,6444,s_corporation
Alaska,FY2006,6935,s_corporation
Alaska,FY2007,7301,s_corporation
Alaska,FY2008,8275,s_corporation
Alaska,FY2009,8372,s_corporation
Alaska,FY2010,8609,s_corporation
Alaska,FY2011,8979,s_corporation
Alaska,FY2012,8779,s_corporation
Alaska,FY2013,8897,s_corporation
Alaska,FY2014,9160,s_corporation
Alaska,FY2015,9274,s_corporation
Alaska,FY2016,9660,s_corporation
Alaska,FY2017,9817,s_corporation
Alaska,FY2018,10042,s_corporation
Alaska,FY2019,10219,s_corporation
Alaska,FY2020,10011,s_corporation
Alaska,FY2021,10587,s_corporation
Alaska,FY2022,11124,s_corporation
Alaska,FY2023,11586,s_corporation
Alaska,FY2024,11416,s_corporation
Alaska,FY2025,11961,s_corporation
Alaska,FY2000,60016,supplemental
Alaska,FY2001,60179,supplemental
Alaska,FY2002,69980.37444605771,supplemental
Alaska,FY2003,72314.68414395569,supplemental
Alaska,FY2004,69244.63326747665,supplemental
Alaska,FY2005,67128,supplemental
Alaska,FY2006,57142,supplemental
Alaska,FY2007,60196,supplemental
Alaska,FY2008,64168,supplemental
Alaska,FY2009,70629,supplemental
Alaska,FY2010,63460,supplemental
Alaska,FY2011,70434.84834208517,supplemental
Alaska,FY2012,70891,supplemental
Alaska,FY2013,69551,supplemental
Alaska,FY2014,65456,supplemental
Alaska,FY2015,67941,supplemental
Alaska,FY2016,66323,supplemental
Alaska,FY2017,67926,supplemental
Alaska,FY2018,70294,supplemental
Alaska,FY2019,70565,supplemental
Alaska,FY2020,52676,supplemental
Alaska,FY2021,63214,supplemental
Alaska,FY2022,91697,supplemental
Alaska,FY2023,107188,supplemental
Alaska,FY2024,92627.05953424975,supplemental
Alaska,FY2025,92133.5290222258,supplemental
Alaska,FY2000,2352,tax_exempt
Alaska,FY2001,2382,tax_exempt
Alaska,FY2002,2416,tax_exempt
Alaska,FY2003,2705,tax_exempt
Alaska,FY2004,2750,tax_exempt
Alaska,FY2005,2659,tax_exempt
Alaska,FY2006,2785,tax_exempt
Alaska,FY2007,2906,tax_exempt
Alaska,FY2008,3065,tax_exempt
Alaska,FY2009,3541,tax_exempt
Alaska,FY2010,4502,tax_exempt
Alaska,FY2011,4685,tax_exempt
Alaska,FY2012,4417,tax_exempt
Alaska,FY2013,4709,tax_exempt
Alaska,FY2014,4682,tax_exempt
Alaska,FY2015,4999,tax_exempt
Alaska,FY2016,4600,tax_exempt
Alaska,FY2017,4798,tax_exempt
Alaska,FY2018,4770,tax_exempt
Alaska,FY2019,4881,tax_exempt
Alaska,FY2020,4240,tax_exempt
Alaska,FY2021,4918,tax_exempt
Alaska,FY2022,5097,tax_exempt
Alaska,FY2023,4917,tax_exempt
Alaska,FY2024,4964,tax_exempt
Alaska,FY2025,5086,tax_exempt
Alaska,FY2000,559383,total
Alaska,FY2001,556323,total
Alaska,FY2002,557048.3744460577,total
Alaska,FY2003,570380.8650137752,total
Alaska,FY2004,578309.0181885262,total
Alaska,FY2005,571207.0995495694,total
Alaska,FY2006,566359,total
Alaska,FY2007,565842,total
Alaska,FY2008,602540,total
Alaska,FY2009,599905,total
Alaska,FY2010,583713,total
Alaska,FY2011,603870.8483420851,total
Alaska,FY2012,596965,total
Alaska,FY2013,598873,total
Alaska,FY2014,584479.5280205117,total
Alaska,FY2015,588977,total
Alaska,FY2016,586036,total
Alaska,FY2017,571130,total
Alaska,FY2018,572924,total
Alaska,FY2019,574075,total
Alaska,FY2020,539518,total
Alaska,FY2021,558995,total
Alaska,FY2022,557440,total
Alaska,FY2023,593786,total
Alaska,FY2024,559632.0595342497,total
Alaska,FY2025,573348,total
Arizona,FY2004,41673,c_corporation
Arizona,FY2005,40293,c_corporation
Arizona,FY2006,40415,c_corporation
Arizona,FY2007,41062,c_corporation
Arizona,FY2008,42657,c_corporation
Arizona,FY2009,40492,c_corporation
Arizona,FY2010,38336,c_corporation
Arizona,FY2011,36396,c_corporation
Arizona,FY2012,34980,c_corporation
Arizona,FY2013,34836,c_corporation
Arizona,FY2014,33844,c_corporation
Arizona,FY2015,33882,c_corporation
Arizona,FY2016,32665,c_corporation
Arizona,FY2017,30281,c_corporation
Arizona,FY2018,31555,c_corporation
Arizona,FY2019,31315,c_corporation
Arizona,FY2020,22404,c_corporation
Arizona,FY2021,30285,c_corporation
Arizona,FY2022,36484,c_corporation
Arizona,FY2023,34622,c_corporation
Arizona,FY2024,31558,c_corporation
Arizona,FY2025,32023,c_corporation
Arizona,FY2000,86378,corporation_total
Arizona,FY2001,89296,corporation_total
Arizona,FY2002,93357,corporation_total
Arizona,FY2003,97123,corporation_total
Arizona,FY2000,15807,employee_plan
Arizona,FY2001,13202,employee_plan
Arizona,FY2000,448195,employment
Arizona,FY2001,452998,employment
Arizona,FY2002,457212,employment
Arizona,FY2003,473638.4554232077,employment
Arizona,FY2004,489550.2873975493,employment
Arizona,FY2005,507090,employment
Arizona,FY2006,530551,employment
Arizona,FY2007,539318,employment
Arizona,FY2008,544763,employment
Arizona,FY2009,527731,employment
Arizona,FY2010,514539,employment
Arizona,FY2011,505876,employment
Arizona,FY2012,500740,employment
Arizona,FY2013,506553,employment
Arizona,FY2014,508257,employment
Arizona,FY2015,509937,employment
Arizona,FY2016,515562,employment
Arizona,FY2017,522550,employment
Arizona,FY2018,535600,employment
Arizona,FY2019,553674,employment
Arizona,FY2020,505966,employment
Arizona,FY2021,603163,employment
Arizona,FY2022,585061,employment
Arizona,FY2023,657004,employment
Arizona,FY2024,629350,employment
Arizona,FY2025,643921,employment
Arizona,FY2000,1980,estate_tax
Arizona,FY2001,1963,estate_tax
Arizona,FY2002,1855,estate_tax
Arizona,FY2003,1385,estate_tax
Arizona,FY2004,1073,estate_tax
Arizona,FY2005,938,estate_tax
Arizona,FY2006,804,estate_tax
Arizona,FY2007,740,estate_tax
Arizona,FY2008,713,estate_tax
Arizona,FY2009,645,estate_tax
Arizona,FY2010,407,estate_tax
Arizona,FY2011,106,estate_tax
Arizona,FY2012,248,estate_tax
Arizona,FY2013,361,estate_tax
Arizona,FY2014,410,estate_tax
Arizona,FY2015,371,estate_tax
Arizona,FY2016,396,estate_tax
Arizona,FY2017,410,estate_tax
Arizona,FY2018,419,estate_tax
Arizona,FY2019,315,estate_tax
Arizona,FY2020,170,estate_tax
Arizona,FY2021,381,estate_tax
Arizona,FY2022,409,estate_tax
Arizona,FY2023,727,estate_tax
Arizona,FY2024,424,estate_tax
Arizona,FY2025,422,estate_tax
Arizona,FY2000,36559,estate_trust
Arizona,FY2001,37837,estate_trust
Arizona,FY2002,38790,estate_trust
Arizona,FY2003,39178,estate_trust
Arizona,FY2004,42124,estate_trust
Arizona,FY2005,39453,estate_trust
Arizona,FY2006,42014,estate_trust
Arizona,FY2007,44895,estate_trust
Arizona,FY2008,42870,estate_trust
Arizona,FY2009,48088,estate_trust
Arizona,FY2010,43843,estate_trust
Arizona,FY2011,47460,estate_trust
Arizona,FY2012,47033,estate_trust
Arizona,FY2013,48522,estate_trust
Arizona,FY2014,49609,estate_trust
Arizona,FY2015,49465,estate_trust
Arizona,FY2016,48545,estate_trust
Arizona,FY2017,45920,estate_trust
Arizona,FY2018,42214,estate_trust
Arizona,FY2019,43182,estate_trust
Arizona,FY2020,37331,estate_trust
Arizona,FY2021,50531,estate_trust
Arizona,FY2022,46369,estate_trust
Arizona,FY2023,52592,estate_trust
Arizona,FY2024,46255,estate_trust
Arizona,FY2025,47737,estate_trust
Arizona,FY2000,11956,estate_trust_estimated
Arizona,FY2001,11641,estate_trust_estimated
Arizona,FY2002,9217,estate_trust_estimated
Arizona,FY2003,7707,estate_trust_estimated
Arizona,FY2004,8133,estate_trust_estimated
Arizona,FY2005,6569.304053156306,estate_trust_estimated
Arizona,FY2006,9083,estate_trust_estimated
Arizona,FY2007,11267,estate_trust_estimated
Arizona,FY2008,13254,estate_trust_estimated
Arizona,FY2009,7514,estate_trust_estimated
Arizona,FY2010,4359,estate_trust_estimated
Arizona,FY2011,4757,estate_trust_estimated
Arizona,FY2012,5084,estate_trust_estimated
Arizona,FY2013,7133,estate_trust_estimated
Arizona,FY2014,7562.653236356025,estate_trust_estimated
Arizona,FY2015,10027.7835626678,estate_trust_estimated
Arizona,FY2016,8620,estate_trust_estimated
Arizona,FY2017,7378,estate_trust_estimated
Arizona,FY2018,9274,estate_trust_estimated
Arizona,FY2019,10217,estate_trust_estimated
Arizona,FY2020,9194,estate_trust_estimated
Arizona,FY2021,9147,estate_trust_estimated
Arizona,FY2022,11559,estate_trust_estimated
Arizona,FY2023,8170,estate_trust_estimated
Arizona,FY2024,8371,estate_trust_estimated
Arizona,FY2025,11678,estate_trust_estimated
Arizona,FY2000,7753,excise
Arizona,FY2001,6705,excise
Arizona,FY2002,7446,excise
Arizona,FY2003,6979,excise
Arizona,FY2004,5477,excise
Arizona,FY2005,9397,excise
Arizona,FY2006,8944,excise
Arizona,FY2007,8364,excise
Arizona,FY2008,8160,excise
Arizona,FY2009,7414,excise
Arizona,FY2010,7514,excise
Arizona,FY2011,4448,excise
Arizona,FY2012,11216,excise
Arizona,FY2013,8564,excise
Arizona,FY2014,9225,excise
Arizona,FY2015,9815,excise
Arizona,FY2016,9444,excise
Arizona,FY2017,10104,excise
Arizona,FY2018,10690,excise
Arizona,FY2019,11268,excise
Arizona,FY2020,9876,excise
Arizona,FY2021,13991,excise
Arizona,FY2022,12444,excise
Arizona,FY2023,13424,excise
Arizona,FY2024,13087,excise
Arizona,FY2025,14903,excise
Arizona,FY2000,4101,gift_tax
Arizona,FY2001,4092,gift_tax
Arizona,FY2002,3512,gift_tax
Arizona,FY2003,3684,gift_tax
Arizona,FY2004,3167,gift_tax
Arizona,FY2005,3536,gift_tax
Arizona,FY2006,3424,gift_tax
Arizona,FY2007,3581,gift_tax
Arizona,FY2008,3671,gift_tax
Arizona,FY2009,3441,gift_tax
Arizona,FY2010,3115,gift_tax
Arizona,FY2011,2837,gift_tax
Arizona,FY2012,3381,gift_tax
Arizona,FY2013,4210,gift_tax
Arizona,FY2014,4626,gift_tax
Arizona,FY2015,3279,gift_tax
Arizona,FY2016,3543,gift_tax
Arizona,FY2017,3539,gift_tax
Arizona,FY2018,3770,gift_tax
Arizona,FY2019,3593,gift_tax
Arizona,FY2020,2726,gift_tax
Arizona,FY2021,4450,gift_tax
Arizona,FY2022,4292,gift_tax
Arizona,FY2023,9099,gift_tax
Arizona,FY2024,5397,gift_tax
Arizona,FY2025,5778,gift_tax
Arizona,FY2000,683318,individual_estimated
Arizona,FY2001,665485,individual_estimated
Arizona,FY2002,630446,individual_estimated
Arizona,FY2003,216692,individual_estimated
Arizona,FY2004,150095.16129032258,individual_estimated
Arizona,FY2005,374239,individual_estimated
Arizona,FY2006,585300,individual_estimated
Arizona,FY2007,576941,individual_estimated
Arizona,FY2008,572551,individual_estimated
Arizona,FY2009,501603,individual_estimated
Arizona,FY2010,414712,individual_estimated
Arizona,FY2011,416287,individual_estimated
Arizona,FY2012,403155,individual_estimated
Arizona,FY2013,446118,individual_estimated
Arizona,FY2014,430138,individual_estimated
Arizona,FY2015,442366,individual_estimated
Arizona,FY2016,427453,individual_estimated
Arizona,FY2017,416025,individual_estimated
Arizona,FY2018,426183,individual_estimated
Arizona,FY2019,428836,individual_estimated
Arizona,FY2020,265260,individual_estimated
Arizona,FY2021,42563,individual_estimated
Arizona,FY2022,233684,individual_estimated
Arizona,FY2023,329439,individual_estimated
Arizona,FY2024,350320,individual_estimated
Arizona,FY2025,356872,individual_estimated
Arizona,FY2000,2085722,individual_income
Arizona,FY2001,2146048,individual_income
Arizona,FY2002,2198924,individual_income
Arizona,FY2003,2214125,individual_income
Arizona,FY2004,2279505,individual_income
Arizona,FY2005,2365284,individual_income
Arizona,FY2006,2445889,individual_income
Arizona,FY2007,2586387,individual_income
Arizona,FY2008,2896610,individual_income
Arizona,FY2009,2721160,individual_income
Arizona,FY2010,2654822,individual_income
Arizona,FY2011,2693072,individual_income
Arizona,FY2012,2769832,individual_income
Arizona,FY2013,2761414,individual_income
Arizona,FY2014,2805861,individual_income
Arizona,FY2015,2846387,individual_income
Arizona,FY2016,2902462,individual_income
Arizona,FY2017,2920081,individual_income
Arizona,FY2018,2989430,individual_income
Arizona,FY2019,3059827,individual_income
Arizona,FY2020,3274436,individual_income
Arizona,FY2021,3534695,individual_income
Arizona,FY2022,3379173,individual_income
Arizona,FY2023,3439184,individual_income
Arizona,FY2024,3375895,individual_income
Arizona,FY2025,3438499,individual_income
Arizona,FY2000,42685,partnership
Arizona,FY2001,44904,partnership
Arizona,FY2002,47650,partnership
Arizona,FY2003,51962,partnership
Arizona,FY2004,56370,partnership
Arizona,FY2005,59555,partnership
Arizona,FY2006,63749,partnership
Arizona,FY2007,74106,partnership
Arizona,FY2008,80884,partnership
Arizona,FY2009,85542,partnership
Arizona,FY2010,83757,partnership
Arizona,FY2011,82728,partnership
Arizona,FY2012,83314,partnership
Arizona,FY2013,83398,partnership
Arizona,FY2014,84956,partnership
Arizona,FY2015,85339,partnership
Arizona,FY2016,85429,partnership
Arizona,FY2017,84801,partnership
Arizona,FY2018,85450,partnership
Arizona,FY2019,78050,partnership
Arizona,FY2020,85205,partnership
Arizona,FY2021,96563,partnership
Arizona,FY2022,88059,partnership
Arizona,FY2023,99376,partnership
Arizona,FY2024,94735,partnership
Arizona,FY2025,96565,partnership
Arizona,FY2004,58252,s_corporation
Arizona,FY2005,60365,s_corporation
Arizona,FY2006,65851,s_corporation
Arizona,FY2007,71526,s_corporation
Arizona,FY2008,82118,s_corporation
Arizona,FY2009,82934,s_corporation
Arizona,FY2010,83126,s_corporation
Arizona,FY2011,82852,s_corporation
Arizona,FY2012,83021,s_corporation
Arizona,FY2013,83183,s_corporation
Arizona,FY2014,83945,s_corporation
Arizona,FY2015,85407,s_corporation
Arizona,FY2016,87755,s_corporation
Arizona,FY2017,90642,s_corporation
Arizona,FY2018,93850,s_corporation
Arizona,FY2019,96976,s_corporation
Arizona,FY2020,92971,s_corporation
Arizona,FY2021,104836,s_corporation
Arizona,FY2022,109420,s_corporation
Arizona,FY2023,117281,s_corporation
Arizona,FY2024,118495,s_corporation
Arizona,FY2025,122559,s_corporation
Arizona,FY2000,266870,supplemental
Arizona,FY2001,289102,supplemental
Arizona,FY2002,331902,supplemental
Arizona,FY2003,342828.3896144346,supplemental
Arizona,FY2004,360629.67439713434,supplemental
Arizona,FY2005,380156,supplemental
Arizona,FY2006,355186,supplemental
Arizona,FY2007,409640,supplemental
Arizona,FY2008,428794,supplemental
Arizona,FY2009,460023,supplemental
Arizona,FY2010,420185,supplemental
Arizona,FY2011,475322.5157521353,supplemental
Arizona,FY2012,466494,supplemental
Arizona,FY2013,470353,supplemental
Arizona,FY2014,448197,supplemental
Arizona,FY2015,463916,supplemental
Arizona,FY2016,457696,supplemental
Arizona,FY2017,505393,supplemental
Arizona,FY2018,533847,supplemental
Arizona,FY2019,557028,supplemental
Arizona,FY2020,392025,supplemental
Arizona,FY2021,536302,supplemental
Arizona,FY2022,773250,supplemental
Arizona,FY2023,800022,supplemental
Arizona,FY2024,839404.8666273478,supplemental
Arizona,FY2025,807447.7895532616,supplemental
Arizona,FY2000,8888,tax_exempt
Arizona,FY2001,8972,tax_exempt
Arizona,FY2002,9447,tax_exempt
Arizona,FY2003,10078,tax_exempt
Arizona,FY2004,10717,tax_exempt
Arizona,FY2005,10699,tax_exempt
Arizona,FY2006,11312,tax_exempt
Arizona,FY2007,12093,tax_exempt
Arizona,FY2008,12308,tax_exempt
Arizona,FY2009,15844,tax_exempt
Arizona,FY2010,18909,tax_exempt
Arizona,FY2011,20681,tax_exempt
Arizona,FY2012,19081,tax_exempt
Arizona,FY2013,19261,tax_exempt
Arizona,FY2014,19344,tax_exempt
Arizona,FY2015,20864,tax_exempt
Arizona,FY2016,19880,tax_exempt
Arizona,FY2017,20509,tax_exempt
Arizona,FY2018,21333,tax_exempt
Arizona,FY2019,21790,tax_exempt
Arizona,FY2020,19174,tax_exempt
Arizona,FY2021,23281,tax_exempt
Arizona,FY2022,23977,tax_exempt
Arizona,FY2023,24579,tax_exempt
Arizona,FY2024,25052,tax_exempt
Arizona,FY2025,25413,tax_exempt
Arizona,FY2000,3700212,total
Arizona,FY2001,3772245,total
Arizona,FY2002,3829758,total
Arizona,FY2003,3465379.8450376424,total
Arizona,FY2004,3506766.123085006,total
Arizona,FY2005,3857574.304053156,total
Arizona,FY2006,4162522,total
Arizona,FY2007,4379920,total
Arizona,FY2008,4729353,total
Arizona,FY2009,4502431,total
Arizona,FY2010,4287624,total
Arizona,FY2011,4372822.515752135,total
Arizona,FY2012,4427579,total
Arizona,FY2013,4473906,total
Arizona,FY2014,4485974.653236356,total
Arizona,FY2015,4561056,total
Arizona,FY2016,4599450,total
Arizona,FY2017,4657633,total
Arizona,FY2018,4783615,total
Arizona,FY2019,4896071,total
Arizona,FY2020,4716738,total
Arizona,FY2021,5050188,total
Arizona,FY2022,5304181,total
Arizona,FY2023,5585519,total
Arizona,FY2024,5538343.866627348,total
Arizona,FY2025,5603818,total
Arkansas,FY2004,18814,c_corporation
Arkansas,FY2005,17693,c_corporation
Arkansas,FY2006,17181,c_corporation
Arkansas,FY2007,16919,c_corporation
Arkansas,FY2008,17059,c_corporation
Arkansas,FY2009,16090,c_corporation
Arkansas,FY2010,15246,c_corporation
Arkansas,FY2011,14757,c_corporation
Arkansas,FY2012,13879,c_corporation
Arkansas,FY2013,13389,c_corporation
Arkansas,FY2014,12843,c_corporation
Arkansas,FY2015,12233,c_corporation
Arkansas,FY2016,11748,c_corporation
Arkansas,FY2017,10769,c_corporation
Arkansas,FY2018,10809,c_corporation
Arkansas,FY2019,10612,c_corporation
Arkansas,FY2020,8949,c_corporation
Arkansas,FY2021,9545,c_corporation
Arkansas,FY2022,10558,c_corporation
Arkansas,FY2023,10600,c_corporation
Arkansas,FY2024,9222,c_corporation
Arkansas,FY2025,9578,c_corporation
Arkansas,FY2000,45856,corporation_total
Arkansas,FY2001,46078,corporation_total
Arkansas,FY2002,48697,corporation_total
Arkansas,FY2003,50017,corporation_total
Arkansas,FY2000,7220,employee_plan
Arkansas,FY2001,4785,employee_plan
Arkansas,FY2000,261775,employment
Arkansas,FY2001,257848,employment
Arkansas,FY2002,260397,employment
Arkansas,FY2003,265187.4703529013,employment
Arkansas,FY2004,270324.05313360307,employment
Arkansas,FY2005,267993,employment
Arkansas,FY2006,269898,employment
Arkansas,FY2007,260103,employment
Arkansas,FY2008,259004,employment
Arkansas,FY2009,254373,employment
Arkansas,FY2010,252925,employment
Arkansas,FY2011,248463,employment
Arkansas,FY2012,247812,employment
Arkansas,FY2013,248768,employment
Arkansas,FY2014,246758,employment
Arkansas,FY2015,245388,employment
Arkansas,FY2016,246827,employment
Arkansas,FY2017,244301,employment
Arkansas,FY2018,245666,employment
Arkansas,FY2019,250891,employment
Arkansas,FY2020,214763,employment
Arkansas,FY2021,263973,employment
Arkansas,FY2022,245908,employment
Arkansas,FY2023,285695,employment
Arkansas,FY2024,261274,employment
Arkansas,FY2025,268587,employment
Arkansas,FY2000,733,estate_tax
Arkansas,FY2001,659,estate_tax
Arkansas,FY2002,659,estate_tax
Arkansas,FY2003,518,estate_tax
Arkansas,FY2004,369,estate_tax
Arkansas,FY2005,358,estate_tax
Arkansas,FY2006,266,estate_tax
Arkansas,FY2007,239,estate_tax
Arkansas,FY2008,219,estate_tax
Arkansas,FY2009,196,estate_tax
Arkansas,FY2010,112,estate_tax
Arkansas,FY2011,53,estate_tax
Arkansas,FY2012,103,estate_tax
Arkansas,FY2013,131,estate_tax
Arkansas,FY2014,126,estate_tax
Arkansas,FY2015,137,estate_tax
Arkansas,FY2016,131,estate_tax
Arkansas,FY2017,147,estate_tax
Arkansas,FY2018,135,estate_tax
Arkansas,FY2019,96,estate_tax
Arkansas,FY2020,54,estate_tax
Arkansas,FY2021,94,estate_tax
Arkansas,FY2022,108,estate_tax
Arkansas,FY2023,176,estate_tax
Arkansas,FY2024,110,estate_tax
Arkansas,FY2025,89,estate_tax
Arkansas,FY2000,15710,estate_trust
Arkansas,FY2001,15733,estate_trust
Arkansas,FY2002,16554,estate_trust
Arkansas,FY2003,16786,estate_trust
Arkansas,FY2004,16907,estate_trust
Arkansas,FY2005,16681,estate_trust
Arkansas,FY2006,15485,estate_trust
Arkansas,FY2007,15803,estate_trust
Arkansas,FY2008,16251,estate_trust
Arkansas,FY2009,16286,estate_trust
Arkansas,FY2010,16138,estate_trust
Arkansas,FY2011,16637,estate_trust
Arkansas,FY2012,16401,estate_trust
Arkansas,FY2013,16626,estate_trust
Arkansas,FY2014,16814,estate_trust
Arkansas,FY2015,16735,estate_trust
Arkansas,FY2016,16828,estate_trust
Arkansas,FY2017,16013,estate_trust
Arkansas,FY2018,16493,estate_trust
Arkansas,FY2019,16899,estate_trust
Arkansas,FY2020,15479,estate_trust
Arkansas,FY2021,17326,estate_trust
Arkansas,FY2022,16772,estate_trust
Arkansas,FY2023,18267,estate_trust
Arkansas,FY2024,17616,estate_trust
Arkansas,FY2025,17771,estate_trust
Arkansas,FY2000,5623,estate_trust_estimated
Arkansas,FY2001,5170,estate_trust_estimated
Arkansas,FY2002,4054,estate_trust_estimated
Arkansas,FY2003,3590,estate_trust_estimated
Arkansas,FY2004,3489,estate_trust_estimated
Arkansas,FY2005,2302.537157823043,estate_trust_estimated
Arkansas,FY2006,3880,estate_trust_estimated
Arkansas,FY2007,4477,estate_trust_estimated
Arkansas,FY2008,5319,estate_trust_estimated
Arkansas,FY2009,3766,estate_trust_estimated
Arkansas,FY2010,2381,estate_trust_estimated
Arkansas,FY2011,2524,estate_trust_estimated
Arkansas,FY2012,2550,estate_trust_estimated
Arkansas,FY2013,3318,estate_trust_estimated
Arkansas,FY2014,2833.3017110564597,estate_trust_estimated
Arkansas,FY2015,4389.55905376816,estate_trust_estimated
Arkansas,FY2016,3800,estate_trust_estimated
Arkansas,FY2017,3273,estate_trust_estimated
Arkansas,FY2018,3990,estate_trust_estimated
Arkansas,FY2019,4347,estate_trust_estimated
Arkansas,FY2020,3729,estate_trust_estimated
Arkansas,FY2021,3948,estate_trust_estimated
Arkansas,FY2022,4813,estate_trust_estimated
Arkansas,FY2023,3545,estate_trust_estimated
Arkansas,FY2024,3726,estate_trust_estimated
Arkansas,FY2025,4428,estate_trust_estimated
Arkansas,FY2000,17229,excise
Arkansas,FY2001,13636,excise
Arkansas,FY2002,15523,excise
Arkansas,FY2003,13698,excise
Arkansas,FY2004,10968,excise
Arkansas,FY2005,18479,excise
Arkansas,FY2006,15429,excise
Arkansas,FY2007,14286,excise
Arkansas,FY2008,13219,excise
Arkansas,FY2009,12427,excise
Arkansas,FY2010,12718,excise
Arkansas,FY2011,6538,excise
Arkansas,FY2012,17701,excise
Arkansas,FY2013,11966,excise
Arkansas,FY2014,12583,excise
Arkansas,FY2015,13014,excise
Arkansas,FY2016,12729,excise
Arkansas,FY2017,12746,excise
Arkansas,FY2018,12863,excise
Arkansas,FY2019,13000,excise
Arkansas,FY2020,10652,excise
Arkansas,FY2021,14774,excise
Arkansas,FY2022,13169,excise
Arkansas,FY2023,13509,excise
Arkansas,FY2024,12575,excise
Arkansas,FY2025,12808,excise
Arkansas,FY2000,1837,gift_tax
Arkansas,FY2001,1730,gift_tax
Arkansas,FY2002,1651,gift_tax
Arkansas,FY2003,1634,gift_tax
Arkansas,FY2004,1355,gift_tax
Arkansas,FY2005,1433,gift_tax
Arkansas,FY2006,1344,gift_tax
Arkansas,FY2007,1177,gift_tax
Arkansas,FY2008,1251,gift_tax
Arkansas,FY2009,1195,gift_tax
Arkansas,FY2010,1119,gift_tax
Arkansas,FY2011,1013,gift_tax
Arkansas,FY2012,1195,gift_tax
Arkansas,FY2013,1433,gift_tax
Arkansas,FY2014,1443,gift_tax
Arkansas,FY2015,1106,gift_tax
Arkansas,FY2016,1099,gift_tax
Arkansas,FY2017,983,gift_tax
Arkansas,FY2018,979,gift_tax
Arkansas,FY2019,919,gift_tax
Arkansas,FY2020,639,gift_tax
Arkansas,FY2021,1102,gift_tax
Arkansas,FY2022,991,gift_tax
Arkansas,FY2023,1955,gift_tax
Arkansas,FY2024,1195,gift_tax
Arkansas,FY2025,1152,gift_tax
Arkansas,FY2000,295159,individual_estimated
Arkansas,FY2001,280825,individual_estimated
Arkansas,FY2002,260636,individual_estimated
Arkansas,FY2003,223906,individual_estimated
Arkansas,FY2004,226107.64516129033,individual_estimated
Arkansas,FY2005,213279,individual_estimated
Arkansas,FY2006,218973,individual_estimated
Arkansas,FY2007,215030,individual_estimated
Arkansas,FY2008,219429,individual_estimated
Arkansas,FY2009,208451,individual_estimated
Arkansas,FY2010,174122,individual_estimated
Arkansas,FY2011,174116,individual_estimated
Arkansas,FY2012,163789,individual_estimated
Arkansas,FY2013,179595,individual_estimated
Arkansas,FY2014,167564,individual_estimated
Arkansas,FY2015,168181,individual_estimated
Arkansas,FY2016,159805,individual_estimated
Arkansas,FY2017,153436,individual_estimated
Arkansas,FY2018,153229,individual_estimated
Arkansas,FY2019,148294,individual_estimated
Arkansas,FY2020,117663,individual_estimated
Arkansas,FY2021,132684,individual_estimated
Arkansas,FY2022,132292,individual_estimated
Arkansas,FY2023,127742,individual_estimated
Arkansas,FY2024,131266,individual_estimated
Arkansas,FY2025,129791,individual_estimated
Arkansas,FY2000,1108048,individual_income
Arkansas,FY2001,1117079,individual_income
Arkansas,FY2002,1119332,individual_income
Arkansas,FY2003,1120457,individual_income
Arkansas,FY2004,1121717,individual_income
Arkansas,FY2005,1134378,individual_income
Arkansas,FY2006,1144171,individual_income
Arkansas,FY2007,1182081,individual_income
Arkansas,FY2008,1389962,individual_income
Arkansas,FY2009,1226213,individual_income
Arkansas,FY2010,1206492,individual_income
Arkansas,FY2011,1218547,individual_income
Arkansas,FY2012,1229757,individual_income
Arkansas,FY2013,1220133,individual_income
Arkansas,FY2014,1219841,individual_income
Arkansas,FY2015,1223188,individual_income
Arkansas,FY2016,1228367,individual_income
Arkansas,FY2017,1217048,individual_income
Arkansas,FY2018,1228760,individual_income
Arkansas,FY2019,1231062,individual_income
Arkansas,FY2020,1310184,individual_income
Arkansas,FY2021,1376193,individual_income
Arkansas,FY2022,1307853,individual_income
Arkansas,FY2023,1315830,individual_income
Arkansas,FY2024,1286121,individual_income
Arkansas,FY2025,1289463,individual_income
Arkansas,FY2000,16156,partnership
Arkansas,FY2001,16925,partnership
Arkansas,FY2002,18013,partnership
Arkansas,FY2003,18938,partnership
Arkansas,FY2004,20117,partnership
Arkansas,FY2005,21096,partnership
Arkansas,FY2006,21781,partnership
Arkansas,FY2007,24495,partnership
Arkansas,FY2008,26169,partnership
Arkansas,FY2009,27000,partnership
Arkansas,FY2010,27501,partnership
Arkansas,FY2011,27897,partnership
Arkansas,FY2012,28220,partnership
Arkansas,FY2013,28666,partnership
Arkansas,FY2014,29150,partnership
Arkansas,FY2015,29802,partnership
Arkansas,FY2016,30518,partnership
Arkansas,FY2017,31265,partnership
Arkansas,FY2018,32249,partnership
Arkansas,FY2019,30427,partnership
Arkansas,FY2020,33440,partnership
Arkansas,FY2021,36631,partnership
Arkansas,FY2022,35442,partnership
Arkansas,FY2023,40672,partnership
Arkansas,FY2024,39310,partnership
Arkansas,FY2025,36845,partnership
Arkansas,FY2004,32820,s_corporation
Arkansas,FY2005,33467,s_corporation
Arkansas,FY2006,34947,s_corporation
Arkansas,FY2007,36651,s_corporation
Arkansas,FY2008,40316,s_corporation
Arkansas,FY2009,40066,s_corporation
Arkansas,FY2010,40767,s_corporation
Arkansas,FY2011,41236,s_corporation
Arkansas,FY2012,40723,s_corporation
Arkansas,FY2013,40505,s_corporation
Arkansas,FY2014,40852,s_corporation
Arkansas,FY2015,40781,s_corporation
Arkansas,FY2016,41462,s_corporation
Arkansas,FY2017,41868,s_corporation
Arkansas,FY2018,42669,s_corporation
Arkansas,FY2019,43284,s_corporation
Arkansas,FY2020,41957,s_corporation
Arkansas,FY2021,43422,s_corporation
Arkansas,FY2022,46110,s_corporation
Arkansas,FY2023,47518,s_corporation
Arkansas,FY2024,47713,s_corporation
Arkansas,FY2025,43788,s_corporation
Arkansas,FY2000,136480.71459709108,supplemental
Arkansas,FY2001,143583.29969174543,supplemental
Arkansas,FY2002,170766.84450536198,supplemental
Arkansas,FY2003,159538.18112144413,supplemental
Arkansas,FY2004,172984.32583367184,supplemental
Arkansas,FY2005,168070,supplemental
Arkansas,FY2006,147057,supplemental
Arkansas,FY2007,163164,supplemental
Arkansas,FY2008,168678,supplemental
Arkansas,FY2009,185777,supplemental
Arkansas,FY2010,169638,supplemental
Arkansas,FY2011,189020.669087212,supplemental
Arkansas,FY2012,182840,supplemental
Arkansas,FY2013,184615,supplemental
Arkansas,FY2014,172261,supplemental
Arkansas,FY2015,181089,supplemental
Arkansas,FY2016,179670,supplemental
Arkansas,FY2017,201349,supplemental
Arkansas,FY2018,208990,supplemental
Arkansas,FY2019,218469,supplemental
Arkansas,FY2020,162763,supplemental
Arkansas,FY2021,224363,supplemental
Arkansas,FY2022,313428,supplemental
Arkansas,FY2023,325726,supplemental
Arkansas,FY2024,319193.47936493054,supplemental
Arkansas,FY2025,318801.7195681881,supplemental
Arkansas,FY2000,5068,tax_exempt
Arkansas,FY2001,5295,tax_exempt
Arkansas,FY2002,5319,tax_exempt
Arkansas,FY2003,5651,tax_exempt
Arkansas,FY2004,5762,tax_exempt
Arkansas,FY2005,5894,tax_exempt
Arkansas,FY2006,5942,tax_exempt
Arkansas,FY2007,6174,tax_exempt
Arkansas,FY2008,6184,tax_exempt
Arkansas,FY2009,8665,tax_exempt
Arkansas,FY2010,10504,tax_exempt
Arkansas,FY2011,10824,tax_exempt
Arkansas,FY2012,10576,tax_exempt
Arkansas,FY2013,11112,tax_exempt
Arkansas,FY2014,10874,tax_exempt
Arkansas,FY2015,12114,tax_exempt
Arkansas,FY2016,11151,tax_exempt
Arkansas,FY2017,11628,tax_exempt
Arkansas,FY2018,11676,tax_exempt
Arkansas,FY2019,12062,tax_exempt
Arkansas,FY2020,10570,tax_exempt
Arkansas,FY2021,12154,tax_exempt
Arkansas,FY2022,12776,tax_exempt
Arkansas,FY2023,12595,tax_exempt
Arkansas,FY2024,12986,tax_exempt
Arkansas,FY2025,12660,tax_exempt
Arkansas,FY2000,1916894.714597091,total
Arkansas,FY2001,1909346.2996917455,total
Arkansas,FY2002,1921601.844505362,total
Arkansas,FY2003,1879920.6514743457,total
Arkansas,FY2004,1901734.024128565,total
Arkansas,FY2005,1901123.537157823,total
Arkansas,FY2006,1896354,total
Arkansas,FY2007,1940599,total
Arkansas,FY2008,2163060,total
Arkansas,FY2009,2000505,total
Arkansas,FY2010,1929663,total
Arkansas,FY2011,1951625.669087212,total
Arkansas,FY2012,1955546,total
Arkansas,FY2013,1960257,total
Arkansas,FY2014,1933942.3017110564,total
Arkansas,FY2015,1948158,total
Arkansas,FY2016,1944135,total
Arkansas,FY2017,1944826,total
Arkansas,FY2018,1968508,total
Arkansas,FY2019,1980362,total
Arkansas,FY2020,1930842,total
Arkansas,FY2021,2136209,total
Arkansas,FY2022,2140220,total
Arkansas,FY2023,2203830,total
Arkansas,FY2024,2142307.4793649307,total
Arkansas,FY2025,2145762,total
California,FY2004,328523,c_corporation
California,FY2005,325807,c_corporation
California,FY2006,325756,c_corporation
California,FY2007,335799,c_corporation
California,FY2008,357877,c_corporation
California,FY2009,341400,c_corporation
California,FY2010,325758,c_corporation
California,FY2011,315277,c_corporation
California,FY2012,313498,c_corporation
California,FY2013,319631,c_corporation
California,FY2014,317637,c_corporation
California,FY2015,322224,c_corporation
California,FY2016,318517,c_corporation
California,FY2017,292823,c_corporation
California,FY2018,312926,c_corporation
California,FY2019,322958,c_corporation
California,FY2020,281823,c_corporation
California,FY2021,317063,c_corporation
California,FY2022,354434,c_corporation
California,FY2023,349217,c_corporation
California,FY2024,348014,c_corporation
California,FY2025,351126,c_corporation
California,FY2000,448478,corporation_total
California,FY2001,467800,corporation_total
California,FY2002,496060,corporation_total
California,FY2003,532244,corporation_total
California,FY2000,151991,employee_plan
California,FY2001,118331,employee_plan
California,FY2000,3183884,employment
California,FY2001,3217649,employment
California,FY2002,3244070,employment
California,FY2003,3338300.6856853906,employment
California,FY2004,3440999.8547662436,employment
California,FY2005,3538563,employment
California,FY2006,3625697,employment
California,FY2007,3611053,employment
California,FY2008,3598564,employment
California,FY2009,3544749,employment
California,FY2010,3491320,employment
California,FY2011,3472955,employment
California,FY2012,3503293,employment
California,FY2013,3566551,employment
California,FY2014,3605271,employment
California,FY2015,3652659,employment
California,FY2016,3722883,employment
California,FY2017,3787873,employment
California,FY2018,3838511,employment
California,FY2019,3945555,employment
California,FY2020,3662405,employment
California,FY2021,4226707,employment
California,FY2022,4098003,employment
California,FY2023,4516942,employment
California,FY2024,4327267,employment
California,FY2025,4389222,employment
California,FY2000,18306,estate_tax
California,FY2001,19129,estate_tax
California,FY2002,19697,estate_tax
California,FY2003,15709,estate_tax
California,FY2004,13063,estate_tax
California,FY2005,12367,estate_tax
California,FY2006,10807,estate_tax
California,FY2007,9571,estate_tax
California,FY2008,8528,estate_tax
California,FY2009,8363,estate_tax
California,FY2010,5119,estate_tax
California,FY2011,1713,estate_tax
California,FY2012,3869,estate_tax
California,FY2013,4555,estate_tax
California,FY2014,4761,estate_tax
California,FY2015,5350,estate_tax
California,FY2016,5431,estate_tax
California,FY2017,5493,estate_tax
California,FY2018,5697,estate_tax
California,FY2019,4299,estate_tax
California,FY2020,2408,estate_tax
California,FY2021,4646,estate_tax
California,FY2022,4343,estate_tax
California,FY2023,7564,estate_tax
California,FY2024,5091,estate_tax
California,FY2025,4191,estate_tax
California,FY2000,295388,estate_trust
California,FY2001,306744,estate_trust
California,FY2002,305545,estate_trust
California,FY2003,312630,estate_trust
California,FY2004,315297,estate_trust
California,FY2005,315322,estate_trust
California,FY2006,320145,estate_trust
California,FY2007,328470,estate_trust
California,FY2008,320926,estate_trust
California,FY2009,329205,estate_trust
California,FY2010,322719,estate_trust
California,FY2011,328962,estate_trust
California,FY2012,323823,estate_trust
California,FY2013,330614,estate_trust
California,FY2014,332656,estate_trust
California,FY2015,336630,estate_trust
California,FY2016,331247,estate_trust
California,FY2017,308344,estate_trust
California,FY2018,317704,estate_trust
California,FY2019,318259,estate_trust
California,FY2020,289773,estate_trust
California,FY2021,328099,estate_trust
California,FY2022,295728,estate_trust
California,FY2023,312637,estate_trust
California,FY2024,333018,estate_trust
California,FY2025,313795,estate_trust
California,FY2000,105087,estate_trust_estimated
California,FY2001,100471,estate_trust_estimated
California,FY2002,85615,estate_trust_estimated
California,FY2003,58915,estate_trust_estimated
California,FY2004,59454,estate_trust_estimated
California,FY2005,42248.69748618365,estate_trust_estimated
California,FY2006,76642,estate_trust_estimated
California,FY2007,96594,estate_trust_estimated
California,FY2008,114467,estate_trust_estimated
California,FY2009,67335,estate_trust_estimated
California,FY2010,42518,estate_trust_estimated
California,FY2011,46044,estate_trust_estimated
California,FY2012,48403,estate_trust_estimated
California,FY2013,64047,estate_trust_estimated
California,FY2014,64013.22725132123,estate_trust_estimated
California,FY2015,89070.61446778745,estate_trust_estimated
California,FY2016,79125,estate_trust_estimated
California,FY2017,68060,estate_trust_estimated
California,FY2018,84023,estate_trust_estimated
California,FY2019,88519,estate_trust_estimated
California,FY2020,75102,estate_trust_estimated
California,FY2021,74822,estate_trust_estimated
California,FY2022,88565,estate_trust_estimated
California,FY2023,51967,estate_trust_estimated
California,FY2024,74926,estate_trust_estimated
California,FY2025,80579,estate_trust_estimated
California,FY2000,54140,excise
California,FY2001,47289,excise
California,FY2002,68591,excise
California,FY2003,64940,excise
California,FY2004,52934,excise
California,FY2005,92392,excise
California,FY2006,84732,excise
California,FY2007,81891,excise
California,FY2008,78385,excise
California,FY2009,71875,excise
California,FY2010,69097,excise
California,FY2011,36287,excise
California,FY2012,96991,excise
California,FY2013,68091,excise
California,FY2014,74047,excise
California,FY2015,77357,excise
California,FY2016,77473,excise
California,FY2017,79676,excise
California,FY2018,82381,excise
California,FY2019,85774,excise
California,FY2020,76681,excise
California,FY2021,102531,excise
California,FY2022,99787,excise
California,FY2023,101128,excise
California,FY2024,96948,excise
California,FY2025,96021,excise
California,FY2000,26536,gift_tax
California,FY2001,27373,gift_tax
California,FY2002,24661,gift_tax
California,FY2003,26907,gift_tax
California,FY2004,23393,gift_tax
California,FY2005,26581,gift_tax
California,FY2006,25018,gift_tax
California,FY2007,24494,gift_tax
California,FY2008,24785,gift_tax
California,FY2009,24254,gift_tax
California,FY2010,22668,gift_tax
California,FY2011,20574,gift_tax
California,FY2012,25107,gift_tax
California,FY2013,34763,gift_tax
California,FY2014,38211,gift_tax
California,FY2015,25276,gift_tax
California,FY2016,26733,gift_tax
California,FY2017,26676,gift_tax
California,FY2018,27340,gift_tax
California,FY2019,27690,gift_tax
California,FY2020,18217,gift_tax
California,FY2021,33963,gift_tax
California,FY2022,34808,gift_tax
California,FY2023,67375,gift_tax
California,FY2024,37766,gift_tax
California,FY2025,35898,gift_tax
California,FY2000,5080677,individual_estimated
California,FY2001,4894576,individual_estimated
California,FY2002,3547693,individual_estimated
California,FY2003,3967884,individual_estimated
California,FY2004,3938962.177419354,individual_estimated
California,FY2005,3821245,individual_estimated
California,FY2006,4038809,individual_estimated
California,FY2007,3991916,individual_estimated
California,FY2008,3939913,individual_estimated
California,FY2009,3482787,individual_estimated
California,FY2010,2992625,individual_estimated
California,FY2011,2960481,individual_estimated
California,FY2012,2872107,individual_estimated
California,FY2013,3161636,individual_estimated
California,FY2014,3052742,individual_estimated
California,FY2015,3106359,individual_estimated
California,FY2016,2975959,individual_estimated
California,FY2017,2857115,individual_estimated
California,FY2018,2850690,individual_estimated
California,FY2019,2813080,individual_estimated
California,FY2020,2451270,individual_estimated
California,FY2021,355477,individual_estimated
California,FY2022,156062,individual_estimated
California,FY2023,150744,individual_estimated
California,FY2024,221751,individual_estimated
California,FY2025,559142,individual_estimated
California,FY2000,14481645,individual_income
California,FY2001,14814375,individual_income
California,FY2002,15041642,individual_income
California,FY2003,15079819,individual_income
California,FY2004,15144971,individual_income
California,FY2005,15311402,individual_income
California,FY2006,15401847,individual_income
California,FY2007,15925182,individual_income
California,FY2008,17563412,individual_income
California,FY2009,16519265,individual_income
California,FY2010,16293608,individual_income
California,FY2011,16572467,individual_income
California,FY2012,16935887,individual_income
California,FY2013,16934571,individual_income
California,FY2014,17155206,individual_income
California,FY2015,17413557,individual_income
California,FY2016,17732788,individual_income
California,FY2017,17785476,individual_income
California,FY2018,18065740,individual_income
California,FY2019,18144386,individual_income
California,FY2020,18699034,individual_income
California,FY2021,20045890,individual_income
California,FY2022,18955414,individual_income
California,FY2023,18268393,individual_income
California,FY2024,19124265,individual_income
California,FY2025,18455867,individual_income
California,FY2000,259125,partnership
California,FY2001,268659,partnership
California,FY2002,273146,partnership
California,FY2003,282348,partnership
California,FY2004,292524,partnership
California,FY2005,300784,partnership
California,FY2006,309856,partnership
California,FY2007,341249,partnership
California,FY2008,359582,partnership
California,FY2009,390734,partnership
California,FY2010,375160,partnership
California,FY2011,404440,partnership
California,FY2012,382299,partnership
California,FY2013,388946,partnership
California,FY2014,400646,partnership
California,FY2015,418867,partnership
California,FY2016,423950,partnership
California,FY2017,429534,partnership
California,FY2018,438886,partnership
California,FY2019,397719,partnership
California,FY2020,481629,partnership
California,FY2021,483761,partnership
California,FY2022,473037,partnership
California,FY2023,455786,partnership
California,FY2024,584885,partnership
California,FY2025,501509,partnership
California,FY2004,240551,s_corporation
California,FY2005,261526,s_corporation
California,FY2006,298409,s_corporation
California,FY2007,334463,s_corporation
California,FY2008,390370,s_corporation
California,FY2009,404822,s_corporation
California,FY2010,416014,s_corporation
California,FY2011,427253,s_corporation
California,FY2012,443163,s_corporation
California,FY2013,456439,s_corporation
California,FY2014,473550,s_corporation
California,FY2015,501578,s_corporation
California,FY2016,513244,s_corporation
California,FY2017,549083,s_corporation
California,FY2018,575208,s_corporation
California,FY2019,609085,s_corporation
California,FY2020,610223,s_corporation
California,FY2021,653739,s_corporation
California,FY2022,708165,s_corporation
California,FY2023,636145,s_corporation
California,FY2024,908811,s_corporation
California,FY2025,775928,s_corporation
California,FY2000,2066719.139461556,supplemental
California,FY2001,2204196.806461097,supplemental
California,FY2002,2510742.740227218,supplemental
California,FY2003,2588601.6202450134,supplemental
California,FY2004,2649083.194745005,supplemental
California,FY2005,2686541,supplemental
California,FY2006,2347127,supplemental
California,FY2007,2606521,supplemental
California,FY2008,2771395,supplemental
California,FY2009,2956223,supplemental
California,FY2010,2752278,supplemental
California,FY2011,3095808.366627217,supplemental
California,FY2012,3103323,supplemental
California,FY2013,3101598,supplemental
California,FY2014,3038551,supplemental
California,FY2015,3188704,supplemental
California,FY2016,3185287,supplemental
California,FY2017,3400632,supplemental
California,FY2018,3570306,supplemental
California,FY2019,3706295,supplemental
California,FY2020,2944778,supplemental
California,FY2021,3690823,supplemental
California,FY2022,5496030,supplemental
California,FY2023,4571114,supplemental
California,FY2024,5504763.178373207,supplemental
California,FY2025,5289959.704413184,supplemental
California,FY2000,75316,tax_exempt
California,FY2001,76562,tax_exempt
California,FY2002,81484,tax_exempt
California,FY2003,84230,tax_exempt
California,FY2004,87102,tax_exempt
California,FY2005,86784,tax_exempt
California,FY2006,90277,tax_exempt
California,FY2007,97129,tax_exempt
California,FY2008,99414,tax_exempt
California,FY2009,119312,tax_exempt
California,FY2010,143474,tax_exempt
California,FY2011,147849,tax_exempt
California,FY2012,147210,tax_exempt
California,FY2013,159529,tax_exempt
California,FY2014,162832,tax_exempt
California,FY2015,180158,tax_exempt
California,FY2016,161941,tax_exempt
California,FY2017,165352,tax_exempt
California,FY2018,170834,tax_exempt
California,FY2019,172406,tax_exempt
California,FY2020,130839,tax_exempt
California,FY2021,178724,tax_exempt
California,FY2022,185487,tax_exempt
California,FY2023,183120,tax_exempt
California,FY2024,172600,tax_exempt
California,FY2025,168099,tax_exempt
California,FY2000,26247292.139461555,total
California,FY2001,26563154.806461096,total
California,FY2002,25698946.74022722,total
California,FY2003,26352528.3059304,total
California,FY2004,26586857.2269306,total
California,FY2005,26821562.697486185,total
California,FY2006,26955122,total
California,FY2007,27784332,total
California,FY2008,29627618,total
California,FY2009,28260324,total
California,FY2010,27252358,total
California,FY2011,27830110.366627216,total
California,FY2012,28198973,total
California,FY2013,28590971,total
California,FY2014,28720123.22725132,total
California,FY2015,29317790,total
California,FY2016,29554578,total
California,FY2017,29756137,total
California,FY2018,30340246,total
California,FY2019,30636025,total
California,FY2020,29724182,total
California,FY2021,30496245,total
California,FY2022,30949863,total
California,FY2023,29672132,total
California,FY2024,31740105.178373206,total
California,FY2025,31021337,total
Colorado,FY2004,42098,c_corporation
Colorado,FY2005,40630,c_corporation
Colorado,FY2006,40385,c_corporation
Colorado,FY2007,40657,c_corporation
Colorado,FY2008,42744,c_corporation
Colorado,FY2009,41688,c_corporation
Colorado,FY2010,39796,c_corporation
Colorado,FY2011,37968,c_corporation
Colorado,FY2012,37269,c_corporation
Colorado,FY2013,36922,c_corporation
Colorado,FY2014,35374,c_corporation
Colorado,FY2015,35514,c_corporation
Colorado,FY2016,34797,c_corporation
Colorado,FY2017,33008,c_corporation
Colorado,FY2018,33257,c_corporation
Colorado,FY2019,33775,c_corporation
Colorado,FY2020,25518,c_corporation
Colorado,FY2021,30640,c_corporation
Colorado,FY2022,41197,c_corporation
Colorado,FY2023,38674,c_corporation
Colorado,FY2024,34855,c_corporation
Colorado,FY2025,37914,c_corporation
Colorado,FY2000,112736,corporation_total
Colorado,FY2001,116997,corporation_total
Colorado,FY2002,122498,corporation_total
Colorado,FY2003,127514,corporation_total
Colorado,FY2000,18499,employee_plan
Colorado,FY2001,15374,employee_plan
Colorado,FY2000,556920,employment
Colorado,FY2001,567673,employment
Colorado,FY2002,581850,employment
Colorado,FY2003,599541.3689905459,employment
Colorado,FY2004,615291.8532604006,employment
Colorado,FY2005,627712,employment
Colorado,FY2006,638680,employment
Colorado,FY2007,631986,employment
Colorado,FY2008,636454,employment
Colorado,FY2009,633243,employment
Colorado,FY2010,624642,employment
Colorado,FY2011,616286,employment
Colorado,FY2012,618274,employment
Colorado,FY2013,627358,employment
Colorado,FY2014,630452,employment
Colorado,FY2015,639049,employment
Colorado,FY2016,652383,employment
Colorado,FY2017,662493,employment
Colorado,FY2018,675517,employment
Colorado,FY2019,695896,employment
Colorado,FY2020,625122,employment
Colorado,FY2021,741518,employment
Colorado,FY2022,701485,employment
Colorado,FY2023,785736,employment
Colorado,FY2024,726878,employment
Colorado,FY2025,742223,employment
Colorado,FY2000,1805,estate_tax
Colorado,FY2001,1825,estate_tax
Colorado,FY2002,1927,estate_tax
Colorado,FY2003,1513,estate_tax
Colorado,FY2004,1139,estate_tax
Colorado,FY2005,949,estate_tax
Colorado,FY2006,829,estate_tax
Colorado,FY2007,709,estate_tax
Colorado,FY2008,683,estate_tax
Colorado,FY2009,715,estate_tax
Colorado,FY2010,422,estate_tax
Colorado,FY2011,148,estate_tax
Colorado,FY2012,355,estate_tax
Colorado,FY2013,482,estate_tax
Colorado,FY2014,467,estate_tax
Colorado,FY2015,545,estate_tax
Colorado,FY2016,541,estate_tax
Colorado,FY2017,589,estate_tax
Colorado,FY2018,580,estate_tax
Colorado,FY2019,392,estate_tax
Colorado,FY2020,227,estate_tax
Colorado,FY2021,427,estate_tax
Colorado,FY2022,452,estate_tax
Colorado,FY2023,843,estate_tax
Colorado,FY2024,509,estate_tax
Colorado,FY2025,511,estate_tax
Colorado,FY2000,39553,estate_trust
Colorado,FY2001,56972,estate_trust
Colorado,FY2002,59668,estate_trust
Colorado,FY2003,59524,estate_trust
Colorado,FY2004,55215,estate_trust
Colorado,FY2005,52494,estate_trust
Colorado,FY2006,41166,estate_trust
Colorado,FY2007,40939,estate_trust
Colorado,FY2008,42560,estate_trust
Colorado,FY2009,44077,estate_trust
Colorado,FY2010,43253,estate_trust
Colorado,FY2011,45072,estate_trust
Colorado,FY2012,44099,estate_trust
Colorado,FY2013,45709,estate_trust
Colorado,FY2014,46664,estate_trust
Colorado,FY2015,47214,estate_trust
Colorado,FY2016,48349,estate_trust
Colorado,FY2017,45104,estate_trust
Colorado,FY2018,47566,estate_trust
Colorado,FY2019,48422,estate_trust
Colorado,FY2020,43879,estate_trust
Colorado,FY2021,52628,estate_trust
Colorado,FY2022,48643,estate_trust
Colorado,FY2023,55993,estate_trust
Colorado,FY2024,52853,estate_trust
Colorado,FY2025,54694,estate_trust
Colorado,FY2000,13648,estate_trust_estimated
Colorado,FY2001,14198,estate_trust_estimated
Colorado,FY2002,10997,estate_trust_estimated
Colorado,FY2003,8826,estate_trust_estimated
Colorado,FY2004,8004,estate_trust_estimated
Colorado,FY2005,5539.93450024718,estate_trust_estimated
Colorado,FY2006,10627,estate_trust_estimated
Colorado,FY2007,13792,estate_trust_estimated
Colorado,FY2008,16493,estate_trust_estimated
Colorado,FY2009,9679,estate_trust_estimated
Colorado,FY2010,5760,estate_trust_estimated
Colorado,FY2011,6656,estate_trust_estimated
Colorado,FY2012,6875,estate_trust_estimated
Colorado,FY2013,9397,estate_trust_estimated
Colorado,FY2014,10191.267751556696,estate_trust_estimated
Colorado,FY2015,13119.961260590931,estate_trust_estimated
Colorado,FY2016,11123,estate_trust_estimated
Colorado,FY2017,9378,estate_trust_estimated
Colorado,FY2018,12029,estate_trust_estimated
Colorado,FY2019,13487,estate_trust_estimated
Colorado,FY2020,11708,estate_trust_estimated
Colorado,FY2021,11971,estate_trust_estimated
Colorado,FY2022,14639,estate_trust_estimated
Colorado,FY2023,10344,estate_trust_estimated
Colorado,FY2024,11125,estate_trust_estimated
Colorado,FY2025,14858,estate_trust_estimated
Colorado,FY2000,13851,excise
Colorado,FY2001,11512,excise
Colorado,FY2002,13079,excise
Colorado,FY2003,11764,excise
Colorado,FY2004,9532,excise
Colorado,FY2005,14567,excise
Colorado,FY2006,13035,excise
Colorado,FY2007,12213,excise
Colorado,FY2008,12306,excise
Colorado,FY2009,11312,excise
Colorado,FY2010,11360,excise
Colorado,FY2011,7426,excise
Colorado,FY2012,15909,excise
Colorado,FY2013,12772,excise
Colorado,FY2014,13752,excise
Colorado,FY2015,14361,excise
Colorado,FY2016,13866,excise
Colorado,FY2017,13788,excise
Colorado,FY2018,14071,excise
Colorado,FY2019,14022,excise
Colorado,FY2020,10948,excise
Colorado,FY2021,16593,excise
Colorado,FY2022,14650,excise
Colorado,FY2023,16586,excise
Colorado,FY2024,16173,excise
Colorado,FY2025,15533,excise
Colorado,FY2000,5109,gift_tax
Colorado,FY2001,5839,gift_tax
Colorado,FY2002,5094,gift_tax
Colorado,FY2003,5102,gift_tax
Colorado,FY2004,4630,gift_tax
Colorado,FY2005,5120,gift_tax
Colorado,FY2006,4592,gift_tax
Colorado,FY2007,4655,gift_tax
Colorado,FY2008,4536,gift_tax
Colorado,FY2009,4765,gift_tax
Colorado,FY2010,4253,gift_tax
Colorado,FY2011,4025,gift_tax
Colorado,FY2012,4822,gift_tax
Colorado,FY2013,5787,gift_tax
Colorado,FY2014,6260,gift_tax
Colorado,FY2015,4492,gift_tax
Colorado,FY2016,4891,gift_tax
Colorado,FY2017,4957,gift_tax
Colorado,FY2018,5123,gift_tax
Colorado,FY2019,5004,gift_tax
Colorado,FY2020,3374,gift_tax
Colorado,FY2021,6118,gift_tax
Colorado,FY2022,5811,gift_tax
Colorado,FY2023,11510,gift_tax
Colorado,FY2024,6921,gift_tax
Colorado,FY2025,6697,gift_tax
Colorado,FY2000,655348,individual_estimated
Colorado,FY2001,626426,individual_estimated
Colorado,FY2002,623078,individual_estimated
Colorado,FY2003,520951,individual_estimated
Colorado,FY2004,534050.2580645161,individual_estimated
Colorado,FY2005,510335,individual_estimated
Colorado,FY2006,531826,individual_estimated
Colorado,FY2007,543015,individual_estimated
Colorado,FY2008,559214,individual_estimated
Colorado,FY2009,518363,individual_estimated
Colorado,FY2010,428845,individual_estimated
Colorado,FY2011,434454,individual_estimated
Colorado,FY2012,419330,individual_estimated
Colorado,FY2013,484499,individual_estimated
Colorado,FY2014,468559,individual_estimated
Colorado,FY2015,485986,individual_estimated
Colorado,FY2016,469450,individual_estimated
Colorado,FY2017,457602,individual_estimated
Colorado,FY2018,471780,individual_estimated
Colorado,FY2019,471858,individual_estimated
Colorado,FY2020,286845,individual_estimated
Colorado,FY2021,40270,individual_estimated
Colorado,FY2022,20096,individual_estimated
Colorado,FY2023,22159,individual_estimated
Colorado,FY2024,27127,individual_estimated
Colorado,FY2025,91411,individual_estimated
Colorado,FY2000,2026803,individual_income
Colorado,FY2001,2091256,individual_income
Colorado,FY2002,2106853,individual_income
Colorado,FY2003,2078884,individual_income
Colorado,FY2004,2075681,individual_income
Colorado,FY2005,2106319,individual_income
Colorado,FY2006,2132363,individual_income
Colorado,FY2007,2220625,individual_income
Colorado,FY2008,2453848,individual_income
Colorado,FY2009,2345659,individual_income
Colorado,FY2010,2316632,individual_income
Colorado,FY2011,2353168,individual_income
Colorado,FY2012,2397815,individual_income
Colorado,FY2013,2431857,individual_income
Colorado,FY2014,2495936,individual_income
Colorado,FY2015,2548945,individual_income
Colorado,FY2016,2612861,individual_income
Colorado,FY2017,2632228,individual_income
Colorado,FY2018,2697388,individual_income
Colorado,FY2019,2750035,individual_income
Colorado,FY2020,2827879,individual_income
Colorado,FY2021,2999659,individual_income
Colorado,FY2022,2962743,individual_income
Colorado,FY2023,3041146,individual_income
Colorado,FY2024,3096522,individual_income
Colorado,FY2025,3082362,individual_income
Colorado,FY2000,54301,partnership
Colorado,FY2001,57102,partnership
Colorado,FY2002,60339,partnership
Colorado,FY2003,63793,partnership
Colorado,FY2004,67797,partnership
Colorado,FY2005,70634,partnership
Colorado,FY2006,73073,partnership
Colorado,FY2007,82263,partnership
Colorado,FY2008,89263,partnership
Colorado,FY2009,95213,partnership
Colorado,FY2010,93452,partnership
Colorado,FY2011,93662,partnership
Colorado,FY2012,94712,partnership
Colorado,FY2013,95432,partnership
Colorado,FY2014,98071,partnership
Colorado,FY2015,98953,partnership
Colorado,FY2016,101400,partnership
Colorado,FY2017,103289,partnership
Colorado,FY2018,105547,partnership
Colorado,FY2019,99972,partnership
Colorado,FY2020,106767,partnership
Colorado,FY2021,117279,partnership
Colorado,FY2022,108763,partnership
Colorado,FY2023,125347,partnership
Colorado,FY2024,116153,partnership
Colorado,FY2025,118283,partnership
Colorado,FY2004,88629,s_corporation
Colorado,FY2005,91008,s_corporation
Colorado,FY2006,96415,s_corporation
Colorado,FY2007,101895,s_corporation
Colorado,FY2008,114493,s_corporation
Colorado,FY2009,115573,s_corporation
Colorado,FY2010,116702,s_corporation
Colorado,FY2011,117968,s_corporation
Colorado,FY2012,117873,s_corporation
Colorado,FY2013,116363,s_corporation
Colorado,FY2014,117792,s_corporation
Colorado,FY2015,120034,s_corporation
Colorado,FY2016,123265,s_corporation
Colorado,FY2017,126427,s_corporation
Colorado,FY2018,130011,s_corporation
Colorado,FY2019,133601,s_corporation
Colorado,FY2020,127803,s_corporation
Colorado,FY2021,134997,s_corporation
Colorado,FY2022,143399,s_corporation
Colorado,FY2023,147381,s_corporation
Colorado,FY2024,145460,s_corporation
Colorado,FY2025,148240,s_corporation
Colorado,FY2000,289887,supplemental
Colorado,FY2001,313727,supplemental
Colorado,FY2002,356839,supplemental
Colorado,FY2003,370723.0395022759,supplemental
Colorado,FY2004,387340.1483621995,supplemental
Colorado,FY2005,403537,supplemental
Colorado,FY2006,356457,supplemental
Colorado,FY2007,403062,supplemental
Colorado,FY2008,422014,supplemental
Colorado,FY2009,454858,supplemental
Colorado,FY2010,421500,supplemental
Colorado,FY2011,461877.0065157925,supplemental
Colorado,FY2012,467826,supplemental
Colorado,FY2013,475679,supplemental
Colorado,FY2014,459276,supplemental
Colorado,FY2015,486050,supplemental
Colorado,FY2016,486219,supplemental
Colorado,FY2017,536716,supplemental
Colorado,FY2018,565606,supplemental
Colorado,FY2019,593571,supplemental
Colorado,FY2020,432889,supplemental
Colorado,FY2021,568668,supplemental
Colorado,FY2022,807293,supplemental
Colorado,FY2023,851443,supplemental
Colorado,FY2024,779351.5181880051,supplemental
Colorado,FY2025,819114.3610601386,supplemental
Colorado,FY2000,12028,tax_exempt
Colorado,FY2001,12295,tax_exempt
Colorado,FY2002,13137,tax_exempt
Colorado,FY2003,13918,tax_exempt
Colorado,FY2004,14188,tax_exempt
Colorado,FY2005,14137,tax_exempt
Colorado,FY2006,14785,tax_exempt
Colorado,FY2007,15766,tax_exempt
Colorado,FY2008,16299,tax_exempt
Colorado,FY2009,19964,tax_exempt
Colorado,FY2010,23966,tax_exempt
Colorado,FY2011,23664,tax_exempt
Colorado,FY2012,23659,tax_exempt
Colorado,FY2013,25044,tax_exempt
Colorado,FY2014,25100,tax_exempt
Colorado,FY2015,27279,tax_exempt
Colorado,FY2016,26181,tax_exempt
Colorado,FY2017,27013,tax_exempt
Colorado,FY2018,27783,tax_exempt
Colorado,FY2019,28517,tax_exempt
Colorado,FY2020,24638,tax_exempt
Colorado,FY2021,29860,tax_exempt
Colorado,FY2022,30864,tax_exempt
Colorado,FY2023,31051,tax_exempt
Colorado,FY2024,31472,tax_exempt
Colorado,FY2025,32135,tax_exempt
Colorado,FY2000,3800488,total
Colorado,FY2001,3891196,total
Colorado,FY2002,3955359,total
Colorado,FY2003,3862053.408492822,total
Colorado,FY2004,3903595.259687116,total
Colorado,FY2005,3942981.9345002472,total
Colorado,FY2006,3954233,total
Colorado,FY2007,4111577,total
Colorado,FY2008,4410907,total
Colorado,FY2009,4295109,total
Colorado,FY2010,4130583,total
Colorado,FY2011,4202374.006515793,total
Colorado,FY2012,4248818,total
Colorado,FY2013,4367301,total
Colorado,FY2014,4407894.267751557,total
Colorado,FY2015,4521542,total
Colorado,FY2016,4585326,total
Colorado,FY2017,4652592,total
Colorado,FY2018,4786258,total
Colorado,FY2019,4888552,total
Colorado,FY2020,4527597,total
Colorado,FY2021,4750628,total
Colorado,FY2022,4900035,total
Colorado,FY2023,5138213,total
Colorado,FY2024,5045399.518188005,total
Colorado,FY2025,5163975,total
Connecticut,FY2004,32391,c_corporation
Connecticut,FY2005,30400,c_corporation
Connecticut,FY2006,29590,c_corporation
Connecticut,FY2007,29243,c_corporation
Connecticut,FY2008,28314,c_corporation
Connecticut,FY2009,28933,c_corporation
Connecticut,FY2010,26720,c_corporation
Connecticut,FY2011,25350,c_corporation
Connecticut,FY2012,25828,c_corporation
Connecticut,FY2013,25414,c_corporation
Connecticut,FY2014,24959,c_corporation
Connecticut,FY2015,24600,c_corporation
Connecticut,FY2016,23686,c_corporation
Connecticut,FY2017,21124,c_corporation
Connecticut,FY2018,21615,c_corporation
Connecticut,FY2019,21417,c_corporation
Connecticut,FY2020,18043,c_corporation
Connecticut,FY2021,21880,c_corporation
Connecticut,FY2022,19096,c_corporation
Connecticut,FY2023,23546,c_corporation
Connecticut,FY2024,20795,c_corporation
Connecticut,FY2025,21219,c_corporation
Connecticut,FY2000,64337,corporation_total
Connecticut,FY2001,63148,corporation_total
Connecticut,FY2002,60370,corporation_total
Connecticut,FY2003,59836,corporation_total
Connecticut,FY2000,23181,employee_plan
Connecticut,FY2001,17504,employee_plan
Connecticut,FY2000,385690,employment
Connecticut,FY2001,383144,employment
Connecticut,FY2002,381308,employment
Connecticut,FY2003,387274.6549783362,employment
Connecticut,FY2004,383485.1038654545,employment
Connecticut,FY2005,385147,employment
Connecticut,FY2006,388070,employment
Connecticut,FY2007,377005,employment
Connecticut,FY2008,373096,employment
Connecticut,FY2009,367071,employment
Connecticut,FY2010,359016,employment
Connecticut,FY2011,351899,employment
Connecticut,FY2012,350778,employment
Connecticut,FY2013,353532,employment
Connecticut,FY2014,351781,employment
Connecticut,FY2015,349411,employment
Connecticut,FY2016,349712,employment
Connecticut,FY2017,347637,employment
Connecticut,FY2018,345460,employment
Connecticut,FY2019,345598,employment
Connecticut,FY2020,308288,employment
Connecticut,FY2021,363000,employment
Connecticut,FY2022,324030,employment
Connecticut,FY2023,375172,employment
Connecticut,FY2024,347179,employment
Connecticut,FY2025,347350,employment
Connecticut,FY2000,2382,estate_tax
Connecticut,FY2001,2537,estate_tax
Connecticut,FY2002,2498,estate_tax
Connecticut,FY2003,1907,estate_tax
Connecticut,FY2004,1539,estate_tax
Connecticut,FY2005,1358,estate_tax
Connecticut,FY2006,1209,estate_tax
Connecticut,FY2007,1019,estate_tax
Connecticut,FY2008,837,estate_tax
Connecticut,FY2009,898,estate_tax
Connecticut,FY2010,501,estate_tax
Connecticut,FY2011,203,estate_tax
Connecticut,FY2012,625,estate_tax
Connecticut,FY2013,699,estate_tax
Connecticut,FY2014,756,estate_tax
Connecticut,FY2015,799,estate_tax
Connecticut,FY2016,833,estate_tax
Connecticut,FY2017,770,estate_tax
Connecticut,FY2018,733,estate_tax
Connecticut,FY2019,603,estate_tax
Connecticut,FY2020,309,estate_tax
Connecticut,FY2021,646,estate_tax
Connecticut,FY2022,528,estate_tax
Connecticut,FY2023,956,estate_tax
Connecticut,FY2024,570,estate_tax
Connecticut,FY2025,607,estate_tax
Connecticut,FY2000,39484,estate_trust
Connecticut,FY2001,41290,estate_trust
Connecticut,FY2002,42572,estate_trust
Connecticut,FY2003,43305,estate_trust
Connecticut,FY2004,44128,estate_trust
Connecticut,FY2005,45544,estate_trust
Connecticut,FY2006,46176,estate_trust
Connecticut,FY2007,47756,estate_trust
Connecticut,FY2008,48842,estate_trust
Connecticut,FY2009,49963,estate_trust
Connecticut,FY2010,50899,estate_trust
Connecticut,FY2011,51470,estate_trust
Connecticut,FY2012,50346,estate_trust
Connecticut,FY2013,50897,estate_trust
Connecticut,FY2014,52208,estate_trust
Connecticut,FY2015,52361,estate_trust
Connecticut,FY2016,53298,estate_trust
Connecticut,FY2017,48884,estate_trust
Connecticut,FY2018,50823,estate_trust
Connecticut,FY2019,49863,estate_trust
Connecticut,FY2020,48624,estate_trust
Connecticut,FY2021,55308,estate_trust
Connecticut,FY2022,50222,estate_trust
Connecticut,FY2023,61661,estate_trust
Connecticut,FY2024,54436,estate_trust
Connecticut,FY2025,52879,estate_trust
Connecticut,FY2000,18087,estate_trust_estimated
Connecticut,FY2001,18795,estate_trust_estimated
Connecticut,FY2002,13759,estate_trust_estimated
Connecticut,FY2003,9393,estate_trust_estimated
Connecticut,FY2004,9745,estate_trust_estimated
Connecticut,FY2005,7318.757324134002,estate_trust_estimated
Connecticut,FY2006,13727,estate_trust_estimated
Connecticut,FY2007,16808,estate_trust_estimated
Connecticut,FY2008,19866,estate_trust_estimated
Connecticut,FY2009,10912,estate_trust_estimated
Connecticut,FY2010,7114,estate_trust_estimated
Connecticut,FY2011,7965,estate_trust_estimated
Connecticut,FY2012,8843,estate_trust_estimated
Connecticut,FY2013,11800,estate_trust_estimated
Connecticut,FY2014,13175.391606927948,estate_trust_estimated
Connecticut,FY2015,16956.979440476476,estate_trust_estimated
Connecticut,FY2016,14370,estate_trust_estimated
Connecticut,FY2017,12392,estate_trust_estimated
Connecticut,FY2018,16050,estate_trust_estimated
Connecticut,FY2019,17071,estate_trust_estimated
Connecticut,FY2020,14193,estate_trust_estimated
Connecticut,FY2021,14995,estate_trust_estimated
Connecticut,FY2022,18373,estate_trust_estimated
Connecticut,FY2023,12524,estate_trust_estimated
Connecticut,FY2024,13480,estate_trust_estimated
Connecticut,FY2025,17782,estate_trust_estimated
Connecticut,FY2000,6983,excise
Connecticut,FY2001,6374,excise
Connecticut,FY2002,6913,excise
Connecticut,FY2003,6420,excise
Connecticut,FY2004,4654,excise
Connecticut,FY2005,7975,excise
Connecticut,FY2006,6441,excise
Connecticut,FY2007,6164,excise
Connecticut,FY2008,6290,excise
Connecticut,FY2009,5649,excise
Connecticut,FY2010,5706,excise
Connecticut,FY2011,3790,excise
Connecticut,FY2012,7240,excise
Connecticut,FY2013,5946,excise
Connecticut,FY2014,7242,excise
Connecticut,FY2015,7305,excise
Connecticut,FY2016,7373,excise
Connecticut,FY2017,7338,excise
Connecticut,FY2018,7468,excise
Connecticut,FY2019,7641,excise
Connecticut,FY2020,6124,excise
Connecticut,FY2021,9341,excise
Connecticut,FY2022,8014,excise
Connecticut,FY2023,9629,excise
Connecticut,FY2024,8560,excise
Connecticut,FY2025,8729,excise
Connecticut,FY2000,10280,gift_tax
Connecticut,FY2001,10219,gift_tax
Connecticut,FY2002,10096,gift_tax
Connecticut,FY2003,10912,gift_tax
Connecticut,FY2004,9599,gift_tax
Connecticut,FY2005,10552,gift_tax
Connecticut,FY2006,9157,gift_tax
Connecticut,FY2007,8576,gift_tax
Connecticut,FY2008,7895,gift_tax
Connecticut,FY2009,7424,gift_tax
Connecticut,FY2010,6542,gift_tax
Connecticut,FY2011,6254,gift_tax
Connecticut,FY2012,6970,gift_tax
Connecticut,FY2013,8086,gift_tax
Connecticut,FY2014,8059,gift_tax
Connecticut,FY2015,6169,gift_tax
Connecticut,FY2016,6471,gift_tax
Connecticut,FY2017,6185,gift_tax
Connecticut,FY2018,5890,gift_tax
Connecticut,FY2019,5717,gift_tax
Connecticut,FY2020,3335,gift_tax
Connecticut,FY2021,6225,gift_tax
Connecticut,FY2022,5343,gift_tax
Connecticut,FY2023,10823,gift_tax
Connecticut,FY2024,6496,gift_tax
Connecticut,FY2025,6220,gift_tax
Connecticut,FY2000,650673,individual_estimated
Connecticut,FY2001,595969,individual_estimated
Connecticut,FY2002,619879,individual_estimated
Connecticut,FY2003,507698,individual_estimated
Connecticut,FY2004,509033.2258064517,individual_estimated
Connecticut,FY2005,474822,individual_estimated
Connecticut,FY2006,494851,individual_estimated
Connecticut,FY2007,481880,individual_estimated
Connecticut,FY2008,500647,individual_estimated
Connecticut,FY2009,460499,individual_estimated
Connecticut,FY2010,382021,individual_estimated
Connecticut,FY2011,376751,individual_estimated
Connecticut,FY2012,364462,individual_estimated
Connecticut,FY2013,393874,individual_estimated
Connecticut,FY2014,378343,individual_estimated
Connecticut,FY2015,384520,individual_estimated
Connecticut,FY2016,366749,individual_estimated
Connecticut,FY2017,352196,individual_estimated
Connecticut,FY2018,351716,individual_estimated
Connecticut,FY2019,354918,individual_estimated
Connecticut,FY2020,308005,individual_estimated
Connecticut,FY2021,318444,individual_estimated
Connecticut,FY2022,308440,individual_estimated
Connecticut,FY2023,284820,individual_estimated
Connecticut,FY2024,289733,individual_estimated
Connecticut,FY2025,296387,individual_estimated
Connecticut,FY2000,1645727,individual_income
Connecticut,FY2001,1663931,individual_income
Connecticut,FY2002,1681716,individual_income
Connecticut,FY2003,1663480,individual_income
Connecticut,FY2004,1652224,individual_income
Connecticut,FY2005,1663080,individual_income
Connecticut,FY2006,1667612,individual_income
Connecticut,FY2007,1711034,individual_income
Connecticut,FY2008,1859368,individual_income
Connecticut,FY2009,1751325,individual_income
Connecticut,FY2010,1704169,individual_income
Connecticut,FY2011,1722768,individual_income
Connecticut,FY2012,1741293,individual_income
Connecticut,FY2013,1744496,individual_income
Connecticut,FY2014,1752898,individual_income
Connecticut,FY2015,1753774,individual_income
Connecticut,FY2016,1762244,individual_income
Connecticut,FY2017,1755409,individual_income
Connecticut,FY2018,1763529,individual_income
Connecticut,FY2019,1768832,individual_income
Connecticut,FY2020,1763472,individual_income
Connecticut,FY2021,1891174,individual_income
Connecticut,FY2022,1831017,individual_income
Connecticut,FY2023,1862672,individual_income
Connecticut,FY2024,1819772,individual_income
Connecticut,FY2025,1836098,individual_income
Connecticut,FY2000,46270,partnership
Connecticut,FY2001,48328,partnership
Connecticut,FY2002,49423,partnership
Connecticut,FY2003,52521,partnership
Connecticut,FY2004,54375,partnership
Connecticut,FY2005,55764,partnership
Connecticut,FY2006,56371,partnership
Connecticut,FY2007,60191,partnership
Connecticut,FY2008,62007,partnership
Connecticut,FY2009,66281,partnership
Connecticut,FY2010,65211,partnership
Connecticut,FY2011,63538,partnership
Connecticut,FY2012,67420,partnership
Connecticut,FY2013,66327,partnership
Connecticut,FY2014,67534,partnership
Connecticut,FY2015,68493,partnership
Connecticut,FY2016,68204,partnership
Connecticut,FY2017,68052,partnership
Connecticut,FY2018,68594,partnership
Connecticut,FY2019,63111,partnership
Connecticut,FY2020,72720,partnership
Connecticut,FY2021,71720,partnership
Connecticut,FY2022,69446,partnership
Connecticut,FY2023,76158,partnership
Connecticut,FY2024,73539,partnership
Connecticut,FY2025,74627,partnership
Connecticut,FY2004,26632,s_corporation
Connecticut,FY2005,26173,s_corporation
Connecticut,FY2006,26215,s_corporation
Connecticut,FY2007,27204,s_corporation
Connecticut,FY2008,28049,s_corporation
Connecticut,FY2009,28027,s_corporation
Connecticut,FY2010,27907,s_corporation
Connecticut,FY2011,27123,s_corporation
Connecticut,FY2012,28550,s_corporation
Connecticut,FY2013,27419,s_corporation
Connecticut,FY2014,28097,s_corporation
Connecticut,FY2015,28475,s_corporation
Connecticut,FY2016,28509,s_corporation
Connecticut,FY2017,28279,s_corporation
Connecticut,FY2018,29187,s_corporation
Connecticut,FY2019,29599,s_corporation
Connecticut,FY2020,29089,s_corporation
Connecticut,FY2021,30618,s_corporation
Connecticut,FY2022,30849,s_corporation
Connecticut,FY2023,34008,s_corporation
Connecticut,FY2024,33816,s_corporation
Connecticut,FY2025,34893,s_corporation
Connecticut,FY2000,198667,supplemental
Connecticut,FY2001,207849,supplemental
Connecticut,FY2002,229116.92549108493,supplemental
Connecticut,FY2003,230450.2083625223,supplemental
Connecticut,FY2004,225719.19877026475,supplemental
Connecticut,FY2005,227164,supplemental
Connecticut,FY2006,219145,supplemental
Connecticut,FY2007,228656,supplemental
Connecticut,FY2008,241310,supplemental
Connecticut,FY2009,250775,supplemental
Connecticut,FY2010,230470,supplemental
Connecticut,FY2011,259580.26766563184,supplemental
Connecticut,FY2012,266873,supplemental
Connecticut,FY2013,253956,supplemental
Connecticut,FY2014,244304,supplemental
Connecticut,FY2015,249793,supplemental
Connecticut,FY2016,239363,supplemental
Connecticut,FY2017,263310,supplemental
Connecticut,FY2018,272820,supplemental
Connecticut,FY2019,271527,supplemental
Connecticut,FY2020,184183,supplemental
Connecticut,FY2021,264418,supplemental
Connecticut,FY2022,380432,supplemental
Connecticut,FY2023,384226,supplemental
Connecticut,FY2024,365649.8111496886,supplemental
Connecticut,FY2025,393392.6495473847,supplemental
Connecticut,FY2000,10819,tax_exempt
Connecticut,FY2001,10696,tax_exempt
Connecticut,FY2002,11404,tax_exempt
Connecticut,FY2003,12261,tax_exempt
Connecticut,FY2004,12004,tax_exempt
Connecticut,FY2005,11889,tax_exempt
Connecticut,FY2006,12087,tax_exempt
Connecticut,FY2007,13268,tax_exempt
Connecticut,FY2008,13265,tax_exempt
Connecticut,FY2009,15524,tax_exempt
Connecticut,FY2010,18187,tax_exempt
Connecticut,FY2011,18844,tax_exempt
Connecticut,FY2012,18179,tax_exempt
Connecticut,FY2013,19115,tax_exempt
Connecticut,FY2014,18901,tax_exempt
Connecticut,FY2015,20371,tax_exempt
Connecticut,FY2016,19227,tax_exempt
Connecticut,FY2017,19568,tax_exempt
Connecticut,FY2018,19707,tax_exempt
Connecticut,FY2019,19889,tax_exempt
Connecticut,FY2020,16976,tax_exempt
Connecticut,FY2021,20391,tax_exempt
Connecticut,FY2022,20652,tax_exempt
Connecticut,FY2023,20809,tax_exempt
Connecticut,FY2024,20933,tax_exempt
Connecticut,FY2025,20765,tax_exempt
Connecticut,FY2000,3102580,total
Connecticut,FY2001,3069784,total
Connecticut,FY2002,3109054.925491085,total
Connecticut,FY2003,2985457.8633408584,total
Connecticut,FY2004,2965528.5284421705,total
Connecticut,FY2005,2947186.757324134,total
Connecticut,FY2006,2970651,total
Connecticut,FY2007,3008804,total
Connecticut,FY2008,3189786,total
Connecticut,FY2009,3043281,total
Connecticut,FY2010,2884463,total
Connecticut,FY2011,2915535.267665632,total
Connecticut,FY2012,2937407,total
Connecticut,FY2013,2961561,total
Connecticut,FY2014,2948257.391606928,total
Connecticut,FY2015,2963028,total
Connecticut,FY2016,2940039,total
Connecticut,FY2017,2931144,total
Connecticut,FY2018,2953592,total
Connecticut,FY2019,2955786,total
Connecticut,FY2020,2773361,total
Connecticut,FY2021,3068160,total
Connecticut,FY2022,3066442,total
Connecticut,FY2023,3157004,total
Connecticut,FY2024,3054958.8111496884,total
Connecticut,FY2025,3110949,total
Delaware,FY2004,10582,c_corporation
Delaware,FY2005,10321,c_corporation
Delaware,FY2006,10196,c_corporation
Delaware,FY2007,10248,c_corporation
Delaware,FY2008,10217,c_corporation
Delaware,FY2009,10025,c_corporation
Delaware,FY2010,9364,c_corporation
Delaware,FY2011,9428,c_corporation
Delaware,FY2012,9508,c_corporation
Delaware,FY2013,9572,c_corporation
Delaware,FY2014,9990,c_corporation
Delaware,FY2015,10193,c_corporation
Delaware,FY2016,10723,c_corporation
Delaware,FY2017,10657,c_corporation
Delaware,FY2018,11614,c_corporation
Delaware,FY2019,12522,c_corporation
Delaware,FY2020,12217,c_corporation
Delaware,FY2021,15939,c_corporation
Delaware,FY2022,17528,c_corporation
Delaware,FY2023,22985,c_corporation
Delaware,FY2024,24795,c_corporation
Delaware,FY2025,29536,c_corporation
Delaware,FY2000,21942,corporation_total
Delaware,FY2001,22002,corporation_total
Delaware,FY2002,22494,corporation_total
Delaware,FY2003,22710,corporation_total
Delaware,FY2000,3620,employee_plan
Delaware,FY2001,2368,employee_plan
Delaware,FY2000,92814,employment
Delaware,FY2001,94663,employment
Delaware,FY2002,95923,employment
Delaware,FY2003,98293.88784239245,employment
Delaware,FY2004,98465.71658863172,employment
Delaware,FY2005,100209,employment
Delaware,FY2006,97788,employment
Delaware,FY2007,99364,employment
Delaware,FY2008,96197,employment
Delaware,FY2009,93201,employment
Delaware,FY2010,91859,employment
Delaware,FY2011,89661,employment
Delaware,FY2012,89958,employment
Delaware,FY2013,90907,employment
Delaware,FY2014,90279,employment
Delaware,FY2015,89617,employment
Delaware,FY2016,90052,employment
Delaware,FY2017,91099,employment
Delaware,FY2018,91933,employment
Delaware,FY2019,93144,employment
Delaware,FY2020,87455,employment
Delaware,FY2021,114918,employment
Delaware,FY2022,110985,employment
Delaware,FY2023,135836,employment
Delaware,FY2024,129557,employment
Delaware,FY2025,127940,employment
Delaware,FY2000,434,estate_tax
Delaware,FY2001,440,estate_tax
Delaware,FY2002,420,estate_tax
Delaware,FY2003,288,estate_tax
Delaware,FY2004,269,estate_tax
Delaware,FY2005,231,estate_tax
Delaware,FY2006,215,estate_tax
Delaware,FY2007,159,estate_tax
Delaware,FY2008,139,estate_tax
Delaware,FY2009,178,estate_tax
Delaware,FY2010,103,estate_tax
Delaware,FY2011,86,estate_tax
Delaware,FY2012,72,estate_tax
Delaware,FY2013,71,estate_tax
Delaware,FY2014,93,estate_tax
Delaware,FY2015,101,estate_tax
Delaware,FY2016,101,estate_tax
Delaware,FY2017,66,estate_tax
Delaware,FY2018,81,estate_tax
Delaware,FY2019,63,estate_tax
Delaware,FY2020,33,estate_tax
Delaware,FY2021,80,estate_tax
Delaware,FY2022,97,estate_tax
Delaware,FY2023,164,estate_tax
Delaware,FY2024,88,estate_tax
Delaware,FY2025,103,estate_tax
Delaware,FY2000,18421,estate_trust
Delaware,FY2001,19360,estate_trust
Delaware,FY2002,19789,estate_trust
Delaware,FY2003,20029,estate_trust
Delaware,FY2004,19597,estate_trust
Delaware,FY2005,24046,estate_trust
Delaware,FY2006,24666,estate_trust
Delaware,FY2007,25440,estate_trust
Delaware,FY2008,25770,estate_trust
Delaware,FY2009,28561,estate_trust
Delaware,FY2010,24659,estate_trust
Delaware,FY2011,25821,estate_trust
Delaware,FY2012,25362,estate_trust
Delaware,FY2013,22375,estate_trust
Delaware,FY2014,24888,estate_trust
Delaware,FY2015,38755,estate_trust
Delaware,FY2016,48170,estate_trust
Delaware,FY2017,35141,estate_trust
Delaware,FY2018,37853,estate_trust
Delaware,FY2019,46032,estate_trust
Delaware,FY2020,39158,estate_trust
Delaware,FY2021,32209,estate_trust
Delaware,FY2022,49196,estate_trust
Delaware,FY2023,43468,estate_trust
Delaware,FY2024,41701,estate_trust
Delaware,FY2025,42470,estate_trust
Delaware,FY2000,4871,estate_trust_estimated
Delaware,FY2001,5123,estate_trust_estimated
Delaware,FY2002,3347,estate_trust_estimated
Delaware,FY2003,7530,estate_trust_estimated
Delaware,FY2004,8956,estate_trust_estimated
Delaware,FY2005,8957.32102180572,estate_trust_estimated
Delaware,FY2006,4068,estate_trust_estimated
Delaware,FY2007,5105,estate_trust_estimated
Delaware,FY2008,5292,estate_trust_estimated
Delaware,FY2009,2987,estate_trust_estimated
Delaware,FY2010,2104,estate_trust_estimated
Delaware,FY2011,2656,estate_trust_estimated
Delaware,FY2012,2413,estate_trust_estimated
Delaware,FY2013,4158,estate_trust_estimated
Delaware,FY2014,10202.040761864891,estate_trust_estimated
Delaware,FY2015,7200.979323894789,estate_trust_estimated
Delaware,FY2016,6032,estate_trust_estimated
Delaware,FY2017,5856,estate_trust_estimated
Delaware,FY2018,7407,estate_trust_estimated
Delaware,FY2019,8181,estate_trust_estimated
Delaware,FY2020,6426,estate_trust_estimated
Delaware,FY2021,7107,estate_trust_estimated
Delaware,FY2022,6961,estate_trust_estimated
Delaware,FY2023,4892,estate_trust_estimated
Delaware,FY2024,4915,estate_trust_estimated
Delaware,FY2025,6279,estate_trust_estimated
Delaware,FY2000,2280,excise
Delaware,FY2001,1894,excise
Delaware,FY2002,2100,excise
Delaware,FY2003,1982,excise
Delaware,FY2004,1340,excise
Delaware,FY2005,2712,excise
Delaware,FY2006,2216,excise
Delaware,FY2007,2151,excise
Delaware,FY2008,2041,excise
Delaware,FY2009,1853,excise
Delaware,FY2010,1748,excise
Delaware,FY2011,1071,excise
Delaware,FY2012,2270,excise
Delaware,FY2013,1823,excise
Delaware,FY2014,2103,excise
Delaware,FY2015,2361,excise
Delaware,FY2016,2220,excise
Delaware,FY2017,2106,excise
Delaware,FY2018,2081,excise
Delaware,FY2019,2276,excise
Delaware,FY2020,1968,excise
Delaware,FY2021,2980,excise
Delaware,FY2022,2666,excise
Delaware,FY2023,2950,excise
Delaware,FY2024,2796,excise
Delaware,FY2025,2829,excise
Delaware,FY2000,977,gift_tax
Delaware,FY2001,941,gift_tax
Delaware,FY2002,935,gift_tax
Delaware,FY2003,907,gift_tax
Delaware,FY2004,837,gift_tax
Delaware,FY2005,912,gift_tax
Delaware,FY2006,901,gift_tax
Delaware,FY2007,904,gift_tax
Delaware,FY2008,912,gift_tax
Delaware,FY2009,825,gift_tax
Delaware,FY2010,787,gift_tax
Delaware,FY2011,735,gift_tax
Delaware,FY2012,796,gift_tax
Delaware,FY2013,876,gift_tax
Delaware,FY2014,933,gift_tax
Delaware,FY2015,667,gift_tax
Delaware,FY2016,717,gift_tax
Delaware,FY2017,701,gift_tax
Delaware,FY2018,702,gift_tax
Delaware,FY2019,745,gift_tax
Delaware,FY2020,448,gift_tax
Delaware,FY2021,779,gift_tax
Delaware,FY2022,816,gift_tax
Delaware,FY2023,1539,gift_tax
Delaware,FY2024,913,gift_tax
Delaware,FY2025,954,gift_tax
Delaware,FY2000,117315,individual_estimated
Delaware,FY2001,116634,individual_estimated
Delaware,FY2002,106002,individual_estimated
Delaware,FY2003,96054,individual_estimated
Delaware,FY2004,94318.80645161292,individual_estimated
Delaware,FY2005,92447,individual_estimated
Delaware,FY2006,95310,individual_estimated
Delaware,FY2007,96038,individual_estimated
Delaware,FY2008,97256,individual_estimated
Delaware,FY2009,87974,individual_estimated
Delaware,FY2010,75023,individual_estimated
Delaware,FY2011,74824,individual_estimated
Delaware,FY2012,71705,individual_estimated
Delaware,FY2013,78099,individual_estimated
Delaware,FY2014,76046,individual_estimated
Delaware,FY2015,78936,individual_estimated
Delaware,FY2016,76677,individual_estimated
Delaware,FY2017,75184,individual_estimated
Delaware,FY2018,77091,individual_estimated
Delaware,FY2019,77012,individual_estimated
Delaware,FY2020,70559,individual_estimated
Delaware,FY2021,72155,individual_estimated
Delaware,FY2022,72170,individual_estimated
Delaware,FY2023,68035,individual_estimated
Delaware,FY2024,70828,individual_estimated
Delaware,FY2025,73541,individual_estimated
Delaware,FY2000,371374,individual_income
Delaware,FY2001,376955,individual_income
Delaware,FY2002,380753,individual_income
Delaware,FY2003,383555,individual_income
Delaware,FY2004,388157,individual_income
Delaware,FY2005,394909,individual_income
Delaware,FY2006,400453,individual_income
Delaware,FY2007,411529,individual_income
Delaware,FY2008,452717,individual_income
Delaware,FY2009,427241,individual_income
Delaware,FY2010,417463,individual_income
Delaware,FY2011,424722,individual_income
Delaware,FY2012,431325,individual_income
Delaware,FY2013,432595,individual_income
Delaware,FY2014,438240,individual_income
Delaware,FY2015,444459,individual_income
Delaware,FY2016,452036,individual_income
Delaware,FY2017,452945,individual_income
Delaware,FY2018,460394,individual_income
Delaware,FY2019,465900,individual_income
Delaware,FY2020,472888,individual_income
Delaware,FY2021,512768,individual_income
Delaware,FY2022,501426,individual_income
Delaware,FY2023,513285,individual_income
Delaware,FY2024,502694,individual_income
Delaware,FY2025,511650,individual_income
Delaware,FY2000,6845,partnership
Delaware,FY2001,7412,partnership
Delaware,FY2002,7861,partnership
Delaware,FY2003,8923,partnership
Delaware,FY2004,9545,partnership
Delaware,FY2005,10734,partnership
Delaware,FY2006,11305,partnership
Delaware,FY2007,12387,partnership
Delaware,FY2008,13297,partnership
Delaware,FY2009,14419,partnership
Delaware,FY2010,14712,partnership
Delaware,FY2011,14662,partnership
Delaware,FY2012,15423,partnership
Delaware,FY2013,15568,partnership
Delaware,FY2014,16076,partnership
Delaware,FY2015,15976,partnership
Delaware,FY2016,16534,partnership
Delaware,FY2017,17124,partnership
Delaware,FY2018,17622,partnership
Delaware,FY2019,16494,partnership
Delaware,FY2020,19406,partnership
Delaware,FY2021,21088,partnership
Delaware,FY2022,21903,partnership
Delaware,FY2023,25833,partnership
Delaware,FY2024,28077,partnership
Delaware,FY2025,32463,partnership
Delaware,FY2004,13323,s_corporation
Delaware,FY2005,13457,s_corporation
Delaware,FY2006,13767,s_corporation
Delaware,FY2007,14732,s_corporation
Delaware,FY2008,15250,s_corporation
Delaware,FY2009,15272,s_corporation
Delaware,FY2010,15002,s_corporation
Delaware,FY2011,14835,s_corporation
Delaware,FY2012,14936,s_corporation
Delaware,FY2013,14542,s_corporation
Delaware,FY2014,14677,s_corporation
Delaware,FY2015,14472,s_corporation
Delaware,FY2016,14606,s_corporation
Delaware,FY2017,14756,s_corporation
Delaware,FY2018,15056,s_corporation
Delaware,FY2019,15124,s_corporation
Delaware,FY2020,14344,s_corporation
Delaware,FY2021,15796,s_corporation
Delaware,FY2022,15415,s_corporation
Delaware,FY2023,17724,s_corporation
Delaware,FY2024,17104,s_corporation
Delaware,FY2025,17737,s_corporation
Delaware,FY2000,44145.2135441025,supplemental
Delaware,FY2001,46714.9484326498,supplemental
Delaware,FY2002,50447.06373990812,supplemental
Delaware,FY2003,51446.4293166874,supplemental
Delaware,FY2004,51100.4301672883,supplemental
Delaware,FY2005,51773,supplemental
Delaware,FY2006,56367,supplemental
Delaware,FY2007,59523,supplemental
Delaware,FY2008,63909,supplemental
Delaware,FY2009,68105,supplemental
Delaware,FY2010,62356,supplemental
Delaware,FY2011,67525.16040958556,supplemental
Delaware,FY2012,71587,supplemental
Delaware,FY2013,69595,supplemental
Delaware,FY2014,66924,supplemental
Delaware,FY2015,68541,supplemental
Delaware,FY2016,67229,supplemental
Delaware,FY2017,75056,supplemental
Delaware,FY2018,80072,supplemental
Delaware,FY2019,83677,supplemental
Delaware,FY2020,60623,supplemental
Delaware,FY2021,97363,supplemental
Delaware,FY2022,133655,supplemental
Delaware,FY2023,141696,supplemental
Delaware,FY2024,143200.7510514317,supplemental
Delaware,FY2025,154196.06271811813,supplemental
Delaware,FY2000,3626,tax_exempt
Delaware,FY2001,3577,tax_exempt
Delaware,FY2002,3680,tax_exempt
Delaware,FY2003,3795,tax_exempt
Delaware,FY2004,3844,tax_exempt
Delaware,FY2005,4153,tax_exempt
Delaware,FY2006,4400,tax_exempt
Delaware,FY2007,4717,tax_exempt
Delaware,FY2008,4870,tax_exempt
Delaware,FY2009,5712,tax_exempt
Delaware,FY2010,6425,tax_exempt
Delaware,FY2011,6610,tax_exempt
Delaware,FY2012,6431,tax_exempt
Delaware,FY2013,6906,tax_exempt
Delaware,FY2014,6757,tax_exempt
Delaware,FY2015,7459,tax_exempt
Delaware,FY2016,7043,tax_exempt
Delaware,FY2017,7345,tax_exempt
Delaware,FY2018,7580,tax_exempt
Delaware,FY2019,7638,tax_exempt
Delaware,FY2020,5843,tax_exempt
Delaware,FY2021,8060,tax_exempt
Delaware,FY2022,8596,tax_exempt
Delaware,FY2023,10252,tax_exempt
Delaware,FY2024,9342,tax_exempt
Delaware,FY2025,10778,tax_exempt
Delaware,FY2000,688664.2135441025,total
Delaware,FY2001,698083.9484326498,total
Delaware,FY2002,693751.0637399082,total
Delaware,FY2003,695513.3171590798,total
Delaware,FY2004,700334.9532075329,total
Delaware,FY2005,714861.3210218058,total
Delaware,FY2006,721652,total
Delaware,FY2007,742297,total
Delaware,FY2008,787867,total
Delaware,FY2009,756353,total
Delaware,FY2010,721605,total
Delaware,FY2011,732636.1604095856,total
Delaware,FY2012,741786,total
Delaware,FY2013,747087,total
Delaware,FY2014,757208.0407618649,total
Delaware,FY2015,778738,total
Delaware,FY2016,792140,total
Delaware,FY2017,788036,total
Delaware,FY2018,809486,total
Delaware,FY2019,828808,total
Delaware,FY2020,791368,total
Delaware,FY2021,901242,total
Delaware,FY2022,941414,total
Delaware,FY2023,988659,total
Delaware,FY2024,976010.7510514318,total
Delaware,FY2025,1010476,total
District of Columbia,FY2004,10582,c_corporation
District of Columbia,FY2005,10651,c_corporation
District of Columbia,FY2006,10823,c_corporation
District of Columbia,FY2007,10997,c_corporation
District of Columbia,FY2008,11176,c_corporation
District of Columbia,FY2009,11305,c_corporation
District of Columbia,FY2010,11263,c_corporation
District of Columbia,FY2011,11408,c_corporation
District of Columbia,FY2012,11257,c_corporation
District of Columbia,FY2013,11607,c_corporation
District of Columbia,FY2014,11829,c_corporation
District of Columbia,FY2015,12071,c_corporation
District of Columbia,FY2016,12142,c_corporation
District of Columbia,FY2017,11795,c_corporation
District of Columbia,FY2018,12251,c_corporation
District of Columbia,FY2019,12637,c_corporation
District of Columbia,FY2020,6887,c_corporation
District of Columbia,FY2021,11974,c_corporation
District of Columbia,FY2022,13390,c_corporation
District of Columbia,FY2023,21177,c_corporation
District of Columbia,FY2024,13952,c_corporation
District of Columbia,FY2025,14213,c_corporation
District of Columbia,FY2004,68428.2611073177,employment
District of Columbia,FY2005,69435,employment
District of Columbia,FY2006,70866,employment
District of Columbia,FY2007,69378,employment
District of Columbia,FY2008,68711,employment
District of Columbia,FY2009,67948,employment
District of Columbia,FY2010,68278,employment
District of Columbia,FY2011,69068,employment
District of Columbia,FY2012,69678,employment
District of Columbia,FY2013,71364,employment
District of Columbia,FY2014,72024,employment
District of Columbia,FY2015,71368,employment
District of Columbia,FY2016,72414,employment
District of Columbia,FY2017,73652,employment
District of Columbia,FY2018,74114,employment
District of Columbia,FY2019,75321,employment
District of Columbia,FY2020,70334,employment
District of Columbia,FY2021,78730,employment
District of Columbia,FY2022,74515,employment
District of Columbia,FY2023,81965,employment
District of Columbia,FY2024,77594,employment
District of Columbia,FY2025,77953,employment
District of Columbia,FY2004,262,estate_tax
District of Columbia,FY2005,220,estate_tax
District of Columbia,FY2006,208,estate_tax
District of Columbia,FY2007,193,estate_tax
District of Columbia,FY2008,149,estate_tax
District of Columbia,FY2009,164,estate_tax
District of Columbia,FY2010,134,estate_tax
District of Columbia,FY2011,47,estate_tax
District of Columbia,FY2012,102,estate_tax
District of Columbia,FY2013,129,estate_tax
District of Columbia,FY2014,133,estate_tax
District of Columbia,FY2015,154,estate_tax
District of Columbia,FY2016,122,estate_tax
District of Columbia,FY2017,132,estate_tax
District of Columbia,FY2018,128,estate_tax
District of Columbia,FY2019,76,estate_tax
District of Columbia,FY2020,49,estate_tax
District of Columbia,FY2021,96,estate_tax
District of Columbia,FY2022,58,estate_tax
District of Columbia,FY2023,160,estate_tax
District of Columbia,FY2024,101,estate_tax
District of Columbia,FY2025,78,estate_tax
District of Columbia,FY2004,460710,estate_trust
District of Columbia,FY2005,463657,estate_trust
District of Columbia,FY2006,464665,estate_trust
District of Columbia,FY2007,465730,estate_trust
District of Columbia,FY2008,10662,estate_trust
District of Columbia,FY2009,7167,estate_trust
District of Columbia,FY2010,7203,estate_trust
District of Columbia,FY2011,7094,estate_trust
District of Columbia,FY2012,6698,estate_trust
District of Columbia,FY2013,7148,estate_trust
District of Columbia,FY2014,6844,estate_trust
District of Columbia,FY2015,6901,estate_trust
District of Columbia,FY2016,6987,estate_trust
District of Columbia,FY2017,6237,estate_trust
District of Columbia,FY2018,6650,estate_trust
District of Columbia,FY2019,6647,estate_trust
District of Columbia,FY2020,6049,estate_trust
District of Columbia,FY2021,7245,estate_trust
District of Columbia,FY2022,6209,estate_trust
District of Columbia,FY2023,7498,estate_trust
District of Columbia,FY2024,6724,estate_trust
District of Columbia,FY2025,6918,estate_trust
District of Columbia,FY2004,2549,estate_trust_estimated
District of Columbia,FY2005,1804.707555334244,estate_trust_estimated
District of Columbia,FY2006,2775,estate_trust_estimated
District of Columbia,FY2007,3299,estate_trust_estimated
District of Columbia,FY2008,3760,estate_trust_estimated
District of Columbia,FY2009,2011,estate_trust_estimated
District of Columbia,FY2010,1257,estate_trust_estimated
District of Columbia,FY2011,1323,estate_trust_estimated
District of Columbia,FY2012,1545,estate_trust_estimated
District of Columbia,FY2013,2295,estate_trust_estimated
District of Columbia,FY2014,2154.6020616398932,estate_trust_estimated
District of Columbia,FY2015,2843.4702048065947,estate_trust_estimated
District of Columbia,FY2016,2620,estate_trust_estimated
District of Columbia,FY2017,2302,estate_trust_estimated
District of Columbia,FY2018,3002,estate_trust_estimated
District of Columbia,FY2019,3218,estate_trust_estimated
District of Columbia,FY2020,2652,estate_trust_estimated
District of Columbia,FY2021,2544,estate_trust_estimated
District of Columbia,FY2022,3120,estate_trust_estimated
District of Columbia,FY2023,2196,estate_trust_estimated
District of Columbia,FY2024,2229,estate_trust_estimated
District of Columbia,FY2025,2873,estate_trust_estimated
District of Columbia,FY2004,188,excise
District of Columbia,FY2005,228,excise
District of Columbia,FY2006,227,excise
District of Columbia,FY2007,218,excise
District of Columbia,FY2008,320,excise
District of Columbia,FY2009,273,excise
District of Columbia,FY2010,375,excise
District of Columbia,FY2011,271,excise
District of Columbia,FY2012,344,excise
District of Columbia,FY2013,472,excise
District of Columbia,FY2014,503,excise
District of Columbia,FY2015,489,excise
District of Columbia,FY2016,506,excise
District of Columbia,FY2017,1321,excise
District of Columbia,FY2018,548,excise
District of Columbia,FY2019,571,excise
District of Columbia,FY2020,388,excise
District of Columbia,FY2021,603,excise
District of Columbia,FY2022,488,excise
District of Columbia,FY2023,787,excise
District of Columbia,FY2024,650,excise
District of Columbia,FY2025,769,excise
District of Columbia,FY2004,700,gift_tax
District of Columbia,FY2005,844,gift_tax
District of Columbia,FY2006,752,gift_tax
District of Columbia,FY2007,729,gift_tax
District of Columbia,FY2008,759,gift_tax
District of Columbia,FY2009,722,gift_tax
District of Columbia,FY2010,642,gift_tax
District of Columbia,FY2011,658,gift_tax
District of Columbia,FY2012,743,gift_tax
District of Columbia,FY2013,1031,gift_tax
District of Columbia,FY2014,1246,gift_tax
District of Columbia,FY2015,790,gift_tax
District of Columbia,FY2016,861,gift_tax
District of Columbia,FY2017,884,gift_tax
District of Columbia,FY2018,840,gift_tax
District of Columbia,FY2019,970,gift_tax
District of Columbia,FY2020,633,gift_tax
District of Columbia,FY2021,1039,gift_tax
District of Columbia,FY2022,1092,gift_tax
District of Columbia,FY2023,1813,gift_tax
District of Columbia,FY2024,1104,gift_tax
District of Columbia,FY2025,985,gift_tax
District of Columbia,FY2004,65784.40322580645,individual_estimated
District of Columbia,FY2005,62576,individual_estimated
District of Columbia,FY2006,64820,individual_estimated
District of Columbia,FY2007,65210,individual_estimated
District of Columbia,FY2008,69636,individual_estimated
District of Columbia,FY2009,49886,individual_estimated
District of Columbia,FY2010,58284,individual_estimated
District of Columbia,FY2011,60084,individual_estimated
District of Columbia,FY2012,57911,individual_estimated
District of Columbia,FY2013,67870,individual_estimated
District of Columbia,FY2014,65395,individual_estimated
District of Columbia,FY2015,67649,individual_estimated
District of Columbia,FY2016,64223,individual_estimated
District of Columbia,FY2017,61627,individual_estimated
District of Columbia,FY2018,62046,individual_estimated
District of Columbia,FY2019,61510,individual_estimated
District of Columbia,FY2020,51285,individual_estimated
District of Columbia,FY2021,51887,individual_estimated
District of Columbia,FY2022,45591,individual_estimated
District of Columbia,FY2023,39546,individual_estimated
District of Columbia,FY2024,37396,individual_estimated
District of Columbia,FY2025,35976,individual_estimated
District of Columbia,FY2004,275884,individual_income
District of Columbia,FY2005,276974,individual_income
District of Columbia,FY2006,279878,individual_income
District of Columbia,FY2007,287218,individual_income
District of Columbia,FY2008,313634,individual_income
District of Columbia,FY2009,304889,individual_income
District of Columbia,FY2010,305281,individual_income
District of Columbia,FY2011,320305,individual_income
District of Columbia,FY2012,326925,individual_income
District of Columbia,FY2013,330380,individual_income
District of Columbia,FY2014,332396,individual_income
District of Columbia,FY2015,337730,individual_income
District of Columbia,FY2016,343931,individual_income
District of Columbia,FY2017,346113,individual_income
District of Columbia,FY2018,349635,individual_income
District of Columbia,FY2019,351574,individual_income
District of Columbia,FY2020,358284,individual_income
District of Columbia,FY2021,364992,individual_income
District of Columbia,FY2022,354006,individual_income
District of Columbia,FY2023,360339,individual_income
District of Columbia,FY2024,351128,individual_income
District of Columbia,FY2025,352174,individual_income
District of Columbia,FY2004,6712,partnership
District of Columbia,FY2005,6882,partnership
District of Columbia,FY2006,7383,partnership
District of Columbia,FY2007,7955,partnership
District of Columbia,FY2008,8592,partnership
District of Columbia,FY2009,9610,partnership
District of Columbia,FY2010,9364,partnership
District of Columbia,FY2011,9473,partnership
District of Columbia,FY2012,9936,partnership
District of Columbia,FY2013,10488,partnership
District of Columbia,FY2014,10877,partnership
District of Columbia,FY2015,11352,partnership
District of Columbia,FY2016,11884,partnership
District of Columbia,FY2017,12096,partnership
District of Columbia,FY2018,12391,partnership
District of Columbia,FY2019,11380,partnership
District of Columbia,FY2020,14076,partnership
District of Columbia,FY2021,14060,partnership
District of Columbia,FY2022,13418,partnership
District of Columbia,FY2023,14945,partnership
District of Columbia,FY2024,14393,partnership
District of Columbia,FY2025,14525,partnership
District of Columbia,FY2004,4565,s_corporation
District of Columbia,FY2005,4472,s_corporation
District of Columbia,FY2006,4696,s_corporation
District of Columbia,FY2007,4882,s_corporation
District of Columbia,FY2008,5104,s_corporation
District of Columbia,FY2009,5384,s_corporation
District of Columbia,FY2010,5347,s_corporation
District of Columbia,FY2011,5523,s_corporation
District of Columbia,FY2012,5531,s_corporation
District of Columbia,FY2013,5681,s_corporation
District of Columbia,FY2014,5873,s_corporation
District of Columbia,FY2015,6050,s_corporation
District of Columbia,FY2016,6063,s_corporation
District of Columbia,FY2017,6340,s_corporation
District of Columbia,FY2018,6540,s_corporation
District of Columbia,FY2019,6791,s_corporation
District of Columbia,FY2020,6757,s_corporation
District of Columbia,FY2021,7055,s_corporation
District of Columbia,FY2022,7113,s_corporation
District of Columbia,FY2023,7935,s_corporation
District of Columbia,FY2024,7847,s_corporation
District of Columbia,FY2025,7931,s_corporation
District of Columbia,FY2004,43551.72975368367,supplemental
District of Columbia,FY2005,40637,supplemental
District of Columbia,FY2006,42565,supplemental
District of Columbia,FY2007,47571,supplemental
District of Columbia,FY2008,55185,supplemental
District of Columbia,FY2009,59363,supplemental
District of Columbia,FY2010,57999,supplemental
District of Columbia,FY2011,63611.6935206289,supplemental
District of Columbia,FY2012,66093,supplemental
District of Columbia,FY2013,66319,supplemental
District of Columbia,FY2014,64873,supplemental
District of Columbia,FY2015,66274,supplemental
District of Columbia,FY2016,65913,supplemental
District of Columbia,FY2017,69148,supplemental
District of Columbia,FY2018,71724,supplemental
District of Columbia,FY2019,75642,supplemental
District of Columbia,FY2020,52929,supplemental
District of Columbia,FY2021,76269,supplemental
District of Columbia,FY2022,105432,supplemental
District of Columbia,FY2023,107164,supplemental
District of Columbia,FY2024,104900.1503973748,supplemental
District of Columbia,FY2025,103793.64390735084,supplemental
District of Columbia,FY2004,7766,tax_exempt
District of Columbia,FY2005,7456,tax_exempt
District of Columbia,FY2006,7496,tax_exempt
District of Columbia,FY2007,8193,tax_exempt
District of Columbia,FY2008,8583,tax_exempt
District of Columbia,FY2009,10086,tax_exempt
District of Columbia,FY2010,11250,tax_exempt
District of Columbia,FY2011,11248,tax_exempt
District of Columbia,FY2012,10797,tax_exempt
District of Columbia,FY2013,12112,tax_exempt
District of Columbia,FY2014,11517,tax_exempt
District of Columbia,FY2015,12261,tax_exempt
District of Columbia,FY2016,11904,tax_exempt
District of Columbia,FY2017,12137,tax_exempt
District of Columbia,FY2018,12421,tax_exempt
District of Columbia,FY2019,13063,tax_exempt
District of Columbia,FY2020,12081,tax_exempt
District of Columbia,FY2021,13428,tax_exempt
District of Columbia,FY2022,13426,tax_exempt
District of Columbia,FY2023,13233,tax_exempt
District of Columbia,FY2024,13837,tax_exempt
District of Columbia,FY2025,14246,tax_exempt
District of Columbia,FY2004,947682.3940868078,total
District of Columbia,FY2005,945836.7075553342,total
District of Columbia,FY2006,957154,total
District of Columbia,FY2007,971573,total
District of Columbia,FY2008,556271,total
District of Columbia,FY2009,528808,total
District of Columbia,FY2010,536677,total
District of Columbia,FY2011,560113.6935206288,total
District of Columbia,FY2012,567560,total
District of Columbia,FY2013,586896,total
District of Columbia,FY2014,585664.6020616399,total
District of Columbia,FY2015,595932,total
District of Columbia,FY2016,599570,total
District of Columbia,FY2017,603784,total
District of Columbia,FY2018,612290,total
District of Columbia,FY2019,619400,total
District of Columbia,FY2020,582404,total
District of Columbia,FY2021,629922,total
District of Columbia,FY2022,637858,total
District of Columbia,FY2023,658758,total
District of Columbia,FY2024,631855.1503973748,total
District of Columbia,FY2025,632435,total
Florida,FY2004,189336,c_corporation
Florida,FY2005,194276,c_corporation
Florida,FY2006,202079,c_corporation
Florida,FY2007,215418,c_corporation
Florida,FY2008,217713,c_corporation
Florida,FY2009,205794,c_corporation
Florida,FY2010,194390,c_corporation
Florida,FY2011,192732,c_corporation
Florida,FY2012,189888,c_corporation
Florida,FY2013,194923,c_corporation
Florida,FY2014,198633,c_corporation
Florida,FY2015,203399,c_corporation
Florida,FY2016,208618,c_corporation
Florida,FY2017,193260,c_corporation
Florida,FY2018,218090,c_corporation
Florida,FY2019,217263,c_corporation
Florida,FY2020,183494,c_corporation
Florida,FY2021,218678,c_corporation
Florida,FY2022,271787,c_corporation
Florida,FY2023,278038,c_corporation
Florida,FY2024,255608,c_corporation
Florida,FY2025,275790,c_corporation
Florida,FY2000,520015,corporation_total
Florida,FY2001,546936,corporation_total
Florida,FY2002,560085,corporation_total
Florida,FY2003,596668,corporation_total
Florida,FY2000,50205,employee_plan
Florida,FY2001,36655,employee_plan
Florida,FY2000,1765944,employment
Florida,FY2001,1774606,employment
Florida,FY2002,1806823,employment
Florida,FY2003,1889337.498769498,employment
Florida,FY2004,1990106.8975365977,employment
Florida,FY2005,2080028,employment
Florida,FY2006,2155737,employment
Florida,FY2007,2146769,employment
Florida,FY2008,2137637,employment
Florida,FY2009,2062464,employment
Florida,FY2010,2030513,employment
Florida,FY2011,2022746,employment
Florida,FY2012,2035166,employment
Florida,FY2013,2097764,employment
Florida,FY2014,2127753,employment
Florida,FY2015,2143587,employment
Florida,FY2016,2189406,employment
Florida,FY2017,2230733,employment
Florida,FY2018,2269535,employment
Florida,FY2019,2345048,employment
Florida,FY2020,2123661,employment
Florida,FY2021,2602410,employment
Florida,FY2022,2503768,employment
Florida,FY2023,2838857,employment
Florida,FY2024,2724071,employment
Florida,FY2025,2768915,employment
Florida,FY2000,8092,estate_tax
Florida,FY2001,8591,estate_tax
Florida,FY2002,7936,estate_tax
Florida,FY2003,5910,estate_tax
Florida,FY2004,4736,estate_tax
Florida,FY2005,4221,estate_tax
Florida,FY2006,3974,estate_tax
Florida,FY2007,3520,estate_tax
Florida,FY2008,3341,estate_tax
Florida,FY2009,3295,estate_tax
Florida,FY2010,1951,estate_tax
Florida,FY2011,724,estate_tax
Florida,FY2012,1723,estate_tax
Florida,FY2013,2102,estate_tax
Florida,FY2014,2298,estate_tax
Florida,FY2015,2422,estate_tax
Florida,FY2016,2349,estate_tax
Florida,FY2017,2442,estate_tax
Florida,FY2018,2499,estate_tax
Florida,FY2019,1723,estate_tax
Florida,FY2020,1165,estate_tax
Florida,FY2021,2117,estate_tax
Florida,FY2022,2022,estate_tax
Florida,FY2023,3854,estate_tax
Florida,FY2024,2553,estate_tax
Florida,FY2025,2261,estate_tax
Florida,FY2000,163057,estate_trust
Florida,FY2001,164631,estate_trust
Florida,FY2002,171151,estate_trust
Florida,FY2003,175552,estate_trust
Florida,FY2004,183074,estate_trust
Florida,FY2005,166837,estate_trust
Florida,FY2006,170187,estate_trust
Florida,FY2007,174595,estate_trust
Florida,FY2008,167508,estate_trust
Florida,FY2009,180792,estate_trust
Florida,FY2010,177138,estate_trust
Florida,FY2011,175966,estate_trust
Florida,FY2012,174298,estate_trust
Florida,FY2013,176911,estate_trust
Florida,FY2014,185843,estate_trust
Florida,FY2015,188195,estate_trust
Florida,FY2016,191478,estate_trust
Florida,FY2017,174094,estate_trust
Florida,FY2018,189751,estate_trust
Florida,FY2019,191413,estate_trust
Florida,FY2020,177107,estate_trust
Florida,FY2021,208828,estate_trust
Florida,FY2022,183373,estate_trust
Florida,FY2023,224616,estate_trust
Florida,FY2024,209170,estate_trust
Florida,FY2025,215301,estate_trust
Florida,FY2000,48620,estate_trust_estimated
Florida,FY2001,48909,estate_trust_estimated
Florida,FY2002,35763,estate_trust_estimated
Florida,FY2003,29560,estate_trust_estimated
Florida,FY2004,32099,estate_trust_estimated
Florida,FY2005,25375.46440545688,estate_trust_estimated
Florida,FY2006,36025,estate_trust_estimated
Florida,FY2007,46213,estate_trust_estimated
Florida,FY2008,57378,estate_trust_estimated
Florida,FY2009,31530,estate_trust_estimated
Florida,FY2010,19004,estate_trust_estimated
Florida,FY2011,22054,estate_trust_estimated
Florida,FY2012,23786,estate_trust_estimated
Florida,FY2013,32732,estate_trust_estimated
Florida,FY2014,38341.1436868819,estate_trust_estimated
Florida,FY2015,48973.58218837543,estate_trust_estimated
Florida,FY2016,42685,estate_trust_estimated
Florida,FY2017,35876,estate_trust_estimated
Florida,FY2018,47375,estate_trust_estimated
Florida,FY2019,52884,estate_trust_estimated
Florida,FY2020,45359,estate_trust_estimated
Florida,FY2021,47663,estate_trust_estimated
Florida,FY2022,59668,estate_trust_estimated
Florida,FY2023,43166,estate_trust_estimated
Florida,FY2024,45089,estate_trust_estimated
Florida,FY2025,59870,estate_trust_estimated
Florida,FY2000,38911,excise
Florida,FY2001,33109,excise
Florida,FY2002,37555,excise
Florida,FY2003,35440,excise
Florida,FY2004,30007,excise
Florida,FY2005,48068,excise
Florida,FY2006,47148,excise
Florida,FY2007,45408,excise
Florida,FY2008,41023,excise
Florida,FY2009,40400,excise
Florida,FY2010,40722,excise
Florida,FY2011,26919,excise
Florida,FY2012,52501,excise
Florida,FY2013,41024,excise
Florida,FY2014,44554,excise
Florida,FY2015,48714,excise
Florida,FY2016,50328,excise
Florida,FY2017,52203,excise
Florida,FY2018,54730,excise
Florida,FY2019,56669,excise
Florida,FY2020,54644,excise
Florida,FY2021,71832,excise
Florida,FY2022,72028,excise
Florida,FY2023,72455,excise
Florida,FY2024,69385,excise
Florida,FY2025,70726,excise
Florida,FY2000,24316,gift_tax
Florida,FY2001,23706,gift_tax
Florida,FY2002,21344,gift_tax
Florida,FY2003,21802,gift_tax
Florida,FY2004,18730,gift_tax
Florida,FY2005,20865,gift_tax
Florida,FY2006,19813,gift_tax
Florida,FY2007,20679,gift_tax
Florida,FY2008,21582,gift_tax
Florida,FY2009,21025,gift_tax
Florida,FY2010,19835,gift_tax
Florida,FY2011,17530,gift_tax
Florida,FY2012,22214,gift_tax
Florida,FY2013,28872,gift_tax
Florida,FY2014,30461,gift_tax
Florida,FY2015,21388,gift_tax
Florida,FY2016,22846,gift_tax
Florida,FY2017,22578,gift_tax
Florida,FY2018,22229,gift_tax
Florida,FY2019,22306,gift_tax
Florida,FY2020,15574,gift_tax
Florida,FY2021,27509,gift_tax
Florida,FY2022,29037,gift_tax
Florida,FY2023,50004,gift_tax
Florida,FY2024,31906,gift_tax
Florida,FY2025,31073,gift_tax
Florida,FY2000,2728498,individual_estimated
Florida,FY2001,2613771,individual_estimated
Florida,FY2002,2456526,individual_estimated
Florida,FY2003,2110065,individual_estimated
Florida,FY2004,2016050.8870967743,individual_estimated
Florida,FY2005,1998742,individual_estimated
Florida,FY2006,2040064,individual_estimated
Florida,FY2007,1993025,individual_estimated
Florida,FY2008,1987198,individual_estimated
Florida,FY2009,1768150,individual_estimated
Florida,FY2010,1473458,individual_estimated
Florida,FY2011,1464702,individual_estimated
Florida,FY2012,1377056,individual_estimated
Florida,FY2013,1579889,individual_estimated
Florida,FY2014,1486928,individual_estimated
Florida,FY2015,1530971,individual_estimated
Florida,FY2016,1481536,individual_estimated
Florida,FY2017,1408994,individual_estimated
Florida,FY2018,1454186,individual_estimated
Florida,FY2019,1431142,individual_estimated
Florida,FY2020,1282022,individual_estimated
Florida,FY2021,1269658,individual_estimated
Florida,FY2022,1259368,individual_estimated
Florida,FY2023,1165757,individual_estimated
Florida,FY2024,1193738,individual_estimated
Florida,FY2025,1180254,individual_estimated
Florida,FY2000,7265999,individual_income
Florida,FY2001,7477935,individual_income
Florida,FY2002,7632543,individual_income
Florida,FY2003,7721089,individual_income
Florida,FY2004,7895518,individual_income
Florida,FY2005,8115915,individual_income
Florida,FY2006,8282359,individual_income
Florida,FY2007,8647477,individual_income
Florida,FY2008,9664265,individual_income
Florida,FY2009,8916953,individual_income
Florida,FY2010,8810585,individual_income
Florida,FY2011,9508519,individual_income
Florida,FY2012,9736734,individual_income
Florida,FY2013,9204036,individual_income
Florida,FY2014,9350393,individual_income
Florida,FY2015,9410425,individual_income
Florida,FY2016,9609762,individual_income
Florida,FY2017,9718680,individual_income
Florida,FY2018,9994795,individual_income
Florida,FY2019,10144706,individual_income
Florida,FY2020,10512915,individual_income
Florida,FY2021,11458934,individual_income
Florida,FY2022,10799911,individual_income
Florida,FY2023,11294000,individual_income
Florida,FY2024,11243202,individual_income
Florida,FY2025,11635282,individual_income
Florida,FY2000,68817,partnership
Florida,FY2001,72843,partnership
Florida,FY2002,79855,partnership
Florida,FY2003,89003,partnership
Florida,FY2004,101372,partnership
Florida,FY2005,116028,partnership
Florida,FY2006,132585,partnership
Florida,FY2007,164176,partnership
Florida,FY2008,179571,partnership
Florida,FY2009,198122,partnership
Florida,FY2010,196989,partnership
Florida,FY2011,205471,partnership
Florida,FY2012,213806,partnership
Florida,FY2013,224207,partnership
Florida,FY2014,239970,partnership
Florida,FY2015,251633,partnership
Florida,FY2016,272271,partnership
Florida,FY2017,255707,partnership
Florida,FY2018,329320,partnership
Florida,FY2019,289321,partnership
Florida,FY2020,330262,partnership
Florida,FY2021,370088,partnership
Florida,FY2022,373249,partnership
Florida,FY2023,439500,partnership
Florida,FY2024,448998,partnership
Florida,FY2025,495877,partnership
Florida,FY2004,436930,s_corporation
Florida,FY2005,469067,s_corporation
Florida,FY2006,507961,s_corporation
Florida,FY2007,556001,s_corporation
Florida,FY2008,609629,s_corporation
Florida,FY2009,602906,s_corporation
Florida,FY2010,601140,s_corporation
Florida,FY2011,601660,s_corporation
Florida,FY2012,598789,s_corporation
Florida,FY2013,595498,s_corporation
Florida,FY2014,608236,s_corporation
Florida,FY2015,616750,s_corporation
Florida,FY2016,640658,s_corporation
Florida,FY2017,576190,s_corporation
Florida,FY2018,724462,s_corporation
Florida,FY2019,681295,s_corporation
Florida,FY2020,654077,s_corporation
Florida,FY2021,707315,s_corporation
Florida,FY2022,777199,s_corporation
Florida,FY2023,786302,s_corporation
Florida,FY2024,812742,s_corporation
Florida,FY2025,884606,s_corporation
Florida,FY2000,1188419.0370876866,supplemental
Florida,FY2001,1366529.6872915267,supplemental
Florida,FY2002,1441004.7785973316,supplemental
Florida,FY2003,1472472.5263698054,supplemental
Florida,FY2004,1558077.7791923631,supplemental
Florida,FY2005,1658824,supplemental
Florida,FY2006,1497213,supplemental
Florida,FY2007,1713090,supplemental
Florida,FY2008,1718467,supplemental
Florida,FY2009,1881716,supplemental
Florida,FY2010,1747062,supplemental
Florida,FY2011,1934253.933706713,supplemental
Florida,FY2012,1987453,supplemental
Florida,FY2013,1994598,supplemental
Florida,FY2014,1961220,supplemental
Florida,FY2015,2057554,supplemental
Florida,FY2016,2118326,supplemental
Florida,FY2017,2294113,supplemental
Florida,FY2018,2441428,supplemental
Florida,FY2019,2599319,supplemental
Florida,FY2020,2008283,supplemental
Florida,FY2021,2638681,supplemental
Florida,FY2022,3609824,supplemental
Florida,FY2023,3844607,supplemental
Florida,FY2024,3822319.984749794,supplemental
Florida,FY2025,3927140.766637664,supplemental
Florida,FY2000,29130,tax_exempt
Florida,FY2001,30140,tax_exempt
Florida,FY2002,31764,tax_exempt
Florida,FY2003,33311,tax_exempt
Florida,FY2004,35149,tax_exempt
Florida,FY2005,35051,tax_exempt
Florida,FY2006,36171,tax_exempt
Florida,FY2007,39452,tax_exempt
Florida,FY2008,39462,tax_exempt
Florida,FY2009,48496,tax_exempt
Florida,FY2010,57946,tax_exempt
Florida,FY2011,61091,tax_exempt
Florida,FY2012,60042,tax_exempt
Florida,FY2013,63856,tax_exempt
Florida,FY2014,133634,tax_exempt
Florida,FY2015,139859,tax_exempt
Florida,FY2016,128349,tax_exempt
Florida,FY2017,127507,tax_exempt
Florida,FY2018,132339,tax_exempt
Florida,FY2019,89692,tax_exempt
Florida,FY2020,76750,tax_exempt
Florida,FY2021,99903,tax_exempt
Florida,FY2022,97979,tax_exempt
Florida,FY2023,99296,tax_exempt
Florida,FY2024,100580,tax_exempt
Florida,FY2025,98496,tax_exempt
Florida,FY2000,13900023.037087686,total
Florida,FY2001,14198361.687291527,total
Florida,FY2002,14282349.778597333,total
Florida,FY2003,14180210.025139302,total
Florida,FY2004,14491186.563825736,total
Florida,FY2005,14933297.464405457,total
Florida,FY2006,15131316,total
Florida,FY2007,15765823,total
Florida,FY2008,16844774,total
Florida,FY2009,15961643,total
Florida,FY2010,15370733,total
Florida,FY2011,16234367.933706712,total
Florida,FY2012,16473456,total
Florida,FY2013,16236412,total
Florida,FY2014,16408264.14368688,total
Florida,FY2015,16663871,total
Florida,FY2016,16958612,total
Florida,FY2017,17092377,total
Florida,FY2018,17880739,total
Florida,FY2019,18122781,total
Florida,FY2020,17465313,total
Florida,FY2021,19723616,total
Florida,FY2022,20039213,total
Florida,FY2023,21140452,total
Florida,FY2024,20959361.98474979,total
Florida,FY2025,21645592,total
Georgia,FY2004,63810,c_corporation
Georgia,FY2005,63225,c_corporation
Georgia,FY2006,62566,c_corporation
Georgia,FY2007,64116,c_corporation
Georgia,FY2008,66211,c_corporation
Georgia,FY2009,62608,c_corporation
Georgia,FY2010,59145,c_corporation
Georgia,FY2011,57207,c_corporation
Georgia,FY2012,53968,c_corporation
Georgia,FY2013,52658,c_corporation
Georgia,FY2014,50862,c_corporation
Georgia,FY2015,49867,c_corporation
Georgia,FY2016,49285,c_corporation
Georgia,FY2017,45056,c_corporation
Georgia,FY2018,47100,c_corporation
Georgia,FY2019,47266,c_corporation
Georgia,FY2020,39171,c_corporation
Georgia,FY2021,51199,c_corporation
Georgia,FY2022,42445,c_corporation
Georgia,FY2023,57200,c_corporation
Georgia,FY2024,49078,c_corporation
Georgia,FY2025,50529,c_corporation
Georgia,FY2000,163362,corporation_total
Georgia,FY2001,172968,corporation_total
Georgia,FY2002,177114,corporation_total
Georgia,FY2003,187280,corporation_total
Georgia,FY2000,27298,employee_plan
Georgia,FY2001,18247,employee_plan
Georgia,FY2000,784987,employment
Georgia,FY2001,789081,employment
Georgia,FY2002,800830,employment
Georgia,FY2003,825667.026381277,employment
Georgia,FY2004,848986.1563152014,employment
Georgia,FY2005,867296,employment
Georgia,FY2006,892204,employment
Georgia,FY2007,889183,employment
Georgia,FY2008,895212,employment
Georgia,FY2009,876439,employment
Georgia,FY2010,852712,employment
Georgia,FY2011,843965,employment
Georgia,FY2012,844580,employment
Georgia,FY2013,854176,employment
Georgia,FY2014,852680,employment
Georgia,FY2015,864150,employment
Georgia,FY2016,872348,employment
Georgia,FY2017,881576,employment
Georgia,FY2018,895266,employment
Georgia,FY2019,917617,employment
Georgia,FY2020,822463,employment
Georgia,FY2021,1026787,employment
Georgia,FY2022,916654,employment
Georgia,FY2023,1127737,employment
Georgia,FY2024,1032528,employment
Georgia,FY2025,1042506,employment
Georgia,FY2000,2341,estate_tax
Georgia,FY2001,2381,estate_tax
Georgia,FY2002,2407,estate_tax
Georgia,FY2003,1764,estate_tax
Georgia,FY2004,1506,estate_tax
Georgia,FY2005,1403,estate_tax
Georgia,FY2006,1242,estate_tax
Georgia,FY2007,1086,estate_tax
Georgia,FY2008,1015,estate_tax
Georgia,FY2009,1021,estate_tax
Georgia,FY2010,635,estate_tax
Georgia,FY2011,224,estate_tax
Georgia,FY2012,485,estate_tax
Georgia,FY2013,577,estate_tax
Georgia,FY2014,596,estate_tax
Georgia,FY2015,668,estate_tax
Georgia,FY2016,690,estate_tax
Georgia,FY2017,683,estate_tax
Georgia,FY2018,655,estate_tax
Georgia,FY2019,542,estate_tax
Georgia,FY2020,273,estate_tax
Georgia,FY2021,558,estate_tax
Georgia,FY2022,506,estate_tax
Georgia,FY2023,939,estate_tax
Georgia,FY2024,531,estate_tax
Georgia,FY2025,446,estate_tax
Georgia,FY2000,44981,estate_trust
Georgia,FY2001,45680,estate_trust
Georgia,FY2002,44349,estate_trust
Georgia,FY2003,44793,estate_trust
Georgia,FY2004,42226,estate_trust
Georgia,FY2005,42177,estate_trust
Georgia,FY2006,42122,estate_trust
Georgia,FY2007,44172,estate_trust
Georgia,FY2008,45939,estate_trust
Georgia,FY2009,47193,estate_trust
Georgia,FY2010,47161,estate_trust
Georgia,FY2011,48751,estate_trust
Georgia,FY2012,47840,estate_trust
Georgia,FY2013,49223,estate_trust
Georgia,FY2014,50411,estate_trust
Georgia,FY2015,51086,estate_trust
Georgia,FY2016,51253,estate_trust
Georgia,FY2017,47719,estate_trust
Georgia,FY2018,50284,estate_trust
Georgia,FY2019,51170,estate_trust
Georgia,FY2020,47203,estate_trust
Georgia,FY2021,52918,estate_trust
Georgia,FY2022,50073,estate_trust
Georgia,FY2023,57723,estate_trust
Georgia,FY2024,53670,estate_trust
Georgia,FY2025,54816,estate_trust
Georgia,FY2000,16041,estate_trust_estimated
Georgia,FY2001,16079,estate_trust_estimated
Georgia,FY2002,13180,estate_trust_estimated
Georgia,FY2003,10927,estate_trust_estimated
Georgia,FY2004,9671,estate_trust_estimated
Georgia,FY2005,7026.801632227028,estate_trust_estimated
Georgia,FY2006,12261,estate_trust_estimated
Georgia,FY2007,14486,estate_trust_estimated
Georgia,FY2008,17602,estate_trust_estimated
Georgia,FY2009,10012,estate_trust_estimated
Georgia,FY2010,7178,estate_trust_estimated
Georgia,FY2011,7670,estate_trust_estimated
Georgia,FY2012,8067,estate_trust_estimated
Georgia,FY2013,10577,estate_trust_estimated
Georgia,FY2014,11774.900266862016,estate_trust_estimated
Georgia,FY2015,13848.135776519764,estate_trust_estimated
Georgia,FY2016,11855,estate_trust_estimated
Georgia,FY2017,10503,estate_trust_estimated
Georgia,FY2018,12565,estate_trust_estimated
Georgia,FY2019,13475,estate_trust_estimated
Georgia,FY2020,11737,estate_trust_estimated
Georgia,FY2021,12148,estate_trust_estimated
Georgia,FY2022,15307,estate_trust_estimated
Georgia,FY2023,11027,estate_trust_estimated
Georgia,FY2024,11183,estate_trust_estimated
Georgia,FY2025,14129,estate_trust_estimated
Georgia,FY2000,25502,excise
Georgia,FY2001,21095,excise
Georgia,FY2002,25527,excise
Georgia,FY2003,23565,excise
Georgia,FY2004,18769,excise
Georgia,FY2005,31673,excise
Georgia,FY2006,28575,excise
Georgia,FY2007,26607,excise
Georgia,FY2008,25048,excise
Georgia,FY2009,23686,excise
Georgia,FY2010,24743,excise
Georgia,FY2011,16326,excise
Georgia,FY2012,34233,excise
Georgia,FY2013,26343,excise
Georgia,FY2014,28446,excise
Georgia,FY2015,31255,excise
Georgia,FY2016,32437,excise
Georgia,FY2017,33368,excise
Georgia,FY2018,35051,excise
Georgia,FY2019,36117,excise
Georgia,FY2020,33855,excise
Georgia,FY2021,46215,excise
Georgia,FY2022,43430,excise
Georgia,FY2023,44423,excise
Georgia,FY2024,40988,excise
Georgia,FY2025,40537,excise
Georgia,FY2000,7597,gift_tax
Georgia,FY2001,7761,gift_tax
Georgia,FY2002,6999,gift_tax
Georgia,FY2003,6722,gift_tax
Georgia,FY2004,5617,gift_tax
Georgia,FY2005,6228,gift_tax
Georgia,FY2006,5602,gift_tax
Georgia,FY2007,5772,gift_tax
Georgia,FY2008,5945,gift_tax
Georgia,FY2009,5707,gift_tax
Georgia,FY2010,5244,gift_tax
Georgia,FY2011,4510,gift_tax
Georgia,FY2012,5359,gift_tax
Georgia,FY2013,6369,gift_tax
Georgia,FY2014,6909,gift_tax
Georgia,FY2015,4816,gift_tax
Georgia,FY2016,4955,gift_tax
Georgia,FY2017,4886,gift_tax
Georgia,FY2018,4771,gift_tax
Georgia,FY2019,4690,gift_tax
Georgia,FY2020,3133,gift_tax
Georgia,FY2021,5547,gift_tax
Georgia,FY2022,5362,gift_tax
Georgia,FY2023,9706,gift_tax
Georgia,FY2024,5830,gift_tax
Georgia,FY2025,6021,gift_tax
Georgia,FY2000,788777,individual_estimated
Georgia,FY2001,747671,individual_estimated
Georgia,FY2002,749010,individual_estimated
Georgia,FY2003,643650,individual_estimated
Georgia,FY2004,612401.8870967742,individual_estimated
Georgia,FY2005,608323,individual_estimated
Georgia,FY2006,631806,individual_estimated
Georgia,FY2007,628205,individual_estimated
Georgia,FY2008,629048,individual_estimated
Georgia,FY2009,562799,individual_estimated
Georgia,FY2010,486228,individual_estimated
Georgia,FY2011,475255,individual_estimated
Georgia,FY2012,452831,individual_estimated
Georgia,FY2013,495697,individual_estimated
Georgia,FY2014,477554,individual_estimated
Georgia,FY2015,490339,individual_estimated
Georgia,FY2016,477544,individual_estimated
Georgia,FY2017,463465,individual_estimated
Georgia,FY2018,467832,individual_estimated
Georgia,FY2019,466976,individual_estimated
Georgia,FY2020,419196,individual_estimated
Georgia,FY2021,423832,individual_estimated
Georgia,FY2022,411246,individual_estimated
Georgia,FY2023,383558,individual_estimated
Georgia,FY2024,371674,individual_estimated
Georgia,FY2025,354554,individual_estimated
Georgia,FY2000,3556513,individual_income
Georgia,FY2001,3626217,individual_income
Georgia,FY2002,3656835,individual_income
Georgia,FY2003,3651400,individual_income
Georgia,FY2004,3704005,individual_income
Georgia,FY2005,3775196,individual_income
Georgia,FY2006,3870442,individual_income
Georgia,FY2007,4064898,individual_income
Georgia,FY2008,4549608,individual_income
Georgia,FY2009,4273666,individual_income
Georgia,FY2010,4245092,individual_income
Georgia,FY2011,4386168,individual_income
Georgia,FY2012,4514150,individual_income
Georgia,FY2013,4344022,individual_income
Georgia,FY2014,4355079,individual_income
Georgia,FY2015,4388044,individual_income
Georgia,FY2016,4436031,individual_income
Georgia,FY2017,4426518,individual_income
Georgia,FY2018,4496668,individual_income
Georgia,FY2019,4546099,individual_income
Georgia,FY2020,4787756,individual_income
Georgia,FY2021,5112651,individual_income
Georgia,FY2022,4968304,individual_income
Georgia,FY2023,5015652,individual_income
Georgia,FY2024,4888634,individual_income
Georgia,FY2025,4987163,individual_income
Georgia,FY2000,43363,partnership
Georgia,FY2001,46436,partnership
Georgia,FY2002,49594,partnership
Georgia,FY2003,54889,partnership
Georgia,FY2004,59755,partnership
Georgia,FY2005,63921,partnership
Georgia,FY2006,67933,partnership
Georgia,FY2007,79049,partnership
Georgia,FY2008,86442,partnership
Georgia,FY2009,92207,partnership
Georgia,FY2010,91788,partnership
Georgia,FY2011,93576,partnership
Georgia,FY2012,94278,partnership
Georgia,FY2013,95419,partnership
Georgia,FY2014,97854,partnership
Georgia,FY2015,99645,partnership
Georgia,FY2016,103610,partnership
Georgia,FY2017,104947,partnership
Georgia,FY2018,109837,partnership
Georgia,FY2019,103391,partnership
Georgia,FY2020,119445,partnership
Georgia,FY2021,124410,partnership
Georgia,FY2022,121779,partnership
Georgia,FY2023,136155,partnership
Georgia,FY2024,133097,partnership
Georgia,FY2025,138972,partnership
Georgia,FY2004,128608,s_corporation
Georgia,FY2005,133584,s_corporation
Georgia,FY2006,141619,s_corporation
Georgia,FY2007,152890,s_corporation
Georgia,FY2008,171876,s_corporation
Georgia,FY2009,170121,s_corporation
Georgia,FY2010,170985,s_corporation
Georgia,FY2011,172884,s_corporation
Georgia,FY2012,169860,s_corporation
Georgia,FY2013,167617,s_corporation
Georgia,FY2014,168878,s_corporation
Georgia,FY2015,170947,s_corporation
Georgia,FY2016,174841,s_corporation
Georgia,FY2017,173931,s_corporation
Georgia,FY2018,182703,s_corporation
Georgia,FY2019,185213,s_corporation
Georgia,FY2020,182611,s_corporation
Georgia,FY2021,194725,s_corporation
Georgia,FY2022,192930,s_corporation
Georgia,FY2023,221088,s_corporation
Georgia,FY2024,216633,s_corporation
Georgia,FY2025,223134,s_corporation
Georgia,FY2000,464268.2646095735,supplemental
Georgia,FY2001,547502.9235639746,supplemental
Georgia,FY2002,581061.9559711278,supplemental
Georgia,FY2003,591009.1306239021,supplemental
Georgia,FY2004,609140.4250249271,supplemental
Georgia,FY2005,623633,supplemental
Georgia,FY2006,573545,supplemental
Georgia,FY2007,639279,supplemental
Georgia,FY2008,646329,supplemental
Georgia,FY2009,699881,supplemental
Georgia,FY2010,646153,supplemental
Georgia,FY2011,713924.9710312114,supplemental
Georgia,FY2012,742970,supplemental
Georgia,FY2013,719994,supplemental
Georgia,FY2014,692706,supplemental
Georgia,FY2015,721267,supplemental
Georgia,FY2016,723228,supplemental
Georgia,FY2017,803853,supplemental
Georgia,FY2018,857228,supplemental
Georgia,FY2019,893886,supplemental
Georgia,FY2020,652020,supplemental
Georgia,FY2021,884170,supplemental
Georgia,FY2022,1266809,supplemental
Georgia,FY2023,1317020,supplemental
Georgia,FY2024,1287174.503190237,supplemental
Georgia,FY2025,1301773.2695689586,supplemental
Georgia,FY2000,14157,tax_exempt
Georgia,FY2001,17028,tax_exempt
Georgia,FY2002,15529,tax_exempt
Georgia,FY2003,16531,tax_exempt
Georgia,FY2004,16490,tax_exempt
Georgia,FY2005,16667,tax_exempt
Georgia,FY2006,17325,tax_exempt
Georgia,FY2007,18515,tax_exempt
Georgia,FY2008,18923,tax_exempt
Georgia,FY2009,24386,tax_exempt
Georgia,FY2010,28912,tax_exempt
Georgia,FY2011,30748,tax_exempt
Georgia,FY2012,30094,tax_exempt
Georgia,FY2013,32317,tax_exempt
Georgia,FY2014,32739,tax_exempt
Georgia,FY2015,35559,tax_exempt
Georgia,FY2016,33812,tax_exempt
Georgia,FY2017,35575,tax_exempt
Georgia,FY2018,37167,tax_exempt
Georgia,FY2019,38155,tax_exempt
Georgia,FY2020,34780,tax_exempt
Georgia,FY2021,40683,tax_exempt
Georgia,FY2022,42637,tax_exempt
Georgia,FY2023,43128,tax_exempt
Georgia,FY2024,44965,tax_exempt
Georgia,FY2025,45061,tax_exempt
Georgia,FY2000,5939187.264609573,total
Georgia,FY2001,6058146.923563975,total
Georgia,FY2002,6122435.955971127,total
Georgia,FY2003,6058197.157005179,total
Georgia,FY2004,6120985.468436902,total
Georgia,FY2005,6240352.801632227,total
Georgia,FY2006,6347242,total
Georgia,FY2007,6628258,total
Georgia,FY2008,7159198,total
Georgia,FY2009,6849726,total
Georgia,FY2010,6665976,total
Georgia,FY2011,6851208.971031211,total
Georgia,FY2012,6998715,total
Georgia,FY2013,6854989,total
Georgia,FY2014,6826488.9002668625,total
Georgia,FY2015,6921491,total
Georgia,FY2016,6971889,total
Georgia,FY2017,7032080,total
Georgia,FY2018,7197127,total
Georgia,FY2019,7304597,total
Georgia,FY2020,7153643,total
Georgia,FY2021,7975843,total
Georgia,FY2022,8077482,total
Georgia,FY2023,8425356,total
Georgia,FY2024,8135985.503190237,total
Georgia,FY2025,8259641,total
Hawaii,FY2004,15943,c_corporation
Hawaii,FY2005,15368,c_corporation
Hawaii,FY2006,15105,c_corporation
Hawaii,FY2007,15034,c_corporation
Hawaii,FY2008,15492,c_corporation
Hawaii,FY2009,14987,c_corporation
Hawaii,FY2010,14309,c_corporation
Hawaii,FY2011,13503,c_corporation
Hawaii,FY2012,13312,c_corporation
Hawaii,FY2013,13527,c_corporation
Hawaii,FY2014,12756,c_corporation
Hawaii,FY2015,12763,c_corporation
Hawaii,FY2016,12225,c_corporation
Hawaii,FY2017,11257,c_corporation
Hawaii,FY2018,11373,c_corporation
Hawaii,FY2019,11628,c_corporation
Hawaii,FY2020,8943,c_corporation
Hawaii,FY2021,11237,c_corporation
Hawaii,FY2022,12703,c_corporation
Hawaii,FY2023,11863,c_corporation
Hawaii,FY2024,10457,c_corporation
Hawaii,FY2025,10711,c_corporation
Hawaii,FY2000,25348,corporation_total
Hawaii,FY2001,25232,corporation_total
Hawaii,FY2002,26141,corporation_total
Hawaii,FY2003,26040,corporation_total
Hawaii,FY2000,6863,employee_plan
Hawaii,FY2001,4760,employee_plan
Hawaii,FY2000,109200,employment
Hawaii,FY2001,109268,employment
Hawaii,FY2002,111305,employment
Hawaii,FY2003,114435.33973238803,employment
Hawaii,FY2004,121710.18549583064,employment
Hawaii,FY2005,126593,employment
Hawaii,FY2006,129557,employment
Hawaii,FY2007,128691,employment
Hawaii,FY2008,127946,employment
Hawaii,FY2009,125199,employment
Hawaii,FY2010,124710,employment
Hawaii,FY2011,121726,employment
Hawaii,FY2012,120345,employment
Hawaii,FY2013,121027,employment
Hawaii,FY2014,120548,employment
Hawaii,FY2015,119688,employment
Hawaii,FY2016,120176,employment
Hawaii,FY2017,119965,employment
Hawaii,FY2018,121682,employment
Hawaii,FY2019,124029,employment
Hawaii,FY2020,107119,employment
Hawaii,FY2021,128243,employment
Hawaii,FY2022,117934,employment
Hawaii,FY2023,134953,employment
Hawaii,FY2024,123621,employment
Hawaii,FY2025,125544,employment
Hawaii,FY2000,569,estate_tax
Hawaii,FY2001,564,estate_tax
Hawaii,FY2002,536,estate_tax
Hawaii,FY2003,472,estate_tax
Hawaii,FY2004,380,estate_tax
Hawaii,FY2005,416,estate_tax
Hawaii,FY2006,373,estate_tax
Hawaii,FY2007,309,estate_tax
Hawaii,FY2008,294,estate_tax
Hawaii,FY2009,345,estate_tax
Hawaii,FY2010,231,estate_tax
Hawaii,FY2011,69,estate_tax
Hawaii,FY2012,163,estate_tax
Hawaii,FY2013,173,estate_tax
Hawaii,FY2014,163,estate_tax
Hawaii,FY2015,213,estate_tax
Hawaii,FY2016,182,estate_tax
Hawaii,FY2017,178,estate_tax
Hawaii,FY2018,211,estate_tax
Hawaii,FY2019,151,estate_tax
Hawaii,FY2020,75,estate_tax
Hawaii,FY2021,147,estate_tax
Hawaii,FY2022,150,estate_tax
Hawaii,FY2023,306,estate_tax
Hawaii,FY2024,199,estate_tax
Hawaii,FY2025,179,estate_tax
Hawaii,FY2000,12619,estate_trust
Hawaii,FY2001,12448,estate_trust
Hawaii,FY2002,12702,estate_trust
Hawaii,FY2003,12973,estate_trust
Hawaii,FY2004,13240,estate_trust
Hawaii,FY2005,12891,estate_trust
Hawaii,FY2006,12936,estate_trust
Hawaii,FY2007,13151,estate_trust
Hawaii,FY2008,13327,estate_trust
Hawaii,FY2009,13940,estate_trust
Hawaii,FY2010,13817,estate_trust
Hawaii,FY2011,14013,estate_trust
Hawaii,FY2012,13891,estate_trust
Hawaii,FY2013,14224,estate_trust
Hawaii,FY2014,14129,estate_trust
Hawaii,FY2015,14669,estate_trust
Hawaii,FY2016,14374,estate_trust
Hawaii,FY2017,13434,estate_trust
Hawaii,FY2018,14014,estate_trust
Hawaii,FY2019,14170,estate_trust
Hawaii,FY2020,12020,estate_trust
Hawaii,FY2021,15015,estate_trust
Hawaii,FY2022,13607,estate_trust
Hawaii,FY2023,15885,estate_trust
Hawaii,FY2024,14201,estate_trust
Hawaii,FY2025,14600,estate_trust
Hawaii,FY2000,3523,estate_trust_estimated
Hawaii,FY2001,3591,estate_trust_estimated
Hawaii,FY2002,3278,estate_trust_estimated
Hawaii,FY2003,2746,estate_trust_estimated
Hawaii,FY2004,2893,estate_trust_estimated
Hawaii,FY2005,2078.0021617791226,estate_trust_estimated
Hawaii,FY2006,3220,estate_trust_estimated
Hawaii,FY2007,3902,estate_trust_estimated
Hawaii,FY2008,4686,estate_trust_estimated
Hawaii,FY2009,3400,estate_trust_estimated
Hawaii,FY2010,2368,estate_trust_estimated
Hawaii,FY2011,2629,estate_trust_estimated
Hawaii,FY2012,2499,estate_trust_estimated
Hawaii,FY2013,3114,estate_trust_estimated
Hawaii,FY2014,4072.197896499398,estate_trust_estimated
Hawaii,FY2015,3945.987957797429,estate_trust_estimated
Hawaii,FY2016,3577,estate_trust_estimated
Hawaii,FY2017,3100,estate_trust_estimated
Hawaii,FY2018,3580,estate_trust_estimated
Hawaii,FY2019,3892,estate_trust_estimated
Hawaii,FY2020,3335,estate_trust_estimated
Hawaii,FY2021,3602,estate_trust_estimated
Hawaii,FY2022,3996,estate_trust_estimated
Hawaii,FY2023,3100,estate_trust_estimated
Hawaii,FY2024,2966,estate_trust_estimated
Hawaii,FY2025,3928,estate_trust_estimated
Hawaii,FY2000,1082,excise
Hawaii,FY2001,995,excise
Hawaii,FY2002,1041,excise
Hawaii,FY2003,1019,excise
Hawaii,FY2004,805,excise
Hawaii,FY2005,1164,excise
Hawaii,FY2006,1076,excise
Hawaii,FY2007,1078,excise
Hawaii,FY2008,1249,excise
Hawaii,FY2009,1343,excise
Hawaii,FY2010,1315,excise
Hawaii,FY2011,776,excise
Hawaii,FY2012,1769,excise
Hawaii,FY2013,1271,excise
Hawaii,FY2014,1332,excise
Hawaii,FY2015,1341,excise
Hawaii,FY2016,1289,excise
Hawaii,FY2017,1301,excise
Hawaii,FY2018,1316,excise
Hawaii,FY2019,1418,excise
Hawaii,FY2020,1035,excise
Hawaii,FY2021,1482,excise
Hawaii,FY2022,1284,excise
Hawaii,FY2023,1499,excise
Hawaii,FY2024,1387,excise
Hawaii,FY2025,1473,excise
Hawaii,FY2000,1769,gift_tax
Hawaii,FY2001,1654,gift_tax
Hawaii,FY2002,1445,gift_tax
Hawaii,FY2003,1811,gift_tax
Hawaii,FY2004,1746,gift_tax
Hawaii,FY2005,2036,gift_tax
Hawaii,FY2006,1813,gift_tax
Hawaii,FY2007,1810,gift_tax
Hawaii,FY2008,1480,gift_tax
Hawaii,FY2009,1475,gift_tax
Hawaii,FY2010,1339,gift_tax
Hawaii,FY2011,1195,gift_tax
Hawaii,FY2012,1371,gift_tax
Hawaii,FY2013,1596,gift_tax
Hawaii,FY2014,1515,gift_tax
Hawaii,FY2015,1168,gift_tax
Hawaii,FY2016,1184,gift_tax
Hawaii,FY2017,1167,gift_tax
Hawaii,FY2018,1226,gift_tax
Hawaii,FY2019,1221,gift_tax
Hawaii,FY2020,659,gift_tax
Hawaii,FY2021,1273,gift_tax
Hawaii,FY2022,1121,gift_tax
Hawaii,FY2023,2506,gift_tax
Hawaii,FY2024,1400,gift_tax
Hawaii,FY2025,1275,gift_tax
Hawaii,FY2000,194452,individual_estimated
Hawaii,FY2001,178194,individual_estimated
Hawaii,FY2002,138908,individual_estimated
Hawaii,FY2003,157627,individual_estimated
Hawaii,FY2004,158928.01612903227,individual_estimated
Hawaii,FY2005,154408,individual_estimated
Hawaii,FY2006,168836,individual_estimated
Hawaii,FY2007,167723,individual_estimated
Hawaii,FY2008,169709,individual_estimated
Hawaii,FY2009,157253,individual_estimated
Hawaii,FY2010,137110,individual_estimated
Hawaii,FY2011,136225,individual_estimated
Hawaii,FY2012,123962,individual_estimated
Hawaii,FY2013,141053,individual_estimated
Hawaii,FY2014,135814,individual_estimated
Hawaii,FY2015,141966,individual_estimated
Hawaii,FY2016,139137,individual_estimated
Hawaii,FY2017,136950,individual_estimated
Hawaii,FY2018,138340,individual_estimated
Hawaii,FY2019,136181,individual_estimated
Hawaii,FY2020,121920,individual_estimated
Hawaii,FY2021,15035,individual_estimated
Hawaii,FY2022,5491,individual_estimated
Hawaii,FY2023,6463,individual_estimated
Hawaii,FY2024,8060,individual_estimated
Hawaii,FY2025,28701,individual_estimated
Hawaii,FY2000,557444,individual_income
Hawaii,FY2001,570844,individual_income
Hawaii,FY2002,577321,individual_income
Hawaii,FY2003,584164,individual_income
Hawaii,FY2004,590168,individual_income
Hawaii,FY2005,604667,individual_income
Hawaii,FY2006,617089,individual_income
Hawaii,FY2007,637469,individual_income
Hawaii,FY2008,689759,individual_income
Hawaii,FY2009,660232,individual_income
Hawaii,FY2010,645560,individual_income
Hawaii,FY2011,651371,individual_income
Hawaii,FY2012,658626,individual_income
Hawaii,FY2013,667040,individual_income
Hawaii,FY2014,675858,individual_income
Hawaii,FY2015,682348,individual_income
Hawaii,FY2016,687716,individual_income
Hawaii,FY2017,687190,individual_income
Hawaii,FY2018,693732,individual_income
Hawaii,FY2019,695628,individual_income
Hawaii,FY2020,698198,individual_income
Hawaii,FY2021,735316,individual_income
Hawaii,FY2022,696309,individual_income
Hawaii,FY2023,714125,individual_income
Hawaii,FY2024,694372,individual_income
Hawaii,FY2025,705155,individual_income
Hawaii,FY2000,6717,partnership
Hawaii,FY2001,6947,partnership
Hawaii,FY2002,7328,partnership
Hawaii,FY2003,7818,partnership
Hawaii,FY2004,8178,partnership
Hawaii,FY2005,8614,partnership
Hawaii,FY2006,8948,partnership
Hawaii,FY2007,10220,partnership
Hawaii,FY2008,10680,partnership
Hawaii,FY2009,11807,partnership
Hawaii,FY2010,11555,partnership
Hawaii,FY2011,11737,partnership
Hawaii,FY2012,11762,partnership
Hawaii,FY2013,12181,partnership
Hawaii,FY2014,12239,partnership
Hawaii,FY2015,12641,partnership
Hawaii,FY2016,12883,partnership
Hawaii,FY2017,13026,partnership
Hawaii,FY2018,13045,partnership
Hawaii,FY2019,12115,partnership
Hawaii,FY2020,11620,partnership
Hawaii,FY2021,15112,partnership
Hawaii,FY2022,12894,partnership
Hawaii,FY2023,15855,partnership
Hawaii,FY2024,14337,partnership
Hawaii,FY2025,14544,partnership
Hawaii,FY2004,10827,s_corporation
Hawaii,FY2005,10861,s_corporation
Hawaii,FY2006,11652,s_corporation
Hawaii,FY2007,12186,s_corporation
Hawaii,FY2008,13575,s_corporation
Hawaii,FY2009,13995,s_corporation
Hawaii,FY2010,14065,s_corporation
Hawaii,FY2011,14333,s_corporation
Hawaii,FY2012,14713,s_corporation
Hawaii,FY2013,14715,s_corporation
Hawaii,FY2014,14543,s_corporation
Hawaii,FY2015,14898,s_corporation
Hawaii,FY2016,15198,s_corporation
Hawaii,FY2017,15549,s_corporation
Hawaii,FY2018,15865,s_corporation
Hawaii,FY2019,16792,s_corporation
Hawaii,FY2020,15062,s_corporation
Hawaii,FY2021,17674,s_corporation
Hawaii,FY2022,19253,s_corporation
Hawaii,FY2023,19016,s_corporation
Hawaii,FY2024,19413,s_corporation
Hawaii,FY2025,19942,s_corporation
Hawaii,FY2000,91404.8139384328,supplemental
Hawaii,FY2001,91100.74778661932,supplemental
Hawaii,FY2002,101139.3576116852,supplemental
Hawaii,FY2003,102922.72364662187,supplemental
Hawaii,FY2004,106280.78843384172,supplemental
Hawaii,FY2005,107415,supplemental
Hawaii,FY2006,95443,supplemental
Hawaii,FY2007,101549,supplemental
Hawaii,FY2008,107754,supplemental
Hawaii,FY2009,111279,supplemental
Hawaii,FY2010,104227,supplemental
Hawaii,FY2011,113956.56876270597,supplemental
Hawaii,FY2012,113935,supplemental
Hawaii,FY2013,113009,supplemental
Hawaii,FY2014,109296,supplemental
Hawaii,FY2015,111023,supplemental
Hawaii,FY2016,108840,supplemental
Hawaii,FY2017,116832,supplemental
Hawaii,FY2018,119571,supplemental
Hawaii,FY2019,125376,supplemental
Hawaii,FY2020,81539,supplemental
Hawaii,FY2021,112315,supplemental
Hawaii,FY2022,152518,supplemental
Hawaii,FY2023,159166,supplemental
Hawaii,FY2024,157507.82287174647,supplemental
Hawaii,FY2025,159529.16179587325,supplemental
Hawaii,FY2000,3253,tax_exempt
Hawaii,FY2001,3327,tax_exempt
Hawaii,FY2002,3449,tax_exempt
Hawaii,FY2003,3561,tax_exempt
Hawaii,FY2004,3779,tax_exempt
Hawaii,FY2005,3630,tax_exempt
Hawaii,FY2006,3855,tax_exempt
Hawaii,FY2007,4051,tax_exempt
Hawaii,FY2008,4210,tax_exempt
Hawaii,FY2009,4844,tax_exempt
Hawaii,FY2010,6239,tax_exempt
Hawaii,FY2011,6359,tax_exempt
Hawaii,FY2012,6029,tax_exempt
Hawaii,FY2013,6505,tax_exempt
Hawaii,FY2014,6471,tax_exempt
Hawaii,FY2015,6962,tax_exempt
Hawaii,FY2016,6501,tax_exempt
Hawaii,FY2017,6678,tax_exempt
Hawaii,FY2018,6812,tax_exempt
Hawaii,FY2019,7079,tax_exempt
Hawaii,FY2020,6194,tax_exempt
Hawaii,FY2021,7437,tax_exempt
Hawaii,FY2022,7560,tax_exempt
Hawaii,FY2023,7538,tax_exempt
Hawaii,FY2024,7860,tax_exempt
Hawaii,FY2025,7950,tax_exempt
Hawaii,FY2000,1014243.8139384328,total
Hawaii,FY2001,1008924.7477866194,total
Hawaii,FY2002,984593.3576116852,total
Hawaii,FY2003,1015589.06337901,total
Hawaii,FY2004,1034877.9900587044,total
Hawaii,FY2005,1050141.002161779,total
Hawaii,FY2006,1069903,total
Hawaii,FY2007,1097173,total
Hawaii,FY2008,1160161,total
Hawaii,FY2009,1120099,total
Hawaii,FY2010,1076845,total
Hawaii,FY2011,1087892.568762706,total
Hawaii,FY2012,1082377,total
Hawaii,FY2013,1109435,total
Hawaii,FY2014,1108736.1978964994,total
Hawaii,FY2015,1123626,total
Hawaii,FY2016,1123282,total
Hawaii,FY2017,1126627,total
Hawaii,FY2018,1140767,total
Hawaii,FY2019,1149680,total
Hawaii,FY2020,1067719,total
Hawaii,FY2021,1063888,total
Hawaii,FY2022,1044820,total
Hawaii,FY2023,1092275,total
Hawaii,FY2024,1055780.8228717465,total
Hawaii,FY2025,1093531,total
Idaho,FY2004,9067,c_corporation
Idaho,FY2005,8859,c_corporation
Idaho,FY2006,8978,c_corporation
Idaho,FY2007,9367,c_corporation
Idaho,FY2008,9688,c_corporation
Idaho,FY2009,9331,c_corporation
Idaho,FY2010,8834,c_corporation
Idaho,FY2011,8410,c_corporation
Idaho,FY2012,8245,c_corporation
Idaho,FY2013,8087,c_corporation
Idaho,FY2014,7936,c_corporation
Idaho,FY2015,7761,c_corporation
Idaho,FY2016,7676,c_corporation
Idaho,FY2017,7454,c_corporation
Idaho,FY2018,7521,c_corporation
Idaho,FY2019,7582,c_corporation
Idaho,FY2020,5581,c_corporation
Idaho,FY2021,6573,c_corporation
Idaho,FY2022,9316,c_corporation
Idaho,FY2023,8948,c_corporation
Idaho,FY2024,8062,c_corporation
Idaho,FY2025,8389,c_corporation
Idaho,FY2000,24688,corporation_total
Idaho,FY2001,25607,corporation_total
Idaho,FY2002,26382,corporation_total
Idaho,FY2003,27610,corporation_total
Idaho,FY2000,4764,employee_plan
Idaho,FY2001,3485,employee_plan
Idaho,FY2000,161522,employment
Idaho,FY2001,162127,employment
Idaho,FY2002,164175,employment
Idaho,FY2003,171768.13285389048,employment
Idaho,FY2004,178471.9955333333,employment
Idaho,FY2005,183158,employment
Idaho,FY2006,192784,employment
Idaho,FY2007,198339,employment
Idaho,FY2008,195290,employment
Idaho,FY2009,193068,employment
Idaho,FY2010,187202,employment
Idaho,FY2011,181313,employment
Idaho,FY2012,180467,employment
Idaho,FY2013,182850,employment
Idaho,FY2014,183480,employment
Idaho,FY2015,184414,employment
Idaho,FY2016,188504,employment
Idaho,FY2017,191899,employment
Idaho,FY2018,198490,employment
Idaho,FY2019,210428,employment
Idaho,FY2020,187064,employment
Idaho,FY2021,230102,employment
Idaho,FY2022,227195,employment
Idaho,FY2023,262825,employment
Idaho,FY2024,247274,employment
Idaho,FY2025,256023,employment
Idaho,FY2000,365,estate_tax
Idaho,FY2001,359,estate_tax
Idaho,FY2002,347,estate_tax
Idaho,FY2003,283,estate_tax
Idaho,FY2004,229,estate_tax
Idaho,FY2005,199,estate_tax
Idaho,FY2006,193,estate_tax
Idaho,FY2007,178,estate_tax
Idaho,FY2008,144,estate_tax
Idaho,FY2009,176,estate_tax
Idaho,FY2010,90,estate_tax
Idaho,FY2011,24,estate_tax
Idaho,FY2012,81,estate_tax
Idaho,FY2013,94,estate_tax
Idaho,FY2014,109,estate_tax
Idaho,FY2015,106,estate_tax
Idaho,FY2016,91,estate_tax
Idaho,FY2017,113,estate_tax
Idaho,FY2018,126,estate_tax
Idaho,FY2019,79,estate_tax
Idaho,FY2020,46,estate_tax
Idaho,FY2021,90,estate_tax
Idaho,FY2022,123,estate_tax
Idaho,FY2023,224,estate_tax
Idaho,FY2024,125,estate_tax
Idaho,FY2025,130,estate_tax
Idaho,FY2000,6752,estate_trust
Idaho,FY2001,6993,estate_trust
Idaho,FY2002,7248,estate_trust
Idaho,FY2003,7287,estate_trust
Idaho,FY2004,7510,estate_trust
Idaho,FY2005,7476,estate_trust
Idaho,FY2006,7651,estate_trust
Idaho,FY2007,7998,estate_trust
Idaho,FY2008,8447,estate_trust
Idaho,FY2009,8669,estate_trust
Idaho,FY2010,8966,estate_trust
Idaho,FY2011,9085,estate_trust
Idaho,FY2012,9094,estate_trust
Idaho,FY2013,9414,estate_trust
Idaho,FY2014,9437,estate_trust
Idaho,FY2015,9794,estate_trust
Idaho,FY2016,9808,estate_trust
Idaho,FY2017,9389,estate_trust
Idaho,FY2018,9563,estate_trust
Idaho,FY2019,9944,estate_trust
Idaho,FY2020,9294,estate_trust
Idaho,FY2021,10733,estate_trust
Idaho,FY2022,10497,estate_trust
Idaho,FY2023,11944,estate_trust
Idaho,FY2024,11472,estate_trust
Idaho,FY2025,12052,estate_trust
Idaho,FY2000,1945,estate_trust_estimated
Idaho,FY2001,2111,estate_trust_estimated
Idaho,FY2002,1717,estate_trust_estimated
Idaho,FY2003,1098,estate_trust_estimated
Idaho,FY2004,1095,estate_trust_estimated
Idaho,FY2005,735.6079495058192,estate_trust_estimated
Idaho,FY2006,1510,estate_trust_estimated
Idaho,FY2007,1971,estate_trust_estimated
Idaho,FY2008,2536,estate_trust_estimated
Idaho,FY2009,1537,estate_trust_estimated
Idaho,FY2010,966,estate_trust_estimated
Idaho,FY2011,1119,estate_trust_estimated
Idaho,FY2012,1084,estate_trust_estimated
Idaho,FY2013,1345,estate_trust_estimated
Idaho,FY2014,1615.95154622992,estate_trust_estimated
Idaho,FY2015,2001.197921417085,estate_trust_estimated
Idaho,FY2016,1748,estate_trust_estimated
Idaho,FY2017,1577,estate_trust_estimated
Idaho,FY2018,2099,estate_trust_estimated
Idaho,FY2019,2414,estate_trust_estimated
Idaho,FY2020,2071,estate_trust_estimated
Idaho,FY2021,2135,estate_trust_estimated
Idaho,FY2022,2531,estate_trust_estimated
Idaho,FY2023,1867,estate_trust_estimated
Idaho,FY2024,1901,estate_trust_estimated
Idaho,FY2025,2653,estate_trust_estimated
Idaho,FY2000,8395,excise
Idaho,FY2001,6586,excise
Idaho,FY2002,7513,excise
Idaho,FY2003,7054,excise
Idaho,FY2004,5497,excise
Idaho,FY2005,9219,excise
Idaho,FY2006,8387,excise
Idaho,FY2007,8037,excise
Idaho,FY2008,7703,excise
Idaho,FY2009,7030,excise
Idaho,FY2010,7375,excise
Idaho,FY2011,4620,excise
Idaho,FY2012,11087,excise
Idaho,FY2013,8126,excise
Idaho,FY2014,8763,excise
Idaho,FY2015,9003,excise
Idaho,FY2016,8636,excise
Idaho,FY2017,8553,excise
Idaho,FY2018,8918,excise
Idaho,FY2019,9278,excise
Idaho,FY2020,6983,excise
Idaho,FY2021,11295,excise
Idaho,FY2022,9723,excise
Idaho,FY2023,10563,excise
Idaho,FY2024,10521,excise
Idaho,FY2025,10363,excise
Idaho,FY2000,953,gift_tax
Idaho,FY2001,1010,gift_tax
Idaho,FY2002,827,gift_tax
Idaho,FY2003,803,gift_tax
Idaho,FY2004,737,gift_tax
Idaho,FY2005,761,gift_tax
Idaho,FY2006,821,gift_tax
Idaho,FY2007,857,gift_tax
Idaho,FY2008,851,gift_tax
Idaho,FY2009,846,gift_tax
Idaho,FY2010,769,gift_tax
Idaho,FY2011,621,gift_tax
Idaho,FY2012,804,gift_tax
Idaho,FY2013,1059,gift_tax
Idaho,FY2014,1251,gift_tax
Idaho,FY2015,764,gift_tax
Idaho,FY2016,778,gift_tax
Idaho,FY2017,824,gift_tax
Idaho,FY2018,830,gift_tax
Idaho,FY2019,798,gift_tax
Idaho,FY2020,615,gift_tax
Idaho,FY2021,1161,gift_tax
Idaho,FY2022,1221,gift_tax
Idaho,FY2023,2613,gift_tax
Idaho,FY2024,1522,gift_tax
Idaho,FY2025,1617,gift_tax
Idaho,FY2000,157460,individual_estimated
Idaho,FY2001,144877,individual_estimated
Idaho,FY2002,150900,individual_estimated
Idaho,FY2003,54036,individual_estimated
Idaho,FY2004,112288.20967741936,individual_estimated
Idaho,FY2005,119827,individual_estimated
Idaho,FY2006,139358,individual_estimated
Idaho,FY2007,138162,individual_estimated
Idaho,FY2008,141442,individual_estimated
Idaho,FY2009,127235,individual_estimated
Idaho,FY2010,103807,individual_estimated
Idaho,FY2011,103841,individual_estimated
Idaho,FY2012,100735,individual_estimated
Idaho,FY2013,116985,individual_estimated
Idaho,FY2014,113146,individual_estimated
Idaho,FY2015,117500,individual_estimated
Idaho,FY2016,115312,individual_estimated
Idaho,FY2017,115042,individual_estimated
Idaho,FY2018,119515,individual_estimated
Idaho,FY2019,123117,individual_estimated
Idaho,FY2020,80130,individual_estimated
Idaho,FY2021,9915,individual_estimated
Idaho,FY2022,3074,individual_estimated
Idaho,FY2023,3657,individual_estimated
Idaho,FY2024,4457,individual_estimated
Idaho,FY2025,29231,individual_estimated
Idaho,FY2000,545624,individual_income
Idaho,FY2001,558616,individual_income
Idaho,FY2002,563299,individual_income
Idaho,FY2003,568621,individual_income
Idaho,FY2004,577428,individual_income
Idaho,FY2005,592912,individual_income
Idaho,FY2006,608842,individual_income
Idaho,FY2007,638980,individual_income
Idaho,FY2008,722832,individual_income
Idaho,FY2009,668331,individual_income
Idaho,FY2010,655644,individual_income
Idaho,FY2011,660379,individual_income
Idaho,FY2012,666204,individual_income
Idaho,FY2013,675490,individual_income
Idaho,FY2014,688751,individual_income
Idaho,FY2015,701416,individual_income
Idaho,FY2016,719886,individual_income
Idaho,FY2017,731783,individual_income
Idaho,FY2018,753748,individual_income
Idaho,FY2019,774153,individual_income
Idaho,FY2020,801910,individual_income
Idaho,FY2021,875291,individual_income
Idaho,FY2022,865425,individual_income
Idaho,FY2023,881115,individual_income
Idaho,FY2024,877625,individual_income
Idaho,FY2025,898304,individual_income
Idaho,FY2000,13340,partnership
Idaho,FY2001,14053,partnership
Idaho,FY2002,14613,partnership
Idaho,FY2003,15862,partnership
Idaho,FY2004,16686,partnership
Idaho,FY2005,17794,partnership
Idaho,FY2006,19042,partnership
Idaho,FY2007,21867,partnership
Idaho,FY2008,24158,partnership
Idaho,FY2009,25857,partnership
Idaho,FY2010,25103,partnership
Idaho,FY2011,25404,partnership
Idaho,FY2012,25667,partnership
Idaho,FY2013,25693,partnership
Idaho,FY2014,26371,partnership
Idaho,FY2015,26823,partnership
Idaho,FY2016,27483,partnership
Idaho,FY2017,28021,partnership
Idaho,FY2018,28884,partnership
Idaho,FY2019,27620,partnership
Idaho,FY2020,30566,partnership
Idaho,FY2021,33256,partnership
Idaho,FY2022,32621,partnership
Idaho,FY2023,36869,partnership
Idaho,FY2024,36265,partnership
Idaho,FY2025,37504,partnership
Idaho,FY2004,19496,s_corporation
Idaho,FY2005,20386,s_corporation
Idaho,FY2006,22085,s_corporation
Idaho,FY2007,24322,s_corporation
Idaho,FY2008,27211,s_corporation
Idaho,FY2009,27765,s_corporation
Idaho,FY2010,27461,s_corporation
Idaho,FY2011,27324,s_corporation
Idaho,FY2012,27246,s_corporation
Idaho,FY2013,26659,s_corporation
Idaho,FY2014,26827,s_corporation
Idaho,FY2015,27343,s_corporation
Idaho,FY2016,28237,s_corporation
Idaho,FY2017,29285,s_corporation
Idaho,FY2018,30805,s_corporation
Idaho,FY2019,32341,s_corporation
Idaho,FY2020,31976,s_corporation
Idaho,FY2021,34617,s_corporation
Idaho,FY2022,37557,s_corporation
Idaho,FY2023,41332,s_corporation
Idaho,FY2024,42076,s_corporation
Idaho,FY2025,43625,s_corporation
Idaho,FY2000,62984,supplemental
Idaho,FY2001,68089,supplemental
Idaho,FY2002,76597,supplemental
Idaho,FY2003,79516.79613291875,supplemental
Idaho,FY2004,82335.07603678128,supplemental
Idaho,FY2005,84952,supplemental
Idaho,FY2006,78030,supplemental
Idaho,FY2007,91460,supplemental
Idaho,FY2008,99087,supplemental
Idaho,FY2009,105380,supplemental
Idaho,FY2010,93462,supplemental
Idaho,FY2011,103330.14658163644,supplemental
Idaho,FY2012,102946,supplemental
Idaho,FY2013,107514,supplemental
Idaho,FY2014,102228,supplemental
Idaho,FY2015,107392,supplemental
Idaho,FY2016,110071,supplemental
Idaho,FY2017,127039,supplemental
Idaho,FY2018,136830,supplemental
Idaho,FY2019,145374,supplemental
Idaho,FY2020,113720,supplemental
Idaho,FY2021,150393,supplemental
Idaho,FY2022,219018,supplemental
Idaho,FY2023,233663,supplemental
Idaho,FY2024,231927.2637520963,supplemental
Idaho,FY2025,241486.38925259392,supplemental
Idaho,FY2000,2717,tax_exempt
Idaho,FY2001,2834,tax_exempt
Idaho,FY2002,2858,tax_exempt
Idaho,FY2003,3091,tax_exempt
Idaho,FY2004,3305,tax_exempt
Idaho,FY2005,3285,tax_exempt
Idaho,FY2006,3405,tax_exempt
Idaho,FY2007,3727,tax_exempt
Idaho,FY2008,3733,tax_exempt
Idaho,FY2009,5029,tax_exempt
Idaho,FY2010,6360,tax_exempt
Idaho,FY2011,6461,tax_exempt
Idaho,FY2012,6461,tax_exempt
Idaho,FY2013,6763,tax_exempt
Idaho,FY2014,6898,tax_exempt
Idaho,FY2015,7353,tax_exempt
Idaho,FY2016,6851,tax_exempt
Idaho,FY2017,7155,tax_exempt
Idaho,FY2018,7493,tax_exempt
Idaho,FY2019,7618,tax_exempt
Idaho,FY2020,6875,tax_exempt
Idaho,FY2021,7912,tax_exempt
Idaho,FY2022,8272,tax_exempt
Idaho,FY2023,8238,tax_exempt
Idaho,FY2024,8866,tax_exempt
Idaho,FY2025,9018,tax_exempt
Idaho,FY2000,991509,total
Idaho,FY2001,996747,total
Idaho,FY2002,1016476,total
Idaho,FY2003,937029.9289868092,total
Idaho,FY2004,1014145.281247534,total
Idaho,FY2005,1049563.6079495058,total
Idaho,FY2006,1091086,total
Idaho,FY2007,1145265,total
Idaho,FY2008,1243122,total
Idaho,FY2009,1180254,total
Idaho,FY2010,1126039,total
Idaho,FY2011,1131931.1465816365,total
Idaho,FY2012,1140121,total
Idaho,FY2013,1170079,total
Idaho,FY2014,1176812.95154623,total
Idaho,FY2015,1201670,total
Idaho,FY2016,1225081,total
Idaho,FY2017,1258134,total
Idaho,FY2018,1304822,total
Idaho,FY2019,1350746,total
Idaho,FY2020,1276831,total
Idaho,FY2021,1373473,total
Idaho,FY2022,1426573,total
Idaho,FY2023,1503858,total
Idaho,FY2024,1482093.2637520963,total
Idaho,FY2025,1550395,total
Illinois,FY2004,116088,c_corporation
Illinois,FY2005,115609,c_corporation
Illinois,FY2006,112013,c_corporation
Illinois,FY2007,115804,c_corporation
Illinois,FY2008,114846,c_corporation
Illinois,FY2009,112478,c_corporation
Illinois,FY2010,109874,c_corporation
Illinois,FY2011,106225,c_corporation
Illinois,FY2012,101726,c_corporation
Illinois,FY2013,99919,c_corporation
Illinois,FY2014,99333,c_corporation
Illinois,FY2015,98145,c_corporation
Illinois,FY2016,96720,c_corporation
Illinois,FY2017,90415,c_corporation
Illinois,FY2018,90759,c_corporation
Illinois,FY2019,91937,c_corporation
Illinois,FY2020,74070,c_corporation
Illinois,FY2021,94187,c_corporation
Illinois,FY2022,79998,c_corporation
Illinois,FY2023,105624,c_corporation
Illinois,FY2024,88092,c_corporation
Illinois,FY2025,91402,c_corporation
Illinois,FY2000,266435,corporation_total
Illinois,FY2001,252999,corporation_total
Illinois,FY2002,280570,corporation_total
Illinois,FY2003,283039,corporation_total
Illinois,FY2000,56741,employee_plan
Illinois,FY2001,47506,employee_plan
Illinois,FY2000,1293100,employment
Illinois,FY2001,1279544,employment
Illinois,FY2002,1293836,employment
Illinois,FY2003,1323296.642398693,employment
Illinois,FY2004,1330994.7394660383,employment
Illinois,FY2005,1343263,employment
Illinois,FY2006,1346463,employment
Illinois,FY2007,1322508,employment
Illinois,FY2008,1325242,employment
Illinois,FY2009,1308560,employment
Illinois,FY2010,1296621,employment
Illinois,FY2011,1287391,employment
Illinois,FY2012,1294205,employment
Illinois,FY2013,1300633,employment
Illinois,FY2014,1297965,employment
Illinois,FY2015,1308239,employment
Illinois,FY2016,1305868,employment
Illinois,FY2017,1308502,employment
Illinois,FY2018,1304553,employment
Illinois,FY2019,1309636,employment
Illinois,FY2020,1149381,employment
Illinois,FY2021,1399545,employment
Illinois,FY2022,1203485,employment
Illinois,FY2023,1467029,employment
Illinois,FY2024,1320192,employment
Illinois,FY2025,1329489,employment
Illinois,FY2000,6201,estate_tax
Illinois,FY2001,5664,estate_tax
Illinois,FY2002,6287,estate_tax
Illinois,FY2003,4414,estate_tax
Illinois,FY2004,3567,estate_tax
Illinois,FY2005,3043,estate_tax
Illinois,FY2006,2725,estate_tax
Illinois,FY2007,2152,estate_tax
Illinois,FY2008,1987,estate_tax
Illinois,FY2009,2203,estate_tax
Illinois,FY2010,1369,estate_tax
Illinois,FY2011,534,estate_tax
Illinois,FY2012,1266,estate_tax
Illinois,FY2013,1410,estate_tax
Illinois,FY2014,1360,estate_tax
Illinois,FY2015,1516,estate_tax
Illinois,FY2016,1567,estate_tax
Illinois,FY2017,1469,estate_tax
Illinois,FY2018,1470,estate_tax
Illinois,FY2019,1061,estate_tax
Illinois,FY2020,635,estate_tax
Illinois,FY2021,1225,estate_tax
Illinois,FY2022,971,estate_tax
Illinois,FY2023,2193,estate_tax
Illinois,FY2024,1332,estate_tax
Illinois,FY2025,1266,estate_tax
Illinois,FY2000,198646,estate_trust
Illinois,FY2001,198087,estate_trust
Illinois,FY2002,213792,estate_trust
Illinois,FY2003,201672,estate_trust
Illinois,FY2004,203633,estate_trust
Illinois,FY2005,202249,estate_trust
Illinois,FY2006,200972,estate_trust
Illinois,FY2007,204087,estate_trust
Illinois,FY2008,205085,estate_trust
Illinois,FY2009,215573,estate_trust
Illinois,FY2010,212955,estate_trust
Illinois,FY2011,214914,estate_trust
Illinois,FY2012,217823,estate_trust
Illinois,FY2013,234821,estate_trust
Illinois,FY2014,233094,estate_trust
Illinois,FY2015,231465,estate_trust
Illinois,FY2016,229246,estate_trust
Illinois,FY2017,214336,estate_trust
Illinois,FY2018,214390,estate_trust
Illinois,FY2019,213021,estate_trust
Illinois,FY2020,193031,estate_trust
Illinois,FY2021,210475,estate_trust
Illinois,FY2022,190953,estate_trust
Illinois,FY2023,210930,estate_trust
Illinois,FY2024,198546,estate_trust
Illinois,FY2025,199481,estate_trust
Illinois,FY2000,53818,estate_trust_estimated
Illinois,FY2001,54291,estate_trust_estimated
Illinois,FY2002,36719,estate_trust_estimated
Illinois,FY2003,44998,estate_trust_estimated
Illinois,FY2004,48342,estate_trust_estimated
Illinois,FY2005,34500.735196421454,estate_trust_estimated
Illinois,FY2006,37232,estate_trust_estimated
Illinois,FY2007,42301,estate_trust_estimated
Illinois,FY2008,49468,estate_trust_estimated
Illinois,FY2009,29675,estate_trust_estimated
Illinois,FY2010,19006,estate_trust_estimated
Illinois,FY2011,20247,estate_trust_estimated
Illinois,FY2012,21425,estate_trust_estimated
Illinois,FY2013,28535,estate_trust_estimated
Illinois,FY2014,27384.99220344304,estate_trust_estimated
Illinois,FY2015,39125.278259915445,estate_trust_estimated
Illinois,FY2016,33486,estate_trust_estimated
Illinois,FY2017,28415,estate_trust_estimated
Illinois,FY2018,36536,estate_trust_estimated
Illinois,FY2019,40162,estate_trust_estimated
Illinois,FY2020,32414,estate_trust_estimated
Illinois,FY2021,34237,estate_trust_estimated
Illinois,FY2022,42112,estate_trust_estimated
Illinois,FY2023,27907,estate_trust_estimated
Illinois,FY2024,28820,estate_trust_estimated
Illinois,FY2025,36702,estate_trust_estimated
Illinois,FY2000,45418,excise
Illinois,FY2001,37618,excise
Illinois,FY2002,42967,excise
Illinois,FY2003,39585,excise
Illinois,FY2004,32339,excise
Illinois,FY2005,50188,excise
Illinois,FY2006,46198,excise
Illinois,FY2007,44795,excise
Illinois,FY2008,43287,excise
Illinois,FY2009,41238,excise
Illinois,FY2010,44726,excise
Illinois,FY2011,26371,excise
Illinois,FY2012,65588,excise
Illinois,FY2013,50637,excise
Illinois,FY2014,55406,excise
Illinois,FY2015,58993,excise
Illinois,FY2016,56966,excise
Illinois,FY2017,57384,excise
Illinois,FY2018,60053,excise
Illinois,FY2019,60199,excise
Illinois,FY2020,50477,excise
Illinois,FY2021,72353,excise
Illinois,FY2022,65966,excise
Illinois,FY2023,67565,excise
Illinois,FY2024,65651,excise
Illinois,FY2025,66815,excise
Illinois,FY2000,13159,gift_tax
Illinois,FY2001,13149,gift_tax
Illinois,FY2002,12826,gift_tax
Illinois,FY2003,13121,gift_tax
Illinois,FY2004,11205,gift_tax
Illinois,FY2005,11901,gift_tax
Illinois,FY2006,10796,gift_tax
Illinois,FY2007,10703,gift_tax
Illinois,FY2008,10691,gift_tax
Illinois,FY2009,10507,gift_tax
Illinois,FY2010,9405,gift_tax
Illinois,FY2011,8813,gift_tax
Illinois,FY2012,10523,gift_tax
Illinois,FY2013,13223,gift_tax
Illinois,FY2014,13144,gift_tax
Illinois,FY2015,9589,gift_tax
Illinois,FY2016,9964,gift_tax
Illinois,FY2017,9649,gift_tax
Illinois,FY2018,9439,gift_tax
Illinois,FY2019,9054,gift_tax
Illinois,FY2020,5956,gift_tax
Illinois,FY2021,10437,gift_tax
Illinois,FY2022,9334,gift_tax
Illinois,FY2023,17988,gift_tax
Illinois,FY2024,10921,gift_tax
Illinois,FY2025,10925,gift_tax
Illinois,FY2000,1826341,individual_estimated
Illinois,FY2001,1744221,individual_estimated
Illinois,FY2002,1585294,individual_estimated
Illinois,FY2003,1336098,individual_estimated
Illinois,FY2004,1274964.5806451612,individual_estimated
Illinois,FY2005,1228245,individual_estimated
Illinois,FY2006,1267405,individual_estimated
Illinois,FY2007,1265593,individual_estimated
Illinois,FY2008,1318008,individual_estimated
Illinois,FY2009,1161944,individual_estimated
Illinois,FY2010,974594,individual_estimated
Illinois,FY2011,967039,individual_estimated
Illinois,FY2012,919369,individual_estimated
Illinois,FY2013,1015546,individual_estimated
Illinois,FY2014,968958,individual_estimated
Illinois,FY2015,995630,individual_estimated
Illinois,FY2016,951371,individual_estimated
Illinois,FY2017,915178,individual_estimated
Illinois,FY2018,916008,individual_estimated
Illinois,FY2019,909262,individual_estimated
Illinois,FY2020,477462,individual_estimated
Illinois,FY2021,565125,individual_estimated
Illinois,FY2022,778564,individual_estimated
Illinois,FY2023,725995,individual_estimated
Illinois,FY2024,736558,individual_estimated
Illinois,FY2025,758408,individual_estimated
Illinois,FY2000,5713267,individual_income
Illinois,FY2001,5776086,individual_income
Illinois,FY2002,5777829,individual_income
Illinois,FY2003,5727617,individual_income
Illinois,FY2004,5721222,individual_income
Illinois,FY2005,5756784,individual_income
Illinois,FY2006,5796754,individual_income
Illinois,FY2007,5968137,individual_income
Illinois,FY2008,6535199,individual_income
Illinois,FY2009,6134205,individual_income
Illinois,FY2010,5993124,individual_income
Illinois,FY2011,6035398,individual_income
Illinois,FY2012,6103373,individual_income
Illinois,FY2013,6092695,individual_income
Illinois,FY2014,6121352,individual_income
Illinois,FY2015,6136143,individual_income
Illinois,FY2016,6159898,individual_income
Illinois,FY2017,6115106,individual_income
Illinois,FY2018,6137583,individual_income
Illinois,FY2019,6123175,individual_income
Illinois,FY2020,6130496,individual_income
Illinois,FY2021,6441481,individual_income
Illinois,FY2022,6173949,individual_income
Illinois,FY2023,6273681,individual_income
Illinois,FY2024,6094211,individual_income
Illinois,FY2025,6171581,individual_income
Illinois,FY2000,74191,partnership
Illinois,FY2001,76469,partnership
Illinois,FY2002,79768,partnership
Illinois,FY2003,82989,partnership
Illinois,FY2004,86284,partnership
Illinois,FY2005,90995,partnership
Illinois,FY2006,93831,partnership
Illinois,FY2007,101260,partnership
Illinois,FY2008,107082,partnership
Illinois,FY2009,113670,partnership
Illinois,FY2010,113116,partnership
Illinois,FY2011,114584,partnership
Illinois,FY2012,117285,partnership
Illinois,FY2013,118715,partnership
Illinois,FY2014,123306,partnership
Illinois,FY2015,123365,partnership
Illinois,FY2016,127779,partnership
Illinois,FY2017,129810,partnership
Illinois,FY2018,132145,partnership
Illinois,FY2019,124019,partnership
Illinois,FY2020,142721,partnership
Illinois,FY2021,149423,partnership
Illinois,FY2022,140309,partnership
Illinois,FY2023,162401,partnership
Illinois,FY2024,155774,partnership
Illinois,FY2025,160021,partnership
Illinois,FY2004,179165,s_corporation
Illinois,FY2005,186762,s_corporation
Illinois,FY2006,194852,s_corporation
Illinois,FY2007,208436,s_corporation
Illinois,FY2008,221594,s_corporation
Illinois,FY2009,226645,s_corporation
Illinois,FY2010,230070,s_corporation
Illinois,FY2011,235997,s_corporation
Illinois,FY2012,238440,s_corporation
Illinois,FY2013,240796,s_corporation
Illinois,FY2014,247655,s_corporation
Illinois,FY2015,251077,s_corporation
Illinois,FY2016,259510,s_corporation
Illinois,FY2017,260800,s_corporation
Illinois,FY2018,266664,s_corporation
Illinois,FY2019,270174,s_corporation
Illinois,FY2020,257312,s_corporation
Illinois,FY2021,280383,s_corporation
Illinois,FY2022,266380,s_corporation
Illinois,FY2023,311711,s_corporation
Illinois,FY2024,293863,s_corporation
Illinois,FY2025,300860,s_corporation
Illinois,FY2000,552945.5920206364,supplemental
Illinois,FY2001,615355.7805055061,supplemental
Illinois,FY2002,664427.7704703065,supplemental
Illinois,FY2003,638664.8760427377,supplemental
Illinois,FY2004,633416.7874275269,supplemental
Illinois,FY2005,658284,supplemental
Illinois,FY2006,640669,supplemental
Illinois,FY2007,681466,supplemental
Illinois,FY2008,716676,supplemental
Illinois,FY2009,759265,supplemental
Illinois,FY2010,675918,supplemental
Illinois,FY2011,779695.0450205363,supplemental
Illinois,FY2012,793772,supplemental
Illinois,FY2013,792823,supplemental
Illinois,FY2014,746974,supplemental
Illinois,FY2015,774344,supplemental
Illinois,FY2016,757259,supplemental
Illinois,FY2017,824312,supplemental
Illinois,FY2018,870164,supplemental
Illinois,FY2019,903616,supplemental
Illinois,FY2020,675832,supplemental
Illinois,FY2021,897467,supplemental
Illinois,FY2022,1340730,supplemental
Illinois,FY2023,1357764,supplemental
Illinois,FY2024,1287057.7585422136,supplemental
Illinois,FY2025,1351060.4121814584,supplemental
Illinois,FY2000,32209,tax_exempt
Illinois,FY2001,32761,tax_exempt
Illinois,FY2002,34132,tax_exempt
Illinois,FY2003,34946,tax_exempt
Illinois,FY2004,35852,tax_exempt
Illinois,FY2005,35460,tax_exempt
Illinois,FY2006,35933,tax_exempt
Illinois,FY2007,37473,tax_exempt
Illinois,FY2008,37268,tax_exempt
Illinois,FY2009,48496,tax_exempt
Illinois,FY2010,56543,tax_exempt
Illinois,FY2011,57747,tax_exempt
Illinois,FY2012,56688,tax_exempt
Illinois,FY2013,62023,tax_exempt
Illinois,FY2014,62233,tax_exempt
Illinois,FY2015,64469,tax_exempt
Illinois,FY2016,61303,tax_exempt
Illinois,FY2017,63504,tax_exempt
Illinois,FY2018,63845,tax_exempt
Illinois,FY2019,63415,tax_exempt
Illinois,FY2020,50742,tax_exempt
Illinois,FY2021,68196,tax_exempt
Illinois,FY2022,65763,tax_exempt
Illinois,FY2023,66917,tax_exempt
Illinois,FY2024,65702,tax_exempt
Illinois,FY2025,65505,tax_exempt
Illinois,FY2000,10132471.592020636,total
Illinois,FY2001,10133750.780505506,total
Illinois,FY2002,10028447.770470306,total
Illinois,FY2003,9730440.518441431,total
Illinois,FY2004,9677073.107538726,total
Illinois,FY2005,9717283.735196425,total
Illinois,FY2006,9785843,total
Illinois,FY2007,10004715,total
Illinois,FY2008,10686433,total
Illinois,FY2009,10164459,total
Illinois,FY2010,9737321,total
Illinois,FY2011,9854955.045020536,total
Illinois,FY2012,9941483,total
Illinois,FY2013,10051776,total
Illinois,FY2014,9998164.992203444,total
Illinois,FY2015,10092100,total
Illinois,FY2016,10050937,total
Illinois,FY2017,10018880,total
Illinois,FY2018,10103609,total
Illinois,FY2019,10118731,total
Illinois,FY2020,9240529,total
Illinois,FY2021,10224534,total
Illinois,FY2022,10358514,total
Illinois,FY2023,10797705,total
Illinois,FY2024,10346719.758542214,total
Illinois,FY2025,10543515,total
Indiana,FY2004,26620,c_corporation
Indiana,FY2005,26311,c_corporation
Indiana,FY2006,25734,c_corporation
Indiana,FY2007,26397,c_corporation
Indiana,FY2008,25679,c_corporation
Indiana,FY2009,25444,c_corporation
Indiana,FY2010,23710,c_corporation
Indiana,FY2011,23280,c_corporation
Indiana,FY2012,22527,c_corporation
Indiana,FY2013,21887,c_corporation
Indiana,FY2014,21468,c_corporation
Indiana,FY2015,20730,c_corporation
Indiana,FY2016,20566,c_corporation
Indiana,FY2017,19419,c_corporation
Indiana,FY2018,19456,c_corporation
Indiana,FY2019,19526,c_corporation
Indiana,FY2020,15979,c_corporation
Indiana,FY2021,20594,c_corporation
Indiana,FY2022,17103,c_corporation
Indiana,FY2023,23106,c_corporation
Indiana,FY2024,19935,c_corporation
Indiana,FY2025,20719,c_corporation
Indiana,FY2000,104904,corporation_total
Indiana,FY2001,105927,corporation_total
Indiana,FY2002,106256,corporation_total
Indiana,FY2003,109202,corporation_total
Indiana,FY2000,21412,employee_plan
Indiana,FY2001,16502,employee_plan
Indiana,FY2000,575461,employment
Indiana,FY2001,570821,employment
Indiana,FY2002,572658,employment
Indiana,FY2003,587017.5174146958,employment
Indiana,FY2004,584286.1687578154,employment
Indiana,FY2005,586709,employment
Indiana,FY2006,584596,employment
Indiana,FY2007,575420,employment
Indiana,FY2008,567969,employment
Indiana,FY2009,556908,employment
Indiana,FY2010,547634,employment
Indiana,FY2011,535923,employment
Indiana,FY2012,535150,employment
Indiana,FY2013,534101,employment
Indiana,FY2014,530626,employment
Indiana,FY2015,531820,employment
Indiana,FY2016,528949,employment
Indiana,FY2017,528528,employment
Indiana,FY2018,531783,employment
Indiana,FY2019,537441,employment
Indiana,FY2020,466281,employment
Indiana,FY2021,579661,employment
Indiana,FY2022,500842,employment
Indiana,FY2023,617813,employment
Indiana,FY2024,560328,employment
Indiana,FY2025,571997,employment
Indiana,FY2000,2234,estate_tax
Indiana,FY2001,2237,estate_tax
Indiana,FY2002,2127,estate_tax
Indiana,FY2003,1462,estate_tax
Indiana,FY2004,1131,estate_tax
Indiana,FY2005,853,estate_tax
Indiana,FY2006,747,estate_tax
Indiana,FY2007,618,estate_tax
Indiana,FY2008,529,estate_tax
Indiana,FY2009,603,estate_tax
Indiana,FY2010,340,estate_tax
Indiana,FY2011,76,estate_tax
Indiana,FY2012,308,estate_tax
Indiana,FY2013,373,estate_tax
Indiana,FY2014,330,estate_tax
Indiana,FY2015,414,estate_tax
Indiana,FY2016,434,estate_tax
Indiana,FY2017,377,estate_tax
Indiana,FY2018,401,estate_tax
Indiana,FY2019,252,estate_tax
Indiana,FY2020,132,estate_tax
Indiana,FY2021,289,estate_tax
Indiana,FY2022,298,estate_tax
Indiana,FY2023,526,estate_tax
Indiana,FY2024,323,estate_tax
Indiana,FY2025,292,estate_tax
Indiana,FY2000,56355,estate_trust
Indiana,FY2001,54406,estate_trust
Indiana,FY2002,53833,estate_trust
Indiana,FY2003,51737,estate_trust
Indiana,FY2004,50124,estate_trust
Indiana,FY2005,49249,estate_trust
Indiana,FY2006,46502,estate_trust
Indiana,FY2007,44034,estate_trust
Indiana,FY2008,43784,estate_trust
Indiana,FY2009,43252,estate_trust
Indiana,FY2010,39691,estate_trust
Indiana,FY2011,39238,estate_trust
Indiana,FY2012,38335,estate_trust
Indiana,FY2013,38951,estate_trust
Indiana,FY2014,39891,estate_trust
Indiana,FY2015,39421,estate_trust
Indiana,FY2016,39987,estate_trust
Indiana,FY2017,38570,estate_trust
Indiana,FY2018,38798,estate_trust
Indiana,FY2019,38812,estate_trust
Indiana,FY2020,33535,estate_trust
Indiana,FY2021,38648,estate_trust
Indiana,FY2022,36227,estate_trust
Indiana,FY2023,45655,estate_trust
Indiana,FY2024,39453,estate_trust
Indiana,FY2025,39817,estate_trust
Indiana,FY2000,12560,estate_trust_estimated
Indiana,FY2001,11692,estate_trust_estimated
Indiana,FY2002,8840,estate_trust_estimated
Indiana,FY2003,8993,estate_trust_estimated
Indiana,FY2004,9578,estate_trust_estimated
Indiana,FY2005,7351.263731067974,estate_trust_estimated
Indiana,FY2006,9053,estate_trust_estimated
Indiana,FY2007,10801,estate_trust_estimated
Indiana,FY2008,13392,estate_trust_estimated
Indiana,FY2009,7131,estate_trust_estimated
Indiana,FY2010,4229,estate_trust_estimated
Indiana,FY2011,4721,estate_trust_estimated
Indiana,FY2012,4903,estate_trust_estimated
Indiana,FY2013,6225,estate_trust_estimated
Indiana,FY2014,6765.450473549265,estate_trust_estimated
Indiana,FY2015,9309.86502583656,estate_trust_estimated
Indiana,FY2016,8198,estate_trust_estimated
Indiana,FY2017,6698,estate_trust_estimated
Indiana,FY2018,8556,estate_trust_estimated
Indiana,FY2019,9631,estate_trust_estimated
Indiana,FY2020,7663,estate_trust_estimated
Indiana,FY2021,7699,estate_trust_estimated
Indiana,FY2022,10958,estate_trust_estimated
Indiana,FY2023,7016,estate_trust_estimated
Indiana,FY2024,6898,estate_trust_estimated
Indiana,FY2025,9072,estate_trust_estimated
Indiana,FY2000,29907,excise
Indiana,FY2001,25009,excise
Indiana,FY2002,28845,excise
Indiana,FY2003,26135,excise
Indiana,FY2004,20970,excise
Indiana,FY2005,33445,excise
Indiana,FY2006,29282,excise
Indiana,FY2007,27539,excise
Indiana,FY2008,26198,excise
Indiana,FY2009,23940,excise
Indiana,FY2010,25379,excise
Indiana,FY2011,16361,excise
Indiana,FY2012,35112,excise
Indiana,FY2013,25405,excise
Indiana,FY2014,28309,excise
Indiana,FY2015,28688,excise
Indiana,FY2016,28155,excise
Indiana,FY2017,27561,excise
Indiana,FY2018,28360,excise
Indiana,FY2019,28344,excise
Indiana,FY2020,23492,excise
Indiana,FY2021,34093,excise
Indiana,FY2022,31085,excise
Indiana,FY2023,34225,excise
Indiana,FY2024,32417,excise
Indiana,FY2025,32887,excise
Indiana,FY2000,5738,gift_tax
Indiana,FY2001,5663,gift_tax
Indiana,FY2002,5061,gift_tax
Indiana,FY2003,5241,gift_tax
Indiana,FY2004,4294,gift_tax
Indiana,FY2005,4760,gift_tax
Indiana,FY2006,4529,gift_tax
Indiana,FY2007,4249,gift_tax
Indiana,FY2008,4130,gift_tax
Indiana,FY2009,3915,gift_tax
Indiana,FY2010,3885,gift_tax
Indiana,FY2011,3405,gift_tax
Indiana,FY2012,4143,gift_tax
Indiana,FY2013,4895,gift_tax
Indiana,FY2014,4701,gift_tax
Indiana,FY2015,3399,gift_tax
Indiana,FY2016,3489,gift_tax
Indiana,FY2017,3498,gift_tax
Indiana,FY2018,3580,gift_tax
Indiana,FY2019,3471,gift_tax
Indiana,FY2020,2210,gift_tax
Indiana,FY2021,3932,gift_tax
Indiana,FY2022,3187,gift_tax
Indiana,FY2023,6812,gift_tax
Indiana,FY2024,4329,gift_tax
Indiana,FY2025,4211,gift_tax
Indiana,FY2000,811794,individual_estimated
Indiana,FY2001,761737,individual_estimated
Indiana,FY2002,750075,individual_estimated
Indiana,FY2003,653178,individual_estimated
Indiana,FY2004,619280.4677419355,individual_estimated
Indiana,FY2005,590516,individual_estimated
Indiana,FY2006,596086,individual_estimated
Indiana,FY2007,587189,individual_estimated
Indiana,FY2008,612083,individual_estimated
Indiana,FY2009,547777,individual_estimated
Indiana,FY2010,471065,individual_estimated
Indiana,FY2011,471379,individual_estimated
Indiana,FY2012,450207,individual_estimated
Indiana,FY2013,493750,individual_estimated
Indiana,FY2014,470490,individual_estimated
Indiana,FY2015,478651,individual_estimated
Indiana,FY2016,461745,individual_estimated
Indiana,FY2017,450184,individual_estimated
Indiana,FY2018,450473,individual_estimated
Indiana,FY2019,437036,individual_estimated
Indiana,FY2020,349860,individual_estimated
Indiana,FY2021,397427,individual_estimated
Indiana,FY2022,409145,individual_estimated
Indiana,FY2023,387573,individual_estimated
Indiana,FY2024,395924,individual_estimated
Indiana,FY2025,406679,individual_estimated
Indiana,FY2000,2802778,individual_income
Indiana,FY2001,2834412,individual_income
Indiana,FY2002,2824170,individual_income
Indiana,FY2003,2816895,individual_income
Indiana,FY2004,2815040,individual_income
Indiana,FY2005,2848276,individual_income
Indiana,FY2006,2872625,individual_income
Indiana,FY2007,2965560,individual_income
Indiana,FY2008,3236586,individual_income
Indiana,FY2009,3026559,individual_income
Indiana,FY2010,2943482,individual_income
Indiana,FY2011,2974480,individual_income
Indiana,FY2012,3007521,individual_income
Indiana,FY2013,3032318,individual_income
Indiana,FY2014,3048651,individual_income
Indiana,FY2015,3076743,individual_income
Indiana,FY2016,3106353,individual_income
Indiana,FY2017,3098002,individual_income
Indiana,FY2018,3130735,individual_income
Indiana,FY2019,3144994,individual_income
Indiana,FY2020,3211477,individual_income
Indiana,FY2021,3392012,individual_income
Indiana,FY2022,3275428,individual_income
Indiana,FY2023,3302617,individual_income
Indiana,FY2024,3233610,individual_income
Indiana,FY2025,3286014,individual_income
Indiana,FY2000,33293,partnership
Indiana,FY2001,35358,partnership
Indiana,FY2002,36954,partnership
Indiana,FY2003,39492,partnership
Indiana,FY2004,42064,partnership
Indiana,FY2005,44519,partnership
Indiana,FY2006,46085,partnership
Indiana,FY2007,49497,partnership
Indiana,FY2008,52327,partnership
Indiana,FY2009,54259,partnership
Indiana,FY2010,53950,partnership
Indiana,FY2011,54613,partnership
Indiana,FY2012,55116,partnership
Indiana,FY2013,56029,partnership
Indiana,FY2014,57506,partnership
Indiana,FY2015,57817,partnership
Indiana,FY2016,59900,partnership
Indiana,FY2017,60575,partnership
Indiana,FY2018,62011,partnership
Indiana,FY2019,60470,partnership
Indiana,FY2020,63733,partnership
Indiana,FY2021,69542,partnership
Indiana,FY2022,65245,partnership
Indiana,FY2023,75456,partnership
Indiana,FY2024,73128,partnership
Indiana,FY2025,75314,partnership
Indiana,FY2004,85341,s_corporation
Indiana,FY2005,86381,s_corporation
Indiana,FY2006,87855,s_corporation
Indiana,FY2007,91434,s_corporation
Indiana,FY2008,95395,s_corporation
Indiana,FY2009,93945,s_corporation
Indiana,FY2010,92824,s_corporation
Indiana,FY2011,92318,s_corporation
Indiana,FY2012,90995,s_corporation
Indiana,FY2013,90024,s_corporation
Indiana,FY2014,90547,s_corporation
Indiana,FY2015,89805,s_corporation
Indiana,FY2016,92161,s_corporation
Indiana,FY2017,90539,s_corporation
Indiana,FY2018,91537,s_corporation
Indiana,FY2019,91722,s_corporation
Indiana,FY2020,88006,s_corporation
Indiana,FY2021,93798,s_corporation
Indiana,FY2022,90573,s_corporation
Indiana,FY2023,103432,s_corporation
Indiana,FY2024,99218,s_corporation
Indiana,FY2025,99990,s_corporation
Indiana,FY2000,226520.5679238856,supplemental
Indiana,FY2001,239162.14175822213,supplemental
Indiana,FY2002,260782.16239719925,supplemental
Indiana,FY2003,259974.61902638304,supplemental
Indiana,FY2004,257332.8799715647,supplemental
Indiana,FY2005,263020,supplemental
Indiana,FY2006,257681,supplemental
Indiana,FY2007,272724,supplemental
Indiana,FY2008,291389,supplemental
Indiana,FY2009,307428,supplemental
Indiana,FY2010,258525,supplemental
Indiana,FY2011,295312.87021133135,supplemental
Indiana,FY2012,299953,supplemental
Indiana,FY2013,294094,supplemental
Indiana,FY2014,263061,supplemental
Indiana,FY2015,276324,supplemental
Indiana,FY2016,269550,supplemental
Indiana,FY2017,302960,supplemental
Indiana,FY2018,317834,supplemental
Indiana,FY2019,325074,supplemental
Indiana,FY2020,233526,supplemental
Indiana,FY2021,331832,supplemental
Indiana,FY2022,522061,supplemental
Indiana,FY2023,560422,supplemental
Indiana,FY2024,530433.0944207698,supplemental
Indiana,FY2025,558555.8347321975,supplemental
Indiana,FY2000,18027,tax_exempt
Indiana,FY2001,18114,tax_exempt
Indiana,FY2002,18619,tax_exempt
Indiana,FY2003,19276,tax_exempt
Indiana,FY2004,19042,tax_exempt
Indiana,FY2005,18721,tax_exempt
Indiana,FY2006,19408,tax_exempt
Indiana,FY2007,20193,tax_exempt
Indiana,FY2008,20000,tax_exempt
Indiana,FY2009,25681,tax_exempt
Indiana,FY2010,29327,tax_exempt
Indiana,FY2011,29798,tax_exempt
Indiana,FY2012,29458,tax_exempt
Indiana,FY2013,31865,tax_exempt
Indiana,FY2014,31345,tax_exempt
Indiana,FY2015,33780,tax_exempt
Indiana,FY2016,31093,tax_exempt
Indiana,FY2017,32436,tax_exempt
Indiana,FY2018,33426,tax_exempt
Indiana,FY2019,34081,tax_exempt
Indiana,FY2020,28181,tax_exempt
Indiana,FY2021,35255,tax_exempt
Indiana,FY2022,37083,tax_exempt
Indiana,FY2023,37308,tax_exempt
Indiana,FY2024,36968,tax_exempt
Indiana,FY2025,37800,tax_exempt
Indiana,FY2000,4700983.567923886,total
Indiana,FY2001,4681040.141758222,total
Indiana,FY2002,4668220.162397199,total
Indiana,FY2003,4578603.136441079,total
Indiana,FY2004,4535103.516471316,total
Indiana,FY2005,4560111.263731068,total
Indiana,FY2006,4580183,total
Indiana,FY2007,4675655,total
Indiana,FY2008,4989461,total
Indiana,FY2009,4716842,total
Indiana,FY2010,4494041,total
Indiana,FY2011,4540904.870211331,total
Indiana,FY2012,4573728,total
Indiana,FY2013,4629917,total
Indiana,FY2014,4593690.450473549,total
Indiana,FY2015,4646902,total
Indiana,FY2016,4650580,total
Indiana,FY2017,4659347,total
Indiana,FY2018,4716950,total
Indiana,FY2019,4730854,total
Indiana,FY2020,4524075,total
Indiana,FY2021,5004782,total
Indiana,FY2022,4999235,total
Indiana,FY2023,5201961,total
Indiana,FY2024,5032964.09442077,total
Indiana,FY2025,5143348,total
International,FY2004,34735,c_corporation
International,FY2005,32270,c_corporation
International,FY2000,31051,corporation_total
International,FY2001,32945,corporation_total
International,FY2002,33339,corporation_total
International,FY2003,34926,corporation_total
International,FY2000,4385,employee_plan
International,FY2001,3689,employee_plan
International,FY2000,229349,employment
International,FY2001,235551,employment
International,FY2002,236900,employment
International,FY2003,256713.42724914983,employment
International,FY2004,257036.40088775527,employment
International,FY2005,261121,employment
International,FY2000,867,estate_tax
International,FY2001,1026,estate_tax
International,FY2002,997,estate_tax
International,FY2003,841,estate_tax
International,FY2004,885,estate_tax
International,FY2005,826,estate_tax
International,FY2000,1973,estate_trust
International,FY2001,2030,estate_trust
International,FY2002,2012,estate_trust
International,FY2003,1905,estate_trust
International,FY2004,1871,estate_trust
International,FY2005,2035,estate_trust
International,FY2000,713,estate_trust_estimated
International,FY2001,709,estate_trust_estimated
International,FY2002,608,estate_trust_estimated
International,FY2003,435,estate_trust_estimated
International,FY2004,374,estate_trust_estimated
International,FY2005,453.2837855792814,estate_trust_estimated
International,FY2000,7747,excise
International,FY2001,7937,excise
International,FY2002,7133,excise
International,FY2003,6235,excise
International,FY2004,5808,excise
International,FY2005,8043,excise
International,FY2000,603,gift_tax
International,FY2001,773,gift_tax
International,FY2002,748,gift_tax
International,FY2003,844,gift_tax
International,FY2004,793,gift_tax
International,FY2005,672,gift_tax
International,FY2000,248968,individual_estimated
International,FY2001,228474,individual_estimated
International,FY2002,233757,individual_estimated
International,FY2003,214853,individual_estimated
International,FY2004,224411.2258064516,individual_estimated
International,FY2005,219997,individual_estimated
International,FY2000,1316067,individual_income
International,FY2001,1444647,individual_income
International,FY2002,1476756,individual_income
International,FY2003,1507242,individual_income
International,FY2004,1534055,individual_income
International,FY2005,1522684,individual_income
International,FY2000,3463,partnership
International,FY2001,3623,partnership
International,FY2002,4107,partnership
International,FY2003,4280,partnership
International,FY2004,4658,partnership
International,FY2005,5606,partnership
International,FY2004,1114,s_corporation
International,FY2005,1036,s_corporation
International,FY2000,388161.750187314,supplemental
International,FY2001,404610,supplemental
International,FY2002,443809,supplemental
International,FY2003,473326.9780817678,supplemental
International,FY2004,524197.07936039,supplemental
International,FY2005,533122,supplemental
International,FY2000,1166,tax_exempt
International,FY2001,1190,tax_exempt
International,FY2002,1439,tax_exempt
International,FY2003,1562,tax_exempt
International,FY2004,1685,tax_exempt
International,FY2005,1660,tax_exempt
International,FY2000,2234513.750187314,total
International,FY2001,2367204,total
International,FY2002,2441605,total
International,FY2003,2503163.405330918,total
International,FY2004,2591622.7060545967,total
International,FY2005,2589525.2837855793,total
Iowa,FY2004,26205,c_corporation
Iowa,FY2005,25625,c_corporation
Iowa,FY2006,25182,c_corporation
Iowa,FY2007,24769,c_corporation
Iowa,FY2008,25087,c_corporation
Iowa,FY2009,24483,c_corporation
Iowa,FY2010,23555,c_corporation
Iowa,FY2011,22942,c_corporation
Iowa,FY2012,22370,c_corporation
Iowa,FY2013,21946,c_corporation
Iowa,FY2014,21211,c_corporation
Iowa,FY2015,20922,c_corporation
Iowa,FY2016,20288,c_corporation
Iowa,FY2017,19211,c_corporation
Iowa,FY2018,18922,c_corporation
Iowa,FY2019,18498,c_corporation
Iowa,FY2020,15418,c_corporation
Iowa,FY2021,16496,c_corporation
Iowa,FY2022,19062,c_corporation
Iowa,FY2023,17991,c_corporation
Iowa,FY2024,16218,c_corporation
Iowa,FY2025,16425,c_corporation
Iowa,FY2000,53461,corporation_total
Iowa,FY2001,52599,corporation_total
Iowa,FY2002,54909,corporation_total
Iowa,FY2003,55949,corporation_total
Iowa,FY2000,13504,employee_plan
Iowa,FY2001,11316,employee_plan
Iowa,FY2000,344004,employment
Iowa,FY2001,337026,employment
Iowa,FY2002,337731,employment
Iowa,FY2003,343003.7446873702,employment
Iowa,FY2004,343882.5232477065,employment
Iowa,FY2005,341821,employment
Iowa,FY2006,337871,employment
Iowa,FY2007,328001,employment
Iowa,FY2008,325984,employment
Iowa,FY2009,325367,employment
Iowa,FY2010,320174,employment
Iowa,FY2011,315988,employment
Iowa,FY2012,319092,employment
Iowa,FY2013,321087,employment
Iowa,FY2014,318216,employment
Iowa,FY2015,318456,employment
Iowa,FY2016,318256,employment
Iowa,FY2017,317971,employment
Iowa,FY2018,319313,employment
Iowa,FY2019,324408,employment
Iowa,FY2020,279715,employment
Iowa,FY2021,329286,employment
Iowa,FY2022,316768,employment
Iowa,FY2023,352203,employment
Iowa,FY2024,318171,employment
Iowa,FY2025,324516,employment
Iowa,FY2000,1752,estate_tax
Iowa,FY2001,1585,estate_tax
Iowa,FY2002,1744,estate_tax
Iowa,FY2003,1075,estate_tax
Iowa,FY2004,865,estate_tax
Iowa,FY2005,626,estate_tax
Iowa,FY2006,601,estate_tax
Iowa,FY2007,419,estate_tax
Iowa,FY2008,424,estate_tax
Iowa,FY2009,460,estate_tax
Iowa,FY2010,233,estate_tax
Iowa,FY2011,49,estate_tax
Iowa,FY2012,502,estate_tax
Iowa,FY2013,616,estate_tax
Iowa,FY2014,713,estate_tax
Iowa,FY2015,720,estate_tax
Iowa,FY2016,640,estate_tax
Iowa,FY2017,623,estate_tax
Iowa,FY2018,576,estate_tax
Iowa,FY2019,384,estate_tax
Iowa,FY2020,210,estate_tax
Iowa,FY2021,459,estate_tax
Iowa,FY2022,496,estate_tax
Iowa,FY2023,858,estate_tax
Iowa,FY2024,560,estate_tax
Iowa,FY2025,470,estate_tax
Iowa,FY2000,51484,estate_trust
Iowa,FY2001,51867,estate_trust
Iowa,FY2002,56279,estate_trust
Iowa,FY2003,56912,estate_trust
Iowa,FY2004,54849,estate_trust
Iowa,FY2005,49907,estate_trust
Iowa,FY2006,46979,estate_trust
Iowa,FY2007,47281,estate_trust
Iowa,FY2008,31380,estate_trust
Iowa,FY2009,31844,estate_trust
Iowa,FY2010,31555,estate_trust
Iowa,FY2011,31114,estate_trust
Iowa,FY2012,30756,estate_trust
Iowa,FY2013,31092,estate_trust
Iowa,FY2014,31245,estate_trust
Iowa,FY2015,30972,estate_trust
Iowa,FY2016,30712,estate_trust
Iowa,FY2017,29904,estate_trust
Iowa,FY2018,29603,estate_trust
Iowa,FY2019,29639,estate_trust
Iowa,FY2020,24883,estate_trust
Iowa,FY2021,29771,estate_trust
Iowa,FY2022,29078,estate_trust
Iowa,FY2023,34304,estate_trust
Iowa,FY2024,29764,estate_trust
Iowa,FY2025,30355,estate_trust
Iowa,FY2000,9022,estate_trust_estimated
Iowa,FY2001,8257,estate_trust_estimated
Iowa,FY2002,5110,estate_trust_estimated
Iowa,FY2003,4194,estate_trust_estimated
Iowa,FY2004,4124,estate_trust_estimated
Iowa,FY2005,2696.225864023375,estate_trust_estimated
Iowa,FY2006,4429,estate_trust_estimated
Iowa,FY2007,4840,estate_trust_estimated
Iowa,FY2008,5774,estate_trust_estimated
Iowa,FY2009,3476,estate_trust_estimated
Iowa,FY2010,2221,estate_trust_estimated
Iowa,FY2011,2600,estate_trust_estimated
Iowa,FY2012,2815,estate_trust_estimated
Iowa,FY2013,3744,estate_trust_estimated
Iowa,FY2014,6377.622102454085,estate_trust_estimated
Iowa,FY2015,5283.111232645616,estate_trust_estimated
Iowa,FY2016,4689,estate_trust_estimated
Iowa,FY2017,3582,estate_trust_estimated
Iowa,FY2018,4583,estate_trust_estimated
Iowa,FY2019,5165,estate_trust_estimated
Iowa,FY2020,4226,estate_trust_estimated
Iowa,FY2021,4206,estate_trust_estimated
Iowa,FY2022,5734,estate_trust_estimated
Iowa,FY2023,3632,estate_trust_estimated
Iowa,FY2024,3399,estate_trust_estimated
Iowa,FY2025,4537,estate_trust_estimated
Iowa,FY2000,19541,excise
Iowa,FY2001,15944,excise
Iowa,FY2002,19043,excise
Iowa,FY2003,17869,excise
Iowa,FY2004,13406,excise
Iowa,FY2005,24360,excise
Iowa,FY2006,22320,excise
Iowa,FY2007,21568,excise
Iowa,FY2008,20873,excise
Iowa,FY2009,19710,excise
Iowa,FY2010,21571,excise
Iowa,FY2011,13111,excise
Iowa,FY2012,36094,excise
Iowa,FY2013,26903,excise
Iowa,FY2014,28499,excise
Iowa,FY2015,28334,excise
Iowa,FY2016,27945,excise
Iowa,FY2017,27469,excise
Iowa,FY2018,27899,excise
Iowa,FY2019,28245,excise
Iowa,FY2020,22966,excise
Iowa,FY2021,34344,excise
Iowa,FY2022,29285,excise
Iowa,FY2023,30952,excise
Iowa,FY2024,30167,excise
Iowa,FY2025,29750,excise
Iowa,FY2000,2668,gift_tax
Iowa,FY2001,2734,gift_tax
Iowa,FY2002,2257,gift_tax
Iowa,FY2003,2250,gift_tax
Iowa,FY2004,1920,gift_tax
Iowa,FY2005,2242,gift_tax
Iowa,FY2006,2107,gift_tax
Iowa,FY2007,2020,gift_tax
Iowa,FY2008,1975,gift_tax
Iowa,FY2009,1958,gift_tax
Iowa,FY2010,1804,gift_tax
Iowa,FY2011,1831,gift_tax
Iowa,FY2012,2097,gift_tax
Iowa,FY2013,3399,gift_tax
Iowa,FY2014,2851,gift_tax
Iowa,FY2015,1993,gift_tax
Iowa,FY2016,2100,gift_tax
Iowa,FY2017,2059,gift_tax
Iowa,FY2018,2185,gift_tax
Iowa,FY2019,1952,gift_tax
Iowa,FY2020,1304,gift_tax
Iowa,FY2021,2325,gift_tax
Iowa,FY2022,1973,gift_tax
Iowa,FY2023,4210,gift_tax
Iowa,FY2024,2601,gift_tax
Iowa,FY2025,2592,gift_tax
Iowa,FY2000,514353,individual_estimated
Iowa,FY2001,490773,individual_estimated
Iowa,FY2002,457702,individual_estimated
Iowa,FY2003,392886,individual_estimated
Iowa,FY2004,379643.46774193546,individual_estimated
Iowa,FY2005,361515,individual_estimated
Iowa,FY2006,371300,individual_estimated
Iowa,FY2007,371427,individual_estimated
Iowa,FY2008,386476,individual_estimated
Iowa,FY2009,370227,individual_estimated
Iowa,FY2010,315227,individual_estimated
Iowa,FY2011,313460,individual_estimated
Iowa,FY2012,307061,individual_estimated
Iowa,FY2013,342945,individual_estimated
Iowa,FY2014,324403,individual_estimated
Iowa,FY2015,329305,individual_estimated
Iowa,FY2016,312811,individual_estimated
Iowa,FY2017,303246,individual_estimated
Iowa,FY2018,299919,individual_estimated
Iowa,FY2019,290903,individual_estimated
Iowa,FY2020,245285,individual_estimated
Iowa,FY2021,271451,individual_estimated
Iowa,FY2022,277309,individual_estimated
Iowa,FY2023,268892,individual_estimated
Iowa,FY2024,271873,individual_estimated
Iowa,FY2025,280573,individual_estimated
Iowa,FY2000,1344915,individual_income
Iowa,FY2001,1349303,individual_income
Iowa,FY2002,1338787,individual_income
Iowa,FY2003,1326189,individual_income
Iowa,FY2004,1324353,individual_income
Iowa,FY2005,1333959,individual_income
Iowa,FY2006,1342065,individual_income
Iowa,FY2007,1376226,individual_income
Iowa,FY2008,1532064,individual_income
Iowa,FY2009,1421256,individual_income
Iowa,FY2010,1385540,individual_income
Iowa,FY2011,1394596,individual_income
Iowa,FY2012,1413882,individual_income
Iowa,FY2013,1425640,individual_income
Iowa,FY2014,1435089,individual_income
Iowa,FY2015,1444211,individual_income
Iowa,FY2016,1451989,individual_income
Iowa,FY2017,1446074,individual_income
Iowa,FY2018,1455526,individual_income
Iowa,FY2019,1456075,individual_income
Iowa,FY2020,1485596,individual_income
Iowa,FY2021,1585215,individual_income
Iowa,FY2022,1496171,individual_income
Iowa,FY2023,1505718,individual_income
Iowa,FY2024,1478656,individual_income
Iowa,FY2025,1493490,individual_income
Iowa,FY2000,22391,partnership
Iowa,FY2001,23259,partnership
Iowa,FY2002,23764,partnership
Iowa,FY2003,24717,partnership
Iowa,FY2004,25916,partnership
Iowa,FY2005,26821,partnership
Iowa,FY2006,27951,partnership
Iowa,FY2007,29794,partnership
Iowa,FY2008,31969,partnership
Iowa,FY2009,32969,partnership
Iowa,FY2010,33100,partnership
Iowa,FY2011,33599,partnership
Iowa,FY2012,34102,partnership
Iowa,FY2013,35116,partnership
Iowa,FY2014,36398,partnership
Iowa,FY2015,37136,partnership
Iowa,FY2016,38169,partnership
Iowa,FY2017,39349,partnership
Iowa,FY2018,40567,partnership
Iowa,FY2019,40031,partnership
Iowa,FY2020,39737,partnership
Iowa,FY2021,45782,partnership
Iowa,FY2022,42790,partnership
Iowa,FY2023,48486,partnership
Iowa,FY2024,46481,partnership
Iowa,FY2025,47264,partnership
Iowa,FY2004,29838,s_corporation
Iowa,FY2005,31340,s_corporation
Iowa,FY2006,33177,s_corporation
Iowa,FY2007,34792,s_corporation
Iowa,FY2008,37428,s_corporation
Iowa,FY2009,37872,s_corporation
Iowa,FY2010,38443,s_corporation
Iowa,FY2011,39353,s_corporation
Iowa,FY2012,40013,s_corporation
Iowa,FY2013,40024,s_corporation
Iowa,FY2014,40572,s_corporation
Iowa,FY2015,40967,s_corporation
Iowa,FY2016,41858,s_corporation
Iowa,FY2017,42564,s_corporation
Iowa,FY2018,43480,s_corporation
Iowa,FY2019,44532,s_corporation
Iowa,FY2020,43266,s_corporation
Iowa,FY2021,45462,s_corporation
Iowa,FY2022,47678,s_corporation
Iowa,FY2023,48711,s_corporation
Iowa,FY2024,48279,s_corporation
Iowa,FY2025,49582,s_corporation
Iowa,FY2000,94501.23604435712,supplemental
Iowa,FY2001,103193.27711557808,supplemental
Iowa,FY2002,112117.26913176537,supplemental
Iowa,FY2003,109697.36395926724,supplemental
Iowa,FY2004,107797.45827024632,supplemental
Iowa,FY2005,111315,supplemental
Iowa,FY2006,101964,supplemental
Iowa,FY2007,118465,supplemental
Iowa,FY2008,127639,supplemental
Iowa,FY2009,142163,supplemental
Iowa,FY2010,121282,supplemental
Iowa,FY2011,139193.09396937938,supplemental
Iowa,FY2012,139851,supplemental
Iowa,FY2013,148383,supplemental
Iowa,FY2014,127062,supplemental
Iowa,FY2015,134158,supplemental
Iowa,FY2016,132057,supplemental
Iowa,FY2017,147884,supplemental
Iowa,FY2018,155513,supplemental
Iowa,FY2019,174024,supplemental
Iowa,FY2020,122940,supplemental
Iowa,FY2021,169944,supplemental
Iowa,FY2022,268965,supplemental
Iowa,FY2023,288100,supplemental
Iowa,FY2024,275740.7926796453,supplemental
Iowa,FY2025,281943.61616466567,supplemental
Iowa,FY2000,9992,tax_exempt
Iowa,FY2001,10472,tax_exempt
Iowa,FY2002,10228,tax_exempt
Iowa,FY2003,10402,tax_exempt
Iowa,FY2004,10622,tax_exempt
Iowa,FY2005,10828,tax_exempt
Iowa,FY2006,10494,tax_exempt
Iowa,FY2007,11241,tax_exempt
Iowa,FY2008,11135,tax_exempt
Iowa,FY2009,21639,tax_exempt
Iowa,FY2010,25395,tax_exempt
Iowa,FY2011,25122,tax_exempt
Iowa,FY2012,24607,tax_exempt
Iowa,FY2013,26458,tax_exempt
Iowa,FY2014,26035,tax_exempt
Iowa,FY2015,26900,tax_exempt
Iowa,FY2016,25815,tax_exempt
Iowa,FY2017,26140,tax_exempt
Iowa,FY2018,26581,tax_exempt
Iowa,FY2019,26501,tax_exempt
Iowa,FY2020,23991,tax_exempt
Iowa,FY2021,27247,tax_exempt
Iowa,FY2022,27737,tax_exempt
Iowa,FY2023,27668,tax_exempt
Iowa,FY2024,27462,tax_exempt
Iowa,FY2025,28153,tax_exempt
Iowa,FY2000,2481588.236044357,total
Iowa,FY2001,2458328.2771155783,total
Iowa,FY2002,2419671.2691317652,total
Iowa,FY2003,2345144.1086466373,total
Iowa,FY2004,2323421.4492598884,total
Iowa,FY2005,2323055.225864023,total
Iowa,FY2006,2326440,total
Iowa,FY2007,2370843,total
Iowa,FY2008,2538208,total
Iowa,FY2009,2433424,total
Iowa,FY2010,2320100,total
Iowa,FY2011,2332958.0939693796,total
Iowa,FY2012,2373242,total
Iowa,FY2013,2427353,total
Iowa,FY2014,2398671.6221024543,total
Iowa,FY2015,2419357,total
Iowa,FY2016,2407329,total
Iowa,FY2017,2406076,total
Iowa,FY2018,2424667,total
Iowa,FY2019,2440357,total
Iowa,FY2020,2309537,total
Iowa,FY2021,2561988,total
Iowa,FY2022,2563046,total
Iowa,FY2023,2631725,total
Iowa,FY2024,2549371.792679645,total
Iowa,FY2025,2589651,total
Kansas,FY2004,22131,c_corporation
Kansas,FY2005,21323,c_corporation
Kansas,FY2006,21026,c_corporation
Kansas,FY2007,20379,c_corporation
Kansas,FY2008,20730,c_corporation
Kansas,FY2009,20062,c_corporation
Kansas,FY2010,19057,c_corporation
Kansas,FY2011,18260,c_corporation
Kansas,FY2012,17659,c_corporation
Kansas,FY2013,17193,c_corporation
Kansas,FY2014,16779,c_corporation
Kansas,FY2015,16135,c_corporation
Kansas,FY2016,15721,c_corporation
Kansas,FY2017,14362,c_corporation
Kansas,FY2018,14280,c_corporation
Kansas,FY2019,13805,c_corporation
Kansas,FY2020,11997,c_corporation
Kansas,FY2021,12704,c_corporation
Kansas,FY2022,14282,c_corporation
Kansas,FY2023,13259,c_corporation
Kansas,FY2024,12336,c_corporation
Kansas,FY2025,12266,c_corporation
Kansas,FY2000,45509,corporation_total
Kansas,FY2001,46946,corporation_total
Kansas,FY2002,47424,corporation_total
Kansas,FY2003,48890,corporation_total
Kansas,FY2000,11387,employee_plan
Kansas,FY2001,8868,employee_plan
Kansas,FY2000,318978,employment
Kansas,FY2001,315790,employment
Kansas,FY2002,315010,employment
Kansas,FY2003,322457.6349824399,employment
Kansas,FY2004,324341.70220331906,employment
Kansas,FY2005,326039,employment
Kansas,FY2006,322531,employment
Kansas,FY2007,311756,employment
Kansas,FY2008,310259,employment
Kansas,FY2009,308716,employment
Kansas,FY2010,302072,employment
Kansas,FY2011,293355,employment
Kansas,FY2012,296366,employment
Kansas,FY2013,298798,employment
Kansas,FY2014,298049,employment
Kansas,FY2015,298817,employment
Kansas,FY2016,298732,employment
Kansas,FY2017,295743,employment
Kansas,FY2018,295460,employment
Kansas,FY2019,297345,employment
Kansas,FY2020,258938,employment
Kansas,FY2021,300342,employment
Kansas,FY2022,293152,employment
Kansas,FY2023,321568,employment
Kansas,FY2024,298187,employment
Kansas,FY2025,303569,employment
Kansas,FY2000,1242,estate_tax
Kansas,FY2001,1318,estate_tax
Kansas,FY2002,1221,estate_tax
Kansas,FY2003,864,estate_tax
Kansas,FY2004,668,estate_tax
Kansas,FY2005,549,estate_tax
Kansas,FY2006,510,estate_tax
Kansas,FY2007,362,estate_tax
Kansas,FY2008,357,estate_tax
Kansas,FY2009,401,estate_tax
Kansas,FY2010,254,estate_tax
Kansas,FY2011,95,estate_tax
Kansas,FY2012,238,estate_tax
Kansas,FY2013,291,estate_tax
Kansas,FY2014,350,estate_tax
Kansas,FY2015,393,estate_tax
Kansas,FY2016,362,estate_tax
Kansas,FY2017,324,estate_tax
Kansas,FY2018,295,estate_tax
Kansas,FY2019,219,estate_tax
Kansas,FY2020,116,estate_tax
Kansas,FY2021,268,estate_tax
Kansas,FY2022,249,estate_tax
Kansas,FY2023,460,estate_tax
Kansas,FY2024,271,estate_tax
Kansas,FY2025,257,estate_tax
Kansas,FY2000,27045,estate_trust
Kansas,FY2001,27070,estate_trust
Kansas,FY2002,26521,estate_trust
Kansas,FY2003,26478,estate_trust
Kansas,FY2004,26653,estate_trust
Kansas,FY2005,26138,estate_trust
Kansas,FY2006,26130,estate_trust
Kansas,FY2007,26541,estate_trust
Kansas,FY2008,27496,estate_trust
Kansas,FY2009,27620,estate_trust
Kansas,FY2010,27226,estate_trust
Kansas,FY2011,27577,estate_trust
Kansas,FY2012,27523,estate_trust
Kansas,FY2013,28170,estate_trust
Kansas,FY2014,28214,estate_trust
Kansas,FY2015,28230,estate_trust
Kansas,FY2016,28148,estate_trust
Kansas,FY2017,26925,estate_trust
Kansas,FY2018,27759,estate_trust
Kansas,FY2019,27598,estate_trust
Kansas,FY2020,25351,estate_trust
Kansas,FY2021,28125,estate_trust
Kansas,FY2022,26375,estate_trust
Kansas,FY2023,29467,estate_trust
Kansas,FY2024,28288,estate_trust
Kansas,FY2025,29056,estate_trust
Kansas,FY2000,9570,estate_trust_estimated
Kansas,FY2001,9363,estate_trust_estimated
Kansas,FY2002,6710,estate_trust_estimated
Kansas,FY2003,4866,estate_trust_estimated
Kansas,FY2004,4736,estate_trust_estimated
Kansas,FY2005,3249.436752399683,estate_trust_estimated
Kansas,FY2006,6258,estate_trust_estimated
Kansas,FY2007,8149,estate_trust_estimated
Kansas,FY2008,9965,estate_trust_estimated
Kansas,FY2009,6202,estate_trust_estimated
Kansas,FY2010,3714,estate_trust_estimated
Kansas,FY2011,4275,estate_trust_estimated
Kansas,FY2012,4452,estate_trust_estimated
Kansas,FY2013,5591,estate_trust_estimated
Kansas,FY2014,5041.76882423735,estate_trust_estimated
Kansas,FY2015,8382.98091489194,estate_trust_estimated
Kansas,FY2016,7278,estate_trust_estimated
Kansas,FY2017,5764,estate_trust_estimated
Kansas,FY2018,7621,estate_trust_estimated
Kansas,FY2019,8250,estate_trust_estimated
Kansas,FY2020,7016,estate_trust_estimated
Kansas,FY2021,6541,estate_trust_estimated
Kansas,FY2022,8747,estate_trust_estimated
Kansas,FY2023,5727,estate_trust_estimated
Kansas,FY2024,5465,estate_trust_estimated
Kansas,FY2025,7492,estate_trust_estimated
Kansas,FY2000,14435,excise
Kansas,FY2001,11888,excise
Kansas,FY2002,13296,excise
Kansas,FY2003,12489,excise
Kansas,FY2004,9506,excise
Kansas,FY2005,16679,excise
Kansas,FY2006,14775,excise
Kansas,FY2007,14407,excise
Kansas,FY2008,14270,excise
Kansas,FY2009,13309,excise
Kansas,FY2010,14347,excise
Kansas,FY2011,9224,excise
Kansas,FY2012,24631,excise
Kansas,FY2013,17251,excise
Kansas,FY2014,18331,excise
Kansas,FY2015,18418,excise
Kansas,FY2016,18246,excise
Kansas,FY2017,18219,excise
Kansas,FY2018,18166,excise
Kansas,FY2019,18489,excise
Kansas,FY2020,14977,excise
Kansas,FY2021,22482,excise
Kansas,FY2022,19112,excise
Kansas,FY2023,20586,excise
Kansas,FY2024,19809,excise
Kansas,FY2025,19613,excise
Kansas,FY2000,3108,gift_tax
Kansas,FY2001,3150,gift_tax
Kansas,FY2002,2630,gift_tax
Kansas,FY2003,2653,gift_tax
Kansas,FY2004,2322,gift_tax
Kansas,FY2005,2553,gift_tax
Kansas,FY2006,2334,gift_tax
Kansas,FY2007,2270,gift_tax
Kansas,FY2008,2254,gift_tax
Kansas,FY2009,2262,gift_tax
Kansas,FY2010,2108,gift_tax
Kansas,FY2011,1937,gift_tax
Kansas,FY2012,2376,gift_tax
Kansas,FY2013,2978,gift_tax
Kansas,FY2014,3143,gift_tax
Kansas,FY2015,2210,gift_tax
Kansas,FY2016,2225,gift_tax
Kansas,FY2017,2197,gift_tax
Kansas,FY2018,2261,gift_tax
Kansas,FY2019,2040,gift_tax
Kansas,FY2020,1324,gift_tax
Kansas,FY2021,2515,gift_tax
Kansas,FY2022,2018,gift_tax
Kansas,FY2023,4206,gift_tax
Kansas,FY2024,2336,gift_tax
Kansas,FY2025,2473,gift_tax
Kansas,FY2000,442124,individual_estimated
Kansas,FY2001,430102,individual_estimated
Kansas,FY2002,390144,individual_estimated
Kansas,FY2003,331434,individual_estimated
Kansas,FY2004,323974.20967741933,individual_estimated
Kansas,FY2005,307290,individual_estimated
Kansas,FY2006,317919,individual_estimated
Kansas,FY2007,324222,individual_estimated
Kansas,FY2008,320929,individual_estimated
Kansas,FY2009,312694,individual_estimated
Kansas,FY2010,256034,individual_estimated
Kansas,FY2011,256519,individual_estimated
Kansas,FY2012,244195,individual_estimated
Kansas,FY2013,271980,individual_estimated
Kansas,FY2014,257029,individual_estimated
Kansas,FY2015,260056,individual_estimated
Kansas,FY2016,241771,individual_estimated
Kansas,FY2017,231946,individual_estimated
Kansas,FY2018,233057,individual_estimated
Kansas,FY2019,230949,individual_estimated
Kansas,FY2020,117797,individual_estimated
Kansas,FY2021,16994,individual_estimated
Kansas,FY2022,7762,individual_estimated
Kansas,FY2023,8844,individual_estimated
Kansas,FY2024,11216,individual_estimated
Kansas,FY2025,46503,individual_estimated
Kansas,FY2000,1212401,individual_income
Kansas,FY2001,1219214,individual_income
Kansas,FY2002,1226275,individual_income
Kansas,FY2003,1219506,individual_income
Kansas,FY2004,1217939,individual_income
Kansas,FY2005,1228885,individual_income
Kansas,FY2006,1232747,individual_income
Kansas,FY2007,1285611,individual_income
Kansas,FY2008,1399792,individual_income
Kansas,FY2009,1330840,individual_income
Kansas,FY2010,1309679,individual_income
Kansas,FY2011,1305935,individual_income
Kansas,FY2012,1323293,individual_income
Kansas,FY2013,1326135,individual_income
Kansas,FY2014,1328787,individual_income
Kansas,FY2015,1336136,individual_income
Kansas,FY2016,1339801,individual_income
Kansas,FY2017,1324975,individual_income
Kansas,FY2018,1334020,individual_income
Kansas,FY2019,1334685,individual_income
Kansas,FY2020,1360125,individual_income
Kansas,FY2021,1430119,individual_income
Kansas,FY2022,1377873,individual_income
Kansas,FY2023,1380516,individual_income
Kansas,FY2024,1361800,individual_income
Kansas,FY2025,1379277,individual_income
Kansas,FY2000,22015,partnership
Kansas,FY2001,23248,partnership
Kansas,FY2002,23532,partnership
Kansas,FY2003,25094,partnership
Kansas,FY2004,26326,partnership
Kansas,FY2005,26961,partnership
Kansas,FY2006,27837,partnership
Kansas,FY2007,29941,partnership
Kansas,FY2008,31443,partnership
Kansas,FY2009,33442,partnership
Kansas,FY2010,33328,partnership
Kansas,FY2011,33724,partnership
Kansas,FY2012,34498,partnership
Kansas,FY2013,35515,partnership
Kansas,FY2014,36691,partnership
Kansas,FY2015,37522,partnership
Kansas,FY2016,38366,partnership
Kansas,FY2017,39408,partnership
Kansas,FY2018,39999,partnership
Kansas,FY2019,38681,partnership
Kansas,FY2020,40734,partnership
Kansas,FY2021,44335,partnership
Kansas,FY2022,42001,partnership
Kansas,FY2023,47771,partnership
Kansas,FY2024,45703,partnership
Kansas,FY2025,46410,partnership
Kansas,FY2004,27244,s_corporation
Kansas,FY2005,27875,s_corporation
Kansas,FY2006,29605,s_corporation
Kansas,FY2007,30639,s_corporation
Kansas,FY2008,33243,s_corporation
Kansas,FY2009,33677,s_corporation
Kansas,FY2010,34078,s_corporation
Kansas,FY2011,34283,s_corporation
Kansas,FY2012,34227,s_corporation
Kansas,FY2013,34291,s_corporation
Kansas,FY2014,34661,s_corporation
Kansas,FY2015,35070,s_corporation
Kansas,FY2016,35714,s_corporation
Kansas,FY2017,36147,s_corporation
Kansas,FY2018,36835,s_corporation
Kansas,FY2019,37262,s_corporation
Kansas,FY2020,36194,s_corporation
Kansas,FY2021,37815,s_corporation
Kansas,FY2022,39638,s_corporation
Kansas,FY2023,41310,s_corporation
Kansas,FY2024,41153,s_corporation
Kansas,FY2025,41881,s_corporation
Kansas,FY2000,110045,supplemental
Kansas,FY2001,141885.48420529588,supplemental
Kansas,FY2002,152141.1463782174,supplemental
Kansas,FY2003,148932.03767063838,supplemental
Kansas,FY2004,147928.34380885557,supplemental
Kansas,FY2005,150039,supplemental
Kansas,FY2006,129713,supplemental
Kansas,FY2007,148620,supplemental
Kansas,FY2008,155808,supplemental
Kansas,FY2009,168909,supplemental
Kansas,FY2010,150170,supplemental
Kansas,FY2011,166882.2150888102,supplemental
Kansas,FY2012,170636,supplemental
Kansas,FY2013,178428,supplemental
Kansas,FY2014,162071,supplemental
Kansas,FY2015,169650,supplemental
Kansas,FY2016,163581,supplemental
Kansas,FY2017,183605,supplemental
Kansas,FY2018,190287,supplemental
Kansas,FY2019,197761,supplemental
Kansas,FY2020,144025,supplemental
Kansas,FY2021,187917,supplemental
Kansas,FY2022,286732,supplemental
Kansas,FY2023,300482,supplemental
Kansas,FY2024,292326.3137073806,supplemental
Kansas,FY2025,302422.5568360822,supplemental
Kansas,FY2000,8011,tax_exempt
Kansas,FY2001,8042,tax_exempt
Kansas,FY2002,8293,tax_exempt
Kansas,FY2003,8451,tax_exempt
Kansas,FY2004,8443,tax_exempt
Kansas,FY2005,8457,tax_exempt
Kansas,FY2006,8740,tax_exempt
Kansas,FY2007,9100,tax_exempt
Kansas,FY2008,9042,tax_exempt
Kansas,FY2009,12445,tax_exempt
Kansas,FY2010,14401,tax_exempt
Kansas,FY2011,14659,tax_exempt
Kansas,FY2012,14285,tax_exempt
Kansas,FY2013,15101,tax_exempt
Kansas,FY2014,15150,tax_exempt
Kansas,FY2015,15888,tax_exempt
Kansas,FY2016,14765,tax_exempt
Kansas,FY2017,15020,tax_exempt
Kansas,FY2018,15490,tax_exempt
Kansas,FY2019,15304,tax_exempt
Kansas,FY2020,13451,tax_exempt
Kansas,FY2021,15641,tax_exempt
Kansas,FY2022,16075,tax_exempt
Kansas,FY2023,16529,tax_exempt
Kansas,FY2024,16296,tax_exempt
Kansas,FY2025,16672,tax_exempt
Kansas,FY2000,2225870,total
Kansas,FY2001,2246884.484205296,total
Kansas,FY2002,2213197.1463782173,total
Kansas,FY2003,2152114.672653078,total
Kansas,FY2004,2142212.255689594,total
Kansas,FY2005,2146037.4367523994,total
Kansas,FY2006,2140125,total
Kansas,FY2007,2211997,total
Kansas,FY2008,2335588,total
Kansas,FY2009,2270579,total
Kansas,FY2010,2166468,total
Kansas,FY2011,2166725.2150888103,total
Kansas,FY2012,2194379,total
Kansas,FY2013,2231722,total
Kansas,FY2014,2204296.7688242374,total
Kansas,FY2015,2226908,total
Kansas,FY2016,2204710,total
Kansas,FY2017,2194635,total
Kansas,FY2018,2215530,total
Kansas,FY2019,2222388,total
Kansas,FY2020,2032045,total
Kansas,FY2021,2105798,total
Kansas,FY2022,2134016,total
Kansas,FY2023,2190725,total
Kansas,FY2024,2135186.313707381,total
Kansas,FY2025,2207892,total
Kentucky,FY2004,21263,c_corporation
Kentucky,FY2005,20679,c_corporation
Kentucky,FY2006,19398,c_corporation
Kentucky,FY2007,20055,c_corporation
Kentucky,FY2008,18445,c_corporation
Kentucky,FY2009,18392,c_corporation
Kentucky,FY2010,17069,c_corporation
Kentucky,FY2011,16716,c_corporation
Kentucky,FY2012,16306,c_corporation
Kentucky,FY2013,16318,c_corporation
Kentucky,FY2014,15470,c_corporation
Kentucky,FY2015,14875,c_corporation
Kentucky,FY2016,14235,c_corporation
Kentucky,FY2017,13190,c_corporation
Kentucky,FY2018,13063,c_corporation
Kentucky,FY2019,12994,c_corporation
Kentucky,FY2020,10441,c_corporation
Kentucky,FY2021,12714,c_corporation
Kentucky,FY2022,10744,c_corporation
Kentucky,FY2023,13808,c_corporation
Kentucky,FY2024,11829,c_corporation
Kentucky,FY2025,11391,c_corporation
Kentucky,FY2000,64063,corporation_total
Kentucky,FY2001,65039,corporation_total
Kentucky,FY2002,66044,corporation_total
Kentucky,FY2003,67572,corporation_total
Kentucky,FY2000,11373,employee_plan
Kentucky,FY2001,8736,employee_plan
Kentucky,FY2000,363165,employment
Kentucky,FY2001,360853,employment
Kentucky,FY2002,361156,employment
Kentucky,FY2003,366464.3940871903,employment
Kentucky,FY2004,365880.5488114406,employment
Kentucky,FY2005,366735,employment
Kentucky,FY2006,364175,employment
Kentucky,FY2007,356809,employment
Kentucky,FY2008,350996,employment
Kentucky,FY2009,346005,employment
Kentucky,FY2010,339149,employment
Kentucky,FY2011,331565,employment
Kentucky,FY2012,336302,employment
Kentucky,FY2013,342043,employment
Kentucky,FY2014,341532,employment
Kentucky,FY2015,342461,employment
Kentucky,FY2016,342068,employment
Kentucky,FY2017,340083,employment
Kentucky,FY2018,334248,employment
Kentucky,FY2019,336531,employment
Kentucky,FY2020,281779,employment
Kentucky,FY2021,366506,employment
Kentucky,FY2022,295516,employment
Kentucky,FY2023,387629,employment
Kentucky,FY2024,339338,employment
Kentucky,FY2025,343667,employment
Kentucky,FY2000,1161,estate_tax
Kentucky,FY2001,1190,estate_tax
Kentucky,FY2002,1051,estate_tax
Kentucky,FY2003,889,estate_tax
Kentucky,FY2004,657,estate_tax
Kentucky,FY2005,529,estate_tax
Kentucky,FY2006,454,estate_tax
Kentucky,FY2007,405,estate_tax
Kentucky,FY2008,377,estate_tax
Kentucky,FY2009,361,estate_tax
Kentucky,FY2010,181,estate_tax
Kentucky,FY2011,85,estate_tax
Kentucky,FY2012,244,estate_tax
Kentucky,FY2013,278,estate_tax
Kentucky,FY2014,198,estate_tax
Kentucky,FY2015,258,estate_tax
Kentucky,FY2016,256,estate_tax
Kentucky,FY2017,265,estate_tax
Kentucky,FY2018,242,estate_tax
Kentucky,FY2019,156,estate_tax
Kentucky,FY2020,103,estate_tax
Kentucky,FY2021,184,estate_tax
Kentucky,FY2022,176,estate_tax
Kentucky,FY2023,332,estate_tax
Kentucky,FY2024,180,estate_tax
Kentucky,FY2025,181,estate_tax
Kentucky,FY2000,34740,estate_trust
Kentucky,FY2001,33201,estate_trust
Kentucky,FY2002,31525,estate_trust
Kentucky,FY2003,27296,estate_trust
Kentucky,FY2004,31639,estate_trust
Kentucky,FY2005,33363,estate_trust
Kentucky,FY2006,34604,estate_trust
Kentucky,FY2007,36790,estate_trust
Kentucky,FY2008,25089,estate_trust
Kentucky,FY2009,25865,estate_trust
Kentucky,FY2010,25780,estate_trust
Kentucky,FY2011,26054,estate_trust
Kentucky,FY2012,25891,estate_trust
Kentucky,FY2013,26271,estate_trust
Kentucky,FY2014,26873,estate_trust
Kentucky,FY2015,27126,estate_trust
Kentucky,FY2016,30160,estate_trust
Kentucky,FY2017,26745,estate_trust
Kentucky,FY2018,27581,estate_trust
Kentucky,FY2019,30355,estate_trust
Kentucky,FY2020,24769,estate_trust
Kentucky,FY2021,24955,estate_trust
Kentucky,FY2022,28758,estate_trust
Kentucky,FY2023,31720,estate_trust
Kentucky,FY2024,29335,estate_trust
Kentucky,FY2025,28779,estate_trust
Kentucky,FY2000,8317,estate_trust_estimated
Kentucky,FY2001,8883,estate_trust_estimated
Kentucky,FY2002,5781,estate_trust_estimated
Kentucky,FY2003,4604,estate_trust_estimated
Kentucky,FY2004,4508,estate_trust_estimated
Kentucky,FY2005,3106.76974418947,estate_trust_estimated
Kentucky,FY2006,6069,estate_trust_estimated
Kentucky,FY2007,6853,estate_trust_estimated
Kentucky,FY2008,8272,estate_trust_estimated
Kentucky,FY2009,5191,estate_trust_estimated
Kentucky,FY2010,3019,estate_trust_estimated
Kentucky,FY2011,3221,estate_trust_estimated
Kentucky,FY2012,3422,estate_trust_estimated
Kentucky,FY2013,4769,estate_trust_estimated
Kentucky,FY2014,6474.579195227879,estate_trust_estimated
Kentucky,FY2015,6908.683919613497,estate_trust_estimated
Kentucky,FY2016,6146,estate_trust_estimated
Kentucky,FY2017,4971,estate_trust_estimated
Kentucky,FY2018,6358,estate_trust_estimated
Kentucky,FY2019,7166,estate_trust_estimated
Kentucky,FY2020,6466,estate_trust_estimated
Kentucky,FY2021,6598,estate_trust_estimated
Kentucky,FY2022,7870,estate_trust_estimated
Kentucky,FY2023,5500,estate_trust_estimated
Kentucky,FY2024,5383,estate_trust_estimated
Kentucky,FY2025,6571,estate_trust_estimated
Kentucky,FY2000,18320,excise
Kentucky,FY2001,14482,excise
Kentucky,FY2002,16498,excise
Kentucky,FY2003,14467,excise
Kentucky,FY2004,11525,excise
Kentucky,FY2005,21198,excise
Kentucky,FY2006,17811,excise
Kentucky,FY2007,16785,excise
Kentucky,FY2008,15892,excise
Kentucky,FY2009,14243,excise
Kentucky,FY2010,14967,excise
Kentucky,FY2011,9680,excise
Kentucky,FY2012,20446,excise
Kentucky,FY2013,14744,excise
Kentucky,FY2014,15979,excise
Kentucky,FY2015,16555,excise
Kentucky,FY2016,16153,excise
Kentucky,FY2017,16127,excise
Kentucky,FY2018,16304,excise
Kentucky,FY2019,16503,excise
Kentucky,FY2020,13516,excise
Kentucky,FY2021,18145,excise
Kentucky,FY2022,16742,excise
Kentucky,FY2023,18080,excise
Kentucky,FY2024,16812,excise
Kentucky,FY2025,16821,excise
Kentucky,FY2000,3619,gift_tax
Kentucky,FY2001,3659,gift_tax
Kentucky,FY2002,3253,gift_tax
Kentucky,FY2003,3109,gift_tax
Kentucky,FY2004,2757,gift_tax
Kentucky,FY2005,2947,gift_tax
Kentucky,FY2006,2825,gift_tax
Kentucky,FY2007,2840,gift_tax
Kentucky,FY2008,2770,gift_tax
Kentucky,FY2009,2661,gift_tax
Kentucky,FY2010,2483,gift_tax
Kentucky,FY2011,2041,gift_tax
Kentucky,FY2012,2482,gift_tax
Kentucky,FY2013,2955,gift_tax
Kentucky,FY2014,3078,gift_tax
Kentucky,FY2015,2458,gift_tax
Kentucky,FY2016,2483,gift_tax
Kentucky,FY2017,2388,gift_tax
Kentucky,FY2018,2408,gift_tax
Kentucky,FY2019,2268,gift_tax
Kentucky,FY2020,1373,gift_tax
Kentucky,FY2021,2399,gift_tax
Kentucky,FY2022,2052,gift_tax
Kentucky,FY2023,4359,gift_tax
Kentucky,FY2024,2600,gift_tax
Kentucky,FY2025,2520,gift_tax
Kentucky,FY2000,449875,individual_estimated
Kentucky,FY2001,435032,individual_estimated
Kentucky,FY2002,399424,individual_estimated
Kentucky,FY2003,353703,individual_estimated
Kentucky,FY2004,351046.27419354836,individual_estimated
Kentucky,FY2005,331450,individual_estimated
Kentucky,FY2006,340184,individual_estimated
Kentucky,FY2007,338962,individual_estimated
Kentucky,FY2008,337706,individual_estimated
Kentucky,FY2009,323856,individual_estimated
Kentucky,FY2010,269185,individual_estimated
Kentucky,FY2011,263485,individual_estimated
Kentucky,FY2012,251583,individual_estimated
Kentucky,FY2013,277814,individual_estimated
Kentucky,FY2014,266566,individual_estimated
Kentucky,FY2015,274112,individual_estimated
Kentucky,FY2016,264710,individual_estimated
Kentucky,FY2017,256047,individual_estimated
Kentucky,FY2018,257230,individual_estimated
Kentucky,FY2019,252369,individual_estimated
Kentucky,FY2020,233894,individual_estimated
Kentucky,FY2021,237188,individual_estimated
Kentucky,FY2022,237048,individual_estimated
Kentucky,FY2023,227283,individual_estimated
Kentucky,FY2024,232842,individual_estimated
Kentucky,FY2025,228582,individual_estimated
Kentucky,FY2000,1717514,individual_income
Kentucky,FY2001,1744365,individual_income
Kentucky,FY2002,1755045,individual_income
Kentucky,FY2003,1745764,individual_income
Kentucky,FY2004,1741155,individual_income
Kentucky,FY2005,1755511,individual_income
Kentucky,FY2006,1766852,individual_income
Kentucky,FY2007,1822139,individual_income
Kentucky,FY2008,2127944,individual_income
Kentucky,FY2009,1877646,individual_income
Kentucky,FY2010,1835367,individual_income
Kentucky,FY2011,1851772,individual_income
Kentucky,FY2012,1870180,individual_income
Kentucky,FY2013,1878309,individual_income
Kentucky,FY2014,1887430,individual_income
Kentucky,FY2015,1894598,individual_income
Kentucky,FY2016,1912397,individual_income
Kentucky,FY2017,1905650,individual_income
Kentucky,FY2018,1919580,individual_income
Kentucky,FY2019,1920260,individual_income
Kentucky,FY2020,2029421,individual_income
Kentucky,FY2021,2115739,individual_income
Kentucky,FY2022,2008466,individual_income
Kentucky,FY2023,2007664,individual_income
Kentucky,FY2024,1978376,individual_income
Kentucky,FY2025,1979302,individual_income
Kentucky,FY2000,24395,partnership
Kentucky,FY2001,25581,partnership
Kentucky,FY2002,26850,partnership
Kentucky,FY2003,29261,partnership
Kentucky,FY2004,31332,partnership
Kentucky,FY2005,33235,partnership
Kentucky,FY2006,34597,partnership
Kentucky,FY2007,37537,partnership
Kentucky,FY2008,38873,partnership
Kentucky,FY2009,40147,partnership
Kentucky,FY2010,40515,partnership
Kentucky,FY2011,40371,partnership
Kentucky,FY2012,40393,partnership
Kentucky,FY2013,41334,partnership
Kentucky,FY2014,42161,partnership
Kentucky,FY2015,41912,partnership
Kentucky,FY2016,43044,partnership
Kentucky,FY2017,43691,partnership
Kentucky,FY2018,44590,partnership
Kentucky,FY2019,43162,partnership
Kentucky,FY2020,45647,partnership
Kentucky,FY2021,49551,partnership
Kentucky,FY2022,46127,partnership
Kentucky,FY2023,53189,partnership
Kentucky,FY2024,51341,partnership
Kentucky,FY2025,47890,partnership
Kentucky,FY2004,46989,s_corporation
Kentucky,FY2005,47549,s_corporation
Kentucky,FY2006,48278,s_corporation
Kentucky,FY2007,50562,s_corporation
Kentucky,FY2008,51778,s_corporation
Kentucky,FY2009,51771,s_corporation
Kentucky,FY2010,51913,s_corporation
Kentucky,FY2011,51821,s_corporation
Kentucky,FY2012,51276,s_corporation
Kentucky,FY2013,50894,s_corporation
Kentucky,FY2014,51334,s_corporation
Kentucky,FY2015,50838,s_corporation
Kentucky,FY2016,51873,s_corporation
Kentucky,FY2017,51388,s_corporation
Kentucky,FY2018,52067,s_corporation
Kentucky,FY2019,52367,s_corporation
Kentucky,FY2020,50234,s_corporation
Kentucky,FY2021,53810,s_corporation
Kentucky,FY2022,52172,s_corporation
Kentucky,FY2023,59562,s_corporation
Kentucky,FY2024,57096,s_corporation
Kentucky,FY2025,51310,s_corporation
Kentucky,FY2000,158745.41676487424,supplemental
Kentucky,FY2001,166611.8877197782,supplemental
Kentucky,FY2002,192947.19409991725,supplemental
Kentucky,FY2003,189339.13731474415,supplemental
Kentucky,FY2004,189856.3671572067,supplemental
Kentucky,FY2005,190218,supplemental
Kentucky,FY2006,180961,supplemental
Kentucky,FY2007,183429,supplemental
Kentucky,FY2008,198229,supplemental
Kentucky,FY2009,207849,supplemental
Kentucky,FY2010,185848,supplemental
Kentucky,FY2011,209874.0234826111,supplemental
Kentucky,FY2012,215044,supplemental
Kentucky,FY2013,202934,supplemental
Kentucky,FY2014,186740,supplemental
Kentucky,FY2015,200179,supplemental
Kentucky,FY2016,190583,supplemental
Kentucky,FY2017,218061,supplemental
Kentucky,FY2018,230304,supplemental
Kentucky,FY2019,239619,supplemental
Kentucky,FY2020,169085,supplemental
Kentucky,FY2021,248980,supplemental
Kentucky,FY2022,367182,supplemental
Kentucky,FY2023,376782,supplemental
Kentucky,FY2024,367703.0342575478,supplemental
Kentucky,FY2025,347453.0044753088,supplemental
Kentucky,FY2000,7578,tax_exempt
Kentucky,FY2001,7555,tax_exempt
Kentucky,FY2002,7747,tax_exempt
Kentucky,FY2003,8282,tax_exempt
Kentucky,FY2004,8378,tax_exempt
Kentucky,FY2005,8360,tax_exempt
Kentucky,FY2006,8370,tax_exempt
Kentucky,FY2007,9202,tax_exempt
Kentucky,FY2008,9093,tax_exempt
Kentucky,FY2009,11707,tax_exempt
Kentucky,FY2010,14456,tax_exempt
Kentucky,FY2011,14943,tax_exempt
Kentucky,FY2012,14554,tax_exempt
Kentucky,FY2013,15576,tax_exempt
Kentucky,FY2014,15545,tax_exempt
Kentucky,FY2015,16805,tax_exempt
Kentucky,FY2016,15576,tax_exempt
Kentucky,FY2017,16310,tax_exempt
Kentucky,FY2018,17041,tax_exempt
Kentucky,FY2019,16991,tax_exempt
Kentucky,FY2020,15114,tax_exempt
Kentucky,FY2021,17553,tax_exempt
Kentucky,FY2022,18423,tax_exempt
Kentucky,FY2023,18455,tax_exempt
Kentucky,FY2024,18753,tax_exempt
Kentucky,FY2025,18485,tax_exempt
Kentucky,FY2000,2862865.416764874,total
Kentucky,FY2001,2875187.8877197783,total
Kentucky,FY2002,2867321.194099917,total
Kentucky,FY2003,2810750.5314019346,total
Kentucky,FY2004,2806986.190162196,total
Kentucky,FY2005,2814880.7697441895,total
Kentucky,FY2006,2824578,total
Kentucky,FY2007,2882368,total
Kentucky,FY2008,3185464,total
Kentucky,FY2009,2925694,total
Kentucky,FY2010,2799932,total
Kentucky,FY2011,2821628.023482611,total
Kentucky,FY2012,2848123,total
Kentucky,FY2013,2874239,total
Kentucky,FY2014,2859380.579195228,total
Kentucky,FY2015,2889086,total
Kentucky,FY2016,2889684,total
Kentucky,FY2017,2894916,total
Kentucky,FY2018,2921016,total
Kentucky,FY2019,2930741,total
Kentucky,FY2020,2881842,total
Kentucky,FY2021,3154322,total
Kentucky,FY2022,3091276,total
Kentucky,FY2023,3204363,total
Kentucky,FY2024,3111588.034257548,total
Kentucky,FY2025,3082952,total
Louisiana,FY2004,39703,c_corporation
Louisiana,FY2005,37360,c_corporation
Louisiana,FY2006,30484,c_corporation
Louisiana,FY2007,36088,c_corporation
Louisiana,FY2008,35484,c_corporation
Louisiana,FY2009,33184,c_corporation
Louisiana,FY2010,32595,c_corporation
Louisiana,FY2011,30664,c_corporation
Louisiana,FY2012,27746,c_corporation
Louisiana,FY2013,28730,c_corporation
Louisiana,FY2014,26560,c_corporation
Louisiana,FY2015,25793,c_corporation
Louisiana,FY2016,24046,c_corporation
Louisiana,FY2017,23403,c_corporation
Louisiana,FY2018,22524,c_corporation
Louisiana,FY2019,22232,c_corporation
Louisiana,FY2020,17933,c_corporation
Louisiana,FY2021,19541,c_corporation
Louisiana,FY2022,22804,c_corporation
Louisiana,FY2023,21178,c_corporation
Louisiana,FY2024,18865,c_corporation
Louisiana,FY2025,19117,c_corporation
Louisiana,FY2000,88104,corporation_total
Louisiana,FY2001,86035,corporation_total
Louisiana,FY2002,89044,corporation_total
Louisiana,FY2003,87903,corporation_total
Louisiana,FY2000,12948,employee_plan
Louisiana,FY2001,8751,employee_plan
Louisiana,FY2000,404618,employment
Louisiana,FY2001,401447,employment
Louisiana,FY2002,404543,employment
Louisiana,FY2003,409698.12106251775,employment
Louisiana,FY2004,421006.6433853795,employment
Louisiana,FY2005,416127,employment
Louisiana,FY2006,393537,employment
Louisiana,FY2007,404792,employment
Louisiana,FY2008,407469,employment
Louisiana,FY2009,403492,employment
Louisiana,FY2010,403254,employment
Louisiana,FY2011,399765,employment
Louisiana,FY2012,400416,employment
Louisiana,FY2013,401191,employment
Louisiana,FY2014,400945,employment
Louisiana,FY2015,398385,employment
Louisiana,FY2016,398548,employment
Louisiana,FY2017,396284,employment
Louisiana,FY2018,398784,employment
Louisiana,FY2019,405737,employment
Louisiana,FY2020,348487,employment
Louisiana,FY2021,428645,employment
Louisiana,FY2022,394381,employment
Louisiana,FY2023,449351,employment
Louisiana,FY2024,411310,employment
Louisiana,FY2025,414863,employment
Louisiana,FY2000,964,estate_tax
Louisiana,FY2001,997,estate_tax
Louisiana,FY2002,924,estate_tax
Louisiana,FY2003,742,estate_tax
Louisiana,FY2004,575,estate_tax
Louisiana,FY2005,546,estate_tax
Louisiana,FY2006,344,estate_tax
Louisiana,FY2007,429,estate_tax
Louisiana,FY2008,370,estate_tax
Louisiana,FY2009,375,estate_tax
Louisiana,FY2010,214,estate_tax
Louisiana,FY2011,82,estate_tax
Louisiana,FY2012,168,estate_tax
Louisiana,FY2013,225,estate_tax
Louisiana,FY2014,218,estate_tax
Louisiana,FY2015,237,estate_tax
Louisiana,FY2016,206,estate_tax
Louisiana,FY2017,219,estate_tax
Louisiana,FY2018,203,estate_tax
Louisiana,FY2019,173,estate_tax
Louisiana,FY2020,101,estate_tax
Louisiana,FY2021,175,estate_tax
Louisiana,FY2022,145,estate_tax
Louisiana,FY2023,240,estate_tax
Louisiana,FY2024,149,estate_tax
Louisiana,FY2025,127,estate_tax
Louisiana,FY2000,21560,estate_trust
Louisiana,FY2001,20395,estate_trust
Louisiana,FY2002,20530,estate_trust
Louisiana,FY2003,20264,estate_trust
Louisiana,FY2004,20431,estate_trust
Louisiana,FY2005,19972,estate_trust
Louisiana,FY2006,16046,estate_trust
Louisiana,FY2007,21104,estate_trust
Louisiana,FY2008,20636,estate_trust
Louisiana,FY2009,20856,estate_trust
Louisiana,FY2010,20491,estate_trust
Louisiana,FY2011,21633,estate_trust
Louisiana,FY2012,20375,estate_trust
Louisiana,FY2013,21770,estate_trust
Louisiana,FY2014,21785,estate_trust
Louisiana,FY2015,21962,estate_trust
Louisiana,FY2016,21078,estate_trust
Louisiana,FY2017,20795,estate_trust
Louisiana,FY2018,20686,estate_trust
Louisiana,FY2019,21081,estate_trust
Louisiana,FY2020,18189,estate_trust
Louisiana,FY2021,21686,estate_trust
Louisiana,FY2022,20706,estate_trust
Louisiana,FY2023,23055,estate_trust
Louisiana,FY2024,20175,estate_trust
Louisiana,FY2025,21422,estate_trust
Louisiana,FY2000,7403,estate_trust_estimated
Louisiana,FY2001,8117,estate_trust_estimated
Louisiana,FY2002,5988,estate_trust_estimated
Louisiana,FY2003,4172,estate_trust_estimated
Louisiana,FY2004,4632,estate_trust_estimated
Louisiana,FY2005,2631.8150206542077,estate_trust_estimated
Louisiana,FY2006,4337,estate_trust_estimated
Louisiana,FY2007,6508,estate_trust_estimated
Louisiana,FY2008,7274,estate_trust_estimated
Louisiana,FY2009,5319,estate_trust_estimated
Louisiana,FY2010,2975,estate_trust_estimated
Louisiana,FY2011,3443,estate_trust_estimated
Louisiana,FY2012,3636,estate_trust_estimated
Louisiana,FY2013,5071,estate_trust_estimated
Louisiana,FY2014,4750.897545915965,estate_trust_estimated
Louisiana,FY2015,6554.852640746672,estate_trust_estimated
Louisiana,FY2016,5193,estate_trust_estimated
Louisiana,FY2017,4402,estate_trust_estimated
Louisiana,FY2018,5281,estate_trust_estimated
Louisiana,FY2019,5814,estate_trust_estimated
Louisiana,FY2020,4617,estate_trust_estimated
Louisiana,FY2021,4326,estate_trust_estimated
Louisiana,FY2022,5983,estate_trust_estimated
Louisiana,FY2023,4605,estate_trust_estimated
Louisiana,FY2024,4405,estate_trust_estimated
Louisiana,FY2025,5575,estate_trust_estimated
Louisiana,FY2000,17526,excise
Louisiana,FY2001,14469,excise
Louisiana,FY2002,15885,excise
Louisiana,FY2003,14484,excise
Louisiana,FY2004,11985,excise
Louisiana,FY2005,17723,excise
Louisiana,FY2006,15257,excise
Louisiana,FY2007,15042,excise
Louisiana,FY2008,14082,excise
Louisiana,FY2009,14161,excise
Louisiana,FY2010,14508,excise
Louisiana,FY2011,9316,excise
Louisiana,FY2012,18987,excise
Louisiana,FY2013,14995,excise
Louisiana,FY2014,15428,excise
Louisiana,FY2015,15667,excise
Louisiana,FY2016,14943,excise
Louisiana,FY2017,14834,excise
Louisiana,FY2018,14918,excise
Louisiana,FY2019,14946,excise
Louisiana,FY2020,12628,excise
Louisiana,FY2021,16115,excise
Louisiana,FY2022,15366,excise
Louisiana,FY2023,15684,excise
Louisiana,FY2024,14262,excise
Louisiana,FY2025,13770,excise
Louisiana,FY2000,2551,gift_tax
Louisiana,FY2001,2598,gift_tax
Louisiana,FY2002,2190,gift_tax
Louisiana,FY2003,2148,gift_tax
Louisiana,FY2004,1815,gift_tax
Louisiana,FY2005,1931,gift_tax
Louisiana,FY2006,1453,gift_tax
Louisiana,FY2007,1762,gift_tax
Louisiana,FY2008,1591,gift_tax
Louisiana,FY2009,1741,gift_tax
Louisiana,FY2010,1931,gift_tax
Louisiana,FY2011,1715,gift_tax
Louisiana,FY2012,2097,gift_tax
Louisiana,FY2013,2567,gift_tax
Louisiana,FY2014,3042,gift_tax
Louisiana,FY2015,1747,gift_tax
Louisiana,FY2016,1769,gift_tax
Louisiana,FY2017,1763,gift_tax
Louisiana,FY2018,1719,gift_tax
Louisiana,FY2019,1667,gift_tax
Louisiana,FY2020,849,gift_tax
Louisiana,FY2021,1944,gift_tax
Louisiana,FY2022,1884,gift_tax
Louisiana,FY2023,3216,gift_tax
Louisiana,FY2024,1977,gift_tax
Louisiana,FY2025,1870,gift_tax
Louisiana,FY2000,431543,individual_estimated
Louisiana,FY2001,409795,individual_estimated
Louisiana,FY2002,395016,individual_estimated
Louisiana,FY2003,337682,individual_estimated
Louisiana,FY2004,335072.4193548387,individual_estimated
Louisiana,FY2005,305551,individual_estimated
Louisiana,FY2006,294515,individual_estimated
Louisiana,FY2007,322761,individual_estimated
Louisiana,FY2008,311389,individual_estimated
Louisiana,FY2009,323056,individual_estimated
Louisiana,FY2010,262721,individual_estimated
Louisiana,FY2011,263329,individual_estimated
Louisiana,FY2012,240945,individual_estimated
Louisiana,FY2013,285452,individual_estimated
Louisiana,FY2014,261342,individual_estimated
Louisiana,FY2015,261065,individual_estimated
Louisiana,FY2016,239274,individual_estimated
Louisiana,FY2017,227584,individual_estimated
Louisiana,FY2018,228283,individual_estimated
Louisiana,FY2019,222742,individual_estimated
Louisiana,FY2020,190442,individual_estimated
Louisiana,FY2021,185352,individual_estimated
Louisiana,FY2022,196140,individual_estimated
Louisiana,FY2023,186472,individual_estimated
Louisiana,FY2024,184807,individual_estimated
Louisiana,FY2025,180368,individual_estimated
Louisiana,FY2000,1858722,individual_income
Louisiana,FY2001,1869081,individual_income
Louisiana,FY2002,1881184,individual_income
Louisiana,FY2003,1878240,individual_income
Louisiana,FY2004,1885108,individual_income
Louisiana,FY2005,1886871,individual_income
Louisiana,FY2006,1681881,individual_income
Louisiana,FY2007,1931010,individual_income
Louisiana,FY2008,2157640,individual_income
Louisiana,FY2009,1971715,individual_income
Louisiana,FY2010,1957168,individual_income
Louisiana,FY2011,1979224,individual_income
Louisiana,FY2012,2014306,individual_income
Louisiana,FY2013,2015626,individual_income
Louisiana,FY2014,2004832,individual_income
Louisiana,FY2015,2012095,individual_income
Louisiana,FY2016,2004800,individual_income
Louisiana,FY2017,1956230,individual_income
Louisiana,FY2018,1966875,individual_income
Louisiana,FY2019,1961471,individual_income
Louisiana,FY2020,2106943,individual_income
Louisiana,FY2021,2175612,individual_income
Louisiana,FY2022,1989277,individual_income
Louisiana,FY2023,2020884,individual_income
Louisiana,FY2024,1945064,individual_income
Louisiana,FY2025,1972308,individual_income
Louisiana,FY2000,27700,partnership
Louisiana,FY2001,29949,partnership
Louisiana,FY2002,32582,partnership
Louisiana,FY2003,35749,partnership
Louisiana,FY2004,38800,partnership
Louisiana,FY2005,41034,partnership
Louisiana,FY2006,36191,partnership
Louisiana,FY2007,51033,partnership
Louisiana,FY2008,53575,partnership
Louisiana,FY2009,56398,partnership
Louisiana,FY2010,57582,partnership
Louisiana,FY2011,59181,partnership
Louisiana,FY2012,57305,partnership
Louisiana,FY2013,62006,partnership
Louisiana,FY2014,62492,partnership
Louisiana,FY2015,63476,partnership
Louisiana,FY2016,61671,partnership
Louisiana,FY2017,66984,partnership
Louisiana,FY2018,65561,partnership
Louisiana,FY2019,61440,partnership
Louisiana,FY2020,63729,partnership
Louisiana,FY2021,63715,partnership
Louisiana,FY2022,71375,partnership
Louisiana,FY2023,74374,partnership
Louisiana,FY2024,64161,partnership
Louisiana,FY2025,72840,partnership
Louisiana,FY2004,47693,s_corporation
Louisiana,FY2005,47605,s_corporation
Louisiana,FY2006,41369,s_corporation
Louisiana,FY2007,53297,s_corporation
Louisiana,FY2008,56061,s_corporation
Louisiana,FY2009,56339,s_corporation
Louisiana,FY2010,57926,s_corporation
Louisiana,FY2011,58638,s_corporation
Louisiana,FY2012,55315,s_corporation
Louisiana,FY2013,59991,s_corporation
Louisiana,FY2014,59254,s_corporation
Louisiana,FY2015,59832,s_corporation
Louisiana,FY2016,57049,s_corporation
Louisiana,FY2017,63529,s_corporation
Louisiana,FY2018,62263,s_corporation
Louisiana,FY2019,62861,s_corporation
Louisiana,FY2020,57954,s_corporation
Louisiana,FY2021,55130,s_corporation
Louisiana,FY2022,74433,s_corporation
Louisiana,FY2023,67443,s_corporation
Louisiana,FY2024,61561,s_corporation
Louisiana,FY2025,72587,s_corporation
Louisiana,FY2000,216983.2342058666,supplemental
Louisiana,FY2001,227045.18671539356,supplemental
Louisiana,FY2002,269782.4472185992,supplemental
Louisiana,FY2003,263835.61857682385,supplemental
Louisiana,FY2004,267890.1082757857,supplemental
Louisiana,FY2005,272514,supplemental
Louisiana,FY2006,194767,supplemental
Louisiana,FY2007,348244,supplemental
Louisiana,FY2008,312696,supplemental
Louisiana,FY2009,336151,supplemental
Louisiana,FY2010,303902,supplemental
Louisiana,FY2011,340689.65374702617,supplemental
Louisiana,FY2012,332875,supplemental
Louisiana,FY2013,332350,supplemental
Louisiana,FY2014,316175,supplemental
Louisiana,FY2015,328514,supplemental
Louisiana,FY2016,324506,supplemental
Louisiana,FY2017,369356,supplemental
Louisiana,FY2018,377235,supplemental
Louisiana,FY2019,379484,supplemental
Louisiana,FY2020,291152,supplemental
Louisiana,FY2021,336511,supplemental
Louisiana,FY2022,531770,supplemental
Louisiana,FY2023,527034,supplemental
Louisiana,FY2024,504909.8208401423,supplemental
Louisiana,FY2025,523298.9036136006,supplemental
Louisiana,FY2000,7024,tax_exempt
Louisiana,FY2001,7016,tax_exempt
Louisiana,FY2002,7354,tax_exempt
Louisiana,FY2003,7700,tax_exempt
Louisiana,FY2004,7995,tax_exempt
Louisiana,FY2005,7981,tax_exempt
Louisiana,FY2006,6667,tax_exempt
Louisiana,FY2007,8892,tax_exempt
Louisiana,FY2008,8470,tax_exempt
Louisiana,FY2009,11105,tax_exempt
Louisiana,FY2010,13743,tax_exempt
Louisiana,FY2011,15390,tax_exempt
Louisiana,FY2012,14155,tax_exempt
Louisiana,FY2013,15457,tax_exempt
Louisiana,FY2014,15058,tax_exempt
Louisiana,FY2015,16280,tax_exempt
Louisiana,FY2016,15391,tax_exempt
Louisiana,FY2017,15900,tax_exempt
Louisiana,FY2018,16326,tax_exempt
Louisiana,FY2019,16369,tax_exempt
Louisiana,FY2020,14650,tax_exempt
Louisiana,FY2021,17244,tax_exempt
Louisiana,FY2022,17845,tax_exempt
Louisiana,FY2023,17644,tax_exempt
Louisiana,FY2024,18318,tax_exempt
Louisiana,FY2025,18357,tax_exempt
Louisiana,FY2000,3097646.2342058667,total
Louisiana,FY2001,3085695.1867153933,total
Louisiana,FY2002,3125022.4472185993,total
Louisiana,FY2003,3062617.739639342,total
Louisiana,FY2004,3082706.171016004,total
Louisiana,FY2005,3057846.8150206544,total
Louisiana,FY2006,2716848,total
Louisiana,FY2007,3200962,total
Louisiana,FY2008,3386737,total
Louisiana,FY2009,3233892,total
Louisiana,FY2010,3129010,total
Louisiana,FY2011,3183069.6537470263,total
Louisiana,FY2012,3188326,total
Louisiana,FY2013,3245431,total
Louisiana,FY2014,3191881.897545916,total
Louisiana,FY2015,3211608,total
Louisiana,FY2016,3168474,total
Louisiana,FY2017,3161283,total
Louisiana,FY2018,3180658,total
Louisiana,FY2019,3176017,total
Louisiana,FY2020,3127674,total
Louisiana,FY2021,3325996,total
Louisiana,FY2022,3342109,total
Louisiana,FY2023,3411180,total
Louisiana,FY2024,3249963.820840142,total
Louisiana,FY2025,3316503,total
Maine,FY2004,10096,c_corporation
Maine,FY2005,9441,c_corporation
Maine,FY2006,9407,c_corporation
Maine,FY2007,9458,c_corporation
Maine,FY2008,9185,c_corporation
Maine,FY2009,8992,c_corporation
Maine,FY2010,8458,c_corporation
Maine,FY2011,8211,c_corporation
Maine,FY2012,7929,c_corporation
Maine,FY2013,7684,c_corporation
Maine,FY2014,7517,c_corporation
Maine,FY2015,7271,c_corporation
Maine,FY2016,7172,c_corporation
Maine,FY2017,6688,c_corporation
Maine,FY2018,6745,c_corporation
Maine,FY2019,6494,c_corporation
Maine,FY2020,5349,c_corporation
Maine,FY2021,6628,c_corporation
Maine,FY2022,5508,c_corporation
Maine,FY2023,7422,c_corporation
Maine,FY2024,6220,c_corporation
Maine,FY2025,6154,c_corporation
Maine,FY2000,27149,corporation_total
Maine,FY2001,27449,corporation_total
Maine,FY2002,27701,corporation_total
Maine,FY2003,28628,corporation_total
Maine,FY2000,5950,employee_plan
Maine,FY2001,3860,employee_plan
Maine,FY2000,164059,employment
Maine,FY2001,165358,employment
Maine,FY2002,167210,employment
Maine,FY2003,171628.80063222643,employment
Maine,FY2004,173433.55511252093,employment
Maine,FY2005,173055,employment
Maine,FY2006,175448,employment
Maine,FY2007,171284,employment
Maine,FY2008,170048,employment
Maine,FY2009,166912,employment
Maine,FY2010,163525,employment
Maine,FY2011,161092,employment
Maine,FY2012,161051,employment
Maine,FY2013,161995,employment
Maine,FY2014,161065,employment
Maine,FY2015,162039,employment
Maine,FY2016,163766,employment
Maine,FY2017,164120,employment
Maine,FY2018,165593,employment
Maine,FY2019,167991,employment
Maine,FY2020,150869,employment
Maine,FY2021,178765,employment
Maine,FY2022,161130,employment
Maine,FY2023,188571,employment
Maine,FY2024,173687,employment
Maine,FY2025,173286,employment
Maine,FY2000,548,estate_tax
Maine,FY2001,505,estate_tax
Maine,FY2002,548,estate_tax
Maine,FY2003,467,estate_tax
Maine,FY2004,326,estate_tax
Maine,FY2005,302,estate_tax
Maine,FY2006,277,estate_tax
Maine,FY2007,233,estate_tax
Maine,FY2008,219,estate_tax
Maine,FY2009,201,estate_tax
Maine,FY2010,107,estate_tax
Maine,FY2011,38,estate_tax
Maine,FY2012,123,estate_tax
Maine,FY2013,136,estate_tax
Maine,FY2014,128,estate_tax
Maine,FY2015,113,estate_tax
Maine,FY2016,105,estate_tax
Maine,FY2017,98,estate_tax
Maine,FY2018,103,estate_tax
Maine,FY2019,83,estate_tax
Maine,FY2020,52,estate_tax
Maine,FY2021,88,estate_tax
Maine,FY2022,78,estate_tax
Maine,FY2023,138,estate_tax
Maine,FY2024,106,estate_tax
Maine,FY2025,97,estate_tax
Maine,FY2000,23221,estate_trust
Maine,FY2001,23841,estate_trust
Maine,FY2002,24341,estate_trust
Maine,FY2003,26339,estate_trust
Maine,FY2004,25941,estate_trust
Maine,FY2005,26025,estate_trust
Maine,FY2006,26523,estate_trust
Maine,FY2007,28506,estate_trust
Maine,FY2008,26151,estate_trust
Maine,FY2009,27744,estate_trust
Maine,FY2010,28086,estate_trust
Maine,FY2011,28980,estate_trust
Maine,FY2012,29340,estate_trust
Maine,FY2013,29937,estate_trust
Maine,FY2014,30693,estate_trust
Maine,FY2015,31164,estate_trust
Maine,FY2016,30849,estate_trust
Maine,FY2017,30649,estate_trust
Maine,FY2018,31078,estate_trust
Maine,FY2019,31117,estate_trust
Maine,FY2020,12185,estate_trust
Maine,FY2021,40127,estate_trust
Maine,FY2022,21676,estate_trust
Maine,FY2023,54862,estate_trust
Maine,FY2024,33749,estate_trust
Maine,FY2025,35010,estate_trust
Maine,FY2000,4750,estate_trust_estimated
Maine,FY2001,5391,estate_trust_estimated
Maine,FY2002,3638,estate_trust_estimated
Maine,FY2003,2372,estate_trust_estimated
Maine,FY2004,2492,estate_trust_estimated
Maine,FY2005,1870.3223397009656,estate_trust_estimated
Maine,FY2006,3208,estate_trust_estimated
Maine,FY2007,4108,estate_trust_estimated
Maine,FY2008,5026,estate_trust_estimated
Maine,FY2009,2710,estate_trust_estimated
Maine,FY2010,1412,estate_trust_estimated
Maine,FY2011,1478,estate_trust_estimated
Maine,FY2012,1745,estate_trust_estimated
Maine,FY2013,2445,estate_trust_estimated
Maine,FY2014,3501.2283501648267,estate_trust_estimated
Maine,FY2015,3924.194002215052,estate_trust_estimated
Maine,FY2016,3512,estate_trust_estimated
Maine,FY2017,2975,estate_trust_estimated
Maine,FY2018,3892,estate_trust_estimated
Maine,FY2019,4137,estate_trust_estimated
Maine,FY2020,3669,estate_trust_estimated
Maine,FY2021,3640,estate_trust_estimated
Maine,FY2022,4841,estate_trust_estimated
Maine,FY2023,3119,estate_trust_estimated
Maine,FY2024,3116,estate_trust_estimated
Maine,FY2025,4478,estate_trust_estimated
Maine,FY2000,6084,excise
Maine,FY2001,4820,excise
Maine,FY2002,5594,excise
Maine,FY2003,5161,excise
Maine,FY2004,3811,excise
Maine,FY2005,6846,excise
Maine,FY2006,6167,excise
Maine,FY2007,5582,excise
Maine,FY2008,5107,excise
Maine,FY2009,4817,excise
Maine,FY2010,4962,excise
Maine,FY2011,3113,excise
Maine,FY2012,6561,excise
Maine,FY2013,5191,excise
Maine,FY2014,5558,excise
Maine,FY2015,5789,excise
Maine,FY2016,5559,excise
Maine,FY2017,5378,excise
Maine,FY2018,5517,excise
Maine,FY2019,5642,excise
Maine,FY2020,4296,excise
Maine,FY2021,6989,excise
Maine,FY2022,5617,excise
Maine,FY2023,6322,excise
Maine,FY2024,5783,excise
Maine,FY2025,6051,excise
Maine,FY2000,1600,gift_tax
Maine,FY2001,1517,gift_tax
Maine,FY2002,1358,gift_tax
Maine,FY2003,1467,gift_tax
Maine,FY2004,1313,gift_tax
Maine,FY2005,1513,gift_tax
Maine,FY2006,1377,gift_tax
Maine,FY2007,1357,gift_tax
Maine,FY2008,1450,gift_tax
Maine,FY2009,1154,gift_tax
Maine,FY2010,1171,gift_tax
Maine,FY2011,1021,gift_tax
Maine,FY2012,1206,gift_tax
Maine,FY2013,1419,gift_tax
Maine,FY2014,1251,gift_tax
Maine,FY2015,1098,gift_tax
Maine,FY2016,1156,gift_tax
Maine,FY2017,1208,gift_tax
Maine,FY2018,1239,gift_tax
Maine,FY2019,1097,gift_tax
Maine,FY2020,684,gift_tax
Maine,FY2021,1315,gift_tax
Maine,FY2022,1109,gift_tax
Maine,FY2023,2563,gift_tax
Maine,FY2024,1513,gift_tax
Maine,FY2025,1560,gift_tax
Maine,FY2000,195104,individual_estimated
Maine,FY2001,174458,individual_estimated
Maine,FY2002,195869,individual_estimated
Maine,FY2003,56712,individual_estimated
Maine,FY2004,103955.80645161292,individual_estimated
Maine,FY2005,149938,individual_estimated
Maine,FY2006,153378,individual_estimated
Maine,FY2007,153440,individual_estimated
Maine,FY2008,155263,individual_estimated
Maine,FY2009,106587,individual_estimated
Maine,FY2010,117157,individual_estimated
Maine,FY2011,116407,individual_estimated
Maine,FY2012,108643,individual_estimated
Maine,FY2013,119945,individual_estimated
Maine,FY2014,114441,individual_estimated
Maine,FY2015,117614,individual_estimated
Maine,FY2016,114819,individual_estimated
Maine,FY2017,112695,individual_estimated
Maine,FY2018,114551,individual_estimated
Maine,FY2019,115939,individual_estimated
Maine,FY2020,105166,individual_estimated
Maine,FY2021,108723,individual_estimated
Maine,FY2022,109586,individual_estimated
Maine,FY2023,104592,individual_estimated
Maine,FY2024,107140,individual_estimated
Maine,FY2025,113117,individual_estimated
Maine,FY2000,594550,individual_income
Maine,FY2001,602391,individual_income
Maine,FY2002,612648,individual_income
Maine,FY2003,612248,individual_income
Maine,FY2004,615847,individual_income
Maine,FY2005,618210,individual_income
Maine,FY2006,616618,individual_income
Maine,FY2007,632790,individual_income
Maine,FY2008,727153,individual_income
Maine,FY2009,639377,individual_income
Maine,FY2010,618336,individual_income
Maine,FY2011,621678,individual_income
Maine,FY2012,629281,individual_income
Maine,FY2013,629929,individual_income
Maine,FY2014,633662,individual_income
Maine,FY2015,637610,individual_income
Maine,FY2016,645613,individual_income
Maine,FY2017,646316,individual_income
Maine,FY2018,655459,individual_income
Maine,FY2019,663197,individual_income
Maine,FY2020,658996,individual_income
Maine,FY2021,719781,individual_income
Maine,FY2022,714634,individual_income
Maine,FY2023,733105,individual_income
Maine,FY2024,708046,individual_income
Maine,FY2025,716165,individual_income
Maine,FY2000,6670,partnership
Maine,FY2001,6893,partnership
Maine,FY2002,7131,partnership
Maine,FY2003,7674,partnership
Maine,FY2004,8267,partnership
Maine,FY2005,8966,partnership
Maine,FY2006,9479,partnership
Maine,FY2007,10495,partnership
Maine,FY2008,11172,partnership
Maine,FY2009,11395,partnership
Maine,FY2010,11703,partnership
Maine,FY2011,11688,partnership
Maine,FY2012,12104,partnership
Maine,FY2013,12381,partnership
Maine,FY2014,12581,partnership
Maine,FY2015,12737,partnership
Maine,FY2016,13138,partnership
Maine,FY2017,13448,partnership
Maine,FY2018,13717,partnership
Maine,FY2019,13353,partnership
Maine,FY2020,14493,partnership
Maine,FY2021,15607,partnership
Maine,FY2022,14845,partnership
Maine,FY2023,17327,partnership
Maine,FY2024,16714,partnership
Maine,FY2025,17065,partnership
Maine,FY2004,19868,s_corporation
Maine,FY2005,20304,s_corporation
Maine,FY2006,21117,s_corporation
Maine,FY2007,22457,s_corporation
Maine,FY2008,23164,s_corporation
Maine,FY2009,23114,s_corporation
Maine,FY2010,22931,s_corporation
Maine,FY2011,22751,s_corporation
Maine,FY2012,23000,s_corporation
Maine,FY2013,22326,s_corporation
Maine,FY2014,22671,s_corporation
Maine,FY2015,22488,s_corporation
Maine,FY2016,22856,s_corporation
Maine,FY2017,22820,s_corporation
Maine,FY2018,23370,s_corporation
Maine,FY2019,23652,s_corporation
Maine,FY2020,23018,s_corporation
Maine,FY2021,24510,s_corporation
Maine,FY2022,24063,s_corporation
Maine,FY2023,26937,s_corporation
Maine,FY2024,25622,s_corporation
Maine,FY2025,25754,s_corporation
Maine,FY2000,63621,supplemental
Maine,FY2001,67040,supplemental
Maine,FY2002,73528.14259991025,supplemental
Maine,FY2003,76000.94688164294,supplemental
Maine,FY2004,76786.05206986963,supplemental
Maine,FY2005,81137,supplemental
Maine,FY2006,73162,supplemental
Maine,FY2007,77813,supplemental
Maine,FY2008,82556,supplemental
Maine,FY2009,86154,supplemental
Maine,FY2010,76872,supplemental
Maine,FY2011,85001.71893461619,supplemental
Maine,FY2012,88386,supplemental
Maine,FY2013,87737,supplemental
Maine,FY2014,81163,supplemental
Maine,FY2015,87649,supplemental
Maine,FY2016,81884,supplemental
Maine,FY2017,93790,supplemental
Maine,FY2018,96907,supplemental
Maine,FY2019,100365,supplemental
Maine,FY2020,72907,supplemental
Maine,FY2021,104116,supplemental
Maine,FY2022,149695,supplemental
Maine,FY2023,157684,supplemental
Maine,FY2024,139024.37892886435,supplemental
Maine,FY2025,158027.20557993714,supplemental
Maine,FY2000,4281,tax_exempt
Maine,FY2001,4156,tax_exempt
Maine,FY2002,4435,tax_exempt
Maine,FY2003,4938,tax_exempt
Maine,FY2004,4889,tax_exempt
Maine,FY2005,4713,tax_exempt
Maine,FY2006,5054,tax_exempt
Maine,FY2007,5495,tax_exempt
Maine,FY2008,5444,tax_exempt
Maine,FY2009,6971,tax_exempt
Maine,FY2010,8733,tax_exempt
Maine,FY2011,8913,tax_exempt
Maine,FY2012,8786,tax_exempt
Maine,FY2013,9362,tax_exempt
Maine,FY2014,9017,tax_exempt
Maine,FY2015,9888,tax_exempt
Maine,FY2016,9159,tax_exempt
Maine,FY2017,9509,tax_exempt
Maine,FY2018,9637,tax_exempt
Maine,FY2019,9810,tax_exempt
Maine,FY2020,8442,tax_exempt
Maine,FY2021,10120,tax_exempt
Maine,FY2022,10356,tax_exempt
Maine,FY2023,10669,tax_exempt
Maine,FY2024,10480,tax_exempt
Maine,FY2025,10594,tax_exempt
Maine,FY2000,1097587,total
Maine,FY2001,1087679,total
Maine,FY2002,1124001.1425999105,total
Maine,FY2003,993635.7475138692,total
Maine,FY2004,1047025.4136340034,total
Maine,FY2005,1102320.322339701,total
Maine,FY2006,1101215,total
Maine,FY2007,1123018,total
Maine,FY2008,1221938,total
Maine,FY2009,1086128,total
Maine,FY2010,1063453,total
Maine,FY2011,1070371.718934616,total
Maine,FY2012,1078155,total
Maine,FY2013,1090487,total
Maine,FY2014,1083248.2283501648,total
Maine,FY2015,1099384,total
Maine,FY2016,1099588,total
Maine,FY2017,1109694,total
Maine,FY2018,1127808,total
Maine,FY2019,1142877,total
Maine,FY2020,1060126,total
Maine,FY2021,1220409,total
Maine,FY2022,1223138,total
Maine,FY2023,1313311,total
Maine,FY2024,1231200.3789288644,total
Maine,FY2025,1267358,total
Maryland,FY2004,53196,c_corporation
Maryland,FY2005,52718,c_corporation
Maryland,FY2006,51058,c_corporation
Maryland,FY2007,56387,c_corporation
Maryland,FY2008,55066,c_corporation
Maryland,FY2009,48615,c_corporation
Maryland,FY2010,48888,c_corporation
Maryland,FY2011,51934,c_corporation
Maryland,FY2012,49685,c_corporation
Maryland,FY2013,49209,c_corporation
Maryland,FY2014,53359,c_corporation
Maryland,FY2015,46044,c_corporation
Maryland,FY2016,52065,c_corporation
Maryland,FY2017,50861,c_corporation
Maryland,FY2018,47773,c_corporation
Maryland,FY2019,45503,c_corporation
Maryland,FY2020,37633,c_corporation
Maryland,FY2021,39662,c_corporation
Maryland,FY2022,47397,c_corporation
Maryland,FY2023,58489,c_corporation
Maryland,FY2024,47917,c_corporation
Maryland,FY2025,42889,c_corporation
Maryland,FY2004,544461.583317942,employment
Maryland,FY2005,555965,employment
Maryland,FY2006,562548,employment
Maryland,FY2007,553820,employment
Maryland,FY2008,549386,employment
Maryland,FY2009,539888,employment
Maryland,FY2010,529661,employment
Maryland,FY2011,522274,employment
Maryland,FY2012,522186,employment
Maryland,FY2013,532175,employment
Maryland,FY2014,530995,employment
Maryland,FY2015,523767,employment
Maryland,FY2016,523893,employment
Maryland,FY2017,527580,employment
Maryland,FY2018,530580,employment
Maryland,FY2019,534871,employment
Maryland,FY2020,477388,employment
Maryland,FY2021,570837,employment
Maryland,FY2022,510109,employment
Maryland,FY2023,607591,employment
Maryland,FY2024,557905,employment
Maryland,FY2025,559155,employment
Maryland,FY2004,1509,estate_tax
Maryland,FY2005,1365,estate_tax
Maryland,FY2006,1339,estate_tax
Maryland,FY2007,1026,estate_tax
Maryland,FY2008,1004,estate_tax
Maryland,FY2009,1069,estate_tax
Maryland,FY2010,592,estate_tax
Maryland,FY2011,203,estate_tax
Maryland,FY2012,617,estate_tax
Maryland,FY2013,798,estate_tax
Maryland,FY2014,932,estate_tax
Maryland,FY2015,980,estate_tax
Maryland,FY2016,864,estate_tax
Maryland,FY2017,730,estate_tax
Maryland,FY2018,697,estate_tax
Maryland,FY2019,498,estate_tax
Maryland,FY2020,319,estate_tax
Maryland,FY2021,547,estate_tax
Maryland,FY2022,536,estate_tax
Maryland,FY2023,1035,estate_tax
Maryland,FY2024,656,estate_tax
Maryland,FY2025,653,estate_tax
Maryland,FY2004,59370,estate_trust
Maryland,FY2005,58021,estate_trust
Maryland,FY2006,54723,estate_trust
Maryland,FY2007,53639,estate_trust
Maryland,FY2008,51892,estate_trust
Maryland,FY2009,54013,estate_trust
Maryland,FY2010,52499,estate_trust
Maryland,FY2011,53526,estate_trust
Maryland,FY2012,53136,estate_trust
Maryland,FY2013,54637,estate_trust
Maryland,FY2014,55701,estate_trust
Maryland,FY2015,56454,estate_trust
Maryland,FY2016,57192,estate_trust
Maryland,FY2017,52104,estate_trust
Maryland,FY2018,53612,estate_trust
Maryland,FY2019,53325,estate_trust
Maryland,FY2020,46442,estate_trust
Maryland,FY2021,54301,estate_trust
Maryland,FY2022,48831,estate_trust
Maryland,FY2023,57769,estate_trust
Maryland,FY2024,51726,estate_trust
Maryland,FY2025,52027,estate_trust
Maryland,FY2004,16291,estate_trust_estimated
Maryland,FY2005,12256.721325603916,estate_trust_estimated
Maryland,FY2006,15273,estate_trust_estimated
Maryland,FY2007,19056,estate_trust_estimated
Maryland,FY2008,22806,estate_trust_estimated
Maryland,FY2009,12496,estate_trust_estimated
Maryland,FY2010,8225,estate_trust_estimated
Maryland,FY2011,9186,estate_trust_estimated
Maryland,FY2012,9997,estate_trust_estimated
Maryland,FY2013,13131,estate_trust_estimated
Maryland,FY2014,16342.65663753859,estate_trust_estimated
Maryland,FY2015,20019.67119849404,estate_trust_estimated
Maryland,FY2016,16555,estate_trust_estimated
Maryland,FY2017,13942,estate_trust_estimated
Maryland,FY2018,17789,estate_trust_estimated
Maryland,FY2019,19410,estate_trust_estimated
Maryland,FY2020,15913,estate_trust_estimated
Maryland,FY2021,15863,estate_trust_estimated
Maryland,FY2022,20493,estate_trust_estimated
Maryland,FY2023,13494,estate_trust_estimated
Maryland,FY2024,13530,estate_trust_estimated
Maryland,FY2025,18893,estate_trust_estimated
Maryland,FY2004,7422,excise
Maryland,FY2005,12850,excise
Maryland,FY2006,10810,excise
Maryland,FY2007,10222,excise
Maryland,FY2008,9934,excise
Maryland,FY2009,8765,excise
Maryland,FY2010,8683,excise
Maryland,FY2011,5481,excise
Maryland,FY2012,11799,excise
Maryland,FY2013,9923,excise
Maryland,FY2014,11143,excise
Maryland,FY2015,11397,excise
Maryland,FY2016,11560,excise
Maryland,FY2017,11629,excise
Maryland,FY2018,11774,excise
Maryland,FY2019,12282,excise
Maryland,FY2020,9468,excise
Maryland,FY2021,14302,excise
Maryland,FY2022,12894,excise
Maryland,FY2023,14404,excise
Maryland,FY2024,12926,excise
Maryland,FY2025,12556,excise
Maryland,FY2004,5129,gift_tax
Maryland,FY2005,5773,gift_tax
Maryland,FY2006,5939,gift_tax
Maryland,FY2007,5673,gift_tax
Maryland,FY2008,5580,gift_tax
Maryland,FY2009,5277,gift_tax
Maryland,FY2010,5186,gift_tax
Maryland,FY2011,4756,gift_tax
Maryland,FY2012,5343,gift_tax
Maryland,FY2013,6424,gift_tax
Maryland,FY2014,7011,gift_tax
Maryland,FY2015,5095,gift_tax
Maryland,FY2016,5243,gift_tax
Maryland,FY2017,5075,gift_tax
Maryland,FY2018,4785,gift_tax
Maryland,FY2019,4602,gift_tax
Maryland,FY2020,2927,gift_tax
Maryland,FY2021,5258,gift_tax
Maryland,FY2022,4772,gift_tax
Maryland,FY2023,9293,gift_tax
Maryland,FY2024,5782,gift_tax
Maryland,FY2025,5704,gift_tax
Maryland,FY2004,656320.2419354839,individual_estimated
Maryland,FY2005,631988,individual_estimated
Maryland,FY2006,646500,individual_estimated
Maryland,FY2007,642456,individual_estimated
Maryland,FY2008,644609,individual_estimated
Maryland,FY2009,442820,individual_estimated
Maryland,FY2010,503056,individual_estimated
Maryland,FY2011,502977,individual_estimated
Maryland,FY2012,474885,individual_estimated
Maryland,FY2013,520640,individual_estimated
Maryland,FY2014,493514,individual_estimated
Maryland,FY2015,501631,individual_estimated
Maryland,FY2016,479979,individual_estimated
Maryland,FY2017,456301,individual_estimated
Maryland,FY2018,456136,individual_estimated
Maryland,FY2019,460719,individual_estimated
Maryland,FY2020,402925,individual_estimated
Maryland,FY2021,401212,individual_estimated
Maryland,FY2022,386468,individual_estimated
Maryland,FY2023,354569,individual_estimated
Maryland,FY2024,356710,individual_estimated
Maryland,FY2025,359358,individual_estimated
Maryland,FY2004,2600801,individual_income
Maryland,FY2005,2630345,individual_income
Maryland,FY2006,2652044,individual_income
Maryland,FY2007,2711618,individual_income
Maryland,FY2008,2931023,individual_income
Maryland,FY2009,2785531,individual_income
Maryland,FY2010,2735173,individual_income
Maryland,FY2011,2774762,individual_income
Maryland,FY2012,2821455,individual_income
Maryland,FY2013,2854951,individual_income
Maryland,FY2014,2940059,individual_income
Maryland,FY2015,2940401,individual_income
Maryland,FY2016,2959007,individual_income
Maryland,FY2017,2950158,individual_income
Maryland,FY2018,2976987,individual_income
Maryland,FY2019,2997799,individual_income
Maryland,FY2020,2954732,individual_income
Maryland,FY2021,3205308,individual_income
Maryland,FY2022,3094625,individual_income
Maryland,FY2023,3187139,individual_income
Maryland,FY2024,3089291,individual_income
Maryland,FY2025,3131823,individual_income
Maryland,FY2004,50396,partnership
Maryland,FY2005,53620,partnership
Maryland,FY2006,56525,partnership
Maryland,FY2007,60761,partnership
Maryland,FY2008,64012,partnership
Maryland,FY2009,67356,partnership
Maryland,FY2010,66374,partnership
Maryland,FY2011,66924,partnership
Maryland,FY2012,67690,partnership
Maryland,FY2013,68308,partnership
Maryland,FY2014,69209,partnership
Maryland,FY2015,69679,partnership
Maryland,FY2016,71567,partnership
Maryland,FY2017,72477,partnership
Maryland,FY2018,73313,partnership
Maryland,FY2019,68832,partnership
Maryland,FY2020,75121,partnership
Maryland,FY2021,80073,partnership
Maryland,FY2022,74035,partnership
Maryland,FY2023,86181,partnership
Maryland,FY2024,80742,partnership
Maryland,FY2025,81862,partnership
Maryland,FY2004,66774,s_corporation
Maryland,FY2005,67498,s_corporation
Maryland,FY2006,68908,s_corporation
Maryland,FY2007,73067,s_corporation
Maryland,FY2008,76624,s_corporation
Maryland,FY2009,77143,s_corporation
Maryland,FY2010,76115,s_corporation
Maryland,FY2011,76295,s_corporation
Maryland,FY2012,76545,s_corporation
Maryland,FY2013,75814,s_corporation
Maryland,FY2014,76297,s_corporation
Maryland,FY2015,76460,s_corporation
Maryland,FY2016,77773,s_corporation
Maryland,FY2017,78628,s_corporation
Maryland,FY2018,80174,s_corporation
Maryland,FY2019,80799,s_corporation
Maryland,FY2020,77936,s_corporation
Maryland,FY2021,84050,s_corporation
Maryland,FY2022,82324,s_corporation
Maryland,FY2023,94457,s_corporation
Maryland,FY2024,91152,s_corporation
Maryland,FY2025,92294,s_corporation
Maryland,FY2004,344820.62708187156,supplemental
Maryland,FY2005,314758,supplemental
Maryland,FY2006,329981,supplemental
Maryland,FY2007,366081,supplemental
Maryland,FY2008,384623,supplemental
Maryland,FY2009,415060,supplemental
Maryland,FY2010,388028,supplemental
Maryland,FY2011,429039.7107327173,supplemental
Maryland,FY2012,449373,supplemental
Maryland,FY2013,429865,supplemental
Maryland,FY2014,411412,supplemental
Maryland,FY2015,420939,supplemental
Maryland,FY2016,411469,supplemental
Maryland,FY2017,451793,supplemental
Maryland,FY2018,473795,supplemental
Maryland,FY2019,501862,supplemental
Maryland,FY2020,332479,supplemental
Maryland,FY2021,517772,supplemental
Maryland,FY2022,722099,supplemental
Maryland,FY2023,728722,supplemental
Maryland,FY2024,687979.0272716943,supplemental
Maryland,FY2025,716465.5545180031,supplemental
Maryland,FY2004,16560,tax_exempt
Maryland,FY2005,16537,tax_exempt
Maryland,FY2006,17254,tax_exempt
Maryland,FY2007,17484,tax_exempt
Maryland,FY2008,16933,tax_exempt
Maryland,FY2009,21277,tax_exempt
Maryland,FY2010,25314,tax_exempt
Maryland,FY2011,25980,tax_exempt
Maryland,FY2012,25382,tax_exempt
Maryland,FY2013,27122,tax_exempt
Maryland,FY2014,27049,tax_exempt
Maryland,FY2015,29030,tax_exempt
Maryland,FY2016,27730,tax_exempt
Maryland,FY2017,29043,tax_exempt
Maryland,FY2018,29894,tax_exempt
Maryland,FY2019,30105,tax_exempt
Maryland,FY2020,26649,tax_exempt
Maryland,FY2021,31289,tax_exempt
Maryland,FY2022,32479,tax_exempt
Maryland,FY2023,31840,tax_exempt
Maryland,FY2024,32765,tax_exempt
Maryland,FY2025,33406,tax_exempt
Maryland,FY2004,4423050.452335298,total
Maryland,FY2005,4413694.721325604,total
Maryland,FY2006,4472902,total
Maryland,FY2007,4571290,total
Maryland,FY2008,4813492,total
Maryland,FY2009,4479310,total
Maryland,FY2010,4447794,total
Maryland,FY2011,4523337.710732717,total
Maryland,FY2012,4568093,total
Maryland,FY2013,4642997,total
Maryland,FY2014,4693023.656637538,total
Maryland,FY2015,4701897,total
Maryland,FY2016,4694897,total
Maryland,FY2017,4700321,total
Maryland,FY2018,4757309,total
Maryland,FY2019,4810607,total
Maryland,FY2020,4459932,total
Maryland,FY2021,5020474,total
Maryland,FY2022,5037062,total
Maryland,FY2023,5244983,total
Maryland,FY2024,5029081.0272716945,total
Maryland,FY2025,5107086,total
Maryland and District of Columbia,FY2000,126803,corporation_total
Maryland and District of Columbia,FY2001,124761,corporation_total
Maryland and District of Columbia,FY2002,127577,corporation_total
Maryland and District of Columbia,FY2003,131484,corporation_total
Maryland and District of Columbia,FY2000,30149,employee_plan
Maryland and District of Columbia,FY2001,22865,employee_plan
Maryland and District of Columbia,FY2000,576439,employment
Maryland and District of Columbia,FY2001,578307,employment
Maryland and District of Columbia,FY2002,584742,employment
Maryland and District of Columbia,FY2003,605452.9734861564,employment
Maryland and District of Columbia,FY2000,2797,estate_tax
Maryland and District of Columbia,FY2001,2915,estate_tax
Maryland and District of Columbia,FY2002,3019,estate_tax
Maryland and District of Columbia,FY2003,2283,estate_tax
Maryland and District of Columbia,FY2000,417743,estate_trust
Maryland and District of Columbia,FY2001,412327,estate_trust
Maryland and District of Columbia,FY2002,488897,estate_trust
Maryland and District of Columbia,FY2003,495987,estate_trust
Maryland and District of Columbia,FY2000,25336,estate_trust_estimated
Maryland and District of Columbia,FY2001,26090,estate_trust_estimated
Maryland and District of Columbia,FY2002,19138,estate_trust_estimated
Maryland and District of Columbia,FY2003,17923,estate_trust_estimated
Maryland and District of Columbia,FY2000,10850,excise
Maryland and District of Columbia,FY2001,10075,excise
Maryland and District of Columbia,FY2002,11045,excise
Maryland and District of Columbia,FY2003,10417,excise
Maryland and District of Columbia,FY2000,6726,gift_tax
Maryland and District of Columbia,FY2001,6904,gift_tax
Maryland and District of Columbia,FY2002,6481,gift_tax
Maryland and District of Columbia,FY2003,6559,gift_tax
Maryland and District of Columbia,FY2000,870662,individual_estimated
Maryland and District of Columbia,FY2001,835998,individual_estimated
Maryland and District of Columbia,FY2002,784385,individual_estimated
Maryland and District of Columbia,FY2003,727863,individual_estimated
Maryland and District of Columbia,FY2000,2775173,individual_income
Maryland and District of Columbia,FY2001,2830353,individual_income
Maryland and District of Columbia,FY2002,2868760,individual_income
Maryland and District of Columbia,FY2003,2865357,individual_income
Maryland and District of Columbia,FY2000,47666,partnership
Maryland and District of Columbia,FY2001,49845,partnership
Maryland and District of Columbia,FY2002,51175,partnership
Maryland and District of Columbia,FY2003,54172,partnership
Maryland and District of Columbia,FY2000,343853.8552362317,supplemental
Maryland and District of Columbia,FY2001,360810.1390292087,supplemental
Maryland and District of Columbia,FY2002,383683.87865222135,supplemental
Maryland and District of Columbia,FY2003,389243.39659183094,supplemental
Maryland and District of Columbia,FY2000,21961,tax_exempt
Maryland and District of Columbia,FY2001,21499,tax_exempt
Maryland and District of Columbia,FY2002,22957,tax_exempt
Maryland and District of Columbia,FY2003,23954,tax_exempt
Maryland and District of Columbia,FY2000,5256158.855236231,total
Maryland and District of Columbia,FY2001,5282749.139029209,total
Maryland and District of Columbia,FY2002,5351859.8786522215,total
Maryland and District of Columbia,FY2003,5330695.370077987,total
Massachusetts,FY2004,63779,c_corporation
Massachusetts,FY2005,63047,c_corporation
Massachusetts,FY2006,61759,c_corporation
Massachusetts,FY2007,61453,c_corporation
Massachusetts,FY2008,59900,c_corporation
Massachusetts,FY2009,59356,c_corporation
Massachusetts,FY2010,56066,c_corporation
Massachusetts,FY2011,54901,c_corporation
Massachusetts,FY2012,54431,c_corporation
Massachusetts,FY2013,54004,c_corporation
Massachusetts,FY2014,53892,c_corporation
Massachusetts,FY2015,53196,c_corporation
Massachusetts,FY2016,54133,c_corporation
Massachusetts,FY2017,51688,c_corporation
Massachusetts,FY2018,52117,c_corporation
Massachusetts,FY2019,54513,c_corporation
Massachusetts,FY2020,46205,c_corporation
Massachusetts,FY2021,55959,c_corporation
Massachusetts,FY2022,54252,c_corporation
Massachusetts,FY2023,68721,c_corporation
Massachusetts,FY2024,61640,c_corporation
Massachusetts,FY2025,65158,c_corporation
Massachusetts,FY2000,131891,corporation_total
Massachusetts,FY2001,133406,corporation_total
Massachusetts,FY2002,134528,corporation_total
Massachusetts,FY2003,139594,corporation_total
Massachusetts,FY2000,41469,employee_plan
Massachusetts,FY2001,31664,employee_plan
Massachusetts,FY2000,711638,employment
Massachusetts,FY2001,722381,employment
Massachusetts,FY2002,731502,employment
Massachusetts,FY2003,757506.5394576148,employment
Massachusetts,FY2004,751241.3990042506,employment
Massachusetts,FY2005,730478,employment
Massachusetts,FY2006,739928,employment
Massachusetts,FY2007,711109,employment
Massachusetts,FY2008,707948,employment
Massachusetts,FY2009,697498,employment
Massachusetts,FY2010,683277,employment
Massachusetts,FY2011,677428,employment
Massachusetts,FY2012,685100,employment
Massachusetts,FY2013,693173,employment
Massachusetts,FY2014,695896,employment
Massachusetts,FY2015,698746,employment
Massachusetts,FY2016,704552,employment
Massachusetts,FY2017,710600,employment
Massachusetts,FY2018,714890,employment
Massachusetts,FY2019,724465,employment
Massachusetts,FY2020,663254,employment
Massachusetts,FY2021,753663,employment
Massachusetts,FY2022,700441,employment
Massachusetts,FY2023,785479,employment
Massachusetts,FY2024,742237,employment
Massachusetts,FY2025,745595,employment
Massachusetts,FY2000,3585,estate_tax
Massachusetts,FY2001,3777,estate_tax
Massachusetts,FY2002,3774,estate_tax
Massachusetts,FY2003,2915,estate_tax
Massachusetts,FY2004,2483,estate_tax
Massachusetts,FY2005,2293,estate_tax
Massachusetts,FY2006,1906,estate_tax
Massachusetts,FY2007,1592,estate_tax
Massachusetts,FY2008,1438,estate_tax
Massachusetts,FY2009,1527,estate_tax
Massachusetts,FY2010,961,estate_tax
Massachusetts,FY2011,424,estate_tax
Massachusetts,FY2012,905,estate_tax
Massachusetts,FY2013,1139,estate_tax
Massachusetts,FY2014,1231,estate_tax
Massachusetts,FY2015,1355,estate_tax
Massachusetts,FY2016,1425,estate_tax
Massachusetts,FY2017,1386,estate_tax
Massachusetts,FY2018,1427,estate_tax
Massachusetts,FY2019,1295,estate_tax
Massachusetts,FY2020,684,estate_tax
Massachusetts,FY2021,1357,estate_tax
Massachusetts,FY2022,1239,estate_tax
Massachusetts,FY2023,2317,estate_tax
Massachusetts,FY2024,1403,estate_tax
Massachusetts,FY2025,1128,estate_tax
Massachusetts,FY2000,147304,estate_trust
Massachusetts,FY2001,140486,estate_trust
Massachusetts,FY2002,141805,estate_trust
Massachusetts,FY2003,145563,estate_trust
Massachusetts,FY2004,143888,estate_trust
Massachusetts,FY2005,141088,estate_trust
Massachusetts,FY2006,153488,estate_trust
Massachusetts,FY2007,156183,estate_trust
Massachusetts,FY2008,151521,estate_trust
Massachusetts,FY2009,157558,estate_trust
Massachusetts,FY2010,153485,estate_trust
Massachusetts,FY2011,150063,estate_trust
Massachusetts,FY2012,147179,estate_trust
Massachusetts,FY2013,146252,estate_trust
Massachusetts,FY2014,149346,estate_trust
Massachusetts,FY2015,150167,estate_trust
Massachusetts,FY2016,151886,estate_trust
Massachusetts,FY2017,142262,estate_trust
Massachusetts,FY2018,144746,estate_trust
Massachusetts,FY2019,145420,estate_trust
Massachusetts,FY2020,134495,estate_trust
Massachusetts,FY2021,144766,estate_trust
Massachusetts,FY2022,129839,estate_trust
Massachusetts,FY2023,139380,estate_trust
Massachusetts,FY2024,123330,estate_trust
Massachusetts,FY2025,121935,estate_trust
Massachusetts,FY2000,53407,estate_trust_estimated
Massachusetts,FY2001,52591,estate_trust_estimated
Massachusetts,FY2002,39259,estate_trust_estimated
Massachusetts,FY2003,36562,estate_trust_estimated
Massachusetts,FY2004,43403,estate_trust_estimated
Massachusetts,FY2005,28870.50512135768,estate_trust_estimated
Massachusetts,FY2006,32292,estate_trust_estimated
Massachusetts,FY2007,37443,estate_trust_estimated
Massachusetts,FY2008,42337,estate_trust_estimated
Massachusetts,FY2009,23084,estate_trust_estimated
Massachusetts,FY2010,15665,estate_trust_estimated
Massachusetts,FY2011,17723,estate_trust_estimated
Massachusetts,FY2012,18070,estate_trust_estimated
Massachusetts,FY2013,24486,estate_trust_estimated
Massachusetts,FY2014,30918.539584532467,estate_trust_estimated
Massachusetts,FY2015,33607.56150541247,estate_trust_estimated
Massachusetts,FY2016,27910,estate_trust_estimated
Massachusetts,FY2017,23978,estate_trust_estimated
Massachusetts,FY2018,30503,estate_trust_estimated
Massachusetts,FY2019,33011,estate_trust_estimated
Massachusetts,FY2020,27859,estate_trust_estimated
Massachusetts,FY2021,28710,estate_trust_estimated
Massachusetts,FY2022,34292,estate_trust_estimated
Massachusetts,FY2023,23091,estate_trust_estimated
Massachusetts,FY2024,25927,estate_trust_estimated
Massachusetts,FY2025,34265,estate_trust_estimated
Massachusetts,FY2000,10557,excise
Massachusetts,FY2001,9376,excise
Massachusetts,FY2002,10511,excise
Massachusetts,FY2003,9706,excise
Massachusetts,FY2004,7169,excise
Massachusetts,FY2005,12371,excise
Massachusetts,FY2006,9990,excise
Massachusetts,FY2007,9749,excise
Massachusetts,FY2008,9546,excise
Massachusetts,FY2009,8842,excise
Massachusetts,FY2010,8891,excise
Massachusetts,FY2011,5884,excise
Massachusetts,FY2012,12388,excise
Massachusetts,FY2013,10012,excise
Massachusetts,FY2014,12526,excise
Massachusetts,FY2015,12881,excise
Massachusetts,FY2016,12769,excise
Massachusetts,FY2017,12501,excise
Massachusetts,FY2018,12872,excise
Massachusetts,FY2019,13089,excise
Massachusetts,FY2020,11497,excise
Massachusetts,FY2021,16530,excise
Massachusetts,FY2022,13396,excise
Massachusetts,FY2023,16461,excise
Massachusetts,FY2024,14971,excise
Massachusetts,FY2025,14927,excise
Massachusetts,FY2000,10248,gift_tax
Massachusetts,FY2001,10676,gift_tax
Massachusetts,FY2002,10462,gift_tax
Massachusetts,FY2003,11004,gift_tax
Massachusetts,FY2004,9607,gift_tax
Massachusetts,FY2005,10814,gift_tax
Massachusetts,FY2006,9956,gift_tax
Massachusetts,FY2007,9720,gift_tax
Massachusetts,FY2008,9625,gift_tax
Massachusetts,FY2009,9561,gift_tax
Massachusetts,FY2010,8916,gift_tax
Massachusetts,FY2011,7760,gift_tax
Massachusetts,FY2012,9387,gift_tax
Massachusetts,FY2013,11513,gift_tax
Massachusetts,FY2014,12396,gift_tax
Massachusetts,FY2015,9465,gift_tax
Massachusetts,FY2016,9698,gift_tax
Massachusetts,FY2017,9630,gift_tax
Massachusetts,FY2018,9615,gift_tax
Massachusetts,FY2019,9701,gift_tax
Massachusetts,FY2020,6452,gift_tax
Massachusetts,FY2021,11330,gift_tax
Massachusetts,FY2022,10709,gift_tax
Massachusetts,FY2023,20049,gift_tax
Massachusetts,FY2024,12014,gift_tax
Massachusetts,FY2025,12200,gift_tax
Massachusetts,FY2000,1137885,individual_estimated
Massachusetts,FY2001,1029101,individual_estimated
Massachusetts,FY2002,1092264,individual_estimated
Massachusetts,FY2003,860580,individual_estimated
Massachusetts,FY2004,847901.7258064516,individual_estimated
Massachusetts,FY2005,827339,individual_estimated
Massachusetts,FY2006,844455,individual_estimated
Massachusetts,FY2007,850420,individual_estimated
Massachusetts,FY2008,865327,individual_estimated
Massachusetts,FY2009,595234,individual_estimated
Massachusetts,FY2010,654504,individual_estimated
Massachusetts,FY2011,656379,individual_estimated
Massachusetts,FY2012,625550,individual_estimated
Massachusetts,FY2013,693711,individual_estimated
Massachusetts,FY2014,662045,individual_estimated
Massachusetts,FY2015,675116,individual_estimated
Massachusetts,FY2016,646131,individual_estimated
Massachusetts,FY2017,620857,individual_estimated
Massachusetts,FY2018,620640,individual_estimated
Massachusetts,FY2019,623336,individual_estimated
Massachusetts,FY2020,544024,individual_estimated
Massachusetts,FY2021,560531,individual_estimated
Massachusetts,FY2022,530863,individual_estimated
Massachusetts,FY2023,483482,individual_estimated
Massachusetts,FY2024,496442,individual_estimated
Massachusetts,FY2025,509798,individual_estimated
Massachusetts,FY2000,3047108,individual_income
Massachusetts,FY2001,3085509,individual_income
Massachusetts,FY2002,3123187,individual_income
Massachusetts,FY2003,3077502,individual_income
Massachusetts,FY2004,3047797,individual_income
Massachusetts,FY2005,3057144,individual_income
Massachusetts,FY2006,3062454,individual_income
Massachusetts,FY2007,3139717,individual_income
Massachusetts,FY2008,3438640,individual_income
Massachusetts,FY2009,3229387,individual_income
Massachusetts,FY2010,3150222,individual_income
Massachusetts,FY2011,3180907,individual_income
Massachusetts,FY2012,3232880,individual_income
Massachusetts,FY2013,3267033,individual_income
Massachusetts,FY2014,3299297,individual_income
Massachusetts,FY2015,3344477,individual_income
Massachusetts,FY2016,3396548,individual_income
Massachusetts,FY2017,3408553,individual_income
Massachusetts,FY2018,3454691,individual_income
Massachusetts,FY2019,3490802,individual_income
Massachusetts,FY2020,3407041,individual_income
Massachusetts,FY2021,3708415,individual_income
Massachusetts,FY2022,3579240,individual_income
Massachusetts,FY2023,3671275,individual_income
Massachusetts,FY2024,3593199,individual_income
Massachusetts,FY2025,3636887,individual_income
Massachusetts,FY2000,39819,partnership
Massachusetts,FY2001,42677,partnership
Massachusetts,FY2002,44687,partnership
Massachusetts,FY2003,48148,partnership
Massachusetts,FY2004,50399,partnership
Massachusetts,FY2005,54604,partnership
Massachusetts,FY2006,55994,partnership
Massachusetts,FY2007,59366,partnership
Massachusetts,FY2008,63226,partnership
Massachusetts,FY2009,71700,partnership
Massachusetts,FY2010,66250,partnership
Massachusetts,FY2011,66881,partnership
Massachusetts,FY2012,69028,partnership
Massachusetts,FY2013,71102,partnership
Massachusetts,FY2014,72530,partnership
Massachusetts,FY2015,74658,partnership
Massachusetts,FY2016,77408,partnership
Massachusetts,FY2017,79203,partnership
Massachusetts,FY2018,81781,partnership
Massachusetts,FY2019,77330,partnership
Massachusetts,FY2020,92470,partnership
Massachusetts,FY2021,91478,partnership
Massachusetts,FY2022,91358,partnership
Massachusetts,FY2023,99217,partnership
Massachusetts,FY2024,98172,partnership
Massachusetts,FY2025,100956,partnership
Massachusetts,FY2004,78246,s_corporation
Massachusetts,FY2005,82441,s_corporation
Massachusetts,FY2006,85733,s_corporation
Massachusetts,FY2007,87072,s_corporation
Massachusetts,FY2008,89553,s_corporation
Massachusetts,FY2009,89773,s_corporation
Massachusetts,FY2010,88945,s_corporation
Massachusetts,FY2011,88240,s_corporation
Massachusetts,FY2012,89935,s_corporation
Massachusetts,FY2013,89502,s_corporation
Massachusetts,FY2014,90448,s_corporation
Massachusetts,FY2015,91503,s_corporation
Massachusetts,FY2016,93735,s_corporation
Massachusetts,FY2017,94683,s_corporation
Massachusetts,FY2018,96695,s_corporation
Massachusetts,FY2019,99461,s_corporation
Massachusetts,FY2020,98247,s_corporation
Massachusetts,FY2021,101921,s_corporation
Massachusetts,FY2022,102326,s_corporation
Massachusetts,FY2023,114352,s_corporation
Massachusetts,FY2024,113445,s_corporation
Massachusetts,FY2025,115753,s_corporation
Massachusetts,FY2000,346703,supplemental
Massachusetts,FY2001,355605,supplemental
Massachusetts,FY2002,388132.80199819786,supplemental
Massachusetts,FY2003,393211.4148733085,supplemental
Massachusetts,FY2004,388100.4035322575,supplemental
Massachusetts,FY2005,398067,supplemental
Massachusetts,FY2006,368274,supplemental
Massachusetts,FY2007,386213,supplemental
Massachusetts,FY2008,410669,supplemental
Massachusetts,FY2009,420870,supplemental
Massachusetts,FY2010,355628,supplemental
Massachusetts,FY2011,432395.7063803649,supplemental
Massachusetts,FY2012,451644,supplemental
Massachusetts,FY2013,432172,supplemental
Massachusetts,FY2014,416877,supplemental
Massachusetts,FY2015,434677,supplemental
Massachusetts,FY2016,411407,supplemental
Massachusetts,FY2017,458013,supplemental
Massachusetts,FY2018,488431,supplemental
Massachusetts,FY2019,482548,supplemental
Massachusetts,FY2020,348569,supplemental
Massachusetts,FY2021,494629,supplemental
Massachusetts,FY2022,754740,supplemental
Massachusetts,FY2023,767777,supplemental
Massachusetts,FY2024,711803.238981017,supplemental
Massachusetts,FY2025,766253.5911640102,supplemental
Massachusetts,FY2000,25814,tax_exempt
Massachusetts,FY2001,25209,tax_exempt
Massachusetts,FY2002,26895,tax_exempt
Massachusetts,FY2003,28689,tax_exempt
Massachusetts,FY2004,28491,tax_exempt
Massachusetts,FY2005,27365,tax_exempt
Massachusetts,FY2006,29842,tax_exempt
Massachusetts,FY2007,31026,tax_exempt
Massachusetts,FY2008,30514,tax_exempt
Massachusetts,FY2009,34071,tax_exempt
Massachusetts,FY2010,38267,tax_exempt
Massachusetts,FY2011,39155,tax_exempt
Massachusetts,FY2012,38688,tax_exempt
Massachusetts,FY2013,40495,tax_exempt
Massachusetts,FY2014,40440,tax_exempt
Massachusetts,FY2015,42891,tax_exempt
Massachusetts,FY2016,41018,tax_exempt
Massachusetts,FY2017,41806,tax_exempt
Massachusetts,FY2018,42104,tax_exempt
Massachusetts,FY2019,42920,tax_exempt
Massachusetts,FY2020,32136,tax_exempt
Massachusetts,FY2021,43932,tax_exempt
Massachusetts,FY2022,44675,tax_exempt
Massachusetts,FY2023,48932,tax_exempt
Massachusetts,FY2024,43900,tax_exempt
Massachusetts,FY2025,44823,tax_exempt
Massachusetts,FY2000,5707428,total
Massachusetts,FY2001,5642458,total
Massachusetts,FY2002,5747006.801998198,total
Massachusetts,FY2003,5510980.954330923,total
Massachusetts,FY2004,5462505.5283429595,total
Massachusetts,FY2005,5435921.505121358,total
Massachusetts,FY2006,5456071,total
Massachusetts,FY2007,5541063,total
Massachusetts,FY2008,5880244,total
Massachusetts,FY2009,5398461,total
Massachusetts,FY2010,5281077,total
Massachusetts,FY2011,5378140.7063803645,total
Massachusetts,FY2012,5435185,total
Massachusetts,FY2013,5534594,total
Massachusetts,FY2014,5537842.539584532,total
Massachusetts,FY2015,5622740,total
Massachusetts,FY2016,5628620,total
Massachusetts,FY2017,5655160,total
Massachusetts,FY2018,5750512,total
Massachusetts,FY2019,5797891,total
Massachusetts,FY2020,5412933,total
Massachusetts,FY2021,6013221,total
Massachusetts,FY2022,6047370,total
Massachusetts,FY2023,6240533,total
Massachusetts,FY2024,6038483.238981017,total
Massachusetts,FY2025,6169679,total
Michigan,FY2004,79766,c_corporation
Michigan,FY2005,82988,c_corporation
Michigan,FY2006,79284,c_corporation
Michigan,FY2007,78744,c_corporation
Michigan,FY2008,76636,c_corporation
Michigan,FY2009,73515,c_corporation
Michigan,FY2010,68488,c_corporation
Michigan,FY2011,66306,c_corporation
Michigan,FY2012,63533,c_corporation
Michigan,FY2013,60932,c_corporation
Michigan,FY2014,58715,c_corporation
Michigan,FY2015,56776,c_corporation
Michigan,FY2016,55273,c_corporation
Michigan,FY2017,50724,c_corporation
Michigan,FY2018,51376,c_corporation
Michigan,FY2019,50054,c_corporation
Michigan,FY2020,42339,c_corporation
Michigan,FY2021,49087,c_corporation
Michigan,FY2022,43136,c_corporation
Michigan,FY2023,52234,c_corporation
Michigan,FY2024,45471,c_corporation
Michigan,FY2025,45045,c_corporation
Michigan,FY2000,191804,corporation_total
Michigan,FY2001,193503,corporation_total
Michigan,FY2002,194045,corporation_total
Michigan,FY2003,197625,corporation_total
Michigan,FY2000,39871,employee_plan
Michigan,FY2001,30246,employee_plan
Michigan,FY2000,976088,employment
Michigan,FY2001,969774,employment
Michigan,FY2002,975567,employment
Michigan,FY2003,992652.2640529912,employment
Michigan,FY2004,985672.525814306,employment
Michigan,FY2005,990116,employment
Michigan,FY2006,994590,employment
Michigan,FY2007,955379,employment
Michigan,FY2008,941392,employment
Michigan,FY2009,913412,employment
Michigan,FY2010,889020,employment
Michigan,FY2011,870825,employment
Michigan,FY2012,872691,employment
Michigan,FY2013,879883,employment
Michigan,FY2014,873904,employment
Michigan,FY2015,873903,employment
Michigan,FY2016,871813,employment
Michigan,FY2017,873080,employment
Michigan,FY2018,875668,employment
Michigan,FY2019,887195,employment
Michigan,FY2020,760726,employment
Michigan,FY2021,953138,employment
Michigan,FY2022,810955,employment
Michigan,FY2023,1006515,employment
Michigan,FY2024,907863,employment
Michigan,FY2025,924325,employment
Michigan,FY2000,3550,estate_tax
Michigan,FY2001,3609,estate_tax
Michigan,FY2002,3336,estate_tax
Michigan,FY2003,2491,estate_tax
Michigan,FY2004,1858,estate_tax
Michigan,FY2005,1606,estate_tax
Michigan,FY2006,1344,estate_tax
Michigan,FY2007,1066,estate_tax
Michigan,FY2008,957,estate_tax
Michigan,FY2009,962,estate_tax
Michigan,FY2010,536,estate_tax
Michigan,FY2011,157,estate_tax
Michigan,FY2012,409,estate_tax
Michigan,FY2013,508,estate_tax
Michigan,FY2014,520,estate_tax
Michigan,FY2015,583,estate_tax
Michigan,FY2016,608,estate_tax
Michigan,FY2017,609,estate_tax
Michigan,FY2018,602,estate_tax
Michigan,FY2019,427,estate_tax
Michigan,FY2020,220,estate_tax
Michigan,FY2021,438,estate_tax
Michigan,FY2022,444,estate_tax
Michigan,FY2023,832,estate_tax
Michigan,FY2024,466,estate_tax
Michigan,FY2025,428,estate_tax
Michigan,FY2000,82733,estate_trust
Michigan,FY2001,89972,estate_trust
Michigan,FY2002,82755,estate_trust
Michigan,FY2003,82867,estate_trust
Michigan,FY2004,82578,estate_trust
Michigan,FY2005,95348,estate_trust
Michigan,FY2006,88514,estate_trust
Michigan,FY2007,85191,estate_trust
Michigan,FY2008,74647,estate_trust
Michigan,FY2009,75673,estate_trust
Michigan,FY2010,75581,estate_trust
Michigan,FY2011,76175,estate_trust
Michigan,FY2012,75560,estate_trust
Michigan,FY2013,77587,estate_trust
Michigan,FY2014,78345,estate_trust
Michigan,FY2015,78490,estate_trust
Michigan,FY2016,82221,estate_trust
Michigan,FY2017,78338,estate_trust
Michigan,FY2018,81073,estate_trust
Michigan,FY2019,80438,estate_trust
Michigan,FY2020,68662,estate_trust
Michigan,FY2021,78340,estate_trust
Michigan,FY2022,70973,estate_trust
Michigan,FY2023,82296,estate_trust
Michigan,FY2024,74902,estate_trust
Michigan,FY2025,75723,estate_trust
Michigan,FY2000,24723,estate_trust_estimated
Michigan,FY2001,25050,estate_trust_estimated
Michigan,FY2002,17401,estate_trust_estimated
Michigan,FY2003,15674,estate_trust_estimated
Michigan,FY2004,18602,estate_trust_estimated
Michigan,FY2005,14243.223971568894,estate_trust_estimated
Michigan,FY2006,16562,estate_trust_estimated
Michigan,FY2007,20867,estate_trust_estimated
Michigan,FY2008,25071,estate_trust_estimated
Michigan,FY2009,13159,estate_trust_estimated
Michigan,FY2010,7564,estate_trust_estimated
Michigan,FY2011,8818,estate_trust_estimated
Michigan,FY2012,9458,estate_trust_estimated
Michigan,FY2013,13328,estate_trust_estimated
Michigan,FY2014,18572.66977133588,estate_trust_estimated
Michigan,FY2015,20709.38579280691,estate_trust_estimated
Michigan,FY2016,16809,estate_trust_estimated
Michigan,FY2017,14101,estate_trust_estimated
Michigan,FY2018,18789,estate_trust_estimated
Michigan,FY2019,19934,estate_trust_estimated
Michigan,FY2020,16858,estate_trust_estimated
Michigan,FY2021,17024,estate_trust_estimated
Michigan,FY2022,22435,estate_trust_estimated
Michigan,FY2023,14106,estate_trust_estimated
Michigan,FY2024,14345,estate_trust_estimated
Michigan,FY2025,20903,estate_trust_estimated
Michigan,FY2000,26499,excise
Michigan,FY2001,23114,excise
Michigan,FY2002,26560,excise
Michigan,FY2003,24523,excise
Michigan,FY2004,19648,excise
Michigan,FY2005,29996,excise
Michigan,FY2006,26427,excise
Michigan,FY2007,25797,excise
Michigan,FY2008,24488,excise
Michigan,FY2009,23205,excise
Michigan,FY2010,24433,excise
Michigan,FY2011,15903,excise
Michigan,FY2012,33719,excise
Michigan,FY2013,27399,excise
Michigan,FY2014,29595,excise
Michigan,FY2015,30608,excise
Michigan,FY2016,30558,excise
Michigan,FY2017,30008,excise
Michigan,FY2018,29632,excise
Michigan,FY2019,30334,excise
Michigan,FY2020,25095,excise
Michigan,FY2021,34143,excise
Michigan,FY2022,30438,excise
Michigan,FY2023,34101,excise
Michigan,FY2024,31524,excise
Michigan,FY2025,31258,excise
Michigan,FY2000,8928,gift_tax
Michigan,FY2001,8835,gift_tax
Michigan,FY2002,8041,gift_tax
Michigan,FY2003,7869,gift_tax
Michigan,FY2004,6647,gift_tax
Michigan,FY2005,7507,gift_tax
Michigan,FY2006,6598,gift_tax
Michigan,FY2007,6090,gift_tax
Michigan,FY2008,6102,gift_tax
Michigan,FY2009,5537,gift_tax
Michigan,FY2010,5183,gift_tax
Michigan,FY2011,4742,gift_tax
Michigan,FY2012,5622,gift_tax
Michigan,FY2013,6454,gift_tax
Michigan,FY2014,6873,gift_tax
Michigan,FY2015,5380,gift_tax
Michigan,FY2016,5876,gift_tax
Michigan,FY2017,5505,gift_tax
Michigan,FY2018,5703,gift_tax
Michigan,FY2019,5282,gift_tax
Michigan,FY2020,3315,gift_tax
Michigan,FY2021,6256,gift_tax
Michigan,FY2022,5261,gift_tax
Michigan,FY2023,10689,gift_tax
Michigan,FY2024,6626,gift_tax
Michigan,FY2025,6859,gift_tax
Michigan,FY2000,1265323,individual_estimated
Michigan,FY2001,1227602,individual_estimated
Michigan,FY2002,1078465,individual_estimated
Michigan,FY2003,874506,individual_estimated
Michigan,FY2004,900125.0483870967,individual_estimated
Michigan,FY2005,854194,individual_estimated
Michigan,FY2006,874391,individual_estimated
Michigan,FY2007,868707,individual_estimated
Michigan,FY2008,887079,individual_estimated
Michigan,FY2009,790695,individual_estimated
Michigan,FY2010,656070,individual_estimated
Michigan,FY2011,672446,individual_estimated
Michigan,FY2012,656372,individual_estimated
Michigan,FY2013,736487,individual_estimated
Michigan,FY2014,712095,individual_estimated
Michigan,FY2015,743230,individual_estimated
Michigan,FY2016,725720,individual_estimated
Michigan,FY2017,708349,individual_estimated
Michigan,FY2018,718633,individual_estimated
Michigan,FY2019,711069,individual_estimated
Michigan,FY2020,375535,individual_estimated
Michigan,FY2021,54823,individual_estimated
Michigan,FY2022,19823,individual_estimated
Michigan,FY2023,22419,individual_estimated
Michigan,FY2024,27386,individual_estimated
Michigan,FY2025,148865,individual_estimated
Michigan,FY2000,4556618,individual_income
Michigan,FY2001,4616203,individual_income
Michigan,FY2002,4585063,individual_income
Michigan,FY2003,4552147,individual_income
Michigan,FY2004,4544642,individual_income
Michigan,FY2005,4560071,individual_income
Michigan,FY2006,4544045,individual_income
Michigan,FY2007,4653228,individual_income
Michigan,FY2008,5002295,individual_income
Michigan,FY2009,4642834,individual_income
Michigan,FY2010,4524956,individual_income
Michigan,FY2011,4589501,individual_income
Michigan,FY2012,4660114,individual_income
Michigan,FY2013,4637308,individual_income
Michigan,FY2014,4663269,individual_income
Michigan,FY2015,4684599,individual_income
Michigan,FY2016,4713811,individual_income
Michigan,FY2017,4710962,individual_income
Michigan,FY2018,4756819,individual_income
Michigan,FY2019,4779746,individual_income
Michigan,FY2020,4838559,individual_income
Michigan,FY2021,5139204,individual_income
Michigan,FY2022,4946030,individual_income
Michigan,FY2023,4958718,individual_income
Michigan,FY2024,4858106,individual_income
Michigan,FY2025,4897208,individual_income
Michigan,FY2000,69589,partnership
Michigan,FY2001,73120,partnership
Michigan,FY2002,76637,partnership
Michigan,FY2003,82092,partnership
Michigan,FY2004,85702,partnership
Michigan,FY2005,91972,partnership
Michigan,FY2006,94394,partnership
Michigan,FY2007,99404,partnership
Michigan,FY2008,101897,partnership
Michigan,FY2009,105826,partnership
Michigan,FY2010,102618,partnership
Michigan,FY2011,101988,partnership
Michigan,FY2012,102103,partnership
Michigan,FY2013,103672,partnership
Michigan,FY2014,105406,partnership
Michigan,FY2015,105354,partnership
Michigan,FY2016,107320,partnership
Michigan,FY2017,107675,partnership
Michigan,FY2018,109287,partnership
Michigan,FY2019,104980,partnership
Michigan,FY2020,111629,partnership
Michigan,FY2021,117286,partnership
Michigan,FY2022,110251,partnership
Michigan,FY2023,124697,partnership
Michigan,FY2024,119801,partnership
Michigan,FY2025,121092,partnership
Michigan,FY2004,104754,s_corporation
Michigan,FY2005,119290,s_corporation
Michigan,FY2006,122329,s_corporation
Michigan,FY2007,127496,s_corporation
Michigan,FY2008,133658,s_corporation
Michigan,FY2009,131433,s_corporation
Michigan,FY2010,130997,s_corporation
Michigan,FY2011,131337,s_corporation
Michigan,FY2012,130376,s_corporation
Michigan,FY2013,130639,s_corporation
Michigan,FY2014,132444,s_corporation
Michigan,FY2015,133970,s_corporation
Michigan,FY2016,137610,s_corporation
Michigan,FY2017,138915,s_corporation
Michigan,FY2018,141536,s_corporation
Michigan,FY2019,143592,s_corporation
Michigan,FY2020,139192,s_corporation
Michigan,FY2021,147825,s_corporation
Michigan,FY2022,144533,s_corporation
Michigan,FY2023,163140,s_corporation
Michigan,FY2024,156563,s_corporation
Michigan,FY2025,158060,s_corporation
Michigan,FY2000,418700.951089098,supplemental
Michigan,FY2001,435488.4485570664,supplemental
Michigan,FY2002,472764.9812957164,supplemental
Michigan,FY2003,464522.093450166,supplemental
Michigan,FY2004,478903.2087041619,supplemental
Michigan,FY2005,483152,supplemental
Michigan,FY2006,469187,supplemental
Michigan,FY2007,490801,supplemental
Michigan,FY2008,512991,supplemental
Michigan,FY2009,547243,supplemental
Michigan,FY2010,484878,supplemental
Michigan,FY2011,551318.8742081552,supplemental
Michigan,FY2012,539630,supplemental
Michigan,FY2013,535577,supplemental
Michigan,FY2014,489530,supplemental
Michigan,FY2015,510351,supplemental
Michigan,FY2016,504098,supplemental
Michigan,FY2017,568292,supplemental
Michigan,FY2018,588204,supplemental
Michigan,FY2019,602773,supplemental
Michigan,FY2020,464861,supplemental
Michigan,FY2021,581473,supplemental
Michigan,FY2022,929001,supplemental
Michigan,FY2023,918242,supplemental
Michigan,FY2024,878603.5232020258,supplemental
Michigan,FY2025,922614.1982138562,supplemental
Michigan,FY2000,21676,tax_exempt
Michigan,FY2001,22008,tax_exempt
Michigan,FY2002,22656,tax_exempt
Michigan,FY2003,23370,tax_exempt
Michigan,FY2004,24110,tax_exempt
Michigan,FY2005,24049,tax_exempt
Michigan,FY2006,24433,tax_exempt
Michigan,FY2007,26445,tax_exempt
Michigan,FY2008,25926,tax_exempt
Michigan,FY2009,33368,tax_exempt
Michigan,FY2010,38715,tax_exempt
Michigan,FY2011,39991,tax_exempt
Michigan,FY2012,38581,tax_exempt
Michigan,FY2013,42209,tax_exempt
Michigan,FY2014,41012,tax_exempt
Michigan,FY2015,43099,tax_exempt
Michigan,FY2016,41744,tax_exempt
Michigan,FY2017,43059,tax_exempt
Michigan,FY2018,43797,tax_exempt
Michigan,FY2019,44587,tax_exempt
Michigan,FY2020,37935,tax_exempt
Michigan,FY2021,45937,tax_exempt
Michigan,FY2022,47190,tax_exempt
Michigan,FY2023,48134,tax_exempt
Michigan,FY2024,47313,tax_exempt
Michigan,FY2025,47990,tax_exempt
Michigan,FY2000,7686102.951089098,total
Michigan,FY2001,7718524.448557067,total
Michigan,FY2002,7543290.981295716,total
Michigan,FY2003,7320338.357503157,total
Michigan,FY2004,7333007.782905566,total
Michigan,FY2005,7354532.223971569,total
Michigan,FY2006,7342098,total
Michigan,FY2007,7439215,total
Michigan,FY2008,7813139,total
Michigan,FY2009,7356862,total
Michigan,FY2010,7009039,total
Michigan,FY2011,7129507.874208155,total
Michigan,FY2012,7188168,total
Michigan,FY2013,7251983,total
Michigan,FY2014,7210280.669771336,total
Michigan,FY2015,7287052,total
Michigan,FY2016,7293461,total
Michigan,FY2017,7329617,total
Michigan,FY2018,7421119,total
Michigan,FY2019,7460411,total
Michigan,FY2020,6884926,total
Michigan,FY2021,7224974,total
Michigan,FY2022,7180470,total
Michigan,FY2023,7436123,total
Michigan,FY2024,7168969.523202026,total
Michigan,FY2025,7400370,total
Minnesota,FY2004,37827,c_corporation
Minnesota,FY2005,36593,c_corporation
Minnesota,FY2006,35858,c_corporation
Minnesota,FY2007,35715,c_corporation
Minnesota,FY2008,37142,c_corporation
Minnesota,FY2009,36054,c_corporation
Minnesota,FY2010,34360,c_corporation
Minnesota,FY2011,34542,c_corporation
Minnesota,FY2012,34549,c_corporation
Minnesota,FY2013,34766,c_corporation
Minnesota,FY2014,32795,c_corporation
Minnesota,FY2015,32176,c_corporation
Minnesota,FY2016,30494,c_corporation
Minnesota,FY2017,28421,c_corporation
Minnesota,FY2018,28622,c_corporation
Minnesota,FY2019,28295,c_corporation
Minnesota,FY2020,22233,c_corporation
Minnesota,FY2021,24229,c_corporation
Minnesota,FY2022,33012,c_corporation
Minnesota,FY2023,30135,c_corporation
Minnesota,FY2024,26142,c_corporation
Minnesota,FY2025,28865,c_corporation
Minnesota,FY2000,106521,corporation_total
Minnesota,FY2001,105238,corporation_total
Minnesota,FY2002,111995,corporation_total
Minnesota,FY2003,116472,corporation_total
Minnesota,FY2000,26411,employee_plan
Minnesota,FY2001,21927,employee_plan
Minnesota,FY2000,590005,employment
Minnesota,FY2001,590721,employment
Minnesota,FY2002,597247,employment
Minnesota,FY2003,616699.1466328697,employment
Minnesota,FY2004,626565.7515291233,employment
Minnesota,FY2005,636025,employment
Minnesota,FY2006,637638,employment
Minnesota,FY2007,621929,employment
Minnesota,FY2008,617179,employment
Minnesota,FY2009,610870,employment
Minnesota,FY2010,608082,employment
Minnesota,FY2011,599010,employment
Minnesota,FY2012,599497,employment
Minnesota,FY2013,601430,employment
Minnesota,FY2014,602853,employment
Minnesota,FY2015,602115,employment
Minnesota,FY2016,603992,employment
Minnesota,FY2017,605775,employment
Minnesota,FY2018,605999,employment
Minnesota,FY2019,611403,employment
Minnesota,FY2020,544007,employment
Minnesota,FY2021,630277,employment
Minnesota,FY2022,601698,employment
Minnesota,FY2023,661830,employment
Minnesota,FY2024,617894,employment
Minnesota,FY2025,626390,employment
Minnesota,FY2000,1762,estate_tax
Minnesota,FY2001,1749,estate_tax
Minnesota,FY2002,1871,estate_tax
Minnesota,FY2003,1344,estate_tax
Minnesota,FY2004,1107,estate_tax
Minnesota,FY2005,1025,estate_tax
Minnesota,FY2006,985,estate_tax
Minnesota,FY2007,811,estate_tax
Minnesota,FY2008,814,estate_tax
Minnesota,FY2009,802,estate_tax
Minnesota,FY2010,598,estate_tax
Minnesota,FY2011,263,estate_tax
Minnesota,FY2012,672,estate_tax
Minnesota,FY2013,999,estate_tax
Minnesota,FY2014,1036,estate_tax
Minnesota,FY2015,1022,estate_tax
Minnesota,FY2016,913,estate_tax
Minnesota,FY2017,893,estate_tax
Minnesota,FY2018,740,estate_tax
Minnesota,FY2019,550,estate_tax
Minnesota,FY2020,304,estate_tax
Minnesota,FY2021,556,estate_tax
Minnesota,FY2022,453,estate_tax
Minnesota,FY2023,987,estate_tax
Minnesota,FY2024,631,estate_tax
Minnesota,FY2025,664,estate_tax
Minnesota,FY2000,57886,estate_trust
Minnesota,FY2001,56726,estate_trust
Minnesota,FY2002,55801,estate_trust
Minnesota,FY2003,54498,estate_trust
Minnesota,FY2004,51572,estate_trust
Minnesota,FY2005,50133,estate_trust
Minnesota,FY2006,50152,estate_trust
Minnesota,FY2007,50291,estate_trust
Minnesota,FY2008,52780,estate_trust
Minnesota,FY2009,52695,estate_trust
Minnesota,FY2010,51687,estate_trust
Minnesota,FY2011,51260,estate_trust
Minnesota,FY2012,50128,estate_trust
Minnesota,FY2013,47326,estate_trust
Minnesota,FY2014,47233,estate_trust
Minnesota,FY2015,41924,estate_trust
Minnesota,FY2016,41707,estate_trust
Minnesota,FY2017,40175,estate_trust
Minnesota,FY2018,41098,estate_trust
Minnesota,FY2019,41420,estate_trust
Minnesota,FY2020,36829,estate_trust
Minnesota,FY2021,44715,estate_trust
Minnesota,FY2022,41277,estate_trust
Minnesota,FY2023,47353,estate_trust
Minnesota,FY2024,43270,estate_trust
Minnesota,FY2025,44298,estate_trust
Minnesota,FY2000,13743,estate_trust_estimated
Minnesota,FY2001,13784,estate_trust_estimated
Minnesota,FY2002,9219,estate_trust_estimated
Minnesota,FY2003,10597,estate_trust_estimated
Minnesota,FY2004,12599,estate_trust_estimated
Minnesota,FY2005,9234.82942174204,estate_trust_estimated
Minnesota,FY2006,8793,estate_trust_estimated
Minnesota,FY2007,10646,estate_trust_estimated
Minnesota,FY2008,12367,estate_trust_estimated
Minnesota,FY2009,7422,estate_trust_estimated
Minnesota,FY2010,4957,estate_trust_estimated
Minnesota,FY2011,5192,estate_trust_estimated
Minnesota,FY2012,5290,estate_trust_estimated
Minnesota,FY2013,7408,estate_trust_estimated
Minnesota,FY2014,8025.892679608602,estate_trust_estimated
Minnesota,FY2015,10325.206956497886,estate_trust_estimated
Minnesota,FY2016,8802,estate_trust_estimated
Minnesota,FY2017,7598,estate_trust_estimated
Minnesota,FY2018,10000,estate_trust_estimated
Minnesota,FY2019,10364,estate_trust_estimated
Minnesota,FY2020,8921,estate_trust_estimated
Minnesota,FY2021,9433,estate_trust_estimated
Minnesota,FY2022,11625,estate_trust_estimated
Minnesota,FY2023,7709,estate_trust_estimated
Minnesota,FY2024,8050,estate_trust_estimated
Minnesota,FY2025,10600,estate_trust_estimated
Minnesota,FY2000,32319,excise
Minnesota,FY2001,26494,excise
Minnesota,FY2002,30430,excise
Minnesota,FY2003,28381,excise
Minnesota,FY2004,23960,excise
Minnesota,FY2005,36332,excise
Minnesota,FY2006,32434,excise
Minnesota,FY2007,31744,excise
Minnesota,FY2008,31203,excise
Minnesota,FY2009,29633,excise
Minnesota,FY2010,31523,excise
Minnesota,FY2011,21659,excise
Minnesota,FY2012,47881,excise
Minnesota,FY2013,37193,excise
Minnesota,FY2014,39239,excise
Minnesota,FY2015,38957,excise
Minnesota,FY2016,37724,excise
Minnesota,FY2017,36332,excise
Minnesota,FY2018,36924,excise
Minnesota,FY2019,36752,excise
Minnesota,FY2020,29086,excise
Minnesota,FY2021,43157,excise
Minnesota,FY2022,37731,excise
Minnesota,FY2023,39496,excise
Minnesota,FY2024,38238,excise
Minnesota,FY2025,38240,excise
Minnesota,FY2000,6972,gift_tax
Minnesota,FY2001,7141,gift_tax
Minnesota,FY2002,6726,gift_tax
Minnesota,FY2003,7549,gift_tax
Minnesota,FY2004,6701,gift_tax
Minnesota,FY2005,6967,gift_tax
Minnesota,FY2006,6686,gift_tax
Minnesota,FY2007,6244,gift_tax
Minnesota,FY2008,6295,gift_tax
Minnesota,FY2009,5838,gift_tax
Minnesota,FY2010,5665,gift_tax
Minnesota,FY2011,5129,gift_tax
Minnesota,FY2012,6368,gift_tax
Minnesota,FY2013,7798,gift_tax
Minnesota,FY2014,7483,gift_tax
Minnesota,FY2015,5935,gift_tax
Minnesota,FY2016,5733,gift_tax
Minnesota,FY2017,5691,gift_tax
Minnesota,FY2018,5577,gift_tax
Minnesota,FY2019,5377,gift_tax
Minnesota,FY2020,3686,gift_tax
Minnesota,FY2021,6027,gift_tax
Minnesota,FY2022,4962,gift_tax
Minnesota,FY2023,10661,gift_tax
Minnesota,FY2024,6751,gift_tax
Minnesota,FY2025,6527,gift_tax
Minnesota,FY2000,759325,individual_estimated
Minnesota,FY2001,732046,individual_estimated
Minnesota,FY2002,692608,individual_estimated
Minnesota,FY2003,612030,individual_estimated
Minnesota,FY2004,615103.4677419355,individual_estimated
Minnesota,FY2005,577229,individual_estimated
Minnesota,FY2006,589886,individual_estimated
Minnesota,FY2007,596343,individual_estimated
Minnesota,FY2008,602436,individual_estimated
Minnesota,FY2009,567846,individual_estimated
Minnesota,FY2010,482894,individual_estimated
Minnesota,FY2011,487393,individual_estimated
Minnesota,FY2012,470763,individual_estimated
Minnesota,FY2013,538456,individual_estimated
Minnesota,FY2014,511237,individual_estimated
Minnesota,FY2015,524517,individual_estimated
Minnesota,FY2016,503734,individual_estimated
Minnesota,FY2017,485088,individual_estimated
Minnesota,FY2018,483234,individual_estimated
Minnesota,FY2019,475998,individual_estimated
Minnesota,FY2020,246992,individual_estimated
Minnesota,FY2021,309492,individual_estimated
Minnesota,FY2022,414630,individual_estimated
Minnesota,FY2023,396278,individual_estimated
Minnesota,FY2024,403941,individual_estimated
Minnesota,FY2025,408449,individual_estimated
Minnesota,FY2000,2340577,individual_income
Minnesota,FY2001,2382132,individual_income
Minnesota,FY2002,2384847,individual_income
Minnesota,FY2003,2378422,individual_income
Minnesota,FY2004,2382954,individual_income
Minnesota,FY2005,2405900,individual_income
Minnesota,FY2006,2431768,individual_income
Minnesota,FY2007,2555729,individual_income
Minnesota,FY2008,2728350,individual_income
Minnesota,FY2009,2574508,individual_income
Minnesota,FY2010,2533327,individual_income
Minnesota,FY2011,2553974,individual_income
Minnesota,FY2012,2587955,individual_income
Minnesota,FY2013,2619856,individual_income
Minnesota,FY2014,2652227,individual_income
Minnesota,FY2015,2689044,individual_income
Minnesota,FY2016,2724229,individual_income
Minnesota,FY2017,2730771,individual_income
Minnesota,FY2018,2765790,individual_income
Minnesota,FY2019,2789152,individual_income
Minnesota,FY2020,2815566,individual_income
Minnesota,FY2021,2929181,individual_income
Minnesota,FY2022,2861907,individual_income
Minnesota,FY2023,2928736,individual_income
Minnesota,FY2024,2895657,individual_income
Minnesota,FY2025,2966170,individual_income
Minnesota,FY2000,37917,partnership
Minnesota,FY2001,39198,partnership
Minnesota,FY2002,40765,partnership
Minnesota,FY2003,43551,partnership
Minnesota,FY2004,45993,partnership
Minnesota,FY2005,48741,partnership
Minnesota,FY2006,50885,partnership
Minnesota,FY2007,55128,partnership
Minnesota,FY2008,58384,partnership
Minnesota,FY2009,61684,partnership
Minnesota,FY2010,61159,partnership
Minnesota,FY2011,62329,partnership
Minnesota,FY2012,63037,partnership
Minnesota,FY2013,63800,partnership
Minnesota,FY2014,64887,partnership
Minnesota,FY2015,66066,partnership
Minnesota,FY2016,67346,partnership
Minnesota,FY2017,68213,partnership
Minnesota,FY2018,69079,partnership
Minnesota,FY2019,65974,partnership
Minnesota,FY2020,69267,partnership
Minnesota,FY2021,75801,partnership
Minnesota,FY2022,70679,partnership
Minnesota,FY2023,80400,partnership
Minnesota,FY2024,76295,partnership
Minnesota,FY2025,77634,partnership
Minnesota,FY2004,79538,s_corporation
Minnesota,FY2005,81967,s_corporation
Minnesota,FY2006,86462,s_corporation
Minnesota,FY2007,90189,s_corporation
Minnesota,FY2008,97815,s_corporation
Minnesota,FY2009,96392,s_corporation
Minnesota,FY2010,96878,s_corporation
Minnesota,FY2011,96355,s_corporation
Minnesota,FY2012,95687,s_corporation
Minnesota,FY2013,94132,s_corporation
Minnesota,FY2014,93834,s_corporation
Minnesota,FY2015,94203,s_corporation
Minnesota,FY2016,94636,s_corporation
Minnesota,FY2017,95633,s_corporation
Minnesota,FY2018,96578,s_corporation
Minnesota,FY2019,96976,s_corporation
Minnesota,FY2020,92536,s_corporation
Minnesota,FY2021,95874,s_corporation
Minnesota,FY2022,100611,s_corporation
Minnesota,FY2023,102649,s_corporation
Minnesota,FY2024,100648,s_corporation
Minnesota,FY2025,102456,s_corporation
Minnesota,FY2000,223595.92139518308,supplemental
Minnesota,FY2001,255095.99590688164,supplemental
Minnesota,FY2002,279542.0316206229,supplemental
Minnesota,FY2003,272417.82662587526,supplemental
Minnesota,FY2004,274438.1363787437,supplemental
Minnesota,FY2005,283401,supplemental
Minnesota,FY2006,251946,supplemental
Minnesota,FY2007,287475,supplemental
Minnesota,FY2008,303424,supplemental
Minnesota,FY2009,327394,supplemental
Minnesota,FY2010,290387,supplemental
Minnesota,FY2011,323698.31657076784,supplemental
Minnesota,FY2012,326186,supplemental
Minnesota,FY2013,331802,supplemental
Minnesota,FY2014,313274,supplemental
Minnesota,FY2015,327769,supplemental
Minnesota,FY2016,313645,supplemental
Minnesota,FY2017,350132,supplemental
Minnesota,FY2018,369004,supplemental
Minnesota,FY2019,395928,supplemental
Minnesota,FY2020,284736,supplemental
Minnesota,FY2021,418727,supplemental
Minnesota,FY2022,609931,supplemental
Minnesota,FY2023,611864,supplemental
Minnesota,FY2024,603486.3619532462,supplemental
Minnesota,FY2025,609866.5071660702,supplemental
Minnesota,FY2000,19183,tax_exempt
Minnesota,FY2001,18817,tax_exempt
Minnesota,FY2002,19352,tax_exempt
Minnesota,FY2003,19920,tax_exempt
Minnesota,FY2004,20040,tax_exempt
Minnesota,FY2005,20192,tax_exempt
Minnesota,FY2006,20591,tax_exempt
Minnesota,FY2007,21586,tax_exempt
Minnesota,FY2008,21227,tax_exempt
Minnesota,FY2009,26270,tax_exempt
Minnesota,FY2010,33083,tax_exempt
Minnesota,FY2011,31707,tax_exempt
Minnesota,FY2012,31699,tax_exempt
Minnesota,FY2013,33869,tax_exempt
Minnesota,FY2014,32085,tax_exempt
Minnesota,FY2015,35248,tax_exempt
Minnesota,FY2016,39097,tax_exempt
Minnesota,FY2017,33730,tax_exempt
Minnesota,FY2018,35446,tax_exempt
Minnesota,FY2019,34707,tax_exempt
Minnesota,FY2020,30142,tax_exempt
Minnesota,FY2021,38425,tax_exempt
Minnesota,FY2022,39819,tax_exempt
Minnesota,FY2023,40659,tax_exempt
Minnesota,FY2024,40653,tax_exempt
Minnesota,FY2025,42321,tax_exempt
Minnesota,FY2000,4216216.921395183,total
Minnesota,FY2001,4251068.995906882,total
Minnesota,FY2002,4230403.031620623,total
Minnesota,FY2003,4161880.973258745,total
Minnesota,FY2004,4178398.3556498024,total
Minnesota,FY2005,4193739.829421742,total
Minnesota,FY2006,4204084,total
Minnesota,FY2007,4363830,total
Minnesota,FY2008,4569416,total
Minnesota,FY2009,4397408,total
Minnesota,FY2010,4234600,total
Minnesota,FY2011,4272511.316570768,total
Minnesota,FY2012,4319712,total
Minnesota,FY2013,4418835,total
Minnesota,FY2014,4406208.892679608,total
Minnesota,FY2015,4469301,total
Minnesota,FY2016,4472052,total
Minnesota,FY2017,4488452,total
Minnesota,FY2018,4548091,total
Minnesota,FY2019,4592896,total
Minnesota,FY2020,4184305,total
Minnesota,FY2021,4625894,total
Minnesota,FY2022,4828335,total
Minnesota,FY2023,4958757,total
Minnesota,FY2024,4861656.361953246,total
Minnesota,FY2025,4962481,total
Mississippi,FY2004,17026,c_corporation
Mississippi,FY2005,15989,c_corporation
Mississippi,FY2006,14436,c_corporation
Mississippi,FY2007,15478,c_corporation
Mississippi,FY2008,15986,c_corporation
Mississippi,FY2009,14580,c_corporation
Mississippi,FY2010,13975,c_corporation
Mississippi,FY2011,13352,c_corporation
Mississippi,FY2012,12559,c_corporation
Mississippi,FY2013,12533,c_corporation
Mississippi,FY2014,11901,c_corporation
Mississippi,FY2015,11656,c_corporation
Mississippi,FY2016,11140,c_corporation
Mississippi,FY2017,10371,c_corporation
Mississippi,FY2018,10064,c_corporation
Mississippi,FY2019,10100,c_corporation
Mississippi,FY2020,8741,c_corporation
Mississippi,FY2021,9039,c_corporation
Mississippi,FY2022,10375,c_corporation
Mississippi,FY2023,9662,c_corporation
Mississippi,FY2024,8807,c_corporation
Mississippi,FY2025,8971,c_corporation
Mississippi,FY2000,38526,corporation_total
Mississippi,FY2001,37869,corporation_total
Mississippi,FY2002,39718,corporation_total
Mississippi,FY2003,40011,corporation_total
Mississippi,FY2000,6578,employee_plan
Mississippi,FY2001,4416,employee_plan
Mississippi,FY2000,235954,employment
Mississippi,FY2001,230383,employment
Mississippi,FY2002,231233,employment
Mississippi,FY2003,235005.28979814597,employment
Mississippi,FY2004,238401.76516977645,employment
Mississippi,FY2005,235256,employment
Mississippi,FY2006,229715,employment
Mississippi,FY2007,230570,employment
Mississippi,FY2008,229770,employment
Mississippi,FY2009,224408,employment
Mississippi,FY2010,222353,employment
Mississippi,FY2011,217517,employment
Mississippi,FY2012,216447,employment
Mississippi,FY2013,216639,employment
Mississippi,FY2014,214700,employment
Mississippi,FY2015,213274,employment
Mississippi,FY2016,212043,employment
Mississippi,FY2017,210530,employment
Mississippi,FY2018,209512,employment
Mississippi,FY2019,211747,employment
Mississippi,FY2020,176986,employment
Mississippi,FY2021,221014,employment
Mississippi,FY2022,203288,employment
Mississippi,FY2023,239626,employment
Mississippi,FY2024,214752,employment
Mississippi,FY2025,217997,employment
Mississippi,FY2000,544,estate_tax
Mississippi,FY2001,552,estate_tax
Mississippi,FY2002,506,estate_tax
Mississippi,FY2003,408,estate_tax
Mississippi,FY2004,293,estate_tax
Mississippi,FY2005,263,estate_tax
Mississippi,FY2006,209,estate_tax
Mississippi,FY2007,181,estate_tax
Mississippi,FY2008,168,estate_tax
Mississippi,FY2009,175,estate_tax
Mississippi,FY2010,137,estate_tax
Mississippi,FY2011,44,estate_tax
Mississippi,FY2012,87,estate_tax
Mississippi,FY2013,97,estate_tax
Mississippi,FY2014,111,estate_tax
Mississippi,FY2015,101,estate_tax
Mississippi,FY2016,123,estate_tax
Mississippi,FY2017,111,estate_tax
Mississippi,FY2018,105,estate_tax
Mississippi,FY2019,56,estate_tax
Mississippi,FY2020,41,estate_tax
Mississippi,FY2021,70,estate_tax
Mississippi,FY2022,79,estate_tax
Mississippi,FY2023,127,estate_tax
Mississippi,FY2024,91,estate_tax
Mississippi,FY2025,72,estate_tax
Mississippi,FY2000,10904,estate_trust
Mississippi,FY2001,10565,estate_trust
Mississippi,FY2002,11435,estate_trust
Mississippi,FY2003,11501,estate_trust
Mississippi,FY2004,10924,estate_trust
Mississippi,FY2005,12290,estate_trust
Mississippi,FY2006,10671,estate_trust
Mississippi,FY2007,11654,estate_trust
Mississippi,FY2008,10493,estate_trust
Mississippi,FY2009,10673,estate_trust
Mississippi,FY2010,10525,estate_trust
Mississippi,FY2011,10544,estate_trust
Mississippi,FY2012,10183,estate_trust
Mississippi,FY2013,10542,estate_trust
Mississippi,FY2014,10964,estate_trust
Mississippi,FY2015,11261,estate_trust
Mississippi,FY2016,11063,estate_trust
Mississippi,FY2017,10364,estate_trust
Mississippi,FY2018,10424,estate_trust
Mississippi,FY2019,10694,estate_trust
Mississippi,FY2020,9711,estate_trust
Mississippi,FY2021,10701,estate_trust
Mississippi,FY2022,9946,estate_trust
Mississippi,FY2023,11793,estate_trust
Mississippi,FY2024,10518,estate_trust
Mississippi,FY2025,10725,estate_trust
Mississippi,FY2000,3775,estate_trust_estimated
Mississippi,FY2001,4400,estate_trust_estimated
Mississippi,FY2002,3313,estate_trust_estimated
Mississippi,FY2003,2510,estate_trust_estimated
Mississippi,FY2004,2454,estate_trust_estimated
Mississippi,FY2005,1685.5173965763452,estate_trust_estimated
Mississippi,FY2006,2713,estate_trust_estimated
Mississippi,FY2007,3602,estate_trust_estimated
Mississippi,FY2008,3944,estate_trust_estimated
Mississippi,FY2009,2597,estate_trust_estimated
Mississippi,FY2010,1692,estate_trust_estimated
Mississippi,FY2011,1668,estate_trust_estimated
Mississippi,FY2012,1751,estate_trust_estimated
Mississippi,FY2013,2311,estate_trust_estimated
Mississippi,FY2014,2811.755690440061,estate_trust_estimated
Mississippi,FY2015,3284.4773060029283,estate_trust_estimated
Mississippi,FY2016,2725,estate_trust_estimated
Mississippi,FY2017,2291,estate_trust_estimated
Mississippi,FY2018,2967,estate_trust_estimated
Mississippi,FY2019,3214,estate_trust_estimated
Mississippi,FY2020,2887,estate_trust_estimated
Mississippi,FY2021,2712,estate_trust_estimated
Mississippi,FY2022,3509,estate_trust_estimated
Mississippi,FY2023,2521,estate_trust_estimated
Mississippi,FY2024,2523,estate_trust_estimated
Mississippi,FY2025,3402,estate_trust_estimated
Mississippi,FY2000,13822,excise
Mississippi,FY2001,11000,excise
Mississippi,FY2002,12469,excise
Mississippi,FY2003,11190,excise
Mississippi,FY2004,9182,excise
Mississippi,FY2005,14848,excise
Mississippi,FY2006,12662,excise
Mississippi,FY2007,11985,excise
Mississippi,FY2008,10664,excise
Mississippi,FY2009,10445,excise
Mississippi,FY2010,10608,excise
Mississippi,FY2011,6248,excise
Mississippi,FY2012,14200,excise
Mississippi,FY2013,10803,excise
Mississippi,FY2014,11354,excise
Mississippi,FY2015,12312,excise
Mississippi,FY2016,12354,excise
Mississippi,FY2017,12109,excise
Mississippi,FY2018,12425,excise
Mississippi,FY2019,13075,excise
Mississippi,FY2020,11691,excise
Mississippi,FY2021,15733,excise
Mississippi,FY2022,14684,excise
Mississippi,FY2023,14585,excise
Mississippi,FY2024,13311,excise
Mississippi,FY2025,13361,excise
Mississippi,FY2000,1559,gift_tax
Mississippi,FY2001,1533,gift_tax
Mississippi,FY2002,1407,gift_tax
Mississippi,FY2003,1407,gift_tax
Mississippi,FY2004,1215,gift_tax
Mississippi,FY2005,1238,gift_tax
Mississippi,FY2006,1041,gift_tax
Mississippi,FY2007,1145,gift_tax
Mississippi,FY2008,1104,gift_tax
Mississippi,FY2009,1108,gift_tax
Mississippi,FY2010,1142,gift_tax
Mississippi,FY2011,991,gift_tax
Mississippi,FY2012,1022,gift_tax
Mississippi,FY2013,1318,gift_tax
Mississippi,FY2014,1383,gift_tax
Mississippi,FY2015,849,gift_tax
Mississippi,FY2016,927,gift_tax
Mississippi,FY2017,881,gift_tax
Mississippi,FY2018,875,gift_tax
Mississippi,FY2019,756,gift_tax
Mississippi,FY2020,545,gift_tax
Mississippi,FY2021,893,gift_tax
Mississippi,FY2022,877,gift_tax
Mississippi,FY2023,1680,gift_tax
Mississippi,FY2024,984,gift_tax
Mississippi,FY2025,896,gift_tax
Mississippi,FY2000,239151,individual_estimated
Mississippi,FY2001,226266,individual_estimated
Mississippi,FY2002,217636,individual_estimated
Mississippi,FY2003,183565,individual_estimated
Mississippi,FY2004,189542.8064516129,individual_estimated
Mississippi,FY2005,171897,individual_estimated
Mississippi,FY2006,171787,individual_estimated
Mississippi,FY2007,177666,individual_estimated
Mississippi,FY2008,173861,individual_estimated
Mississippi,FY2009,174662,individual_estimated
Mississippi,FY2010,143958,individual_estimated
Mississippi,FY2011,140691,individual_estimated
Mississippi,FY2012,126347,individual_estimated
Mississippi,FY2013,150394,individual_estimated
Mississippi,FY2014,136429,individual_estimated
Mississippi,FY2015,136697,individual_estimated
Mississippi,FY2016,130271,individual_estimated
Mississippi,FY2017,124083,individual_estimated
Mississippi,FY2018,122134,individual_estimated
Mississippi,FY2019,118292,individual_estimated
Mississippi,FY2020,107829,individual_estimated
Mississippi,FY2021,106142,individual_estimated
Mississippi,FY2022,106622,individual_estimated
Mississippi,FY2023,100689,individual_estimated
Mississippi,FY2024,100741,individual_estimated
Mississippi,FY2025,96657,individual_estimated
Mississippi,FY2000,1169427,individual_income
Mississippi,FY2001,1172599,individual_income
Mississippi,FY2002,1163744,individual_income
Mississippi,FY2003,1162850,individual_income
Mississippi,FY2004,1169752,individual_income
Mississippi,FY2005,1174560,individual_income
Mississippi,FY2006,1142042,individual_income
Mississippi,FY2007,1228186,individual_income
Mississippi,FY2008,1446455,individual_income
Mississippi,FY2009,1257683,individual_income
Mississippi,FY2010,1237280,individual_income
Mississippi,FY2011,1270066,individual_income
Mississippi,FY2012,1285923,individual_income
Mississippi,FY2013,1257114,individual_income
Mississippi,FY2014,1246984,individual_income
Mississippi,FY2015,1246033,individual_income
Mississippi,FY2016,1244900,individual_income
Mississippi,FY2017,1228448,individual_income
Mississippi,FY2018,1231326,individual_income
Mississippi,FY2019,1224912,individual_income
Mississippi,FY2020,1311752,individual_income
Mississippi,FY2021,1364837,individual_income
Mississippi,FY2022,1262680,individual_income
Mississippi,FY2023,1268212,individual_income
Mississippi,FY2024,1223412,individual_income
Mississippi,FY2025,1240872,individual_income
Mississippi,FY2000,14306,partnership
Mississippi,FY2001,15171,partnership
Mississippi,FY2002,15941,partnership
Mississippi,FY2003,17006,partnership
Mississippi,FY2004,18070,partnership
Mississippi,FY2005,19011,partnership
Mississippi,FY2006,17924,partnership
Mississippi,FY2007,22633,partnership
Mississippi,FY2008,24281,partnership
Mississippi,FY2009,25450,partnership
Mississippi,FY2010,25784,partnership
Mississippi,FY2011,26069,partnership
Mississippi,FY2012,25850,partnership
Mississippi,FY2013,26952,partnership
Mississippi,FY2014,27456,partnership
Mississippi,FY2015,28103,partnership
Mississippi,FY2016,28634,partnership
Mississippi,FY2017,29245,partnership
Mississippi,FY2018,29914,partnership
Mississippi,FY2019,28100,partnership
Mississippi,FY2020,30706,partnership
Mississippi,FY2021,31595,partnership
Mississippi,FY2022,33505,partnership
Mississippi,FY2023,35787,partnership
Mississippi,FY2024,34690,partnership
Mississippi,FY2025,35800,partnership
Mississippi,FY2004,23570,s_corporation
Mississippi,FY2005,23702,s_corporation
Mississippi,FY2006,22764,s_corporation
Mississippi,FY2007,26614,s_corporation
Mississippi,FY2008,28963,s_corporation
Mississippi,FY2009,28575,s_corporation
Mississippi,FY2010,28965,s_corporation
Mississippi,FY2011,29227,s_corporation
Mississippi,FY2012,28416,s_corporation
Mississippi,FY2013,28794,s_corporation
Mississippi,FY2014,28874,s_corporation
Mississippi,FY2015,29156,s_corporation
Mississippi,FY2016,29243,s_corporation
Mississippi,FY2017,29854,s_corporation
Mississippi,FY2018,30134,s_corporation
Mississippi,FY2019,30490,s_corporation
Mississippi,FY2020,29406,s_corporation
Mississippi,FY2021,28862,s_corporation
Mississippi,FY2022,34291,s_corporation
Mississippi,FY2023,34171,s_corporation
Mississippi,FY2024,33755,s_corporation
Mississippi,FY2025,34046,s_corporation
Mississippi,FY2000,107285.72038424434,supplemental
Mississippi,FY2001,117643.35889864565,supplemental
Mississippi,FY2002,143994.69099033682,supplemental
Mississippi,FY2003,139181.1340708429,supplemental
Mississippi,FY2004,137926.89504782305,supplemental
Mississippi,FY2005,137764,supplemental
Mississippi,FY2006,120203,supplemental
Mississippi,FY2007,162943,supplemental
Mississippi,FY2008,152985,supplemental
Mississippi,FY2009,169002,supplemental
Mississippi,FY2010,154137,supplemental
Mississippi,FY2011,178081.6303346169,supplemental
Mississippi,FY2012,159125,supplemental
Mississippi,FY2013,158325,supplemental
Mississippi,FY2014,143638,supplemental
Mississippi,FY2015,149747,supplemental
Mississippi,FY2016,148007,supplemental
Mississippi,FY2017,165566,supplemental
Mississippi,FY2018,169931,supplemental
Mississippi,FY2019,175344,supplemental
Mississippi,FY2020,137021,supplemental
Mississippi,FY2021,171068,supplemental
Mississippi,FY2022,261674,supplemental
Mississippi,FY2023,276385,supplemental
Mississippi,FY2024,265261.91322518425,supplemental
Mississippi,FY2025,275370.25438604323,supplemental
Mississippi,FY2000,4215,tax_exempt
Mississippi,FY2001,4259,tax_exempt
Mississippi,FY2002,4460,tax_exempt
Mississippi,FY2003,4675,tax_exempt
Mississippi,FY2004,4803,tax_exempt
Mississippi,FY2005,4711,tax_exempt
Mississippi,FY2006,4611,tax_exempt
Mississippi,FY2007,5338,tax_exempt
Mississippi,FY2008,5092,tax_exempt
Mississippi,FY2009,6888,tax_exempt
Mississippi,FY2010,8304,tax_exempt
Mississippi,FY2011,8801,tax_exempt
Mississippi,FY2012,8462,tax_exempt
Mississippi,FY2013,10784,tax_exempt
Mississippi,FY2014,11014,tax_exempt
Mississippi,FY2015,9768,tax_exempt
Mississippi,FY2016,12559,tax_exempt
Mississippi,FY2017,11037,tax_exempt
Mississippi,FY2018,11355,tax_exempt
Mississippi,FY2019,11189,tax_exempt
Mississippi,FY2020,10609,tax_exempt
Mississippi,FY2021,11684,tax_exempt
Mississippi,FY2022,12521,tax_exempt
Mississippi,FY2023,12288,tax_exempt
Mississippi,FY2024,12385,tax_exempt
Mississippi,FY2025,12583,tax_exempt
Mississippi,FY2000,1846046.7203842443,total
Mississippi,FY2001,1836656.3588986455,total
Mississippi,FY2002,1845856.6909903367,total
Mississippi,FY2003,1809309.4238689889,total
Mississippi,FY2004,1823160.4666692123,total
Mississippi,FY2005,1813214.517396576,total
Mississippi,FY2006,1750778,total
Mississippi,FY2007,1897995,total
Mississippi,FY2008,2103766,total
Mississippi,FY2009,1926246,total
Mississippi,FY2010,1858860,total
Mississippi,FY2011,1903299.6303346169,total
Mississippi,FY2012,1890372,total
Mississippi,FY2013,1886606,total
Mississippi,FY2014,1847619.75569044,total
Mississippi,FY2015,1852241,total
Mississippi,FY2016,1843989,total
Mississippi,FY2017,1834890,total
Mississippi,FY2018,1841166,total
Mississippi,FY2019,1837969,total
Mississippi,FY2020,1837925,total
Mississippi,FY2021,1974350,total
Mississippi,FY2022,1954051,total
Mississippi,FY2023,2007526,total
Mississippi,FY2024,1921230.913225184,total
Mississippi,FY2025,1950752,total
Missouri,FY2004,43526,c_corporation
Missouri,FY2005,42212,c_corporation
Missouri,FY2006,41601,c_corporation
Missouri,FY2007,40647,c_corporation
Missouri,FY2008,41472,c_corporation
Missouri,FY2009,39412,c_corporation
Missouri,FY2010,37518,c_corporation
Missouri,FY2011,35249,c_corporation
Missouri,FY2012,34345,c_corporation
Missouri,FY2013,33479,c_corporation
Missouri,FY2014,32060,c_corporation
Missouri,FY2015,31219,c_corporation
Missouri,FY2016,29807,c_corporation
Missouri,FY2017,27732,c_corporation
Missouri,FY2018,27773,c_corporation
Missouri,FY2019,26928,c_corporation
Missouri,FY2020,21544,c_corporation
Missouri,FY2021,23737,c_corporation
Missouri,FY2022,28530,c_corporation
Missouri,FY2023,26936,c_corporation
Missouri,FY2024,24973,c_corporation
Missouri,FY2025,25551,c_corporation
Missouri,FY2000,96322,corporation_total
Missouri,FY2001,92872,corporation_total
Missouri,FY2002,97852,corporation_total
Missouri,FY2003,98406,corporation_total
Missouri,FY2000,20864,employee_plan
Missouri,FY2001,15244,employee_plan
Missouri,FY2000,593560,employment
Missouri,FY2001,583489,employment
Missouri,FY2002,590360,employment
Missouri,FY2003,619759.7172213664,employment
Missouri,FY2004,633054.5905784224,employment
Missouri,FY2005,638899,employment
Missouri,FY2006,633322,employment
Missouri,FY2007,618492,employment
Missouri,FY2008,615440,employment
Missouri,FY2009,608400,employment
Missouri,FY2010,605851,employment
Missouri,FY2011,598253,employment
Missouri,FY2012,601999,employment
Missouri,FY2013,612227,employment
Missouri,FY2014,616096,employment
Missouri,FY2015,617607,employment
Missouri,FY2016,630814,employment
Missouri,FY2017,639127,employment
Missouri,FY2018,648292,employment
Missouri,FY2019,660893,employment
Missouri,FY2020,580805,employment
Missouri,FY2021,708433,employment
Missouri,FY2022,661835,employment
Missouri,FY2023,746099,employment
Missouri,FY2024,692354,employment
Missouri,FY2025,694377,employment
Missouri,FY2000,2472,estate_tax
Missouri,FY2001,2310,estate_tax
Missouri,FY2002,2372,estate_tax
Missouri,FY2003,1848,estate_tax
Missouri,FY2004,1314,estate_tax
Missouri,FY2005,1097,estate_tax
Missouri,FY2006,940,estate_tax
Missouri,FY2007,742,estate_tax
Missouri,FY2008,682,estate_tax
Missouri,FY2009,751,estate_tax
Missouri,FY2010,384,estate_tax
Missouri,FY2011,126,estate_tax
Missouri,FY2012,360,estate_tax
Missouri,FY2013,442,estate_tax
Missouri,FY2014,429,estate_tax
Missouri,FY2015,514,estate_tax
Missouri,FY2016,474,estate_tax
Missouri,FY2017,463,estate_tax
Missouri,FY2018,444,estate_tax
Missouri,FY2019,329,estate_tax
Missouri,FY2020,172,estate_tax
Missouri,FY2021,431,estate_tax
Missouri,FY2022,386,estate_tax
Missouri,FY2023,671,estate_tax
Missouri,FY2024,435,estate_tax
Missouri,FY2025,455,estate_tax
Missouri,FY2000,75062,estate_trust
Missouri,FY2001,374289,estate_trust
Missouri,FY2002,64673,estate_trust
Missouri,FY2003,66053,estate_trust
Missouri,FY2004,75907,estate_trust
Missouri,FY2005,79714,estate_trust
Missouri,FY2006,116253,estate_trust
Missouri,FY2007,76045,estate_trust
Missouri,FY2008,77795,estate_trust
Missouri,FY2009,78276,estate_trust
Missouri,FY2010,72750,estate_trust
Missouri,FY2011,76722,estate_trust
Missouri,FY2012,76890,estate_trust
Missouri,FY2013,153867,estate_trust
Missouri,FY2014,154380,estate_trust
Missouri,FY2015,129876,estate_trust
Missouri,FY2016,104575,estate_trust
Missouri,FY2017,96888,estate_trust
Missouri,FY2018,90777,estate_trust
Missouri,FY2019,88063,estate_trust
Missouri,FY2020,76115,estate_trust
Missouri,FY2021,87541,estate_trust
Missouri,FY2022,81316,estate_trust
Missouri,FY2023,77149,estate_trust
Missouri,FY2024,70906,estate_trust
Missouri,FY2025,91174,estate_trust
Missouri,FY2000,16678,estate_trust_estimated
Missouri,FY2001,15927,estate_trust_estimated
Missouri,FY2002,11283,estate_trust_estimated
Missouri,FY2003,13129,estate_trust_estimated
Missouri,FY2004,15080,estate_trust_estimated
Missouri,FY2005,10344.86302148732,estate_trust_estimated
Missouri,FY2006,11975,estate_trust_estimated
Missouri,FY2007,15063,estate_trust_estimated
Missouri,FY2008,18748,estate_trust_estimated
Missouri,FY2009,11440,estate_trust_estimated
Missouri,FY2010,6780,estate_trust_estimated
Missouri,FY2011,7413,estate_trust_estimated
Missouri,FY2012,7826,estate_trust_estimated
Missouri,FY2013,10633,estate_trust_estimated
Missouri,FY2014,12927.61236983936,estate_trust_estimated
Missouri,FY2015,15298.07482144143,estate_trust_estimated
Missouri,FY2016,13204,estate_trust_estimated
Missouri,FY2017,11520,estate_trust_estimated
Missouri,FY2018,15001,estate_trust_estimated
Missouri,FY2019,16259,estate_trust_estimated
Missouri,FY2020,13826,estate_trust_estimated
Missouri,FY2021,13268,estate_trust_estimated
Missouri,FY2022,16668,estate_trust_estimated
Missouri,FY2023,11737,estate_trust_estimated
Missouri,FY2024,12429,estate_trust_estimated
Missouri,FY2025,16372,estate_trust_estimated
Missouri,FY2000,23625,excise
Missouri,FY2001,18460,excise
Missouri,FY2002,21847,excise
Missouri,FY2003,19497,excise
Missouri,FY2004,15116,excise
Missouri,FY2005,26040,excise
Missouri,FY2006,22561,excise
Missouri,FY2007,22544,excise
Missouri,FY2008,21686,excise
Missouri,FY2009,20163,excise
Missouri,FY2010,21684,excise
Missouri,FY2011,14423,excise
Missouri,FY2012,33728,excise
Missouri,FY2013,24278,excise
Missouri,FY2014,27260,excise
Missouri,FY2015,27773,excise
Missouri,FY2016,27294,excise
Missouri,FY2017,27282,excise
Missouri,FY2018,28436,excise
Missouri,FY2019,27606,excise
Missouri,FY2020,24199,excise
Missouri,FY2021,32815,excise
Missouri,FY2022,29178,excise
Missouri,FY2023,31954,excise
Missouri,FY2024,30248,excise
Missouri,FY2025,30364,excise
Missouri,FY2000,5910,gift_tax
Missouri,FY2001,5785,gift_tax
Missouri,FY2002,5504,gift_tax
Missouri,FY2003,5232,gift_tax
Missouri,FY2004,4605,gift_tax
Missouri,FY2005,4862,gift_tax
Missouri,FY2006,4469,gift_tax
Missouri,FY2007,4421,gift_tax
Missouri,FY2008,4641,gift_tax
Missouri,FY2009,4398,gift_tax
Missouri,FY2010,4035,gift_tax
Missouri,FY2011,3710,gift_tax
Missouri,FY2012,4626,gift_tax
Missouri,FY2013,5453,gift_tax
Missouri,FY2014,5322,gift_tax
Missouri,FY2015,4027,gift_tax
Missouri,FY2016,4099,gift_tax
Missouri,FY2017,3890,gift_tax
Missouri,FY2018,3894,gift_tax
Missouri,FY2019,3855,gift_tax
Missouri,FY2020,2307,gift_tax
Missouri,FY2021,4152,gift_tax
Missouri,FY2022,3586,gift_tax
Missouri,FY2023,7720,gift_tax
Missouri,FY2024,4586,gift_tax
Missouri,FY2025,4597,gift_tax
Missouri,FY2000,809518,individual_estimated
Missouri,FY2001,776948,individual_estimated
Missouri,FY2002,730707,individual_estimated
Missouri,FY2003,616006,individual_estimated
Missouri,FY2004,585686.6612903225,individual_estimated
Missouri,FY2005,568799,individual_estimated
Missouri,FY2006,582305,individual_estimated
Missouri,FY2007,574001,individual_estimated
Missouri,FY2008,605772,individual_estimated
Missouri,FY2009,529533,individual_estimated
Missouri,FY2010,451640,individual_estimated
Missouri,FY2011,445506,individual_estimated
Missouri,FY2012,424270,individual_estimated
Missouri,FY2013,459606,individual_estimated
Missouri,FY2014,435651,individual_estimated
Missouri,FY2015,445158,individual_estimated
Missouri,FY2016,426890,individual_estimated
Missouri,FY2017,411964,individual_estimated
Missouri,FY2018,414023,individual_estimated
Missouri,FY2019,406231,individual_estimated
Missouri,FY2020,371120,individual_estimated
Missouri,FY2021,372451,individual_estimated
Missouri,FY2022,371154,individual_estimated
Missouri,FY2023,349760,individual_estimated
Missouri,FY2024,352336,individual_estimated
Missouri,FY2025,356835,individual_estimated
Missouri,FY2000,2530427,individual_income
Missouri,FY2001,2558587,individual_income
Missouri,FY2002,2566710,individual_income
Missouri,FY2003,2555904,individual_income
Missouri,FY2004,2564924,individual_income
Missouri,FY2005,2583130,individual_income
Missouri,FY2006,2595210,individual_income
Missouri,FY2007,2716829,individual_income
Missouri,FY2008,3004744,individual_income
Missouri,FY2009,2743210,individual_income
Missouri,FY2010,2675088,individual_income
Missouri,FY2011,2683757,individual_income
Missouri,FY2012,2716941,individual_income
Missouri,FY2013,2726692,individual_income
Missouri,FY2014,2742888,individual_income
Missouri,FY2015,2769500,individual_income
Missouri,FY2016,2786539,individual_income
Missouri,FY2017,2775981,individual_income
Missouri,FY2018,2807167,individual_income
Missouri,FY2019,2803548,individual_income
Missouri,FY2020,2864238,individual_income
Missouri,FY2021,3061479,individual_income
Missouri,FY2022,2909130,individual_income
Missouri,FY2023,2935499,individual_income
Missouri,FY2024,2861706,individual_income
Missouri,FY2025,2890775,individual_income
Missouri,FY2000,38182,partnership
Missouri,FY2001,39958,partnership
Missouri,FY2002,42125,partnership
Missouri,FY2003,45267,partnership
Missouri,FY2004,48451,partnership
Missouri,FY2005,51160,partnership
Missouri,FY2006,52930,partnership
Missouri,FY2007,58777,partnership
Missouri,FY2008,62771,partnership
Missouri,FY2009,65188,partnership
Missouri,FY2010,65270,partnership
Missouri,FY2011,65897,partnership
Missouri,FY2012,67020,partnership
Missouri,FY2013,67764,partnership
Missouri,FY2014,69643,partnership
Missouri,FY2015,70584,partnership
Missouri,FY2016,71687,partnership
Missouri,FY2017,73012,partnership
Missouri,FY2018,74321,partnership
Missouri,FY2019,70375,partnership
Missouri,FY2020,74398,partnership
Missouri,FY2021,82518,partnership
Missouri,FY2022,76713,partnership
Missouri,FY2023,89504,partnership
Missouri,FY2024,84322,partnership
Missouri,FY2025,87584,partnership
Missouri,FY2004,55733,s_corporation
Missouri,FY2005,56952,s_corporation
Missouri,FY2006,59621,s_corporation
Missouri,FY2007,62062,s_corporation
Missouri,FY2008,67517,s_corporation
Missouri,FY2009,66925,s_corporation
Missouri,FY2010,67105,s_corporation
Missouri,FY2011,67182,s_corporation
Missouri,FY2012,66854,s_corporation
Missouri,FY2013,66477,s_corporation
Missouri,FY2014,66824,s_corporation
Missouri,FY2015,67335,s_corporation
Missouri,FY2016,68227,s_corporation
Missouri,FY2017,69279,s_corporation
Missouri,FY2018,70865,s_corporation
Missouri,FY2019,71961,s_corporation
Missouri,FY2020,69232,s_corporation
Missouri,FY2021,72649,s_corporation
Missouri,FY2022,76186,s_corporation
Missouri,FY2023,80431,s_corporation
Missouri,FY2024,79612,s_corporation
Missouri,FY2025,80295,s_corporation
Missouri,FY2000,222794.2665628086,supplemental
Missouri,FY2001,250325.83352165628,supplemental
Missouri,FY2002,272867.90321561747,supplemental
Missouri,FY2003,265822.3757001738,supplemental
Missouri,FY2004,268131.7475349902,supplemental
Missouri,FY2005,274851,supplemental
Missouri,FY2006,250700,supplemental
Missouri,FY2007,284458,supplemental
Missouri,FY2008,286191,supplemental
Missouri,FY2009,320370,supplemental
Missouri,FY2010,282899,supplemental
Missouri,FY2011,324720.91575734626,supplemental
Missouri,FY2012,334678,supplemental
Missouri,FY2013,322147,supplemental
Missouri,FY2014,292949,supplemental
Missouri,FY2015,322969,supplemental
Missouri,FY2016,322148,supplemental
Missouri,FY2017,384639,supplemental
Missouri,FY2018,396778,supplemental
Missouri,FY2019,439802,supplemental
Missouri,FY2020,310664,supplemental
Missouri,FY2021,448465,supplemental
Missouri,FY2022,621437,supplemental
Missouri,FY2023,626863,supplemental
Missouri,FY2024,645214.847142864,supplemental
Missouri,FY2025,653510.3332178232,supplemental
Missouri,FY2000,17055,tax_exempt
Missouri,FY2001,17599,tax_exempt
Missouri,FY2002,17154,tax_exempt
Missouri,FY2003,17777,tax_exempt
Missouri,FY2004,18335,tax_exempt
Missouri,FY2005,18140,tax_exempt
Missouri,FY2006,18363,tax_exempt
Missouri,FY2007,19544,tax_exempt
Missouri,FY2008,19326,tax_exempt
Missouri,FY2009,25698,tax_exempt
Missouri,FY2010,31318,tax_exempt
Missouri,FY2011,31190,tax_exempt
Missouri,FY2012,31099,tax_exempt
Missouri,FY2013,32540,tax_exempt
Missouri,FY2014,32199,tax_exempt
Missouri,FY2015,42327,tax_exempt
Missouri,FY2016,34842,tax_exempt
Missouri,FY2017,40650,tax_exempt
Missouri,FY2018,49407,tax_exempt
Missouri,FY2019,45568,tax_exempt
Missouri,FY2020,33956,tax_exempt
Missouri,FY2021,48100,tax_exempt
Missouri,FY2022,43428,tax_exempt
Missouri,FY2023,45578,tax_exempt
Missouri,FY2024,41994,tax_exempt
Missouri,FY2025,50278,tax_exempt
Missouri,FY2000,4452469.266562808,total
Missouri,FY2001,4751793.833521657,total
Missouri,FY2002,4423454.903215618,total
Missouri,FY2003,4324701.09292154,total
Missouri,FY2004,4329863.999403735,total
Missouri,FY2005,4356200.863021487,total
Missouri,FY2006,4390250,total
Missouri,FY2007,4493625,total
Missouri,FY2008,4826785,total
Missouri,FY2009,4513764,total
Missouri,FY2010,4322322,total
Missouri,FY2011,4354148.915757346,total
Missouri,FY2012,4400636,total
Missouri,FY2013,4515605,total
Missouri,FY2014,4488628.612369839,total
Missouri,FY2015,4544187,total
Missouri,FY2016,4520600,total
Missouri,FY2017,4562427,total
Missouri,FY2018,4627178,total
Missouri,FY2019,4661418,total
Missouri,FY2020,4442576,total
Missouri,FY2021,4956039,total
Missouri,FY2022,4919547,total
Missouri,FY2023,5029901,total
Missouri,FY2024,4901115.847142864,total
Missouri,FY2025,4982167,total
Montana,FY2004,10508,c_corporation
Montana,FY2005,10035,c_corporation
Montana,FY2006,10198,c_corporation
Montana,FY2007,10506,c_corporation
Montana,FY2008,10819,c_corporation
Montana,FY2009,10535,c_corporation
Montana,FY2010,10313,c_corporation
Montana,FY2011,9901,c_corporation
Montana,FY2012,9981,c_corporation
Montana,FY2013,9857,c_corporation
Montana,FY2014,9748,c_corporation
Montana,FY2015,9653,c_corporation
Montana,FY2016,9474,c_corporation
Montana,FY2017,8980,c_corporation
Montana,FY2018,9025,c_corporation
Montana,FY2019,9095,c_corporation
Montana,FY2020,7495,c_corporation
Montana,FY2021,8189,c_corporation
Montana,FY2022,10241,c_corporation
Montana,FY2023,9745,c_corporation
Montana,FY2024,8812,c_corporation
Montana,FY2025,9115,c_corporation
Montana,FY2000,23160,corporation_total
Montana,FY2001,24175,corporation_total
Montana,FY2002,25109,corporation_total
Montana,FY2003,26185,corporation_total
Montana,FY2000,4094,employee_plan
Montana,FY2001,3299,employee_plan
Montana,FY2000,140672,employment
Montana,FY2001,142221,employment
Montana,FY2002,145412,employment
Montana,FY2003,149254.62702665947,employment
Montana,FY2004,154154.16041598748,employment
Montana,FY2005,156385,employment
Montana,FY2006,160097,employment
Montana,FY2007,159994,employment
Montana,FY2008,159839,employment
Montana,FY2009,160115,employment
Montana,FY2010,158266,employment
Montana,FY2011,155188,employment
Montana,FY2012,156506,employment
Montana,FY2013,158244,employment
Montana,FY2014,158392,employment
Montana,FY2015,159345,employment
Montana,FY2016,161021,employment
Montana,FY2017,161283,employment
Montana,FY2018,163184,employment
Montana,FY2019,168317,employment
Montana,FY2020,145906,employment
Montana,FY2021,178893,employment
Montana,FY2022,171807,employment
Montana,FY2023,199228,employment
Montana,FY2024,183674,employment
Montana,FY2025,188676,employment
Montana,FY2000,430,estate_tax
Montana,FY2001,457,estate_tax
Montana,FY2002,447,estate_tax
Montana,FY2003,339,estate_tax
Montana,FY2004,276,estate_tax
Montana,FY2005,204,estate_tax
Montana,FY2006,222,estate_tax
Montana,FY2007,204,estate_tax
Montana,FY2008,172,estate_tax
Montana,FY2009,194,estate_tax
Montana,FY2010,86,estate_tax
Montana,FY2011,28,estate_tax
Montana,FY2012,76,estate_tax
Montana,FY2013,126,estate_tax
Montana,FY2014,103,estate_tax
Montana,FY2015,115,estate_tax
Montana,FY2016,138,estate_tax
Montana,FY2017,102,estate_tax
Montana,FY2018,102,estate_tax
Montana,FY2019,86,estate_tax
Montana,FY2020,52,estate_tax
Montana,FY2021,97,estate_tax
Montana,FY2022,78,estate_tax
Montana,FY2023,186,estate_tax
Montana,FY2024,129,estate_tax
Montana,FY2025,108,estate_tax
Montana,FY2000,7831,estate_trust
Montana,FY2001,6749,estate_trust
Montana,FY2002,6862,estate_trust
Montana,FY2003,7017,estate_trust
Montana,FY2004,7182,estate_trust
Montana,FY2005,6986,estate_trust
Montana,FY2006,7224,estate_trust
Montana,FY2007,7361,estate_trust
Montana,FY2008,8156,estate_trust
Montana,FY2009,8011,estate_trust
Montana,FY2010,7922,estate_trust
Montana,FY2011,8232,estate_trust
Montana,FY2012,7988,estate_trust
Montana,FY2013,8247,estate_trust
Montana,FY2014,8080,estate_trust
Montana,FY2015,8151,estate_trust
Montana,FY2016,13873,estate_trust
Montana,FY2017,13685,estate_trust
Montana,FY2018,13466,estate_trust
Montana,FY2019,13324,estate_trust
Montana,FY2020,12450,estate_trust
Montana,FY2021,13274,estate_trust
Montana,FY2022,12669,estate_trust
Montana,FY2023,13487,estate_trust
Montana,FY2024,13534,estate_trust
Montana,FY2025,13546,estate_trust
Montana,FY2000,2080,estate_trust_estimated
Montana,FY2001,2188,estate_trust_estimated
Montana,FY2002,1617,estate_trust_estimated
Montana,FY2003,1157,estate_trust_estimated
Montana,FY2004,1123,estate_trust_estimated
Montana,FY2005,819.2818488358591,estate_trust_estimated
Montana,FY2006,1752,estate_trust_estimated
Montana,FY2007,2084,estate_trust_estimated
Montana,FY2008,2650,estate_trust_estimated
Montana,FY2009,1476,estate_trust_estimated
Montana,FY2010,872,estate_trust_estimated
Montana,FY2011,963,estate_trust_estimated
Montana,FY2012,995,estate_trust_estimated
Montana,FY2013,1303,estate_trust_estimated
Montana,FY2014,1518.9944534561246,estate_trust_estimated
Montana,FY2015,1512.756916894401,estate_trust_estimated
Montana,FY2016,1502,estate_trust_estimated
Montana,FY2017,1293,estate_trust_estimated
Montana,FY2018,1561,estate_trust_estimated
Montana,FY2019,1652,estate_trust_estimated
Montana,FY2020,1437,estate_trust_estimated
Montana,FY2021,1556,estate_trust_estimated
Montana,FY2022,1978,estate_trust_estimated
Montana,FY2023,1425,estate_trust_estimated
Montana,FY2024,1505,estate_trust_estimated
Montana,FY2025,2117,estate_trust_estimated
Montana,FY2000,7660,excise
Montana,FY2001,6171,excise
Montana,FY2002,7186,excise
Montana,FY2003,6667,excise
Montana,FY2004,5274,excise
Montana,FY2005,8384,excise
Montana,FY2006,7510,excise
Montana,FY2007,7215,excise
Montana,FY2008,7012,excise
Montana,FY2009,6613,excise
Montana,FY2010,6970,excise
Montana,FY2011,3982,excise
Montana,FY2012,11219,excise
Montana,FY2013,7564,excise
Montana,FY2014,8205,excise
Montana,FY2015,8137,excise
Montana,FY2016,7857,excise
Montana,FY2017,7698,excise
Montana,FY2018,7785,excise
Montana,FY2019,8464,excise
Montana,FY2020,6679,excise
Montana,FY2021,10092,excise
Montana,FY2022,8393,excise
Montana,FY2023,9301,excise
Montana,FY2024,9066,excise
Montana,FY2025,8803,excise
Montana,FY2000,1318,gift_tax
Montana,FY2001,1383,gift_tax
Montana,FY2002,1192,gift_tax
Montana,FY2003,1162,gift_tax
Montana,FY2004,1013,gift_tax
Montana,FY2005,1112,gift_tax
Montana,FY2006,1128,gift_tax
Montana,FY2007,1099,gift_tax
Montana,FY2008,1150,gift_tax
Montana,FY2009,1154,gift_tax
Montana,FY2010,1092,gift_tax
Montana,FY2011,1016,gift_tax
Montana,FY2012,1015,gift_tax
Montana,FY2013,1296,gift_tax
Montana,FY2014,1284,gift_tax
Montana,FY2015,849,gift_tax
Montana,FY2016,994,gift_tax
Montana,FY2017,949,gift_tax
Montana,FY2018,922,gift_tax
Montana,FY2019,895,gift_tax
Montana,FY2020,635,gift_tax
Montana,FY2021,1098,gift_tax
Montana,FY2022,1030,gift_tax
Montana,FY2023,2181,gift_tax
Montana,FY2024,1384,gift_tax
Montana,FY2025,1348,gift_tax
Montana,FY2000,148019,individual_estimated
Montana,FY2001,138272,individual_estimated
Montana,FY2002,147796,individual_estimated
Montana,FY2003,120078,individual_estimated
Montana,FY2004,118285.01612903226,individual_estimated
Montana,FY2005,112198,individual_estimated
Montana,FY2006,126932,individual_estimated
Montana,FY2007,129602,individual_estimated
Montana,FY2008,132524,individual_estimated
Montana,FY2009,123952,individual_estimated
Montana,FY2010,101239,individual_estimated
Montana,FY2011,102973,individual_estimated
Montana,FY2012,100291,individual_estimated
Montana,FY2013,116114,individual_estimated
Montana,FY2014,111438,individual_estimated
Montana,FY2015,115971,individual_estimated
Montana,FY2016,110852,individual_estimated
Montana,FY2017,107762,individual_estimated
Montana,FY2018,110571,individual_estimated
Montana,FY2019,110197,individual_estimated
Montana,FY2020,59671,individual_estimated
Montana,FY2021,10695,individual_estimated
Montana,FY2022,2618,individual_estimated
Montana,FY2023,2966,individual_estimated
Montana,FY2024,3590,individual_estimated
Montana,FY2025,24106,individual_estimated
Montana,FY2000,416254,individual_income
Montana,FY2001,423739,individual_income
Montana,FY2002,426767,individual_income
Montana,FY2003,429542,individual_income
Montana,FY2004,432967,individual_income
Montana,FY2005,439213,individual_income
Montana,FY2006,444015,individual_income
Montana,FY2007,464574,individual_income
Montana,FY2008,512911,individual_income
Montana,FY2009,478918,individual_income
Montana,FY2010,470254,individual_income
Montana,FY2011,472748,individual_income
Montana,FY2012,477712,individual_income
Montana,FY2013,483557,individual_income
Montana,FY2014,486592,individual_income
Montana,FY2015,491576,individual_income
Montana,FY2016,498689,individual_income
Montana,FY2017,497922,individual_income
Montana,FY2018,504081,individual_income
Montana,FY2019,508281,individual_income
Montana,FY2020,524123,individual_income
Montana,FY2021,558048,individual_income
Montana,FY2022,546072,individual_income
Montana,FY2023,557844,individual_income
Montana,FY2024,551175,individual_income
Montana,FY2025,556286,individual_income
Montana,FY2000,10315,partnership
Montana,FY2001,10708,partnership
Montana,FY2002,11130,partnership
Montana,FY2003,11717,partnership
Montana,FY2004,12475,partnership
Montana,FY2005,12959,partnership
Montana,FY2006,13762,partnership
Montana,FY2007,15463,partnership
Montana,FY2008,16564,partnership
Montana,FY2009,17607,partnership
Montana,FY2010,17639,partnership
Montana,FY2011,17873,partnership
Montana,FY2012,18118,partnership
Montana,FY2013,18748,partnership
Montana,FY2014,19357,partnership
Montana,FY2015,19835,partnership
Montana,FY2016,20408,partnership
Montana,FY2017,20810,partnership
Montana,FY2018,21557,partnership
Montana,FY2019,20628,partnership
Montana,FY2020,22415,partnership
Montana,FY2021,24790,partnership
Montana,FY2022,23993,partnership
Montana,FY2023,27501,partnership
Montana,FY2024,26863,partnership
Montana,FY2025,27553,partnership
Montana,FY2004,16755,s_corporation
Montana,FY2005,17709,s_corporation
Montana,FY2006,19073,s_corporation
Montana,FY2007,20847,s_corporation
Montana,FY2008,23224,s_corporation
Montana,FY2009,23785,s_corporation
Montana,FY2010,24034,s_corporation
Montana,FY2011,24283,s_corporation
Montana,FY2012,24379,s_corporation
Montana,FY2013,24847,s_corporation
Montana,FY2014,24888,s_corporation
Montana,FY2015,25234,s_corporation
Montana,FY2016,25788,s_corporation
Montana,FY2017,26207,s_corporation
Montana,FY2018,26739,s_corporation
Montana,FY2019,27238,s_corporation
Montana,FY2020,26746,s_corporation
Montana,FY2021,28106,s_corporation
Montana,FY2022,29747,s_corporation
Montana,FY2023,31040,s_corporation
Montana,FY2024,31359,s_corporation
Montana,FY2025,32323,s_corporation
Montana,FY2000,62765,supplemental
Montana,FY2001,66818,supplemental
Montana,FY2002,76999,supplemental
Montana,FY2003,77775.9360091343,supplemental
Montana,FY2004,79988.99277115107,supplemental
Montana,FY2005,79628,supplemental
Montana,FY2006,71000,supplemental
Montana,FY2007,81109,supplemental
Montana,FY2008,86966,supplemental
Montana,FY2009,90924,supplemental
Montana,FY2010,83193,supplemental
Montana,FY2011,91147.1829237381,supplemental
Montana,FY2012,92980,supplemental
Montana,FY2013,98753,supplemental
Montana,FY2014,91637,supplemental
Montana,FY2015,97868,supplemental
Montana,FY2016,96158,supplemental
Montana,FY2017,109668,supplemental
Montana,FY2018,114935,supplemental
Montana,FY2019,121485,supplemental
Montana,FY2020,93202,supplemental
Montana,FY2021,125449,supplemental
Montana,FY2022,169738,supplemental
Montana,FY2023,176002,supplemental
Montana,FY2024,176694.8317704882,supplemental
Montana,FY2025,181730.26335345305,supplemental
Montana,FY2000,3513,tax_exempt
Montana,FY2001,3677,tax_exempt
Montana,FY2002,3816,tax_exempt
Montana,FY2003,3899,tax_exempt
Montana,FY2004,3930,tax_exempt
Montana,FY2005,4082,tax_exempt
Montana,FY2006,4001,tax_exempt
Montana,FY2007,4401,tax_exempt
Montana,FY2008,4294,tax_exempt
Montana,FY2009,6263,tax_exempt
Montana,FY2010,7813,tax_exempt
Montana,FY2011,8179,tax_exempt
Montana,FY2012,8110,tax_exempt
Montana,FY2013,8432,tax_exempt
Montana,FY2014,8375,tax_exempt
Montana,FY2015,8748,tax_exempt
Montana,FY2016,8652,tax_exempt
Montana,FY2017,8966,tax_exempt
Montana,FY2018,9180,tax_exempt
Montana,FY2019,9379,tax_exempt
Montana,FY2020,8500,tax_exempt
Montana,FY2021,9490,tax_exempt
Montana,FY2022,9795,tax_exempt
Montana,FY2023,9887,tax_exempt
Montana,FY2024,10352,tax_exempt
Montana,FY2025,10462,tax_exempt
Montana,FY2000,828111,total
Montana,FY2001,829857,total
Montana,FY2002,854333,total
Montana,FY2003,834793.5630357937,total
Montana,FY2004,843931.1693161707,total
Montana,FY2005,849714.2818488359,total
Montana,FY2006,866914,total
Montana,FY2007,904459,total
Montana,FY2008,966281,total
Montana,FY2009,929547,total
Montana,FY2010,889693,total
Montana,FY2011,896513.1829237381,total
Montana,FY2012,909370,total
Montana,FY2013,937088,total
Montana,FY2014,929617.994453456,total
Montana,FY2015,946995,total
Montana,FY2016,955406,total
Montana,FY2017,965325,total
Montana,FY2018,983108,total
Montana,FY2019,999041,total
Montana,FY2020,909311,total
Montana,FY2021,969777,total
Montana,FY2022,988159,total
Montana,FY2023,1040793,total
Montana,FY2024,1018137.8317704882,total
Montana,FY2025,1056173,total
Nebraska,FY2004,15197,c_corporation
Nebraska,FY2005,14955,c_corporation
Nebraska,FY2006,14416,c_corporation
Nebraska,FY2007,14485,c_corporation
Nebraska,FY2008,14553,c_corporation
Nebraska,FY2009,14055,c_corporation
Nebraska,FY2010,13595,c_corporation
Nebraska,FY2011,13106,c_corporation
Nebraska,FY2012,12690,c_corporation
Nebraska,FY2013,12591,c_corporation
Nebraska,FY2014,11965,c_corporation
Nebraska,FY2015,11760,c_corporation
Nebraska,FY2016,11347,c_corporation
Nebraska,FY2017,10597,c_corporation
Nebraska,FY2018,10584,c_corporation
Nebraska,FY2019,10391,c_corporation
Nebraska,FY2020,9084,c_corporation
Nebraska,FY2021,9259,c_corporation
Nebraska,FY2022,10368,c_corporation
Nebraska,FY2023,9783,c_corporation
Nebraska,FY2024,9085,c_corporation
Nebraska,FY2025,9364,c_corporation
Nebraska,FY2000,36417,corporation_total
Nebraska,FY2001,36945,corporation_total
Nebraska,FY2002,37888,corporation_total
Nebraska,FY2003,38902,corporation_total
Nebraska,FY2000,7564,employee_plan
Nebraska,FY2001,5866,employee_plan
Nebraska,FY2000,218753,employment
Nebraska,FY2001,218641,employment
Nebraska,FY2002,220363,employment
Nebraska,FY2003,224582.9570549928,employment
Nebraska,FY2004,225226.09170158257,employment
Nebraska,FY2005,224156,employment
Nebraska,FY2006,223714,employment
Nebraska,FY2007,217417,employment
Nebraska,FY2008,213393,employment
Nebraska,FY2009,214610,employment
Nebraska,FY2010,213025,employment
Nebraska,FY2011,209646,employment
Nebraska,FY2012,213015,employment
Nebraska,FY2013,216303,employment
Nebraska,FY2014,216418,employment
Nebraska,FY2015,217995,employment
Nebraska,FY2016,219703,employment
Nebraska,FY2017,220288,employment
Nebraska,FY2018,221834,employment
Nebraska,FY2019,225111,employment
Nebraska,FY2020,195769,employment
Nebraska,FY2021,230756,employment
Nebraska,FY2022,223824,employment
Nebraska,FY2023,254269,employment
Nebraska,FY2024,231588,employment
Nebraska,FY2025,236343,employment
Nebraska,FY2000,894,estate_tax
Nebraska,FY2001,904,estate_tax
Nebraska,FY2002,920,estate_tax
Nebraska,FY2003,564,estate_tax
Nebraska,FY2004,440,estate_tax
Nebraska,FY2005,363,estate_tax
Nebraska,FY2006,320,estate_tax
Nebraska,FY2007,253,estate_tax
Nebraska,FY2008,230,estate_tax
Nebraska,FY2009,268,estate_tax
Nebraska,FY2010,138,estate_tax
Nebraska,FY2011,34,estate_tax
Nebraska,FY2012,177,estate_tax
Nebraska,FY2013,233,estate_tax
Nebraska,FY2014,304,estate_tax
Nebraska,FY2015,374,estate_tax
Nebraska,FY2016,378,estate_tax
Nebraska,FY2017,325,estate_tax
Nebraska,FY2018,297,estate_tax
Nebraska,FY2019,220,estate_tax
Nebraska,FY2020,142,estate_tax
Nebraska,FY2021,292,estate_tax
Nebraska,FY2022,288,estate_tax
Nebraska,FY2023,481,estate_tax
Nebraska,FY2024,255,estate_tax
Nebraska,FY2025,221,estate_tax
Nebraska,FY2000,36779,estate_trust
Nebraska,FY2001,20927,estate_trust
Nebraska,FY2002,20870,estate_trust
Nebraska,FY2003,21212,estate_trust
Nebraska,FY2004,23214,estate_trust
Nebraska,FY2005,23208,estate_trust
Nebraska,FY2006,23015,estate_trust
Nebraska,FY2007,21566,estate_trust
Nebraska,FY2008,21485,estate_trust
Nebraska,FY2009,20369,estate_trust
Nebraska,FY2010,20235,estate_trust
Nebraska,FY2011,18904,estate_trust
Nebraska,FY2012,18560,estate_trust
Nebraska,FY2013,20755,estate_trust
Nebraska,FY2014,21306,estate_trust
Nebraska,FY2015,21446,estate_trust
Nebraska,FY2016,20542,estate_trust
Nebraska,FY2017,19978,estate_trust
Nebraska,FY2018,16320,estate_trust
Nebraska,FY2019,16042,estate_trust
Nebraska,FY2020,15090,estate_trust
Nebraska,FY2021,16718,estate_trust
Nebraska,FY2022,15946,estate_trust
Nebraska,FY2023,17447,estate_trust
Nebraska,FY2024,16423,estate_trust
Nebraska,FY2025,16686,estate_trust
Nebraska,FY2000,4455,estate_trust_estimated
Nebraska,FY2001,4583,estate_trust_estimated
Nebraska,FY2002,3311,estate_trust_estimated
Nebraska,FY2003,4108,estate_trust_estimated
Nebraska,FY2004,4262,estate_trust_estimated
Nebraska,FY2005,3678.039747529096,estate_trust_estimated
Nebraska,FY2006,3452,estate_trust_estimated
Nebraska,FY2007,4110,estate_trust_estimated
Nebraska,FY2008,4757,estate_trust_estimated
Nebraska,FY2009,2940,estate_trust_estimated
Nebraska,FY2010,1690,estate_trust_estimated
Nebraska,FY2011,1755,estate_trust_estimated
Nebraska,FY2012,1942,estate_trust_estimated
Nebraska,FY2013,2604,estate_trust_estimated
Nebraska,FY2014,2262.3321647218877,estate_trust_estimated
Nebraska,FY2015,3802.404250431181,estate_trust_estimated
Nebraska,FY2016,3285,estate_trust_estimated
Nebraska,FY2017,2802,estate_trust_estimated
Nebraska,FY2018,3360,estate_trust_estimated
Nebraska,FY2019,3791,estate_trust_estimated
Nebraska,FY2020,3229,estate_trust_estimated
Nebraska,FY2021,3299,estate_trust_estimated
Nebraska,FY2022,4118,estate_trust_estimated
Nebraska,FY2023,3068,estate_trust_estimated
Nebraska,FY2024,3027,estate_trust_estimated
Nebraska,FY2025,4126,estate_trust_estimated
Nebraska,FY2000,17945,excise
Nebraska,FY2001,14850,excise
Nebraska,FY2002,16980,excise
Nebraska,FY2003,16495,excise
Nebraska,FY2004,13113,excise
Nebraska,FY2005,21396,excise
Nebraska,FY2006,18708,excise
Nebraska,FY2007,18179,excise
Nebraska,FY2008,17521,excise
Nebraska,FY2009,17022,excise
Nebraska,FY2010,18148,excise
Nebraska,FY2011,10267,excise
Nebraska,FY2012,28128,excise
Nebraska,FY2013,20766,excise
Nebraska,FY2014,21698,excise
Nebraska,FY2015,22199,excise
Nebraska,FY2016,22414,excise
Nebraska,FY2017,21721,excise
Nebraska,FY2018,22083,excise
Nebraska,FY2019,22312,excise
Nebraska,FY2020,17425,excise
Nebraska,FY2021,27898,excise
Nebraska,FY2022,22964,excise
Nebraska,FY2023,24950,excise
Nebraska,FY2024,26400,excise
Nebraska,FY2025,23632,excise
Nebraska,FY2000,2098,gift_tax
Nebraska,FY2001,2170,gift_tax
Nebraska,FY2002,1857,gift_tax
Nebraska,FY2003,1898,gift_tax
Nebraska,FY2004,1568,gift_tax
Nebraska,FY2005,1817,gift_tax
Nebraska,FY2006,1701,gift_tax
Nebraska,FY2007,1527,gift_tax
Nebraska,FY2008,1622,gift_tax
Nebraska,FY2009,1471,gift_tax
Nebraska,FY2010,1461,gift_tax
Nebraska,FY2011,1547,gift_tax
Nebraska,FY2012,1768,gift_tax
Nebraska,FY2013,2367,gift_tax
Nebraska,FY2014,2524,gift_tax
Nebraska,FY2015,1494,gift_tax
Nebraska,FY2016,1554,gift_tax
Nebraska,FY2017,1542,gift_tax
Nebraska,FY2018,1573,gift_tax
Nebraska,FY2019,1382,gift_tax
Nebraska,FY2020,888,gift_tax
Nebraska,FY2021,1540,gift_tax
Nebraska,FY2022,1460,gift_tax
Nebraska,FY2023,2950,gift_tax
Nebraska,FY2024,1708,gift_tax
Nebraska,FY2025,1847,gift_tax
Nebraska,FY2000,267029,individual_estimated
Nebraska,FY2001,256444,individual_estimated
Nebraska,FY2002,92363,individual_estimated
Nebraska,FY2003,120952,individual_estimated
Nebraska,FY2004,194651.25806451612,individual_estimated
Nebraska,FY2005,184114,individual_estimated
Nebraska,FY2006,189914,individual_estimated
Nebraska,FY2007,193102,individual_estimated
Nebraska,FY2008,205108,individual_estimated
Nebraska,FY2009,192477,individual_estimated
Nebraska,FY2010,161167,individual_estimated
Nebraska,FY2011,162948,individual_estimated
Nebraska,FY2012,157268,individual_estimated
Nebraska,FY2013,178342,individual_estimated
Nebraska,FY2014,167673,individual_estimated
Nebraska,FY2015,171277,individual_estimated
Nebraska,FY2016,162275,individual_estimated
Nebraska,FY2017,155096,individual_estimated
Nebraska,FY2018,153867,individual_estimated
Nebraska,FY2019,151390,individual_estimated
Nebraska,FY2020,83305,individual_estimated
Nebraska,FY2021,13509,individual_estimated
Nebraska,FY2022,8114,individual_estimated
Nebraska,FY2023,9984,individual_estimated
Nebraska,FY2024,12845,individual_estimated
Nebraska,FY2025,38785,individual_estimated
Nebraska,FY2000,804051,individual_income
Nebraska,FY2001,807314,individual_income
Nebraska,FY2002,805919,individual_income
Nebraska,FY2003,803171,individual_income
Nebraska,FY2004,802231,individual_income
Nebraska,FY2005,808565,individual_income
Nebraska,FY2006,811397,individual_income
Nebraska,FY2007,832643,individual_income
Nebraska,FY2008,916204,individual_income
Nebraska,FY2009,859500,individual_income
Nebraska,FY2010,845101,individual_income
Nebraska,FY2011,854586,individual_income
Nebraska,FY2012,867235,individual_income
Nebraska,FY2013,874548,individual_income
Nebraska,FY2014,882429,individual_income
Nebraska,FY2015,890991,individual_income
Nebraska,FY2016,901056,individual_income
Nebraska,FY2017,900046,individual_income
Nebraska,FY2018,908145,individual_income
Nebraska,FY2019,911358,individual_income
Nebraska,FY2020,925191,individual_income
Nebraska,FY2021,967732,individual_income
Nebraska,FY2022,943094,individual_income
Nebraska,FY2023,955084,individual_income
Nebraska,FY2024,951751,individual_income
Nebraska,FY2025,973367,individual_income
Nebraska,FY2000,14914,partnership
Nebraska,FY2001,15589,partnership
Nebraska,FY2002,16238,partnership
Nebraska,FY2003,16917,partnership
Nebraska,FY2004,17631,partnership
Nebraska,FY2005,18183,partnership
Nebraska,FY2006,18678,partnership
Nebraska,FY2007,20057,partnership
Nebraska,FY2008,21194,partnership
Nebraska,FY2009,22453,partnership
Nebraska,FY2010,22099,partnership
Nebraska,FY2011,22723,partnership
Nebraska,FY2012,23384,partnership
Nebraska,FY2013,24210,partnership
Nebraska,FY2014,25122,partnership
Nebraska,FY2015,25719,partnership
Nebraska,FY2016,27098,partnership
Nebraska,FY2017,27830,partnership
Nebraska,FY2018,28593,partnership
Nebraska,FY2019,28113,partnership
Nebraska,FY2020,29273,partnership
Nebraska,FY2021,32712,partnership
Nebraska,FY2022,31712,partnership
Nebraska,FY2023,35919,partnership
Nebraska,FY2024,35060,partnership
Nebraska,FY2025,36164,partnership
Nebraska,FY2004,23596,s_corporation
Nebraska,FY2005,24490,s_corporation
Nebraska,FY2006,25732,s_corporation
Nebraska,FY2007,27112,s_corporation
Nebraska,FY2008,29335,s_corporation
Nebraska,FY2009,29810,s_corporation
Nebraska,FY2010,30141,s_corporation
Nebraska,FY2011,30875,s_corporation
Nebraska,FY2012,30957,s_corporation
Nebraska,FY2013,31337,s_corporation
Nebraska,FY2014,31782,s_corporation
Nebraska,FY2015,32374,s_corporation
Nebraska,FY2016,33381,s_corporation
Nebraska,FY2017,33852,s_corporation
Nebraska,FY2018,34695,s_corporation
Nebraska,FY2019,34980,s_corporation
Nebraska,FY2020,34354,s_corporation
Nebraska,FY2021,35353,s_corporation
Nebraska,FY2022,36831,s_corporation
Nebraska,FY2023,37923,s_corporation
Nebraska,FY2024,37662,s_corporation
Nebraska,FY2025,38587,s_corporation
Nebraska,FY2000,67371,supplemental
Nebraska,FY2001,70777.79226173754,supplemental
Nebraska,FY2002,83864,supplemental
Nebraska,FY2003,81367.9374785697,supplemental
Nebraska,FY2004,81794.46488053474,supplemental
Nebraska,FY2005,83369,supplemental
Nebraska,FY2006,74758,supplemental
Nebraska,FY2007,84771,supplemental
Nebraska,FY2008,88951,supplemental
Nebraska,FY2009,97512,supplemental
Nebraska,FY2010,87025,supplemental
Nebraska,FY2011,97321.89399382062,supplemental
Nebraska,FY2012,99199,supplemental
Nebraska,FY2013,104462,supplemental
Nebraska,FY2014,92533,supplemental
Nebraska,FY2015,97751,supplemental
Nebraska,FY2016,97219,supplemental
Nebraska,FY2017,110290,supplemental
Nebraska,FY2018,118234,supplemental
Nebraska,FY2019,235767,supplemental
Nebraska,FY2020,118981,supplemental
Nebraska,FY2021,254063,supplemental
Nebraska,FY2022,254278,supplemental
Nebraska,FY2023,288205,supplemental
Nebraska,FY2024,246987.7086419083,supplemental
Nebraska,FY2025,242472.42337345265,supplemental
Nebraska,FY2000,5800,tax_exempt
Nebraska,FY2001,6084,tax_exempt
Nebraska,FY2002,5874,tax_exempt
Nebraska,FY2003,6196,tax_exempt
Nebraska,FY2004,6457,tax_exempt
Nebraska,FY2005,6571,tax_exempt
Nebraska,FY2006,6719,tax_exempt
Nebraska,FY2007,6985,tax_exempt
Nebraska,FY2008,7097,tax_exempt
Nebraska,FY2009,9896,tax_exempt
Nebraska,FY2010,11636,tax_exempt
Nebraska,FY2011,11650,tax_exempt
Nebraska,FY2012,11105,tax_exempt
Nebraska,FY2013,11877,tax_exempt
Nebraska,FY2014,11384,tax_exempt
Nebraska,FY2015,12642,tax_exempt
Nebraska,FY2016,12048,tax_exempt
Nebraska,FY2017,12422,tax_exempt
Nebraska,FY2018,12626,tax_exempt
Nebraska,FY2019,12907,tax_exempt
Nebraska,FY2020,34029,tax_exempt
Nebraska,FY2021,53207,tax_exempt
Nebraska,FY2022,37080,tax_exempt
Nebraska,FY2023,43702,tax_exempt
Nebraska,FY2024,18401,tax_exempt
Nebraska,FY2025,14778,tax_exempt
Nebraska,FY2000,1484070,total
Nebraska,FY2001,1461094.7922617376,total
Nebraska,FY2002,1306447,total
Nebraska,FY2003,1336365.8945335625,total
Nebraska,FY2004,1409380.814646633,total
Nebraska,FY2005,1414865.0397475292,total
Nebraska,FY2006,1412524,total
Nebraska,FY2007,1442207,total
Nebraska,FY2008,1541450,total
Nebraska,FY2009,1482383,total
Nebraska,FY2010,1425461,total
Nebraska,FY2011,1435362.8939938203,total
Nebraska,FY2012,1465428,total
Nebraska,FY2013,1500395,total
Nebraska,FY2014,1487400.3321647218,total
Nebraska,FY2015,1509824,total
Nebraska,FY2016,1512300,total
Nebraska,FY2017,1516789,total
Nebraska,FY2018,1532211,total
Nebraska,FY2019,1653764,total
Nebraska,FY2020,1466760,total
Nebraska,FY2021,1646338,total
Nebraska,FY2022,1590077,total
Nebraska,FY2023,1683765,total
Nebraska,FY2024,1591192.7086419084,total
Nebraska,FY2025,1636372,total
Nevada,FY2004,34571,c_corporation
Nevada,FY2005,34950,c_corporation
Nevada,FY2006,34368,c_corporation
Nevada,FY2007,35980,c_corporation
Nevada,FY2008,37544,c_corporation
Nevada,FY2009,34701,c_corporation
Nevada,FY2010,31942,c_corporation
Nevada,FY2011,29774,c_corporation
Nevada,FY2012,28369,c_corporation
Nevada,FY2013,27704,c_corporation
Nevada,FY2014,26574,c_corporation
Nevada,FY2015,26659,c_corporation
Nevada,FY2016,25426,c_corporation
Nevada,FY2017,23137,c_corporation
Nevada,FY2018,23472,c_corporation
Nevada,FY2019,23653,c_corporation
Nevada,FY2020,18566,c_corporation
Nevada,FY2021,22753,c_corporation
Nevada,FY2022,27213,c_corporation
Nevada,FY2023,26762,c_corporation
Nevada,FY2024,24803,c_corporation
Nevada,FY2025,28040,c_corporation
Nevada,FY2000,49537,corporation_total
Nevada,FY2001,53934,corporation_total
Nevada,FY2002,57885,corporation_total
Nevada,FY2003,61116,corporation_total
Nevada,FY2000,5765,employee_plan
Nevada,FY2001,4358,employee_plan
Nevada,FY2000,182988,employment
Nevada,FY2001,186784,employment
Nevada,FY2002,191750,employment
Nevada,FY2003,202060.1323470007,employment
Nevada,FY2004,213064.46022080517,employment
Nevada,FY2005,224951,employment
Nevada,FY2006,231675,employment
Nevada,FY2007,236090,employment
Nevada,FY2008,236917,employment
Nevada,FY2009,229496,employment
Nevada,FY2010,222112,employment
Nevada,FY2011,218197,employment
Nevada,FY2012,218067,employment
Nevada,FY2013,222711,employment
Nevada,FY2014,225190,employment
Nevada,FY2015,228470,employment
Nevada,FY2016,233068,employment
Nevada,FY2017,238052,employment
Nevada,FY2018,243449,employment
Nevada,FY2019,252516,employment
Nevada,FY2020,231702,employment
Nevada,FY2021,279879,employment
Nevada,FY2022,276106,employment
Nevada,FY2023,312842,employment
Nevada,FY2024,300179,employment
Nevada,FY2025,309120,employment
Nevada,FY2000,598,estate_tax
Nevada,FY2001,614,estate_tax
Nevada,FY2002,652,estate_tax
Nevada,FY2003,520,estate_tax
Nevada,FY2004,435,estate_tax
Nevada,FY2005,467,estate_tax
Nevada,FY2006,395,estate_tax
Nevada,FY2007,343,estate_tax
Nevada,FY2008,325,estate_tax
Nevada,FY2009,329,estate_tax
Nevada,FY2010,185,estate_tax
Nevada,FY2011,71,estate_tax
Nevada,FY2012,125,estate_tax
Nevada,FY2013,167,estate_tax
Nevada,FY2014,200,estate_tax
Nevada,FY2015,210,estate_tax
Nevada,FY2016,190,estate_tax
Nevada,FY2017,233,estate_tax
Nevada,FY2018,210,estate_tax
Nevada,FY2019,155,estate_tax
Nevada,FY2020,98,estate_tax
Nevada,FY2021,205,estate_tax
Nevada,FY2022,194,estate_tax
Nevada,FY2023,385,estate_tax
Nevada,FY2024,214,estate_tax
Nevada,FY2025,240,estate_tax
Nevada,FY2000,15784,estate_trust
Nevada,FY2001,16327,estate_trust
Nevada,FY2002,16740,estate_trust
Nevada,FY2003,17631,estate_trust
Nevada,FY2004,18052,estate_trust
Nevada,FY2005,16878,estate_trust
Nevada,FY2006,15260,estate_trust
Nevada,FY2007,15177,estate_trust
Nevada,FY2008,16166,estate_trust
Nevada,FY2009,17362,estate_trust
Nevada,FY2010,16906,estate_trust
Nevada,FY2011,17808,estate_trust
Nevada,FY2012,17714,estate_trust
Nevada,FY2013,18895,estate_trust
Nevada,FY2014,19413,estate_trust
Nevada,FY2015,20294,estate_trust
Nevada,FY2016,20637,estate_trust
Nevada,FY2017,19355,estate_trust
Nevada,FY2018,52291,estate_trust
Nevada,FY2019,53989,estate_trust
Nevada,FY2020,49113,estate_trust
Nevada,FY2021,44357,estate_trust
Nevada,FY2022,61295,estate_trust
Nevada,FY2023,56796,estate_trust
Nevada,FY2024,52760,estate_trust
Nevada,FY2025,34132,estate_trust
Nevada,FY2000,4863,estate_trust_estimated
Nevada,FY2001,4500,estate_trust_estimated
Nevada,FY2002,3916,estate_trust_estimated
Nevada,FY2003,3585,estate_trust_estimated
Nevada,FY2004,4020,estate_trust_estimated
Nevada,FY2005,2810.6002587910557,estate_trust_estimated
Nevada,FY2006,4428,estate_trust_estimated
Nevada,FY2007,5105,estate_trust_estimated
Nevada,FY2008,5941,estate_trust_estimated
Nevada,FY2009,3957,estate_trust_estimated
Nevada,FY2010,2625,estate_trust_estimated
Nevada,FY2011,2786,estate_trust_estimated
Nevada,FY2012,2975,estate_trust_estimated
Nevada,FY2013,3991,estate_trust_estimated
Nevada,FY2014,3878.283710951808,estate_trust_estimated
Nevada,FY2015,5130.553543568977,estate_trust_estimated
Nevada,FY2016,4687,estate_trust_estimated
Nevada,FY2017,4376,estate_trust_estimated
Nevada,FY2018,5708,estate_trust_estimated
Nevada,FY2019,6604,estate_trust_estimated
Nevada,FY2020,5840,estate_trust_estimated
Nevada,FY2021,6795,estate_trust_estimated
Nevada,FY2022,8775,estate_trust_estimated
Nevada,FY2023,7397,estate_trust_estimated
Nevada,FY2024,7559,estate_trust_estimated
Nevada,FY2025,9022,estate_trust_estimated
Nevada,FY2000,9836,excise
Nevada,FY2001,9045,excise
Nevada,FY2002,9186,excise
Nevada,FY2003,9660,excise
Nevada,FY2004,7655,excise
Nevada,FY2005,9946,excise
Nevada,FY2006,9538,excise
Nevada,FY2007,8993,excise
Nevada,FY2008,8295,excise
Nevada,FY2009,7407,excise
Nevada,FY2010,7187,excise
Nevada,FY2011,5145,excise
Nevada,FY2012,8476,excise
Nevada,FY2013,6934,excise
Nevada,FY2014,7360,excise
Nevada,FY2015,7485,excise
Nevada,FY2016,7544,excise
Nevada,FY2017,7432,excise
Nevada,FY2018,7639,excise
Nevada,FY2019,8037,excise
Nevada,FY2020,6185,excise
Nevada,FY2021,9788,excise
Nevada,FY2022,8638,excise
Nevada,FY2023,8682,excise
Nevada,FY2024,7923,excise
Nevada,FY2025,7849,excise
Nevada,FY2000,1566,gift_tax
Nevada,FY2001,1720,gift_tax
Nevada,FY2002,1393,gift_tax
Nevada,FY2003,1582,gift_tax
Nevada,FY2004,1509,gift_tax
Nevada,FY2005,1676,gift_tax
Nevada,FY2006,1568,gift_tax
Nevada,FY2007,1603,gift_tax
Nevada,FY2008,1621,gift_tax
Nevada,FY2009,1520,gift_tax
Nevada,FY2010,1397,gift_tax
Nevada,FY2011,1305,gift_tax
Nevada,FY2012,1620,gift_tax
Nevada,FY2013,2134,gift_tax
Nevada,FY2014,2348,gift_tax
Nevada,FY2015,1456,gift_tax
Nevada,FY2016,1604,gift_tax
Nevada,FY2017,1676,gift_tax
Nevada,FY2018,1672,gift_tax
Nevada,FY2019,1703,gift_tax
Nevada,FY2020,1176,gift_tax
Nevada,FY2021,2189,gift_tax
Nevada,FY2022,2721,gift_tax
Nevada,FY2023,4574,gift_tax
Nevada,FY2024,2708,gift_tax
Nevada,FY2025,2661,gift_tax
Nevada,FY2000,230935,individual_estimated
Nevada,FY2001,231266,individual_estimated
Nevada,FY2002,222537,individual_estimated
Nevada,FY2003,202587,individual_estimated
Nevada,FY2004,206666.25806451612,individual_estimated
Nevada,FY2005,202977,individual_estimated
Nevada,FY2006,218177,individual_estimated
Nevada,FY2007,211503,individual_estimated
Nevada,FY2008,205529,individual_estimated
Nevada,FY2009,180696,individual_estimated
Nevada,FY2010,151973,individual_estimated
Nevada,FY2011,150606,individual_estimated
Nevada,FY2012,145334,individual_estimated
Nevada,FY2013,162149,individual_estimated
Nevada,FY2014,157018,individual_estimated
Nevada,FY2015,160511,individual_estimated
Nevada,FY2016,155583,individual_estimated
Nevada,FY2017,151614,individual_estimated
Nevada,FY2018,155395,individual_estimated
Nevada,FY2019,154736,individual_estimated
Nevada,FY2020,102032,individual_estimated
Nevada,FY2021,16162,individual_estimated
Nevada,FY2022,8503,individual_estimated
Nevada,FY2023,9405,individual_estimated
Nevada,FY2024,12103,individual_estimated
Nevada,FY2025,34349,individual_estimated
Nevada,FY2000,911635,individual_income
Nevada,FY2001,949489,individual_income
Nevada,FY2002,979340,individual_income
Nevada,FY2003,1002284,individual_income
Nevada,FY2004,1041194,individual_income
Nevada,FY2005,1088156,individual_income
Nevada,FY2006,1137633,individual_income
Nevada,FY2007,1206328,individual_income
Nevada,FY2008,1348460,individual_income
Nevada,FY2009,1274794,individual_income
Nevada,FY2010,1241034,individual_income
Nevada,FY2011,1257756,individual_income
Nevada,FY2012,1290641,individual_income
Nevada,FY2013,1289823,individual_income
Nevada,FY2014,1307349,individual_income
Nevada,FY2015,1324132,individual_income
Nevada,FY2016,1348434,individual_income
Nevada,FY2017,1365858,individual_income
Nevada,FY2018,1403306,individual_income
Nevada,FY2019,1438275,individual_income
Nevada,FY2020,1540384,individual_income
Nevada,FY2021,1634081,individual_income
Nevada,FY2022,1571368,individual_income
Nevada,FY2023,1576677,individual_income
Nevada,FY2024,1556340,individual_income
Nevada,FY2025,1598863,individual_income
Nevada,FY2000,21492,partnership
Nevada,FY2001,25314,partnership
Nevada,FY2002,26942,partnership
Nevada,FY2003,29380,partnership
Nevada,FY2004,31816,partnership
Nevada,FY2005,34544,partnership
Nevada,FY2006,36328,partnership
Nevada,FY2007,44039,partnership
Nevada,FY2008,47321,partnership
Nevada,FY2009,53022,partnership
Nevada,FY2010,49650,partnership
Nevada,FY2011,48693,partnership
Nevada,FY2012,48522,partnership
Nevada,FY2013,47718,partnership
Nevada,FY2014,47249,partnership
Nevada,FY2015,47503,partnership
Nevada,FY2016,47251,partnership
Nevada,FY2017,47045,partnership
Nevada,FY2018,47272,partnership
Nevada,FY2019,42121,partnership
Nevada,FY2020,48408,partnership
Nevada,FY2021,50524,partnership
Nevada,FY2022,47503,partnership
Nevada,FY2023,53886,partnership
Nevada,FY2024,52642,partnership
Nevada,FY2025,52592,partnership
Nevada,FY2004,28588,s_corporation
Nevada,FY2005,31296,s_corporation
Nevada,FY2006,35576,s_corporation
Nevada,FY2007,40428,s_corporation
Nevada,FY2008,45761,s_corporation
Nevada,FY2009,45239,s_corporation
Nevada,FY2010,44265,s_corporation
Nevada,FY2011,43431,s_corporation
Nevada,FY2012,43138,s_corporation
Nevada,FY2013,42726,s_corporation
Nevada,FY2014,43439,s_corporation
Nevada,FY2015,44357,s_corporation
Nevada,FY2016,45265,s_corporation
Nevada,FY2017,46925,s_corporation
Nevada,FY2018,47979,s_corporation
Nevada,FY2019,50136,s_corporation
Nevada,FY2020,48761,s_corporation
Nevada,FY2021,53092,s_corporation
Nevada,FY2022,57865,s_corporation
Nevada,FY2023,62027,s_corporation
Nevada,FY2024,64129,s_corporation
Nevada,FY2025,65715,s_corporation
Nevada,FY2000,128312,supplemental
Nevada,FY2001,142046,supplemental
Nevada,FY2002,159114,supplemental
Nevada,FY2003,169176.1939456211,supplemental
Nevada,FY2004,180830.5529007718,supplemental
Nevada,FY2005,194040,supplemental
Nevada,FY2006,178508,supplemental
Nevada,FY2007,216911,supplemental
Nevada,FY2008,227906,supplemental
Nevada,FY2009,245454,supplemental
Nevada,FY2010,220026,supplemental
Nevada,FY2011,243384.93633306184,supplemental
Nevada,FY2012,238028,supplemental
Nevada,FY2013,232349,supplemental
Nevada,FY2014,222519,supplemental
Nevada,FY2015,228904,supplemental
Nevada,FY2016,228071,supplemental
Nevada,FY2017,253116,supplemental
Nevada,FY2018,265132,supplemental
Nevada,FY2019,275734,supplemental
Nevada,FY2020,213377,supplemental
Nevada,FY2021,275988,supplemental
Nevada,FY2022,397604,supplemental
Nevada,FY2023,413793,supplemental
Nevada,FY2024,402261.1570522714,supplemental
Nevada,FY2025,421561.5421441544,supplemental
Nevada,FY2000,2990,tax_exempt
Nevada,FY2001,3098,tax_exempt
Nevada,FY2002,3456,tax_exempt
Nevada,FY2003,3616,tax_exempt
Nevada,FY2004,3692,tax_exempt
Nevada,FY2005,3835,tax_exempt
Nevada,FY2006,3912,tax_exempt
Nevada,FY2007,4238,tax_exempt
Nevada,FY2008,4317,tax_exempt
Nevada,FY2009,5497,tax_exempt
Nevada,FY2010,6684,tax_exempt
Nevada,FY2011,9474,tax_exempt
Nevada,FY2012,6787,tax_exempt
Nevada,FY2013,7331,tax_exempt
Nevada,FY2014,7335,tax_exempt
Nevada,FY2015,7959,tax_exempt
Nevada,FY2016,7748,tax_exempt
Nevada,FY2017,8095,tax_exempt
Nevada,FY2018,12672,tax_exempt
Nevada,FY2019,13764,tax_exempt
Nevada,FY2020,10720,tax_exempt
Nevada,FY2021,15299,tax_exempt
Nevada,FY2022,13854,tax_exempt
Nevada,FY2023,16020,tax_exempt
Nevada,FY2024,14940,tax_exempt
Nevada,FY2025,11226,tax_exempt
Nevada,FY2000,1566301,total
Nevada,FY2001,1628495,total
Nevada,FY2002,1672911,total
Nevada,FY2003,1703197.326292622,total
Nevada,FY2004,1772093.271186093,total
Nevada,FY2005,1846526.6002587911,total
Nevada,FY2006,1907366,total
Nevada,FY2007,2026738,total
Nevada,FY2008,2186103,total
Nevada,FY2009,2099474,total
Nevada,FY2010,1995986,total
Nevada,FY2011,2028430.936333062,total
Nevada,FY2012,2049796,total
Nevada,FY2013,2064632,total
Nevada,FY2014,2069872.283710952,total
Nevada,FY2015,2103071,total
Nevada,FY2016,2125508,total
Nevada,FY2017,2166914,total
Nevada,FY2018,2266197,total
Nevada,FY2019,2321423,total
Nevada,FY2020,2276362,total
Nevada,FY2021,2411112,total
Nevada,FY2022,2481639,total
Nevada,FY2023,2549246,total
Nevada,FY2024,2498561.1570522715,total
Nevada,FY2025,2575371,total
New Hampshire,FY2004,13049,c_corporation
New Hampshire,FY2005,12672,c_corporation
New Hampshire,FY2006,12543,c_corporation
New Hampshire,FY2007,12506,c_corporation
New Hampshire,FY2008,12055,c_corporation
New Hampshire,FY2009,11896,c_corporation
New Hampshire,FY2010,11283,c_corporation
New Hampshire,FY2011,10950,c_corporation
New Hampshire,FY2012,10633,c_corporation
New Hampshire,FY2013,10582,c_corporation
New Hampshire,FY2014,10252,c_corporation
New Hampshire,FY2015,9974,c_corporation
New Hampshire,FY2016,9832,c_corporation
New Hampshire,FY2017,9206,c_corporation
New Hampshire,FY2018,9217,c_corporation
New Hampshire,FY2019,9033,c_corporation
New Hampshire,FY2020,7476,c_corporation
New Hampshire,FY2021,9527,c_corporation
New Hampshire,FY2022,7975,c_corporation
New Hampshire,FY2023,10474,c_corporation
New Hampshire,FY2024,8700,c_corporation
New Hampshire,FY2025,8757,c_corporation
New Hampshire,FY2000,25591,corporation_total
New Hampshire,FY2001,25209,corporation_total
New Hampshire,FY2002,24607,corporation_total
New Hampshire,FY2003,25119,corporation_total
New Hampshire,FY2000,6890,employee_plan
New Hampshire,FY2001,5180,employee_plan
New Hampshire,FY2000,156182,employment
New Hampshire,FY2001,153738,employment
New Hampshire,FY2002,151025,employment
New Hampshire,FY2003,154952.30211881018,employment
New Hampshire,FY2004,155726.1809621733,employment
New Hampshire,FY2005,156718,employment
New Hampshire,FY2006,158935,employment
New Hampshire,FY2007,153516,employment
New Hampshire,FY2008,151468,employment
New Hampshire,FY2009,148962,employment
New Hampshire,FY2010,145136,employment
New Hampshire,FY2011,141898,employment
New Hampshire,FY2012,141282,employment
New Hampshire,FY2013,141994,employment
New Hampshire,FY2014,141034,employment
New Hampshire,FY2015,141463,employment
New Hampshire,FY2016,142016,employment
New Hampshire,FY2017,141713,employment
New Hampshire,FY2018,141347,employment
New Hampshire,FY2019,143578,employment
New Hampshire,FY2020,127265,employment
New Hampshire,FY2021,153402,employment
New Hampshire,FY2022,135838,employment
New Hampshire,FY2023,162095,employment
New Hampshire,FY2024,149019,employment
New Hampshire,FY2025,149126,employment
New Hampshire,FY2000,568,estate_tax
New Hampshire,FY2001,589,estate_tax
New Hampshire,FY2002,578,estate_tax
New Hampshire,FY2003,426,estate_tax
New Hampshire,FY2004,338,estate_tax
New Hampshire,FY2005,327,estate_tax
New Hampshire,FY2006,260,estate_tax
New Hampshire,FY2007,231,estate_tax
New Hampshire,FY2008,226,estate_tax
New Hampshire,FY2009,235,estate_tax
New Hampshire,FY2010,98,estate_tax
New Hampshire,FY2011,48,estate_tax
New Hampshire,FY2012,117,estate_tax
New Hampshire,FY2013,120,estate_tax
New Hampshire,FY2014,121,estate_tax
New Hampshire,FY2015,142,estate_tax
New Hampshire,FY2016,147,estate_tax
New Hampshire,FY2017,128,estate_tax
New Hampshire,FY2018,169,estate_tax
New Hampshire,FY2019,102,estate_tax
New Hampshire,FY2020,46,estate_tax
New Hampshire,FY2021,113,estate_tax
New Hampshire,FY2022,113,estate_tax
New Hampshire,FY2023,227,estate_tax
New Hampshire,FY2024,152,estate_tax
New Hampshire,FY2025,117,estate_tax
New Hampshire,FY2000,12448,estate_trust
New Hampshire,FY2001,12810,estate_trust
New Hampshire,FY2002,13525,estate_trust
New Hampshire,FY2003,13754,estate_trust
New Hampshire,FY2004,13422,estate_trust
New Hampshire,FY2005,13523,estate_trust
New Hampshire,FY2006,13685,estate_trust
New Hampshire,FY2007,14238,estate_trust
New Hampshire,FY2008,14683,estate_trust
New Hampshire,FY2009,14873,estate_trust
New Hampshire,FY2010,14681,estate_trust
New Hampshire,FY2011,14735,estate_trust
New Hampshire,FY2012,15785,estate_trust
New Hampshire,FY2013,16144,estate_trust
New Hampshire,FY2014,16543,estate_trust
New Hampshire,FY2015,16376,estate_trust
New Hampshire,FY2016,16972,estate_trust
New Hampshire,FY2017,17055,estate_trust
New Hampshire,FY2018,18064,estate_trust
New Hampshire,FY2019,18457,estate_trust
New Hampshire,FY2020,16481,estate_trust
New Hampshire,FY2021,19800,estate_trust
New Hampshire,FY2022,18146,estate_trust
New Hampshire,FY2023,22067,estate_trust
New Hampshire,FY2024,21508,estate_trust
New Hampshire,FY2025,21799,estate_trust
New Hampshire,FY2000,6067,estate_trust_estimated
New Hampshire,FY2001,6090,estate_trust_estimated
New Hampshire,FY2002,4555,estate_trust_estimated
New Hampshire,FY2003,3268,estate_trust_estimated
New Hampshire,FY2004,3435,estate_trust_estimated
New Hampshire,FY2005,2346.4810042337836,estate_trust_estimated
New Hampshire,FY2006,4131,estate_trust_estimated
New Hampshire,FY2007,5205,estate_trust_estimated
New Hampshire,FY2008,6288,estate_trust_estimated
New Hampshire,FY2009,3518,estate_trust_estimated
New Hampshire,FY2010,2173,estate_trust_estimated
New Hampshire,FY2011,2704,estate_trust_estimated
New Hampshire,FY2012,2725,estate_trust_estimated
New Hampshire,FY2013,3437,estate_trust_estimated
New Hampshire,FY2014,4869.400659306159,estate_trust_estimated
New Hampshire,FY2015,4689.5464423726435,estate_trust_estimated
New Hampshire,FY2016,4229,estate_trust_estimated
New Hampshire,FY2017,3750,estate_trust_estimated
New Hampshire,FY2018,4841,estate_trust_estimated
New Hampshire,FY2019,5543,estate_trust_estimated
New Hampshire,FY2020,5044,estate_trust_estimated
New Hampshire,FY2021,5082,estate_trust_estimated
New Hampshire,FY2022,6273,estate_trust_estimated
New Hampshire,FY2023,4383,estate_trust_estimated
New Hampshire,FY2024,4433,estate_trust_estimated
New Hampshire,FY2025,6042,estate_trust_estimated
New Hampshire,FY2000,4449,excise
New Hampshire,FY2001,3904,excise
New Hampshire,FY2002,4215,excise
New Hampshire,FY2003,3950,excise
New Hampshire,FY2004,2710,excise
New Hampshire,FY2005,5216,excise
New Hampshire,FY2006,4285,excise
New Hampshire,FY2007,3798,excise
New Hampshire,FY2008,3801,excise
New Hampshire,FY2009,3356,excise
New Hampshire,FY2010,3616,excise
New Hampshire,FY2011,2244,excise
New Hampshire,FY2012,4926,excise
New Hampshire,FY2013,3856,excise
New Hampshire,FY2014,4342,excise
New Hampshire,FY2015,4583,excise
New Hampshire,FY2016,4697,excise
New Hampshire,FY2017,4729,excise
New Hampshire,FY2018,4846,excise
New Hampshire,FY2019,4970,excise
New Hampshire,FY2020,3752,excise
New Hampshire,FY2021,5668,excise
New Hampshire,FY2022,4548,excise
New Hampshire,FY2023,5690,excise
New Hampshire,FY2024,5237,excise
New Hampshire,FY2025,5405,excise
New Hampshire,FY2000,1965,gift_tax
New Hampshire,FY2001,2040,gift_tax
New Hampshire,FY2002,1806,gift_tax
New Hampshire,FY2003,1875,gift_tax
New Hampshire,FY2004,1725,gift_tax
New Hampshire,FY2005,1895,gift_tax
New Hampshire,FY2006,1777,gift_tax
New Hampshire,FY2007,1799,gift_tax
New Hampshire,FY2008,1701,gift_tax
New Hampshire,FY2009,1642,gift_tax
New Hampshire,FY2010,1435,gift_tax
New Hampshire,FY2011,1313,gift_tax
New Hampshire,FY2012,1505,gift_tax
New Hampshire,FY2013,1833,gift_tax
New Hampshire,FY2014,1985,gift_tax
New Hampshire,FY2015,1417,gift_tax
New Hampshire,FY2016,1550,gift_tax
New Hampshire,FY2017,1468,gift_tax
New Hampshire,FY2018,1530,gift_tax
New Hampshire,FY2019,1510,gift_tax
New Hampshire,FY2020,1035,gift_tax
New Hampshire,FY2021,1797,gift_tax
New Hampshire,FY2022,1583,gift_tax
New Hampshire,FY2023,3392,gift_tax
New Hampshire,FY2024,2103,gift_tax
New Hampshire,FY2025,2225,gift_tax
New Hampshire,FY2000,215363,individual_estimated
New Hampshire,FY2001,196804,individual_estimated
New Hampshire,FY2002,211150,individual_estimated
New Hampshire,FY2003,64664,individual_estimated
New Hampshire,FY2004,112484.6129032258,individual_estimated
New Hampshire,FY2005,165219,individual_estimated
New Hampshire,FY2006,171931,individual_estimated
New Hampshire,FY2007,171194,individual_estimated
New Hampshire,FY2008,173736,individual_estimated
New Hampshire,FY2009,117596,individual_estimated
New Hampshire,FY2010,128450,individual_estimated
New Hampshire,FY2011,129309,individual_estimated
New Hampshire,FY2012,124581,individual_estimated
New Hampshire,FY2013,137410,individual_estimated
New Hampshire,FY2014,133587,individual_estimated
New Hampshire,FY2015,137502,individual_estimated
New Hampshire,FY2016,133644,individual_estimated
New Hampshire,FY2017,129764,individual_estimated
New Hampshire,FY2018,131825,individual_estimated
New Hampshire,FY2019,132641,individual_estimated
New Hampshire,FY2020,120885,individual_estimated
New Hampshire,FY2021,124084,individual_estimated
New Hampshire,FY2022,122415,individual_estimated
New Hampshire,FY2023,116332,individual_estimated
New Hampshire,FY2024,119972,individual_estimated
New Hampshire,FY2025,124730,individual_estimated
New Hampshire,FY2000,611541,individual_income
New Hampshire,FY2001,625265,individual_income
New Hampshire,FY2002,635916,individual_income
New Hampshire,FY2003,633718,individual_income
New Hampshire,FY2004,634309,individual_income
New Hampshire,FY2005,642173,individual_income
New Hampshire,FY2006,644931,individual_income
New Hampshire,FY2007,659772,individual_income
New Hampshire,FY2008,722069,individual_income
New Hampshire,FY2009,673510,individual_income
New Hampshire,FY2010,653428,individual_income
New Hampshire,FY2011,661014,individual_income
New Hampshire,FY2012,674965,individual_income
New Hampshire,FY2013,679389,individual_income
New Hampshire,FY2014,680729,individual_income
New Hampshire,FY2015,684794,individual_income
New Hampshire,FY2016,692769,individual_income
New Hampshire,FY2017,695598,individual_income
New Hampshire,FY2018,703427,individual_income
New Hampshire,FY2019,709310,individual_income
New Hampshire,FY2020,699551,individual_income
New Hampshire,FY2021,753155,individual_income
New Hampshire,FY2022,729290,individual_income
New Hampshire,FY2023,749592,individual_income
New Hampshire,FY2024,727940,individual_income
New Hampshire,FY2025,736606,individual_income
New Hampshire,FY2000,9024,partnership
New Hampshire,FY2001,9345,partnership
New Hampshire,FY2002,10004,partnership
New Hampshire,FY2003,10778,partnership
New Hampshire,FY2004,11789,partnership
New Hampshire,FY2005,12976,partnership
New Hampshire,FY2006,13517,partnership
New Hampshire,FY2007,14749,partnership
New Hampshire,FY2008,15373,partnership
New Hampshire,FY2009,16559,partnership
New Hampshire,FY2010,16136,partnership
New Hampshire,FY2011,16134,partnership
New Hampshire,FY2012,16154,partnership
New Hampshire,FY2013,16237,partnership
New Hampshire,FY2014,16726,partnership
New Hampshire,FY2015,16878,partnership
New Hampshire,FY2016,17392,partnership
New Hampshire,FY2017,17669,partnership
New Hampshire,FY2018,17930,partnership
New Hampshire,FY2019,17315,partnership
New Hampshire,FY2020,18859,partnership
New Hampshire,FY2021,19704,partnership
New Hampshire,FY2022,18552,partnership
New Hampshire,FY2023,21476,partnership
New Hampshire,FY2024,20729,partnership
New Hampshire,FY2025,21083,partnership
New Hampshire,FY2004,12142,s_corporation
New Hampshire,FY2005,12085,s_corporation
New Hampshire,FY2006,12056,s_corporation
New Hampshire,FY2007,12253,s_corporation
New Hampshire,FY2008,12508,s_corporation
New Hampshire,FY2009,12300,s_corporation
New Hampshire,FY2010,12108,s_corporation
New Hampshire,FY2011,12142,s_corporation
New Hampshire,FY2012,11940,s_corporation
New Hampshire,FY2013,11727,s_corporation
New Hampshire,FY2014,11796,s_corporation
New Hampshire,FY2015,11580,s_corporation
New Hampshire,FY2016,11723,s_corporation
New Hampshire,FY2017,11695,s_corporation
New Hampshire,FY2018,11778,s_corporation
New Hampshire,FY2019,11755,s_corporation
New Hampshire,FY2020,11468,s_corporation
New Hampshire,FY2021,11979,s_corporation
New Hampshire,FY2022,11756,s_corporation
New Hampshire,FY2023,13285,s_corporation
New Hampshire,FY2024,12702,s_corporation
New Hampshire,FY2025,12743,s_corporation
New Hampshire,FY2000,69737,supplemental
New Hampshire,FY2001,71427,supplemental
New Hampshire,FY2002,78298.85656782558,supplemental
New Hampshire,FY2003,78335.5233719012,supplemental
New Hampshire,FY2004,78957.05806159755,supplemental
New Hampshire,FY2005,83477,supplemental
New Hampshire,FY2006,73451,supplemental
New Hampshire,FY2007,77538,supplemental
New Hampshire,FY2008,82377,supplemental
New Hampshire,FY2009,83748,supplemental
New Hampshire,FY2010,74191,supplemental
New Hampshire,FY2011,82017.0560675732,supplemental
New Hampshire,FY2012,87484,supplemental
New Hampshire,FY2013,83954,supplemental
New Hampshire,FY2014,76872,supplemental
New Hampshire,FY2015,81470,supplemental
New Hampshire,FY2016,77093,supplemental
New Hampshire,FY2017,84257,supplemental
New Hampshire,FY2018,89032,supplemental
New Hampshire,FY2019,90339,supplemental
New Hampshire,FY2020,58406,supplemental
New Hampshire,FY2021,91687,supplemental
New Hampshire,FY2022,137898,supplemental
New Hampshire,FY2023,143908,supplemental
New Hampshire,FY2024,134938.19683227962,supplemental
New Hampshire,FY2025,143060.78219651454,supplemental
New Hampshire,FY2000,3641,tax_exempt
New Hampshire,FY2001,3570,tax_exempt
New Hampshire,FY2002,3876,tax_exempt
New Hampshire,FY2003,4360,tax_exempt
New Hampshire,FY2004,4370,tax_exempt
New Hampshire,FY2005,4342,tax_exempt
New Hampshire,FY2006,4610,tax_exempt
New Hampshire,FY2007,4956,tax_exempt
New Hampshire,FY2008,5021,tax_exempt
New Hampshire,FY2009,6281,tax_exempt
New Hampshire,FY2010,7444,tax_exempt
New Hampshire,FY2011,7651,tax_exempt
New Hampshire,FY2012,7624,tax_exempt
New Hampshire,FY2013,8165,tax_exempt
New Hampshire,FY2014,8144,tax_exempt
New Hampshire,FY2015,8595,tax_exempt
New Hampshire,FY2016,8081,tax_exempt
New Hampshire,FY2017,8661,tax_exempt
New Hampshire,FY2018,8702,tax_exempt
New Hampshire,FY2019,8786,tax_exempt
New Hampshire,FY2020,7206,tax_exempt
New Hampshire,FY2021,8945,tax_exempt
New Hampshire,FY2022,9249,tax_exempt
New Hampshire,FY2023,9756,tax_exempt
New Hampshire,FY2024,9382,tax_exempt
New Hampshire,FY2025,9381,tax_exempt
New Hampshire,FY2000,1123466,total
New Hampshire,FY2001,1115971,total
New Hampshire,FY2002,1139555.8565678257,total
New Hampshire,FY2003,995199.8254907114,total
New Hampshire,FY2004,1044456.8519269966,total
New Hampshire,FY2005,1112969.481004234,total
New Hampshire,FY2006,1116112,total
New Hampshire,FY2007,1131755,total
New Hampshire,FY2008,1201306,total
New Hampshire,FY2009,1094476,total
New Hampshire,FY2010,1070179,total
New Hampshire,FY2011,1082159.0560675731,total
New Hampshire,FY2012,1099721,total
New Hampshire,FY2013,1114848,total
New Hampshire,FY2014,1107000.4006593062,total
New Hampshire,FY2015,1119464,total
New Hampshire,FY2016,1120145,total
New Hampshire,FY2017,1125693,total
New Hampshire,FY2018,1142708,total
New Hampshire,FY2019,1153339,total
New Hampshire,FY2020,1077474,total
New Hampshire,FY2021,1204943,total
New Hampshire,FY2022,1203636,total
New Hampshire,FY2023,1262677,total
New Hampshire,FY2024,1216815.1968322797,total
New Hampshire,FY2025,1241075,total
New Jersey,FY2004,105138,c_corporation
New Jersey,FY2005,100566,c_corporation
New Jersey,FY2006,95913,c_corporation
New Jersey,FY2007,93347,c_corporation
New Jersey,FY2008,88476,c_corporation
New Jersey,FY2009,87802,c_corporation
New Jersey,FY2010,79086,c_corporation
New Jersey,FY2011,76181,c_corporation
New Jersey,FY2012,76321,c_corporation
New Jersey,FY2013,73083,c_corporation
New Jersey,FY2014,72424,c_corporation
New Jersey,FY2015,71125,c_corporation
New Jersey,FY2016,69377,c_corporation
New Jersey,FY2017,62764,c_corporation
New Jersey,FY2018,65085,c_corporation
New Jersey,FY2019,65178,c_corporation
New Jersey,FY2020,56597,c_corporation
New Jersey,FY2021,65088,c_corporation
New Jersey,FY2022,62233,c_corporation
New Jersey,FY2023,70046,c_corporation
New Jersey,FY2024,65025,c_corporation
New Jersey,FY2025,66462,c_corporation
New Jersey,FY2000,243790,corporation_total
New Jersey,FY2001,230091,corporation_total
New Jersey,FY2002,247550,corporation_total
New Jersey,FY2003,236744,corporation_total
New Jersey,FY2000,49282,employee_plan
New Jersey,FY2001,36616,employee_plan
New Jersey,FY2000,995651,employment
New Jersey,FY2001,985785,employment
New Jersey,FY2002,1000357,employment
New Jersey,FY2003,1016208.1405848764,employment
New Jersey,FY2004,1035298.6705664776,employment
New Jersey,FY2005,1065262,employment
New Jersey,FY2006,1063708,employment
New Jersey,FY2007,1032137,employment
New Jersey,FY2008,1025849,employment
New Jersey,FY2009,999056,employment
New Jersey,FY2010,975498,employment
New Jersey,FY2011,962494,employment
New Jersey,FY2012,966079,employment
New Jersey,FY2013,967880,employment
New Jersey,FY2014,979583,employment
New Jersey,FY2015,977482,employment
New Jersey,FY2016,971187,employment
New Jersey,FY2017,972914,employment
New Jersey,FY2018,975468,employment
New Jersey,FY2019,983637,employment
New Jersey,FY2020,881969,employment
New Jersey,FY2021,1039632,employment
New Jersey,FY2022,940013,employment
New Jersey,FY2023,1087767,employment
New Jersey,FY2024,1015714,employment
New Jersey,FY2025,1024362,employment
New Jersey,FY2000,5141,estate_tax
New Jersey,FY2001,4742,estate_tax
New Jersey,FY2002,4716,estate_tax
New Jersey,FY2003,3884,estate_tax
New Jersey,FY2004,3060,estate_tax
New Jersey,FY2005,2851,estate_tax
New Jersey,FY2006,2552,estate_tax
New Jersey,FY2007,2114,estate_tax
New Jersey,FY2008,2113,estate_tax
New Jersey,FY2009,2064,estate_tax
New Jersey,FY2010,1289,estate_tax
New Jersey,FY2011,467,estate_tax
New Jersey,FY2012,1449,estate_tax
New Jersey,FY2013,1842,estate_tax
New Jersey,FY2014,1968,estate_tax
New Jersey,FY2015,1977,estate_tax
New Jersey,FY2016,2100,estate_tax
New Jersey,FY2017,1880,estate_tax
New Jersey,FY2018,1532,estate_tax
New Jersey,FY2019,1028,estate_tax
New Jersey,FY2020,513,estate_tax
New Jersey,FY2021,1002,estate_tax
New Jersey,FY2022,996,estate_tax
New Jersey,FY2023,1691,estate_tax
New Jersey,FY2024,1028,estate_tax
New Jersey,FY2025,894,estate_tax
New Jersey,FY2000,125463,estate_trust
New Jersey,FY2001,128465,estate_trust
New Jersey,FY2002,129397,estate_trust
New Jersey,FY2003,130672,estate_trust
New Jersey,FY2004,130677,estate_trust
New Jersey,FY2005,131827,estate_trust
New Jersey,FY2006,134076,estate_trust
New Jersey,FY2007,136367,estate_trust
New Jersey,FY2008,138986,estate_trust
New Jersey,FY2009,143493,estate_trust
New Jersey,FY2010,142193,estate_trust
New Jersey,FY2011,142614,estate_trust
New Jersey,FY2012,145798,estate_trust
New Jersey,FY2013,148612,estate_trust
New Jersey,FY2014,152511,estate_trust
New Jersey,FY2015,153829,estate_trust
New Jersey,FY2016,156376,estate_trust
New Jersey,FY2017,149056,estate_trust
New Jersey,FY2018,154113,estate_trust
New Jersey,FY2019,153546,estate_trust
New Jersey,FY2020,136056,estate_trust
New Jersey,FY2021,194205,estate_trust
New Jersey,FY2022,143893,estate_trust
New Jersey,FY2023,160542,estate_trust
New Jersey,FY2024,152026,estate_trust
New Jersey,FY2025,153967,estate_trust
New Jersey,FY2000,33679,estate_trust_estimated
New Jersey,FY2001,31194,estate_trust_estimated
New Jersey,FY2002,22144,estate_trust_estimated
New Jersey,FY2003,15763,estate_trust_estimated
New Jersey,FY2004,16890,estate_trust_estimated
New Jersey,FY2005,12469.818882171068,estate_trust_estimated
New Jersey,FY2006,21902,estate_trust_estimated
New Jersey,FY2007,27597,estate_trust_estimated
New Jersey,FY2008,32518,estate_trust_estimated
New Jersey,FY2009,18704,estate_trust_estimated
New Jersey,FY2010,12778,estate_trust_estimated
New Jersey,FY2011,14141,estate_trust_estimated
New Jersey,FY2012,15334,estate_trust_estimated
New Jersey,FY2013,19988,estate_trust_estimated
New Jersey,FY2014,20781.13688451677,estate_trust_estimated
New Jersey,FY2015,26795.027389838877,estate_trust_estimated
New Jersey,FY2016,22921,estate_trust_estimated
New Jersey,FY2017,19897,estate_trust_estimated
New Jersey,FY2018,24073,estate_trust_estimated
New Jersey,FY2019,26433,estate_trust_estimated
New Jersey,FY2020,21716,estate_trust_estimated
New Jersey,FY2021,22167,estate_trust_estimated
New Jersey,FY2022,25494,estate_trust_estimated
New Jersey,FY2023,18495,estate_trust_estimated
New Jersey,FY2024,19090,estate_trust_estimated
New Jersey,FY2025,24621,estate_trust_estimated
New Jersey,FY2000,20231,excise
New Jersey,FY2001,17886,excise
New Jersey,FY2002,19186,excise
New Jersey,FY2003,18261,excise
New Jersey,FY2004,14576,excise
New Jersey,FY2005,22111,excise
New Jersey,FY2006,18934,excise
New Jersey,FY2007,17891,excise
New Jersey,FY2008,17791,excise
New Jersey,FY2009,16547,excise
New Jersey,FY2010,16704,excise
New Jersey,FY2011,10744,excise
New Jersey,FY2012,22239,excise
New Jersey,FY2013,18807,excise
New Jersey,FY2014,20979,excise
New Jersey,FY2015,23045,excise
New Jersey,FY2016,23198,excise
New Jersey,FY2017,23113,excise
New Jersey,FY2018,23701,excise
New Jersey,FY2019,24966,excise
New Jersey,FY2020,20900,excise
New Jersey,FY2021,29084,excise
New Jersey,FY2022,27177,excise
New Jersey,FY2023,30471,excise
New Jersey,FY2024,28806,excise
New Jersey,FY2025,28312,excise
New Jersey,FY2000,12363,gift_tax
New Jersey,FY2001,11431,gift_tax
New Jersey,FY2002,10907,gift_tax
New Jersey,FY2003,11586,gift_tax
New Jersey,FY2004,10132,gift_tax
New Jersey,FY2005,11359,gift_tax
New Jersey,FY2006,10303,gift_tax
New Jersey,FY2007,9962,gift_tax
New Jersey,FY2008,9721,gift_tax
New Jersey,FY2009,9409,gift_tax
New Jersey,FY2010,8795,gift_tax
New Jersey,FY2011,8158,gift_tax
New Jersey,FY2012,9741,gift_tax
New Jersey,FY2013,11961,gift_tax
New Jersey,FY2014,12848,gift_tax
New Jersey,FY2015,9645,gift_tax
New Jersey,FY2016,9989,gift_tax
New Jersey,FY2017,9585,gift_tax
New Jersey,FY2018,8877,gift_tax
New Jersey,FY2019,8392,gift_tax
New Jersey,FY2020,5108,gift_tax
New Jersey,FY2021,9612,gift_tax
New Jersey,FY2022,9158,gift_tax
New Jersey,FY2023,16145,gift_tax
New Jersey,FY2024,9983,gift_tax
New Jersey,FY2025,9788,gift_tax
New Jersey,FY2000,1411180,individual_estimated
New Jersey,FY2001,1380943,individual_estimated
New Jersey,FY2002,1255404,individual_estimated
New Jersey,FY2003,1066032,individual_estimated
New Jersey,FY2004,1067367.677419355,individual_estimated
New Jersey,FY2005,1019498,individual_estimated
New Jersey,FY2006,1050887,individual_estimated
New Jersey,FY2007,1025121,individual_estimated
New Jersey,FY2008,414595,individual_estimated
New Jersey,FY2009,46600,individual_estimated
New Jersey,FY2010,828657,individual_estimated
New Jersey,FY2011,802421,individual_estimated
New Jersey,FY2012,770159,individual_estimated
New Jersey,FY2013,846221,individual_estimated
New Jersey,FY2014,799742,individual_estimated
New Jersey,FY2015,809478,individual_estimated
New Jersey,FY2016,774504,individual_estimated
New Jersey,FY2017,740501,individual_estimated
New Jersey,FY2018,735197,individual_estimated
New Jersey,FY2019,740499,individual_estimated
New Jersey,FY2020,641975,individual_estimated
New Jersey,FY2021,645503,individual_estimated
New Jersey,FY2022,610653,individual_estimated
New Jersey,FY2023,568944,individual_estimated
New Jersey,FY2024,579554,individual_estimated
New Jersey,FY2025,588571,individual_estimated
New Jersey,FY2000,3989626,individual_income
New Jersey,FY2001,4058609,individual_income
New Jersey,FY2002,4085427,individual_income
New Jersey,FY2003,4071851,individual_income
New Jersey,FY2004,4077830,individual_income
New Jersey,FY2005,4099869,individual_income
New Jersey,FY2006,4119915,individual_income
New Jersey,FY2007,4220282,individual_income
New Jersey,FY2008,4564278,individual_income
New Jersey,FY2009,4320565,individual_income
New Jersey,FY2010,4221772,individual_income
New Jersey,FY2011,4268414,individual_income
New Jersey,FY2012,4319000,individual_income
New Jersey,FY2013,4305486,individual_income
New Jersey,FY2014,4332769,individual_income
New Jersey,FY2015,4349614,individual_income
New Jersey,FY2016,4384240,individual_income
New Jersey,FY2017,4381347,individual_income
New Jersey,FY2018,4428107,individual_income
New Jersey,FY2019,4454752,individual_income
New Jersey,FY2020,4428702,individual_income
New Jersey,FY2021,4768952,individual_income
New Jersey,FY2022,4606237,individual_income
New Jersey,FY2023,4750192,individual_income
New Jersey,FY2024,4642496,individual_income
New Jersey,FY2025,4712671,individual_income
New Jersey,FY2000,83837,partnership
New Jersey,FY2001,84184,partnership
New Jersey,FY2002,91195,partnership
New Jersey,FY2003,97026,partnership
New Jersey,FY2004,103847,partnership
New Jersey,FY2005,112252,partnership
New Jersey,FY2006,117942,partnership
New Jersey,FY2007,128238,partnership
New Jersey,FY2008,136618,partnership
New Jersey,FY2009,147872,partnership
New Jersey,FY2010,146496,partnership
New Jersey,FY2011,145573,partnership
New Jersey,FY2012,161408,partnership
New Jersey,FY2013,157859,partnership
New Jersey,FY2014,163315,partnership
New Jersey,FY2015,166518,partnership
New Jersey,FY2016,171804,partnership
New Jersey,FY2017,175477,partnership
New Jersey,FY2018,180332,partnership
New Jersey,FY2019,171012,partnership
New Jersey,FY2020,197376,partnership
New Jersey,FY2021,197102,partnership
New Jersey,FY2022,201344,partnership
New Jersey,FY2023,216411,partnership
New Jersey,FY2024,214734,partnership
New Jersey,FY2025,220135,partnership
New Jersey,FY2004,132636,s_corporation
New Jersey,FY2005,129158,s_corporation
New Jersey,FY2006,128416,s_corporation
New Jersey,FY2007,131124,s_corporation
New Jersey,FY2008,131268,s_corporation
New Jersey,FY2009,129623,s_corporation
New Jersey,FY2010,124059,s_corporation
New Jersey,FY2011,119021,s_corporation
New Jersey,FY2012,124368,s_corporation
New Jersey,FY2013,118062,s_corporation
New Jersey,FY2014,118768,s_corporation
New Jersey,FY2015,116998,s_corporation
New Jersey,FY2016,117492,s_corporation
New Jersey,FY2017,116541,s_corporation
New Jersey,FY2018,117207,s_corporation
New Jersey,FY2019,118486,s_corporation
New Jersey,FY2020,115281,s_corporation
New Jersey,FY2021,117152,s_corporation
New Jersey,FY2022,121444,s_corporation
New Jersey,FY2023,129396,s_corporation
New Jersey,FY2024,128242,s_corporation
New Jersey,FY2025,130440,s_corporation
New Jersey,FY2000,495461.893356625,supplemental
New Jersey,FY2001,521508.36055018584,supplemental
New Jersey,FY2002,577778.9472147072,supplemental
New Jersey,FY2003,583270.5896576368,supplemental
New Jersey,FY2004,554580.8948539458,supplemental
New Jersey,FY2005,523192,supplemental
New Jersey,FY2006,509992,supplemental
New Jersey,FY2007,566190,supplemental
New Jersey,FY2008,555935,supplemental
New Jersey,FY2009,585719,supplemental
New Jersey,FY2010,581349,supplemental
New Jersey,FY2011,654125.0639362056,supplemental
New Jersey,FY2012,670513,supplemental
New Jersey,FY2013,650739,supplemental
New Jersey,FY2014,631863,supplemental
New Jersey,FY2015,642059,supplemental
New Jersey,FY2016,630069,supplemental
New Jersey,FY2017,702625,supplemental
New Jersey,FY2018,735448,supplemental
New Jersey,FY2019,781737,supplemental
New Jersey,FY2020,546519,supplemental
New Jersey,FY2021,826813,supplemental
New Jersey,FY2022,1120952,supplemental
New Jersey,FY2023,1152835,supplemental
New Jersey,FY2024,1119585.4910103274,supplemental
New Jersey,FY2025,1165909.3129041565,supplemental
New Jersey,FY2000,24032,tax_exempt
New Jersey,FY2001,23497,tax_exempt
New Jersey,FY2002,26029,tax_exempt
New Jersey,FY2003,34131,tax_exempt
New Jersey,FY2004,26372,tax_exempt
New Jersey,FY2005,50785,tax_exempt
New Jersey,FY2006,45353,tax_exempt
New Jersey,FY2007,54742,tax_exempt
New Jersey,FY2008,57814,tax_exempt
New Jersey,FY2009,62200,tax_exempt
New Jersey,FY2010,75167,tax_exempt
New Jersey,FY2011,84106,tax_exempt
New Jersey,FY2012,91290,tax_exempt
New Jersey,FY2013,103284,tax_exempt
New Jersey,FY2014,39934,tax_exempt
New Jersey,FY2015,43098,tax_exempt
New Jersey,FY2016,47563,tax_exempt
New Jersey,FY2017,42701,tax_exempt
New Jersey,FY2018,42753,tax_exempt
New Jersey,FY2019,47093,tax_exempt
New Jersey,FY2020,39574,tax_exempt
New Jersey,FY2021,53562,tax_exempt
New Jersey,FY2022,52138,tax_exempt
New Jersey,FY2023,54856,tax_exempt
New Jersey,FY2024,55029,tax_exempt
New Jersey,FY2025,55255,tax_exempt
New Jersey,FY2000,7489736.893356625,total
New Jersey,FY2001,7514951.360550186,total
New Jersey,FY2002,7470090.947214707,total
New Jersey,FY2003,7285428.730242513,total
New Jersey,FY2004,7278405.242839779,total
New Jersey,FY2005,7281199.818882171,total
New Jersey,FY2006,7319893,total
New Jersey,FY2007,7445112,total
New Jersey,FY2008,7175962,total
New Jersey,FY2009,6569654,total
New Jersey,FY2010,7213843,total
New Jersey,FY2011,7288459.063936206,total
New Jersey,FY2012,7373699,total
New Jersey,FY2013,7423824,total
New Jersey,FY2014,7347485.136884517,total
New Jersey,FY2015,7391663,total
New Jersey,FY2016,7380820,total
New Jersey,FY2017,7398401,total
New Jersey,FY2018,7491893,total
New Jersey,FY2019,7576759,total
New Jersey,FY2020,7092286,total
New Jersey,FY2021,7969874,total
New Jersey,FY2022,7921732,total
New Jersey,FY2023,8257791,total
New Jersey,FY2024,8031312.491010327,total
New Jersey,FY2025,8181387,total
New Mexico,FY2004,11137,c_corporation
New Mexico,FY2005,10770,c_corporation
New Mexico,FY2006,10476,c_corporation
New Mexico,FY2007,10787,c_corporation
New Mexico,FY2008,11016,c_corporation
New Mexico,FY2009,10671,c_corporation
New Mexico,FY2010,10266,c_corporation
New Mexico,FY2011,9764,c_corporation
New Mexico,FY2012,9382,c_corporation
New Mexico,FY2013,9138,c_corporation
New Mexico,FY2014,8871,c_corporation
New Mexico,FY2015,8875,c_corporation
New Mexico,FY2016,8420,c_corporation
New Mexico,FY2017,7828,c_corporation
New Mexico,FY2018,7704,c_corporation
New Mexico,FY2019,7916,c_corporation
New Mexico,FY2020,6014,c_corporation
New Mexico,FY2021,7231,c_corporation
New Mexico,FY2022,8048,c_corporation
New Mexico,FY2023,7775,c_corporation
New Mexico,FY2024,6870,c_corporation
New Mexico,FY2025,7517,c_corporation
New Mexico,FY2000,25658,corporation_total
New Mexico,FY2001,25018,corporation_total
New Mexico,FY2002,27661,corporation_total
New Mexico,FY2003,27893,corporation_total
New Mexico,FY2000,4538,employee_plan
New Mexico,FY2001,3556,employee_plan
New Mexico,FY2000,168790,employment
New Mexico,FY2001,168326,employment
New Mexico,FY2002,168850,employment
New Mexico,FY2003,172102.04884566547,employment
New Mexico,FY2004,176263.6914350583,employment
New Mexico,FY2005,176352,employment
New Mexico,FY2006,179135,employment
New Mexico,FY2007,178455,employment
New Mexico,FY2008,179812,employment
New Mexico,FY2009,178009,employment
New Mexico,FY2010,174603,employment
New Mexico,FY2011,170526,employment
New Mexico,FY2012,168858,employment
New Mexico,FY2013,168074,employment
New Mexico,FY2014,165899,employment
New Mexico,FY2015,164190,employment
New Mexico,FY2016,162657,employment
New Mexico,FY2017,160836,employment
New Mexico,FY2018,160561,employment
New Mexico,FY2019,162977,employment
New Mexico,FY2020,138430,employment
New Mexico,FY2021,169602,employment
New Mexico,FY2022,155752,employment
New Mexico,FY2023,181992,employment
New Mexico,FY2024,165186,employment
New Mexico,FY2025,167789,employment
New Mexico,FY2000,522,estate_tax
New Mexico,FY2001,559,estate_tax
New Mexico,FY2002,537,estate_tax
New Mexico,FY2003,388,estate_tax
New Mexico,FY2004,300,estate_tax
New Mexico,FY2005,278,estate_tax
New Mexico,FY2006,217,estate_tax
New Mexico,FY2007,194,estate_tax
New Mexico,FY2008,187,estate_tax
New Mexico,FY2009,210,estate_tax
New Mexico,FY2010,126,estate_tax
New Mexico,FY2011,60,estate_tax
New Mexico,FY2012,97,estate_tax
New Mexico,FY2013,124,estate_tax
New Mexico,FY2014,119,estate_tax
New Mexico,FY2015,103,estate_tax
New Mexico,FY2016,105,estate_tax
New Mexico,FY2017,97,estate_tax
New Mexico,FY2018,120,estate_tax
New Mexico,FY2019,80,estate_tax
New Mexico,FY2020,37,estate_tax
New Mexico,FY2021,74,estate_tax
New Mexico,FY2022,83,estate_tax
New Mexico,FY2023,151,estate_tax
New Mexico,FY2024,82,estate_tax
New Mexico,FY2025,101,estate_tax
New Mexico,FY2000,10629,estate_trust
New Mexico,FY2001,10062,estate_trust
New Mexico,FY2002,11529,estate_trust
New Mexico,FY2003,10979,estate_trust
New Mexico,FY2004,10868,estate_trust
New Mexico,FY2005,10755,estate_trust
New Mexico,FY2006,10827,estate_trust
New Mexico,FY2007,11049,estate_trust
New Mexico,FY2008,10694,estate_trust
New Mexico,FY2009,11252,estate_trust
New Mexico,FY2010,11071,estate_trust
New Mexico,FY2011,11074,estate_trust
New Mexico,FY2012,10894,estate_trust
New Mexico,FY2013,11213,estate_trust
New Mexico,FY2014,11156,estate_trust
New Mexico,FY2015,11396,estate_trust
New Mexico,FY2016,11031,estate_trust
New Mexico,FY2017,10284,estate_trust
New Mexico,FY2018,10753,estate_trust
New Mexico,FY2019,10593,estate_trust
New Mexico,FY2020,9498,estate_trust
New Mexico,FY2021,11182,estate_trust
New Mexico,FY2022,10034,estate_trust
New Mexico,FY2023,11817,estate_trust
New Mexico,FY2024,10710,estate_trust
New Mexico,FY2025,10972,estate_trust
New Mexico,FY2000,4578,estate_trust_estimated
New Mexico,FY2001,3846,estate_trust_estimated
New Mexico,FY2002,3513,estate_trust_estimated
New Mexico,FY2003,1940,estate_trust_estimated
New Mexico,FY2004,1868,estate_trust_estimated
New Mexico,FY2005,1259.924253940818,estate_trust_estimated
New Mexico,FY2006,2581,estate_trust_estimated
New Mexico,FY2007,3491,estate_trust_estimated
New Mexico,FY2008,4296,estate_trust_estimated
New Mexico,FY2009,2777,estate_trust_estimated
New Mexico,FY2010,1614,estate_trust_estimated
New Mexico,FY2011,1627,estate_trust_estimated
New Mexico,FY2012,1721,estate_trust_estimated
New Mexico,FY2013,2258,estate_trust_estimated
New Mexico,FY2014,2865.620741981058,estate_trust_estimated
New Mexico,FY2015,3344.731183201264,estate_trust_estimated
New Mexico,FY2016,2667,estate_trust_estimated
New Mexico,FY2017,2252,estate_trust_estimated
New Mexico,FY2018,2713,estate_trust_estimated
New Mexico,FY2019,3007,estate_trust_estimated
New Mexico,FY2020,2664,estate_trust_estimated
New Mexico,FY2021,2556,estate_trust_estimated
New Mexico,FY2022,3364,estate_trust_estimated
New Mexico,FY2023,2435,estate_trust_estimated
New Mexico,FY2024,2428,estate_trust_estimated
New Mexico,FY2025,3293,estate_trust_estimated
New Mexico,FY2000,6529,excise
New Mexico,FY2001,5625,excise
New Mexico,FY2002,6184,excise
New Mexico,FY2003,5683,excise
New Mexico,FY2004,4465,excise
New Mexico,FY2005,6986,excise
New Mexico,FY2006,6554,excise
New Mexico,FY2007,6216,excise
New Mexico,FY2008,6031,excise
New Mexico,FY2009,5814,excise
New Mexico,FY2010,5823,excise
New Mexico,FY2011,3507,excise
New Mexico,FY2012,8201,excise
New Mexico,FY2013,5918,excise
New Mexico,FY2014,6071,excise
New Mexico,FY2015,6242,excise
New Mexico,FY2016,5876,excise
New Mexico,FY2017,6163,excise
New Mexico,FY2018,6992,excise
New Mexico,FY2019,7387,excise
New Mexico,FY2020,6096,excise
New Mexico,FY2021,7533,excise
New Mexico,FY2022,7709,excise
New Mexico,FY2023,8158,excise
New Mexico,FY2024,7546,excise
New Mexico,FY2025,7475,excise
New Mexico,FY2000,1141,gift_tax
New Mexico,FY2001,1068,gift_tax
New Mexico,FY2002,995,gift_tax
New Mexico,FY2003,1052,gift_tax
New Mexico,FY2004,963,gift_tax
New Mexico,FY2005,1022,gift_tax
New Mexico,FY2006,878,gift_tax
New Mexico,FY2007,952,gift_tax
New Mexico,FY2008,975,gift_tax
New Mexico,FY2009,1049,gift_tax
New Mexico,FY2010,892,gift_tax
New Mexico,FY2011,788,gift_tax
New Mexico,FY2012,1015,gift_tax
New Mexico,FY2013,1381,gift_tax
New Mexico,FY2014,1341,gift_tax
New Mexico,FY2015,1029,gift_tax
New Mexico,FY2016,1030,gift_tax
New Mexico,FY2017,991,gift_tax
New Mexico,FY2018,1085,gift_tax
New Mexico,FY2019,1055,gift_tax
New Mexico,FY2020,684,gift_tax
New Mexico,FY2021,1165,gift_tax
New Mexico,FY2022,981,gift_tax
New Mexico,FY2023,2266,gift_tax
New Mexico,FY2024,1276,gift_tax
New Mexico,FY2025,1296,gift_tax
New Mexico,FY2000,204652,individual_estimated
New Mexico,FY2001,190094,individual_estimated
New Mexico,FY2002,199684,individual_estimated
New Mexico,FY2003,167034,individual_estimated
New Mexico,FY2004,169885.82258064515,individual_estimated
New Mexico,FY2005,163216,individual_estimated
New Mexico,FY2006,173261,individual_estimated
New Mexico,FY2007,180179,individual_estimated
New Mexico,FY2008,185404,individual_estimated
New Mexico,FY2009,175087,individual_estimated
New Mexico,FY2010,145361,individual_estimated
New Mexico,FY2011,145029,individual_estimated
New Mexico,FY2012,135928,individual_estimated
New Mexico,FY2013,151130,individual_estimated
New Mexico,FY2014,140197,individual_estimated
New Mexico,FY2015,142224,individual_estimated
New Mexico,FY2016,133974,individual_estimated
New Mexico,FY2017,128413,individual_estimated
New Mexico,FY2018,130232,individual_estimated
New Mexico,FY2019,128988,individual_estimated
New Mexico,FY2020,81662,individual_estimated
New Mexico,FY2021,10975,individual_estimated
New Mexico,FY2022,70943,individual_estimated
New Mexico,FY2023,102228,individual_estimated
New Mexico,FY2024,109474,individual_estimated
New Mexico,FY2025,110952,individual_estimated
New Mexico,FY2000,777889,individual_income
New Mexico,FY2001,724526,individual_income
New Mexico,FY2002,849761,individual_income
New Mexico,FY2003,804236,individual_income
New Mexico,FY2004,814286,individual_income
New Mexico,FY2005,824600,individual_income
New Mexico,FY2006,836083,individual_income
New Mexico,FY2007,884590,individual_income
New Mexico,FY2008,978795,individual_income
New Mexico,FY2009,925510,individual_income
New Mexico,FY2010,907605,individual_income
New Mexico,FY2011,910968,individual_income
New Mexico,FY2012,912132,individual_income
New Mexico,FY2013,907349,individual_income
New Mexico,FY2014,906337,individual_income
New Mexico,FY2015,911996,individual_income
New Mexico,FY2016,917077,individual_income
New Mexico,FY2017,907178,individual_income
New Mexico,FY2018,919275,individual_income
New Mexico,FY2019,925782,individual_income
New Mexico,FY2020,964271,individual_income
New Mexico,FY2021,1024532,individual_income
New Mexico,FY2022,990354,individual_income
New Mexico,FY2023,1012834,individual_income
New Mexico,FY2024,979315,individual_income
New Mexico,FY2025,995415,individual_income
New Mexico,FY2000,12154,partnership
New Mexico,FY2001,11848,partnership
New Mexico,FY2002,13650,partnership
New Mexico,FY2003,13682,partnership
New Mexico,FY2004,14561,partnership
New Mexico,FY2005,15174,partnership
New Mexico,FY2006,15373,partnership
New Mexico,FY2007,17255,partnership
New Mexico,FY2008,18520,partnership
New Mexico,FY2009,19800,partnership
New Mexico,FY2010,19207,partnership
New Mexico,FY2011,19483,partnership
New Mexico,FY2012,19212,partnership
New Mexico,FY2013,19161,partnership
New Mexico,FY2014,19370,partnership
New Mexico,FY2015,19613,partnership
New Mexico,FY2016,19758,partnership
New Mexico,FY2017,19614,partnership
New Mexico,FY2018,19652,partnership
New Mexico,FY2019,17926,partnership
New Mexico,FY2020,18818,partnership
New Mexico,FY2021,20791,partnership
New Mexico,FY2022,18872,partnership
New Mexico,FY2023,21974,partnership
New Mexico,FY2024,20666,partnership
New Mexico,FY2025,21124,partnership
New Mexico,FY2004,16657,s_corporation
New Mexico,FY2005,16754,s_corporation
New Mexico,FY2006,17861,s_corporation
New Mexico,FY2007,19120,s_corporation
New Mexico,FY2008,20748,s_corporation
New Mexico,FY2009,20785,s_corporation
New Mexico,FY2010,21081,s_corporation
New Mexico,FY2011,21183,s_corporation
New Mexico,FY2012,20978,s_corporation
New Mexico,FY2013,20768,s_corporation
New Mexico,FY2014,20793,s_corporation
New Mexico,FY2015,20833,s_corporation
New Mexico,FY2016,20948,s_corporation
New Mexico,FY2017,20994,s_corporation
New Mexico,FY2018,21368,s_corporation
New Mexico,FY2019,21509,s_corporation
New Mexico,FY2020,20363,s_corporation
New Mexico,FY2021,21368,s_corporation
New Mexico,FY2022,23108,s_corporation
New Mexico,FY2023,23599,s_corporation
New Mexico,FY2024,23133,s_corporation
New Mexico,FY2025,23763,s_corporation
New Mexico,FY2000,82293,supplemental
New Mexico,FY2001,76033,supplemental
New Mexico,FY2002,111191,supplemental
New Mexico,FY2003,112980.71487341584,supplemental
New Mexico,FY2004,114859.53678126962,supplemental
New Mexico,FY2005,117414,supplemental
New Mexico,FY2006,108470,supplemental
New Mexico,FY2007,115221,supplemental
New Mexico,FY2008,120892,supplemental
New Mexico,FY2009,127461,supplemental
New Mexico,FY2010,116170,supplemental
New Mexico,FY2011,127800.36397785076,supplemental
New Mexico,FY2012,126921,supplemental
New Mexico,FY2013,127956,supplemental
New Mexico,FY2014,119145,supplemental
New Mexico,FY2015,122341,supplemental
New Mexico,FY2016,119239,supplemental
New Mexico,FY2017,129185,supplemental
New Mexico,FY2018,133717,supplemental
New Mexico,FY2019,138168,supplemental
New Mexico,FY2020,94628,supplemental
New Mexico,FY2021,128133,supplemental
New Mexico,FY2022,182935,supplemental
New Mexico,FY2023,191315,supplemental
New Mexico,FY2024,179531.48085837334,supplemental
New Mexico,FY2025,190700.8820844599,supplemental
New Mexico,FY2000,3862,tax_exempt
New Mexico,FY2001,3942,tax_exempt
New Mexico,FY2002,4301,tax_exempt
New Mexico,FY2003,4491,tax_exempt
New Mexico,FY2004,4655,tax_exempt
New Mexico,FY2005,4549,tax_exempt
New Mexico,FY2006,4725,tax_exempt
New Mexico,FY2007,4959,tax_exempt
New Mexico,FY2008,5122,tax_exempt
New Mexico,FY2009,6549,tax_exempt
New Mexico,FY2010,8020,tax_exempt
New Mexico,FY2011,7939,tax_exempt
New Mexico,FY2012,7913,tax_exempt
New Mexico,FY2013,8376,tax_exempt
New Mexico,FY2014,8385,tax_exempt
New Mexico,FY2015,8627,tax_exempt
New Mexico,FY2016,8171,tax_exempt
New Mexico,FY2017,8487,tax_exempt
New Mexico,FY2018,8737,tax_exempt
New Mexico,FY2019,8726,tax_exempt
New Mexico,FY2020,7518,tax_exempt
New Mexico,FY2021,8757,tax_exempt
New Mexico,FY2022,8968,tax_exempt
New Mexico,FY2023,8882,tax_exempt
New Mexico,FY2024,8847,tax_exempt
New Mexico,FY2025,8858,tax_exempt
New Mexico,FY2000,1303235,total
New Mexico,FY2001,1224503,total
New Mexico,FY2002,1397856,total
New Mexico,FY2003,1322460.7637190814,total
New Mexico,FY2004,1340769.050796973,total
New Mexico,FY2005,1349129.9242539408,total
New Mexico,FY2006,1366441,total
New Mexico,FY2007,1432468,total
New Mexico,FY2008,1542492,total
New Mexico,FY2009,1484974,total
New Mexico,FY2010,1421839,total
New Mexico,FY2011,1429748.3639778506,total
New Mexico,FY2012,1423252,total
New Mexico,FY2013,1432846,total
New Mexico,FY2014,1410549.620741981,total
New Mexico,FY2015,1420814,total
New Mexico,FY2016,1410953,total
New Mexico,FY2017,1402322,total
New Mexico,FY2018,1422909,total
New Mexico,FY2019,1434114,total
New Mexico,FY2020,1350683,total
New Mexico,FY2021,1413899,total
New Mexico,FY2022,1481151,total
New Mexico,FY2023,1575426,total
New Mexico,FY2024,1515064.4808583737,total
New Mexico,FY2025,1549256,total
New York,FY2004,237065,c_corporation
New York,FY2005,233101,c_corporation
New York,FY2006,230524,c_corporation
New York,FY2007,232824,c_corporation
New York,FY2008,232985,c_corporation
New York,FY2009,247455,c_corporation
New York,FY2010,233520,c_corporation
New York,FY2011,255685,c_corporation
New York,FY2012,250701,c_corporation
New York,FY2013,247078,c_corporation
New York,FY2014,250046,c_corporation
New York,FY2015,260067,c_corporation
New York,FY2016,268204,c_corporation
New York,FY2017,250003,c_corporation
New York,FY2018,258099,c_corporation
New York,FY2019,271542,c_corporation
New York,FY2020,253761,c_corporation
New York,FY2021,293241,c_corporation
New York,FY2022,286420,c_corporation
New York,FY2023,322853,c_corporation
New York,FY2024,305223,c_corporation
New York,FY2025,329084,c_corporation
New York,FY2000,525917,corporation_total
New York,FY2001,504799,corporation_total
New York,FY2002,533568,corporation_total
New York,FY2003,553814,corporation_total
New York,FY2000,104163,employee_plan
New York,FY2001,83608,employee_plan
New York,FY2000,2116126,employment
New York,FY2001,2117278,employment
New York,FY2002,2130199,employment
New York,FY2003,2199655.2563861315,employment
New York,FY2004,2223679.767756601,employment
New York,FY2005,2248437,employment
New York,FY2006,2250073,employment
New York,FY2007,2210953,employment
New York,FY2008,2211969,employment
New York,FY2009,2211451,employment
New York,FY2010,2217427,employment
New York,FY2011,2227746,employment
New York,FY2012,2250119,employment
New York,FY2013,2270086,employment
New York,FY2014,2303083,employment
New York,FY2015,2304267,employment
New York,FY2016,2306032,employment
New York,FY2017,2322202,employment
New York,FY2018,2329822,employment
New York,FY2019,2345100,employment
New York,FY2020,2069998,employment
New York,FY2021,2465249,employment
New York,FY2022,2156356,employment
New York,FY2023,2562915,employment
New York,FY2024,2339509,employment
New York,FY2025,2335665,employment
New York,FY2000,9695,estate_tax
New York,FY2001,8951,estate_tax
New York,FY2002,8713,estate_tax
New York,FY2003,7108,estate_tax
New York,FY2004,5589,estate_tax
New York,FY2005,5374,estate_tax
New York,FY2006,4828,estate_tax
New York,FY2007,4310,estate_tax
New York,FY2008,4135,estate_tax
New York,FY2009,4294,estate_tax
New York,FY2010,3134,estate_tax
New York,FY2011,1525,estate_tax
New York,FY2012,3076,estate_tax
New York,FY2013,3422,estate_tax
New York,FY2014,3873,estate_tax
New York,FY2015,3454,estate_tax
New York,FY2016,3042,estate_tax
New York,FY2017,2663,estate_tax
New York,FY2018,2526,estate_tax
New York,FY2019,2014,estate_tax
New York,FY2020,1129,estate_tax
New York,FY2021,1954,estate_tax
New York,FY2022,1825,estate_tax
New York,FY2023,3058,estate_tax
New York,FY2024,1915,estate_tax
New York,FY2025,1697,estate_tax
New York,FY2000,278503,estate_trust
New York,FY2001,283576,estate_trust
New York,FY2002,290379,estate_trust
New York,FY2003,284475,estate_trust
New York,FY2004,322914,estate_trust
New York,FY2005,309727,estate_trust
New York,FY2006,307290,estate_trust
New York,FY2007,317351,estate_trust
New York,FY2008,292542,estate_trust
New York,FY2009,275622,estate_trust
New York,FY2010,273326,estate_trust
New York,FY2011,286125,estate_trust
New York,FY2012,285557,estate_trust
New York,FY2013,290236,estate_trust
New York,FY2014,285032,estate_trust
New York,FY2015,289829,estate_trust
New York,FY2016,293881,estate_trust
New York,FY2017,278293,estate_trust
New York,FY2018,290854,estate_trust
New York,FY2019,289964,estate_trust
New York,FY2020,285500,estate_trust
New York,FY2021,298461,estate_trust
New York,FY2022,270046,estate_trust
New York,FY2023,305530,estate_trust
New York,FY2024,300245,estate_trust
New York,FY2025,303634,estate_trust
New York,FY2000,68755,estate_trust_estimated
New York,FY2001,68522,estate_trust_estimated
New York,FY2002,53035,estate_trust_estimated
New York,FY2003,52069,estate_trust_estimated
New York,FY2004,61233,estate_trust_estimated
New York,FY2005,45820.18845542917,estate_trust_estimated
New York,FY2006,51688,estate_trust_estimated
New York,FY2007,63076,estate_trust_estimated
New York,FY2008,70882,estate_trust_estimated
New York,FY2009,36178,estate_trust_estimated
New York,FY2010,23712,estate_trust_estimated
New York,FY2011,27192,estate_trust_estimated
New York,FY2012,28216,estate_trust_estimated
New York,FY2013,38527,estate_trust_estimated
New York,FY2014,41583.81978964994,estate_trust_estimated
New York,FY2015,51259.38352975062,estate_trust_estimated
New York,FY2016,43668,estate_trust_estimated
New York,FY2017,37610,estate_trust_estimated
New York,FY2018,46708,estate_trust_estimated
New York,FY2019,49578,estate_trust_estimated
New York,FY2020,39783,estate_trust_estimated
New York,FY2021,41891,estate_trust_estimated
New York,FY2022,49787,estate_trust_estimated
New York,FY2023,33842,estate_trust_estimated
New York,FY2024,36651,estate_trust_estimated
New York,FY2025,48440,estate_trust_estimated
New York,FY2000,27778,excise
New York,FY2001,23920,excise
New York,FY2002,25867,excise
New York,FY2003,23525,excise
New York,FY2004,17276,excise
New York,FY2005,28841,excise
New York,FY2006,24114,excise
New York,FY2007,22796,excise
New York,FY2008,23524,excise
New York,FY2009,21813,excise
New York,FY2010,22028,excise
New York,FY2011,14300,excise
New York,FY2012,30286,excise
New York,FY2013,23976,excise
New York,FY2014,27570,excise
New York,FY2015,27929,excise
New York,FY2016,27582,excise
New York,FY2017,26963,excise
New York,FY2018,27126,excise
New York,FY2019,27470,excise
New York,FY2020,21307,excise
New York,FY2021,32364,excise
New York,FY2022,27403,excise
New York,FY2023,32189,excise
New York,FY2024,29751,excise
New York,FY2025,29521,excise
New York,FY2000,25618,gift_tax
New York,FY2001,24476,gift_tax
New York,FY2002,22551,gift_tax
New York,FY2003,23904,gift_tax
New York,FY2004,21207,gift_tax
New York,FY2005,23745,gift_tax
New York,FY2006,21926,gift_tax
New York,FY2007,20724,gift_tax
New York,FY2008,20527,gift_tax
New York,FY2009,20411,gift_tax
New York,FY2010,19171,gift_tax
New York,FY2011,17575,gift_tax
New York,FY2012,21377,gift_tax
New York,FY2013,27173,gift_tax
New York,FY2014,30203,gift_tax
New York,FY2015,21035,gift_tax
New York,FY2016,21676,gift_tax
New York,FY2017,20821,gift_tax
New York,FY2018,21017,gift_tax
New York,FY2019,20183,gift_tax
New York,FY2020,13083,gift_tax
New York,FY2021,23462,gift_tax
New York,FY2022,23874,gift_tax
New York,FY2023,38537,gift_tax
New York,FY2024,24387,gift_tax
New York,FY2025,23770,gift_tax
New York,FY2000,2592907,individual_estimated
New York,FY2001,2423601,individual_estimated
New York,FY2002,2324502,individual_estimated
New York,FY2003,1476949,individual_estimated
New York,FY2004,1583208.822580645,individual_estimated
New York,FY2005,1804777,individual_estimated
New York,FY2006,1846821,individual_estimated
New York,FY2007,1871038,individual_estimated
New York,FY2008,1921713,individual_estimated
New York,FY2009,737340,individual_estimated
New York,FY2010,1434464,individual_estimated
New York,FY2011,1415625,individual_estimated
New York,FY2012,1351411,individual_estimated
New York,FY2013,1479040,individual_estimated
New York,FY2014,1403518,individual_estimated
New York,FY2015,1420625,individual_estimated
New York,FY2016,1351169,individual_estimated
New York,FY2017,1286015,individual_estimated
New York,FY2018,1285513,individual_estimated
New York,FY2019,1284502,individual_estimated
New York,FY2020,1069023,individual_estimated
New York,FY2021,1058725,individual_estimated
New York,FY2022,1017892,individual_estimated
New York,FY2023,939890,individual_estimated
New York,FY2024,958011,individual_estimated
New York,FY2025,977197,individual_estimated
New York,FY2000,8420484,individual_income
New York,FY2001,8573132,individual_income
New York,FY2002,8647067,individual_income
New York,FY2003,8626838,individual_income
New York,FY2004,8576821,individual_income
New York,FY2005,8613865,individual_income
New York,FY2006,8649945,individual_income
New York,FY2007,8939368,individual_income
New York,FY2008,9855141,individual_income
New York,FY2009,9271451,individual_income
New York,FY2010,9072189,individual_income
New York,FY2011,9243325,individual_income
New York,FY2012,9354490,individual_income
New York,FY2013,9388584,individual_income
New York,FY2014,9466459,individual_income
New York,FY2015,9533229,individual_income
New York,FY2016,9613550,individual_income
New York,FY2017,9604848,individual_income
New York,FY2018,9702190,individual_income
New York,FY2019,9753204,individual_income
New York,FY2020,9876724,individual_income
New York,FY2021,10315935,individual_income
New York,FY2022,9941177,individual_income
New York,FY2023,9930879,individual_income
New York,FY2024,9792613,individual_income
New York,FY2025,9943062,individual_income
New York,FY2000,148599,partnership
New York,FY2001,147064,partnership
New York,FY2002,157723,partnership
New York,FY2003,165766,partnership
New York,FY2004,171782,partnership
New York,FY2005,182383,partnership
New York,FY2006,189661,partnership
New York,FY2007,206330,partnership
New York,FY2008,222233,partnership
New York,FY2009,254571,partnership
New York,FY2010,242854,partnership
New York,FY2011,248838,partnership
New York,FY2012,265937,partnership
New York,FY2013,268643,partnership
New York,FY2014,280754,partnership
New York,FY2015,292911,partnership
New York,FY2016,309082,partnership
New York,FY2017,321680,partnership
New York,FY2018,336208,partnership
New York,FY2019,308926,partnership
New York,FY2020,394108,partnership
New York,FY2021,374513,partnership
New York,FY2022,389953,partnership
New York,FY2023,416826,partnership
New York,FY2024,421912,partnership
New York,FY2025,433623,partnership
New York,FY2004,329447,s_corporation
New York,FY2005,331895,s_corporation
New York,FY2006,343383,s_corporation
New York,FY2007,358660,s_corporation
New York,FY2008,373099,s_corporation
New York,FY2009,395658,s_corporation
New York,FY2010,383414,s_corporation
New York,FY2011,390386,s_corporation
New York,FY2012,404537,s_corporation
New York,FY2013,390572,s_corporation
New York,FY2014,396369,s_corporation
New York,FY2015,402046,s_corporation
New York,FY2016,405038,s_corporation
New York,FY2017,410022,s_corporation
New York,FY2018,413354,s_corporation
New York,FY2019,419526,s_corporation
New York,FY2020,412886,s_corporation
New York,FY2021,417066,s_corporation
New York,FY2022,422295,s_corporation
New York,FY2023,447488,s_corporation
New York,FY2024,438543,s_corporation
New York,FY2025,440562,s_corporation
New York,FY2000,1001691.4835706028,supplemental
New York,FY2001,1027203.335766378,supplemental
New York,FY2002,1155743.8262250912,supplemental
New York,FY2003,1153802.5609989446,supplemental
New York,FY2004,1119884.162432143,supplemental
New York,FY2005,1177855,supplemental
New York,FY2006,1105457,supplemental
New York,FY2007,1219649,supplemental
New York,FY2008,1255795,supplemental
New York,FY2009,1200173,supplemental
New York,FY2010,1194945,supplemental
New York,FY2011,1354013.2189738392,supplemental
New York,FY2012,1380786,supplemental
New York,FY2013,1328203,supplemental
New York,FY2014,1285112,supplemental
New York,FY2015,1340301,supplemental
New York,FY2016,1330743,supplemental
New York,FY2017,1428767,supplemental
New York,FY2018,1484076,supplemental
New York,FY2019,1527471,supplemental
New York,FY2020,1199190,supplemental
New York,FY2021,1555740,supplemental
New York,FY2022,2339090,supplemental
New York,FY2023,2370429,supplemental
New York,FY2024,2254727.450781605,supplemental
New York,FY2025,2354785.4408438336,supplemental
New York,FY2000,60021,tax_exempt
New York,FY2001,58410,tax_exempt
New York,FY2002,61265,tax_exempt
New York,FY2003,63690,tax_exempt
New York,FY2004,63805,tax_exempt
New York,FY2005,62571,tax_exempt
New York,FY2006,63902,tax_exempt
New York,FY2007,68148,tax_exempt
New York,FY2008,65783,tax_exempt
New York,FY2009,76644,tax_exempt
New York,FY2010,85719,tax_exempt
New York,FY2011,86999,tax_exempt
New York,FY2012,87159,tax_exempt
New York,FY2013,89008,tax_exempt
New York,FY2014,93076,tax_exempt
New York,FY2015,98565,tax_exempt
New York,FY2016,93536,tax_exempt
New York,FY2017,93659,tax_exempt
New York,FY2018,97401,tax_exempt
New York,FY2019,98680,tax_exempt
New York,FY2020,85559,tax_exempt
New York,FY2021,104572,tax_exempt
New York,FY2022,122266,tax_exempt
New York,FY2023,115745,tax_exempt
New York,FY2024,124267,tax_exempt
New York,FY2025,122329,tax_exempt
New York,FY2000,15380257.483570602,total
New York,FY2001,15344540.33576638,total
New York,FY2002,15410612.82622509,total
New York,FY2003,14631595.817385076,total
New York,FY2004,14733911.75276939,total
New York,FY2005,15068391.188455429,total
New York,FY2006,15089612,total
New York,FY2007,15535227,total
New York,FY2008,16550328,total
New York,FY2009,14753061,total
New York,FY2010,15205903,total
New York,FY2011,15569334.21897384,total
New York,FY2012,15713652,total
New York,FY2013,15844548,total
New York,FY2014,15866678.81978965,total
New York,FY2015,16045517,total
New York,FY2016,16067203,total
New York,FY2017,16083546,total
New York,FY2018,16294894,total
New York,FY2019,16398160,total
New York,FY2020,15722051,total
New York,FY2021,16983173,total
New York,FY2022,17048384,total
New York,FY2023,17520181,total
New York,FY2024,17027754.450781606,total
New York,FY2025,17343369,total
North Carolina,FY2004,63137,c_corporation
North Carolina,FY2005,62015,c_corporation
North Carolina,FY2006,61376,c_corporation
North Carolina,FY2007,62817,c_corporation
North Carolina,FY2008,61876,c_corporation
North Carolina,FY2009,63605,c_corporation
North Carolina,FY2010,58426,c_corporation
North Carolina,FY2011,56573,c_corporation
North Carolina,FY2012,55541,c_corporation
North Carolina,FY2013,54141,c_corporation
North Carolina,FY2014,53382,c_corporation
North Carolina,FY2015,53070,c_corporation
North Carolina,FY2016,53012,c_corporation
North Carolina,FY2017,49354,c_corporation
North Carolina,FY2018,50356,c_corporation
North Carolina,FY2019,51183,c_corporation
North Carolina,FY2020,40882,c_corporation
North Carolina,FY2021,54577,c_corporation
North Carolina,FY2022,45279,c_corporation
North Carolina,FY2023,62548,c_corporation
North Carolina,FY2024,52806,c_corporation
North Carolina,FY2025,53208,c_corporation
North Carolina,FY2000,141815,corporation_total
North Carolina,FY2001,144023,corporation_total
North Carolina,FY2002,151310,corporation_total
North Carolina,FY2003,156721,corporation_total
North Carolina,FY2000,29028,employee_plan
North Carolina,FY2001,19569,employee_plan
North Carolina,FY2000,786507,employment
North Carolina,FY2001,791200,employment
North Carolina,FY2002,796161,employment
North Carolina,FY2003,819897.9534525125,employment
North Carolina,FY2004,828726.7314428609,employment
North Carolina,FY2005,846400,employment
North Carolina,FY2006,861172,employment
North Carolina,FY2007,856038,employment
North Carolina,FY2008,863194,employment
North Carolina,FY2009,848817,employment
North Carolina,FY2010,839225,employment
North Carolina,FY2011,828861,employment
North Carolina,FY2012,826309,employment
North Carolina,FY2013,836229,employment
North Carolina,FY2014,833584,employment
North Carolina,FY2015,829773,employment
North Carolina,FY2016,841979,employment
North Carolina,FY2017,854768,employment
North Carolina,FY2018,867865,employment
North Carolina,FY2019,887418,employment
North Carolina,FY2020,777163,employment
North Carolina,FY2021,990665,employment
North Carolina,FY2022,862552,employment
North Carolina,FY2023,1083428,employment
North Carolina,FY2024,988371,employment
North Carolina,FY2025,995895,employment
North Carolina,FY2000,2962,estate_tax
North Carolina,FY2001,2882,estate_tax
North Carolina,FY2002,3087,estate_tax
North Carolina,FY2003,2291,estate_tax
North Carolina,FY2004,1767,estate_tax
North Carolina,FY2005,1567,estate_tax
North Carolina,FY2006,1306,estate_tax
North Carolina,FY2007,1224,estate_tax
North Carolina,FY2008,1106,estate_tax
North Carolina,FY2009,1115,estate_tax
North Carolina,FY2010,539,estate_tax
North Carolina,FY2011,200,estate_tax
North Carolina,FY2012,618,estate_tax
North Carolina,FY2013,737,estate_tax
North Carolina,FY2014,777,estate_tax
North Carolina,FY2015,797,estate_tax
North Carolina,FY2016,771,estate_tax
North Carolina,FY2017,699,estate_tax
North Carolina,FY2018,792,estate_tax
North Carolina,FY2019,670,estate_tax
North Carolina,FY2020,543,estate_tax
North Carolina,FY2021,847,estate_tax
North Carolina,FY2022,677,estate_tax
North Carolina,FY2023,1403,estate_tax
North Carolina,FY2024,798,estate_tax
North Carolina,FY2025,567,estate_tax
North Carolina,FY2000,65072,estate_trust
North Carolina,FY2001,73178,estate_trust
North Carolina,FY2002,77131,estate_trust
North Carolina,FY2003,73418,estate_trust
North Carolina,FY2004,69774,estate_trust
North Carolina,FY2005,68704,estate_trust
North Carolina,FY2006,68525,estate_trust
North Carolina,FY2007,70462,estate_trust
North Carolina,FY2008,71780,estate_trust
North Carolina,FY2009,72983,estate_trust
North Carolina,FY2010,65753,estate_trust
North Carolina,FY2011,55098,estate_trust
North Carolina,FY2012,52421,estate_trust
North Carolina,FY2013,55610,estate_trust
North Carolina,FY2014,61725,estate_trust
North Carolina,FY2015,61529,estate_trust
North Carolina,FY2016,64028,estate_trust
North Carolina,FY2017,61636,estate_trust
North Carolina,FY2018,55125,estate_trust
North Carolina,FY2019,55919,estate_trust
North Carolina,FY2020,50283,estate_trust
North Carolina,FY2021,58380,estate_trust
North Carolina,FY2022,50565,estate_trust
North Carolina,FY2023,61427,estate_trust
North Carolina,FY2024,56007,estate_trust
North Carolina,FY2025,57047,estate_trust
North Carolina,FY2000,15301,estate_trust_estimated
North Carolina,FY2001,15168,estate_trust_estimated
North Carolina,FY2002,10651,estate_trust_estimated
North Carolina,FY2003,17313,estate_trust_estimated
North Carolina,FY2004,17126,estate_trust_estimated
North Carolina,FY2005,12334.97749044496,estate_trust_estimated
North Carolina,FY2006,10286,estate_trust_estimated
North Carolina,FY2007,12757,estate_trust_estimated
North Carolina,FY2008,16457,estate_trust_estimated
North Carolina,FY2009,8792,estate_trust_estimated
North Carolina,FY2010,5919,estate_trust_estimated
North Carolina,FY2011,6535,estate_trust_estimated
North Carolina,FY2012,6960,estate_trust_estimated
North Carolina,FY2013,9494,estate_trust_estimated
North Carolina,FY2014,11677.943174088225,estate_trust_estimated
North Carolina,FY2015,13603.27427556482,estate_trust_estimated
North Carolina,FY2016,11841,estate_trust_estimated
North Carolina,FY2017,10542,estate_trust_estimated
North Carolina,FY2018,13342,estate_trust_estimated
North Carolina,FY2019,14110,estate_trust_estimated
North Carolina,FY2020,12178,estate_trust_estimated
North Carolina,FY2021,12559,estate_trust_estimated
North Carolina,FY2022,16341,estate_trust_estimated
North Carolina,FY2023,11867,estate_trust_estimated
North Carolina,FY2024,12428,estate_trust_estimated
North Carolina,FY2025,15619,estate_trust_estimated
North Carolina,FY2000,28640,excise
North Carolina,FY2001,24133,excise
North Carolina,FY2002,27709,excise
North Carolina,FY2003,24739,excise
North Carolina,FY2004,19629,excise
North Carolina,FY2005,34363,excise
North Carolina,FY2006,29760,excise
North Carolina,FY2007,29511,excise
North Carolina,FY2008,26438,excise
North Carolina,FY2009,23817,excise
North Carolina,FY2010,25261,excise
North Carolina,FY2011,16342,excise
North Carolina,FY2012,34941,excise
North Carolina,FY2013,26600,excise
North Carolina,FY2014,29454,excise
North Carolina,FY2015,31045,excise
North Carolina,FY2016,31412,excise
North Carolina,FY2017,31591,excise
North Carolina,FY2018,32938,excise
North Carolina,FY2019,33125,excise
North Carolina,FY2020,27235,excise
North Carolina,FY2021,42680,excise
North Carolina,FY2022,37786,excise
North Carolina,FY2023,38544,excise
North Carolina,FY2024,35704,excise
North Carolina,FY2025,34929,excise
North Carolina,FY2000,7754,gift_tax
North Carolina,FY2001,7825,gift_tax
North Carolina,FY2002,7282,gift_tax
North Carolina,FY2003,7500,gift_tax
North Carolina,FY2004,6058,gift_tax
North Carolina,FY2005,6833,gift_tax
North Carolina,FY2006,6462,gift_tax
North Carolina,FY2007,6300,gift_tax
North Carolina,FY2008,6448,gift_tax
North Carolina,FY2009,5550,gift_tax
North Carolina,FY2010,5573,gift_tax
North Carolina,FY2011,4903,gift_tax
North Carolina,FY2012,5673,gift_tax
North Carolina,FY2013,6736,gift_tax
North Carolina,FY2014,7114,gift_tax
North Carolina,FY2015,5426,gift_tax
North Carolina,FY2016,5849,gift_tax
North Carolina,FY2017,5854,gift_tax
North Carolina,FY2018,5958,gift_tax
North Carolina,FY2019,5604,gift_tax
North Carolina,FY2020,3897,gift_tax
North Carolina,FY2021,6886,gift_tax
North Carolina,FY2022,6092,gift_tax
North Carolina,FY2023,13019,gift_tax
North Carolina,FY2024,7935,gift_tax
North Carolina,FY2025,8021,gift_tax
North Carolina,FY2000,985226,individual_estimated
North Carolina,FY2001,964542,individual_estimated
North Carolina,FY2002,841179,individual_estimated
North Carolina,FY2003,781001,individual_estimated
North Carolina,FY2004,773056.0645161291,individual_estimated
North Carolina,FY2005,749971,individual_estimated
North Carolina,FY2006,786448,individual_estimated
North Carolina,FY2007,778359,individual_estimated
North Carolina,FY2008,791674,individual_estimated
North Carolina,FY2009,739994,individual_estimated
North Carolina,FY2010,615400,individual_estimated
North Carolina,FY2011,601897,individual_estimated
North Carolina,FY2012,579781,individual_estimated
North Carolina,FY2013,642809,individual_estimated
North Carolina,FY2014,619678,individual_estimated
North Carolina,FY2015,641480,individual_estimated
North Carolina,FY2016,621455,individual_estimated
North Carolina,FY2017,608435,individual_estimated
North Carolina,FY2018,613678,individual_estimated
North Carolina,FY2019,620406,individual_estimated
North Carolina,FY2020,568763,individual_estimated
North Carolina,FY2021,554827,individual_estimated
North Carolina,FY2022,553281,individual_estimated
North Carolina,FY2023,520976,individual_estimated
North Carolina,FY2024,534384,individual_estimated
North Carolina,FY2025,528939,individual_estimated
North Carolina,FY2000,3569706,individual_income
North Carolina,FY2001,3629895,individual_income
North Carolina,FY2002,3649566,individual_income
North Carolina,FY2003,3632401,individual_income
North Carolina,FY2004,3672896,individual_income
North Carolina,FY2005,3762836,individual_income
North Carolina,FY2006,3836959,individual_income
North Carolina,FY2007,3994348,individual_income
North Carolina,FY2008,4586300,individual_income
North Carolina,FY2009,4202065,individual_income
North Carolina,FY2010,4112964,individual_income
North Carolina,FY2011,4173493,individual_income
North Carolina,FY2012,4262480,individual_income
North Carolina,FY2013,4277482,individual_income
North Carolina,FY2014,4318220,individual_income
North Carolina,FY2015,4381105,individual_income
North Carolina,FY2016,4456900,individual_income
North Carolina,FY2017,4478839,individual_income
North Carolina,FY2018,4558998,individual_income
North Carolina,FY2019,4595493,individual_income
North Carolina,FY2020,4764639,individual_income
North Carolina,FY2021,5117233,individual_income
North Carolina,FY2022,4910678,individual_income
North Carolina,FY2023,5019561,individual_income
North Carolina,FY2024,4922651,individual_income
North Carolina,FY2025,4981748,individual_income
North Carolina,FY2000,51776,partnership
North Carolina,FY2001,54062,partnership
North Carolina,FY2002,57220,partnership
North Carolina,FY2003,60804,partnership
North Carolina,FY2004,64851,partnership
North Carolina,FY2005,70131,partnership
North Carolina,FY2006,72585,partnership
North Carolina,FY2007,82053,partnership
North Carolina,FY2008,88792,partnership
North Carolina,FY2009,92662,partnership
North Carolina,FY2010,93130,partnership
North Carolina,FY2011,93017,partnership
North Carolina,FY2012,93500,partnership
North Carolina,FY2013,93915,partnership
North Carolina,FY2014,96137,partnership
North Carolina,FY2015,96693,partnership
North Carolina,FY2016,100616,partnership
North Carolina,FY2017,102239,partnership
North Carolina,FY2018,104162,partnership
North Carolina,FY2019,102754,partnership
North Carolina,FY2020,110789,partnership
North Carolina,FY2021,120732,partnership
North Carolina,FY2022,115930,partnership
North Carolina,FY2023,133955,partnership
North Carolina,FY2024,128477,partnership
North Carolina,FY2025,135112,partnership
North Carolina,FY2004,101501,s_corporation
North Carolina,FY2005,106722,s_corporation
North Carolina,FY2006,111881,s_corporation
North Carolina,FY2007,123684,s_corporation
North Carolina,FY2008,132934,s_corporation
North Carolina,FY2009,137425,s_corporation
North Carolina,FY2010,138837,s_corporation
North Carolina,FY2011,138697,s_corporation
North Carolina,FY2012,138080,s_corporation
North Carolina,FY2013,137307,s_corporation
North Carolina,FY2014,139152,s_corporation
North Carolina,FY2015,140406,s_corporation
North Carolina,FY2016,144707,s_corporation
North Carolina,FY2017,144680,s_corporation
North Carolina,FY2018,146147,s_corporation
North Carolina,FY2019,152279,s_corporation
North Carolina,FY2020,146310,s_corporation
North Carolina,FY2021,156807,s_corporation
North Carolina,FY2022,153824,s_corporation
North Carolina,FY2023,177072,s_corporation
North Carolina,FY2024,167410,s_corporation
North Carolina,FY2025,171908,s_corporation
North Carolina,FY2000,368887.2365013976,supplemental
North Carolina,FY2001,388072.4495783441,supplemental
North Carolina,FY2002,468394.51122374495,supplemental
North Carolina,FY2003,450486.5600971171,supplemental
North Carolina,FY2004,457108.5281214225,supplemental
North Carolina,FY2005,468828,supplemental
North Carolina,FY2006,453926,supplemental
North Carolina,FY2007,487652,supplemental
North Carolina,FY2008,497623,supplemental
North Carolina,FY2009,534295,supplemental
North Carolina,FY2010,484648,supplemental
North Carolina,FY2011,539965.8483449777,supplemental
North Carolina,FY2012,570158,supplemental
North Carolina,FY2013,546906,supplemental
North Carolina,FY2014,534082,supplemental
North Carolina,FY2015,560586,supplemental
North Carolina,FY2016,557914,supplemental
North Carolina,FY2017,616329,supplemental
North Carolina,FY2018,651696,supplemental
North Carolina,FY2019,682384,supplemental
North Carolina,FY2020,478019,supplemental
North Carolina,FY2021,679512,supplemental
North Carolina,FY2022,1048983,supplemental
North Carolina,FY2023,1078532,supplemental
North Carolina,FY2024,1049841.0654959448,supplemental
North Carolina,FY2025,1060354.1870235882,supplemental
North Carolina,FY2000,17560,tax_exempt
North Carolina,FY2001,19003,tax_exempt
North Carolina,FY2002,21957,tax_exempt
North Carolina,FY2003,23489,tax_exempt
North Carolina,FY2004,23710,tax_exempt
North Carolina,FY2005,24539,tax_exempt
North Carolina,FY2006,25681,tax_exempt
North Carolina,FY2007,26452,tax_exempt
North Carolina,FY2008,26031,tax_exempt
North Carolina,FY2009,32887,tax_exempt
North Carolina,FY2010,37505,tax_exempt
North Carolina,FY2011,36887,tax_exempt
North Carolina,FY2012,35875,tax_exempt
North Carolina,FY2013,39005,tax_exempt
North Carolina,FY2014,42179,tax_exempt
North Carolina,FY2015,44916,tax_exempt
North Carolina,FY2016,42199,tax_exempt
North Carolina,FY2017,43798,tax_exempt
North Carolina,FY2018,41116,tax_exempt
North Carolina,FY2019,40787,tax_exempt
North Carolina,FY2020,35741,tax_exempt
North Carolina,FY2021,43091,tax_exempt
North Carolina,FY2022,43817,tax_exempt
North Carolina,FY2023,43887,tax_exempt
North Carolina,FY2024,45274,tax_exempt
North Carolina,FY2025,45116,tax_exempt
North Carolina,FY2000,6070234.236501398,total
North Carolina,FY2001,6133552.449578344,total
North Carolina,FY2002,6111647.511223745,total
North Carolina,FY2003,6050061.51354963,total
North Carolina,FY2004,6099340.324080413,total
North Carolina,FY2005,6215243.977490445,total
North Carolina,FY2006,6326367,total
North Carolina,FY2007,6531657,total
North Carolina,FY2008,7170653,total
North Carolina,FY2009,6764007,total
North Carolina,FY2010,6483180,total
North Carolina,FY2011,6552468.848344978,total
North Carolina,FY2012,6662337,total
North Carolina,FY2013,6726971,total
North Carolina,FY2014,6747161.943174088,total
North Carolina,FY2015,6860429,total
North Carolina,FY2016,6932683,total
North Carolina,FY2017,7008764,total
North Carolina,FY2018,7142173,total
North Carolina,FY2019,7242132,total
North Carolina,FY2020,7016442,total
North Carolina,FY2021,7838796,total
North Carolina,FY2022,7845805,total
North Carolina,FY2023,8246219,total
North Carolina,FY2024,8002086.065495945,total
North Carolina,FY2025,8088463,total
North Dakota,FY2004,5073,c_corporation
North Dakota,FY2005,4942,c_corporation
North Dakota,FY2006,4816,c_corporation
North Dakota,FY2007,4904,c_corporation
North Dakota,FY2008,5038,c_corporation
North Dakota,FY2009,4909,c_corporation
North Dakota,FY2010,4810,c_corporation
North Dakota,FY2011,4700,c_corporation
North Dakota,FY2012,4549,c_corporation
North Dakota,FY2013,4480,c_corporation
North Dakota,FY2014,4497,c_corporation
North Dakota,FY2015,4413,c_corporation
North Dakota,FY2016,4384,c_corporation
North Dakota,FY2017,4032,c_corporation
North Dakota,FY2018,3970,c_corporation
North Dakota,FY2019,3833,c_corporation
North Dakota,FY2020,3124,c_corporation
North Dakota,FY2021,3368,c_corporation
North Dakota,FY2022,3961,c_corporation
North Dakota,FY2023,3794,c_corporation
North Dakota,FY2024,3395,c_corporation
North Dakota,FY2025,3447,c_corporation
North Dakota,FY2000,11428,corporation_total
North Dakota,FY2001,11505,corporation_total
North Dakota,FY2002,11655,corporation_total
North Dakota,FY2003,12059,corporation_total
North Dakota,FY2000,3993,employee_plan
North Dakota,FY2001,3187,employee_plan
North Dakota,FY2000,93365,employment
North Dakota,FY2001,92195,employment
North Dakota,FY2002,89877,employment
North Dakota,FY2003,93891.3888946444,employment
North Dakota,FY2004,95578.71113459273,employment
North Dakota,FY2005,97941,employment
North Dakota,FY2006,94870,employment
North Dakota,FY2007,92139,employment
North Dakota,FY2008,91707,employment
North Dakota,FY2009,92181,employment
North Dakota,FY2010,92664,employment
North Dakota,FY2011,92774,employment
North Dakota,FY2012,96856,employment
North Dakota,FY2013,99695,employment
North Dakota,FY2014,101337,employment
North Dakota,FY2015,102470,employment
North Dakota,FY2016,102866,employment
North Dakota,FY2017,101621,employment
North Dakota,FY2018,100961,employment
North Dakota,FY2019,102224,employment
North Dakota,FY2020,87465,employment
North Dakota,FY2021,101956,employment
North Dakota,FY2022,102311,employment
North Dakota,FY2023,113613,employment
North Dakota,FY2024,103648,employment
North Dakota,FY2025,106242,employment
North Dakota,FY2000,265,estate_tax
North Dakota,FY2001,255,estate_tax
North Dakota,FY2002,273,estate_tax
North Dakota,FY2003,180,estate_tax
North Dakota,FY2004,124,estate_tax
North Dakota,FY2005,106,estate_tax
North Dakota,FY2006,76,estate_tax
North Dakota,FY2007,83,estate_tax
North Dakota,FY2008,66,estate_tax
North Dakota,FY2009,93,estate_tax
North Dakota,FY2010,54,estate_tax
North Dakota,FY2011,14,estate_tax
North Dakota,FY2012,60,estate_tax
North Dakota,FY2013,93,estate_tax
North Dakota,FY2014,106,estate_tax
North Dakota,FY2015,145,estate_tax
North Dakota,FY2016,102,estate_tax
North Dakota,FY2017,115,estate_tax
North Dakota,FY2018,113,estate_tax
North Dakota,FY2019,85,estate_tax
North Dakota,FY2020,41,estate_tax
North Dakota,FY2021,86,estate_tax
North Dakota,FY2022,90,estate_tax
North Dakota,FY2023,166,estate_tax
North Dakota,FY2024,118,estate_tax
North Dakota,FY2025,105,estate_tax
North Dakota,FY2000,7159,estate_trust
North Dakota,FY2001,7174,estate_trust
North Dakota,FY2002,6993,estate_trust
North Dakota,FY2003,7222,estate_trust
North Dakota,FY2004,6154,estate_trust
North Dakota,FY2005,5994,estate_trust
North Dakota,FY2006,5966,estate_trust
North Dakota,FY2007,6064,estate_trust
North Dakota,FY2008,6130,estate_trust
North Dakota,FY2009,6415,estate_trust
North Dakota,FY2010,6362,estate_trust
North Dakota,FY2011,6366,estate_trust
North Dakota,FY2012,6334,estate_trust
North Dakota,FY2013,6501,estate_trust
North Dakota,FY2014,6562,estate_trust
North Dakota,FY2015,6499,estate_trust
North Dakota,FY2016,6608,estate_trust
North Dakota,FY2017,6507,estate_trust
North Dakota,FY2018,6596,estate_trust
North Dakota,FY2019,6585,estate_trust
North Dakota,FY2020,6091,estate_trust
North Dakota,FY2021,6906,estate_trust
North Dakota,FY2022,6775,estate_trust
North Dakota,FY2023,7525,estate_trust
North Dakota,FY2024,6867,estate_trust
North Dakota,FY2025,7033,estate_trust
North Dakota,FY2000,1576,estate_trust_estimated
North Dakota,FY2001,1516,estate_trust_estimated
North Dakota,FY2002,1028,estate_trust_estimated
North Dakota,FY2003,847,estate_trust_estimated
North Dakota,FY2004,768,estate_trust_estimated
North Dakota,FY2005,518.8985699460034,estate_trust_estimated
North Dakota,FY2006,873,estate_trust_estimated
North Dakota,FY2007,1103,estate_trust_estimated
North Dakota,FY2008,1417,estate_trust_estimated
North Dakota,FY2009,859,estate_trust_estimated
North Dakota,FY2010,549,estate_trust_estimated
North Dakota,FY2011,582,estate_trust_estimated
North Dakota,FY2012,628,estate_trust_estimated
North Dakota,FY2013,816,estate_trust_estimated
North Dakota,FY2014,1131.1660823609438,estate_trust_estimated
North Dakota,FY2015,1403.7871389825164,estate_trust_estimated
North Dakota,FY2016,1199,estate_trust_estimated
North Dakota,FY2017,1119,estate_trust_estimated
North Dakota,FY2018,1347,estate_trust_estimated
North Dakota,FY2019,1478,estate_trust_estimated
North Dakota,FY2020,1236,estate_trust_estimated
North Dakota,FY2021,1183,estate_trust_estimated
North Dakota,FY2022,1438,estate_trust_estimated
North Dakota,FY2023,981,estate_trust_estimated
North Dakota,FY2024,991,estate_trust_estimated
North Dakota,FY2025,1297,estate_trust_estimated
North Dakota,FY2000,10912,excise
North Dakota,FY2001,9956,excise
North Dakota,FY2002,11074,excise
North Dakota,FY2003,10961,excise
North Dakota,FY2004,9418,excise
North Dakota,FY2005,14092,excise
North Dakota,FY2006,12495,excise
North Dakota,FY2007,12258,excise
North Dakota,FY2008,12494,excise
North Dakota,FY2009,11726,excise
North Dakota,FY2010,13261,excise
North Dakota,FY2011,10221,excise
North Dakota,FY2012,19115,excise
North Dakota,FY2013,15575,excise
North Dakota,FY2014,16066,excise
North Dakota,FY2015,16008,excise
North Dakota,FY2016,15666,excise
North Dakota,FY2017,14891,excise
North Dakota,FY2018,15256,excise
North Dakota,FY2019,15454,excise
North Dakota,FY2020,13168,excise
North Dakota,FY2021,16299,excise
North Dakota,FY2022,15320,excise
North Dakota,FY2023,15679,excise
North Dakota,FY2024,15362,excise
North Dakota,FY2025,15328,excise
North Dakota,FY2000,934,gift_tax
North Dakota,FY2001,967,gift_tax
North Dakota,FY2002,873,gift_tax
North Dakota,FY2003,885,gift_tax
North Dakota,FY2004,893,gift_tax
North Dakota,FY2005,940,gift_tax
North Dakota,FY2006,849,gift_tax
North Dakota,FY2007,844,gift_tax
North Dakota,FY2008,833,gift_tax
North Dakota,FY2009,974,gift_tax
North Dakota,FY2010,909,gift_tax
North Dakota,FY2011,946,gift_tax
North Dakota,FY2012,986,gift_tax
North Dakota,FY2013,1466,gift_tax
North Dakota,FY2014,1257,gift_tax
North Dakota,FY2015,1041,gift_tax
North Dakota,FY2016,1177,gift_tax
North Dakota,FY2017,1157,gift_tax
North Dakota,FY2018,1018,gift_tax
North Dakota,FY2019,1062,gift_tax
North Dakota,FY2020,630,gift_tax
North Dakota,FY2021,1218,gift_tax
North Dakota,FY2022,955,gift_tax
North Dakota,FY2023,2164,gift_tax
North Dakota,FY2024,1314,gift_tax
North Dakota,FY2025,1238,gift_tax
North Dakota,FY2000,113265,individual_estimated
North Dakota,FY2001,105891,individual_estimated
North Dakota,FY2002,47369,individual_estimated
North Dakota,FY2003,55862,individual_estimated
North Dakota,FY2004,92303.20967741936,individual_estimated
North Dakota,FY2005,85947,individual_estimated
North Dakota,FY2006,87413,individual_estimated
North Dakota,FY2007,90674,individual_estimated
North Dakota,FY2008,93878,individual_estimated
North Dakota,FY2009,96845,individual_estimated
North Dakota,FY2010,86220,individual_estimated
North Dakota,FY2011,91450,individual_estimated
North Dakota,FY2012,91809,individual_estimated
North Dakota,FY2013,106489,individual_estimated
North Dakota,FY2014,103928,individual_estimated
North Dakota,FY2015,104045,individual_estimated
North Dakota,FY2016,94189,individual_estimated
North Dakota,FY2017,89909,individual_estimated
North Dakota,FY2018,90372,individual_estimated
North Dakota,FY2019,88374,individual_estimated
North Dakota,FY2020,43103,individual_estimated
North Dakota,FY2021,6391,individual_estimated
North Dakota,FY2022,2655,individual_estimated
North Dakota,FY2023,3681,individual_estimated
North Dakota,FY2024,4847,individual_estimated
North Dakota,FY2025,19209,individual_estimated
North Dakota,FY2000,301874,individual_income
North Dakota,FY2001,302549,individual_income
North Dakota,FY2002,301150,individual_income
North Dakota,FY2003,300957,individual_income
North Dakota,FY2004,302502,individual_income
North Dakota,FY2005,304992,individual_income
North Dakota,FY2006,305584,individual_income
North Dakota,FY2007,314183,individual_income
North Dakota,FY2008,342402,individual_income
North Dakota,FY2009,323832,individual_income
North Dakota,FY2010,321128,individual_income
North Dakota,FY2011,328299,individual_income
North Dakota,FY2012,339892,individual_income
North Dakota,FY2013,353849,individual_income
North Dakota,FY2014,361952,individual_income
North Dakota,FY2015,370457,individual_income
North Dakota,FY2016,370463,individual_income
North Dakota,FY2017,362295,individual_income
North Dakota,FY2018,364406,individual_income
North Dakota,FY2019,365192,individual_income
North Dakota,FY2020,371378,individual_income
North Dakota,FY2021,383600,individual_income
North Dakota,FY2022,371013,individual_income
North Dakota,FY2023,374766,individual_income
North Dakota,FY2024,371986,individual_income
North Dakota,FY2025,376467,individual_income
North Dakota,FY2000,7219,partnership
North Dakota,FY2001,7454,partnership
North Dakota,FY2002,7604,partnership
North Dakota,FY2003,7937,partnership
North Dakota,FY2004,8132,partnership
North Dakota,FY2005,8395,partnership
North Dakota,FY2006,8391,partnership
North Dakota,FY2007,9124,partnership
North Dakota,FY2008,9428,partnership
North Dakota,FY2009,10153,partnership
North Dakota,FY2010,10310,partnership
North Dakota,FY2011,10591,partnership
North Dakota,FY2012,11127,partnership
North Dakota,FY2013,12130,partnership
North Dakota,FY2014,12984,partnership
North Dakota,FY2015,13595,partnership
North Dakota,FY2016,14024,partnership
North Dakota,FY2017,14216,partnership
North Dakota,FY2018,14499,partnership
North Dakota,FY2019,14237,partnership
North Dakota,FY2020,14144,partnership
North Dakota,FY2021,15969,partnership
North Dakota,FY2022,15065,partnership
North Dakota,FY2023,17167,partnership
North Dakota,FY2024,16415,partnership
North Dakota,FY2025,16710,partnership
North Dakota,FY2004,6881,s_corporation
North Dakota,FY2005,7303,s_corporation
North Dakota,FY2006,7916,s_corporation
North Dakota,FY2007,8296,s_corporation
North Dakota,FY2008,9069,s_corporation
North Dakota,FY2009,9397,s_corporation
North Dakota,FY2010,9752,s_corporation
North Dakota,FY2011,10004,s_corporation
North Dakota,FY2012,10451,s_corporation
North Dakota,FY2013,10850,s_corporation
North Dakota,FY2014,11392,s_corporation
North Dakota,FY2015,11828,s_corporation
North Dakota,FY2016,12169,s_corporation
North Dakota,FY2017,12135,s_corporation
North Dakota,FY2018,12211,s_corporation
North Dakota,FY2019,12410,s_corporation
North Dakota,FY2020,11991,s_corporation
North Dakota,FY2021,12455,s_corporation
North Dakota,FY2022,13298,s_corporation
North Dakota,FY2023,13508,s_corporation
North Dakota,FY2024,13438,s_corporation
North Dakota,FY2025,13796,s_corporation
North Dakota,FY2000,25298,supplemental
North Dakota,FY2001,27527,supplemental
North Dakota,FY2002,29175,supplemental
North Dakota,FY2003,29070.34222075471,supplemental
North Dakota,FY2004,28479.93946416042,supplemental
North Dakota,FY2005,29044,supplemental
North Dakota,FY2006,26234,supplemental
North Dakota,FY2007,29238,supplemental
North Dakota,FY2008,32139,supplemental
North Dakota,FY2009,35773,supplemental
North Dakota,FY2010,31535,supplemental
North Dakota,FY2011,36149.92322459041,supplemental
North Dakota,FY2012,40475,supplemental
North Dakota,FY2013,46271,supplemental
North Dakota,FY2014,41480,supplemental
North Dakota,FY2015,45904,supplemental
North Dakota,FY2016,44344,supplemental
North Dakota,FY2017,50940,supplemental
North Dakota,FY2018,50543,supplemental
North Dakota,FY2019,53423,supplemental
North Dakota,FY2020,38968,supplemental
North Dakota,FY2021,48961,supplemental
North Dakota,FY2022,77861,supplemental
North Dakota,FY2023,79025,supplemental
North Dakota,FY2024,75484.55619294487,supplemental
North Dakota,FY2025,80703.21613753476,supplemental
North Dakota,FY2000,2872,tax_exempt
North Dakota,FY2001,3081,tax_exempt
North Dakota,FY2002,2751,tax_exempt
North Dakota,FY2003,2753,tax_exempt
North Dakota,FY2004,2897,tax_exempt
North Dakota,FY2005,2883,tax_exempt
North Dakota,FY2006,2859,tax_exempt
North Dakota,FY2007,2928,tax_exempt
North Dakota,FY2008,2758,tax_exempt
North Dakota,FY2009,3484,tax_exempt
North Dakota,FY2010,4749,tax_exempt
North Dakota,FY2011,5087,tax_exempt
North Dakota,FY2012,4658,tax_exempt
North Dakota,FY2013,5097,tax_exempt
North Dakota,FY2014,4998,tax_exempt
North Dakota,FY2015,5228,tax_exempt
North Dakota,FY2016,4900,tax_exempt
North Dakota,FY2017,5104,tax_exempt
North Dakota,FY2018,5088,tax_exempt
North Dakota,FY2019,5203,tax_exempt
North Dakota,FY2020,4522,tax_exempt
North Dakota,FY2021,5425,tax_exempt
North Dakota,FY2022,5639,tax_exempt
North Dakota,FY2023,5551,tax_exempt
North Dakota,FY2024,5820,tax_exempt
North Dakota,FY2025,5719,tax_exempt
North Dakota,FY2000,580160,total
North Dakota,FY2001,573257,total
North Dakota,FY2002,509822,total
North Dakota,FY2003,522624.7311153991,total
North Dakota,FY2004,559203.8602761725,total
North Dakota,FY2005,563097.898569946,total
North Dakota,FY2006,558342,total
North Dakota,FY2007,571838,total
North Dakota,FY2008,607359,total
North Dakota,FY2009,596641,total
North Dakota,FY2010,582303,total
North Dakota,FY2011,597183.9232245904,total
North Dakota,FY2012,626940,total
North Dakota,FY2013,663312,total
North Dakota,FY2014,667690.166082361,total
North Dakota,FY2015,683037,total
North Dakota,FY2016,672091,total
North Dakota,FY2017,664041,total
North Dakota,FY2018,666380,total
North Dakota,FY2019,669560,total
North Dakota,FY2020,595861,total
North Dakota,FY2021,603817,total
North Dakota,FY2022,616381,total
North Dakota,FY2023,637620,total
North Dakota,FY2024,619685.5561929449,total
North Dakota,FY2025,647294,total
Ohio,FY2004,78419,c_corporation
Ohio,FY2005,75641,c_corporation
Ohio,FY2006,72971,c_corporation
Ohio,FY2007,72623,c_corporation
Ohio,FY2008,70348,c_corporation
Ohio,FY2009,69740,c_corporation
Ohio,FY2010,64949,c_corporation
Ohio,FY2011,62378,c_corporation
Ohio,FY2012,58964,c_corporation
Ohio,FY2013,57468,c_corporation
Ohio,FY2014,55276,c_corporation
Ohio,FY2015,54229,c_corporation
Ohio,FY2016,52922,c_corporation
Ohio,FY2017,47851,c_corporation
Ohio,FY2018,48139,c_corporation
Ohio,FY2019,47130,c_corporation
Ohio,FY2020,39644,c_corporation
Ohio,FY2021,47707,c_corporation
Ohio,FY2022,41170,c_corporation
Ohio,FY2023,50703,c_corporation
Ohio,FY2024,43346,c_corporation
Ohio,FY2025,46207,c_corporation
Ohio,FY2000,188736,corporation_total
Ohio,FY2001,187369,corporation_total
Ohio,FY2002,187856,corporation_total
Ohio,FY2003,188542,corporation_total
Ohio,FY2000,50893,employee_plan
Ohio,FY2001,39396,employee_plan
Ohio,FY2000,1072489,employment
Ohio,FY2001,1061147,employment
Ohio,FY2002,1058917,employment
Ohio,FY2003,1075426.311561974,employment
Ohio,FY2004,1066006.8440221306,employment
Ohio,FY2005,1067393,employment
Ohio,FY2006,1056454,employment
Ohio,FY2007,1022610,employment
Ohio,FY2008,1009262,employment
Ohio,FY2009,986080,employment
Ohio,FY2010,961472,employment
Ohio,FY2011,939682,employment
Ohio,FY2012,940229,employment
Ohio,FY2013,936986,employment
Ohio,FY2014,927282,employment
Ohio,FY2015,927578,employment
Ohio,FY2016,921052,employment
Ohio,FY2017,914394,employment
Ohio,FY2018,912451,employment
Ohio,FY2019,917577,employment
Ohio,FY2020,796890,employment
Ohio,FY2021,988680,employment
Ohio,FY2022,849114,employment
Ohio,FY2023,1035484,employment
Ohio,FY2024,932308,employment
Ohio,FY2025,940055,employment
Ohio,FY2000,4842,estate_tax
Ohio,FY2001,4675,estate_tax
Ohio,FY2002,4400,estate_tax
Ohio,FY2003,3154,estate_tax
Ohio,FY2004,2412,estate_tax
Ohio,FY2005,1981,estate_tax
Ohio,FY2006,1679,estate_tax
Ohio,FY2007,1306,estate_tax
Ohio,FY2008,1180,estate_tax
Ohio,FY2009,1225,estate_tax
Ohio,FY2010,626,estate_tax
Ohio,FY2011,226,estate_tax
Ohio,FY2012,758,estate_tax
Ohio,FY2013,959,estate_tax
Ohio,FY2014,900,estate_tax
Ohio,FY2015,988,estate_tax
Ohio,FY2016,952,estate_tax
Ohio,FY2017,867,estate_tax
Ohio,FY2018,941,estate_tax
Ohio,FY2019,589,estate_tax
Ohio,FY2020,336,estate_tax
Ohio,FY2021,659,estate_tax
Ohio,FY2022,675,estate_tax
Ohio,FY2023,1178,estate_tax
Ohio,FY2024,653,estate_tax
Ohio,FY2025,609,estate_tax
Ohio,FY2000,186180,estate_trust
Ohio,FY2001,194671,estate_trust
Ohio,FY2002,191109,estate_trust
Ohio,FY2003,193447,estate_trust
Ohio,FY2004,188805,estate_trust
Ohio,FY2005,178104,estate_trust
Ohio,FY2006,178519,estate_trust
Ohio,FY2007,180269,estate_trust
Ohio,FY2008,146359,estate_trust
Ohio,FY2009,140555,estate_trust
Ohio,FY2010,134187,estate_trust
Ohio,FY2011,132588,estate_trust
Ohio,FY2012,131367,estate_trust
Ohio,FY2013,131915,estate_trust
Ohio,FY2014,133535,estate_trust
Ohio,FY2015,113935,estate_trust
Ohio,FY2016,115581,estate_trust
Ohio,FY2017,106809,estate_trust
Ohio,FY2018,110874,estate_trust
Ohio,FY2019,109637,estate_trust
Ohio,FY2020,95549,estate_trust
Ohio,FY2021,102871,estate_trust
Ohio,FY2022,97072,estate_trust
Ohio,FY2023,111713,estate_trust
Ohio,FY2024,100374,estate_trust
Ohio,FY2025,99322,estate_trust
Ohio,FY2000,35931,estate_trust_estimated
Ohio,FY2001,32315,estate_trust_estimated
Ohio,FY2002,21946,estate_trust_estimated
Ohio,FY2003,36627,estate_trust_estimated
Ohio,FY2004,42607,estate_trust_estimated
Ohio,FY2005,32549.74880988433,estate_trust_estimated
Ohio,FY2006,18987,estate_trust_estimated
Ohio,FY2007,23813,estate_trust_estimated
Ohio,FY2008,28614,estate_trust_estimated
Ohio,FY2009,15468,estate_trust_estimated
Ohio,FY2010,9732,estate_trust_estimated
Ohio,FY2011,11168,estate_trust_estimated
Ohio,FY2012,11862,estate_trust_estimated
Ohio,FY2013,16644,estate_trust_estimated
Ohio,FY2014,29625.778347548538,estate_trust_estimated
Ohio,FY2015,22813.143505199885,estate_trust_estimated
Ohio,FY2016,19033,estate_trust_estimated
Ohio,FY2017,16201,estate_trust_estimated
Ohio,FY2018,20368,estate_trust_estimated
Ohio,FY2019,22690,estate_trust_estimated
Ohio,FY2020,18985,estate_trust_estimated
Ohio,FY2021,18764,estate_trust_estimated
Ohio,FY2022,23748,estate_trust_estimated
Ohio,FY2023,16214,estate_trust_estimated
Ohio,FY2024,16752,estate_trust_estimated
Ohio,FY2025,23096,estate_trust_estimated
Ohio,FY2000,37339,excise
Ohio,FY2001,29204,excise
Ohio,FY2002,35234,excise
Ohio,FY2003,31199,excise
Ohio,FY2004,24177,excise
Ohio,FY2005,40616,excise
Ohio,FY2006,34568,excise
Ohio,FY2007,32615,excise
Ohio,FY2008,31468,excise
Ohio,FY2009,28170,excise
Ohio,FY2010,30992,excise
Ohio,FY2011,18451,excise
Ohio,FY2012,45169,excise
Ohio,FY2013,34094,excise
Ohio,FY2014,36940,excise
Ohio,FY2015,38440,excise
Ohio,FY2016,37473,excise
Ohio,FY2017,37399,excise
Ohio,FY2018,38775,excise
Ohio,FY2019,39023,excise
Ohio,FY2020,32206,excise
Ohio,FY2021,47148,excise
Ohio,FY2022,42191,excise
Ohio,FY2023,46633,excise
Ohio,FY2024,44295,excise
Ohio,FY2025,46248,excise
Ohio,FY2000,12567,gift_tax
Ohio,FY2001,12182,gift_tax
Ohio,FY2002,11308,gift_tax
Ohio,FY2003,10988,gift_tax
Ohio,FY2004,9352,gift_tax
Ohio,FY2005,10470,gift_tax
Ohio,FY2006,9218,gift_tax
Ohio,FY2007,8904,gift_tax
Ohio,FY2008,8706,gift_tax
Ohio,FY2009,8130,gift_tax
Ohio,FY2010,7831,gift_tax
Ohio,FY2011,6894,gift_tax
Ohio,FY2012,8099,gift_tax
Ohio,FY2013,9680,gift_tax
Ohio,FY2014,9695,gift_tax
Ohio,FY2015,7490,gift_tax
Ohio,FY2016,7686,gift_tax
Ohio,FY2017,7433,gift_tax
Ohio,FY2018,7348,gift_tax
Ohio,FY2019,7089,gift_tax
Ohio,FY2020,4931,gift_tax
Ohio,FY2021,8240,gift_tax
Ohio,FY2022,7134,gift_tax
Ohio,FY2023,14719,gift_tax
Ohio,FY2024,9151,gift_tax
Ohio,FY2025,9065,gift_tax
Ohio,FY2000,1535334,individual_estimated
Ohio,FY2001,1462285,individual_estimated
Ohio,FY2002,1324210,individual_estimated
Ohio,FY2003,1155407,individual_estimated
Ohio,FY2004,1098906.258064516,individual_estimated
Ohio,FY2005,1010206,individual_estimated
Ohio,FY2006,1079619,individual_estimated
Ohio,FY2007,1033514,individual_estimated
Ohio,FY2008,1055602,individual_estimated
Ohio,FY2009,962039,individual_estimated
Ohio,FY2010,800406,individual_estimated
Ohio,FY2011,798227,individual_estimated
Ohio,FY2012,766371,individual_estimated
Ohio,FY2013,839529,individual_estimated
Ohio,FY2014,793562,individual_estimated
Ohio,FY2015,811076,individual_estimated
Ohio,FY2016,779283,individual_estimated
Ohio,FY2017,755893,individual_estimated
Ohio,FY2018,764122,individual_estimated
Ohio,FY2019,759077,individual_estimated
Ohio,FY2020,388065,individual_estimated
Ohio,FY2021,53551,individual_estimated
Ohio,FY2022,19542,individual_estimated
Ohio,FY2023,21996,individual_estimated
Ohio,FY2024,27997,individual_estimated
Ohio,FY2025,159294,individual_estimated
Ohio,FY2000,5524665,individual_income
Ohio,FY2001,5569637,individual_income
Ohio,FY2002,5543846,individual_income
Ohio,FY2003,5474843,individual_income
Ohio,FY2004,5446774,individual_income
Ohio,FY2005,5439800,individual_income
Ohio,FY2006,5428221,individual_income
Ohio,FY2007,5515814,individual_income
Ohio,FY2008,6100438,individual_income
Ohio,FY2009,5579715,individual_income
Ohio,FY2010,5402916,individual_income
Ohio,FY2011,5431137,individual_income
Ohio,FY2012,5491871,individual_income
Ohio,FY2013,5511860,individual_income
Ohio,FY2014,5541252,individual_income
Ohio,FY2015,5563760,individual_income
Ohio,FY2016,5592772,individual_income
Ohio,FY2017,5566813,individual_income
Ohio,FY2018,5617549,individual_income
Ohio,FY2019,5618473,individual_income
Ohio,FY2020,5755662,individual_income
Ohio,FY2021,6027452,individual_income
Ohio,FY2022,5792000,individual_income
Ohio,FY2023,5792515,individual_income
Ohio,FY2024,5670302,individual_income
Ohio,FY2025,5725010,individual_income
Ohio,FY2000,75931,partnership
Ohio,FY2001,79161,partnership
Ohio,FY2002,81668,partnership
Ohio,FY2003,87065,partnership
Ohio,FY2004,91144,partnership
Ohio,FY2005,95619,partnership
Ohio,FY2006,98190,partnership
Ohio,FY2007,105122,partnership
Ohio,FY2008,109523,partnership
Ohio,FY2009,114739,partnership
Ohio,FY2010,114484,partnership
Ohio,FY2011,115368,partnership
Ohio,FY2012,116390,partnership
Ohio,FY2013,118418,partnership
Ohio,FY2014,121262,partnership
Ohio,FY2015,121618,partnership
Ohio,FY2016,124760,partnership
Ohio,FY2017,126555,partnership
Ohio,FY2018,128515,partnership
Ohio,FY2019,123551,partnership
Ohio,FY2020,129870,partnership
Ohio,FY2021,141591,partnership
Ohio,FY2022,129127,partnership
Ohio,FY2023,150440,partnership
Ohio,FY2024,142149,partnership
Ohio,FY2025,144101,partnership
Ohio,FY2004,112085,s_corporation
Ohio,FY2005,113703,s_corporation
Ohio,FY2006,115032,s_corporation
Ohio,FY2007,120636,s_corporation
Ohio,FY2008,124189,s_corporation
Ohio,FY2009,122889,s_corporation
Ohio,FY2010,122346,s_corporation
Ohio,FY2011,122554,s_corporation
Ohio,FY2012,120429,s_corporation
Ohio,FY2013,118829,s_corporation
Ohio,FY2014,120138,s_corporation
Ohio,FY2015,119053,s_corporation
Ohio,FY2016,122076,s_corporation
Ohio,FY2017,120713,s_corporation
Ohio,FY2018,122556,s_corporation
Ohio,FY2019,123104,s_corporation
Ohio,FY2020,117834,s_corporation
Ohio,FY2021,129146,s_corporation
Ohio,FY2022,123910,s_corporation
Ohio,FY2023,143379,s_corporation
Ohio,FY2024,136052,s_corporation
Ohio,FY2025,136596,s_corporation
Ohio,FY2000,536250.0749542571,supplemental
Ohio,FY2001,561541.2494768191,supplemental
Ohio,FY2002,627079.4857165457,supplemental
Ohio,FY2003,577147.5599746886,supplemental
Ohio,FY2004,640215.8820580523,supplemental
Ohio,FY2005,601492,supplemental
Ohio,FY2006,571650,supplemental
Ohio,FY2007,600693,supplemental
Ohio,FY2008,624739,supplemental
Ohio,FY2009,648641,supplemental
Ohio,FY2010,573744,supplemental
Ohio,FY2011,637321.6322188325,supplemental
Ohio,FY2012,659908,supplemental
Ohio,FY2013,641520,supplemental
Ohio,FY2014,588220,supplemental
Ohio,FY2015,615240,supplemental
Ohio,FY2016,598179,supplemental
Ohio,FY2017,693219,supplemental
Ohio,FY2018,735093,supplemental
Ohio,FY2019,828267,supplemental
Ohio,FY2020,571774,supplemental
Ohio,FY2021,836902,supplemental
Ohio,FY2022,1150328,supplemental
Ohio,FY2023,1169768,supplemental
Ohio,FY2024,1134767.9388885438,supplemental
Ohio,FY2025,1171539.0424333622,supplemental
Ohio,FY2000,32595,tax_exempt
Ohio,FY2001,32072,tax_exempt
Ohio,FY2002,33465,tax_exempt
Ohio,FY2003,34511,tax_exempt
Ohio,FY2004,34516,tax_exempt
Ohio,FY2005,33583,tax_exempt
Ohio,FY2006,34784,tax_exempt
Ohio,FY2007,37065,tax_exempt
Ohio,FY2008,37219,tax_exempt
Ohio,FY2009,47321,tax_exempt
Ohio,FY2010,56100,tax_exempt
Ohio,FY2011,57834,tax_exempt
Ohio,FY2012,55550,tax_exempt
Ohio,FY2013,60846,tax_exempt
Ohio,FY2014,58550,tax_exempt
Ohio,FY2015,61777,tax_exempt
Ohio,FY2016,59146,tax_exempt
Ohio,FY2017,62560,tax_exempt
Ohio,FY2018,86751,tax_exempt
Ohio,FY2019,99975,tax_exempt
Ohio,FY2020,76810,tax_exempt
Ohio,FY2021,106263,tax_exempt
Ohio,FY2022,107598,tax_exempt
Ohio,FY2023,107315,tax_exempt
Ohio,FY2024,118746,tax_exempt
Ohio,FY2025,104022,tax_exempt
Ohio,FY2000,9293752.074954256,total
Ohio,FY2001,9265655.249476818,total
Ohio,FY2002,9121038.485716546,total
Ohio,FY2003,8868356.871536663,total
Ohio,FY2004,8835419.984144699,total
Ohio,FY2005,8701157.748809885,total
Ohio,FY2006,8699892,total
Ohio,FY2007,8754984,total
Ohio,FY2008,9347647,total
Ohio,FY2009,8724712,total
Ohio,FY2010,8279785,total
Ohio,FY2011,8333828.632218832,total
Ohio,FY2012,8406967,total
Ohio,FY2013,8478748,total
Ohio,FY2014,8416237.778347548,total
Ohio,FY2015,8457997,total
Ohio,FY2016,8430915,total
Ohio,FY2017,8456707,total
Ohio,FY2018,8593482,total
Ohio,FY2019,8696182,total
Ohio,FY2020,8028556,total
Ohio,FY2021,8508974,total
Ohio,FY2022,8383609,total
Ohio,FY2023,8662057,total
Ohio,FY2024,8376892.938888544,total
Ohio,FY2025,8605164,total
Oklahoma,FY2004,24889,c_corporation
Oklahoma,FY2005,23815,c_corporation
Oklahoma,FY2006,23341,c_corporation
Oklahoma,FY2007,22889,c_corporation
Oklahoma,FY2008,22958,c_corporation
Oklahoma,FY2009,22334,c_corporation
Oklahoma,FY2010,21234,c_corporation
Oklahoma,FY2011,19909,c_corporation
Oklahoma,FY2012,19273,c_corporation
Oklahoma,FY2013,18500,c_corporation
Oklahoma,FY2014,17873,c_corporation
Oklahoma,FY2015,17547,c_corporation
Oklahoma,FY2016,16969,c_corporation
Oklahoma,FY2017,15492,c_corporation
Oklahoma,FY2018,15269,c_corporation
Oklahoma,FY2019,15149,c_corporation
Oklahoma,FY2020,12731,c_corporation
Oklahoma,FY2021,14302,c_corporation
Oklahoma,FY2022,16459,c_corporation
Oklahoma,FY2023,16084,c_corporation
Oklahoma,FY2024,14681,c_corporation
Oklahoma,FY2025,14407,c_corporation
Oklahoma,FY2000,60681,corporation_total
Oklahoma,FY2001,63185,corporation_total
Oklahoma,FY2002,62872,corporation_total
Oklahoma,FY2003,65692,corporation_total
Oklahoma,FY2000,9855,employee_plan
Oklahoma,FY2001,7137,employee_plan
Oklahoma,FY2000,351982,employment
Oklahoma,FY2001,352329,employment
Oklahoma,FY2002,354230,employment
Oklahoma,FY2003,358065.91776819807,employment
Oklahoma,FY2004,364333.52319564833,employment
Oklahoma,FY2005,364292,employment
Oklahoma,FY2006,367581,employment
Oklahoma,FY2007,359685,employment
Oklahoma,FY2008,361367,employment
Oklahoma,FY2009,361513,employment
Oklahoma,FY2010,359500,employment
Oklahoma,FY2011,351029,employment
Oklahoma,FY2012,356900,employment
Oklahoma,FY2013,361322,employment
Oklahoma,FY2014,360183,employment
Oklahoma,FY2015,360575,employment
Oklahoma,FY2016,361064,employment
Oklahoma,FY2017,358059,employment
Oklahoma,FY2018,358002,employment
Oklahoma,FY2019,363232,employment
Oklahoma,FY2020,314924,employment
Oklahoma,FY2021,381438,employment
Oklahoma,FY2022,353644,employment
Oklahoma,FY2023,403121,employment
Oklahoma,FY2024,369014,employment
Oklahoma,FY2025,376495,employment
Oklahoma,FY2000,1135,estate_tax
Oklahoma,FY2001,1281,estate_tax
Oklahoma,FY2002,1158,estate_tax
Oklahoma,FY2003,812,estate_tax
Oklahoma,FY2004,692,estate_tax
Oklahoma,FY2005,493,estate_tax
Oklahoma,FY2006,468,estate_tax
Oklahoma,FY2007,382,estate_tax
Oklahoma,FY2008,355,estate_tax
Oklahoma,FY2009,378,estate_tax
Oklahoma,FY2010,231,estate_tax
Oklahoma,FY2011,94,estate_tax
Oklahoma,FY2012,290,estate_tax
Oklahoma,FY2013,317,estate_tax
Oklahoma,FY2014,286,estate_tax
Oklahoma,FY2015,307,estate_tax
Oklahoma,FY2016,286,estate_tax
Oklahoma,FY2017,296,estate_tax
Oklahoma,FY2018,267,estate_tax
Oklahoma,FY2019,157,estate_tax
Oklahoma,FY2020,113,estate_tax
Oklahoma,FY2021,158,estate_tax
Oklahoma,FY2022,189,estate_tax
Oklahoma,FY2023,307,estate_tax
Oklahoma,FY2024,182,estate_tax
Oklahoma,FY2025,166,estate_tax
Oklahoma,FY2000,69995,estate_trust
Oklahoma,FY2001,76286,estate_trust
Oklahoma,FY2002,74817,estate_trust
Oklahoma,FY2003,72222,estate_trust
Oklahoma,FY2004,84618,estate_trust
Oklahoma,FY2005,81015,estate_trust
Oklahoma,FY2006,85068,estate_trust
Oklahoma,FY2007,80818,estate_trust
Oklahoma,FY2008,26852,estate_trust
Oklahoma,FY2009,28270,estate_trust
Oklahoma,FY2010,27784,estate_trust
Oklahoma,FY2011,28465,estate_trust
Oklahoma,FY2012,28239,estate_trust
Oklahoma,FY2013,28784,estate_trust
Oklahoma,FY2014,28698,estate_trust
Oklahoma,FY2015,29450,estate_trust
Oklahoma,FY2016,29463,estate_trust
Oklahoma,FY2017,28065,estate_trust
Oklahoma,FY2018,28979,estate_trust
Oklahoma,FY2019,29145,estate_trust
Oklahoma,FY2020,26405,estate_trust
Oklahoma,FY2021,30434,estate_trust
Oklahoma,FY2022,27695,estate_trust
Oklahoma,FY2023,31305,estate_trust
Oklahoma,FY2024,28904,estate_trust
Oklahoma,FY2025,28904,estate_trust
Oklahoma,FY2000,9248,estate_trust_estimated
Oklahoma,FY2001,9423,estate_trust_estimated
Oklahoma,FY2002,7293,estate_trust_estimated
Oklahoma,FY2003,5701,estate_trust_estimated
Oklahoma,FY2004,5980,estate_trust_estimated
Oklahoma,FY2005,3991.0644068932743,estate_trust_estimated
Oklahoma,FY2006,7106,estate_trust_estimated
Oklahoma,FY2007,7804,estate_trust_estimated
Oklahoma,FY2008,8947,estate_trust_estimated
Oklahoma,FY2009,6822,estate_trust_estimated
Oklahoma,FY2010,3879,estate_trust_estimated
Oklahoma,FY2011,4732,estate_trust_estimated
Oklahoma,FY2012,4827,estate_trust_estimated
Oklahoma,FY2013,6667,estate_trust_estimated
Oklahoma,FY2014,8068.9847208414,estate_trust_estimated
Oklahoma,FY2015,7918.89786072603,estate_trust_estimated
Oklahoma,FY2016,6801,estate_trust_estimated
Oklahoma,FY2017,5994,estate_trust_estimated
Oklahoma,FY2018,7297,estate_trust_estimated
Oklahoma,FY2019,7666,estate_trust_estimated
Oklahoma,FY2020,6313,estate_trust_estimated
Oklahoma,FY2021,5810,estate_trust_estimated
Oklahoma,FY2022,7711,estate_trust_estimated
Oklahoma,FY2023,5947,estate_trust_estimated
Oklahoma,FY2024,5779,estate_trust_estimated
Oklahoma,FY2025,7256,estate_trust_estimated
Oklahoma,FY2000,13863,excise
Oklahoma,FY2001,11667,excise
Oklahoma,FY2002,13335,excise
Oklahoma,FY2003,11569,excise
Oklahoma,FY2004,9139,excise
Oklahoma,FY2005,14334,excise
Oklahoma,FY2006,12751,excise
Oklahoma,FY2007,12253,excise
Oklahoma,FY2008,11827,excise
Oklahoma,FY2009,10727,excise
Oklahoma,FY2010,10651,excise
Oklahoma,FY2011,6255,excise
Oklahoma,FY2012,15671,excise
Oklahoma,FY2013,11142,excise
Oklahoma,FY2014,11295,excise
Oklahoma,FY2015,11854,excise
Oklahoma,FY2016,11720,excise
Oklahoma,FY2017,11649,excise
Oklahoma,FY2018,11698,excise
Oklahoma,FY2019,11891,excise
Oklahoma,FY2020,9668,excise
Oklahoma,FY2021,12975,excise
Oklahoma,FY2022,11962,excise
Oklahoma,FY2023,12185,excise
Oklahoma,FY2024,11478,excise
Oklahoma,FY2025,11235,excise
Oklahoma,FY2000,2526,gift_tax
Oklahoma,FY2001,2393,gift_tax
Oklahoma,FY2002,2031,gift_tax
Oklahoma,FY2003,2133,gift_tax
Oklahoma,FY2004,1915,gift_tax
Oklahoma,FY2005,2028,gift_tax
Oklahoma,FY2006,1876,gift_tax
Oklahoma,FY2007,1994,gift_tax
Oklahoma,FY2008,1873,gift_tax
Oklahoma,FY2009,1850,gift_tax
Oklahoma,FY2010,1899,gift_tax
Oklahoma,FY2011,1665,gift_tax
Oklahoma,FY2012,1923,gift_tax
Oklahoma,FY2013,2485,gift_tax
Oklahoma,FY2014,2773,gift_tax
Oklahoma,FY2015,1885,gift_tax
Oklahoma,FY2016,1845,gift_tax
Oklahoma,FY2017,1730,gift_tax
Oklahoma,FY2018,1848,gift_tax
Oklahoma,FY2019,1715,gift_tax
Oklahoma,FY2020,1165,gift_tax
Oklahoma,FY2021,1785,gift_tax
Oklahoma,FY2022,1765,gift_tax
Oklahoma,FY2023,3202,gift_tax
Oklahoma,FY2024,2098,gift_tax
Oklahoma,FY2025,2067,gift_tax
Oklahoma,FY2000,403050,individual_estimated
Oklahoma,FY2001,407228,individual_estimated
Oklahoma,FY2002,381736,individual_estimated
Oklahoma,FY2003,332154,individual_estimated
Oklahoma,FY2004,322595.6451612903,individual_estimated
Oklahoma,FY2005,311675,individual_estimated
Oklahoma,FY2006,324665,individual_estimated
Oklahoma,FY2007,327672,individual_estimated
Oklahoma,FY2008,321038,individual_estimated
Oklahoma,FY2009,318497,individual_estimated
Oklahoma,FY2010,256296,individual_estimated
Oklahoma,FY2011,259142,individual_estimated
Oklahoma,FY2012,244977,individual_estimated
Oklahoma,FY2013,272365,individual_estimated
Oklahoma,FY2014,257804,individual_estimated
Oklahoma,FY2015,256825,individual_estimated
Oklahoma,FY2016,232520,individual_estimated
Oklahoma,FY2017,219283,individual_estimated
Oklahoma,FY2018,222511,individual_estimated
Oklahoma,FY2019,218452,individual_estimated
Oklahoma,FY2020,172489,individual_estimated
Oklahoma,FY2021,181506,individual_estimated
Oklahoma,FY2022,191964,individual_estimated
Oklahoma,FY2023,189691,individual_estimated
Oklahoma,FY2024,189855,individual_estimated
Oklahoma,FY2025,192717,individual_estimated
Oklahoma,FY2000,1445599,individual_income
Oklahoma,FY2001,1462202,individual_income
Oklahoma,FY2002,1470450,individual_income
Oklahoma,FY2003,1466833,individual_income
Oklahoma,FY2004,1460379,individual_income
Oklahoma,FY2005,1474272,individual_income
Oklahoma,FY2006,1482139,individual_income
Oklahoma,FY2007,1539523,individual_income
Oklahoma,FY2008,1762605,individual_income
Oklahoma,FY2009,1614595,individual_income
Oklahoma,FY2010,1578447,individual_income
Oklahoma,FY2011,1580878,individual_income
Oklahoma,FY2012,1605475,individual_income
Oklahoma,FY2013,1617880,individual_income
Oklahoma,FY2014,1627694,individual_income
Oklahoma,FY2015,1641080,individual_income
Oklahoma,FY2016,1643206,individual_income
Oklahoma,FY2017,1614695,individual_income
Oklahoma,FY2018,1623300,individual_income
Oklahoma,FY2019,1634032,individual_income
Oklahoma,FY2020,1727610,individual_income
Oklahoma,FY2021,1817634,individual_income
Oklahoma,FY2022,1724604,individual_income
Oklahoma,FY2023,1742740,individual_income
Oklahoma,FY2024,1694294,individual_income
Oklahoma,FY2025,1724598,individual_income
Oklahoma,FY2000,24382,partnership
Oklahoma,FY2001,25711,partnership
Oklahoma,FY2002,26210,partnership
Oklahoma,FY2003,28665,partnership
Oklahoma,FY2004,29964,partnership
Oklahoma,FY2005,31489,partnership
Oklahoma,FY2006,32548,partnership
Oklahoma,FY2007,36629,partnership
Oklahoma,FY2008,38919,partnership
Oklahoma,FY2009,42243,partnership
Oklahoma,FY2010,42414,partnership
Oklahoma,FY2011,42965,partnership
Oklahoma,FY2012,43616,partnership
Oklahoma,FY2013,44827,partnership
Oklahoma,FY2014,46544,partnership
Oklahoma,FY2015,47854,partnership
Oklahoma,FY2016,49306,partnership
Oklahoma,FY2017,50578,partnership
Oklahoma,FY2018,51627,partnership
Oklahoma,FY2019,48866,partnership
Oklahoma,FY2020,54517,partnership
Oklahoma,FY2021,60093,partnership
Oklahoma,FY2022,58252,partnership
Oklahoma,FY2023,64678,partnership
Oklahoma,FY2024,61647,partnership
Oklahoma,FY2025,62175,partnership
Oklahoma,FY2004,40613,s_corporation
Oklahoma,FY2005,40824,s_corporation
Oklahoma,FY2006,43112,s_corporation
Oklahoma,FY2007,45280,s_corporation
Oklahoma,FY2008,50184,s_corporation
Oklahoma,FY2009,50819,s_corporation
Oklahoma,FY2010,52167,s_corporation
Oklahoma,FY2011,52934,s_corporation
Oklahoma,FY2012,53810,s_corporation
Oklahoma,FY2013,54211,s_corporation
Oklahoma,FY2014,55148,s_corporation
Oklahoma,FY2015,55709,s_corporation
Oklahoma,FY2016,57329,s_corporation
Oklahoma,FY2017,58183,s_corporation
Oklahoma,FY2018,59003,s_corporation
Oklahoma,FY2019,59776,s_corporation
Oklahoma,FY2020,57016,s_corporation
Oklahoma,FY2021,60172,s_corporation
Oklahoma,FY2022,64220,s_corporation
Oklahoma,FY2023,65402,s_corporation
Oklahoma,FY2024,65397,s_corporation
Oklahoma,FY2025,66012,s_corporation
Oklahoma,FY2000,177276,supplemental
Oklahoma,FY2001,231401,supplemental
Oklahoma,FY2002,242403.61545325108,supplemental
Oklahoma,FY2003,244030.56839494585,supplemental
Oklahoma,FY2004,240248.28926474391,supplemental
Oklahoma,FY2005,240552,supplemental
Oklahoma,FY2006,224102,supplemental
Oklahoma,FY2007,233812,supplemental
Oklahoma,FY2008,241061,supplemental
Oklahoma,FY2009,265738,supplemental
Oklahoma,FY2010,246732,supplemental
Oklahoma,FY2011,275608.7340444169,supplemental
Oklahoma,FY2012,279643,supplemental
Oklahoma,FY2013,286878,supplemental
Oklahoma,FY2014,276521,supplemental
Oklahoma,FY2015,291926,supplemental
Oklahoma,FY2016,283019,supplemental
Oklahoma,FY2017,308383,supplemental
Oklahoma,FY2018,324435,supplemental
Oklahoma,FY2019,336111,supplemental
Oklahoma,FY2020,250609,supplemental
Oklahoma,FY2021,336129,supplemental
Oklahoma,FY2022,460853,supplemental
Oklahoma,FY2023,477796,supplemental
Oklahoma,FY2024,466050.63723875734,supplemental
Oklahoma,FY2025,485451.7877926038,supplemental
Oklahoma,FY2000,7106,tax_exempt
Oklahoma,FY2001,7130,tax_exempt
Oklahoma,FY2002,7509,tax_exempt
Oklahoma,FY2003,7650,tax_exempt
Oklahoma,FY2004,7815,tax_exempt
Oklahoma,FY2005,7950,tax_exempt
Oklahoma,FY2006,7935,tax_exempt
Oklahoma,FY2007,8668,tax_exempt
Oklahoma,FY2008,8482,tax_exempt
Oklahoma,FY2009,12293,tax_exempt
Oklahoma,FY2010,14703,tax_exempt
Oklahoma,FY2011,14579,tax_exempt
Oklahoma,FY2012,14435,tax_exempt
Oklahoma,FY2013,15403,tax_exempt
Oklahoma,FY2014,15399,tax_exempt
Oklahoma,FY2015,15783,tax_exempt
Oklahoma,FY2016,15687,tax_exempt
Oklahoma,FY2017,15638,tax_exempt
Oklahoma,FY2018,16379,tax_exempt
Oklahoma,FY2019,16588,tax_exempt
Oklahoma,FY2020,14191,tax_exempt
Oklahoma,FY2021,16733,tax_exempt
Oklahoma,FY2022,17597,tax_exempt
Oklahoma,FY2023,17474,tax_exempt
Oklahoma,FY2024,17928,tax_exempt
Oklahoma,FY2025,17841,tax_exempt
Oklahoma,FY2000,2576698,total
Oklahoma,FY2001,2657373,total
Oklahoma,FY2002,2644044.615453251,total
Oklahoma,FY2003,2595527.486163144,total
Oklahoma,FY2004,2593181.4576216824,total
Oklahoma,FY2005,2596730.064406893,total
Oklahoma,FY2006,2612692,total
Oklahoma,FY2007,2677409,total
Oklahoma,FY2008,2856468,total
Oklahoma,FY2009,2736079,total
Oklahoma,FY2010,2615937,total
Oklahoma,FY2011,2638255.734044417,total
Oklahoma,FY2012,2669079,total
Oklahoma,FY2013,2720781,total
Oklahoma,FY2014,2708286.9847208415,total
Oklahoma,FY2015,2738714,total
Oklahoma,FY2016,2709215,total
Oklahoma,FY2017,2688045,total
Oklahoma,FY2018,2720615,total
Oklahoma,FY2019,2742780,total
Oklahoma,FY2020,2647751,total
Oklahoma,FY2021,2919169,total
Oklahoma,FY2022,2936915,total
Oklahoma,FY2023,3029932,total
Oklahoma,FY2024,2927307.637238757,total
Oklahoma,FY2025,2989325,total
Oregon,FY2004,26701,c_corporation
Oregon,FY2005,25566,c_corporation
Oregon,FY2006,25313,c_corporation
Oregon,FY2007,25091,c_corporation
Oregon,FY2008,25996,c_corporation
Oregon,FY2009,24807,c_corporation
Oregon,FY2010,23982,c_corporation
Oregon,FY2011,22833,c_corporation
Oregon,FY2012,21640,c_corporation
Oregon,FY2013,21276,c_corporation
Oregon,FY2014,20480,c_corporation
Oregon,FY2015,20089,c_corporation
Oregon,FY2016,19568,c_corporation
Oregon,FY2017,18109,c_corporation
Oregon,FY2018,18690,c_corporation
Oregon,FY2019,18768,c_corporation
Oregon,FY2020,15276,c_corporation
Oregon,FY2021,16891,c_corporation
Oregon,FY2022,20984,c_corporation
Oregon,FY2023,19687,c_corporation
Oregon,FY2024,17634,c_corporation
Oregon,FY2025,18693,c_corporation
Oregon,FY2000,66827,corporation_total
Oregon,FY2001,67670,corporation_total
Oregon,FY2002,69345,corporation_total
Oregon,FY2003,70204,corporation_total
Oregon,FY2000,17868,employee_plan
Oregon,FY2001,13038,employee_plan
Oregon,FY2000,411274,employment
Oregon,FY2001,410637,employment
Oregon,FY2002,411974,employment
Oregon,FY2003,419902.9959189664,employment
Oregon,FY2004,427849.52633921057,employment
Oregon,FY2005,437022,employment
Oregon,FY2006,447629,employment
Oregon,FY2007,445381,employment
Oregon,FY2008,449969,employment
Oregon,FY2009,442721,employment
Oregon,FY2010,433349,employment
Oregon,FY2011,426881,employment
Oregon,FY2012,425451,employment
Oregon,FY2013,431365,employment
Oregon,FY2014,432575,employment
Oregon,FY2015,437680,employment
Oregon,FY2016,446751,employment
Oregon,FY2017,455159,employment
Oregon,FY2018,463231,employment
Oregon,FY2019,475569,employment
Oregon,FY2020,428123,employment
Oregon,FY2021,497049,employment
Oregon,FY2022,478239,employment
Oregon,FY2023,526237,employment
Oregon,FY2024,492752,employment
Oregon,FY2025,498965,employment
Oregon,FY2000,1565,estate_tax
Oregon,FY2001,1590,estate_tax
Oregon,FY2002,1661,estate_tax
Oregon,FY2003,1182,estate_tax
Oregon,FY2004,918,estate_tax
Oregon,FY2005,865,estate_tax
Oregon,FY2006,761,estate_tax
Oregon,FY2007,738,estate_tax
Oregon,FY2008,655,estate_tax
Oregon,FY2009,666,estate_tax
Oregon,FY2010,424,estate_tax
Oregon,FY2011,147,estate_tax
Oregon,FY2012,340,estate_tax
Oregon,FY2013,451,estate_tax
Oregon,FY2014,455,estate_tax
Oregon,FY2015,488,estate_tax
Oregon,FY2016,566,estate_tax
Oregon,FY2017,560,estate_tax
Oregon,FY2018,607,estate_tax
Oregon,FY2019,505,estate_tax
Oregon,FY2020,312,estate_tax
Oregon,FY2021,617,estate_tax
Oregon,FY2022,511,estate_tax
Oregon,FY2023,1158,estate_tax
Oregon,FY2024,769,estate_tax
Oregon,FY2025,679,estate_tax
Oregon,FY2000,32661,estate_trust
Oregon,FY2001,32936,estate_trust
Oregon,FY2002,33094,estate_trust
Oregon,FY2003,33553,estate_trust
Oregon,FY2004,33501,estate_trust
Oregon,FY2005,32955,estate_trust
Oregon,FY2006,33391,estate_trust
Oregon,FY2007,34009,estate_trust
Oregon,FY2008,35583,estate_trust
Oregon,FY2009,36828,estate_trust
Oregon,FY2010,36257,estate_trust
Oregon,FY2011,36323,estate_trust
Oregon,FY2012,35716,estate_trust
Oregon,FY2013,36051,estate_trust
Oregon,FY2014,35611,estate_trust
Oregon,FY2015,33496,estate_trust
Oregon,FY2016,33163,estate_trust
Oregon,FY2017,31600,estate_trust
Oregon,FY2018,32341,estate_trust
Oregon,FY2019,33008,estate_trust
Oregon,FY2020,29667,estate_trust
Oregon,FY2021,33801,estate_trust
Oregon,FY2022,31395,estate_trust
Oregon,FY2023,35264,estate_trust
Oregon,FY2024,33351,estate_trust
Oregon,FY2025,34428,estate_trust
Oregon,FY2000,9069,estate_trust_estimated
Oregon,FY2001,9202,estate_trust_estimated
Oregon,FY2002,6948,estate_trust_estimated
Oregon,FY2003,6040,estate_trust_estimated
Oregon,FY2004,6597,estate_trust_estimated
Oregon,FY2005,4852.484190643542,estate_trust_estimated
Oregon,FY2006,6583,estate_trust_estimated
Oregon,FY2007,8129,estate_trust_estimated
Oregon,FY2008,10221,estate_trust_estimated
Oregon,FY2009,5925,estate_trust_estimated
Oregon,FY2010,3481,estate_trust_estimated
Oregon,FY2011,3822,estate_trust_estimated
Oregon,FY2012,4004,estate_trust_estimated
Oregon,FY2013,5503,estate_trust_estimated
Oregon,FY2014,5655.83041180472,estate_trust_estimated
Oregon,FY2015,8621.432428910886,estate_trust_estimated
Oregon,FY2016,7444,estate_trust_estimated
Oregon,FY2017,6417,estate_trust_estimated
Oregon,FY2018,7998,estate_trust_estimated
Oregon,FY2019,8779,estate_trust_estimated
Oregon,FY2020,7231,estate_trust_estimated
Oregon,FY2021,7353,estate_trust_estimated
Oregon,FY2022,9364,estate_trust_estimated
Oregon,FY2023,6481,estate_trust_estimated
Oregon,FY2024,6309,estate_trust_estimated
Oregon,FY2025,8597,estate_trust_estimated
Oregon,FY2000,12723,excise
Oregon,FY2001,10617,excise
Oregon,FY2002,12196,excise
Oregon,FY2003,11058,excise
Oregon,FY2004,8437,excise
Oregon,FY2005,14709,excise
Oregon,FY2006,12750,excise
Oregon,FY2007,11928,excise
Oregon,FY2008,11648,excise
Oregon,FY2009,10437,excise
Oregon,FY2010,10723,excise
Oregon,FY2011,6423,excise
Oregon,FY2012,15439,excise
Oregon,FY2013,11802,excise
Oregon,FY2014,12728,excise
Oregon,FY2015,13149,excise
Oregon,FY2016,12972,excise
Oregon,FY2017,12684,excise
Oregon,FY2018,13217,excise
Oregon,FY2019,13332,excise
Oregon,FY2020,10414,excise
Oregon,FY2021,15712,excise
Oregon,FY2022,13378,excise
Oregon,FY2023,14415,excise
Oregon,FY2024,13229,excise
Oregon,FY2025,13121,excise
Oregon,FY2000,3632,gift_tax
Oregon,FY2001,3830,gift_tax
Oregon,FY2002,3171,gift_tax
Oregon,FY2003,3210,gift_tax
Oregon,FY2004,2718,gift_tax
Oregon,FY2005,3089,gift_tax
Oregon,FY2006,2886,gift_tax
Oregon,FY2007,3103,gift_tax
Oregon,FY2008,3152,gift_tax
Oregon,FY2009,3061,gift_tax
Oregon,FY2010,2846,gift_tax
Oregon,FY2011,2441,gift_tax
Oregon,FY2012,3075,gift_tax
Oregon,FY2013,3724,gift_tax
Oregon,FY2014,3754,gift_tax
Oregon,FY2015,3119,gift_tax
Oregon,FY2016,3149,gift_tax
Oregon,FY2017,3281,gift_tax
Oregon,FY2018,3508,gift_tax
Oregon,FY2019,3596,gift_tax
Oregon,FY2020,2343,gift_tax
Oregon,FY2021,4197,gift_tax
Oregon,FY2022,3700,gift_tax
Oregon,FY2023,8418,gift_tax
Oregon,FY2024,4734,gift_tax
Oregon,FY2025,4920,gift_tax
Oregon,FY2000,559260,individual_estimated
Oregon,FY2001,519356,individual_estimated
Oregon,FY2002,519406,individual_estimated
Oregon,FY2003,432854,individual_estimated
Oregon,FY2004,432950.0483870968,individual_estimated
Oregon,FY2005,407881,individual_estimated
Oregon,FY2006,455507,individual_estimated
Oregon,FY2007,455903,individual_estimated
Oregon,FY2008,468462,individual_estimated
Oregon,FY2009,419102,individual_estimated
Oregon,FY2010,355594,individual_estimated
Oregon,FY2011,356459,individual_estimated
Oregon,FY2012,340675,individual_estimated
Oregon,FY2013,387210,individual_estimated
Oregon,FY2014,374911,individual_estimated
Oregon,FY2015,391831,individual_estimated
Oregon,FY2016,384677,individual_estimated
Oregon,FY2017,377061,individual_estimated
Oregon,FY2018,384437,individual_estimated
Oregon,FY2019,393614,individual_estimated
Oregon,FY2020,246724,individual_estimated
Oregon,FY2021,31397,individual_estimated
Oregon,FY2022,9060,individual_estimated
Oregon,FY2023,10442,individual_estimated
Oregon,FY2024,13276,individual_estimated
Oregon,FY2025,75581,individual_estimated
Oregon,FY2000,1533622,individual_income
Oregon,FY2001,1556300,individual_income
Oregon,FY2002,1572397,individual_income
Oregon,FY2003,1571969,individual_income
Oregon,FY2004,1569785,individual_income
Oregon,FY2005,1602105,individual_income
Oregon,FY2006,1629305,individual_income
Oregon,FY2007,1689279,individual_income
Oregon,FY2008,1908694,individual_income
Oregon,FY2009,1759057,individual_income
Oregon,FY2010,1723747,individual_income
Oregon,FY2011,1733500,individual_income
Oregon,FY2012,1748979,individual_income
Oregon,FY2013,1764981,individual_income
Oregon,FY2014,1789210,individual_income
Oregon,FY2015,1828447,individual_income
Oregon,FY2016,1874761,individual_income
Oregon,FY2017,1894466,individual_income
Oregon,FY2018,1932612,individual_income
Oregon,FY2019,1960610,individual_income
Oregon,FY2020,2047337,individual_income
Oregon,FY2021,2145710,individual_income
Oregon,FY2022,2071256,individual_income
Oregon,FY2023,2076547,individual_income
Oregon,FY2024,2076524,individual_income
Oregon,FY2025,2059685,individual_income
Oregon,FY2000,26995,partnership
Oregon,FY2001,28409,partnership
Oregon,FY2002,29646,partnership
Oregon,FY2003,31810,partnership
Oregon,FY2004,34019,partnership
Oregon,FY2005,35513,partnership
Oregon,FY2006,37381,partnership
Oregon,FY2007,42311,partnership
Oregon,FY2008,45788,partnership
Oregon,FY2009,48752,partnership
Oregon,FY2010,47685,partnership
Oregon,FY2011,47337,partnership
Oregon,FY2012,47134,partnership
Oregon,FY2013,47310,partnership
Oregon,FY2014,48262,partnership
Oregon,FY2015,48918,partnership
Oregon,FY2016,50325,partnership
Oregon,FY2017,51023,partnership
Oregon,FY2018,52439,partnership
Oregon,FY2019,49642,partnership
Oregon,FY2020,53732,partnership
Oregon,FY2021,57160,partnership
Oregon,FY2022,53130,partnership
Oregon,FY2023,60156,partnership
Oregon,FY2024,57053,partnership
Oregon,FY2025,58216,partnership
Oregon,FY2004,44265,s_corporation
Oregon,FY2005,45074,s_corporation
Oregon,FY2006,47805,s_corporation
Oregon,FY2007,50268,s_corporation
Oregon,FY2008,56665,s_corporation
Oregon,FY2009,56099,s_corporation
Oregon,FY2010,56380,s_corporation
Oregon,FY2011,55564,s_corporation
Oregon,FY2012,55080,s_corporation
Oregon,FY2013,54400,s_corporation
Oregon,FY2014,54234,s_corporation
Oregon,FY2015,55147,s_corporation
Oregon,FY2016,56599,s_corporation
Oregon,FY2017,58331,s_corporation
Oregon,FY2018,60394,s_corporation
Oregon,FY2019,61998,s_corporation
Oregon,FY2020,59554,s_corporation
Oregon,FY2021,62569,s_corporation
Oregon,FY2022,65511,s_corporation
Oregon,FY2023,69043,s_corporation
Oregon,FY2024,68242,s_corporation
Oregon,FY2025,69900,s_corporation
Oregon,FY2000,230832,supplemental
Oregon,FY2001,238700,supplemental
Oregon,FY2002,285417.59037025797,supplemental
Oregon,FY2003,275823.62945041776,supplemental
Oregon,FY2004,278861.6462941763,supplemental
Oregon,FY2005,277403,supplemental
Oregon,FY2006,247008,supplemental
Oregon,FY2007,278823,supplemental
Oregon,FY2008,292961,supplemental
Oregon,FY2009,306343,supplemental
Oregon,FY2010,280727,supplemental
Oregon,FY2011,302849.8753250376,supplemental
Oregon,FY2012,301597,supplemental
Oregon,FY2013,308722,supplemental
Oregon,FY2014,299165,supplemental
Oregon,FY2015,313779,supplemental
Oregon,FY2016,307225,supplemental
Oregon,FY2017,345660,supplemental
Oregon,FY2018,364634,supplemental
Oregon,FY2019,382826,supplemental
Oregon,FY2020,268484,supplemental
Oregon,FY2021,354244,supplemental
Oregon,FY2022,506069,supplemental
Oregon,FY2023,511904,supplemental
Oregon,FY2024,477694.1510192221,supplemental
Oregon,FY2025,495696.37085463846,supplemental
Oregon,FY2000,10591,tax_exempt
Oregon,FY2001,11041,tax_exempt
Oregon,FY2002,11090,tax_exempt
Oregon,FY2003,11505,tax_exempt
Oregon,FY2004,11866,tax_exempt
Oregon,FY2005,11658,tax_exempt
Oregon,FY2006,12207,tax_exempt
Oregon,FY2007,13252,tax_exempt
Oregon,FY2008,13404,tax_exempt
Oregon,FY2009,16667,tax_exempt
Oregon,FY2010,20392,tax_exempt
Oregon,FY2011,20674,tax_exempt
Oregon,FY2012,20690,tax_exempt
Oregon,FY2013,21865,tax_exempt
Oregon,FY2014,21994,tax_exempt
Oregon,FY2015,22726,tax_exempt
Oregon,FY2016,20693,tax_exempt
Oregon,FY2017,21639,tax_exempt
Oregon,FY2018,22124,tax_exempt
Oregon,FY2019,22215,tax_exempt
Oregon,FY2020,18958,tax_exempt
Oregon,FY2021,22916,tax_exempt
Oregon,FY2022,23505,tax_exempt
Oregon,FY2023,23798,tax_exempt
Oregon,FY2024,23705,tax_exempt
Oregon,FY2025,24022,tax_exempt
Oregon,FY2000,2916919,total
Oregon,FY2001,2903326,total
Oregon,FY2002,2956345.590370258,total
Oregon,FY2003,2869111.625369384,total
Oregon,FY2004,2878468.2210204834,total
Oregon,FY2005,2898692.484190644,total
Oregon,FY2006,2958526,total
Oregon,FY2007,3058215,total
Oregon,FY2008,3323198,total
Oregon,FY2009,3130465,total
Oregon,FY2010,2995587,total
Oregon,FY2011,3015253.8753250376,total
Oregon,FY2012,3019820,total
Oregon,FY2013,3094660,total
Oregon,FY2014,3099034.830411805,total
Oregon,FY2015,3177490,total
Oregon,FY2016,3217893,total
Oregon,FY2017,3275990,total
Oregon,FY2018,3356232,total
Oregon,FY2019,3424462,total
Oregon,FY2020,3188155,total
Oregon,FY2021,3249616,total
Oregon,FY2022,3286102,total
Oregon,FY2023,3363550,total
Oregon,FY2024,3285272.151019222,total
Oregon,FY2025,3362503,total
Other,FY2004,34029,c_corporation
Other,FY2005,31708,c_corporation
Other,FY2006,32330,c_corporation
Other,FY2007,35921,c_corporation
Other,FY2008,41331,c_corporation
Other,FY2009,39311,c_corporation
Other,FY2010,38968,c_corporation
Other,FY2011,37561,c_corporation
Other,FY2012,39476,c_corporation
Other,FY2013,42914,c_corporation
Other,FY2014,45195,c_corporation
Other,FY2015,49397,c_corporation
Other,FY2016,51003,c_corporation
Other,FY2017,47810,c_corporation
Other,FY2018,53505,c_corporation
Other,FY2019,54265,c_corporation
Other,FY2020,49185,c_corporation
Other,FY2021,56884,c_corporation
Other,FY2022,61047,c_corporation
Other,FY2023,64976,c_corporation
Other,FY2024,63995,c_corporation
Other,FY2025,64288,c_corporation
Other,FY2000,30251,corporation_total
Other,FY2001,32256,corporation_total
Other,FY2002,32677,corporation_total
Other,FY2003,34189,corporation_total
Other,FY2000,675,employee_plan
Other,FY2001,788,employee_plan
Other,FY2000,15972,employment
Other,FY2001,20290,employment
Other,FY2002,23776,employment
Other,FY2003,27072.017127536747,employment
Other,FY2004,25403.291435064177,employment
Other,FY2005,29932,employment
Other,FY2006,257712,employment
Other,FY2007,244725,employment
Other,FY2008,247807,employment
Other,FY2009,241886,employment
Other,FY2010,240227,employment
Other,FY2011,233352,employment
Other,FY2012,22807,employment
Other,FY2013,27960,employment
Other,FY2014,28778,employment
Other,FY2015,23149,employment
Other,FY2016,33236,employment
Other,FY2017,20287,employment
Other,FY2018,20463,employment
Other,FY2019,19941,employment
Other,FY2020,12523,employment
Other,FY2021,17212,employment
Other,FY2022,19758,employment
Other,FY2023,24549,employment
Other,FY2024,18659,employment
Other,FY2025,19177,employment
Other,FY2000,841,estate_tax
Other,FY2001,990,estate_tax
Other,FY2002,966,estate_tax
Other,FY2003,818,estate_tax
Other,FY2004,866,estate_tax
Other,FY2005,804,estate_tax
Other,FY2006,917,estate_tax
Other,FY2007,695,estate_tax
Other,FY2008,685,estate_tax
Other,FY2009,677,estate_tax
Other,FY2010,611,estate_tax
Other,FY2011,432,estate_tax
Other,FY2012,537,estate_tax
Other,FY2013,669,estate_tax
Other,FY2014,760,estate_tax
Other,FY2015,872,estate_tax
Other,FY2016,923,estate_tax
Other,FY2017,1076,estate_tax
Other,FY2018,926,estate_tax
Other,FY2019,930,estate_tax
Other,FY2020,668,estate_tax
Other,FY2021,1195,estate_tax
Other,FY2022,1055,estate_tax
Other,FY2023,1868,estate_tax
Other,FY2024,1476,estate_tax
Other,FY2025,1522,estate_tax
Other,FY2000,1530,estate_trust
Other,FY2001,1645,estate_trust
Other,FY2002,1646,estate_trust
Other,FY2003,1589,estate_trust
Other,FY2004,1553,estate_trust
Other,FY2005,1737,estate_trust
Other,FY2006,2345,estate_trust
Other,FY2007,3288,estate_trust
Other,FY2008,3691,estate_trust
Other,FY2009,3942,estate_trust
Other,FY2010,3493,estate_trust
Other,FY2011,3569,estate_trust
Other,FY2012,3055,estate_trust
Other,FY2013,3265,estate_trust
Other,FY2014,3267,estate_trust
Other,FY2015,3252,estate_trust
Other,FY2016,3395,estate_trust
Other,FY2017,2959,estate_trust
Other,FY2018,3229,estate_trust
Other,FY2019,8392,estate_trust
Other,FY2020,7715,estate_trust
Other,FY2021,8193,estate_trust
Other,FY2022,7297,estate_trust
Other,FY2023,11000,estate_trust
Other,FY2024,17478,estate_trust
Other,FY2025,13895,estate_trust
Other,FY2000,498,estate_trust_estimated
Other,FY2001,537,estate_trust_estimated
Other,FY2002,431,estate_trust_estimated
Other,FY2003,293,estate_trust_estimated
Other,FY2004,246,estate_trust_estimated
Other,FY2005,388.87294221011393,estate_trust_estimated
Other,FY2006,646,estate_trust_estimated
Other,FY2007,837,estate_trust_estimated
Other,FY2008,1084,estate_trust_estimated
Other,FY2009,789,estate_trust_estimated
Other,FY2010,437,estate_trust_estimated
Other,FY2011,431,estate_trust_estimated
Other,FY2012,385,estate_trust_estimated
Other,FY2013,452,estate_trust_estimated
Other,FY2014,991.1169483543508,estate_trust_estimated
Other,FY2015,661.5106517945007,estate_trust_estimated
Other,FY2016,563,estate_trust_estimated
Other,FY2017,500,estate_trust_estimated
Other,FY2018,538,estate_trust_estimated
Other,FY2019,489,estate_trust_estimated
Other,FY2020,417,estate_trust_estimated
Other,FY2021,437,estate_trust_estimated
Other,FY2022,506,estate_trust_estimated
Other,FY2023,366,estate_trust_estimated
Other,FY2024,373,estate_trust_estimated
Other,FY2025,584,estate_trust_estimated
Other,FY2000,7673,excise
Other,FY2001,7894,excise
Other,FY2002,7041,excise
Other,FY2003,6141,excise
Other,FY2004,5773,excise
Other,FY2005,7999,excise
Other,FY2006,8249,excise
Other,FY2007,7420,excise
Other,FY2008,6403,excise
Other,FY2009,6376,excise
Other,FY2010,6063,excise
Other,FY2011,3985,excise
Other,FY2012,7841,excise
Other,FY2013,6206,excise
Other,FY2014,9647,excise
Other,FY2015,7551,excise
Other,FY2016,7218,excise
Other,FY2017,6839,excise
Other,FY2018,6606,excise
Other,FY2019,6491,excise
Other,FY2020,4517,excise
Other,FY2021,6941,excise
Other,FY2022,6550,excise
Other,FY2023,6622,excise
Other,FY2024,5573,excise
Other,FY2025,5741,excise
Other,FY2000,548,gift_tax
Other,FY2001,704,gift_tax
Other,FY2002,674,gift_tax
Other,FY2003,795,gift_tax
Other,FY2004,718,gift_tax
Other,FY2005,616,gift_tax
Other,FY2006,815,gift_tax
Other,FY2007,812,gift_tax
Other,FY2008,810,gift_tax
Other,FY2009,943,gift_tax
Other,FY2010,947,gift_tax
Other,FY2011,945,gift_tax
Other,FY2012,1190,gift_tax
Other,FY2013,1882,gift_tax
Other,FY2014,4490,gift_tax
Other,FY2015,1959,gift_tax
Other,FY2016,2166,gift_tax
Other,FY2017,2253,gift_tax
Other,FY2018,2298,gift_tax
Other,FY2019,2297,gift_tax
Other,FY2020,1483,gift_tax
Other,FY2021,2844,gift_tax
Other,FY2022,3181,gift_tax
Other,FY2023,5202,gift_tax
Other,FY2024,3433,gift_tax
Other,FY2025,3479,gift_tax
Other,FY2000,152958,individual_estimated
Other,FY2001,143902,individual_estimated
Other,FY2002,136273,individual_estimated
Other,FY2003,118407,individual_estimated
Other,FY2004,122348.2258064516,individual_estimated
Other,FY2005,116691,individual_estimated
Other,FY2006,221297,individual_estimated
Other,FY2007,229107,individual_estimated
Other,FY2008,231303,individual_estimated
Other,FY2009,226380,individual_estimated
Other,FY2010,193745,individual_estimated
Other,FY2011,182338,individual_estimated
Other,FY2012,109355,individual_estimated
Other,FY2013,130766,individual_estimated
Other,FY2014,128394,individual_estimated
Other,FY2015,122272,individual_estimated
Other,FY2016,103161,individual_estimated
Other,FY2017,94111,individual_estimated
Other,FY2018,92306,individual_estimated
Other,FY2019,90428,individual_estimated
Other,FY2020,73446,individual_estimated
Other,FY2021,72930,individual_estimated
Other,FY2022,64098,individual_estimated
Other,FY2023,58787,individual_estimated
Other,FY2024,60675,individual_estimated
Other,FY2025,60310,individual_estimated
Other,FY2000,1086748,individual_income
Other,FY2001,1165368,individual_income
Other,FY2002,1179911,individual_income
Other,FY2003,1217304,individual_income
Other,FY2004,1288492,individual_income
Other,FY2005,1299122,individual_income
Other,FY2006,1572510,individual_income
Other,FY2007,1549808,individual_income
Other,FY2008,1771803,individual_income
Other,FY2009,1967395,individual_income
Other,FY2010,1644821,individual_income
Other,FY2011,1620363,individual_income
Other,FY2012,1428947,individual_income
Other,FY2013,1471169,individual_income
Other,FY2014,1517509,individual_income
Other,FY2015,1529591,individual_income
Other,FY2016,1612314,individual_income
Other,FY2017,1554091,individual_income
Other,FY2018,1730023,individual_income
Other,FY2019,1705656,individual_income
Other,FY2020,900560,individual_income
Other,FY2021,1328742,individual_income
Other,FY2022,911704,individual_income
Other,FY2023,1438514,individual_income
Other,FY2024,1232617,individual_income
Other,FY2025,1287458,individual_income
Other,FY2000,3152,partnership
Other,FY2001,3320,partnership
Other,FY2002,3811,partnership
Other,FY2003,3926,partnership
Other,FY2004,4252,partnership
Other,FY2005,5193,partnership
Other,FY2006,7367,partnership
Other,FY2007,9436,partnership
Other,FY2008,11393,partnership
Other,FY2009,13269,partnership
Other,FY2010,13339,partnership
Other,FY2011,13018,partnership
Other,FY2012,12911,partnership
Other,FY2013,13884,partnership
Other,FY2014,14771,partnership
Other,FY2015,15699,partnership
Other,FY2016,16902,partnership
Other,FY2017,17248,partnership
Other,FY2018,18535,partnership
Other,FY2019,15534,partnership
Other,FY2020,16356,partnership
Other,FY2021,25773,partnership
Other,FY2022,19436,partnership
Other,FY2023,24463,partnership
Other,FY2024,22357,partnership
Other,FY2025,23212,partnership
Other,FY2004,967,s_corporation
Other,FY2005,900,s_corporation
Other,FY2006,987,s_corporation
Other,FY2007,1024,s_corporation
Other,FY2008,1312,s_corporation
Other,FY2009,1211,s_corporation
Other,FY2010,1020,s_corporation
Other,FY2011,910,s_corporation
Other,FY2012,700,s_corporation
Other,FY2013,764,s_corporation
Other,FY2014,742,s_corporation
Other,FY2015,726,s_corporation
Other,FY2016,795,s_corporation
Other,FY2017,743,s_corporation
Other,FY2018,846,s_corporation
Other,FY2019,880,s_corporation
Other,FY2020,753,s_corporation
Other,FY2021,883,s_corporation
Other,FY2022,883,s_corporation
Other,FY2023,1039,s_corporation
Other,FY2024,1067,s_corporation
Other,FY2025,1043,s_corporation
Other,FY2000,371642,supplemental
Other,FY2001,392943,supplemental
Other,FY2002,430646,supplemental
Other,FY2003,460195.169190806,supplemental
Other,FY2004,512328.23576387606,supplemental
Other,FY2005,522353,supplemental
Other,FY2006,465730,supplemental
Other,FY2007,478760,supplemental
Other,FY2008,510013,supplemental
Other,FY2009,518772,supplemental
Other,FY2010,510950,supplemental
Other,FY2011,563995.728206451,supplemental
Other,FY2012,542623,supplemental
Other,FY2013,528572,supplemental
Other,FY2014,554335,supplemental
Other,FY2015,581098,supplemental
Other,FY2016,592176,supplemental
Other,FY2017,613821,supplemental
Other,FY2018,649678,supplemental
Other,FY2019,660676,supplemental
Other,FY2020,540660,supplemental
Other,FY2021,548208,supplemental
Other,FY2022,724642,supplemental
Other,FY2023,775199,supplemental
Other,FY2024,788982.7564967674,supplemental
Other,FY2025,777269.8897809196,supplemental
Other,FY2000,765,tax_exempt
Other,FY2001,824,tax_exempt
Other,FY2002,992,tax_exempt
Other,FY2003,1045,tax_exempt
Other,FY2004,1143,tax_exempt
Other,FY2005,1041,tax_exempt
Other,FY2006,1552,tax_exempt
Other,FY2007,1596,tax_exempt
Other,FY2008,1633,tax_exempt
Other,FY2009,1970,tax_exempt
Other,FY2010,2212,tax_exempt
Other,FY2011,2456,tax_exempt
Other,FY2012,1033,tax_exempt
Other,FY2013,1127,tax_exempt
Other,FY2014,1214,tax_exempt
Other,FY2015,1491,tax_exempt
Other,FY2016,1627,tax_exempt
Other,FY2017,1668,tax_exempt
Other,FY2018,1505,tax_exempt
Other,FY2019,1582,tax_exempt
Other,FY2020,1189,tax_exempt
Other,FY2021,1437,tax_exempt
Other,FY2022,1426,tax_exempt
Other,FY2023,1267,tax_exempt
Other,FY2024,1375,tax_exempt
Other,FY2025,1346,tax_exempt
Other,FY2000,1673253,total
Other,FY2001,1771461,total
Other,FY2002,1818844,total
Other,FY2003,1871774.1863183423,total
Other,FY2004,1998118.753005392,total
Other,FY2005,2018484.8729422104,total
Other,FY2006,2572457,total
Other,FY2007,2563429,total
Other,FY2008,2829268,total
Other,FY2009,3022921,total
Other,FY2010,2656833,total
Other,FY2011,2663355.728206451,total
Other,FY2012,2170860,total
Other,FY2013,2229630,total
Other,FY2014,2310093.116948354,total
Other,FY2015,2337719,total
Other,FY2016,2425479,total
Other,FY2017,2363406,total
Other,FY2018,2580458,total
Other,FY2019,2567561,total
Other,FY2020,1609472,total
Other,FY2021,2071679,total
Other,FY2022,1821583,total
Other,FY2023,2413852,total
Other,FY2024,2218060.7564967675,total
Other,FY2025,2259325,total
Pennsylvania,FY2004,75638,c_corporation
Pennsylvania,FY2005,73125,c_corporation
Pennsylvania,FY2006,69866,c_corporation
Pennsylvania,FY2007,71465,c_corporation
Pennsylvania,FY2008,67904,c_corporation
Pennsylvania,FY2009,68009,c_corporation
Pennsylvania,FY2010,64218,c_corporation
Pennsylvania,FY2011,62092,c_corporation
Pennsylvania,FY2012,61345,c_corporation
Pennsylvania,FY2013,58240,c_corporation
Pennsylvania,FY2014,57220,c_corporation
Pennsylvania,FY2015,55708,c_corporation
Pennsylvania,FY2016,55395,c_corporation
Pennsylvania,FY2017,51854,c_corporation
Pennsylvania,FY2018,51627,c_corporation
Pennsylvania,FY2019,51321,c_corporation
Pennsylvania,FY2020,42607,c_corporation
Pennsylvania,FY2021,50941,c_corporation
Pennsylvania,FY2022,47169,c_corporation
Pennsylvania,FY2023,56035,c_corporation
Pennsylvania,FY2024,49988,c_corporation
Pennsylvania,FY2025,52722,c_corporation
Pennsylvania,FY2000,190848,corporation_total
Pennsylvania,FY2001,188950,corporation_total
Pennsylvania,FY2002,195675,corporation_total
Pennsylvania,FY2003,200200,corporation_total
Pennsylvania,FY2000,56671,employee_plan
Pennsylvania,FY2001,39787,employee_plan
Pennsylvania,FY2000,1181904,employment
Pennsylvania,FY2001,1181421,employment
Pennsylvania,FY2002,1185675,employment
Pennsylvania,FY2003,1202167.768359987,employment
Pennsylvania,FY2004,1208780.8144837131,employment
Pennsylvania,FY2005,1223595,employment
Pennsylvania,FY2006,1221896,employment
Pennsylvania,FY2007,1188330,employment
Pennsylvania,FY2008,1186228,employment
Pennsylvania,FY2009,1172738,employment
Pennsylvania,FY2010,1152706,employment
Pennsylvania,FY2011,1134514,employment
Pennsylvania,FY2012,1141178,employment
Pennsylvania,FY2013,1147970,employment
Pennsylvania,FY2014,1143216,employment
Pennsylvania,FY2015,1143093,employment
Pennsylvania,FY2016,1140688,employment
Pennsylvania,FY2017,1140340,employment
Pennsylvania,FY2018,1140640,employment
Pennsylvania,FY2019,1148862,employment
Pennsylvania,FY2020,1006809,employment
Pennsylvania,FY2021,1240663,employment
Pennsylvania,FY2022,1064772,employment
Pennsylvania,FY2023,1301608,employment
Pennsylvania,FY2024,1169580,employment
Pennsylvania,FY2025,1177077,employment
Pennsylvania,FY2000,5179,estate_tax
Pennsylvania,FY2001,5153,estate_tax
Pennsylvania,FY2002,4870,estate_tax
Pennsylvania,FY2003,3441,estate_tax
Pennsylvania,FY2004,2791,estate_tax
Pennsylvania,FY2005,2343,estate_tax
Pennsylvania,FY2006,2126,estate_tax
Pennsylvania,FY2007,1651,estate_tax
Pennsylvania,FY2008,1632,estate_tax
Pennsylvania,FY2009,1619,estate_tax
Pennsylvania,FY2010,912,estate_tax
Pennsylvania,FY2011,370,estate_tax
Pennsylvania,FY2012,1076,estate_tax
Pennsylvania,FY2013,1209,estate_tax
Pennsylvania,FY2014,1230,estate_tax
Pennsylvania,FY2015,1290,estate_tax
Pennsylvania,FY2016,1224,estate_tax
Pennsylvania,FY2017,1224,estate_tax
Pennsylvania,FY2018,1327,estate_tax
Pennsylvania,FY2019,945,estate_tax
Pennsylvania,FY2020,523,estate_tax
Pennsylvania,FY2021,982,estate_tax
Pennsylvania,FY2022,1040,estate_tax
Pennsylvania,FY2023,1869,estate_tax
Pennsylvania,FY2024,1116,estate_tax
Pennsylvania,FY2025,985,estate_tax
Pennsylvania,FY2000,182312,estate_trust
Pennsylvania,FY2001,175005,estate_trust
Pennsylvania,FY2002,182572,estate_trust
Pennsylvania,FY2003,179471,estate_trust
Pennsylvania,FY2004,171063,estate_trust
Pennsylvania,FY2005,177755,estate_trust
Pennsylvania,FY2006,178484,estate_trust
Pennsylvania,FY2007,178486,estate_trust
Pennsylvania,FY2008,167400,estate_trust
Pennsylvania,FY2009,176758,estate_trust
Pennsylvania,FY2010,169721,estate_trust
Pennsylvania,FY2011,170721,estate_trust
Pennsylvania,FY2012,165515,estate_trust
Pennsylvania,FY2013,162506,estate_trust
Pennsylvania,FY2014,158399,estate_trust
Pennsylvania,FY2015,156567,estate_trust
Pennsylvania,FY2016,153830,estate_trust
Pennsylvania,FY2017,144926,estate_trust
Pennsylvania,FY2018,140172,estate_trust
Pennsylvania,FY2019,135857,estate_trust
Pennsylvania,FY2020,119808,estate_trust
Pennsylvania,FY2021,142567,estate_trust
Pennsylvania,FY2022,134797,estate_trust
Pennsylvania,FY2023,155582,estate_trust
Pennsylvania,FY2024,140765,estate_trust
Pennsylvania,FY2025,139785,estate_trust
Pennsylvania,FY2000,36420,estate_trust_estimated
Pennsylvania,FY2001,36764,estate_trust_estimated
Pennsylvania,FY2002,24474,estate_trust_estimated
Pennsylvania,FY2003,34532,estate_trust_estimated
Pennsylvania,FY2004,38138,estate_trust_estimated
Pennsylvania,FY2005,30280.32002949404,estate_trust_estimated
Pennsylvania,FY2006,25358,estate_trust_estimated
Pennsylvania,FY2007,31090,estate_trust_estimated
Pennsylvania,FY2008,37694,estate_trust_estimated
Pennsylvania,FY2009,19897,estate_trust_estimated
Pennsylvania,FY2010,12575,estate_trust_estimated
Pennsylvania,FY2011,14403,estate_trust_estimated
Pennsylvania,FY2012,15358,estate_trust_estimated
Pennsylvania,FY2013,20897,estate_trust_estimated
Pennsylvania,FY2014,31737.288367955625,estate_trust_estimated
Pennsylvania,FY2015,32429.40590657692,estate_trust_estimated
Pennsylvania,FY2016,26354,estate_trust_estimated
Pennsylvania,FY2017,21541,estate_trust_estimated
Pennsylvania,FY2018,28729,estate_trust_estimated
Pennsylvania,FY2019,30355,estate_trust_estimated
Pennsylvania,FY2020,25163,estate_trust_estimated
Pennsylvania,FY2021,25850,estate_trust_estimated
Pennsylvania,FY2022,31714,estate_trust_estimated
Pennsylvania,FY2023,21017,estate_trust_estimated
Pennsylvania,FY2024,21265,estate_trust_estimated
Pennsylvania,FY2025,28751,estate_trust_estimated
Pennsylvania,FY2000,40817,excise
Pennsylvania,FY2001,33378,excise
Pennsylvania,FY2002,38326,excise
Pennsylvania,FY2003,34382,excise
Pennsylvania,FY2004,25080,excise
Pennsylvania,FY2005,44897,excise
Pennsylvania,FY2006,37237,excise
Pennsylvania,FY2007,34467,excise
Pennsylvania,FY2008,32390,excise
Pennsylvania,FY2009,30310,excise
Pennsylvania,FY2010,31501,excise
Pennsylvania,FY2011,19203,excise
Pennsylvania,FY2012,45337,excise
Pennsylvania,FY2013,33440,excise
Pennsylvania,FY2014,38090,excise
Pennsylvania,FY2015,39482,excise
Pennsylvania,FY2016,38238,excise
Pennsylvania,FY2017,37180,excise
Pennsylvania,FY2018,39292,excise
Pennsylvania,FY2019,40296,excise
Pennsylvania,FY2020,32318,excise
Pennsylvania,FY2021,49201,excise
Pennsylvania,FY2022,42570,excise
Pennsylvania,FY2023,47753,excise
Pennsylvania,FY2024,43852,excise
Pennsylvania,FY2025,44085,excise
Pennsylvania,FY2000,13655,gift_tax
Pennsylvania,FY2001,13850,gift_tax
Pennsylvania,FY2002,12897,gift_tax
Pennsylvania,FY2003,13012,gift_tax
Pennsylvania,FY2004,10820,gift_tax
Pennsylvania,FY2005,12367,gift_tax
Pennsylvania,FY2006,11347,gift_tax
Pennsylvania,FY2007,11100,gift_tax
Pennsylvania,FY2008,11106,gift_tax
Pennsylvania,FY2009,10549,gift_tax
Pennsylvania,FY2010,10260,gift_tax
Pennsylvania,FY2011,9268,gift_tax
Pennsylvania,FY2012,11024,gift_tax
Pennsylvania,FY2013,13232,gift_tax
Pennsylvania,FY2014,12893,gift_tax
Pennsylvania,FY2015,9859,gift_tax
Pennsylvania,FY2016,10588,gift_tax
Pennsylvania,FY2017,10507,gift_tax
Pennsylvania,FY2018,10459,gift_tax
Pennsylvania,FY2019,10038,gift_tax
Pennsylvania,FY2020,6127,gift_tax
Pennsylvania,FY2021,11624,gift_tax
Pennsylvania,FY2022,10244,gift_tax
Pennsylvania,FY2023,20369,gift_tax
Pennsylvania,FY2024,12400,gift_tax
Pennsylvania,FY2025,12823,gift_tax
Pennsylvania,FY2000,1923156,individual_estimated
Pennsylvania,FY2001,1845217,individual_estimated
Pennsylvania,FY2002,1695023,individual_estimated
Pennsylvania,FY2003,1519852,individual_estimated
Pennsylvania,FY2004,1432842.5,individual_estimated
Pennsylvania,FY2005,1374881,individual_estimated
Pennsylvania,FY2006,1418894,individual_estimated
Pennsylvania,FY2007,1398655,individual_estimated
Pennsylvania,FY2008,542350,individual_estimated
Pennsylvania,FY2009,49386,individual_estimated
Pennsylvania,FY2010,1124981,individual_estimated
Pennsylvania,FY2011,1109641,individual_estimated
Pennsylvania,FY2012,1064621,individual_estimated
Pennsylvania,FY2013,1164781,individual_estimated
Pennsylvania,FY2014,1121592,individual_estimated
Pennsylvania,FY2015,1155755,individual_estimated
Pennsylvania,FY2016,1108423,individual_estimated
Pennsylvania,FY2017,1070463,individual_estimated
Pennsylvania,FY2018,1085818,individual_estimated
Pennsylvania,FY2019,1082957,individual_estimated
Pennsylvania,FY2020,962008,individual_estimated
Pennsylvania,FY2021,988988,individual_estimated
Pennsylvania,FY2022,338994,individual_estimated
Pennsylvania,FY2023,49900,individual_estimated
Pennsylvania,FY2024,47805,individual_estimated
Pennsylvania,FY2025,221091,individual_estimated
Pennsylvania,FY2000,5727850,individual_income
Pennsylvania,FY2001,5796803,individual_income
Pennsylvania,FY2002,5789069,individual_income
Pennsylvania,FY2003,5773960,individual_income
Pennsylvania,FY2004,5772233,individual_income
Pennsylvania,FY2005,5804323,individual_income
Pennsylvania,FY2006,5837127,individual_income
Pennsylvania,FY2007,6033435,individual_income
Pennsylvania,FY2008,6673972,individual_income
Pennsylvania,FY2009,6151409,individual_income
Pennsylvania,FY2010,6034669,individual_income
Pennsylvania,FY2011,6113169,individual_income
Pennsylvania,FY2012,6172712,individual_income
Pennsylvania,FY2013,6140667,individual_income
Pennsylvania,FY2014,6154779,individual_income
Pennsylvania,FY2015,6175540,individual_income
Pennsylvania,FY2016,6203714,individual_income
Pennsylvania,FY2017,6186744,individual_income
Pennsylvania,FY2018,6227309,individual_income
Pennsylvania,FY2019,6256386,individual_income
Pennsylvania,FY2020,6257355,individual_income
Pennsylvania,FY2021,6672714,individual_income
Pennsylvania,FY2022,6451924,individual_income
Pennsylvania,FY2023,6486979,individual_income
Pennsylvania,FY2024,6291892,individual_income
Pennsylvania,FY2025,6362202,individual_income
Pennsylvania,FY2000,76914,partnership
Pennsylvania,FY2001,79456,partnership
Pennsylvania,FY2002,80900,partnership
Pennsylvania,FY2003,85632,partnership
Pennsylvania,FY2004,89883,partnership
Pennsylvania,FY2005,95023,partnership
Pennsylvania,FY2006,99676,partnership
Pennsylvania,FY2007,108110,partnership
Pennsylvania,FY2008,114671,partnership
Pennsylvania,FY2009,122201,partnership
Pennsylvania,FY2010,123656,partnership
Pennsylvania,FY2011,126619,partnership
Pennsylvania,FY2012,131804,partnership
Pennsylvania,FY2013,133597,partnership
Pennsylvania,FY2014,139053,partnership
Pennsylvania,FY2015,140402,partnership
Pennsylvania,FY2016,146262,partnership
Pennsylvania,FY2017,148290,partnership
Pennsylvania,FY2018,151648,partnership
Pennsylvania,FY2019,146012,partnership
Pennsylvania,FY2020,157512,partnership
Pennsylvania,FY2021,165944,partnership
Pennsylvania,FY2022,157349,partnership
Pennsylvania,FY2023,176732,partnership
Pennsylvania,FY2024,169362,partnership
Pennsylvania,FY2025,172150,partnership
Pennsylvania,FY2004,132491,s_corporation
Pennsylvania,FY2005,135281,s_corporation
Pennsylvania,FY2006,140383,s_corporation
Pennsylvania,FY2007,148094,s_corporation
Pennsylvania,FY2008,153316,s_corporation
Pennsylvania,FY2009,155700,s_corporation
Pennsylvania,FY2010,157425,s_corporation
Pennsylvania,FY2011,158604,s_corporation
Pennsylvania,FY2012,162292,s_corporation
Pennsylvania,FY2013,159121,s_corporation
Pennsylvania,FY2014,160091,s_corporation
Pennsylvania,FY2015,160545,s_corporation
Pennsylvania,FY2016,162044,s_corporation
Pennsylvania,FY2017,164857,s_corporation
Pennsylvania,FY2018,166309,s_corporation
Pennsylvania,FY2019,168049,s_corporation
Pennsylvania,FY2020,163129,s_corporation
Pennsylvania,FY2021,172900,s_corporation
Pennsylvania,FY2022,170479,s_corporation
Pennsylvania,FY2023,191611,s_corporation
Pennsylvania,FY2024,183977,s_corporation
Pennsylvania,FY2025,185952,s_corporation
Pennsylvania,FY2000,508759.6510565255,supplemental
Pennsylvania,FY2001,547216.8631022035,supplemental
Pennsylvania,FY2002,576508.8711461308,supplemental
Pennsylvania,FY2003,583014.2794531571,supplemental
Pennsylvania,FY2004,554823.2985800805,supplemental
Pennsylvania,FY2005,485872,supplemental
Pennsylvania,FY2006,485439,supplemental
Pennsylvania,FY2007,557825,supplemental
Pennsylvania,FY2008,580043,supplemental
Pennsylvania,FY2009,615525,supplemental
Pennsylvania,FY2010,586813,supplemental
Pennsylvania,FY2011,656359.1986754816,supplemental
Pennsylvania,FY2012,694907,supplemental
Pennsylvania,FY2013,661715,supplemental
Pennsylvania,FY2014,614349,supplemental
Pennsylvania,FY2015,652839,supplemental
Pennsylvania,FY2016,631077,supplemental
Pennsylvania,FY2017,704496,supplemental
Pennsylvania,FY2018,748337,supplemental
Pennsylvania,FY2019,771865,supplemental
Pennsylvania,FY2020,549165,supplemental
Pennsylvania,FY2021,817275,supplemental
Pennsylvania,FY2022,1167183,supplemental
Pennsylvania,FY2023,1173996,supplemental
Pennsylvania,FY2024,1110765.2835548213,supplemental
Pennsylvania,FY2025,1168571.1597028524,supplemental
Pennsylvania,FY2000,36074,tax_exempt
Pennsylvania,FY2001,34802,tax_exempt
Pennsylvania,FY2002,36006,tax_exempt
Pennsylvania,FY2003,38109,tax_exempt
Pennsylvania,FY2004,38482,tax_exempt
Pennsylvania,FY2005,37946,tax_exempt
Pennsylvania,FY2006,40394,tax_exempt
Pennsylvania,FY2007,45658,tax_exempt
Pennsylvania,FY2008,46092,tax_exempt
Pennsylvania,FY2009,56423,tax_exempt
Pennsylvania,FY2010,65096,tax_exempt
Pennsylvania,FY2011,66149,tax_exempt
Pennsylvania,FY2012,68106,tax_exempt
Pennsylvania,FY2013,70482,tax_exempt
Pennsylvania,FY2014,66650,tax_exempt
Pennsylvania,FY2015,70918,tax_exempt
Pennsylvania,FY2016,70655,tax_exempt
Pennsylvania,FY2017,68792,tax_exempt
Pennsylvania,FY2018,71193,tax_exempt
Pennsylvania,FY2019,72710,tax_exempt
Pennsylvania,FY2020,61641,tax_exempt
Pennsylvania,FY2021,82903,tax_exempt
Pennsylvania,FY2022,84605,tax_exempt
Pennsylvania,FY2023,81718,tax_exempt
Pennsylvania,FY2024,80176,tax_exempt
Pennsylvania,FY2025,80622,tax_exempt
Pennsylvania,FY2000,9980559.651056526,total
Pennsylvania,FY2001,9977802.863102203,total
Pennsylvania,FY2002,9821995.871146131,total
Pennsylvania,FY2003,9667773.047813144,total
Pennsylvania,FY2004,9553065.613063794,total
Pennsylvania,FY2005,9497688.320029492,total
Pennsylvania,FY2006,9568227,total
Pennsylvania,FY2007,9808366,total
Pennsylvania,FY2008,9614798,total
Pennsylvania,FY2009,8630524,total
Pennsylvania,FY2010,9534533,total
Pennsylvania,FY2011,9641112.198675482,total
Pennsylvania,FY2012,9735275,total
Pennsylvania,FY2013,9767857,total
Pennsylvania,FY2014,9699299.288367957,total
Pennsylvania,FY2015,9794427,total
Pennsylvania,FY2016,9748492,total
Pennsylvania,FY2017,9751214,total
Pennsylvania,FY2018,9862860,total
Pennsylvania,FY2019,9915653,total
Pennsylvania,FY2020,9384165,total
Pennsylvania,FY2021,10422552,total
Pennsylvania,FY2022,9702840,total
Pennsylvania,FY2023,9765169,total
Pennsylvania,FY2024,9322943.283554822,total
Pennsylvania,FY2025,9646816,total
Puerto Rico,FY2004,706,c_corporation
Puerto Rico,FY2005,562,c_corporation
Puerto Rico,FY2012,426,c_corporation
Puerto Rico,FY2013,451,c_corporation
Puerto Rico,FY2014,431,c_corporation
Puerto Rico,FY2015,416,c_corporation
Puerto Rico,FY2016,444,c_corporation
Puerto Rico,FY2017,425,c_corporation
Puerto Rico,FY2018,463,c_corporation
Puerto Rico,FY2019,504,c_corporation
Puerto Rico,FY2020,399,c_corporation
Puerto Rico,FY2021,554,c_corporation
Puerto Rico,FY2022,575,c_corporation
Puerto Rico,FY2023,561,c_corporation
Puerto Rico,FY2024,641,c_corporation
Puerto Rico,FY2025,634,c_corporation
Puerto Rico,FY2000,800,corporation_total
Puerto Rico,FY2001,689,corporation_total
Puerto Rico,FY2002,662,corporation_total
Puerto Rico,FY2003,737,corporation_total
Puerto Rico,FY2000,3710,employee_plan
Puerto Rico,FY2001,2901,employee_plan
Puerto Rico,FY2000,213377,employment
Puerto Rico,FY2001,215261,employment
Puerto Rico,FY2002,213124,employment
Puerto Rico,FY2003,229641.41012161307,employment
Puerto Rico,FY2004,231633.1094526911,employment
Puerto Rico,FY2005,231189,employment
Puerto Rico,FY2012,213140,employment
Puerto Rico,FY2013,210097,employment
Puerto Rico,FY2014,207783,employment
Puerto Rico,FY2015,210670,employment
Puerto Rico,FY2016,210846,employment
Puerto Rico,FY2017,214236,employment
Puerto Rico,FY2018,206886,employment
Puerto Rico,FY2019,215834,employment
Puerto Rico,FY2020,156042,employment
Puerto Rico,FY2021,206949,employment
Puerto Rico,FY2022,264123,employment
Puerto Rico,FY2023,284131,employment
Puerto Rico,FY2024,243819,employment
Puerto Rico,FY2025,247389,employment
Puerto Rico,FY2000,26,estate_tax
Puerto Rico,FY2001,36,estate_tax
Puerto Rico,FY2002,31,estate_tax
Puerto Rico,FY2003,23,estate_tax
Puerto Rico,FY2004,19,estate_tax
Puerto Rico,FY2005,22,estate_tax
Puerto Rico,FY2012,32,estate_tax
Puerto Rico,FY2013,30,estate_tax
Puerto Rico,FY2014,36,estate_tax
Puerto Rico,FY2015,47,estate_tax
Puerto Rico,FY2016,49,estate_tax
Puerto Rico,FY2017,43,estate_tax
Puerto Rico,FY2018,33,estate_tax
Puerto Rico,FY2019,35,estate_tax
Puerto Rico,FY2020,40,estate_tax
Puerto Rico,FY2021,37,estate_tax
Puerto Rico,FY2022,36,estate_tax
Puerto Rico,FY2023,56,estate_tax
Puerto Rico,FY2024,50,estate_tax
Puerto Rico,FY2025,30,estate_tax
Puerto Rico,FY2000,443,estate_trust
Puerto Rico,FY2001,385,estate_trust
Puerto Rico,FY2002,366,estate_trust
Puerto Rico,FY2003,316,estate_trust
Puerto Rico,FY2004,318,estate_trust
Puerto Rico,FY2005,298,estate_trust
Puerto Rico,FY2012,220,estate_trust
Puerto Rico,FY2013,325,estate_trust
Puerto Rico,FY2014,287,estate_trust
Puerto Rico,FY2015,287,estate_trust
Puerto Rico,FY2016,266,estate_trust
Puerto Rico,FY2017,333,estate_trust
Puerto Rico,FY2018,266,estate_trust
Puerto Rico,FY2019,324,estate_trust
Puerto Rico,FY2020,283,estate_trust
Puerto Rico,FY2021,436,estate_trust
Puerto Rico,FY2022,368,estate_trust
Puerto Rico,FY2023,497,estate_trust
Puerto Rico,FY2024,455,estate_trust
Puerto Rico,FY2025,486,estate_trust
Puerto Rico,FY2000,215,estate_trust_estimated
Puerto Rico,FY2001,172,estate_trust_estimated
Puerto Rico,FY2002,177,estate_trust_estimated
Puerto Rico,FY2003,142,estate_trust_estimated
Puerto Rico,FY2004,128,estate_trust_estimated
Puerto Rico,FY2005,64.41084336916747,estate_trust_estimated
Puerto Rico,FY2012,49,estate_trust_estimated
Puerto Rico,FY2013,49,estate_trust_estimated
Puerto Rico,FY2014,161.595154622992,estate_trust_estimated
Puerto Rico,FY2015,52.56189287514445,estate_trust_estimated
Puerto Rico,FY2016,65,estate_trust_estimated
Puerto Rico,FY2017,65,estate_trust_estimated
Puerto Rico,FY2018,82,estate_trust_estimated
Puerto Rico,FY2019,76,estate_trust_estimated
Puerto Rico,FY2020,59,estate_trust_estimated
Puerto Rico,FY2021,59,estate_trust_estimated
Puerto Rico,FY2022,89,estate_trust_estimated
Puerto Rico,FY2023,83,estate_trust_estimated
Puerto Rico,FY2024,131,estate_trust_estimated
Puerto Rico,FY2025,149,estate_trust_estimated
Puerto Rico,FY2000,74,excise
Puerto Rico,FY2001,43,excise
Puerto Rico,FY2002,92,excise
Puerto Rico,FY2003,94,excise
Puerto Rico,FY2004,35,excise
Puerto Rico,FY2005,44,excise
Puerto Rico,FY2012,52,excise
Puerto Rico,FY2013,77,excise
Puerto Rico,FY2014,111,excise
Puerto Rico,FY2015,107,excise
Puerto Rico,FY2016,121,excise
Puerto Rico,FY2017,133,excise
Puerto Rico,FY2018,117,excise
Puerto Rico,FY2019,99,excise
Puerto Rico,FY2020,65,excise
Puerto Rico,FY2021,101,excise
Puerto Rico,FY2022,73,excise
Puerto Rico,FY2023,161,excise
Puerto Rico,FY2024,167,excise
Puerto Rico,FY2025,190,excise
Puerto Rico,FY2000,55,gift_tax
Puerto Rico,FY2001,69,gift_tax
Puerto Rico,FY2002,74,gift_tax
Puerto Rico,FY2003,49,gift_tax
Puerto Rico,FY2004,75,gift_tax
Puerto Rico,FY2005,56,gift_tax
Puerto Rico,FY2012,46,gift_tax
Puerto Rico,FY2013,91,gift_tax
Puerto Rico,FY2014,84,gift_tax
Puerto Rico,FY2015,58,gift_tax
Puerto Rico,FY2016,75,gift_tax
Puerto Rico,FY2017,69,gift_tax
Puerto Rico,FY2018,63,gift_tax
Puerto Rico,FY2019,69,gift_tax
Puerto Rico,FY2020,77,gift_tax
Puerto Rico,FY2021,104,gift_tax
Puerto Rico,FY2022,156,gift_tax
Puerto Rico,FY2023,242,gift_tax
Puerto Rico,FY2024,165,gift_tax
Puerto Rico,FY2025,158,gift_tax
Puerto Rico,FY2000,96010,individual_estimated
Puerto Rico,FY2001,84572,individual_estimated
Puerto Rico,FY2002,97484,individual_estimated
Puerto Rico,FY2003,96446,individual_estimated
Puerto Rico,FY2004,102063,individual_estimated
Puerto Rico,FY2005,103306,individual_estimated
Puerto Rico,FY2012,65366,individual_estimated
Puerto Rico,FY2013,77424,individual_estimated
Puerto Rico,FY2014,68036,individual_estimated
Puerto Rico,FY2015,66431,individual_estimated
Puerto Rico,FY2016,64037,individual_estimated
Puerto Rico,FY2017,61919,individual_estimated
Puerto Rico,FY2018,58610,individual_estimated
Puerto Rico,FY2019,61443,individual_estimated
Puerto Rico,FY2020,48726,individual_estimated
Puerto Rico,FY2021,53148,individual_estimated
Puerto Rico,FY2022,54704,individual_estimated
Puerto Rico,FY2023,52336,individual_estimated
Puerto Rico,FY2024,51296,individual_estimated
Puerto Rico,FY2025,48947,individual_estimated
Puerto Rico,FY2000,229319,individual_income
Puerto Rico,FY2001,279279,individual_income
Puerto Rico,FY2002,296845,individual_income
Puerto Rico,FY2003,289938,individual_income
Puerto Rico,FY2004,245563,individual_income
Puerto Rico,FY2005,223562,individual_income
Puerto Rico,FY2012,285377,individual_income
Puerto Rico,FY2013,275111,individual_income
Puerto Rico,FY2014,261182,individual_income
Puerto Rico,FY2015,249593,individual_income
Puerto Rico,FY2016,250644,individual_income
Puerto Rico,FY2017,245530,individual_income
Puerto Rico,FY2018,225939,individual_income
Puerto Rico,FY2019,239804,individual_income
Puerto Rico,FY2020,86863,individual_income
Puerto Rico,FY2021,228865,individual_income
Puerto Rico,FY2022,368575,individual_income
Puerto Rico,FY2023,477774,individual_income
Puerto Rico,FY2024,365456,individual_income
Puerto Rico,FY2025,382450,individual_income
Puerto Rico,FY2000,311,partnership
Puerto Rico,FY2001,303,partnership
Puerto Rico,FY2002,296,partnership
Puerto Rico,FY2003,354,partnership
Puerto Rico,FY2004,406,partnership
Puerto Rico,FY2005,413,partnership
Puerto Rico,FY2012,606,partnership
Puerto Rico,FY2013,604,partnership
Puerto Rico,FY2014,686,partnership
Puerto Rico,FY2015,725,partnership
Puerto Rico,FY2016,809,partnership
Puerto Rico,FY2017,961,partnership
Puerto Rico,FY2018,1036,partnership
Puerto Rico,FY2019,1070,partnership
Puerto Rico,FY2020,1238,partnership
Puerto Rico,FY2021,2035,partnership
Puerto Rico,FY2022,1796,partnership
Puerto Rico,FY2023,2988,partnership
Puerto Rico,FY2024,2451,partnership
Puerto Rico,FY2025,2877,partnership
Puerto Rico,FY2004,147,s_corporation
Puerto Rico,FY2005,136,s_corporation
Puerto Rico,FY2012,219,s_corporation
Puerto Rico,FY2013,218,s_corporation
Puerto Rico,FY2014,194,s_corporation
Puerto Rico,FY2015,210,s_corporation
Puerto Rico,FY2016,249,s_corporation
Puerto Rico,FY2017,259,s_corporation
Puerto Rico,FY2018,297,s_corporation
Puerto Rico,FY2019,308,s_corporation
Puerto Rico,FY2020,280,s_corporation
Puerto Rico,FY2021,369,s_corporation
Puerto Rico,FY2022,393,s_corporation
Puerto Rico,FY2023,420,s_corporation
Puerto Rico,FY2024,350,s_corporation
Puerto Rico,FY2025,398,s_corporation
Puerto Rico,FY2000,16520,supplemental
Puerto Rico,FY2001,11667,supplemental
Puerto Rico,FY2002,13163,supplemental
Puerto Rico,FY2003,13131.80889096182,supplemental
Puerto Rico,FY2004,11868.843596513903,supplemental
Puerto Rico,FY2005,10769,supplemental
Puerto Rico,FY2012,21305,supplemental
Puerto Rico,FY2013,22529,supplemental
Puerto Rico,FY2014,22397,supplemental
Puerto Rico,FY2015,21873,supplemental
Puerto Rico,FY2016,22915,supplemental
Puerto Rico,FY2017,23214,supplemental
Puerto Rico,FY2018,22131,supplemental
Puerto Rico,FY2019,27478,supplemental
Puerto Rico,FY2020,18567,supplemental
Puerto Rico,FY2021,27999,supplemental
Puerto Rico,FY2022,57289,supplemental
Puerto Rico,FY2023,70073,supplemental
Puerto Rico,FY2024,48159.333129221755,supplemental
Puerto Rico,FY2025,67143.64554049651,supplemental
Puerto Rico,FY2000,401,tax_exempt
Puerto Rico,FY2001,366,tax_exempt
Puerto Rico,FY2002,447,tax_exempt
Puerto Rico,FY2003,517,tax_exempt
Puerto Rico,FY2004,542,tax_exempt
Puerto Rico,FY2005,619,tax_exempt
Puerto Rico,FY2012,1120,tax_exempt
Puerto Rico,FY2013,1219,tax_exempt
Puerto Rico,FY2014,1021,tax_exempt
Puerto Rico,FY2015,1175,tax_exempt
Puerto Rico,FY2016,1080,tax_exempt
Puerto Rico,FY2017,1106,tax_exempt
Puerto Rico,FY2018,1142,tax_exempt
Puerto Rico,FY2019,1366,tax_exempt
Puerto Rico,FY2020,1022,tax_exempt
Puerto Rico,FY2021,1581,tax_exempt
Puerto Rico,FY2022,1880,tax_exempt
Puerto Rico,FY2023,1905,tax_exempt
Puerto Rico,FY2024,2074,tax_exempt
Puerto Rico,FY2025,2153,tax_exempt
Puerto Rico,FY2000,561261,total
Puerto Rico,FY2001,595743,total
Puerto Rico,FY2002,622761,total
Puerto Rico,FY2003,631389.2190125749,total
Puerto Rico,FY2004,593503.953049205,total
Puerto Rico,FY2005,571040.4108433691,total
Puerto Rico,FY2012,587958,total
Puerto Rico,FY2013,588225,total
Puerto Rico,FY2014,562409.595154623,total
Puerto Rico,FY2015,551645,total
Puerto Rico,FY2016,551600,total
Puerto Rico,FY2017,548293,total
Puerto Rico,FY2018,517065,total
Puerto Rico,FY2019,548410,total
Puerto Rico,FY2020,313661,total
Puerto Rico,FY2021,522237,total
Puerto Rico,FY2022,750057,total
Puerto Rico,FY2023,891227,total
Puerto Rico,FY2024,715214.3331292218,total
Puerto Rico,FY2025,753005,total
Rhode Island,FY2004,8546,c_corporation
Rhode Island,FY2005,8273,c_corporation
Rhode Island,FY2006,7928,c_corporation
Rhode Island,FY2007,7740,c_corporation
Rhode Island,FY2008,7351,c_corporation
Rhode Island,FY2009,7124,c_corporation
Rhode Island,FY2010,6618,c_corporation
Rhode Island,FY2011,6553,c_corporation
Rhode Island,FY2012,6289,c_corporation
Rhode Island,FY2013,6150,c_corporation
Rhode Island,FY2014,5969,c_corporation
Rhode Island,FY2015,5761,c_corporation
Rhode Island,FY2016,5574,c_corporation
Rhode Island,FY2017,5251,c_corporation
Rhode Island,FY2018,5301,c_corporation
Rhode Island,FY2019,5234,c_corporation
Rhode Island,FY2020,4401,c_corporation
Rhode Island,FY2021,5395,c_corporation
Rhode Island,FY2022,4675,c_corporation
Rhode Island,FY2023,5969,c_corporation
Rhode Island,FY2024,5165,c_corporation
Rhode Island,FY2025,5279,c_corporation
Rhode Island,FY2000,24380,corporation_total
Rhode Island,FY2001,24389,corporation_total
Rhode Island,FY2002,24470,corporation_total
Rhode Island,FY2003,24809,corporation_total
Rhode Island,FY2000,5395,employee_plan
Rhode Island,FY2001,3856,employee_plan
Rhode Island,FY2000,121157,employment
Rhode Island,FY2001,121080,employment
Rhode Island,FY2002,123208,employment
Rhode Island,FY2003,127355.41500471832,employment
Rhode Island,FY2004,129127.85832684956,employment
Rhode Island,FY2005,131126,employment
Rhode Island,FY2006,132494,employment
Rhode Island,FY2007,127612,employment
Rhode Island,FY2008,124494,employment
Rhode Island,FY2009,122157,employment
Rhode Island,FY2010,118253,employment
Rhode Island,FY2011,115029,employment
Rhode Island,FY2012,114393,employment
Rhode Island,FY2013,113777,employment
Rhode Island,FY2014,112496,employment
Rhode Island,FY2015,112006,employment
Rhode Island,FY2016,112943,employment
Rhode Island,FY2017,112980,employment
Rhode Island,FY2018,113270,employment
Rhode Island,FY2019,114095,employment
Rhode Island,FY2020,104112,employment
Rhode Island,FY2021,120788,employment
Rhode Island,FY2022,112187,employment
Rhode Island,FY2023,124626,employment
Rhode Island,FY2024,118558,employment
Rhode Island,FY2025,119799,employment
Rhode Island,FY2000,460,estate_tax
Rhode Island,FY2001,509,estate_tax
Rhode Island,FY2002,426,estate_tax
Rhode Island,FY2003,339,estate_tax
Rhode Island,FY2004,312,estate_tax
Rhode Island,FY2005,316,estate_tax
Rhode Island,FY2006,303,estate_tax
Rhode Island,FY2007,248,estate_tax
Rhode Island,FY2008,260,estate_tax
Rhode Island,FY2009,249,estate_tax
Rhode Island,FY2010,144,estate_tax
Rhode Island,FY2011,92,estate_tax
Rhode Island,FY2012,163,estate_tax
Rhode Island,FY2013,182,estate_tax
Rhode Island,FY2014,204,estate_tax
Rhode Island,FY2015,215,estate_tax
Rhode Island,FY2016,219,estate_tax
Rhode Island,FY2017,170,estate_tax
Rhode Island,FY2018,203,estate_tax
Rhode Island,FY2019,176,estate_tax
Rhode Island,FY2020,115,estate_tax
Rhode Island,FY2021,207,estate_tax
Rhode Island,FY2022,139,estate_tax
Rhode Island,FY2023,320,estate_tax
Rhode Island,FY2024,166,estate_tax
Rhode Island,FY2025,188,estate_tax
Rhode Island,FY2000,34744,estate_trust
Rhode Island,FY2001,43880,estate_trust
Rhode Island,FY2002,45468,estate_trust
Rhode Island,FY2003,43668,estate_trust
Rhode Island,FY2004,42434,estate_trust
Rhode Island,FY2005,40882,estate_trust
Rhode Island,FY2006,25605,estate_trust
Rhode Island,FY2007,26979,estate_trust
Rhode Island,FY2008,30523,estate_trust
Rhode Island,FY2009,29130,estate_trust
Rhode Island,FY2010,29096,estate_trust
Rhode Island,FY2011,27538,estate_trust
Rhode Island,FY2012,27492,estate_trust
Rhode Island,FY2013,30119,estate_trust
Rhode Island,FY2014,27121,estate_trust
Rhode Island,FY2015,25770,estate_trust
Rhode Island,FY2016,25458,estate_trust
Rhode Island,FY2017,22857,estate_trust
Rhode Island,FY2018,23100,estate_trust
Rhode Island,FY2019,22624,estate_trust
Rhode Island,FY2020,20934,estate_trust
Rhode Island,FY2021,23125,estate_trust
Rhode Island,FY2022,11715,estate_trust
Rhode Island,FY2023,13489,estate_trust
Rhode Island,FY2024,12436,estate_trust
Rhode Island,FY2025,12732,estate_trust
Rhode Island,FY2000,5030,estate_trust_estimated
Rhode Island,FY2001,4673,estate_trust_estimated
Rhode Island,FY2002,3580,estate_trust_estimated
Rhode Island,FY2003,18178,estate_trust_estimated
Rhode Island,FY2004,26200,estate_trust_estimated
Rhode Island,FY2005,15907.672400688034,estate_trust_estimated
Rhode Island,FY2006,3086,estate_trust_estimated
Rhode Island,FY2007,3775,estate_trust_estimated
Rhode Island,FY2008,4086,estate_trust_estimated
Rhode Island,FY2009,2257,estate_trust_estimated
Rhode Island,FY2010,1569,estate_trust_estimated
Rhode Island,FY2011,1851,estate_trust_estimated
Rhode Island,FY2012,1956,estate_trust_estimated
Rhode Island,FY2013,2561,estate_trust_estimated
Rhode Island,FY2014,3253.449113076239,estate_trust_estimated
Rhode Island,FY2015,3531.9028017322667,estate_trust_estimated
Rhode Island,FY2016,3089,estate_trust_estimated
Rhode Island,FY2017,2782,estate_trust_estimated
Rhode Island,FY2018,3659,estate_trust_estimated
Rhode Island,FY2019,4072,estate_trust_estimated
Rhode Island,FY2020,3321,estate_trust_estimated
Rhode Island,FY2021,3611,estate_trust_estimated
Rhode Island,FY2022,4478,estate_trust_estimated
Rhode Island,FY2023,2930,estate_trust_estimated
Rhode Island,FY2024,3163,estate_trust_estimated
Rhode Island,FY2025,4222,estate_trust_estimated
Rhode Island,FY2000,1935,excise
Rhode Island,FY2001,1654,excise
Rhode Island,FY2002,1828,excise
Rhode Island,FY2003,1745,excise
Rhode Island,FY2004,1325,excise
Rhode Island,FY2005,2228,excise
Rhode Island,FY2006,1924,excise
Rhode Island,FY2007,1831,excise
Rhode Island,FY2008,1766,excise
Rhode Island,FY2009,1627,excise
Rhode Island,FY2010,1717,excise
Rhode Island,FY2011,1093,excise
Rhode Island,FY2012,2152,excise
Rhode Island,FY2013,1735,excise
Rhode Island,FY2014,2178,excise
Rhode Island,FY2015,2076,excise
Rhode Island,FY2016,2107,excise
Rhode Island,FY2017,2312,excise
Rhode Island,FY2018,2213,excise
Rhode Island,FY2019,2301,excise
Rhode Island,FY2020,1843,excise
Rhode Island,FY2021,2723,excise
Rhode Island,FY2022,2364,excise
Rhode Island,FY2023,2658,excise
Rhode Island,FY2024,2461,excise
Rhode Island,FY2025,2412,excise
Rhode Island,FY2000,1244,gift_tax
Rhode Island,FY2001,1297,gift_tax
Rhode Island,FY2002,1244,gift_tax
Rhode Island,FY2003,1313,gift_tax
Rhode Island,FY2004,1087,gift_tax
Rhode Island,FY2005,1145,gift_tax
Rhode Island,FY2006,1080,gift_tax
Rhode Island,FY2007,1084,gift_tax
Rhode Island,FY2008,1101,gift_tax
Rhode Island,FY2009,1038,gift_tax
Rhode Island,FY2010,963,gift_tax
Rhode Island,FY2011,697,gift_tax
Rhode Island,FY2012,918,gift_tax
Rhode Island,FY2013,1029,gift_tax
Rhode Island,FY2014,1136,gift_tax
Rhode Island,FY2015,788,gift_tax
Rhode Island,FY2016,897,gift_tax
Rhode Island,FY2017,893,gift_tax
Rhode Island,FY2018,895,gift_tax
Rhode Island,FY2019,899,gift_tax
Rhode Island,FY2020,594,gift_tax
Rhode Island,FY2021,1013,gift_tax
Rhode Island,FY2022,948,gift_tax
Rhode Island,FY2023,1909,gift_tax
Rhode Island,FY2024,1200,gift_tax
Rhode Island,FY2025,1099,gift_tax
Rhode Island,FY2000,146828,individual_estimated
Rhode Island,FY2001,134673,individual_estimated
Rhode Island,FY2002,143310,individual_estimated
Rhode Island,FY2003,111864,individual_estimated
Rhode Island,FY2004,110785.01612903226,individual_estimated
Rhode Island,FY2005,108926,individual_estimated
Rhode Island,FY2006,111543,individual_estimated
Rhode Island,FY2007,110618,individual_estimated
Rhode Island,FY2008,110483,individual_estimated
Rhode Island,FY2009,102696,individual_estimated
Rhode Island,FY2010,84737,individual_estimated
Rhode Island,FY2011,84506,individual_estimated
Rhode Island,FY2012,80924,individual_estimated
Rhode Island,FY2013,87853,individual_estimated
Rhode Island,FY2014,84721,individual_estimated
Rhode Island,FY2015,87047,individual_estimated
Rhode Island,FY2016,85075,individual_estimated
Rhode Island,FY2017,82236,individual_estimated
Rhode Island,FY2018,82871,individual_estimated
Rhode Island,FY2019,83373,individual_estimated
Rhode Island,FY2020,76580,individual_estimated
Rhode Island,FY2021,79098,individual_estimated
Rhode Island,FY2022,79650,individual_estimated
Rhode Island,FY2023,75310,individual_estimated
Rhode Island,FY2024,77703,individual_estimated
Rhode Island,FY2025,81574,individual_estimated
Rhode Island,FY2000,481583,individual_income
Rhode Island,FY2001,491840,individual_income
Rhode Island,FY2002,497777,individual_income
Rhode Island,FY2003,497560,individual_income
Rhode Island,FY2004,497745,individual_income
Rhode Island,FY2005,499781,individual_income
Rhode Island,FY2006,499005,individual_income
Rhode Island,FY2007,517468,individual_income
Rhode Island,FY2008,565076,individual_income
Rhode Island,FY2009,514047,individual_income
Rhode Island,FY2010,500570,individual_income
Rhode Island,FY2011,505797,individual_income
Rhode Island,FY2012,512377,individual_income
Rhode Island,FY2013,513781,individual_income
Rhode Island,FY2014,518077,individual_income
Rhode Island,FY2015,521969,individual_income
Rhode Island,FY2016,528266,individual_income
Rhode Island,FY2017,528728,individual_income
Rhode Island,FY2018,535538,individual_income
Rhode Island,FY2019,540888,individual_income
Rhode Island,FY2020,543742,individual_income
Rhode Island,FY2021,583495,individual_income
Rhode Island,FY2022,564719,individual_income
Rhode Island,FY2023,577831,individual_income
Rhode Island,FY2024,571304,individual_income
Rhode Island,FY2025,573626,individual_income
Rhode Island,FY2000,6956,partnership
Rhode Island,FY2001,7232,partnership
Rhode Island,FY2002,7644,partnership
Rhode Island,FY2003,7874,partnership
Rhode Island,FY2004,8706,partnership
Rhode Island,FY2005,9350,partnership
Rhode Island,FY2006,9526,partnership
Rhode Island,FY2007,9911,partnership
Rhode Island,FY2008,10381,partnership
Rhode Island,FY2009,10721,partnership
Rhode Island,FY2010,10798,partnership
Rhode Island,FY2011,10539,partnership
Rhode Island,FY2012,10858,partnership
Rhode Island,FY2013,10983,partnership
Rhode Island,FY2014,11014,partnership
Rhode Island,FY2015,11044,partnership
Rhode Island,FY2016,11341,partnership
Rhode Island,FY2017,11406,partnership
Rhode Island,FY2018,11643,partnership
Rhode Island,FY2019,11026,partnership
Rhode Island,FY2020,12445,partnership
Rhode Island,FY2021,12808,partnership
Rhode Island,FY2022,12238,partnership
Rhode Island,FY2023,13629,partnership
Rhode Island,FY2024,13262,partnership
Rhode Island,FY2025,13412,partnership
Rhode Island,FY2004,17430,s_corporation
Rhode Island,FY2005,17592,s_corporation
Rhode Island,FY2006,17978,s_corporation
Rhode Island,FY2007,18483,s_corporation
Rhode Island,FY2008,19164,s_corporation
Rhode Island,FY2009,18666,s_corporation
Rhode Island,FY2010,18382,s_corporation
Rhode Island,FY2011,17895,s_corporation
Rhode Island,FY2012,18668,s_corporation
Rhode Island,FY2013,18084,s_corporation
Rhode Island,FY2014,17800,s_corporation
Rhode Island,FY2015,17573,s_corporation
Rhode Island,FY2016,17909,s_corporation
Rhode Island,FY2017,17694,s_corporation
Rhode Island,FY2018,17799,s_corporation
Rhode Island,FY2019,18016,s_corporation
Rhode Island,FY2020,17575,s_corporation
Rhode Island,FY2021,18375,s_corporation
Rhode Island,FY2022,18336,s_corporation
Rhode Island,FY2023,20475,s_corporation
Rhode Island,FY2024,19854,s_corporation
Rhode Island,FY2025,19921,s_corporation
Rhode Island,FY2000,51236,supplemental
Rhode Island,FY2001,53657,supplemental
Rhode Island,FY2002,58983.93379467733,supplemental
Rhode Island,FY2003,61363.833916547694,supplemental
Rhode Island,FY2004,60710.87892832084,supplemental
Rhode Island,FY2005,60588,supplemental
Rhode Island,FY2006,57119,supplemental
Rhode Island,FY2007,57320,supplemental
Rhode Island,FY2008,60499,supplemental
Rhode Island,FY2009,63622,supplemental
Rhode Island,FY2010,53171,supplemental
Rhode Island,FY2011,64344.58434202414,supplemental
Rhode Island,FY2012,66694,supplemental
Rhode Island,FY2013,62859,supplemental
Rhode Island,FY2014,57440,supplemental
Rhode Island,FY2015,60424,supplemental
Rhode Island,FY2016,58159,supplemental
Rhode Island,FY2017,62110,supplemental
Rhode Island,FY2018,65410,supplemental
Rhode Island,FY2019,66288,supplemental
Rhode Island,FY2020,42512,supplemental
Rhode Island,FY2021,66754,supplemental
Rhode Island,FY2022,99693,supplemental
Rhode Island,FY2023,100591,supplemental
Rhode Island,FY2024,88758.04375443512,supplemental
Rhode Island,FY2025,101724.88605129684,supplemental
Rhode Island,FY2000,5363,tax_exempt
Rhode Island,FY2001,5940,tax_exempt
Rhode Island,FY2002,6305,tax_exempt
Rhode Island,FY2003,6364,tax_exempt
Rhode Island,FY2004,6333,tax_exempt
Rhode Island,FY2005,6140,tax_exempt
Rhode Island,FY2006,5168,tax_exempt
Rhode Island,FY2007,6451,tax_exempt
Rhode Island,FY2008,6909,tax_exempt
Rhode Island,FY2009,8352,tax_exempt
Rhode Island,FY2010,9673,tax_exempt
Rhode Island,FY2011,9208,tax_exempt
Rhode Island,FY2012,8960,tax_exempt
Rhode Island,FY2013,9458,tax_exempt
Rhode Island,FY2014,9350,tax_exempt
Rhode Island,FY2015,9381,tax_exempt
Rhode Island,FY2016,8939,tax_exempt
Rhode Island,FY2017,8944,tax_exempt
Rhode Island,FY2018,8925,tax_exempt
Rhode Island,FY2019,9201,tax_exempt
Rhode Island,FY2020,7028,tax_exempt
Rhode Island,FY2021,9881,tax_exempt
Rhode Island,FY2022,6606,tax_exempt
Rhode Island,FY2023,5941,tax_exempt
Rhode Island,FY2024,6050,tax_exempt
Rhode Island,FY2025,6051,tax_exempt
Rhode Island,FY2000,886311,total
Rhode Island,FY2001,894680,total
Rhode Island,FY2002,914243.9337946774,total
Rhode Island,FY2003,902433.248921266,total
Rhode Island,FY2004,910741.7533842026,total
Rhode Island,FY2005,902254.672400688,total
Rhode Island,FY2006,872759,total
Rhode Island,FY2007,889520,total
Rhode Island,FY2008,942093,total
Rhode Island,FY2009,881686,total
Rhode Island,FY2010,835691,total
Rhode Island,FY2011,845142.5843420242,total
Rhode Island,FY2012,851844,total
Rhode Island,FY2013,858571,total
Rhode Island,FY2014,850759.4491130762,total
Rhode Island,FY2015,857586,total
Rhode Island,FY2016,859976,total
Rhode Island,FY2017,858363,total
Rhode Island,FY2018,870827,total
Rhode Island,FY2019,878193,total
Rhode Island,FY2020,835202,total
Rhode Island,FY2021,927273,total
Rhode Island,FY2022,917748,total
Rhode Island,FY2023,945678,total
Rhode Island,FY2024,920080.0437544351,total
Rhode Island,FY2025,942040,total
South Carolina,FY2004,29662,c_corporation
South Carolina,FY2005,29172,c_corporation
South Carolina,FY2006,28248,c_corporation
South Carolina,FY2007,28847,c_corporation
South Carolina,FY2008,28901,c_corporation
South Carolina,FY2009,29199,c_corporation
South Carolina,FY2010,26759,c_corporation
South Carolina,FY2011,25985,c_corporation
South Carolina,FY2012,25140,c_corporation
South Carolina,FY2013,24295,c_corporation
South Carolina,FY2014,23531,c_corporation
South Carolina,FY2015,22476,c_corporation
South Carolina,FY2016,21923,c_corporation
South Carolina,FY2017,20190,c_corporation
South Carolina,FY2018,20861,c_corporation
South Carolina,FY2019,20631,c_corporation
South Carolina,FY2020,16393,c_corporation
South Carolina,FY2021,21040,c_corporation
South Carolina,FY2022,16735,c_corporation
South Carolina,FY2023,23143,c_corporation
South Carolina,FY2024,18708,c_corporation
South Carolina,FY2025,19109,c_corporation
South Carolina,FY2000,69302,corporation_total
South Carolina,FY2001,70869,corporation_total
South Carolina,FY2002,72938,corporation_total
South Carolina,FY2003,74422,corporation_total
South Carolina,FY2000,11362,employee_plan
South Carolina,FY2001,7639,employee_plan
South Carolina,FY2000,375189,employment
South Carolina,FY2001,376778,employment
South Carolina,FY2002,378574,employment
South Carolina,FY2003,389301.2677357471,employment
South Carolina,FY2004,393072.9767869995,employment
South Carolina,FY2005,399921,employment
South Carolina,FY2006,406145,employment
South Carolina,FY2007,402009,employment
South Carolina,FY2008,403349,employment
South Carolina,FY2009,395412,employment
South Carolina,FY2010,386784,employment
South Carolina,FY2011,379993,employment
South Carolina,FY2012,377486,employment
South Carolina,FY2013,382734,employment
South Carolina,FY2014,380713,employment
South Carolina,FY2015,380031,employment
South Carolina,FY2016,383600,employment
South Carolina,FY2017,389694,employment
South Carolina,FY2018,396797,employment
South Carolina,FY2019,407734,employment
South Carolina,FY2020,353010,employment
South Carolina,FY2021,457972,employment
South Carolina,FY2022,396118,employment
South Carolina,FY2023,503366,employment
South Carolina,FY2024,457901,employment
South Carolina,FY2025,463844,employment
South Carolina,FY2000,1425,estate_tax
South Carolina,FY2001,1518,estate_tax
South Carolina,FY2002,1398,estate_tax
South Carolina,FY2003,1036,estate_tax
South Carolina,FY2004,718,estate_tax
South Carolina,FY2005,641,estate_tax
South Carolina,FY2006,548,estate_tax
South Carolina,FY2007,485,estate_tax
South Carolina,FY2008,434,estate_tax
South Carolina,FY2009,469,estate_tax
South Carolina,FY2010,262,estate_tax
South Carolina,FY2011,65,estate_tax
South Carolina,FY2012,261,estate_tax
South Carolina,FY2013,303,estate_tax
South Carolina,FY2014,278,estate_tax
South Carolina,FY2015,324,estate_tax
South Carolina,FY2016,313,estate_tax
South Carolina,FY2017,330,estate_tax
South Carolina,FY2018,306,estate_tax
South Carolina,FY2019,240,estate_tax
South Carolina,FY2020,149,estate_tax
South Carolina,FY2021,272,estate_tax
South Carolina,FY2022,311,estate_tax
South Carolina,FY2023,567,estate_tax
South Carolina,FY2024,357,estate_tax
South Carolina,FY2025,320,estate_tax
South Carolina,FY2000,23515,estate_trust
South Carolina,FY2001,18541,estate_trust
South Carolina,FY2002,18572,estate_trust
South Carolina,FY2003,19013,estate_trust
South Carolina,FY2004,20611,estate_trust
South Carolina,FY2005,20910,estate_trust
South Carolina,FY2006,20965,estate_trust
South Carolina,FY2007,21774,estate_trust
South Carolina,FY2008,21215,estate_trust
South Carolina,FY2009,22092,estate_trust
South Carolina,FY2010,22156,estate_trust
South Carolina,FY2011,22730,estate_trust
South Carolina,FY2012,22580,estate_trust
South Carolina,FY2013,22923,estate_trust
South Carolina,FY2014,23996,estate_trust
South Carolina,FY2015,24344,estate_trust
South Carolina,FY2016,24808,estate_trust
South Carolina,FY2017,23936,estate_trust
South Carolina,FY2018,24604,estate_trust
South Carolina,FY2019,25100,estate_trust
South Carolina,FY2020,23823,estate_trust
South Carolina,FY2021,27268,estate_trust
South Carolina,FY2022,25742,estate_trust
South Carolina,FY2023,30627,estate_trust
South Carolina,FY2024,28948,estate_trust
South Carolina,FY2025,30713,estate_trust
South Carolina,FY2000,6969,estate_trust_estimated
South Carolina,FY2001,6940,estate_trust_estimated
South Carolina,FY2002,4969,estate_trust_estimated
South Carolina,FY2003,3509,estate_trust_estimated
South Carolina,FY2004,3629,estate_trust_estimated
South Carolina,FY2005,2583.6573807520263,estate_trust_estimated
South Carolina,FY2006,5044,estate_trust_estimated
South Carolina,FY2007,6120,estate_trust_estimated
South Carolina,FY2008,7670,estate_trust_estimated
South Carolina,FY2009,4139,estate_trust_estimated
South Carolina,FY2010,2735,estate_trust_estimated
South Carolina,FY2011,2964,estate_trust_estimated
South Carolina,FY2012,3039,estate_trust_estimated
South Carolina,FY2013,4284,estate_trust_estimated
South Carolina,FY2014,6000.566741667102,estate_trust_estimated
South Carolina,FY2015,6201.021361879845,estate_trust_estimated
South Carolina,FY2016,5279,estate_trust_estimated
South Carolina,FY2017,4661,estate_trust_estimated
South Carolina,FY2018,6051,estate_trust_estimated
South Carolina,FY2019,6619,estate_trust_estimated
South Carolina,FY2020,5674,estate_trust_estimated
South Carolina,FY2021,5871,estate_trust_estimated
South Carolina,FY2022,7700,estate_trust_estimated
South Carolina,FY2023,5422,estate_trust_estimated
South Carolina,FY2024,5568,estate_trust_estimated
South Carolina,FY2025,7531,estate_trust_estimated
South Carolina,FY2000,12092,excise
South Carolina,FY2001,9834,excise
South Carolina,FY2002,11635,excise
South Carolina,FY2003,10292,excise
South Carolina,FY2004,8059,excise
South Carolina,FY2005,14353,excise
South Carolina,FY2006,12479,excise
South Carolina,FY2007,12529,excise
South Carolina,FY2008,12422,excise
South Carolina,FY2009,11265,excise
South Carolina,FY2010,12023,excise
South Carolina,FY2011,7627,excise
South Carolina,FY2012,16080,excise
South Carolina,FY2013,12194,excise
South Carolina,FY2014,13052,excise
South Carolina,FY2015,14206,excise
South Carolina,FY2016,13963,excise
South Carolina,FY2017,14464,excise
South Carolina,FY2018,14678,excise
South Carolina,FY2019,15133,excise
South Carolina,FY2020,13465,excise
South Carolina,FY2021,19047,excise
South Carolina,FY2022,18272,excise
South Carolina,FY2023,18454,excise
South Carolina,FY2024,17805,excise
South Carolina,FY2025,17439,excise
South Carolina,FY2000,3740,gift_tax
South Carolina,FY2001,3600,gift_tax
South Carolina,FY2002,3213,gift_tax
South Carolina,FY2003,3219,gift_tax
South Carolina,FY2004,2735,gift_tax
South Carolina,FY2005,2904,gift_tax
South Carolina,FY2006,2926,gift_tax
South Carolina,FY2007,2922,gift_tax
South Carolina,FY2008,2971,gift_tax
South Carolina,FY2009,2887,gift_tax
South Carolina,FY2010,2753,gift_tax
South Carolina,FY2011,2344,gift_tax
South Carolina,FY2012,2850,gift_tax
South Carolina,FY2013,3557,gift_tax
South Carolina,FY2014,3527,gift_tax
South Carolina,FY2015,2758,gift_tax
South Carolina,FY2016,2838,gift_tax
South Carolina,FY2017,2899,gift_tax
South Carolina,FY2018,3040,gift_tax
South Carolina,FY2019,2829,gift_tax
South Carolina,FY2020,1896,gift_tax
South Carolina,FY2021,3609,gift_tax
South Carolina,FY2022,3015,gift_tax
South Carolina,FY2023,6528,gift_tax
South Carolina,FY2024,3979,gift_tax
South Carolina,FY2025,4063,gift_tax
South Carolina,FY2000,431806,individual_estimated
South Carolina,FY2001,409717,individual_estimated
South Carolina,FY2002,394465,individual_estimated
South Carolina,FY2003,347418,individual_estimated
South Carolina,FY2004,341172.8387096774,individual_estimated
South Carolina,FY2005,334065,individual_estimated
South Carolina,FY2006,350581,individual_estimated
South Carolina,FY2007,350060,individual_estimated
South Carolina,FY2008,357608,individual_estimated
South Carolina,FY2009,334335,individual_estimated
South Carolina,FY2010,281784,individual_estimated
South Carolina,FY2011,278585,individual_estimated
South Carolina,FY2012,266751,individual_estimated
South Carolina,FY2013,297415,individual_estimated
South Carolina,FY2014,287802,individual_estimated
South Carolina,FY2015,299325,individual_estimated
South Carolina,FY2016,293551,individual_estimated
South Carolina,FY2017,289245,individual_estimated
South Carolina,FY2018,295668,individual_estimated
South Carolina,FY2019,298490,individual_estimated
South Carolina,FY2020,276186,individual_estimated
South Carolina,FY2021,273651,individual_estimated
South Carolina,FY2022,275091,individual_estimated
South Carolina,FY2023,262456,individual_estimated
South Carolina,FY2024,268691,individual_estimated
South Carolina,FY2025,269411,individual_estimated
South Carolina,FY2000,1774714,individual_income
South Carolina,FY2001,1799597,individual_income
South Carolina,FY2002,1798975,individual_income
South Carolina,FY2003,1792867,individual_income
South Carolina,FY2004,1802691,individual_income
South Carolina,FY2005,1839987,individual_income
South Carolina,FY2006,1868046,individual_income
South Carolina,FY2007,1942865,individual_income
South Carolina,FY2008,2250363,individual_income
South Carolina,FY2009,2053587,individual_income
South Carolina,FY2010,2010142,individual_income
South Carolina,FY2011,2033254,individual_income
South Carolina,FY2012,2072346,individual_income
South Carolina,FY2013,2062531,individual_income
South Carolina,FY2014,2089348,individual_income
South Carolina,FY2015,2133141,individual_income
South Carolina,FY2016,2162243,individual_income
South Carolina,FY2017,2177779,individual_income
South Carolina,FY2018,2220145,individual_income
South Carolina,FY2019,2250327,individual_income
South Carolina,FY2020,2349920,individual_income
South Carolina,FY2021,2531789,individual_income
South Carolina,FY2022,2446663,individual_income
South Carolina,FY2023,2519244,individual_income
South Carolina,FY2024,2472144,individual_income
South Carolina,FY2025,2531923,individual_income
South Carolina,FY2000,25473,partnership
South Carolina,FY2001,26831,partnership
South Carolina,FY2002,27885,partnership
South Carolina,FY2003,30477,partnership
South Carolina,FY2004,32192,partnership
South Carolina,FY2005,34684,partnership
South Carolina,FY2006,36896,partnership
South Carolina,FY2007,41566,partnership
South Carolina,FY2008,44266,partnership
South Carolina,FY2009,46950,partnership
South Carolina,FY2010,46960,partnership
South Carolina,FY2011,47430,partnership
South Carolina,FY2012,46836,partnership
South Carolina,FY2013,47119,partnership
South Carolina,FY2014,48251,partnership
South Carolina,FY2015,48641,partnership
South Carolina,FY2016,49884,partnership
South Carolina,FY2017,50792,partnership
South Carolina,FY2018,51748,partnership
South Carolina,FY2019,50149,partnership
South Carolina,FY2020,55653,partnership
South Carolina,FY2021,59075,partnership
South Carolina,FY2022,56832,partnership
South Carolina,FY2023,62485,partnership
South Carolina,FY2024,62295,partnership
South Carolina,FY2025,70472,partnership
South Carolina,FY2004,46972,s_corporation
South Carolina,FY2005,49210,s_corporation
South Carolina,FY2006,50886,s_corporation
South Carolina,FY2007,55849,s_corporation
South Carolina,FY2008,60133,s_corporation
South Carolina,FY2009,62113,s_corporation
South Carolina,FY2010,61102,s_corporation
South Carolina,FY2011,61182,s_corporation
South Carolina,FY2012,60417,s_corporation
South Carolina,FY2013,59918,s_corporation
South Carolina,FY2014,60973,s_corporation
South Carolina,FY2015,61857,s_corporation
South Carolina,FY2016,63277,s_corporation
South Carolina,FY2017,63866,s_corporation
South Carolina,FY2018,66016,s_corporation
South Carolina,FY2019,69953,s_corporation
South Carolina,FY2020,68806,s_corporation
South Carolina,FY2021,72789,s_corporation
South Carolina,FY2022,72721,s_corporation
South Carolina,FY2023,79402,s_corporation
South Carolina,FY2024,79551,s_corporation
South Carolina,FY2025,91594,s_corporation
South Carolina,FY2000,166630.1503954394,supplemental
South Carolina,FY2001,197298.12327640728,supplemental
South Carolina,FY2002,208602.21797556168,supplemental
South Carolina,FY2003,207593.12747083144,supplemental
South Carolina,FY2004,216711.3239779903,supplemental
South Carolina,FY2005,218650,supplemental
South Carolina,FY2006,213764,supplemental
South Carolina,FY2007,231383,supplemental
South Carolina,FY2008,237292,supplemental
South Carolina,FY2009,256184,supplemental
South Carolina,FY2010,227192,supplemental
South Carolina,FY2011,253753.10600445827,supplemental
South Carolina,FY2012,268503,supplemental
South Carolina,FY2013,256291,supplemental
South Carolina,FY2014,243308,supplemental
South Carolina,FY2015,257065,supplemental
South Carolina,FY2016,261906,supplemental
South Carolina,FY2017,296673,supplemental
South Carolina,FY2018,319030,supplemental
South Carolina,FY2019,329993,supplemental
South Carolina,FY2020,237057,supplemental
South Carolina,FY2021,328272,supplemental
South Carolina,FY2022,517002,supplemental
South Carolina,FY2023,530817,supplemental
South Carolina,FY2024,523678.547105615,supplemental
South Carolina,FY2025,544861.0833335449,supplemental
South Carolina,FY2000,6647,tax_exempt
South Carolina,FY2001,6647,tax_exempt
South Carolina,FY2002,6919,tax_exempt
South Carolina,FY2003,7244,tax_exempt
South Carolina,FY2004,7773,tax_exempt
South Carolina,FY2005,7704,tax_exempt
South Carolina,FY2006,7875,tax_exempt
South Carolina,FY2007,8715,tax_exempt
South Carolina,FY2008,8709,tax_exempt
South Carolina,FY2009,11784,tax_exempt
South Carolina,FY2010,13827,tax_exempt
South Carolina,FY2011,15187,tax_exempt
South Carolina,FY2012,14620,tax_exempt
South Carolina,FY2013,15723,tax_exempt
South Carolina,FY2014,15665,tax_exempt
South Carolina,FY2015,16938,tax_exempt
South Carolina,FY2016,15939,tax_exempt
South Carolina,FY2017,16814,tax_exempt
South Carolina,FY2018,17368,tax_exempt
South Carolina,FY2019,17731,tax_exempt
South Carolina,FY2020,15499,tax_exempt
South Carolina,FY2021,18732,tax_exempt
South Carolina,FY2022,19750,tax_exempt
South Carolina,FY2023,20159,tax_exempt
South Carolina,FY2024,20665,tax_exempt
South Carolina,FY2025,20951,tax_exempt
South Carolina,FY2000,2908864.1503954395,total
South Carolina,FY2001,2935809.1232764074,total
South Carolina,FY2002,2928145.2179755615,total
South Carolina,FY2003,2886391.3952065785,total
South Carolina,FY2004,2905999.1394746676,total
South Carolina,FY2005,2954784.657380752,total
South Carolina,FY2006,3004403,total
South Carolina,FY2007,3105124,total
South Carolina,FY2008,3435333,total
South Carolina,FY2009,3230416,total
South Carolina,FY2010,3094479,total
South Carolina,FY2011,3131099.1060044584,total
South Carolina,FY2012,3176909,total
South Carolina,FY2013,3189287,total
South Carolina,FY2014,3196444.566741667,total
South Carolina,FY2015,3267307,total
South Carolina,FY2016,3299524,total
South Carolina,FY2017,3351343,total
South Carolina,FY2018,3436312,total
South Carolina,FY2019,3494929,total
South Carolina,FY2020,3417531,total
South Carolina,FY2021,3819387,total
South Carolina,FY2022,3855952,total
South Carolina,FY2023,4062670,total
South Carolina,FY2024,3960290.547105615,total
South Carolina,FY2025,4072231,total
South Dakota,FY2004,5285,c_corporation
South Dakota,FY2005,5185,c_corporation
South Dakota,FY2006,5199,c_corporation
South Dakota,FY2007,5190,c_corporation
South Dakota,FY2008,5327,c_corporation
South Dakota,FY2009,5123,c_corporation
South Dakota,FY2010,4921,c_corporation
South Dakota,FY2011,4848,c_corporation
South Dakota,FY2012,4679,c_corporation
South Dakota,FY2013,4654,c_corporation
South Dakota,FY2014,4513,c_corporation
South Dakota,FY2015,4495,c_corporation
South Dakota,FY2016,4376,c_corporation
South Dakota,FY2017,4208,c_corporation
South Dakota,FY2018,4249,c_corporation
South Dakota,FY2019,4172,c_corporation
South Dakota,FY2020,3577,c_corporation
South Dakota,FY2021,3848,c_corporation
South Dakota,FY2022,4382,c_corporation
South Dakota,FY2023,4238,c_corporation
South Dakota,FY2024,3966,c_corporation
South Dakota,FY2025,4198,c_corporation
South Dakota,FY2000,13946,corporation_total
South Dakota,FY2001,14345,corporation_total
South Dakota,FY2002,14696,corporation_total
South Dakota,FY2003,15198,corporation_total
South Dakota,FY2000,3306,employee_plan
South Dakota,FY2001,2602,employee_plan
South Dakota,FY2000,105849,employment
South Dakota,FY2001,105271,employment
South Dakota,FY2002,105740,employment
South Dakota,FY2003,110254.03808993808,employment
South Dakota,FY2004,111798.98225103228,employment
South Dakota,FY2005,113442,employment
South Dakota,FY2006,111449,employment
South Dakota,FY2007,109726,employment
South Dakota,FY2008,109253,employment
South Dakota,FY2009,109770,employment
South Dakota,FY2010,109125,employment
South Dakota,FY2011,107084,employment
South Dakota,FY2012,108984,employment
South Dakota,FY2013,110688,employment
South Dakota,FY2014,110458,employment
South Dakota,FY2015,111070,employment
South Dakota,FY2016,111735,employment
South Dakota,FY2017,112837,employment
South Dakota,FY2018,113105,employment
South Dakota,FY2019,114576,employment
South Dakota,FY2020,98202,employment
South Dakota,FY2021,116785,employment
South Dakota,FY2022,115271,employment
South Dakota,FY2023,132919,employment
South Dakota,FY2024,120327,employment
South Dakota,FY2025,123800,employment
South Dakota,FY2000,300,estate_tax
South Dakota,FY2001,303,estate_tax
South Dakota,FY2002,301,estate_tax
South Dakota,FY2003,211,estate_tax
South Dakota,FY2004,169,estate_tax
South Dakota,FY2005,158,estate_tax
South Dakota,FY2006,120,estate_tax
South Dakota,FY2007,103,estate_tax
South Dakota,FY2008,113,estate_tax
South Dakota,FY2009,110,estate_tax
South Dakota,FY2010,85,estate_tax
South Dakota,FY2011,22,estate_tax
South Dakota,FY2012,101,estate_tax
South Dakota,FY2013,130,estate_tax
South Dakota,FY2014,158,estate_tax
South Dakota,FY2015,198,estate_tax
South Dakota,FY2016,161,estate_tax
South Dakota,FY2017,182,estate_tax
South Dakota,FY2018,161,estate_tax
South Dakota,FY2019,114,estate_tax
South Dakota,FY2020,74,estate_tax
South Dakota,FY2021,125,estate_tax
South Dakota,FY2022,143,estate_tax
South Dakota,FY2023,239,estate_tax
South Dakota,FY2024,139,estate_tax
South Dakota,FY2025,135,estate_tax
South Dakota,FY2000,10046,estate_trust
South Dakota,FY2001,10169,estate_trust
South Dakota,FY2002,10176,estate_trust
South Dakota,FY2003,10247,estate_trust
South Dakota,FY2004,9574,estate_trust
South Dakota,FY2005,9502,estate_trust
South Dakota,FY2006,9696,estate_trust
South Dakota,FY2007,10295,estate_trust
South Dakota,FY2008,10728,estate_trust
South Dakota,FY2009,11284,estate_trust
South Dakota,FY2010,11322,estate_trust
South Dakota,FY2011,12100,estate_trust
South Dakota,FY2012,12252,estate_trust
South Dakota,FY2013,13233,estate_trust
South Dakota,FY2014,14028,estate_trust
South Dakota,FY2015,14809,estate_trust
South Dakota,FY2016,14884,estate_trust
South Dakota,FY2017,14014,estate_trust
South Dakota,FY2018,14473,estate_trust
South Dakota,FY2019,15346,estate_trust
South Dakota,FY2020,15066,estate_trust
South Dakota,FY2021,17631,estate_trust
South Dakota,FY2022,16933,estate_trust
South Dakota,FY2023,19005,estate_trust
South Dakota,FY2024,19052,estate_trust
South Dakota,FY2025,20261,estate_trust
South Dakota,FY2000,2635,estate_trust_estimated
South Dakota,FY2001,2629,estate_trust_estimated
South Dakota,FY2002,2189,estate_trust_estimated
South Dakota,FY2003,1862,estate_trust_estimated
South Dakota,FY2004,1914,estate_trust_estimated
South Dakota,FY2005,1411.0188491339118,estate_trust_estimated
South Dakota,FY2006,2054,estate_trust_estimated
South Dakota,FY2007,2851,estate_trust_estimated
South Dakota,FY2008,3243,estate_trust_estimated
South Dakota,FY2009,1672,estate_trust_estimated
South Dakota,FY2010,1137,estate_trust_estimated
South Dakota,FY2011,1350,estate_trust_estimated
South Dakota,FY2012,1672,estate_trust_estimated
South Dakota,FY2013,2167,estate_trust_estimated
South Dakota,FY2014,1874.5037936267072,estate_trust_estimated
South Dakota,FY2015,3112.68965611831,estate_trust_estimated
South Dakota,FY2016,3096,estate_trust_estimated
South Dakota,FY2017,2754,estate_trust_estimated
South Dakota,FY2018,3496,estate_trust_estimated
South Dakota,FY2019,3850,estate_trust_estimated
South Dakota,FY2020,3218,estate_trust_estimated
South Dakota,FY2021,3462,estate_trust_estimated
South Dakota,FY2022,4291,estate_trust_estimated
South Dakota,FY2023,2831,estate_trust_estimated
South Dakota,FY2024,3009,estate_trust_estimated
South Dakota,FY2025,3977,estate_trust_estimated
South Dakota,FY2000,10450,excise
South Dakota,FY2001,8783,excise
South Dakota,FY2002,10730,excise
South Dakota,FY2003,9855,excise
South Dakota,FY2004,8037,excise
South Dakota,FY2005,13443,excise
South Dakota,FY2006,11800,excise
South Dakota,FY2007,11293,excise
South Dakota,FY2008,11279,excise
South Dakota,FY2009,11011,excise
South Dakota,FY2010,12451,excise
South Dakota,FY2011,6681,excise
South Dakota,FY2012,19144,excise
South Dakota,FY2013,14373,excise
South Dakota,FY2014,14191,excise
South Dakota,FY2015,14205,excise
South Dakota,FY2016,13740,excise
South Dakota,FY2017,13702,excise
South Dakota,FY2018,13920,excise
South Dakota,FY2019,13791,excise
South Dakota,FY2020,12136,excise
South Dakota,FY2021,16395,excise
South Dakota,FY2022,14617,excise
South Dakota,FY2023,14789,excise
South Dakota,FY2024,15317,excise
South Dakota,FY2025,15042,excise
South Dakota,FY2000,1066,gift_tax
South Dakota,FY2001,961,gift_tax
South Dakota,FY2002,885,gift_tax
South Dakota,FY2003,890,gift_tax
South Dakota,FY2004,800,gift_tax
South Dakota,FY2005,841,gift_tax
South Dakota,FY2006,842,gift_tax
South Dakota,FY2007,816,gift_tax
South Dakota,FY2008,857,gift_tax
South Dakota,FY2009,907,gift_tax
South Dakota,FY2010,920,gift_tax
South Dakota,FY2011,842,gift_tax
South Dakota,FY2012,986,gift_tax
South Dakota,FY2013,1408,gift_tax
South Dakota,FY2014,1701,gift_tax
South Dakota,FY2015,1029,gift_tax
South Dakota,FY2016,1051,gift_tax
South Dakota,FY2017,968,gift_tax
South Dakota,FY2018,1026,gift_tax
South Dakota,FY2019,908,gift_tax
South Dakota,FY2020,552,gift_tax
South Dakota,FY2021,967,gift_tax
South Dakota,FY2022,927,gift_tax
South Dakota,FY2023,1800,gift_tax
South Dakota,FY2024,1073,gift_tax
South Dakota,FY2025,1085,gift_tax
South Dakota,FY2000,124804,individual_estimated
South Dakota,FY2001,117285,individual_estimated
South Dakota,FY2002,52506,individual_estimated
South Dakota,FY2003,63227,individual_estimated
South Dakota,FY2004,104134.80645161292,individual_estimated
South Dakota,FY2005,98223,individual_estimated
South Dakota,FY2006,101400,individual_estimated
South Dakota,FY2007,103254,individual_estimated
South Dakota,FY2008,107716,individual_estimated
South Dakota,FY2009,103753,individual_estimated
South Dakota,FY2010,90037,individual_estimated
South Dakota,FY2011,90879,individual_estimated
South Dakota,FY2012,88240,individual_estimated
South Dakota,FY2013,100476,individual_estimated
South Dakota,FY2014,95827,individual_estimated
South Dakota,FY2015,99082,individual_estimated
South Dakota,FY2016,95500,individual_estimated
South Dakota,FY2017,91913,individual_estimated
South Dakota,FY2018,91032,individual_estimated
South Dakota,FY2019,87964,individual_estimated
South Dakota,FY2020,47706,individual_estimated
South Dakota,FY2021,8182,individual_estimated
South Dakota,FY2022,4874,individual_estimated
South Dakota,FY2023,5841,individual_estimated
South Dakota,FY2024,7790,individual_estimated
South Dakota,FY2025,21557,individual_estimated
South Dakota,FY2000,350419,individual_income
South Dakota,FY2001,354801,individual_income
South Dakota,FY2002,354640,individual_income
South Dakota,FY2003,355759,individual_income
South Dakota,FY2004,357511,individual_income
South Dakota,FY2005,362032,individual_income
South Dakota,FY2006,364697,individual_income
South Dakota,FY2007,377082,individual_income
South Dakota,FY2008,416152,individual_income
South Dakota,FY2009,390265,individual_income
South Dakota,FY2010,384301,individual_income
South Dakota,FY2011,392330,individual_income
South Dakota,FY2012,409547,individual_income
South Dakota,FY2013,416878,individual_income
South Dakota,FY2014,416267,individual_income
South Dakota,FY2015,412270,individual_income
South Dakota,FY2016,415835,individual_income
South Dakota,FY2017,416088,individual_income
South Dakota,FY2018,419478,individual_income
South Dakota,FY2019,420946,individual_income
South Dakota,FY2020,431518,individual_income
South Dakota,FY2021,450614,individual_income
South Dakota,FY2022,442185,individual_income
South Dakota,FY2023,446755,individual_income
South Dakota,FY2024,444486,individual_income
South Dakota,FY2025,450409,individual_income
South Dakota,FY2000,7311,partnership
South Dakota,FY2001,7556,partnership
South Dakota,FY2002,7904,partnership
South Dakota,FY2003,8304,partnership
South Dakota,FY2004,8712,partnership
South Dakota,FY2005,9048,partnership
South Dakota,FY2006,9533,partnership
South Dakota,FY2007,10372,partnership
South Dakota,FY2008,11353,partnership
South Dakota,FY2009,12179,partnership
South Dakota,FY2010,12198,partnership
South Dakota,FY2011,12839,partnership
South Dakota,FY2012,13163,partnership
South Dakota,FY2013,13835,partnership
South Dakota,FY2014,14563,partnership
South Dakota,FY2015,15101,partnership
South Dakota,FY2016,15639,partnership
South Dakota,FY2017,16102,partnership
South Dakota,FY2018,16606,partnership
South Dakota,FY2019,16421,partnership
South Dakota,FY2020,17213,partnership
South Dakota,FY2021,19003,partnership
South Dakota,FY2022,18688,partnership
South Dakota,FY2023,20585,partnership
South Dakota,FY2024,20298,partnership
South Dakota,FY2025,21268,partnership
South Dakota,FY2004,10341,s_corporation
South Dakota,FY2005,10723,s_corporation
South Dakota,FY2006,11282,s_corporation
South Dakota,FY2007,12164,s_corporation
South Dakota,FY2008,13122,s_corporation
South Dakota,FY2009,13614,s_corporation
South Dakota,FY2010,13723,s_corporation
South Dakota,FY2011,13791,s_corporation
South Dakota,FY2012,13861,s_corporation
South Dakota,FY2013,13867,s_corporation
South Dakota,FY2014,14073,s_corporation
South Dakota,FY2015,14291,s_corporation
South Dakota,FY2016,14737,s_corporation
South Dakota,FY2017,15046,s_corporation
South Dakota,FY2018,15329,s_corporation
South Dakota,FY2019,15585,s_corporation
South Dakota,FY2020,15305,s_corporation
South Dakota,FY2021,15888,s_corporation
South Dakota,FY2022,16773,s_corporation
South Dakota,FY2023,17564,s_corporation
South Dakota,FY2024,17402,s_corporation
South Dakota,FY2025,18237,s_corporation
South Dakota,FY2000,33137,supplemental
South Dakota,FY2001,35723,supplemental
South Dakota,FY2002,40519,supplemental
South Dakota,FY2003,40968.23368918574,supplemental
South Dakota,FY2004,41365.37025000923,supplemental
South Dakota,FY2005,42804,supplemental
South Dakota,FY2006,38894,supplemental
South Dakota,FY2007,44739,supplemental
South Dakota,FY2008,47910,supplemental
South Dakota,FY2009,52309,supplemental
South Dakota,FY2010,46553,supplemental
South Dakota,FY2011,52858.87119841632,supplemental
South Dakota,FY2012,54509,supplemental
South Dakota,FY2013,58877,supplemental
South Dakota,FY2014,52428,supplemental
South Dakota,FY2015,55932,supplemental
South Dakota,FY2016,54871,supplemental
South Dakota,FY2017,62309,supplemental
South Dakota,FY2018,66197,supplemental
South Dakota,FY2019,72733,supplemental
South Dakota,FY2020,51869,supplemental
South Dakota,FY2021,69791,supplemental
South Dakota,FY2022,101646,supplemental
South Dakota,FY2023,109637,supplemental
South Dakota,FY2024,111188.27389022303,supplemental
South Dakota,FY2025,112833.93131528112,supplemental
South Dakota,FY2000,2673,tax_exempt
South Dakota,FY2001,2825,tax_exempt
South Dakota,FY2002,2678,tax_exempt
South Dakota,FY2003,2844,tax_exempt
South Dakota,FY2004,3046,tax_exempt
South Dakota,FY2005,2994,tax_exempt
South Dakota,FY2006,2953,tax_exempt
South Dakota,FY2007,3072,tax_exempt
South Dakota,FY2008,3037,tax_exempt
South Dakota,FY2009,4578,tax_exempt
South Dakota,FY2010,5494,tax_exempt
South Dakota,FY2011,5633,tax_exempt
South Dakota,FY2012,5553,tax_exempt
South Dakota,FY2013,5885,tax_exempt
South Dakota,FY2014,5608,tax_exempt
South Dakota,FY2015,6124,tax_exempt
South Dakota,FY2016,5640,tax_exempt
South Dakota,FY2017,5819,tax_exempt
South Dakota,FY2018,6019,tax_exempt
South Dakota,FY2019,6092,tax_exempt
South Dakota,FY2020,5241,tax_exempt
South Dakota,FY2021,6227,tax_exempt
South Dakota,FY2022,6650,tax_exempt
South Dakota,FY2023,6745,tax_exempt
South Dakota,FY2024,6766,tax_exempt
South Dakota,FY2025,6971,tax_exempt
South Dakota,FY2000,665942,total
South Dakota,FY2001,663253,total
South Dakota,FY2002,602964,total
South Dakota,FY2003,619619.2717791238,total
South Dakota,FY2004,662688.1589526545,total
South Dakota,FY2005,669806.018849134,total
South Dakota,FY2006,669919,total
South Dakota,FY2007,690957,total
South Dakota,FY2008,740090,total
South Dakota,FY2009,716575,total
South Dakota,FY2010,692267,total
South Dakota,FY2011,701257.8711984163,total
South Dakota,FY2012,732691,total
South Dakota,FY2013,756471,total
South Dakota,FY2014,745689.5037936267,total
South Dakota,FY2015,751719,total
South Dakota,FY2016,751265,total
South Dakota,FY2017,755942,total
South Dakota,FY2018,765091,total
South Dakota,FY2019,772498,total
South Dakota,FY2020,701677,total
South Dakota,FY2021,728918,total
South Dakota,FY2022,747380,total
South Dakota,FY2023,782948,total
South Dakota,FY2024,770813.273890223,total
South Dakota,FY2025,799774,total
Tennessee,FY2004,36772,c_corporation
Tennessee,FY2005,35551,c_corporation
Tennessee,FY2006,35421,c_corporation
Tennessee,FY2007,35649,c_corporation
Tennessee,FY2008,36310,c_corporation
Tennessee,FY2009,35228,c_corporation
Tennessee,FY2010,33704,c_corporation
Tennessee,FY2011,32822,c_corporation
Tennessee,FY2012,32093,c_corporation
Tennessee,FY2013,31740,c_corporation
Tennessee,FY2014,30742,c_corporation
Tennessee,FY2015,30163,c_corporation
Tennessee,FY2016,29452,c_corporation
Tennessee,FY2017,26917,c_corporation
Tennessee,FY2018,28180,c_corporation
Tennessee,FY2019,28130,c_corporation
Tennessee,FY2020,24058,c_corporation
Tennessee,FY2021,29744,c_corporation
Tennessee,FY2022,25744,c_corporation
Tennessee,FY2023,32446,c_corporation
Tennessee,FY2024,28304,c_corporation
Tennessee,FY2025,28459,c_corporation
Tennessee,FY2000,64621,corporation_total
Tennessee,FY2001,62179,corporation_total
Tennessee,FY2002,65833,corporation_total
Tennessee,FY2003,65776,corporation_total
Tennessee,FY2000,18244,employee_plan
Tennessee,FY2001,14379,employee_plan
Tennessee,FY2000,501705,employment
Tennessee,FY2001,490294,employment
Tennessee,FY2002,490235,employment
Tennessee,FY2003,493398.65741929103,employment
Tennessee,FY2004,499524.04103247146,employment
Tennessee,FY2005,500288,employment
Tennessee,FY2006,505922,employment
Tennessee,FY2007,498003,employment
Tennessee,FY2008,494404,employment
Tennessee,FY2009,483427,employment
Tennessee,FY2010,471405,employment
Tennessee,FY2011,462651,employment
Tennessee,FY2012,462841,employment
Tennessee,FY2013,465720,employment
Tennessee,FY2014,463629,employment
Tennessee,FY2015,465623,employment
Tennessee,FY2016,467447,employment
Tennessee,FY2017,469744,employment
Tennessee,FY2018,473664,employment
Tennessee,FY2019,484750,employment
Tennessee,FY2020,421953,employment
Tennessee,FY2021,534355,employment
Tennessee,FY2022,461095,employment
Tennessee,FY2023,583885,employment
Tennessee,FY2024,529937,employment
Tennessee,FY2025,542165,employment
Tennessee,FY2000,1810,estate_tax
Tennessee,FY2001,1748,estate_tax
Tennessee,FY2002,1900,estate_tax
Tennessee,FY2003,1425,estate_tax
Tennessee,FY2004,1117,estate_tax
Tennessee,FY2005,1011,estate_tax
Tennessee,FY2006,879,estate_tax
Tennessee,FY2007,781,estate_tax
Tennessee,FY2008,728,estate_tax
Tennessee,FY2009,723,estate_tax
Tennessee,FY2010,435,estate_tax
Tennessee,FY2011,184,estate_tax
Tennessee,FY2012,438,estate_tax
Tennessee,FY2013,505,estate_tax
Tennessee,FY2014,538,estate_tax
Tennessee,FY2015,545,estate_tax
Tennessee,FY2016,532,estate_tax
Tennessee,FY2017,466,estate_tax
Tennessee,FY2018,430,estate_tax
Tennessee,FY2019,334,estate_tax
Tennessee,FY2020,236,estate_tax
Tennessee,FY2021,370,estate_tax
Tennessee,FY2022,426,estate_tax
Tennessee,FY2023,651,estate_tax
Tennessee,FY2024,434,estate_tax
Tennessee,FY2025,418,estate_tax
Tennessee,FY2000,49921,estate_trust
Tennessee,FY2001,50210,estate_trust
Tennessee,FY2002,50849,estate_trust
Tennessee,FY2003,49417,estate_trust
Tennessee,FY2004,45677,estate_trust
Tennessee,FY2005,40024,estate_trust
Tennessee,FY2006,40267,estate_trust
Tennessee,FY2007,40890,estate_trust
Tennessee,FY2008,38901,estate_trust
Tennessee,FY2009,37800,estate_trust
Tennessee,FY2010,37115,estate_trust
Tennessee,FY2011,38169,estate_trust
Tennessee,FY2012,37598,estate_trust
Tennessee,FY2013,38573,estate_trust
Tennessee,FY2014,38716,estate_trust
Tennessee,FY2015,39467,estate_trust
Tennessee,FY2016,39692,estate_trust
Tennessee,FY2017,37399,estate_trust
Tennessee,FY2018,38918,estate_trust
Tennessee,FY2019,39513,estate_trust
Tennessee,FY2020,36915,estate_trust
Tennessee,FY2021,42677,estate_trust
Tennessee,FY2022,40735,estate_trust
Tennessee,FY2023,48449,estate_trust
Tennessee,FY2024,45705,estate_trust
Tennessee,FY2025,46742,estate_trust
Tennessee,FY2000,13547,estate_trust_estimated
Tennessee,FY2001,13323,estate_trust_estimated
Tennessee,FY2002,10775,estate_trust_estimated
Tennessee,FY2003,10082,estate_trust_estimated
Tennessee,FY2004,10152,estate_trust_estimated
Tennessee,FY2005,7498.746503268404,estate_trust_estimated
Tennessee,FY2006,10981,estate_trust_estimated
Tennessee,FY2007,14392,estate_trust_estimated
Tennessee,FY2008,16806,estate_trust_estimated
Tennessee,FY2009,9129,estate_trust_estimated
Tennessee,FY2010,5776,estate_trust_estimated
Tennessee,FY2011,6642,estate_trust_estimated
Tennessee,FY2012,7154,estate_trust_estimated
Tennessee,FY2013,9611,estate_trust_estimated
Tennessee,FY2014,9232.469834126943,estate_trust_estimated
Tennessee,FY2015,13043.041417359014,estate_trust_estimated
Tennessee,FY2016,10995,estate_trust_estimated
Tennessee,FY2017,8793,estate_trust_estimated
Tennessee,FY2018,11287,estate_trust_estimated
Tennessee,FY2019,12453,estate_trust_estimated
Tennessee,FY2020,10333,estate_trust_estimated
Tennessee,FY2021,10961,estate_trust_estimated
Tennessee,FY2022,12692,estate_trust_estimated
Tennessee,FY2023,9302,estate_trust_estimated
Tennessee,FY2024,9995,estate_trust_estimated
Tennessee,FY2025,11572,estate_trust_estimated
Tennessee,FY2000,21345,excise
Tennessee,FY2001,16929,excise
Tennessee,FY2002,19433,excise
Tennessee,FY2003,17271,excise
Tennessee,FY2004,13423,excise
Tennessee,FY2005,22389,excise
Tennessee,FY2006,19050,excise
Tennessee,FY2007,18547,excise
Tennessee,FY2008,16976,excise
Tennessee,FY2009,15843,excise
Tennessee,FY2010,16220,excise
Tennessee,FY2011,10533,excise
Tennessee,FY2012,23915,excise
Tennessee,FY2013,17895,excise
Tennessee,FY2014,19168,excise
Tennessee,FY2015,20310,excise
Tennessee,FY2016,20118,excise
Tennessee,FY2017,20490,excise
Tennessee,FY2018,20984,excise
Tennessee,FY2019,21104,excise
Tennessee,FY2020,18450,excise
Tennessee,FY2021,24389,excise
Tennessee,FY2022,22658,excise
Tennessee,FY2023,24146,excise
Tennessee,FY2024,23040,excise
Tennessee,FY2025,23055,excise
Tennessee,FY2000,4568,gift_tax
Tennessee,FY2001,4370,gift_tax
Tennessee,FY2002,4098,gift_tax
Tennessee,FY2003,3954,gift_tax
Tennessee,FY2004,3637,gift_tax
Tennessee,FY2005,3693,gift_tax
Tennessee,FY2006,3535,gift_tax
Tennessee,FY2007,3615,gift_tax
Tennessee,FY2008,3710,gift_tax
Tennessee,FY2009,3546,gift_tax
Tennessee,FY2010,3304,gift_tax
Tennessee,FY2011,3034,gift_tax
Tennessee,FY2012,3400,gift_tax
Tennessee,FY2013,4211,gift_tax
Tennessee,FY2014,4635,gift_tax
Tennessee,FY2015,3316,gift_tax
Tennessee,FY2016,3473,gift_tax
Tennessee,FY2017,3343,gift_tax
Tennessee,FY2018,3532,gift_tax
Tennessee,FY2019,3396,gift_tax
Tennessee,FY2020,2300,gift_tax
Tennessee,FY2021,4066,gift_tax
Tennessee,FY2022,3891,gift_tax
Tennessee,FY2023,7976,gift_tax
Tennessee,FY2024,5057,gift_tax
Tennessee,FY2025,4876,gift_tax
Tennessee,FY2000,617826,individual_estimated
Tennessee,FY2001,589118,individual_estimated
Tennessee,FY2002,564198,individual_estimated
Tennessee,FY2003,499228,individual_estimated
Tennessee,FY2004,501140.06451612903,individual_estimated
Tennessee,FY2005,477101,individual_estimated
Tennessee,FY2006,492697,individual_estimated
Tennessee,FY2007,496159,individual_estimated
Tennessee,FY2008,487698,individual_estimated
Tennessee,FY2009,474284,individual_estimated
Tennessee,FY2010,395236,individual_estimated
Tennessee,FY2011,385033,individual_estimated
Tennessee,FY2012,368493,individual_estimated
Tennessee,FY2013,409460,individual_estimated
Tennessee,FY2014,388053,individual_estimated
Tennessee,FY2015,394023,individual_estimated
Tennessee,FY2016,382391,individual_estimated
Tennessee,FY2017,371886,individual_estimated
Tennessee,FY2018,374219,individual_estimated
Tennessee,FY2019,366198,individual_estimated
Tennessee,FY2020,328682,individual_estimated
Tennessee,FY2021,330576,individual_estimated
Tennessee,FY2022,318813,individual_estimated
Tennessee,FY2023,301956,individual_estimated
Tennessee,FY2024,305188,individual_estimated
Tennessee,FY2025,290332,individual_estimated
Tennessee,FY2000,2534572,individual_income
Tennessee,FY2001,2563389,individual_income
Tennessee,FY2002,2553908,individual_income
Tennessee,FY2003,2553426,individual_income
Tennessee,FY2004,2563181,individual_income
Tennessee,FY2005,2603548,individual_income
Tennessee,FY2006,2629091,individual_income
Tennessee,FY2007,2733972,individual_income
Tennessee,FY2008,3153675,individual_income
Tennessee,FY2009,2851378,individual_income
Tennessee,FY2010,2783638,individual_income
Tennessee,FY2011,2831182,individual_income
Tennessee,FY2012,2893799,individual_income
Tennessee,FY2013,2878206,individual_income
Tennessee,FY2014,2904567,individual_income
Tennessee,FY2015,2930440,individual_income
Tennessee,FY2016,2966799,individual_income
Tennessee,FY2017,2977375,individual_income
Tennessee,FY2018,3018332,individual_income
Tennessee,FY2019,3039589,individual_income
Tennessee,FY2020,3159286,individual_income
Tennessee,FY2021,3375081,individual_income
Tennessee,FY2022,3250462,individual_income
Tennessee,FY2023,3299510,individual_income
Tennessee,FY2024,3242083,individual_income
Tennessee,FY2025,3260464,individual_income
Tennessee,FY2000,47675,partnership
Tennessee,FY2001,47608,partnership
Tennessee,FY2002,50061,partnership
Tennessee,FY2003,51042,partnership
Tennessee,FY2004,52547,partnership
Tennessee,FY2005,53571,partnership
Tennessee,FY2006,54365,partnership
Tennessee,FY2007,60077,partnership
Tennessee,FY2008,63976,partnership
Tennessee,FY2009,67080,partnership
Tennessee,FY2010,66270,partnership
Tennessee,FY2011,65442,partnership
Tennessee,FY2012,65288,partnership
Tennessee,FY2013,66445,partnership
Tennessee,FY2014,66735,partnership
Tennessee,FY2015,68121,partnership
Tennessee,FY2016,70353,partnership
Tennessee,FY2017,72197,partnership
Tennessee,FY2018,75071,partnership
Tennessee,FY2019,71423,partnership
Tennessee,FY2020,81716,partnership
Tennessee,FY2021,85673,partnership
Tennessee,FY2022,84764,partnership
Tennessee,FY2023,97329,partnership
Tennessee,FY2024,97000,partnership
Tennessee,FY2025,93843,partnership
Tennessee,FY2004,29250,s_corporation
Tennessee,FY2005,29693,s_corporation
Tennessee,FY2006,31165,s_corporation
Tennessee,FY2007,32797,s_corporation
Tennessee,FY2008,35877,s_corporation
Tennessee,FY2009,35668,s_corporation
Tennessee,FY2010,35706,s_corporation
Tennessee,FY2011,36499,s_corporation
Tennessee,FY2012,35992,s_corporation
Tennessee,FY2013,35891,s_corporation
Tennessee,FY2014,35885,s_corporation
Tennessee,FY2015,35651,s_corporation
Tennessee,FY2016,36258,s_corporation
Tennessee,FY2017,36464,s_corporation
Tennessee,FY2018,37467,s_corporation
Tennessee,FY2019,38143,s_corporation
Tennessee,FY2020,37569,s_corporation
Tennessee,FY2021,40513,s_corporation
Tennessee,FY2022,41164,s_corporation
Tennessee,FY2023,47192,s_corporation
Tennessee,FY2024,47653,s_corporation
Tennessee,FY2025,47218,s_corporation
Tennessee,FY2000,242401.9555546365,supplemental
Tennessee,FY2001,245841.25621574817,supplemental
Tennessee,FY2002,292344.421627806,supplemental
Tennessee,FY2003,272481.11711322475,supplemental
Tennessee,FY2004,300805.9925772739,supplemental
Tennessee,FY2005,293183,supplemental
Tennessee,FY2006,262847,supplemental
Tennessee,FY2007,297163,supplemental
Tennessee,FY2008,305893,supplemental
Tennessee,FY2009,332427,supplemental
Tennessee,FY2010,296265,supplemental
Tennessee,FY2011,341988.85665808065,supplemental
Tennessee,FY2012,339539,supplemental
Tennessee,FY2013,321577,supplemental
Tennessee,FY2014,294262,supplemental
Tennessee,FY2015,308897,supplemental
Tennessee,FY2016,305080,supplemental
Tennessee,FY2017,345459,supplemental
Tennessee,FY2018,370393,supplemental
Tennessee,FY2019,378246,supplemental
Tennessee,FY2020,257386,supplemental
Tennessee,FY2021,364623,supplemental
Tennessee,FY2022,583321,supplemental
Tennessee,FY2023,608279,supplemental
Tennessee,FY2024,602621.8909003229,supplemental
Tennessee,FY2025,585536.467866062,supplemental
Tennessee,FY2000,10918,tax_exempt
Tennessee,FY2001,10889,tax_exempt
Tennessee,FY2002,11409,tax_exempt
Tennessee,FY2003,11698,tax_exempt
Tennessee,FY2004,12157,tax_exempt
Tennessee,FY2005,12060,tax_exempt
Tennessee,FY2006,12529,tax_exempt
Tennessee,FY2007,13427,tax_exempt
Tennessee,FY2008,13247,tax_exempt
Tennessee,FY2009,17242,tax_exempt
Tennessee,FY2010,20281,tax_exempt
Tennessee,FY2011,21537,tax_exempt
Tennessee,FY2012,20888,tax_exempt
Tennessee,FY2013,22356,tax_exempt
Tennessee,FY2014,22234,tax_exempt
Tennessee,FY2015,24285,tax_exempt
Tennessee,FY2016,23632,tax_exempt
Tennessee,FY2017,23751,tax_exempt
Tennessee,FY2018,24634,tax_exempt
Tennessee,FY2019,25095,tax_exempt
Tennessee,FY2020,22245,tax_exempt
Tennessee,FY2021,26697,tax_exempt
Tennessee,FY2022,27292,tax_exempt
Tennessee,FY2023,28046,tax_exempt
Tennessee,FY2024,28442,tax_exempt
Tennessee,FY2025,29193,tax_exempt
Tennessee,FY2000,4129153.9555546367,total
Tennessee,FY2001,4110277.256215749,total
Tennessee,FY2002,4115043.421627806,total
Tennessee,FY2003,4029198.774532515,total
Tennessee,FY2004,4069383.0981258745,total
Tennessee,FY2005,4079610.746503269,total
Tennessee,FY2006,4098749,total
Tennessee,FY2007,4245472,total
Tennessee,FY2008,4668201,total
Tennessee,FY2009,4363775,total
Tennessee,FY2010,4165355,total
Tennessee,FY2011,4235716.856658081,total
Tennessee,FY2012,4291438,total
Tennessee,FY2013,4302190,total
Tennessee,FY2014,4278396.4698341265,total
Tennessee,FY2015,4333884,total
Tennessee,FY2016,4356222,total
Tennessee,FY2017,4394284,total
Tennessee,FY2018,4477111,total
Tennessee,FY2019,4508374,total
Tennessee,FY2020,4401129,total
Tennessee,FY2021,4869725,total
Tennessee,FY2022,4873057,total
Tennessee,FY2023,5089167,total
Tennessee,FY2024,4965459.890900323,total
Tennessee,FY2025,4963873,total
Texas,FY2004,185951,c_corporation
Texas,FY2005,182042,c_corporation
Texas,FY2006,180722,c_corporation
Texas,FY2007,181978,c_corporation
Texas,FY2008,189092,c_corporation
Texas,FY2009,185554,c_corporation
Texas,FY2010,182710,c_corporation
Texas,FY2011,176040,c_corporation
Texas,FY2012,172875,c_corporation
Texas,FY2013,172127,c_corporation
Texas,FY2014,167327,c_corporation
Texas,FY2015,167292,c_corporation
Texas,FY2016,166691,c_corporation
Texas,FY2017,154797,c_corporation
Texas,FY2018,159809,c_corporation
Texas,FY2019,159343,c_corporation
Texas,FY2020,137487,c_corporation
Texas,FY2021,157897,c_corporation
Texas,FY2022,177638,c_corporation
Texas,FY2023,177042,c_corporation
Texas,FY2024,165921,c_corporation
Texas,FY2025,179649,c_corporation
Texas,FY2000,311665,corporation_total
Texas,FY2001,325225,corporation_total
Texas,FY2002,343010,corporation_total
Texas,FY2003,354660,corporation_total
Texas,FY2000,52587,employee_plan
Texas,FY2001,38778,employee_plan
Texas,FY2000,1843828,employment
Texas,FY2001,1843809,employment
Texas,FY2002,1859428,employment
Texas,FY2003,1893158.3370291549,employment
Texas,FY2004,1939759.8098869896,employment
Texas,FY2005,1937494,employment
Texas,FY2006,1959308,employment
Texas,FY2007,1943221,employment
Texas,FY2008,1956032,employment
Texas,FY2009,1948537,employment
Texas,FY2010,1948429,employment
Texas,FY2011,1944982,employment
Texas,FY2012,1978195,employment
Texas,FY2013,2027974,employment
Texas,FY2014,2058841,employment
Texas,FY2015,2093489,employment
Texas,FY2016,2138513,employment
Texas,FY2017,2163693,employment
Texas,FY2018,2199784,employment
Texas,FY2019,2282971,employment
Texas,FY2020,2046612,employment
Texas,FY2021,2478244,employment
Texas,FY2022,2391671,employment
Texas,FY2023,2716916,employment
Texas,FY2024,2595734,employment
Texas,FY2025,2681350,employment
Texas,FY2000,5988,estate_tax
Texas,FY2001,6263,estate_tax
Texas,FY2002,5858,estate_tax
Texas,FY2003,4556,estate_tax
Texas,FY2004,3602,estate_tax
Texas,FY2005,3213,estate_tax
Texas,FY2006,2718,estate_tax
Texas,FY2007,2494,estate_tax
Texas,FY2008,2309,estate_tax
Texas,FY2009,2519,estate_tax
Texas,FY2010,1532,estate_tax
Texas,FY2011,676,estate_tax
Texas,FY2012,1288,estate_tax
Texas,FY2013,1657,estate_tax
Texas,FY2014,1735,estate_tax
Texas,FY2015,1926,estate_tax
Texas,FY2016,1804,estate_tax
Texas,FY2017,1815,estate_tax
Texas,FY2018,1758,estate_tax
Texas,FY2019,1373,estate_tax
Texas,FY2020,735,estate_tax
Texas,FY2021,1418,estate_tax
Texas,FY2022,1505,estate_tax
Texas,FY2023,2787,estate_tax
Texas,FY2024,1815,estate_tax
Texas,FY2025,1672,estate_tax
Texas,FY2000,207542,estate_trust
Texas,FY2001,213570,estate_trust
Texas,FY2002,217831,estate_trust
Texas,FY2003,220472,estate_trust
Texas,FY2004,203688,estate_trust
Texas,FY2005,190326,estate_trust
Texas,FY2006,187908,estate_trust
Texas,FY2007,193744,estate_trust
Texas,FY2008,195238,estate_trust
Texas,FY2009,208434,estate_trust
Texas,FY2010,209324,estate_trust
Texas,FY2011,219309,estate_trust
Texas,FY2012,202297,estate_trust
Texas,FY2013,210218,estate_trust
Texas,FY2014,210399,estate_trust
Texas,FY2015,214171,estate_trust
Texas,FY2016,213557,estate_trust
Texas,FY2017,193621,estate_trust
Texas,FY2018,204234,estate_trust
Texas,FY2019,205717,estate_trust
Texas,FY2020,186221,estate_trust
Texas,FY2021,222556,estate_trust
Texas,FY2022,221816,estate_trust
Texas,FY2023,250407,estate_trust
Texas,FY2024,233415,estate_trust
Texas,FY2025,244062,estate_trust
Texas,FY2000,81761,estate_trust_estimated
Texas,FY2001,83179,estate_trust_estimated
Texas,FY2002,68810,estate_trust_estimated
Texas,FY2003,54852,estate_trust_estimated
Texas,FY2004,56931,estate_trust_estimated
Texas,FY2005,39226.203611822995,estate_trust_estimated
Texas,FY2006,66251,estate_trust_estimated
Texas,FY2007,77397,estate_trust_estimated
Texas,FY2008,88872,estate_trust_estimated
Texas,FY2009,66353,estate_trust_estimated
Texas,FY2010,42205,estate_trust_estimated
Texas,FY2011,46617,estate_trust_estimated
Texas,FY2012,47010,estate_trust_estimated
Texas,FY2013,63499,estate_trust_estimated
Texas,FY2014,59068.41551985767,estate_trust_estimated
Texas,FY2015,74534.04609434202,estate_trust_estimated
Texas,FY2016,67109,estate_trust_estimated
Texas,FY2017,57272,estate_trust_estimated
Texas,FY2018,69152,estate_trust_estimated
Texas,FY2019,76090,estate_trust_estimated
Texas,FY2020,62503,estate_trust_estimated
Texas,FY2021,59688,estate_trust_estimated
Texas,FY2022,74958,estate_trust_estimated
Texas,FY2023,61243,estate_trust_estimated
Texas,FY2024,59219,estate_trust_estimated
Texas,FY2025,75649,estate_trust_estimated
Texas,FY2000,64418,excise
Texas,FY2001,53220,excise
Texas,FY2002,61966,excise
Texas,FY2003,55134,excise
Texas,FY2004,46815,excise
Texas,FY2005,73919,excise
Texas,FY2006,67879,excise
Texas,FY2007,69965,excise
Texas,FY2008,66036,excise
Texas,FY2009,62283,excise
Texas,FY2010,64408,excise
Texas,FY2011,40500,excise
Texas,FY2012,94942,excise
Texas,FY2013,74000,excise
Texas,FY2014,80477,excise
Texas,FY2015,87028,excise
Texas,FY2016,87470,excise
Texas,FY2017,91231,excise
Texas,FY2018,98204,excise
Texas,FY2019,102698,excise
Texas,FY2020,90521,excise
Texas,FY2021,119160,excise
Texas,FY2022,118426,excise
Texas,FY2023,124914,excise
Texas,FY2024,117135,excise
Texas,FY2025,118154,excise
Texas,FY2000,20333,gift_tax
Texas,FY2001,20697,gift_tax
Texas,FY2002,19235,gift_tax
Texas,FY2003,19154,gift_tax
Texas,FY2004,16384,gift_tax
Texas,FY2005,18462,gift_tax
Texas,FY2006,16433,gift_tax
Texas,FY2007,16619,gift_tax
Texas,FY2008,16765,gift_tax
Texas,FY2009,17146,gift_tax
Texas,FY2010,16502,gift_tax
Texas,FY2011,14629,gift_tax
Texas,FY2012,17722,gift_tax
Texas,FY2013,22870,gift_tax
Texas,FY2014,26446,gift_tax
Texas,FY2015,16399,gift_tax
Texas,FY2016,17454,gift_tax
Texas,FY2017,16726,gift_tax
Texas,FY2018,16423,gift_tax
Texas,FY2019,16455,gift_tax
Texas,FY2020,11448,gift_tax
Texas,FY2021,18120,gift_tax
Texas,FY2022,19725,gift_tax
Texas,FY2023,34737,gift_tax
Texas,FY2024,21580,gift_tax
Texas,FY2025,21568,gift_tax
Texas,FY2000,2076969,individual_estimated
Texas,FY2001,2012298,individual_estimated
Texas,FY2002,2039600,individual_estimated
Texas,FY2003,1672304,individual_estimated
Texas,FY2004,1662705.7741935484,individual_estimated
Texas,FY2005,1613231,individual_estimated
Texas,FY2006,1689202,individual_estimated
Texas,FY2007,1756158,individual_estimated
Texas,FY2008,1704305,individual_estimated
Texas,FY2009,1699925,individual_estimated
Texas,FY2010,1391620,individual_estimated
Texas,FY2011,1388404,individual_estimated
Texas,FY2012,1273886,individual_estimated
Texas,FY2013,1569195,individual_estimated
Texas,FY2014,1442398,individual_estimated
Texas,FY2015,1446728,individual_estimated
Texas,FY2016,1342888,individual_estimated
Texas,FY2017,1258333,individual_estimated
Texas,FY2018,1267276,individual_estimated
Texas,FY2019,1246790,individual_estimated
Texas,FY2020,1083423,individual_estimated
Texas,FY2021,1020191,individual_estimated
Texas,FY2022,1024641,individual_estimated
Texas,FY2023,968015,individual_estimated
Texas,FY2024,941808,individual_estimated
Texas,FY2025,919632,individual_estimated
Texas,FY2000,8840634,individual_income
Texas,FY2001,9021836,individual_income
Texas,FY2002,9189960,individual_income
Texas,FY2003,9216157,individual_income
Texas,FY2004,9290654,individual_income
Texas,FY2005,9431285,individual_income
Texas,FY2006,9583785,individual_income
Texas,FY2007,10041600,individual_income
Texas,FY2008,11319150,individual_income
Texas,FY2009,10748636,individual_income
Texas,FY2010,10715407,individual_income
Texas,FY2011,10902321,individual_income
Texas,FY2012,11292464,individual_income
Texas,FY2013,11441720,individual_income
Texas,FY2014,11693399,individual_income
Texas,FY2015,11915445,individual_income
Texas,FY2016,12117250,individual_income
Texas,FY2017,12122417,individual_income
Texas,FY2018,12368620,individual_income
Texas,FY2019,12577134,individual_income
Texas,FY2020,13234102,individual_income
Texas,FY2021,14124658,individual_income
Texas,FY2022,13334018,individual_income
Texas,FY2023,13902372,individual_income
Texas,FY2024,13644352,individual_income
Texas,FY2025,14054915,individual_income
Texas,FY2000,157562,partnership
Texas,FY2001,167285,partnership
Texas,FY2002,178186,partnership
Texas,FY2003,194165,partnership
Texas,FY2004,210156,partnership
Texas,FY2005,220699,partnership
Texas,FY2006,230489,partnership
Texas,FY2007,265290,partnership
Texas,FY2008,286137,partnership
Texas,FY2009,321435,partnership
Texas,FY2010,317763,partnership
Texas,FY2011,326023,partnership
Texas,FY2012,331540,partnership
Texas,FY2013,342670,partnership
Texas,FY2014,356156,partnership
Texas,FY2015,363572,partnership
Texas,FY2016,382346,partnership
Texas,FY2017,378379,partnership
Texas,FY2018,418803,partnership
Texas,FY2019,373260,partnership
Texas,FY2020,434941,partnership
Texas,FY2021,464379,partnership
Texas,FY2022,453122,partnership
Texas,FY2023,533105,partnership
Texas,FY2024,490402,partnership
Texas,FY2025,547610,partnership
Texas,FY2004,177697,s_corporation
Texas,FY2005,181321,s_corporation
Texas,FY2006,192526,s_corporation
Texas,FY2007,204889,s_corporation
Texas,FY2008,227600,s_corporation
Texas,FY2009,238353,s_corporation
Texas,FY2010,248542,s_corporation
Texas,FY2011,258042,s_corporation
Texas,FY2012,264403,s_corporation
Texas,FY2013,272780,s_corporation
Texas,FY2014,282011,s_corporation
Texas,FY2015,289883,s_corporation
Texas,FY2016,307438,s_corporation
Texas,FY2017,307272,s_corporation
Texas,FY2018,350298,s_corporation
Texas,FY2019,353558,s_corporation
Texas,FY2020,344768,s_corporation
Texas,FY2021,372585,s_corporation
Texas,FY2022,411016,s_corporation
Texas,FY2023,439430,s_corporation
Texas,FY2024,426171,s_corporation
Texas,FY2025,482278,s_corporation
Texas,FY2000,1273281,supplemental
Texas,FY2001,1594071,supplemental
Texas,FY2002,1665545,supplemental
Texas,FY2003,1693141.922273468,supplemental
Texas,FY2004,1712450.36038997,supplemental
Texas,FY2005,1753491,supplemental
Texas,FY2006,1537178,supplemental
Texas,FY2007,1754295,supplemental
Texas,FY2008,1818024,supplemental
Texas,FY2009,1997988,supplemental
Texas,FY2010,1877651,supplemental
Texas,FY2011,2093753.9418304963,supplemental
Texas,FY2012,2080214,supplemental
Texas,FY2013,2126636,supplemental
Texas,FY2014,2087454,supplemental
Texas,FY2015,2194803,supplemental
Texas,FY2016,2192280,supplemental
Texas,FY2017,2400740,supplemental
Texas,FY2018,2570254,supplemental
Texas,FY2019,2631867,supplemental
Texas,FY2020,2027364,supplemental
Texas,FY2021,2338972,supplemental
Texas,FY2022,3632778,supplemental
Texas,FY2023,3895901,supplemental
Texas,FY2024,3965975.974198077,supplemental
Texas,FY2025,4179163.634907196,supplemental
Texas,FY2000,36632,tax_exempt
Texas,FY2001,37160,tax_exempt
Texas,FY2002,38831,tax_exempt
Texas,FY2003,41349,tax_exempt
Texas,FY2004,42352,tax_exempt
Texas,FY2005,42254,tax_exempt
Texas,FY2006,43493,tax_exempt
Texas,FY2007,46761,tax_exempt
Texas,FY2008,46274,tax_exempt
Texas,FY2009,62536,tax_exempt
Texas,FY2010,77090,tax_exempt
Texas,FY2011,79569,tax_exempt
Texas,FY2012,78109,tax_exempt
Texas,FY2013,84040,tax_exempt
Texas,FY2014,85580,tax_exempt
Texas,FY2015,93537,tax_exempt
Texas,FY2016,89236,tax_exempt
Texas,FY2017,93172,tax_exempt
Texas,FY2018,96371,tax_exempt
Texas,FY2019,99743,tax_exempt
Texas,FY2020,89460,tax_exempt
Texas,FY2021,104388,tax_exempt
Texas,FY2022,111824,tax_exempt
Texas,FY2023,135229,tax_exempt
Texas,FY2024,167195,tax_exempt
Texas,FY2025,170266,tax_exempt
Texas,FY2000,14973200,total
Texas,FY2001,15417391,total
Texas,FY2002,15688260,total
Texas,FY2003,15419103.259302624,total
Texas,FY2004,15549145.944470508,total
Texas,FY2005,15686963.203611825,total
Texas,FY2006,15757892,total
Texas,FY2007,16554411,total
Texas,FY2008,17915834,total
Texas,FY2009,17559699,total
Texas,FY2010,17093183,total
Texas,FY2011,17490865.941830497,total
Texas,FY2012,17834945,total
Texas,FY2013,18409386,total
Texas,FY2014,18551291.415519856,total
Texas,FY2015,18958807,total
Texas,FY2016,19124036,total
Texas,FY2017,19239468,total
Texas,FY2018,19820986,total
Texas,FY2019,20126999,total
Texas,FY2020,19749585,total
Texas,FY2021,21482256,total
Texas,FY2022,21973138,total
Texas,FY2023,23242098,total
Texas,FY2024,22830722.974198077,total
Texas,FY2025,23675969,total
United States total,FY2004,2540889,c_corporation
United States total,FY2005,2494145,c_corporation
United States total,FY2006,2453741,c_corporation
United States total,FY2007,2507728,c_corporation
United States total,FY2008,2537825,c_corporation
United States total,FY2009,2475785,c_corporation
United States total,FY2010,2355803,c_corporation
United States total,FY2011,2312909,c_corporation
United States total,FY2012,2262961,c_corporation
United States total,FY2013,2247747,c_corporation
United States total,FY2014,2220921,c_corporation
United States total,FY2015,2216263,c_corporation
United States total,FY2016,2207723,c_corporation
United States total,FY2017,2050182,c_corporation
United States total,FY2018,2127673,c_corporation
United States total,FY2019,2146904,c_corporation
United States total,FY2020,1819301,c_corporation
United States total,FY2021,2143717,c_corporation
United States total,FY2022,2260757,c_corporation
United States total,FY2023,2464836,c_corporation
United States total,FY2024,2252027,c_corporation
United States total,FY2025,2350205,c_corporation
United States total,FY1998,5311411,corporation_total
United States total,FY1999,5402864,corporation_total
United States total,FY2000,5457793,corporation_total
United States total,FY2001,5491464,corporation_total
United States total,FY2002,5710759,corporation_total
United States total,FY2003,5890821,corporation_total
United States total,FY1998,1661505,employee_plan
United States total,FY1999,1414397,employee_plan
United States total,FY2000,1164166,employee_plan
United States total,FY2001,883064,employee_plan
United States total,FY1998,29273517,employment
United States total,FY1999,29047924,employment
United States total,FY2000,28910926,employment
United States total,FY2001,28899069,employment
United States total,FY2002,29140771,employment
United States total,FY2003,29916033,employment
United States total,FY2004,30429670.750000004,employment
United States total,FY2005,30871575,employment
United States total,FY2006,31182071,employment
United States total,FY2007,30740592,employment
United States total,FY2008,30683140,employment
United States total,FY2009,30223289,employment
United States total,FY2010,29787494,employment
United States total,FY2011,29445812,employment
United States total,FY2012,29589891,employment
United States total,FY2013,29957757,employment
United States total,FY2014,30065749,employment
United States total,FY2015,30195881,employment
United States total,FY2016,30460364,employment
United States total,FY2017,30680601,employment
United States total,FY2018,30942654,employment
United States total,FY2019,31566173,employment
United States total,FY2020,28028002,employment
United States total,FY2021,33865353,employment
United States total,FY2022,31180674,employment
United States total,FY2023,36286127,employment
United States total,FY2024,33662190,employment
United States total,FY2025,34143809,employment
United States total,FY1998,108710,estate_tax
United States total,FY1999,117226,estate_tax
United States total,FY2000,121171,estate_tax
United States total,FY2001,121715,estate_tax
United States total,FY2002,120576,estate_tax
United States total,FY2003,91679,estate_tax
United States total,FY2004,73340,estate_tax
United States total,FY2005,65703,estate_tax
United States total,FY2006,58279,estate_tax
United States total,FY2007,49924,estate_tax
United States total,FY2008,46251,estate_tax
United States total,FY2009,47320,estate_tax
United States total,FY2010,28780,estate_tax
United States total,FY2011,11128,estate_tax
United States total,FY2012,26859,estate_tax
United States total,FY2013,32288,estate_tax
United States total,FY2014,34132,estate_tax
United States total,FY2015,36343,estate_tax
United States total,FY2016,35592,estate_tax
United States total,FY2017,34340,estate_tax
United States total,FY2018,34092,estate_tax
United States total,FY2019,25742,estate_tax
United States total,FY2020,15023,estate_tax
United States total,FY2021,28473,estate_tax
United States total,FY2022,27088,estate_tax
United States total,FY2023,49633,estate_tax
United States total,FY2024,31516,estate_tax
United States total,FY2025,28495,estate_tax
United States total,FY1998,3387880,estate_trust
United States total,FY1999,3390050,estate_trust
United States total,FY2000,3530132,estate_trust
United States total,FY2001,3868101,estate_trust
United States total,FY2002,3683893,estate_trust
United States total,FY2003,3688043,estate_trust
United States total,FY2004,3734651,estate_trust
United States total,FY2005,3684256,estate_trust
United States total,FY2006,3697436,estate_trust
United States total,FY2007,3717790,estate_trust
United States total,FY2008,3074537,estate_trust
United States total,FY2009,3142712,estate_trust
United States total,FY2010,3073951,estate_trust
United States total,FY2011,3106016,estate_trust
United States total,FY2012,3061029,estate_trust
United States total,FY2013,3192115,estate_trust
United States total,FY2014,3205595,estate_trust
United States total,FY2015,3202760,estate_trust
United States total,FY2016,3206758,estate_trust
United States total,FY2017,2994547,estate_trust
United States total,FY2018,3096806,estate_trust
United States total,FY2019,3116479,estate_trust
United States total,FY2020,2820317,estate_trust
United States total,FY2021,3241024,estate_trust
United States total,FY2022,2973224,estate_trust
United States total,FY2023,3370406,estate_trust
United States total,FY2024,3165460,estate_trust
United States total,FY2025,3187009,estate_trust
United States total,FY1998,1028334,estate_trust_estimated
United States total,FY1999,914022,estate_trust_estimated
United States total,FY2000,891925,estate_trust_estimated
United States total,FY2001,884903,estate_trust_estimated
United States total,FY2002,669691,estate_trust_estimated
United States total,FY2003,632982,estate_trust_estimated
United States total,FY2004,691526,estate_trust_estimated
United States total,FY2005,502900,estate_trust_estimated
United States total,FY2006,638524,estate_trust_estimated
United States total,FY2007,779979,estate_trust_estimated
United States total,FY2008,921916,estate_trust_estimated
United States total,FY2009,542352,estate_trust_estimated
United States total,FY2010,343075,estate_trust_estimated
United States total,FY2011,382413,estate_trust_estimated
United States total,FY2012,400464,estate_trust_estimated
United States total,FY2013,541088,estate_trust_estimated
United States total,FY2014,617649,estate_trust_estimated
United States total,FY2015,747766,estate_trust_estimated
United States total,FY2016,645521,estate_trust_estimated
United States total,FY2017,552691,estate_trust_estimated
United States total,FY2018,696167,estate_trust_estimated
United States total,FY2019,754655,estate_trust_estimated
United States total,FY2020,633707,estate_trust_estimated
United States total,FY2021,644024,estate_trust_estimated
United States total,FY2022,794141,estate_trust_estimated
United States total,FY2023,550179,estate_trust_estimated
United States total,FY2024,588398,estate_trust_estimated
United States total,FY2025,755971,estate_trust_estimated
United States total,FY1998,815002,excise
United States total,FY1999,761856,excise
United States total,FY2000,915610,excise
United States total,FY2001,765021,excise
United States total,FY2002,885078,excise
United States total,FY2003,812483,excise
United States total,FY2004,647263,excise
United States total,FY2005,1063649,excise
United States total,FY2006,942145,excise
United States total,FY2007,907165,excise
United States total,FY2008,865216,excise
United States total,FY2009,809461,excise
United States total,FY2010,836793,excise
United States total,FY2011,522165,excise
United States total,FY2012,1196789,excise
United States total,FY2013,908608,excise
United States total,FY2014,987238,excise
United States total,FY2015,1025498,excise
United States total,FY2016,1015497,excise
United States total,FY2017,1018165,excise
United States total,FY2018,1049493,excise
United States total,FY2019,1073183,excise
United States total,FY2020,902342,excise
United States total,FY2021,1276921,excise
United States total,FY2022,1166197,excise
United States total,FY2023,1241344,excise
United States total,FY2024,1174267,excise
United States total,FY2025,1173356,excise
United States total,FY1998,257722,gift_tax
United States total,FY1999,285641,gift_tax
United States total,FY2000,304558,gift_tax
United States total,FY2001,304079,gift_tax
United States total,FY2002,278926,gift_tax
United States total,FY2003,287456,gift_tax
United States total,FY2004,249019,gift_tax
United States total,FY2005,276570,gift_tax
United States total,FY2006,255651,gift_tax
United States total,FY2007,252522,gift_tax
United States total,FY2008,252286,gift_tax
United States total,FY2009,245262,gift_tax
United States total,FY2010,230007,gift_tax
United States total,FY2011,207858,gift_tax
United States total,FY2012,249451,gift_tax
United States total,FY2013,313331,gift_tax
United States total,FY2014,334641,gift_tax
United States total,FY2015,237706,gift_tax
United States total,FY2016,249302,gift_tax
United States total,FY2017,244900,gift_tax
United States total,FY2018,245584,gift_tax
United States total,FY2019,239618,gift_tax
United States total,FY2020,158095,gift_tax
United States total,FY2021,282054,gift_tax
United States total,FY2022,270142,gift_tax
United States total,FY2023,516991,gift_tax
United States total,FY2024,313197,gift_tax
United States total,FY2025,311332,gift_tax
United States total,FY1998,42412730,individual_estimated
United States total,FY1999,39227680,individual_estimated
United States total,FY2000,39229569,individual_estimated
United States total,FY2001,37469707,individual_estimated
United States total,FY2002,33816799,individual_estimated
United States total,FY2003,28588294,individual_estimated
United States total,FY2004,29026851,individual_estimated
United States total,FY2005,28669403,individual_estimated
United States total,FY2006,30098907,individual_estimated
United States total,FY2007,29995977,individual_estimated
United States total,FY2008,28781817,individual_estimated
United States total,FY2009,24196680,individual_estimated
United States total,FY2010,23390344,individual_estimated
United States total,FY2011,23224046,individual_estimated
United States total,FY2012,22157924,individual_estimated
United States total,FY2013,24806250,individual_estimated
United States total,FY2014,23608340,individual_estimated
United States total,FY2015,24121596,individual_estimated
United States total,FY2016,23101441,individual_estimated
United States total,FY2017,22230026,individual_estimated
United States total,FY2018,22387449,individual_estimated
United States total,FY2019,22225590,individual_estimated
United States total,FY2020,17579898,individual_estimated
United States total,FY2021,13215644,individual_estimated
United States total,FY2022,12682195,individual_estimated
United States total,FY2023,11799634,individual_estimated
United States total,FY2024,12076801,individual_estimated
United States total,FY2025,13315355,individual_estimated
United States total,FY1998,122999969,individual_income
United States total,FY1999,125227232,individual_income
United States total,FY2000,127590270,individual_income
United States total,FY2001,129783221,individual_income
United States total,FY2002,130904889,individual_income
United States total,FY2003,130728360,individual_income
United States total,FY2004,131301697,individual_income
United States total,FY2005,132844632,individual_income
United States total,FY2006,133917068,individual_income
United States total,FY2007,138893908,individual_income
United States total,FY2008,154345853,individual_income
United States total,FY2009,144103375,individual_income
United States total,FY2010,141166805,individual_income
United States total,FY2011,143607800,individual_income
United States total,FY2012,146243886,individual_income
United States total,FY2013,145996474,individual_income
United States total,FY2014,147444789,individual_income
United States total,FY2015,148840642,individual_income
United States total,FY2016,150711378,individual_income
United States total,FY2017,150690787,individual_income
United States total,FY2018,152937949,individual_income
United States total,FY2019,154094555,individual_income
United States total,FY2020,157195302,individual_income
United States total,FY2021,167915264,individual_income
United States total,FY2022,160571367,individual_income
United States total,FY2023,163146934,individual_income
United States total,FY2024,161052672,individual_income
United States total,FY2025,162754810,individual_income
United States total,FY1998,1825737,partnership
United States total,FY1999,1966434,partnership
United States total,FY2000,2047625,partnership
United States total,FY2001,2133670,partnership
United States total,FY2002,2236384,partnership
United States total,FY2003,2380618,partnership
United States total,FY2004,2520846,partnership
United States total,FY2005,2664585,partnership
United States total,FY2006,2773205,partnership
United States total,FY2007,3096964,partnership
United States total,FY2008,3307344,partnership
United States total,FY2009,3564630,partnership
United States total,FY2010,3508856,partnership
United States total,FY2011,3573550,partnership
United States total,FY2012,3625937,partnership
United States total,FY2013,3685725,partnership
United States total,FY2014,3799428,partnership
United States total,FY2015,3882560,partnership
United States total,FY2016,4005907,partnership
United States total,FY2017,4046325,partnership
United States total,FY2018,4239198,partnership
United States total,FY2019,3946342,partnership
United States total,FY2020,4470095,partnership
United States total,FY2021,4710457,partnership
United States total,FY2022,4582871,partnership
United States total,FY2023,5117987,partnership
United States total,FY2024,5100408,partnership
United States total,FY2025,5215815,partnership
United States total,FY2004,3503932,s_corporation
United States total,FY2005,3633976,s_corporation
United States total,FY2006,3824658,s_corporation
United States total,FY2007,4098695,s_corporation
United States total,FY2008,4440001,s_corporation
United States total,FY2009,4495685,s_corporation
United States total,FY2010,4508078,s_corporation
United States total,FY2011,4545454,s_corporation
United States total,FY2012,4579669,s_corporation
United States total,FY2013,4566216,s_corporation
United States total,FY2014,4642817,s_corporation
United States total,FY2015,4717161,s_corporation
United States total,FY2016,4831588,s_corporation
United States total,FY2017,4842706,s_corporation
United States total,FY2018,5128058,s_corporation
United States total,FY2019,5186557,s_corporation
United States total,FY2020,5044303,s_corporation
United States total,FY2021,5355449,s_corporation
United States total,FY2022,5583837,s_corporation
United States total,FY2023,5882030,s_corporation
United States total,FY2024,6080370,s_corporation
United States total,FY2025,6154614,s_corporation
United States total,FY1998,14694826,supplemental
United States total,FY1999,15872651.376161903,supplemental
United States total,FY2000,15259655.306548268,supplemental
United States total,FY2001,16609419.963321568,supplemental
United States total,FY2002,18413430.155342437,supplemental
United States total,FY2003,18465278,supplemental
United States total,FY2004,18876994.000000004,supplemental
United States total,FY2005,19090135,supplemental
United States total,FY2006,17470645,supplemental
United States total,FY2007,19496289,supplemental
United States total,FY2008,20221164,supplemental
United States total,FY2009,21525021,supplemental
United States total,FY2010,19836077,supplemental
United States total,FY2011,22243149,supplemental
United States total,FY2012,22583056,supplemental
United States total,FY2013,22364731,supplemental
United States total,FY2014,21446040,supplemental
United States total,FY2015,22445161,supplemental
United States total,FY2016,22274845,supplemental
United States total,FY2017,24497831,supplemental
United States total,FY2018,25832784,supplemental
United States total,FY2019,27069174,supplemental
United States total,FY2020,20133739,supplemental
United States total,FY2021,26616251,supplemental
United States total,FY2022,38984864,supplemental
United States total,FY2023,39268497,supplemental
United States total,FY2024,39316831.999999985,supplemental
United States total,FY2025,40253171,supplemental
United States total,FY1998,675940,tax_exempt
United States total,FY1999,676559,tax_exempt
United States total,FY2000,706977,tax_exempt
United States total,FY2001,715472,tax_exempt
United States total,FY2002,748036,tax_exempt
United States total,FY2003,789381,tax_exempt
United States total,FY2004,796142,tax_exempt
United States total,FY2005,815407,tax_exempt
United States total,FY2006,832699,tax_exempt
United States total,FY2007,900659,tax_exempt
United States total,FY2008,901171,tax_exempt
United States total,FY2009,1131790,tax_exempt
United States total,FY2010,1342615,tax_exempt
United States total,FY2011,1384698,tax_exempt
United States total,FY2012,1367434,tax_exempt
United States total,FY2013,1463452,tax_exempt
United States total,FY2014,1467402,tax_exempt
United States total,FY2015,1579771,tax_exempt
United States total,FY2016,1500331,tax_exempt
United States total,FY2017,1528487,tax_exempt
United States total,FY2018,1603499,tax_exempt
United States total,FY2019,1590421,tax_exempt
United States total,FY2020,1360719,tax_exempt
United States total,FY2021,1722803,tax_exempt
United States total,FY2022,1751682,tax_exempt
United States total,FY2023,1789884,tax_exempt
United States total,FY2024,1805833,tax_exempt
United States total,FY2025,1798413,tax_exempt
United States total,FY1998,224453283,total
United States total,FY1999,224304536.3761619,total
United States total,FY2000,226130377.30654827,total
United States total,FY2001,227928905.96332157,total
United States total,FY2002,226609232.15534243,total
United States total,FY2003,222271428,total
United States total,FY2004,224392820.7499999,total
United States total,FY2005,226676936,total
United States total,FY2006,228145029,total
United States total,FY2007,235438192,total
United States total,FY2008,250378521,total
United States total,FY2009,236503362,total
United States total,FY2010,230408678,total
United States total,FY2011,234566998,total
United States total,FY2012,237345350,total
United States total,FY2013,240075782,total
United States total,FY2014,239874741,total
United States total,FY2015,243249108,total
United States total,FY2016,244246247,total
United States total,FY2017,245411588,total
United States total,FY2018,250321406,total
United States total,FY2019,253035393,total
United States total,FY2020,240160843,total
United States total,FY2021,261017434,total
United States total,FY2022,262829039,total
United States total,FY2023,271484482,total
United States total,FY2024,266619972,total
United States total,FY2025,271442355,total
Utah,FY2004,16860,c_corporation
Utah,FY2005,16249,c_corporation
Utah,FY2006,16472,c_corporation
Utah,FY2007,17126,c_corporation
Utah,FY2008,17946,c_corporation
Utah,FY2009,17516,c_corporation
Utah,FY2010,16122,c_corporation
Utah,FY2011,15434,c_corporation
Utah,FY2012,15081,c_corporation
Utah,FY2013,14517,c_corporation
Utah,FY2014,14476,c_corporation
Utah,FY2015,14503,c_corporation
Utah,FY2016,14321,c_corporation
Utah,FY2017,13298,c_corporation
Utah,FY2018,13877,c_corporation
Utah,FY2019,14329,c_corporation
Utah,FY2020,11155,c_corporation
Utah,FY2021,12626,c_corporation
Utah,FY2022,16886,c_corporation
Utah,FY2023,17237,c_corporation
Utah,FY2024,15000,c_corporation
Utah,FY2025,16167,c_corporation
Utah,FY2000,43251,corporation_total
Utah,FY2001,45656,corporation_total
Utah,FY2002,48123,corporation_total
Utah,FY2003,51778,corporation_total
Utah,FY2000,7165,employee_plan
Utah,FY2001,6010,employee_plan
Utah,FY2000,222633,employment
Utah,FY2001,228127,employment
Utah,FY2002,237943,employment
Utah,FY2003,248906.6388288418,employment
Utah,FY2004,259476.38932909755,employment
Utah,FY2005,271448,employment
Utah,FY2006,280594,employment
Utah,FY2007,288598,employment
Utah,FY2008,296885,employment
Utah,FY2009,293628,employment
Utah,FY2010,291152,employment
Utah,FY2011,288793,employment
Utah,FY2012,290509,employment
Utah,FY2013,295758,employment
Utah,FY2014,300640,employment
Utah,FY2015,305966,employment
Utah,FY2016,312050,employment
Utah,FY2017,320660,employment
Utah,FY2018,330295,employment
Utah,FY2019,346095,employment
Utah,FY2020,317891,employment
Utah,FY2021,385502,employment
Utah,FY2022,376263,employment
Utah,FY2023,428869,employment
Utah,FY2024,410414,employment
Utah,FY2025,423368,employment
Utah,FY2000,491,estate_tax
Utah,FY2001,501,estate_tax
Utah,FY2002,460,estate_tax
Utah,FY2003,327,estate_tax
Utah,FY2004,264,estate_tax
Utah,FY2005,224,estate_tax
Utah,FY2006,217,estate_tax
Utah,FY2007,206,estate_tax
Utah,FY2008,171,estate_tax
Utah,FY2009,178,estate_tax
Utah,FY2010,126,estate_tax
Utah,FY2011,48,estate_tax
Utah,FY2012,103,estate_tax
Utah,FY2013,123,estate_tax
Utah,FY2014,149,estate_tax
Utah,FY2015,137,estate_tax
Utah,FY2016,152,estate_tax
Utah,FY2017,135,estate_tax
Utah,FY2018,135,estate_tax
Utah,FY2019,132,estate_tax
Utah,FY2020,63,estate_tax
Utah,FY2021,108,estate_tax
Utah,FY2022,140,estate_tax
Utah,FY2023,250,estate_tax
Utah,FY2024,188,estate_tax
Utah,FY2025,189,estate_tax
Utah,FY2000,17624,estate_trust
Utah,FY2001,16399,estate_trust
Utah,FY2002,15845,estate_trust
Utah,FY2003,15821,estate_trust
Utah,FY2004,13961,estate_trust
Utah,FY2005,13663,estate_trust
Utah,FY2006,13893,estate_trust
Utah,FY2007,14196,estate_trust
Utah,FY2008,15174,estate_trust
Utah,FY2009,15410,estate_trust
Utah,FY2010,15361,estate_trust
Utah,FY2011,15787,estate_trust
Utah,FY2012,16135,estate_trust
Utah,FY2013,16690,estate_trust
Utah,FY2014,16876,estate_trust
Utah,FY2015,16944,estate_trust
Utah,FY2016,17468,estate_trust
Utah,FY2017,16560,estate_trust
Utah,FY2018,17305,estate_trust
Utah,FY2019,17818,estate_trust
Utah,FY2020,17074,estate_trust
Utah,FY2021,19943,estate_trust
Utah,FY2022,18464,estate_trust
Utah,FY2023,21104,estate_trust
Utah,FY2024,20796,estate_trust
Utah,FY2025,21661,estate_trust
Utah,FY2000,3852,estate_trust_estimated
Utah,FY2001,3924,estate_trust_estimated
Utah,FY2002,3436,estate_trust_estimated
Utah,FY2003,2800,estate_trust_estimated
Utah,FY2004,2432,estate_trust_estimated
Utah,FY2005,1454.9626955446522,estate_trust_estimated
Utah,FY2006,2946,estate_trust_estimated
Utah,FY2007,3203,estate_trust_estimated
Utah,FY2008,4269,estate_trust_estimated
Utah,FY2009,3049,estate_trust_estimated
Utah,FY2010,1829,estate_trust_estimated
Utah,FY2011,1829,estate_trust_estimated
Utah,FY2012,1849,estate_trust_estimated
Utah,FY2013,2728,estate_trust_estimated
Utah,FY2014,3544.3203913976245,estate_trust_estimated
Utah,FY2015,3421.6510264331837,estate_trust_estimated
Utah,FY2016,3300,estate_trust_estimated
Utah,FY2017,3030,estate_trust_estimated
Utah,FY2018,3308,estate_trust_estimated
Utah,FY2019,3485,estate_trust_estimated
Utah,FY2020,3184,estate_trust_estimated
Utah,FY2021,3382,estate_trust_estimated
Utah,FY2022,3818,estate_trust_estimated
Utah,FY2023,2886,estate_trust_estimated
Utah,FY2024,3110,estate_trust_estimated
Utah,FY2025,4121,estate_trust_estimated
Utah,FY2000,5735,excise
Utah,FY2001,4781,excise
Utah,FY2002,5429,excise
Utah,FY2003,5115,excise
Utah,FY2004,3985,excise
Utah,FY2005,7175,excise
Utah,FY2006,6691,excise
Utah,FY2007,6564,excise
Utah,FY2008,6345,excise
Utah,FY2009,5875,excise
Utah,FY2010,5930,excise
Utah,FY2011,3620,excise
Utah,FY2012,8939,excise
Utah,FY2013,6812,excise
Utah,FY2014,7437,excise
Utah,FY2015,7895,excise
Utah,FY2016,7556,excise
Utah,FY2017,7677,excise
Utah,FY2018,7998,excise
Utah,FY2019,8413,excise
Utah,FY2020,7411,excise
Utah,FY2021,9805,excise
Utah,FY2022,9075,excise
Utah,FY2023,10262,excise
Utah,FY2024,10058,excise
Utah,FY2025,10065,excise
Utah,FY2000,1270,gift_tax
Utah,FY2001,1153,gift_tax
Utah,FY2002,1084,gift_tax
Utah,FY2003,976,gift_tax
Utah,FY2004,834,gift_tax
Utah,FY2005,884,gift_tax
Utah,FY2006,942,gift_tax
Utah,FY2007,919,gift_tax
Utah,FY2008,1034,gift_tax
Utah,FY2009,994,gift_tax
Utah,FY2010,875,gift_tax
Utah,FY2011,844,gift_tax
Utah,FY2012,981,gift_tax
Utah,FY2013,1527,gift_tax
Utah,FY2014,1540,gift_tax
Utah,FY2015,1016,gift_tax
Utah,FY2016,1075,gift_tax
Utah,FY2017,1104,gift_tax
Utah,FY2018,1048,gift_tax
Utah,FY2019,1084,gift_tax
Utah,FY2020,714,gift_tax
Utah,FY2021,1455,gift_tax
Utah,FY2022,1629,gift_tax
Utah,FY2023,3096,gift_tax
Utah,FY2024,1745,gift_tax
Utah,FY2025,1777,gift_tax
Utah,FY2000,198419,individual_estimated
Utah,FY2001,189163,individual_estimated
Utah,FY2002,182813,individual_estimated
Utah,FY2003,159663,individual_estimated
Utah,FY2004,64960.22580645161,individual_estimated
Utah,FY2005,103877,individual_estimated
Utah,FY2006,176251,individual_estimated
Utah,FY2007,173248,individual_estimated
Utah,FY2008,177337,individual_estimated
Utah,FY2009,163865,individual_estimated
Utah,FY2010,134688,individual_estimated
Utah,FY2011,133476,individual_estimated
Utah,FY2012,126384,individual_estimated
Utah,FY2013,146881,individual_estimated
Utah,FY2014,139913,individual_estimated
Utah,FY2015,145066,individual_estimated
Utah,FY2016,142253,individual_estimated
Utah,FY2017,140507,individual_estimated
Utah,FY2018,142495,individual_estimated
Utah,FY2019,144147,individual_estimated
Utah,FY2020,93376,individual_estimated
Utah,FY2021,12744,individual_estimated
Utah,FY2022,6031,individual_estimated
Utah,FY2023,7440,individual_estimated
Utah,FY2024,10896,individual_estimated
Utah,FY2025,33775,individual_estimated
Utah,FY2000,918655,individual_income
Utah,FY2001,940246,individual_income
Utah,FY2002,953276,individual_income
Utah,FY2003,960288,individual_income
Utah,FY2004,966843,individual_income
Utah,FY2005,994387,individual_income
Utah,FY2006,1021593,individual_income
Utah,FY2007,1071712,individual_income
Utah,FY2008,1188237,individual_income
Utah,FY2009,1148817,individual_income
Utah,FY2010,1122345,individual_income
Utah,FY2011,1132471,individual_income
Utah,FY2012,1152313,individual_income
Utah,FY2013,1173436,individual_income
Utah,FY2014,1194382,individual_income
Utah,FY2015,1221606,individual_income
Utah,FY2016,1261678,individual_income
Utah,FY2017,1283308,individual_income
Utah,FY2018,1319410,individual_income
Utah,FY2019,1357505,individual_income
Utah,FY2020,1403327,individual_income
Utah,FY2021,1519819,individual_income
Utah,FY2022,1491496,individual_income
Utah,FY2023,1541631,individual_income
Utah,FY2024,1543866,individual_income
Utah,FY2025,1576996,individual_income
Utah,FY2000,32337,partnership
Utah,FY2001,34436,partnership
Utah,FY2002,36343,partnership
Utah,FY2003,39937,partnership
Utah,FY2004,41595,partnership
Utah,FY2005,44047,partnership
Utah,FY2006,46293,partnership
Utah,FY2007,53340,partnership
Utah,FY2008,61076,partnership
Utah,FY2009,67367,partnership
Utah,FY2010,66421,partnership
Utah,FY2011,66521,partnership
Utah,FY2012,68270,partnership
Utah,FY2013,67731,partnership
Utah,FY2014,69915,partnership
Utah,FY2015,72060,partnership
Utah,FY2016,73706,partnership
Utah,FY2017,75172,partnership
Utah,FY2018,77572,partnership
Utah,FY2019,71751,partnership
Utah,FY2020,83449,partnership
Utah,FY2021,90130,partnership
Utah,FY2022,88679,partnership
Utah,FY2023,100628,partnership
Utah,FY2024,99434,partnership
Utah,FY2025,102906,partnership
Utah,FY2004,36549,s_corporation
Utah,FY2005,38900,s_corporation
Utah,FY2006,42166,s_corporation
Utah,FY2007,46586,s_corporation
Utah,FY2008,54916,s_corporation
Utah,FY2009,56441,s_corporation
Utah,FY2010,57077,s_corporation
Utah,FY2011,56892,s_corporation
Utah,FY2012,56718,s_corporation
Utah,FY2013,56622,s_corporation
Utah,FY2014,57777,s_corporation
Utah,FY2015,59297,s_corporation
Utah,FY2016,61414,s_corporation
Utah,FY2017,63741,s_corporation
Utah,FY2018,66593,s_corporation
Utah,FY2019,70168,s_corporation
Utah,FY2020,69570,s_corporation
Utah,FY2021,74743,s_corporation
Utah,FY2022,80595,s_corporation
Utah,FY2023,89013,s_corporation
Utah,FY2024,89941,s_corporation
Utah,FY2025,93791,s_corporation
Utah,FY2000,120198,supplemental
Utah,FY2001,128469,supplemental
Utah,FY2002,149216.2504344439,supplemental
Utah,FY2003,151682.56987700274,supplemental
Utah,FY2004,164885.03823073232,supplemental
Utah,FY2005,168761,supplemental
Utah,FY2006,151183,supplemental
Utah,FY2007,191152,supplemental
Utah,FY2008,201364,supplemental
Utah,FY2009,218649,supplemental
Utah,FY2010,200357,supplemental
Utah,FY2011,219124.66397264585,supplemental
Utah,FY2012,220541,supplemental
Utah,FY2013,228132,supplemental
Utah,FY2014,224804,supplemental
Utah,FY2015,234111,supplemental
Utah,FY2016,237578,supplemental
Utah,FY2017,281185,supplemental
Utah,FY2018,301140,supplemental
Utah,FY2019,317150,supplemental
Utah,FY2020,256985,supplemental
Utah,FY2021,324669,supplemental
Utah,FY2022,463538,supplemental
Utah,FY2023,495323,supplemental
Utah,FY2024,478554.7373867694,supplemental
Utah,FY2025,505367.3600208192,supplemental
Utah,FY2000,4065,tax_exempt
Utah,FY2001,4260,tax_exempt
Utah,FY2002,4566,tax_exempt
Utah,FY2003,4790,tax_exempt
Utah,FY2004,4926,tax_exempt
Utah,FY2005,5077,tax_exempt
Utah,FY2006,5208,tax_exempt
Utah,FY2007,5685,tax_exempt
Utah,FY2008,5676,tax_exempt
Utah,FY2009,7256,tax_exempt
Utah,FY2010,8560,tax_exempt
Utah,FY2011,9106,tax_exempt
Utah,FY2012,8609,tax_exempt
Utah,FY2013,8963,tax_exempt
Utah,FY2014,8994,tax_exempt
Utah,FY2015,10005,tax_exempt
Utah,FY2016,9448,tax_exempt
Utah,FY2017,9802,tax_exempt
Utah,FY2018,10021,tax_exempt
Utah,FY2019,10413,tax_exempt
Utah,FY2020,8748,tax_exempt
Utah,FY2021,10921,tax_exempt
Utah,FY2022,11077,tax_exempt
Utah,FY2023,12354,tax_exempt
Utah,FY2024,11809,tax_exempt
Utah,FY2025,12569,tax_exempt
Utah,FY2000,1575695,total
Utah,FY2001,1603125,total
Utah,FY2002,1638534.2504344438,total
Utah,FY2003,1642084.2087058444,total
Utah,FY2004,1577570.6533662814,total
Utah,FY2005,1666146.9626955446,total
Utah,FY2006,1764449,total
Utah,FY2007,1872535,total
Utah,FY2008,2030430,total
Utah,FY2009,1999045,total
Utah,FY2010,1920843,total
Utah,FY2011,1943945.6639726455,total
Utah,FY2012,1966432,total
Utah,FY2013,2019920,total
Utah,FY2014,2040447.3203913977,total
Utah,FY2015,2092028,total
Utah,FY2016,2141999,total
Utah,FY2017,2216179,total
Utah,FY2018,2291197,total
Utah,FY2019,2362490,total
Utah,FY2020,2272947,total
Utah,FY2021,2465847,total
Utah,FY2022,2567691,total
Utah,FY2023,2730093,total
Utah,FY2024,2695811.7373867696,total
Utah,FY2025,2802752,total
Vermont,FY2004,6035,c_corporation
Vermont,FY2005,5890,c_corporation
Vermont,FY2006,5733,c_corporation
Vermont,FY2007,5777,c_corporation
Vermont,FY2008,5593,c_corporation
Vermont,FY2009,5551,c_corporation
Vermont,FY2010,5309,c_corporation
Vermont,FY2011,5117,c_corporation
Vermont,FY2012,4938,c_corporation
Vermont,FY2013,4982,c_corporation
Vermont,FY2014,4867,c_corporation
Vermont,FY2015,4745,c_corporation
Vermont,FY2016,4633,c_corporation
Vermont,FY2017,4263,c_corporation
Vermont,FY2018,4265,c_corporation
Vermont,FY2019,4150,c_corporation
Vermont,FY2020,3610,c_corporation
Vermont,FY2021,4452,c_corporation
Vermont,FY2022,3587,c_corporation
Vermont,FY2023,5244,c_corporation
Vermont,FY2024,4116,c_corporation
Vermont,FY2025,4545,c_corporation
Vermont,FY2000,15851,corporation_total
Vermont,FY2001,15794,corporation_total
Vermont,FY2002,15978,corporation_total
Vermont,FY2003,16177,corporation_total
Vermont,FY2000,3329,employee_plan
Vermont,FY2001,2362,employee_plan
Vermont,FY2000,94575,employment
Vermont,FY2001,93588,employment
Vermont,FY2002,93586,employment
Vermont,FY2003,96004.21593828456,employment
Vermont,FY2004,96622.28623407603,employment
Vermont,FY2005,95669,employment
Vermont,FY2006,96397,employment
Vermont,FY2007,93936,employment
Vermont,FY2008,93058,employment
Vermont,FY2009,92367,employment
Vermont,FY2010,91386,employment
Vermont,FY2011,88587,employment
Vermont,FY2012,88542,employment
Vermont,FY2013,90086,employment
Vermont,FY2014,88251,employment
Vermont,FY2015,87651,employment
Vermont,FY2016,87712,employment
Vermont,FY2017,87192,employment
Vermont,FY2018,86664,employment
Vermont,FY2019,86981,employment
Vermont,FY2020,73846,employment
Vermont,FY2021,90694,employment
Vermont,FY2022,78588,employment
Vermont,FY2023,95666,employment
Vermont,FY2024,86156,employment
Vermont,FY2025,86460,employment
Vermont,FY2000,316,estate_tax
Vermont,FY2001,280,estate_tax
Vermont,FY2002,288,estate_tax
Vermont,FY2003,221,estate_tax
Vermont,FY2004,174,estate_tax
Vermont,FY2005,176,estate_tax
Vermont,FY2006,130,estate_tax
Vermont,FY2007,124,estate_tax
Vermont,FY2008,97,estate_tax
Vermont,FY2009,127,estate_tax
Vermont,FY2010,72,estate_tax
Vermont,FY2011,49,estate_tax
Vermont,FY2012,52,estate_tax
Vermont,FY2013,39,estate_tax
Vermont,FY2014,82,estate_tax
Vermont,FY2015,75,estate_tax
Vermont,FY2016,83,estate_tax
Vermont,FY2017,72,estate_tax
Vermont,FY2018,76,estate_tax
Vermont,FY2019,59,estate_tax
Vermont,FY2020,26,estate_tax
Vermont,FY2021,61,estate_tax
Vermont,FY2022,45,estate_tax
Vermont,FY2023,98,estate_tax
Vermont,FY2024,57,estate_tax
Vermont,FY2025,69,estate_tax
Vermont,FY2000,10179,estate_trust
Vermont,FY2001,10230,estate_trust
Vermont,FY2002,10128,estate_trust
Vermont,FY2003,9824,estate_trust
Vermont,FY2004,9671,estate_trust
Vermont,FY2005,9354,estate_trust
Vermont,FY2006,9088,estate_trust
Vermont,FY2007,9086,estate_trust
Vermont,FY2008,9316,estate_trust
Vermont,FY2009,9292,estate_trust
Vermont,FY2010,8442,estate_trust
Vermont,FY2011,7580,estate_trust
Vermont,FY2012,7453,estate_trust
Vermont,FY2013,7503,estate_trust
Vermont,FY2014,7360,estate_trust
Vermont,FY2015,7468,estate_trust
Vermont,FY2016,7381,estate_trust
Vermont,FY2017,6988,estate_trust
Vermont,FY2018,7264,estate_trust
Vermont,FY2019,7176,estate_trust
Vermont,FY2020,6521,estate_trust
Vermont,FY2021,7508,estate_trust
Vermont,FY2022,6957,estate_trust
Vermont,FY2023,8212,estate_trust
Vermont,FY2024,7666,estate_trust
Vermont,FY2025,7849,estate_trust
Vermont,FY2000,3195,estate_trust_estimated
Vermont,FY2001,3865,estate_trust_estimated
Vermont,FY2002,2407,estate_trust_estimated
Vermont,FY2003,2171,estate_trust_estimated
Vermont,FY2004,2039,estate_trust_estimated
Vermont,FY2005,1540.442506371024,estate_trust_estimated
Vermont,FY2006,2028,estate_trust_estimated
Vermont,FY2007,2504,estate_trust_estimated
Vermont,FY2008,2956,estate_trust_estimated
Vermont,FY2009,1654,estate_trust_estimated
Vermont,FY2010,966,estate_trust_estimated
Vermont,FY2011,1211,estate_trust_estimated
Vermont,FY2012,1322,estate_trust_estimated
Vermont,FY2013,1896,estate_trust_estimated
Vermont,FY2014,2208.4671131808905,estate_trust_estimated
Vermont,FY2015,2438.3590304518225,estate_trust_estimated
Vermont,FY2016,2178,estate_trust_estimated
Vermont,FY2017,1891,estate_trust_estimated
Vermont,FY2018,2445,estate_trust_estimated
Vermont,FY2019,2541,estate_trust_estimated
Vermont,FY2020,2174,estate_trust_estimated
Vermont,FY2021,2190,estate_trust_estimated
Vermont,FY2022,2880,estate_trust_estimated
Vermont,FY2023,1836,estate_trust_estimated
Vermont,FY2024,1959,estate_trust_estimated
Vermont,FY2025,2675,estate_trust_estimated
Vermont,FY2000,2844,excise
Vermont,FY2001,2372,excise
Vermont,FY2002,2603,excise
Vermont,FY2003,2519,excise
Vermont,FY2004,1823,excise
Vermont,FY2005,3464,excise
Vermont,FY2006,2754,excise
Vermont,FY2007,2796,excise
Vermont,FY2008,2620,excise
Vermont,FY2009,2343,excise
Vermont,FY2010,2471,excise
Vermont,FY2011,1654,excise
Vermont,FY2012,3320,excise
Vermont,FY2013,2885,excise
Vermont,FY2014,3015,excise
Vermont,FY2015,2988,excise
Vermont,FY2016,2926,excise
Vermont,FY2017,2790,excise
Vermont,FY2018,2734,excise
Vermont,FY2019,2740,excise
Vermont,FY2020,1916,excise
Vermont,FY2021,3446,excise
Vermont,FY2022,2839,excise
Vermont,FY2023,3375,excise
Vermont,FY2024,3211,excise
Vermont,FY2025,3065,excise
Vermont,FY2000,723,gift_tax
Vermont,FY2001,714,gift_tax
Vermont,FY2002,590,gift_tax
Vermont,FY2003,693,gift_tax
Vermont,FY2004,595,gift_tax
Vermont,FY2005,695,gift_tax
Vermont,FY2006,680,gift_tax
Vermont,FY2007,701,gift_tax
Vermont,FY2008,703,gift_tax
Vermont,FY2009,610,gift_tax
Vermont,FY2010,554,gift_tax
Vermont,FY2011,528,gift_tax
Vermont,FY2012,610,gift_tax
Vermont,FY2013,674,gift_tax
Vermont,FY2014,766,gift_tax
Vermont,FY2015,615,gift_tax
Vermont,FY2016,718,gift_tax
Vermont,FY2017,712,gift_tax
Vermont,FY2018,601,gift_tax
Vermont,FY2019,718,gift_tax
Vermont,FY2020,367,gift_tax
Vermont,FY2021,828,gift_tax
Vermont,FY2022,591,gift_tax
Vermont,FY2023,1526,gift_tax
Vermont,FY2024,886,gift_tax
Vermont,FY2025,965,gift_tax
Vermont,FY2000,121172,individual_estimated
Vermont,FY2001,106879,individual_estimated
Vermont,FY2002,122484,individual_estimated
Vermont,FY2003,35058,individual_estimated
Vermont,FY2004,63836.403225806454,individual_estimated
Vermont,FY2005,95614,individual_estimated
Vermont,FY2006,99798,individual_estimated
Vermont,FY2007,100597,individual_estimated
Vermont,FY2008,102269,individual_estimated
Vermont,FY2009,69546,individual_estimated
Vermont,FY2010,76742,individual_estimated
Vermont,FY2011,77213,individual_estimated
Vermont,FY2012,75001,individual_estimated
Vermont,FY2013,82602,individual_estimated
Vermont,FY2014,80835,individual_estimated
Vermont,FY2015,82783,individual_estimated
Vermont,FY2016,80304,individual_estimated
Vermont,FY2017,76940,individual_estimated
Vermont,FY2018,78143,individual_estimated
Vermont,FY2019,77987,individual_estimated
Vermont,FY2020,70817,individual_estimated
Vermont,FY2021,72105,individual_estimated
Vermont,FY2022,72648,individual_estimated
Vermont,FY2023,68345,individual_estimated
Vermont,FY2024,70479,individual_estimated
Vermont,FY2025,72817,individual_estimated
Vermont,FY2000,293304,individual_income
Vermont,FY2001,297380,individual_income
Vermont,FY2002,302456,individual_income
Vermont,FY2003,301685,individual_income
Vermont,FY2004,302089,individual_income
Vermont,FY2005,305540,individual_income
Vermont,FY2006,307608,individual_income
Vermont,FY2007,319584,individual_income
Vermont,FY2008,344386,individual_income
Vermont,FY2009,321923,individual_income
Vermont,FY2010,313595,individual_income
Vermont,FY2011,316281,individual_income
Vermont,FY2012,318780,individual_income
Vermont,FY2013,321009,individual_income
Vermont,FY2014,320980,individual_income
Vermont,FY2015,322632,individual_income
Vermont,FY2016,326024,individual_income
Vermont,FY2017,324645,individual_income
Vermont,FY2018,327227,individual_income
Vermont,FY2019,328045,individual_income
Vermont,FY2020,323169,individual_income
Vermont,FY2021,348693,individual_income
Vermont,FY2022,337507,individual_income
Vermont,FY2023,343552,individual_income
Vermont,FY2024,334898,individual_income
Vermont,FY2025,337588,individual_income
Vermont,FY2000,3976,partnership
Vermont,FY2001,4083,partnership
Vermont,FY2002,4176,partnership
Vermont,FY2003,4524,partnership
Vermont,FY2004,4697,partnership
Vermont,FY2005,5074,partnership
Vermont,FY2006,5261,partnership
Vermont,FY2007,5697,partnership
Vermont,FY2008,6036,partnership
Vermont,FY2009,6203,partnership
Vermont,FY2010,6518,partnership
Vermont,FY2011,6522,partnership
Vermont,FY2012,6729,partnership
Vermont,FY2013,6755,partnership
Vermont,FY2014,7016,partnership
Vermont,FY2015,7186,partnership
Vermont,FY2016,7570,partnership
Vermont,FY2017,7545,partnership
Vermont,FY2018,7739,partnership
Vermont,FY2019,7480,partnership
Vermont,FY2020,8211,partnership
Vermont,FY2021,8512,partnership
Vermont,FY2022,8785,partnership
Vermont,FY2023,9907,partnership
Vermont,FY2024,10116,partnership
Vermont,FY2025,10203,partnership
Vermont,FY2004,10673,s_corporation
Vermont,FY2005,10619,s_corporation
Vermont,FY2006,11014,s_corporation
Vermont,FY2007,11418,s_corporation
Vermont,FY2008,11796,s_corporation
Vermont,FY2009,11619,s_corporation
Vermont,FY2010,11718,s_corporation
Vermont,FY2011,11269,s_corporation
Vermont,FY2012,11475,s_corporation
Vermont,FY2013,11064,s_corporation
Vermont,FY2014,11115,s_corporation
Vermont,FY2015,10950,s_corporation
Vermont,FY2016,11092,s_corporation
Vermont,FY2017,10831,s_corporation
Vermont,FY2018,10807,s_corporation
Vermont,FY2019,10727,s_corporation
Vermont,FY2020,10349,s_corporation
Vermont,FY2021,10661,s_corporation
Vermont,FY2022,10488,s_corporation
Vermont,FY2023,11028,s_corporation
Vermont,FY2024,11023,s_corporation
Vermont,FY2025,11071,s_corporation
Vermont,FY2000,34790,supplemental
Vermont,FY2001,35510,supplemental
Vermont,FY2002,40276.384817885046,supplemental
Vermont,FY2003,39764.64246721714,supplemental
Vermont,FY2004,38818.55599357436,supplemental
Vermont,FY2005,40556,supplemental
Vermont,FY2006,35529,supplemental
Vermont,FY2007,37824,supplemental
Vermont,FY2008,40379,supplemental
Vermont,FY2009,40930,supplemental
Vermont,FY2010,37086,supplemental
Vermont,FY2011,42021.19030828317,supplemental
Vermont,FY2012,44077,supplemental
Vermont,FY2013,42258,supplemental
Vermont,FY2014,40144,supplemental
Vermont,FY2015,41638,supplemental
Vermont,FY2016,39313,supplemental
Vermont,FY2017,42142,supplemental
Vermont,FY2018,44201,supplemental
Vermont,FY2019,45329,supplemental
Vermont,FY2020,26999,supplemental
Vermont,FY2021,46325,supplemental
Vermont,FY2022,66809,supplemental
Vermont,FY2023,68563,supplemental
Vermont,FY2024,67158.48749918932,supplemental
Vermont,FY2025,67495.23939321445,supplemental
Vermont,FY2000,3042,tax_exempt
Vermont,FY2001,3004,tax_exempt
Vermont,FY2002,3200,tax_exempt
Vermont,FY2003,3612,tax_exempt
Vermont,FY2004,3512,tax_exempt
Vermont,FY2005,3334,tax_exempt
Vermont,FY2006,3589,tax_exempt
Vermont,FY2007,3864,tax_exempt
Vermont,FY2008,3828,tax_exempt
Vermont,FY2009,4694,tax_exempt
Vermont,FY2010,5569,tax_exempt
Vermont,FY2011,5545,tax_exempt
Vermont,FY2012,5559,tax_exempt
Vermont,FY2013,5842,tax_exempt
Vermont,FY2014,5736,tax_exempt
Vermont,FY2015,6099,tax_exempt
Vermont,FY2016,5837,tax_exempt
Vermont,FY2017,5990,tax_exempt
Vermont,FY2018,6042,tax_exempt
Vermont,FY2019,6001,tax_exempt
Vermont,FY2020,5184,tax_exempt
Vermont,FY2021,6162,tax_exempt
Vermont,FY2022,6567,tax_exempt
Vermont,FY2023,6635,tax_exempt
Vermont,FY2024,6549,tax_exempt
Vermont,FY2025,6544,tax_exempt
Vermont,FY2000,587296,total
Vermont,FY2001,576061,total
Vermont,FY2002,598172.384817885,total
Vermont,FY2003,512252.8584055017,total
Vermont,FY2004,540585.2454534568,total
Vermont,FY2005,577525.4425063711,total
Vermont,FY2006,579609,total
Vermont,FY2007,593908,total
Vermont,FY2008,623037,total
Vermont,FY2009,566859,total
Vermont,FY2010,560428,total
Vermont,FY2011,563577.1903082832,total
Vermont,FY2012,567858,total
Vermont,FY2013,577595,total
Vermont,FY2014,572375.4671131809,total
Vermont,FY2015,577268,total
Vermont,FY2016,575771,total
Vermont,FY2017,572001,total
Vermont,FY2018,578208,total
Vermont,FY2019,579934,total
Vermont,FY2020,533189,total
Vermont,FY2021,601637,total
Vermont,FY2022,598291,total
Vermont,FY2023,623987,total
Vermont,FY2024,604274.4874991893,total
Vermont,FY2025,611346,total
Virginia,FY2004,62827,c_corporation
Virginia,FY2005,61557,c_corporation
Virginia,FY2006,59400,c_corporation
Virginia,FY2007,61940,c_corporation
Virginia,FY2008,60563,c_corporation
Virginia,FY2009,59738,c_corporation
Virginia,FY2010,58144,c_corporation
Virginia,FY2011,55726,c_corporation
Virginia,FY2012,55346,c_corporation
Virginia,FY2013,54980,c_corporation
Virginia,FY2014,53729,c_corporation
Virginia,FY2015,52505,c_corporation
Virginia,FY2016,51414,c_corporation
Virginia,FY2017,47402,c_corporation
Virginia,FY2018,50422,c_corporation
Virginia,FY2019,48608,c_corporation
Virginia,FY2020,35224,c_corporation
Virginia,FY2021,49728,c_corporation
Virginia,FY2022,47575,c_corporation
Virginia,FY2023,57891,c_corporation
Virginia,FY2024,47407,c_corporation
Virginia,FY2025,47655,c_corporation
Virginia,FY2000,132073,corporation_total
Virginia,FY2001,132422,corporation_total
Virginia,FY2002,134800,corporation_total
Virginia,FY2003,141112,corporation_total
Virginia,FY2000,28922,employee_plan
Virginia,FY2001,19584,employee_plan
Virginia,FY2000,671675,employment
Virginia,FY2001,672585,employment
Virginia,FY2002,678993,employment
Virginia,FY2003,702584.0871487695,employment
Virginia,FY2004,718790.0343573419,employment
Virginia,FY2005,740437,employment
Virginia,FY2006,755185,employment
Virginia,FY2007,749433,employment
Virginia,FY2008,750679,employment
Virginia,FY2009,740905,employment
Virginia,FY2010,731215,employment
Virginia,FY2011,721815,employment
Virginia,FY2012,722852,employment
Virginia,FY2013,734868,employment
Virginia,FY2014,736927,employment
Virginia,FY2015,731969,employment
Virginia,FY2016,736404,employment
Virginia,FY2017,742077,employment
Virginia,FY2018,747536,employment
Virginia,FY2019,759915,employment
Virginia,FY2020,670177,employment
Virginia,FY2021,825473,employment
Virginia,FY2022,723882,employment
Virginia,FY2023,876409,employment
Virginia,FY2024,804140,employment
Virginia,FY2025,812384,employment
Virginia,FY2000,3184,estate_tax
Virginia,FY2001,3225,estate_tax
Virginia,FY2002,3131,estate_tax
Virginia,FY2003,2430,estate_tax
Virginia,FY2004,1910,estate_tax
Virginia,FY2005,1600,estate_tax
Virginia,FY2006,1543,estate_tax
Virginia,FY2007,1259,estate_tax
Virginia,FY2008,1174,estate_tax
Virginia,FY2009,1200,estate_tax
Virginia,FY2010,672,estate_tax
Virginia,FY2011,233,estate_tax
Virginia,FY2012,593,estate_tax
Virginia,FY2013,699,estate_tax
Virginia,FY2014,800,estate_tax
Virginia,FY2015,831,estate_tax
Virginia,FY2016,795,estate_tax
Virginia,FY2017,727,estate_tax
Virginia,FY2018,735,estate_tax
Virginia,FY2019,535,estate_tax
Virginia,FY2020,297,estate_tax
Virginia,FY2021,649,estate_tax
Virginia,FY2022,594,estate_tax
Virginia,FY2023,1016,estate_tax
Virginia,FY2024,623,estate_tax
Virginia,FY2025,614,estate_tax
Virginia,FY2000,72198,estate_trust
Virginia,FY2001,72766,estate_trust
Virginia,FY2002,68468,estate_trust
Virginia,FY2003,69632,estate_trust
Virginia,FY2004,67984,estate_trust
Virginia,FY2005,69564,estate_trust
Virginia,FY2006,70620,estate_trust
Virginia,FY2007,73905,estate_trust
Virginia,FY2008,71396,estate_trust
Virginia,FY2009,72011,estate_trust
Virginia,FY2010,70742,estate_trust
Virginia,FY2011,71963,estate_trust
Virginia,FY2012,72205,estate_trust
Virginia,FY2013,72094,estate_trust
Virginia,FY2014,57435,estate_trust
Virginia,FY2015,57579,estate_trust
Virginia,FY2016,58164,estate_trust
Virginia,FY2017,54719,estate_trust
Virginia,FY2018,56965,estate_trust
Virginia,FY2019,57024,estate_trust
Virginia,FY2020,52732,estate_trust
Virginia,FY2021,58069,estate_trust
Virginia,FY2022,54884,estate_trust
Virginia,FY2023,64341,estate_trust
Virginia,FY2024,60468,estate_trust
Virginia,FY2025,61758,estate_trust
Virginia,FY2000,19704,estate_trust_estimated
Virginia,FY2001,19522,estate_trust_estimated
Virginia,FY2002,15276,estate_trust_estimated
Virginia,FY2003,11744,estate_trust_estimated
Virginia,FY2004,12102,estate_trust_estimated
Virginia,FY2005,8398.09042844164,estate_trust_estimated
Virginia,FY2006,15342,estate_trust_estimated
Virginia,FY2007,18957,estate_trust_estimated
Virginia,FY2008,22782,estate_trust_estimated
Virginia,FY2009,12903,estate_trust_estimated
Virginia,FY2010,8282,estate_trust_estimated
Virginia,FY2011,9143,estate_trust_estimated
Virginia,FY2012,9693,estate_trust_estimated
Virginia,FY2013,13165,estate_trust_estimated
Virginia,FY2014,15987.147297368008,estate_trust_estimated
Virginia,FY2015,19711.991825566365,estate_trust_estimated
Virginia,FY2016,16675,estate_trust_estimated
Virginia,FY2017,14334,estate_trust_estimated
Virginia,FY2018,17658,estate_trust_estimated
Virginia,FY2019,18456,estate_trust_estimated
Virginia,FY2020,16020,estate_trust_estimated
Virginia,FY2021,15354,estate_trust_estimated
Virginia,FY2022,19599,estate_trust_estimated
Virginia,FY2023,13275,estate_trust_estimated
Virginia,FY2024,14340,estate_trust_estimated
Virginia,FY2025,19203,estate_trust_estimated
Virginia,FY2000,17791,excise
Virginia,FY2001,15290,excise
Virginia,FY2002,17215,excise
Virginia,FY2003,16100,excise
Virginia,FY2004,12479,excise
Virginia,FY2005,22184,excise
Virginia,FY2006,19351,excise
Virginia,FY2007,16905,excise
Virginia,FY2008,15966,excise
Virginia,FY2009,14692,excise
Virginia,FY2010,14412,excise
Virginia,FY2011,9181,excise
Virginia,FY2012,21977,excise
Virginia,FY2013,16758,excise
Virginia,FY2014,18005,excise
Virginia,FY2015,19257,excise
Virginia,FY2016,19279,excise
Virginia,FY2017,19252,excise
Virginia,FY2018,19816,excise
Virginia,FY2019,20463,excise
Virginia,FY2020,15861,excise
Virginia,FY2021,24715,excise
Virginia,FY2022,21926,excise
Virginia,FY2023,23110,excise
Virginia,FY2024,21691,excise
Virginia,FY2025,21833,excise
Virginia,FY2000,7472,gift_tax
Virginia,FY2001,7423,gift_tax
Virginia,FY2002,6629,gift_tax
Virginia,FY2003,6839,gift_tax
Virginia,FY2004,6162,gift_tax
Virginia,FY2005,7036,gift_tax
Virginia,FY2006,6438,gift_tax
Virginia,FY2007,6587,gift_tax
Virginia,FY2008,6732,gift_tax
Virginia,FY2009,6699,gift_tax
Virginia,FY2010,5918,gift_tax
Virginia,FY2011,5399,gift_tax
Virginia,FY2012,6214,gift_tax
Virginia,FY2013,7418,gift_tax
Virginia,FY2014,8053,gift_tax
Virginia,FY2015,6264,gift_tax
Virginia,FY2016,6704,gift_tax
Virginia,FY2017,6749,gift_tax
Virginia,FY2018,6652,gift_tax
Virginia,FY2019,6268,gift_tax
Virginia,FY2020,4187,gift_tax
Virginia,FY2021,7259,gift_tax
Virginia,FY2022,6503,gift_tax
Virginia,FY2023,13408,gift_tax
Virginia,FY2024,8164,gift_tax
Virginia,FY2025,8373,gift_tax
Virginia,FY2000,993257,individual_estimated
Virginia,FY2001,961011,individual_estimated
Virginia,FY2002,920302,individual_estimated
Virginia,FY2003,837783,individual_estimated
Virginia,FY2004,824300.0806451613,individual_estimated
Virginia,FY2005,786494,individual_estimated
Virginia,FY2006,854388,individual_estimated
Virginia,FY2007,816940,individual_estimated
Virginia,FY2008,827358,individual_estimated
Virginia,FY2009,776178,individual_estimated
Virginia,FY2010,671545,individual_estimated
Virginia,FY2011,669657,individual_estimated
Virginia,FY2012,634458,individual_estimated
Virginia,FY2013,699705,individual_estimated
Virginia,FY2014,665401,individual_estimated
Virginia,FY2015,678425,individual_estimated
Virginia,FY2016,651394,individual_estimated
Virginia,FY2017,628049,individual_estimated
Virginia,FY2018,632447,individual_estimated
Virginia,FY2019,631682,individual_estimated
Virginia,FY2020,574472,individual_estimated
Virginia,FY2021,560034,individual_estimated
Virginia,FY2022,532597,individual_estimated
Virginia,FY2023,483358,individual_estimated
Virginia,FY2024,486400,individual_estimated
Virginia,FY2025,483818,individual_estimated
Virginia,FY2000,3265831,individual_income
Virginia,FY2001,3328646,individual_income
Virginia,FY2002,3365046,individual_income
Virginia,FY2003,3391190,individual_income
Virginia,FY2004,3434062,individual_income
Virginia,FY2005,3484282,individual_income
Virginia,FY2006,3509616,individual_income
Virginia,FY2007,3613512,individual_income
Virginia,FY2008,4001212,individual_income
Virginia,FY2009,3745024,individual_income
Virginia,FY2010,3664790,individual_income
Virginia,FY2011,3713289,individual_income
Virginia,FY2012,3779854,individual_income
Virginia,FY2013,3814513,individual_income
Virginia,FY2014,3833510,individual_income
Virginia,FY2015,3874174,individual_income
Virginia,FY2016,3905827,individual_income
Virginia,FY2017,3905332,individual_income
Virginia,FY2018,3952575,individual_income
Virginia,FY2019,3975255,individual_income
Virginia,FY2020,4003754,individual_income
Virginia,FY2021,4300169,individual_income
Virginia,FY2022,4155974,individual_income
Virginia,FY2023,4258845,individual_income
Virginia,FY2024,4155023,individual_income
Virginia,FY2025,4228302,individual_income
Virginia,FY2000,46493,partnership
Virginia,FY2001,49219,partnership
Virginia,FY2002,50557,partnership
Virginia,FY2003,54740,partnership
Virginia,FY2004,58385,partnership
Virginia,FY2005,62447,partnership
Virginia,FY2006,65715,partnership
Virginia,FY2007,72755,partnership
Virginia,FY2008,77122,partnership
Virginia,FY2009,81068,partnership
Virginia,FY2010,81638,partnership
Virginia,FY2011,82284,partnership
Virginia,FY2012,83878,partnership
Virginia,FY2013,85222,partnership
Virginia,FY2014,88114,partnership
Virginia,FY2015,88760,partnership
Virginia,FY2016,90095,partnership
Virginia,FY2017,91529,partnership
Virginia,FY2018,92740,partnership
Virginia,FY2019,87418,partnership
Virginia,FY2020,97536,partnership
Virginia,FY2021,100650,partnership
Virginia,FY2022,96021,partnership
Virginia,FY2023,107303,partnership
Virginia,FY2024,105216,partnership
Virginia,FY2025,107377,partnership
Virginia,FY2004,85103,s_corporation
Virginia,FY2005,87950,s_corporation
Virginia,FY2006,91966,s_corporation
Virginia,FY2007,100404,s_corporation
Virginia,FY2008,106563,s_corporation
Virginia,FY2009,108113,s_corporation
Virginia,FY2010,109114,s_corporation
Virginia,FY2011,109402,s_corporation
Virginia,FY2012,109899,s_corporation
Virginia,FY2013,110302,s_corporation
Virginia,FY2014,113702,s_corporation
Virginia,FY2015,115327,s_corporation
Virginia,FY2016,116369,s_corporation
Virginia,FY2017,117951,s_corporation
Virginia,FY2018,121025,s_corporation
Virginia,FY2019,122641,s_corporation
Virginia,FY2020,120772,s_corporation
Virginia,FY2021,126668,s_corporation
Virginia,FY2022,125368,s_corporation
Virginia,FY2023,140354,s_corporation
Virginia,FY2024,138158,s_corporation
Virginia,FY2025,139564,s_corporation
Virginia,FY2000,367611.4560223979,supplemental
Virginia,FY2001,388996.4911265591,supplemental
Virginia,FY2002,411152.79997468495,supplemental
Virginia,FY2003,404588.8352601154,supplemental
Virginia,FY2004,460510.9396949666,supplemental
Virginia,FY2005,443639,supplemental
Virginia,FY2006,427476,supplemental
Virginia,FY2007,446011,supplemental
Virginia,FY2008,466459,supplemental
Virginia,FY2009,500541,supplemental
Virginia,FY2010,459940,supplemental
Virginia,FY2011,512075.252145692,supplemental
Virginia,FY2012,544618,supplemental
Virginia,FY2013,514236,supplemental
Virginia,FY2014,490267,supplemental
Virginia,FY2015,506607,supplemental
Virginia,FY2016,499048,supplemental
Virginia,FY2017,549561,supplemental
Virginia,FY2018,583705,supplemental
Virginia,FY2019,603838,supplemental
Virginia,FY2020,410300,supplemental
Virginia,FY2021,587371,supplemental
Virginia,FY2022,897770,supplemental
Virginia,FY2023,903845,supplemental
Virginia,FY2024,878709.0993760106,supplemental
Virginia,FY2025,901293.5222383866,supplemental
Virginia,FY2000,18051,tax_exempt
Virginia,FY2001,17878,tax_exempt
Virginia,FY2002,18812,tax_exempt
Virginia,FY2003,19779,tax_exempt
Virginia,FY2004,20125,tax_exempt
Virginia,FY2005,20342,tax_exempt
Virginia,FY2006,21199,tax_exempt
Virginia,FY2007,23060,tax_exempt
Virginia,FY2008,22975,tax_exempt
Virginia,FY2009,29729,tax_exempt
Virginia,FY2010,34511,tax_exempt
Virginia,FY2011,35574,tax_exempt
Virginia,FY2012,34534,tax_exempt
Virginia,FY2013,37083,tax_exempt
Virginia,FY2014,36954,tax_exempt
Virginia,FY2015,39506,tax_exempt
Virginia,FY2016,37295,tax_exempt
Virginia,FY2017,38893,tax_exempt
Virginia,FY2018,40650,tax_exempt
Virginia,FY2019,40892,tax_exempt
Virginia,FY2020,36311,tax_exempt
Virginia,FY2021,42523,tax_exempt
Virginia,FY2022,43944,tax_exempt
Virginia,FY2023,44457,tax_exempt
Virginia,FY2024,45903,tax_exempt
Virginia,FY2025,45712,tax_exempt
Virginia,FY2000,5644262.456022398,total
Virginia,FY2001,5688567.491126559,total
Virginia,FY2002,5690381.799974685,total
Virginia,FY2003,5658521.922408885,total
Virginia,FY2004,5764740.05469747,total
Virginia,FY2005,5795930.090428442,total
Virginia,FY2006,5898239,total
Virginia,FY2007,6001668,total
Virginia,FY2008,6430981,total
Virginia,FY2009,6148801,total
Virginia,FY2010,5910923,total
Virginia,FY2011,5995741.252145692,total
Virginia,FY2012,6076121,total
Virginia,FY2013,6161043,total
Virginia,FY2014,6118884.147297368,total
Virginia,FY2015,6190916,total
Virginia,FY2016,6189463,total
Virginia,FY2017,6216575,total
Virginia,FY2018,6322926,total
Virginia,FY2019,6372995,total
Virginia,FY2020,6037643,total
Virginia,FY2021,6698662,total
Virginia,FY2022,6726637,total
Virginia,FY2023,6987612,total
Virginia,FY2024,6766242.099376011,total
Virginia,FY2025,6877887,total
Washington,FY2004,46125,c_corporation
Washington,FY2005,44548,c_corporation
Washington,FY2006,44447,c_corporation
Washington,FY2007,44357,c_corporation
Washington,FY2008,47232,c_corporation
Washington,FY2009,45083,c_corporation
Washington,FY2010,42893,c_corporation
Washington,FY2011,40909,c_corporation
Washington,FY2012,39941,c_corporation
Washington,FY2013,39564,c_corporation
Washington,FY2014,38274,c_corporation
Washington,FY2015,38254,c_corporation
Washington,FY2016,37705,c_corporation
Washington,FY2017,34844,c_corporation
Washington,FY2018,35942,c_corporation
Washington,FY2019,35812,c_corporation
Washington,FY2020,28593,c_corporation
Washington,FY2021,32590,c_corporation
Washington,FY2022,41516,c_corporation
Washington,FY2023,39653,c_corporation
Washington,FY2024,35676,c_corporation
Washington,FY2025,38203,c_corporation
Washington,FY2000,107182,corporation_total
Washington,FY2001,109754,corporation_total
Washington,FY2002,112672,corporation_total
Washington,FY2003,114619,corporation_total
Washington,FY2000,23790,employee_plan
Washington,FY2001,17455,employee_plan
Washington,FY2000,679787,employment
Washington,FY2001,679592,employment
Washington,FY2002,681809,employment
Washington,FY2003,690466.8975728378,employment
Washington,FY2004,708057.947696148,employment
Washington,FY2005,722941,employment
Washington,FY2006,734119,employment
Washington,FY2007,733791,employment
Washington,FY2008,738200,employment
Washington,FY2009,731540,employment
Washington,FY2010,714435,employment
Washington,FY2011,701303,employment
Washington,FY2012,700183,employment
Washington,FY2013,714350,employment
Washington,FY2014,718513,employment
Washington,FY2015,726402,employment
Washington,FY2016,740048,employment
Washington,FY2017,750476,employment
Washington,FY2018,765135,employment
Washington,FY2019,790915,employment
Washington,FY2020,691131,employment
Washington,FY2021,831663,employment
Washington,FY2022,785136,employment
Washington,FY2023,883166,employment
Washington,FY2024,816647,employment
Washington,FY2025,840167,employment
Washington,FY2000,2648,estate_tax
Washington,FY2001,2716,estate_tax
Washington,FY2002,2666,estate_tax
Washington,FY2003,2032,estate_tax
Washington,FY2004,1612,estate_tax
Washington,FY2005,1355,estate_tax
Washington,FY2006,1184,estate_tax
Washington,FY2007,984,estate_tax
Washington,FY2008,948,estate_tax
Washington,FY2009,995,estate_tax
Washington,FY2010,505,estate_tax
Washington,FY2011,201,estate_tax
Washington,FY2012,480,estate_tax
Washington,FY2013,551,estate_tax
Washington,FY2014,599,estate_tax
Washington,FY2015,692,estate_tax
Washington,FY2016,703,estate_tax
Washington,FY2017,671,estate_tax
Washington,FY2018,821,estate_tax
Washington,FY2019,646,estate_tax
Washington,FY2020,365,estate_tax
Washington,FY2021,814,estate_tax
Washington,FY2022,738,estate_tax
Washington,FY2023,1493,estate_tax
Washington,FY2024,1052,estate_tax
Washington,FY2025,966,estate_tax
Washington,FY2000,54790,estate_trust
Washington,FY2001,58228,estate_trust
Washington,FY2002,56551,estate_trust
Washington,FY2003,57121,estate_trust
Washington,FY2004,59570,estate_trust
Washington,FY2005,57936,estate_trust
Washington,FY2006,59397,estate_trust
Washington,FY2007,60172,estate_trust
Washington,FY2008,62206,estate_trust
Washington,FY2009,60755,estate_trust
Washington,FY2010,62294,estate_trust
Washington,FY2011,61852,estate_trust
Washington,FY2012,61041,estate_trust
Washington,FY2013,62481,estate_trust
Washington,FY2014,62786,estate_trust
Washington,FY2015,64200,estate_trust
Washington,FY2016,64466,estate_trust
Washington,FY2017,60734,estate_trust
Washington,FY2018,63695,estate_trust
Washington,FY2019,64432,estate_trust
Washington,FY2020,59065,estate_trust
Washington,FY2021,69331,estate_trust
Washington,FY2022,63146,estate_trust
Washington,FY2023,72551,estate_trust
Washington,FY2024,68690,estate_trust
Washington,FY2025,70845,estate_trust
Washington,FY2000,18971,estate_trust_estimated
Washington,FY2001,19378,estate_trust_estimated
Washington,FY2002,16302,estate_trust_estimated
Washington,FY2003,11723,estate_trust_estimated
Washington,FY2004,13015,estate_trust_estimated
Washington,FY2005,9489.462942724824,estate_trust_estimated
Washington,FY2006,14640,estate_trust_estimated
Washington,FY2007,18481,estate_trust_estimated
Washington,FY2008,22439,estate_trust_estimated
Washington,FY2009,13833,estate_trust_estimated
Washington,FY2010,8037,estate_trust_estimated
Washington,FY2011,8644,estate_trust_estimated
Washington,FY2012,8712,estate_trust_estimated
Washington,FY2013,11846,estate_trust_estimated
Washington,FY2014,12335.096802888387,estate_trust_estimated
Washington,FY2015,17289.016763760927,estate_trust_estimated
Washington,FY2016,15437,estate_trust_estimated
Washington,FY2017,13207,estate_trust_estimated
Washington,FY2018,16482,estate_trust_estimated
Washington,FY2019,18065,estate_trust_estimated
Washington,FY2020,15670,estate_trust_estimated
Washington,FY2021,15606,estate_trust_estimated
Washington,FY2022,19010,estate_trust_estimated
Washington,FY2023,13736,estate_trust_estimated
Washington,FY2024,13887,estate_trust_estimated
Washington,FY2025,18515,estate_trust_estimated
Washington,FY2000,31528,excise
Washington,FY2001,26746,excise
Washington,FY2002,27904,excise
Washington,FY2003,26864,excise
Washington,FY2004,21659,excise
Washington,FY2005,29730,excise
Washington,FY2006,26358,excise
Washington,FY2007,25997,excise
Washington,FY2008,24683,excise
Washington,FY2009,23018,excise
Washington,FY2010,22598,excise
Washington,FY2011,14246,excise
Washington,FY2012,28391,excise
Washington,FY2013,22204,excise
Washington,FY2014,22856,excise
Washington,FY2015,23022,excise
Washington,FY2016,24011,excise
Washington,FY2017,23719,excise
Washington,FY2018,24187,excise
Washington,FY2019,25206,excise
Washington,FY2020,19840,excise
Washington,FY2021,28005,excise
Washington,FY2022,25867,excise
Washington,FY2023,27364,excise
Washington,FY2024,25159,excise
Washington,FY2025,25200,excise
Washington,FY2000,6860,gift_tax
Washington,FY2001,6827,gift_tax
Washington,FY2002,5702,gift_tax
Washington,FY2003,6206,gift_tax
Washington,FY2004,5115,gift_tax
Washington,FY2005,5970,gift_tax
Washington,FY2006,5650,gift_tax
Washington,FY2007,5732,gift_tax
Washington,FY2008,5650,gift_tax
Washington,FY2009,5555,gift_tax
Washington,FY2010,5015,gift_tax
Washington,FY2011,4418,gift_tax
Washington,FY2012,5552,gift_tax
Washington,FY2013,6755,gift_tax
Washington,FY2014,7458,gift_tax
Washington,FY2015,5523,gift_tax
Washington,FY2016,6018,gift_tax
Washington,FY2017,6165,gift_tax
Washington,FY2018,6863,gift_tax
Washington,FY2019,6861,gift_tax
Washington,FY2020,4871,gift_tax
Washington,FY2021,8889,gift_tax
Washington,FY2022,8395,gift_tax
Washington,FY2023,18081,gift_tax
Washington,FY2024,10224,gift_tax
Washington,FY2025,10999,gift_tax
Washington,FY2000,932371,individual_estimated
Washington,FY2001,890041,individual_estimated
Washington,FY2002,365977,individual_estimated
Washington,FY2003,30765,individual_estimated
Washington,FY2004,652875.7419354839,individual_estimated
Washington,FY2005,687747,individual_estimated
Washington,FY2006,748663,individual_estimated
Washington,FY2007,765767,individual_estimated
Washington,FY2008,773364,individual_estimated
Washington,FY2009,704566,individual_estimated
Washington,FY2010,589168,individual_estimated
Washington,FY2011,580320,individual_estimated
Washington,FY2012,548564,individual_estimated
Washington,FY2013,619753,individual_estimated
Washington,FY2014,591228,individual_estimated
Washington,FY2015,610268,individual_estimated
Washington,FY2016,591502,individual_estimated
Washington,FY2017,573122,individual_estimated
Washington,FY2018,579789,individual_estimated
Washington,FY2019,574191,individual_estimated
Washington,FY2020,513440,individual_estimated
Washington,FY2021,65480,individual_estimated
Washington,FY2022,25964,individual_estimated
Washington,FY2023,28717,individual_estimated
Washington,FY2024,37485,individual_estimated
Washington,FY2025,116088,individual_estimated
Washington,FY2000,2709549,individual_income
Washington,FY2001,2770923,individual_income
Washington,FY2002,2784824,individual_income
Washington,FY2003,2788759,individual_income
Washington,FY2004,2805383,individual_income
Washington,FY2005,2854359,individual_income
Washington,FY2006,2897838,individual_income
Washington,FY2007,3008488,individual_income
Washington,FY2008,3363742,individual_income
Washington,FY2009,3196039,individual_income
Washington,FY2010,3129113,individual_income
Washington,FY2011,3156568,individual_income
Washington,FY2012,3192891,individual_income
Washington,FY2013,3237171,individual_income
Washington,FY2014,3281026,individual_income
Washington,FY2015,3339782,individual_income
Washington,FY2016,3423368,individual_income
Washington,FY2017,3470405,individual_income
Washington,FY2018,3547517,individual_income
Washington,FY2019,3603313,individual_income
Washington,FY2020,3725302,individual_income
Washington,FY2021,3948414,individual_income
Washington,FY2022,3769212,individual_income
Washington,FY2023,3833456,individual_income
Washington,FY2024,3769036,individual_income
Washington,FY2025,3821948,individual_income
Washington,FY2000,50045,partnership
Washington,FY2001,52415,partnership
Washington,FY2002,53896,partnership
Washington,FY2003,56264,partnership
Washington,FY2004,58916,partnership
Washington,FY2005,60096,partnership
Washington,FY2006,61886,partnership
Washington,FY2007,68130,partnership
Washington,FY2008,74354,partnership
Washington,FY2009,78986,partnership
Washington,FY2010,77127,partnership
Washington,FY2011,77572,partnership
Washington,FY2012,77899,partnership
Washington,FY2013,78696,partnership
Washington,FY2014,79697,partnership
Washington,FY2015,81714,partnership
Washington,FY2016,83132,partnership
Washington,FY2017,83953,partnership
Washington,FY2018,85368,partnership
Washington,FY2019,79441,partnership
Washington,FY2020,87642,partnership
Washington,FY2021,94809,partnership
Washington,FY2022,91397,partnership
Washington,FY2023,106773,partnership
Washington,FY2024,100024,partnership
Washington,FY2025,103384,partnership
Washington,FY2004,70212,s_corporation
Washington,FY2005,72026,s_corporation
Washington,FY2006,77732,s_corporation
Washington,FY2007,82196,s_corporation
Washington,FY2008,93837,s_corporation
Washington,FY2009,95770,s_corporation
Washington,FY2010,95846,s_corporation
Washington,FY2011,96431,s_corporation
Washington,FY2012,96496,s_corporation
Washington,FY2013,95747,s_corporation
Washington,FY2014,97074,s_corporation
Washington,FY2015,99064,s_corporation
Washington,FY2016,102247,s_corporation
Washington,FY2017,105778,s_corporation
Washington,FY2018,109379,s_corporation
Washington,FY2019,112824,s_corporation
Washington,FY2020,110369,s_corporation
Washington,FY2021,116164,s_corporation
Washington,FY2022,123800,s_corporation
Washington,FY2023,129871,s_corporation
Washington,FY2024,128547,s_corporation
Washington,FY2025,132072,s_corporation
Washington,FY2000,388566,supplemental
Washington,FY2001,367417,supplemental
Washington,FY2002,458931,supplemental
Washington,FY2003,467186.4140295986,supplemental
Washington,FY2004,479230.7072546992,supplemental
Washington,FY2005,481539,supplemental
Washington,FY2006,433146,supplemental
Washington,FY2007,487265,supplemental
Washington,FY2008,513315,supplemental
Washington,FY2009,535619,supplemental
Washington,FY2010,486753,supplemental
Washington,FY2011,534822.6818123587,supplemental
Washington,FY2012,549007,supplemental
Washington,FY2013,551479,supplemental
Washington,FY2014,529318,supplemental
Washington,FY2015,552473,supplemental
Washington,FY2016,550961,supplemental
Washington,FY2017,605803,supplemental
Washington,FY2018,645612,supplemental
Washington,FY2019,675180,supplemental
Washington,FY2020,498375,supplemental
Washington,FY2021,601097,supplemental
Washington,FY2022,908453,supplemental
Washington,FY2023,923881,supplemental
Washington,FY2024,902255.3040502327,supplemental
Washington,FY2025,925462.4484205656,supplemental
Washington,FY2000,15035,tax_exempt
Washington,FY2001,15369,tax_exempt
Washington,FY2002,16386,tax_exempt
Washington,FY2003,17204,tax_exempt
Washington,FY2004,17692,tax_exempt
Washington,FY2005,17463,tax_exempt
Washington,FY2006,17991,tax_exempt
Washington,FY2007,19588,tax_exempt
Washington,FY2008,19151,tax_exempt
Washington,FY2009,24590,tax_exempt
Washington,FY2010,30384,tax_exempt
Washington,FY2011,30010,tax_exempt
Washington,FY2012,29302,tax_exempt
Washington,FY2013,31661,tax_exempt
Washington,FY2014,31552,tax_exempt
Washington,FY2015,34022,tax_exempt
Washington,FY2016,32225,tax_exempt
Washington,FY2017,33278,tax_exempt
Washington,FY2018,33978,tax_exempt
Washington,FY2019,34497,tax_exempt
Washington,FY2020,30591,tax_exempt
Washington,FY2021,36312,tax_exempt
Washington,FY2022,36683,tax_exempt
Washington,FY2023,35910,tax_exempt
Washington,FY2024,36910,tax_exempt
Washington,FY2025,37311,tax_exempt
Washington,FY2000,5021122,total
Washington,FY2001,5016861,total
Washington,FY2002,4583620,total
Washington,FY2003,4269210.311602436,total
Washington,FY2004,4939463.396886331,total
Washington,FY2005,5045199.462942725,total
Washington,FY2006,5123051,total
Washington,FY2007,5320948,total
Washington,FY2008,5739121,total
Washington,FY2009,5516349,total
Washington,FY2010,5264168,total
Washington,FY2011,5307296.681812359,total
Washington,FY2012,5338459,total
Washington,FY2013,5472258,total
Washington,FY2014,5472716.096802888,total
Washington,FY2015,5592705,total
Washington,FY2016,5671823,total
Washington,FY2017,5762155,total
Washington,FY2018,5914768,total
Washington,FY2019,6021383,total
Washington,FY2020,5785254,total
Washington,FY2021,5849174,total
Washington,FY2022,5899317,total
Washington,FY2023,6114652,total
Washington,FY2024,5945592.304050233,total
Washington,FY2025,6141160,total
West Virginia,FY2004,10993,c_corporation
West Virginia,FY2005,10681,c_corporation
West Virginia,FY2006,10054,c_corporation
West Virginia,FY2007,10212,c_corporation
West Virginia,FY2008,9836,c_corporation
West Virginia,FY2009,9604,c_corporation
West Virginia,FY2010,8941,c_corporation
West Virginia,FY2011,8727,c_corporation
West Virginia,FY2012,8283,c_corporation
West Virginia,FY2013,8016,c_corporation
West Virginia,FY2014,7603,c_corporation
West Virginia,FY2015,7337,c_corporation
West Virginia,FY2016,7000,c_corporation
West Virginia,FY2017,6282,c_corporation
West Virginia,FY2018,6285,c_corporation
West Virginia,FY2019,6081,c_corporation
West Virginia,FY2020,5106,c_corporation
West Virginia,FY2021,5921,c_corporation
West Virginia,FY2022,5180,c_corporation
West Virginia,FY2023,6223,c_corporation
West Virginia,FY2024,5343,c_corporation
West Virginia,FY2025,5401,c_corporation
West Virginia,FY2000,22560,corporation_total
West Virginia,FY2001,22092,corporation_total
West Virginia,FY2002,21666,corporation_total
West Virginia,FY2003,21629,corporation_total
West Virginia,FY2000,4364,employee_plan
West Virginia,FY2001,3320,employee_plan
West Virginia,FY2000,164080,employment
West Virginia,FY2001,160904,employment
West Virginia,FY2002,159138,employment
West Virginia,FY2003,160782.01217509565,employment
West Virginia,FY2004,159899.9054569249,employment
West Virginia,FY2005,159981,employment
West Virginia,FY2006,157105,employment
West Virginia,FY2007,152100,employment
West Virginia,FY2008,149603,employment
West Virginia,FY2009,146945,employment
West Virginia,FY2010,141423,employment
West Virginia,FY2011,136700,employment
West Virginia,FY2012,136682,employment
West Virginia,FY2013,135708,employment
West Virginia,FY2014,133043,employment
West Virginia,FY2015,131647,employment
West Virginia,FY2016,128184,employment
West Virginia,FY2017,124857,employment
West Virginia,FY2018,122678,employment
West Virginia,FY2019,122543,employment
West Virginia,FY2020,97025,employment
West Virginia,FY2021,134630,employment
West Virginia,FY2022,101641,employment
West Virginia,FY2023,142116,employment
West Virginia,FY2024,119225,employment
West Virginia,FY2025,119975,employment
West Virginia,FY2000,478,estate_tax
West Virginia,FY2001,523,estate_tax
West Virginia,FY2002,446,estate_tax
West Virginia,FY2003,344,estate_tax
West Virginia,FY2004,286,estate_tax
West Virginia,FY2005,195,estate_tax
West Virginia,FY2006,194,estate_tax
West Virginia,FY2007,130,estate_tax
West Virginia,FY2008,106,estate_tax
West Virginia,FY2009,107,estate_tax
West Virginia,FY2010,51,estate_tax
West Virginia,FY2011,11,estate_tax
West Virginia,FY2012,56,estate_tax
West Virginia,FY2013,73,estate_tax
West Virginia,FY2014,69,estate_tax
West Virginia,FY2015,69,estate_tax
West Virginia,FY2016,76,estate_tax
West Virginia,FY2017,66,estate_tax
West Virginia,FY2018,75,estate_tax
West Virginia,FY2019,53,estate_tax
West Virginia,FY2020,22,estate_tax
West Virginia,FY2021,44,estate_tax
West Virginia,FY2022,51,estate_tax
West Virginia,FY2023,80,estate_tax
West Virginia,FY2024,40,estate_tax
West Virginia,FY2025,31,estate_tax
West Virginia,FY2000,13792,estate_trust
West Virginia,FY2001,14074,estate_trust
West Virginia,FY2002,14491,estate_trust
West Virginia,FY2003,14652,estate_trust
West Virginia,FY2004,14842,estate_trust
West Virginia,FY2005,10951,estate_trust
West Virginia,FY2006,10044,estate_trust
West Virginia,FY2007,10114,estate_trust
West Virginia,FY2008,13958,estate_trust
West Virginia,FY2009,13652,estate_trust
West Virginia,FY2010,13049,estate_trust
West Virginia,FY2011,12454,estate_trust
West Virginia,FY2012,11981,estate_trust
West Virginia,FY2013,11968,estate_trust
West Virginia,FY2014,11810,estate_trust
West Virginia,FY2015,11595,estate_trust
West Virginia,FY2016,13334,estate_trust
West Virginia,FY2017,10842,estate_trust
West Virginia,FY2018,10777,estate_trust
West Virginia,FY2019,11836,estate_trust
West Virginia,FY2020,10612,estate_trust
West Virginia,FY2021,9668,estate_trust
West Virginia,FY2022,12104,estate_trust
West Virginia,FY2023,11289,estate_trust
West Virginia,FY2024,10303,estate_trust
West Virginia,FY2025,9995,estate_trust
West Virginia,FY2000,2721,estate_trust_estimated
West Virginia,FY2001,2742,estate_trust_estimated
West Virginia,FY2002,2282,estate_trust_estimated
West Virginia,FY2003,2132,estate_trust_estimated
West Virginia,FY2004,2459,estate_trust_estimated
West Virginia,FY2005,1907.042540126379,estate_trust_estimated
West Virginia,FY2006,2008,estate_trust_estimated
West Virginia,FY2007,2522,estate_trust_estimated
West Virginia,FY2008,3080,estate_trust_estimated
West Virginia,FY2009,1736,estate_trust_estimated
West Virginia,FY2010,1060,estate_trust_estimated
West Virginia,FY2011,1227,estate_trust_estimated
West Virginia,FY2012,1243,estate_trust_estimated
West Virginia,FY2013,1623,estate_trust_estimated
West Virginia,FY2014,3210.3570718434407,estate_trust_estimated
West Virginia,FY2015,1794.796342078103,estate_trust_estimated
West Virginia,FY2016,1547,estate_trust_estimated
West Virginia,FY2017,1370,estate_trust_estimated
West Virginia,FY2018,1837,estate_trust_estimated
West Virginia,FY2019,1964,estate_trust_estimated
West Virginia,FY2020,1650,estate_trust_estimated
West Virginia,FY2021,1922,estate_trust_estimated
West Virginia,FY2022,2306,estate_trust_estimated
West Virginia,FY2023,1455,estate_trust_estimated
West Virginia,FY2024,1415,estate_trust_estimated
West Virginia,FY2025,2194,estate_trust_estimated
West Virginia,FY2000,7642,excise
West Virginia,FY2001,6598,excise
West Virginia,FY2002,6974,excise
West Virginia,FY2003,6033,excise
West Virginia,FY2004,4857,excise
West Virginia,FY2005,7765,excise
West Virginia,FY2006,6827,excise
West Virginia,FY2007,6234,excise
West Virginia,FY2008,5578,excise
West Virginia,FY2009,5696,excise
West Virginia,FY2010,5316,excise
West Virginia,FY2011,3499,excise
West Virginia,FY2012,6969,excise
West Virginia,FY2013,4909,excise
West Virginia,FY2014,5548,excise
West Virginia,FY2015,5508,excise
West Virginia,FY2016,4985,excise
West Virginia,FY2017,5045,excise
West Virginia,FY2018,4933,excise
West Virginia,FY2019,5175,excise
West Virginia,FY2020,3718,excise
West Virginia,FY2021,5630,excise
West Virginia,FY2022,4794,excise
West Virginia,FY2023,5286,excise
West Virginia,FY2024,4798,excise
West Virginia,FY2025,4796,excise
West Virginia,FY2000,1218,gift_tax
West Virginia,FY2001,1123,gift_tax
West Virginia,FY2002,969,gift_tax
West Virginia,FY2003,933,gift_tax
West Virginia,FY2004,789,gift_tax
West Virginia,FY2005,870,gift_tax
West Virginia,FY2006,807,gift_tax
West Virginia,FY2007,844,gift_tax
West Virginia,FY2008,823,gift_tax
West Virginia,FY2009,840,gift_tax
West Virginia,FY2010,787,gift_tax
West Virginia,FY2011,704,gift_tax
West Virginia,FY2012,710,gift_tax
West Virginia,FY2013,900,gift_tax
West Virginia,FY2014,896,gift_tax
West Virginia,FY2015,681,gift_tax
West Virginia,FY2016,732,gift_tax
West Virginia,FY2017,634,gift_tax
West Virginia,FY2018,612,gift_tax
West Virginia,FY2019,653,gift_tax
West Virginia,FY2020,364,gift_tax
West Virginia,FY2021,681,gift_tax
West Virginia,FY2022,531,gift_tax
West Virginia,FY2023,1229,gift_tax
West Virginia,FY2024,739,gift_tax
West Virginia,FY2025,712,gift_tax
West Virginia,FY2000,202027,individual_estimated
West Virginia,FY2001,191520,individual_estimated
West Virginia,FY2002,186529,individual_estimated
West Virginia,FY2003,163639,individual_estimated
West Virginia,FY2004,156800.40322580645,individual_estimated
West Virginia,FY2005,146517,individual_estimated
West Virginia,FY2006,149710,individual_estimated
West Virginia,FY2007,149893,individual_estimated
West Virginia,FY2008,145966,individual_estimated
West Virginia,FY2009,145943,individual_estimated
West Virginia,FY2010,125710,individual_estimated
West Virginia,FY2011,122925,individual_estimated
West Virginia,FY2012,114148,individual_estimated
West Virginia,FY2013,123978,individual_estimated
West Virginia,FY2014,116652,individual_estimated
West Virginia,FY2015,118575,individual_estimated
West Virginia,FY2016,110531,individual_estimated
West Virginia,FY2017,106132,individual_estimated
West Virginia,FY2018,105399,individual_estimated
West Virginia,FY2019,102469,individual_estimated
West Virginia,FY2020,93066,individual_estimated
West Virginia,FY2021,94628,individual_estimated
West Virginia,FY2022,96197,individual_estimated
West Virginia,FY2023,93713,individual_estimated
West Virginia,FY2024,92987,individual_estimated
West Virginia,FY2025,95524,individual_estimated
West Virginia,FY2000,745275,individual_income
West Virginia,FY2001,749223,individual_income
West Virginia,FY2002,750705,individual_income
West Virginia,FY2003,747423,individual_income
West Virginia,FY2004,744148,individual_income
West Virginia,FY2005,747621,individual_income
West Virginia,FY2006,749210,individual_income
West Virginia,FY2007,769727,individual_income
West Virginia,FY2008,921661,individual_income
West Virginia,FY2009,789947,individual_income
West Virginia,FY2010,774432,individual_income
West Virginia,FY2011,780655,individual_income
West Virginia,FY2012,789106,individual_income
West Virginia,FY2013,788011,individual_income
West Virginia,FY2014,784830,individual_income
West Virginia,FY2015,783826,individual_income
West Virginia,FY2016,781526,individual_income
West Virginia,FY2017,766984,individual_income
West Virginia,FY2018,766240,individual_income
West Virginia,FY2019,764710,individual_income
West Virginia,FY2020,799172,individual_income
West Virginia,FY2021,833557,individual_income
West Virginia,FY2022,791863,individual_income
West Virginia,FY2023,790474,individual_income
West Virginia,FY2024,774459,individual_income
West Virginia,FY2025,780348,individual_income
West Virginia,FY2000,9116,partnership
West Virginia,FY2001,9219,partnership
West Virginia,FY2002,9557,partnership
West Virginia,FY2003,9976,partnership
West Virginia,FY2004,10448,partnership
West Virginia,FY2005,11019,partnership
West Virginia,FY2006,11123,partnership
West Virginia,FY2007,12457,partnership
West Virginia,FY2008,12842,partnership
West Virginia,FY2009,13138,partnership
West Virginia,FY2010,13046,partnership
West Virginia,FY2011,13245,partnership
West Virginia,FY2012,13026,partnership
West Virginia,FY2013,13079,partnership
West Virginia,FY2014,13341,partnership
West Virginia,FY2015,13316,partnership
West Virginia,FY2016,13548,partnership
West Virginia,FY2017,13162,partnership
West Virginia,FY2018,13432,partnership
West Virginia,FY2019,13152,partnership
West Virginia,FY2020,12686,partnership
West Virginia,FY2021,14313,partnership
West Virginia,FY2022,12501,partnership
West Virginia,FY2023,15229,partnership
West Virginia,FY2024,13731,partnership
West Virginia,FY2025,13761,partnership
West Virginia,FY2004,10666,s_corporation
West Virginia,FY2005,10772,s_corporation
West Virginia,FY2006,10739,s_corporation
West Virginia,FY2007,11418,s_corporation
West Virginia,FY2008,11878,s_corporation
West Virginia,FY2009,12116,s_corporation
West Virginia,FY2010,12134,s_corporation
West Virginia,FY2011,12426,s_corporation
West Virginia,FY2012,12126,s_corporation
West Virginia,FY2013,12160,s_corporation
West Virginia,FY2014,12443,s_corporation
West Virginia,FY2015,12699,s_corporation
West Virginia,FY2016,12817,s_corporation
West Virginia,FY2017,12703,s_corporation
West Virginia,FY2018,12674,s_corporation
West Virginia,FY2019,12746,s_corporation
West Virginia,FY2020,12153,s_corporation
West Virginia,FY2021,13092,s_corporation
West Virginia,FY2022,12337,s_corporation
West Virginia,FY2023,14359,s_corporation
West Virginia,FY2024,13629,s_corporation
West Virginia,FY2025,13654,s_corporation
West Virginia,FY2000,58347.09342310058,supplemental
West Virginia,FY2001,59525.48140671249,supplemental
West Virginia,FY2002,64953.71681092853,supplemental
West Virginia,FY2003,64367.262099063606,supplemental
West Virginia,FY2004,62387.633267476645,supplemental
West Virginia,FY2005,61866,supplemental
West Virginia,FY2006,56997,supplemental
West Virginia,FY2007,60824,supplemental
West Virginia,FY2008,66761,supplemental
West Virginia,FY2009,68983,supplemental
West Virginia,FY2010,59507,supplemental
West Virginia,FY2011,66121.06677143609,supplemental
West Virginia,FY2012,71448,supplemental
West Virginia,FY2013,67126,supplemental
West Virginia,FY2014,59305,supplemental
West Virginia,FY2015,61910,supplemental
West Virginia,FY2016,59479,supplemental
West Virginia,FY2017,65154,supplemental
West Virginia,FY2018,67315,supplemental
West Virginia,FY2019,68346,supplemental
West Virginia,FY2020,46762,supplemental
West Virginia,FY2021,68350,supplemental
West Virginia,FY2022,122353,supplemental
West Virginia,FY2023,107573,supplemental
West Virginia,FY2024,103918.821144428,supplemental
West Virginia,FY2025,115188.63229452632,supplemental
West Virginia,FY2000,4179,tax_exempt
West Virginia,FY2001,4184,tax_exempt
West Virginia,FY2002,4161,tax_exempt
West Virginia,FY2003,4380,tax_exempt
West Virginia,FY2004,4435,tax_exempt
West Virginia,FY2005,4525,tax_exempt
West Virginia,FY2006,4370,tax_exempt
West Virginia,FY2007,4763,tax_exempt
West Virginia,FY2008,4596,tax_exempt
West Virginia,FY2009,6754,tax_exempt
West Virginia,FY2010,7988,tax_exempt
West Virginia,FY2011,7747,tax_exempt
West Virginia,FY2012,8166,tax_exempt
West Virginia,FY2013,8468,tax_exempt
West Virginia,FY2014,8292,tax_exempt
West Virginia,FY2015,8999,tax_exempt
West Virginia,FY2016,8593,tax_exempt
West Virginia,FY2017,8945,tax_exempt
West Virginia,FY2018,9237,tax_exempt
West Virginia,FY2019,9067,tax_exempt
West Virginia,FY2020,7872,tax_exempt
West Virginia,FY2021,9209,tax_exempt
West Virginia,FY2022,9319,tax_exempt
West Virginia,FY2023,9242,tax_exempt
West Virginia,FY2024,9641,tax_exempt
West Virginia,FY2025,9478,tax_exempt
West Virginia,FY2000,1235799.093423101,total
West Virginia,FY2001,1225047.4814067124,total
West Virginia,FY2002,1221871.7168109284,total
West Virginia,FY2003,1196290.2742741592,total
West Virginia,FY2004,1183010.941950208,total
West Virginia,FY2005,1174670.0425401265,total
West Virginia,FY2006,1169188,total
West Virginia,FY2007,1191238,total
West Virginia,FY2008,1346688,total
West Virginia,FY2009,1215461,total
West Virginia,FY2010,1163444,total
West Virginia,FY2011,1166441.066771436,total
West Virginia,FY2012,1173944,total
West Virginia,FY2013,1176019,total
West Virginia,FY2014,1157042.3570718437,total
West Virginia,FY2015,1157957,total
West Virginia,FY2016,1142352,total
West Virginia,FY2017,1122176,total
West Virginia,FY2018,1121494,total
West Virginia,FY2019,1118795,total
West Virginia,FY2020,1090208,total
West Virginia,FY2021,1191645,total
West Virginia,FY2022,1171177,total
West Virginia,FY2023,1198268,total
West Virginia,FY2024,1150228.821144428,total
West Virginia,FY2025,1171058,total
Wisconsin,FY2004,43698,c_corporation
Wisconsin,FY2005,41955,c_corporation
Wisconsin,FY2006,40674,c_corporation
Wisconsin,FY2007,41223,c_corporation
Wisconsin,FY2008,39884,c_corporation
Wisconsin,FY2009,38322,c_corporation
Wisconsin,FY2010,36742,c_corporation
Wisconsin,FY2011,35833,c_corporation
Wisconsin,FY2012,34626,c_corporation
Wisconsin,FY2013,33262,c_corporation
Wisconsin,FY2014,31684,c_corporation
Wisconsin,FY2015,30564,c_corporation
Wisconsin,FY2016,29679,c_corporation
Wisconsin,FY2017,27521,c_corporation
Wisconsin,FY2018,27090,c_corporation
Wisconsin,FY2019,26578,c_corporation
Wisconsin,FY2020,22660,c_corporation
Wisconsin,FY2021,26081,c_corporation
Wisconsin,FY2022,23261,c_corporation
Wisconsin,FY2023,28781,c_corporation
Wisconsin,FY2024,24391,c_corporation
Wisconsin,FY2025,24037,c_corporation
Wisconsin,FY2000,91685,corporation_total
Wisconsin,FY2001,88246,corporation_total
Wisconsin,FY2002,90880,corporation_total
Wisconsin,FY2003,91295,corporation_total
Wisconsin,FY2000,25778,employee_plan
Wisconsin,FY2001,20737,employee_plan
Wisconsin,FY2000,588705,employment
Wisconsin,FY2001,582611,employment
Wisconsin,FY2002,588144,employment
Wisconsin,FY2003,601235.7386028417,employment
Wisconsin,FY2004,601224.563810356,employment
Wisconsin,FY2005,605889,employment
Wisconsin,FY2006,599362,employment
Wisconsin,FY2007,584054,employment
Wisconsin,FY2008,576928,employment
Wisconsin,FY2009,571892,employment
Wisconsin,FY2010,560156,employment
Wisconsin,FY2011,549489,employment
Wisconsin,FY2012,548483,employment
Wisconsin,FY2013,548600,employment
Wisconsin,FY2014,545831,employment
Wisconsin,FY2015,545349,employment
Wisconsin,FY2016,545278,employment
Wisconsin,FY2017,541389,employment
Wisconsin,FY2018,542729,employment
Wisconsin,FY2019,547161,employment
Wisconsin,FY2020,475441,employment
Wisconsin,FY2021,584258,employment
Wisconsin,FY2022,501587,employment
Wisconsin,FY2023,620032,employment
Wisconsin,FY2024,556925,employment
Wisconsin,FY2025,560307,employment
Wisconsin,FY2000,2108,estate_tax
Wisconsin,FY2001,2107,estate_tax
Wisconsin,FY2002,2198,estate_tax
Wisconsin,FY2003,1500,estate_tax
Wisconsin,FY2004,1368,estate_tax
Wisconsin,FY2005,1216,estate_tax
Wisconsin,FY2006,1123,estate_tax
Wisconsin,FY2007,1022,estate_tax
Wisconsin,FY2008,935,estate_tax
Wisconsin,FY2009,836,estate_tax
Wisconsin,FY2010,464,estate_tax
Wisconsin,FY2011,118,estate_tax
Wisconsin,FY2012,517,estate_tax
Wisconsin,FY2013,529,estate_tax
Wisconsin,FY2014,470,estate_tax
Wisconsin,FY2015,561,estate_tax
Wisconsin,FY2016,564,estate_tax
Wisconsin,FY2017,466,estate_tax
Wisconsin,FY2018,510,estate_tax
Wisconsin,FY2019,426,estate_tax
Wisconsin,FY2020,243,estate_tax
Wisconsin,FY2021,434,estate_tax
Wisconsin,FY2022,479,estate_tax
Wisconsin,FY2023,753,estate_tax
Wisconsin,FY2024,473,estate_tax
Wisconsin,FY2025,434,estate_tax
Wisconsin,FY2000,82944,estate_trust
Wisconsin,FY2001,77698,estate_trust
Wisconsin,FY2002,89162,estate_trust
Wisconsin,FY2003,93220,estate_trust
Wisconsin,FY2004,90478,estate_trust
Wisconsin,FY2005,95434,estate_trust
Wisconsin,FY2006,92080,estate_trust
Wisconsin,FY2007,91792,estate_trust
Wisconsin,FY2008,65228,estate_trust
Wisconsin,FY2009,67854,estate_trust
Wisconsin,FY2010,65836,estate_trust
Wisconsin,FY2011,64206,estate_trust
Wisconsin,FY2012,63160,estate_trust
Wisconsin,FY2013,54234,estate_trust
Wisconsin,FY2014,54861,estate_trust
Wisconsin,FY2015,67183,estate_trust
Wisconsin,FY2016,67240,estate_trust
Wisconsin,FY2017,65358,estate_trust
Wisconsin,FY2018,66252,estate_trust
Wisconsin,FY2019,65340,estate_trust
Wisconsin,FY2020,62038,estate_trust
Wisconsin,FY2021,71649,estate_trust
Wisconsin,FY2022,63363,estate_trust
Wisconsin,FY2023,72070,estate_trust
Wisconsin,FY2024,67194,estate_trust
Wisconsin,FY2025,66824,estate_trust
Wisconsin,FY2000,17123,estate_trust_estimated
Wisconsin,FY2001,17536,estate_trust_estimated
Wisconsin,FY2002,12031,estate_trust_estimated
Wisconsin,FY2003,11101,estate_trust_estimated
Wisconsin,FY2004,14027,estate_trust_estimated
Wisconsin,FY2005,11236.38133017645,estate_trust_estimated
Wisconsin,FY2006,12885,estate_trust_estimated
Wisconsin,FY2007,14695,estate_trust_estimated
Wisconsin,FY2008,15799,estate_trust_estimated
Wisconsin,FY2009,9293,estate_trust_estimated
Wisconsin,FY2010,6106,estate_trust_estimated
Wisconsin,FY2011,7171,estate_trust_estimated
Wisconsin,FY2012,7578,estate_trust_estimated
Wisconsin,FY2013,10113,estate_trust_estimated
Wisconsin,FY2014,9717.255297995918,estate_trust_estimated
Wisconsin,FY2015,13403.282683161831,estate_trust_estimated
Wisconsin,FY2016,11467,estate_trust_estimated
Wisconsin,FY2017,10642,estate_trust_estimated
Wisconsin,FY2018,13275,estate_trust_estimated
Wisconsin,FY2019,14132,estate_trust_estimated
Wisconsin,FY2020,11821,estate_trust_estimated
Wisconsin,FY2021,11949,estate_trust_estimated
Wisconsin,FY2022,14572,estate_trust_estimated
Wisconsin,FY2023,9453,estate_trust_estimated
Wisconsin,FY2024,10865,estate_trust_estimated
Wisconsin,FY2025,14145,estate_trust_estimated
Wisconsin,FY2000,22958,excise
Wisconsin,FY2001,17828,excise
Wisconsin,FY2002,21840,excise
Wisconsin,FY2003,19209,excise
Wisconsin,FY2004,14068,excise
Wisconsin,FY2005,25874,excise
Wisconsin,FY2006,21691,excise
Wisconsin,FY2007,21008,excise
Wisconsin,FY2008,19917,excise
Wisconsin,FY2009,19180,excise
Wisconsin,FY2010,20300,excise
Wisconsin,FY2011,13209,excise
Wisconsin,FY2012,32561,excise
Wisconsin,FY2013,25410,excise
Wisconsin,FY2014,27048,excise
Wisconsin,FY2015,27373,excise
Wisconsin,FY2016,26084,excise
Wisconsin,FY2017,25428,excise
Wisconsin,FY2018,25687,excise
Wisconsin,FY2019,26256,excise
Wisconsin,FY2020,20033,excise
Wisconsin,FY2021,30937,excise
Wisconsin,FY2022,25667,excise
Wisconsin,FY2023,30023,excise
Wisconsin,FY2024,27853,excise
Wisconsin,FY2025,27349,excise
Wisconsin,FY2000,6862,gift_tax
Wisconsin,FY2001,7286,gift_tax
Wisconsin,FY2002,7084,gift_tax
Wisconsin,FY2003,7186,gift_tax
Wisconsin,FY2004,6330,gift_tax
Wisconsin,FY2005,6944,gift_tax
Wisconsin,FY2006,6584,gift_tax
Wisconsin,FY2007,6203,gift_tax
Wisconsin,FY2008,5831,gift_tax
Wisconsin,FY2009,5709,gift_tax
Wisconsin,FY2010,4991,gift_tax
Wisconsin,FY2011,4617,gift_tax
Wisconsin,FY2012,5566,gift_tax
Wisconsin,FY2013,6475,gift_tax
Wisconsin,FY2014,6388,gift_tax
Wisconsin,FY2015,4942,gift_tax
Wisconsin,FY2016,5154,gift_tax
Wisconsin,FY2017,5244,gift_tax
Wisconsin,FY2018,5227,gift_tax
Wisconsin,FY2019,4904,gift_tax
Wisconsin,FY2020,3275,gift_tax
Wisconsin,FY2021,5622,gift_tax
Wisconsin,FY2022,4853,gift_tax
Wisconsin,FY2023,10005,gift_tax
Wisconsin,FY2024,6182,gift_tax
Wisconsin,FY2025,6389,gift_tax
Wisconsin,FY2000,862767,individual_estimated
Wisconsin,FY2001,831676,individual_estimated
Wisconsin,FY2002,770624,individual_estimated
Wisconsin,FY2003,659551,individual_estimated
Wisconsin,FY2004,649913.0806451613,individual_estimated
Wisconsin,FY2005,621923,individual_estimated
Wisconsin,FY2006,644996,individual_estimated
Wisconsin,FY2007,640461,individual_estimated
Wisconsin,FY2008,657570,individual_estimated
Wisconsin,FY2009,604886,individual_estimated
Wisconsin,FY2010,503313,individual_estimated
Wisconsin,FY2011,502603,individual_estimated
Wisconsin,FY2012,481562,individual_estimated
Wisconsin,FY2013,542705,individual_estimated
Wisconsin,FY2014,510583,individual_estimated
Wisconsin,FY2015,529156,individual_estimated
Wisconsin,FY2016,513017,individual_estimated
Wisconsin,FY2017,498804,individual_estimated
Wisconsin,FY2018,502487,individual_estimated
Wisconsin,FY2019,497645,individual_estimated
Wisconsin,FY2020,255138,individual_estimated
Wisconsin,FY2021,331205,individual_estimated
Wisconsin,FY2022,456391,individual_estimated
Wisconsin,FY2023,436800,individual_estimated
Wisconsin,FY2024,451356,individual_estimated
Wisconsin,FY2025,468447,individual_estimated
Wisconsin,FY2000,2560004,individual_income
Wisconsin,FY2001,2593283,individual_income
Wisconsin,FY2002,2590240,individual_income
Wisconsin,FY2003,2582604,individual_income
Wisconsin,FY2004,2588919,individual_income
Wisconsin,FY2005,2619165,individual_income
Wisconsin,FY2006,2641248,individual_income
Wisconsin,FY2007,2734618,individual_income
Wisconsin,FY2008,2952500,individual_income
Wisconsin,FY2009,2772429,individual_income
Wisconsin,FY2010,2716565,individual_income
Wisconsin,FY2011,2738860,individual_income
Wisconsin,FY2012,2767383,individual_income
Wisconsin,FY2013,2777937,individual_income
Wisconsin,FY2014,2803790,individual_income
Wisconsin,FY2015,2809732,individual_income
Wisconsin,FY2016,2838902,individual_income
Wisconsin,FY2017,2838148,individual_income
Wisconsin,FY2018,2861996,individual_income
Wisconsin,FY2019,2868926,individual_income
Wisconsin,FY2020,2892905,individual_income
Wisconsin,FY2021,3040557,individual_income
Wisconsin,FY2022,2949237,individual_income
Wisconsin,FY2023,2990545,individual_income
Wisconsin,FY2024,2936639,individual_income
Wisconsin,FY2025,2970175,individual_income
Wisconsin,FY2000,40346,partnership
Wisconsin,FY2001,42355,partnership
Wisconsin,FY2002,44470,partnership
Wisconsin,FY2003,47333,partnership
Wisconsin,FY2004,50070,partnership
Wisconsin,FY2005,52921,partnership
Wisconsin,FY2006,54505,partnership
Wisconsin,FY2007,57969,partnership
Wisconsin,FY2008,60332,partnership
Wisconsin,FY2009,61933,partnership
Wisconsin,FY2010,60693,partnership
Wisconsin,FY2011,60940,partnership
Wisconsin,FY2012,60977,partnership
Wisconsin,FY2013,60675,partnership
Wisconsin,FY2014,61501,partnership
Wisconsin,FY2015,62031,partnership
Wisconsin,FY2016,62716,partnership
Wisconsin,FY2017,62956,partnership
Wisconsin,FY2018,63336,partnership
Wisconsin,FY2019,60604,partnership
Wisconsin,FY2020,64794,partnership
Wisconsin,FY2021,65824,partnership
Wisconsin,FY2022,64000,partnership
Wisconsin,FY2023,68081,partnership
Wisconsin,FY2024,67042,partnership
Wisconsin,FY2025,67463,partnership
Wisconsin,FY2004,48572,s_corporation
Wisconsin,FY2005,50574,s_corporation
Wisconsin,FY2006,52966,s_corporation
Wisconsin,FY2007,56368,s_corporation
Wisconsin,FY2008,59313,s_corporation
Wisconsin,FY2009,59270,s_corporation
Wisconsin,FY2010,59329,s_corporation
Wisconsin,FY2011,60047,s_corporation
Wisconsin,FY2012,59935,s_corporation
Wisconsin,FY2013,59415,s_corporation
Wisconsin,FY2014,59855,s_corporation
Wisconsin,FY2015,60606,s_corporation
Wisconsin,FY2016,62038,s_corporation
Wisconsin,FY2017,62914,s_corporation
Wisconsin,FY2018,64310,s_corporation
Wisconsin,FY2019,65166,s_corporation
Wisconsin,FY2020,64784,s_corporation
Wisconsin,FY2021,67166,s_corporation
Wisconsin,FY2022,67416,s_corporation
Wisconsin,FY2023,74044,s_corporation
Wisconsin,FY2024,73433,s_corporation
Wisconsin,FY2025,74530,s_corporation
Wisconsin,FY2000,205654.68365627257,supplemental
Wisconsin,FY2001,224528.3771674456,supplemental
Wisconsin,FY2002,246773.4457239661,supplemental
Wisconsin,FY2003,243924.8663168749,supplemental
Wisconsin,FY2004,237438.7241866391,supplemental
Wisconsin,FY2005,243707,supplemental
Wisconsin,FY2006,236484,supplemental
Wisconsin,FY2007,253639,supplemental
Wisconsin,FY2008,263756,supplemental
Wisconsin,FY2009,282296,supplemental
Wisconsin,FY2010,234679,supplemental
Wisconsin,FY2011,266830.1883515936,supplemental
Wisconsin,FY2012,278735,supplemental
Wisconsin,FY2013,283380,supplemental
Wisconsin,FY2014,253392,supplemental
Wisconsin,FY2015,272003,supplemental
Wisconsin,FY2016,267098,supplemental
Wisconsin,FY2017,302964,supplemental
Wisconsin,FY2018,315423,supplemental
Wisconsin,FY2019,341728,supplemental
Wisconsin,FY2020,237928,supplemental
Wisconsin,FY2021,329117,supplemental
Wisconsin,FY2022,536096,supplemental
Wisconsin,FY2023,546893,supplemental
Wisconsin,FY2024,520692.7140421807,supplemental
Wisconsin,FY2025,544465.2437949098,supplemental
Wisconsin,FY2000,15180,tax_exempt
Wisconsin,FY2001,16953,tax_exempt
Wisconsin,FY2002,17545,tax_exempt
Wisconsin,FY2003,18609,tax_exempt
Wisconsin,FY2004,18598,tax_exempt
Wisconsin,FY2005,18587,tax_exempt
Wisconsin,FY2006,19548,tax_exempt
Wisconsin,FY2007,20738,tax_exempt
Wisconsin,FY2008,20521,tax_exempt
Wisconsin,FY2009,26931,tax_exempt
Wisconsin,FY2010,32068,tax_exempt
Wisconsin,FY2011,32147,tax_exempt
Wisconsin,FY2012,32256,tax_exempt
Wisconsin,FY2013,31261,tax_exempt
Wisconsin,FY2014,29897,tax_exempt
Wisconsin,FY2015,34263,tax_exempt
Wisconsin,FY2016,32753,tax_exempt
Wisconsin,FY2017,34375,tax_exempt
Wisconsin,FY2018,35980,tax_exempt
Wisconsin,FY2019,34580,tax_exempt
Wisconsin,FY2020,29649,tax_exempt
Wisconsin,FY2021,36352,tax_exempt
Wisconsin,FY2022,36672,tax_exempt
Wisconsin,FY2023,37256,tax_exempt
Wisconsin,FY2024,37741,tax_exempt
Wisconsin,FY2025,37391,tax_exempt
Wisconsin,FY2000,4522114.6836562725,total
Wisconsin,FY2001,4522844.377167446,total
Wisconsin,FY2002,4480991.445723966,total
Wisconsin,FY2003,4376768.604919717,total
Wisconsin,FY2004,4364704.368642156,total
Wisconsin,FY2005,4395425.381330176,total
Wisconsin,FY2006,4424146,total
Wisconsin,FY2007,4523790,total
Wisconsin,FY2008,4738514,total
Wisconsin,FY2009,4520831,total
Wisconsin,FY2010,4301242,total
Wisconsin,FY2011,4336070.188351594,total
Wisconsin,FY2012,4373339,total
Wisconsin,FY2013,4433996,total
Wisconsin,FY2014,4395017.255297996,total
Wisconsin,FY2015,4457166,total
Wisconsin,FY2016,4461990,total
Wisconsin,FY2017,4476209,total
Wisconsin,FY2018,4524302,total
Wisconsin,FY2019,4553446,total
Wisconsin,FY2020,4140709,total
Wisconsin,FY2021,4601151,total
Wisconsin,FY2022,4743594,total
Wisconsin,FY2023,4924736,total
Wisconsin,FY2024,4780786.714042181,total
Wisconsin,FY2025,4861956,total
Wyoming,FY2004,5074,c_corporation
Wyoming,FY2005,4860,c_corporation
Wyoming,FY2006,4947,c_corporation
Wyoming,FY2007,5052,c_corporation
Wyoming,FY2008,5314,c_corporation
Wyoming,FY2009,5198,c_corporation
Wyoming,FY2010,5119,c_corporation
Wyoming,FY2011,4974,c_corporation
Wyoming,FY2012,5079,c_corporation
Wyoming,FY2013,5060,c_corporation
Wyoming,FY2014,5274,c_corporation
Wyoming,FY2015,5342,c_corporation
Wyoming,FY2016,5467,c_corporation
Wyoming,FY2017,5534,c_corporation
Wyoming,FY2018,6444,c_corporation
Wyoming,FY2019,7013,c_corporation
Wyoming,FY2020,6492,c_corporation
Wyoming,FY2021,7801,c_corporation
Wyoming,FY2022,10022,c_corporation
Wyoming,FY2023,10780,c_corporation
Wyoming,FY2024,11204,c_corporation
Wyoming,FY2025,13434,c_corporation
Wyoming,FY2000,12257,corporation_total
Wyoming,FY2001,12541,corporation_total
Wyoming,FY2002,13976,corporation_total
Wyoming,FY2003,14438,corporation_total
Wyoming,FY2000,1531,employee_plan
Wyoming,FY2001,1276,employee_plan
Wyoming,FY2000,77408,employment
Wyoming,FY2001,78077,employment
Wyoming,FY2002,80189,employment
Wyoming,FY2003,82840.81443645482,employment
Wyoming,FY2004,84601.25223169383,employment
Wyoming,FY2005,84227,employment
Wyoming,FY2006,85289,employment
Wyoming,FY2007,85685,employment
Wyoming,FY2008,86144,employment
Wyoming,FY2009,86979,employment
Wyoming,FY2010,85430,employment
Wyoming,FY2011,84245,employment
Wyoming,FY2012,85817,employment
Wyoming,FY2013,86666,employment
Wyoming,FY2014,86442,employment
Wyoming,FY2015,86759,employment
Wyoming,FY2016,87047,employment
Wyoming,FY2017,86458,employment
Wyoming,FY2018,87223,employment
Wyoming,FY2019,89223,employment
Wyoming,FY2020,77120,employment
Wyoming,FY2021,95884,employment
Wyoming,FY2022,91126,employment
Wyoming,FY2023,107226,employment
Wyoming,FY2024,100921,employment
Wyoming,FY2025,106779,employment
Wyoming,FY2000,212,estate_tax
Wyoming,FY2001,222,estate_tax
Wyoming,FY2002,219,estate_tax
Wyoming,FY2003,163,estate_tax
Wyoming,FY2004,119,estate_tax
Wyoming,FY2005,119,estate_tax
Wyoming,FY2006,111,estate_tax
Wyoming,FY2007,93,estate_tax
Wyoming,FY2008,92,estate_tax
Wyoming,FY2009,102,estate_tax
Wyoming,FY2010,65,estate_tax
Wyoming,FY2011,30,estate_tax
Wyoming,FY2012,60,estate_tax
Wyoming,FY2013,62,estate_tax
Wyoming,FY2014,51,estate_tax
Wyoming,FY2015,80,estate_tax
Wyoming,FY2016,74,estate_tax
Wyoming,FY2017,62,estate_tax
Wyoming,FY2018,75,estate_tax
Wyoming,FY2019,56,estate_tax
Wyoming,FY2020,36,estate_tax
Wyoming,FY2021,59,estate_tax
Wyoming,FY2022,51,estate_tax
Wyoming,FY2023,112,estate_tax
Wyoming,FY2024,69,estate_tax
Wyoming,FY2025,70,estate_tax
Wyoming,FY2000,4556,estate_trust
Wyoming,FY2001,4627,estate_trust
Wyoming,FY2002,4912,estate_trust
Wyoming,FY2003,5033,estate_trust
Wyoming,FY2004,5288,estate_trust
Wyoming,FY2005,5603,estate_trust
Wyoming,FY2006,5796,estate_trust
Wyoming,FY2007,5998,estate_trust
Wyoming,FY2008,6198,estate_trust
Wyoming,FY2009,6824,estate_trust
Wyoming,FY2010,6634,estate_trust
Wyoming,FY2011,6987,estate_trust
Wyoming,FY2012,6794,estate_trust
Wyoming,FY2013,7160,estate_trust
Wyoming,FY2014,7035,estate_trust
Wyoming,FY2015,7917,estate_trust
Wyoming,FY2016,7947,estate_trust
Wyoming,FY2017,7106,estate_trust
Wyoming,FY2018,7856,estate_trust
Wyoming,FY2019,8463,estate_trust
Wyoming,FY2020,7365,estate_trust
Wyoming,FY2021,9689,estate_trust
Wyoming,FY2022,9579,estate_trust
Wyoming,FY2023,10776,estate_trust
Wyoming,FY2024,9828,estate_trust
Wyoming,FY2025,10373,estate_trust
Wyoming,FY2000,2385,estate_trust_estimated
Wyoming,FY2001,2352,estate_trust_estimated
Wyoming,FY2002,2011,estate_trust_estimated
Wyoming,FY2003,1715,estate_trust_estimated
Wyoming,FY2004,2636,estate_trust_estimated
Wyoming,FY2005,1319.5193333197674,estate_trust_estimated
Wyoming,FY2006,2755,estate_trust_estimated
Wyoming,FY2007,2720,estate_trust_estimated
Wyoming,FY2008,3152,estate_trust_estimated
Wyoming,FY2009,1730,estate_trust_estimated
Wyoming,FY2010,1030,estate_trust_estimated
Wyoming,FY2011,1429,estate_trust_estimated
Wyoming,FY2012,1235,estate_trust_estimated
Wyoming,FY2013,2003,estate_trust_estimated
Wyoming,FY2014,2143.829051331694,estate_trust_estimated
Wyoming,FY2015,2515.2788736837415,estate_trust_estimated
Wyoming,FY2016,2174,estate_trust_estimated
Wyoming,FY2017,2021,estate_trust_estimated
Wyoming,FY2018,2560,estate_trust_estimated
Wyoming,FY2019,2715,estate_trust_estimated
Wyoming,FY2020,2402,estate_trust_estimated
Wyoming,FY2021,2863,estate_trust_estimated
Wyoming,FY2022,3457,estate_trust_estimated
Wyoming,FY2023,2553,estate_trust_estimated
Wyoming,FY2024,2708,estate_trust_estimated
Wyoming,FY2025,3360,estate_trust_estimated
Wyoming,FY2000,3163,excise
Wyoming,FY2001,2755,excise
Wyoming,FY2002,3075,excise
Wyoming,FY2003,2909,excise
Wyoming,FY2004,2279,excise
Wyoming,FY2005,3896,excise
Wyoming,FY2006,3452,excise
Wyoming,FY2007,3446,excise
Wyoming,FY2008,3373,excise
Wyoming,FY2009,3083,excise
Wyoming,FY2010,3089,excise
Wyoming,FY2011,2314,excise
Wyoming,FY2012,5578,excise
Wyoming,FY2013,3784,excise
Wyoming,FY2014,4081,excise
Wyoming,FY2015,4042,excise
Wyoming,FY2016,3952,excise
Wyoming,FY2017,3925,excise
Wyoming,FY2018,3967,excise
Wyoming,FY2019,4312,excise
Wyoming,FY2020,3338,excise
Wyoming,FY2021,4671,excise
Wyoming,FY2022,4162,excise
Wyoming,FY2023,4464,excise
Wyoming,FY2024,4275,excise
Wyoming,FY2025,4047,excise
Wyoming,FY2000,928,gift_tax
Wyoming,FY2001,893,gift_tax
Wyoming,FY2002,792,gift_tax
Wyoming,FY2003,874,gift_tax
Wyoming,FY2004,780,gift_tax
Wyoming,FY2005,815,gift_tax
Wyoming,FY2006,775,gift_tax
Wyoming,FY2007,870,gift_tax
Wyoming,FY2008,956,gift_tax
Wyoming,FY2009,920,gift_tax
Wyoming,FY2010,859,gift_tax
Wyoming,FY2011,732,gift_tax
Wyoming,FY2012,887,gift_tax
Wyoming,FY2013,1095,gift_tax
Wyoming,FY2014,1180,gift_tax
Wyoming,FY2015,764,gift_tax
Wyoming,FY2016,842,gift_tax
Wyoming,FY2017,830,gift_tax
Wyoming,FY2018,829,gift_tax
Wyoming,FY2019,866,gift_tax
Wyoming,FY2020,489,gift_tax
Wyoming,FY2021,1045,gift_tax
Wyoming,FY2022,933,gift_tax
Wyoming,FY2023,1658,gift_tax
Wyoming,FY2024,1076,gift_tax
Wyoming,FY2025,1039,gift_tax
Wyoming,FY2000,81782,individual_estimated
Wyoming,FY2001,76761,individual_estimated
Wyoming,FY2002,80859,individual_estimated
Wyoming,FY2003,66843,individual_estimated
Wyoming,FY2004,66737.40322580645,individual_estimated
Wyoming,FY2005,64277,individual_estimated
Wyoming,FY2006,71381,individual_estimated
Wyoming,FY2007,70495,individual_estimated
Wyoming,FY2008,74126,individual_estimated
Wyoming,FY2009,69618,individual_estimated
Wyoming,FY2010,55924,individual_estimated
Wyoming,FY2011,56554,individual_estimated
Wyoming,FY2012,53477,individual_estimated
Wyoming,FY2013,61056,individual_estimated
Wyoming,FY2014,57507,individual_estimated
Wyoming,FY2015,58702,individual_estimated
Wyoming,FY2016,53702,individual_estimated
Wyoming,FY2017,50684,individual_estimated
Wyoming,FY2018,51734,individual_estimated
Wyoming,FY2019,51346,individual_estimated
Wyoming,FY2020,31809,individual_estimated
Wyoming,FY2021,3680,individual_estimated
Wyoming,FY2022,1523,individual_estimated
Wyoming,FY2023,1846,individual_estimated
Wyoming,FY2024,2355,individual_estimated
Wyoming,FY2025,10574,individual_estimated
Wyoming,FY2000,231888,individual_income
Wyoming,FY2001,234705,individual_income
Wyoming,FY2002,238426,individual_income
Wyoming,FY2003,238949,individual_income
Wyoming,FY2004,240892,individual_income
Wyoming,FY2005,243243,individual_income
Wyoming,FY2006,245733,individual_income
Wyoming,FY2007,256835,individual_income
Wyoming,FY2008,284305,individual_income
Wyoming,FY2009,274279,individual_income
Wyoming,FY2010,269339,individual_income
Wyoming,FY2011,275564,individual_income
Wyoming,FY2012,291332,individual_income
Wyoming,FY2013,305473,individual_income
Wyoming,FY2014,288969,individual_income
Wyoming,FY2015,281111,individual_income
Wyoming,FY2016,278904,individual_income
Wyoming,FY2017,270206,individual_income
Wyoming,FY2018,271200,individual_income
Wyoming,FY2019,273001,individual_income
Wyoming,FY2020,276145,individual_income
Wyoming,FY2021,292529,individual_income
Wyoming,FY2022,282064,individual_income
Wyoming,FY2023,285370,individual_income
Wyoming,FY2024,281706,individual_income
Wyoming,FY2025,285312,individual_income
Wyoming,FY2000,7036,partnership
Wyoming,FY2001,7632,partnership
Wyoming,FY2002,7719,partnership
Wyoming,FY2003,8218,partnership
Wyoming,FY2004,8613,partnership
Wyoming,FY2005,9001,partnership
Wyoming,FY2006,9236,partnership
Wyoming,FY2007,10347,partnership
Wyoming,FY2008,11653,partnership
Wyoming,FY2009,12932,partnership
Wyoming,FY2010,12892,partnership
Wyoming,FY2011,13003,partnership
Wyoming,FY2012,13224,partnership
Wyoming,FY2013,13478,partnership
Wyoming,FY2014,14235,partnership
Wyoming,FY2015,14490,partnership
Wyoming,FY2016,15015,partnership
Wyoming,FY2017,15414,partnership
Wyoming,FY2018,16316,partnership
Wyoming,FY2019,15983,partnership
Wyoming,FY2020,18144,partnership
Wyoming,FY2021,21123,partnership
Wyoming,FY2022,21959,partnership
Wyoming,FY2023,27895,partnership
Wyoming,FY2024,29792,partnership
Wyoming,FY2025,34987,partnership
Wyoming,FY2004,8743,s_corporation
Wyoming,FY2005,9031,s_corporation
Wyoming,FY2006,9484,s_corporation
Wyoming,FY2007,10249,s_corporation
Wyoming,FY2008,11806,s_corporation
Wyoming,FY2009,12328,s_corporation
Wyoming,FY2010,12445,s_corporation
Wyoming,FY2011,12585,s_corporation
Wyoming,FY2012,12744,s_corporation
Wyoming,FY2013,12585,s_corporation
Wyoming,FY2014,12900,s_corporation
Wyoming,FY2015,13161,s_corporation
Wyoming,FY2016,13364,s_corporation
Wyoming,FY2017,13597,s_corporation
Wyoming,FY2018,14131,s_corporation
Wyoming,FY2019,14737,s_corporation
Wyoming,FY2020,14390,s_corporation
Wyoming,FY2021,15284,s_corporation
Wyoming,FY2022,16774,s_corporation
Wyoming,FY2023,17848,s_corporation
Wyoming,FY2024,18714,s_corporation
Wyoming,FY2025,19956,s_corporation
Wyoming,FY2000,30097,supplemental
Wyoming,FY2001,33017,supplemental
Wyoming,FY2002,37402,supplemental
Wyoming,FY2003,38614.44877537424,supplemental
Wyoming,FY2004,37815.939464160416,supplemental
Wyoming,FY2005,38371,supplemental
Wyoming,FY2006,35556,supplemental
Wyoming,FY2007,42054,supplemental
Wyoming,FY2008,44758,supplemental
Wyoming,FY2009,50244,supplemental
Wyoming,FY2010,45833,supplemental
Wyoming,FY2011,50338.57843097369,supplemental
Wyoming,FY2012,50625,supplemental
Wyoming,FY2013,55023,supplemental
Wyoming,FY2014,51784,supplemental
Wyoming,FY2015,54857,supplemental
Wyoming,FY2016,54567,supplemental
Wyoming,FY2017,58845,supplemental
Wyoming,FY2018,61844,supplemental
Wyoming,FY2019,67738,supplemental
Wyoming,FY2020,53517,supplemental
Wyoming,FY2021,71066,supplemental
Wyoming,FY2022,99208,supplemental
Wyoming,FY2023,107459,supplemental
Wyoming,FY2024,111111.5700479554,supplemental
Wyoming,FY2025,118956.08413902616,supplemental
Wyoming,FY2000,1824,tax_exempt
Wyoming,FY2001,1932,tax_exempt
Wyoming,FY2002,1960,tax_exempt
Wyoming,FY2003,2052,tax_exempt
Wyoming,FY2004,2115,tax_exempt
Wyoming,FY2005,2119,tax_exempt
Wyoming,FY2006,2241,tax_exempt
Wyoming,FY2007,2375,tax_exempt
Wyoming,FY2008,2411,tax_exempt
Wyoming,FY2009,3108,tax_exempt
Wyoming,FY2010,3910,tax_exempt
Wyoming,FY2011,4034,tax_exempt
Wyoming,FY2012,3941,tax_exempt
Wyoming,FY2013,4181,tax_exempt
Wyoming,FY2014,4179,tax_exempt
Wyoming,FY2015,4555,tax_exempt
Wyoming,FY2016,4318,tax_exempt
Wyoming,FY2017,4388,tax_exempt
Wyoming,FY2018,4527,tax_exempt
Wyoming,FY2019,4482,tax_exempt
Wyoming,FY2020,4138,tax_exempt
Wyoming,FY2021,4654,tax_exempt
Wyoming,FY2022,4806,tax_exempt
Wyoming,FY2023,4916,tax_exempt
Wyoming,FY2024,5098,tax_exempt
Wyoming,FY2025,5271,tax_exempt
Wyoming,FY2000,455067,total
Wyoming,FY2001,456790,total
Wyoming,FY2002,471540,total
Wyoming,FY2003,462649.263211829,total
Wyoming,FY2004,465693.59492166067,total
Wyoming,FY2005,466881.51933331974,total
Wyoming,FY2006,476756,total
Wyoming,FY2007,496219,total
Wyoming,FY2008,534288,total
Wyoming,FY2009,527345,total
Wyoming,FY2010,502569,total
Wyoming,FY2011,512789.5784309737,total
Wyoming,FY2012,530793,total
Wyoming,FY2013,557626,total
Wyoming,FY2014,535780.8290513316,total
Wyoming,FY2015,534295,total
Wyoming,FY2016,527373,total
Wyoming,FY2017,519070,total
Wyoming,FY2018,528706,total
Wyoming,FY2019,539935,total
Wyoming,FY2020,495385,total
Wyoming,FY2021,530348,total
Wyoming,FY2022,545664,total
Wyoming,FY2023,582903,total
Wyoming,FY2024,578857.5700479554,total
Wyoming,FY2025,614158,total
